Date,Open,High,Low,Close,Volume
2021-01-04 00:00:00+05:30,2390.0599725225893,2400.833480336204,2370.440055255785,2381.3125,527018
2021-01-05 00:00:00+05:30,2377.112061371143,2486.676761638437,2358.134749309438,2480.350830078125,1720467
2021-01-06 00:00:00+05:30,2492.755418143343,2509.410125609188,2452.230845524835,2473.135498046875,1108589
2021-01-07 00:00:00+05:30,2473.135494060346,2534.2683908869867,2471.010521535674,2479.46142578125,1014690
2021-01-08 00:00:00+05:30,2504.5170755159934,2549.094197360088,2486.528168992355,2523.889892578125,862326
2021-01-11 00:00:00+05:30,2535.00916552735,2561.7950105201485,2495.225904424913,2520.973876953125,422296
2021-01-12 00:00:00+05:30,2529.3259270797125,2555.0244320051024,2479.1149538097275,2488.06005859375,500012
2021-01-13 00:00:00+05:30,2498.685833688748,2508.322774700799,2409.4823540643774,2450.45166015625,662618
2021-01-14 00:00:00+05:30,2453.1205163118757,2499.575518045741,2446.300623219484,2482.87158203125,603193
2021-01-15 00:00:00+05:30,2490.778889886541,2583.3923265382496,2480.993783628703,2562.2900390625,1941813
2021-01-18 00:00:00+05:30,2569.356711418062,2600.343279533737,2517.5149595207713,2578.99365234375,1572820
2021-01-19 00:00:00+05:30,2588.1363294908215,2628.1666985358393,2550.0827687937062,2614.8232421875,1202289
2021-01-20 00:00:00+05:30,2614.5759351188867,2651.74002565481,2612.5991269267543,2644.771728515625,1064146
2021-01-21 00:00:00+05:30,2643.9813772003517,2653.8654197319415,2544.5478128087025,2555.074462890625,994932
2021-01-22 00:00:00+05:30,2560.016318385271,2621.247909641558,2537.3324905060654,2567.775146484375,1194708
2021-01-25 00:00:00+05:30,2580.5749800279864,2676.5983432710536,2580.5749800279864,2655.742919921875,1764152
2021-01-27 00:00:00+05:30,2666.7144367631254,2717.765415353742,2557.2486755060772,2570.24609375,1665899
2021-01-28 00:00:00+05:30,2563.920868233509,2668.1975265213405,2550.626878069171,2591.991455078125,1410605
2021-01-29 00:00:00+05:30,2592.188738029605,2645.463623499649,2521.4189066122194,2531.550048828125,921579
2021-02-01 00:00:00+05:30,2559.966558188239,2645.512979273011,2498.7844423754523,2632.6142578125,879244
2021-02-02 00:00:00+05:30,2648.4292650537973,2713.1697453154225,2646.9466586355925,2673.78173828125,607131
2021-02-03 00:00:00+05:30,2683.418574334253,2775.5872697033346,2672.6450646433814,2689.1513671875,1286454
2021-02-04 00:00:00+05:30,2698.343350757246,2716.035688657781,2654.853567814638,2699.97412109375,455213
2021-02-05 00:00:00+05:30,2708.2274193108397,2750.728798519003,2656.4843646114764,2706.84375,941316
2021-02-08 00:00:00+05:30,2709.215921357791,2747.763685288092,2693.4014541043343,2698.590576171875,564043
2021-02-09 00:00:00+05:30,2714.6520636416385,2803.707376234703,2706.3495651046464,2756.955810546875,1052950
2021-02-10 00:00:00+05:30,2781.221209280767,2795.2070319585523,2713.811850893763,2724.5361328125,745906
2021-02-11 00:00:00+05:30,2727.995547456013,2747.2694290413,2698.3434219401865,2724.5361328125,581642
2021-02-12 00:00:00+05:30,2735.9025434653095,2757.6474336229094,2694.4885082799,2716.2333984375,693562
2021-02-15 00:00:00+05:30,2744.7981857135564,3090.739620715265,2728.440049596557,3054.81103515625,4446974
2021-02-16 00:00:00+05:30,3053.1805937798817,3215.8225542161276,3011.6676171082227,3165.611572265625,4381584
2021-02-17 00:00:00+05:30,3140.160105912505,3245.9193540499423,3140.160105912505,3197.487548828125,2081001
2021-02-18 00:00:00+05:30,3188.0978562853943,3200.255276623683,3058.1226995340285,3070.724853515625,1477343
2021-02-19 00:00:00+05:30,3054.2679411724994,3073.195785241195,2862.4185877811374,2886.0908203125,2037556
2021-02-22 00:00:00+05:30,2884.607963418128,2933.484499020101,2833.6556826347987,2895.579345703125,1246303
2021-02-23 00:00:00+05:30,2911.047960094786,3017.1037775053833,2903.4372961251643,2962.000244140625,1465930
2021-02-24 00:00:00+05:30,2980.0385056213827,3083.820941140535,2965.261911873672,3024.170654296875,1088420
2021-02-25 00:00:00+05:30,3065.0414219679565,3103.5397172679973,3022.4411044551316,3055.50341796875,819639
2021-02-26 00:00:00+05:30,3034.4011021509023,3137.145677526951,2985.6232550110394,3023.1826171875,2103433
2021-03-01 00:00:00+05:30,3003.8097162911986,3062.076093369539,2972.674985193348,3045.42138671875,678218
2021-03-02 00:00:00+05:30,3069.4893973633953,3115.450194973248,3031.8310989269535,3051.50048828125,944553
2021-03-03 00:00:00+05:30,3078.977891826185,3083.3267736013786,3014.0395455406037,3021.551513671875,536623
2021-03-04 00:00:00+05:30,3022.5399928830775,3045.56985861857,2982.0154213630626,3006.824462890625,687383
2021-03-05 00:00:00+05:30,2965.2123137426206,2982.7564865989307,2836.719780147107,2846.109619140625,1486110
2021-03-08 00:00:00+05:30,2867.3603805411767,2901.806360988444,2813.739456499688,2833.359375,952087
2021-03-09 00:00:00+05:30,2837.2143424089704,2893.0097129343594,2793.9221888700854,2852.633544921875,883183
2021-03-10 00:00:00+05:30,2876.255803814549,2891.0323961942227,2847.3449851679593,2870.42431640625,432551
2021-03-12 00:00:00+05:30,2897.11138393526,2995.8528580205448,2893.5530326146963,2941.836669921875,1512021
2021-03-15 00:00:00+05:30,2963.2357201040177,2989.9226328601244,2881.1981734833926,2961.85205078125,918701
2021-03-16 00:00:00+05:30,2967.189241813176,3044.2847650848043,2956.1191636566073,3037.613037109375,1081398
2021-03-17 00:00:00+05:30,3044.2846086492605,3046.557986326729,2935.5601583403586,2962.642333984375,740599
2021-03-18 00:00:00+05:30,2990.911006049674,3029.4587685202414,2888.1169727948272,2924.391357421875,789785
2021-03-19 00:00:00+05:30,2919.745498257006,2948.261050984193,2853.7695293982874,2900.570556640625,2288304
2021-03-22 00:00:00+05:30,2879.2211376477085,2910.108765712072,2841.6617819214425,2871.412841796875,488626
2021-03-23 00:00:00+05:30,2884.0645204137745,2933.3860348096036,2863.2588050387903,2912.580078125,630061
2021-03-24 00:00:00+05:30,2923.551332048795,2942.331011030141,2870.3751401449567,2885.744873046875,627981
2021-03-25 00:00:00+05:30,2893.058840812862,2958.2935123173543,2755.176466951094,2776.773193359375,1001626
2021-03-26 00:00:00+05:30,2807.0677997284893,2871.3140697926974,2786.3113124769757,2818.632080078125,918204
2021-03-30 00:00:00+05:30,2868.8435448857063,2936.450303993262,2841.662426028047,2891.67578125,1420415
2021-03-31 00:00:00+05:30,2867.3601966111582,2893.9976379385794,2848.6299878148952,2868.990966796875,665173
2021-04-01 00:00:00+05:30,2852.880546892241,2880.160357908839,2810.428393637599,2860.4912109375,842489
2021-04-05 00:00:00+05:30,2888.1170065373994,2980.0385950411564,2852.534456148848,2885.64599609375,1241115
2021-04-06 00:00:00+05:30,2904.920154712269,2980.038879366278,2893.2569360435346,2948.95361328125,1015604
2021-04-07 00:00:00+05:30,2964.224039883394,3078.878921052609,2963.976938846392,3061.87841796875,1240450
2021-04-08 00:00:00+05:30,3098.4493580195035,3107.7402604467015,3053.5756651085026,3078.483642578125,800699
2021-04-09 00:00:00+05:30,3111.0021789209472,3127.459012112441,3069.8844682134277,3095.830078125,934037
2021-04-12 00:00:00+05:30,3082.8326486806045,3082.8326486806045,2944.505531446263,2969.907470703125,961549
2021-04-13 00:00:00+05:30,2997.187792139406,3026.3949453430987,2916.781008050354,2946.18603515625,544916
2021-04-15 00:00:00+05:30,3001.783670283009,3003.7110102848474,2868.6456677095307,2958.7880859375,692875
2021-04-16 00:00:00+05:30,2964.9653722893295,3037.3659768464404,2959.2820483821156,3025.505126953125,622872
2021-04-19 00:00:00+05:30,3002.7717525561156,3205.5427636810196,2970.7967823669715,3120.787109375,3552506
2021-04-20 00:00:00+05:30,3172.77714384021,3270.629149210983,3144.854728166227,3231.7353515625,2575420
2021-04-22 00:00:00+05:30,3231.0932032812584,3295.4384107055644,3179.943287934117,3191.507568359375,1307224
2021-04-23 00:00:00+05:30,3220.2205969831557,3260.7451655762525,3134.229439236828,3162.942626953125,1030125
2021-04-26 00:00:00+05:30,3192.891462755479,3215.2787203713256,3115.4499005872785,3137.837158203125,557667
2021-04-27 00:00:00+05:30,3162.8932880437005,3167.835308806269,3121.1826810695457,3154.047119140625,505348
2021-04-28 00:00:00+05:30,3172.7769547122857,3211.3247121059867,3145.6947806569533,3162.151611328125,575824
2021-04-29 00:00:00+05:30,3162.151913774163,3222.197464688215,3162.151913774163,3201.342041015625,589707
2021-04-30 00:00:00+05:30,3218.244007769742,3271.617833451427,3145.892870107603,3160.42236328125,906562
2021-05-03 00:00:00+05:30,3171.5911290034123,3184.4403823222974,3103.5888785615457,3167.143310546875,728281
2021-05-04 00:00:00+05:30,3195.658920950674,3205.6418998265594,3129.6829410498267,3144.36083984375,581864
2021-05-05 00:00:00+05:30,3162.6957456028417,3318.0728345438665,3139.319841943983,3294.252197265625,1679977
2021-05-06 00:00:00+05:30,3318.9127867856228,3346.637328601579,3262.425347972897,3308.336669921875,1124908
2021-05-07 00:00:00+05:30,3308.3368857525584,3357.6089296245873,3263.710534477594,3272.4580078125,774478
2021-05-10 00:00:00+05:30,3276.559867414678,3303.839919395732,3223.7791805539255,3285.158935546875,627199
2021-05-11 00:00:00+05:30,3276.5596144253527,3276.5596144253527,3207.618427967987,3220.418212890625,670759
2021-05-12 00:00:00+05:30,3236.924844685363,3236.924844685363,3148.6605419469342,3159.68115234375,703372
2021-05-14 00:00:00+05:30,3162.893142819256,3174.506891078045,3059.4567495318333,3104.52783203125,842794
2021-05-17 00:00:00+05:30,3110.508327198226,3152.9602435543984,3078.9783266017707,3115.79638671875,847722
2021-05-18 00:00:00+05:30,3137.194649419156,3151.477040566218,3103.5889096333176,3126.81640625,639445
2021-05-19 00:00:00+05:30,3143.322774725503,3198.574710532269,3125.0372982695358,3192.248779296875,711069
2021-05-20 00:00:00+05:30,3208.2611013153983,3234.7998506510958,3176.731103809525,3182.612060546875,752076
2021-05-21 00:00:00+05:30,3208.7549134349815,3221.6041664935897,3187.603162616186,3210.08935546875,471439
2021-05-24 00:00:00+05:30,3210.33647789184,3246.9074291486127,3202.5774092770394,3223.28466796875,611909
2021-05-25 00:00:00+05:30,3228.3751787190463,3229.116481859969,3133.883641832233,3162.54736328125,622276
2021-05-26 00:00:00+05:30,3167.8351005588484,3182.661161871916,3141.247127127917,3146.683349609375,260821
2021-05-27 00:00:00+05:30,3149.5497336356334,3186.219623072664,3117.03133455721,3161.90478515625,1084157
2021-05-28 00:00:00+05:30,3161.904981713582,3169.8122151783236,3103.589134911112,3112.830810546875,555829
2021-05-31 00:00:00+05:30,3108.5310169347877,3149.352156134517,3088.7629341561883,3132.005615234375,635444
2021-06-01 00:00:00+05:30,3153.009597202639,3211.325448686951,3124.197709476193,3202.232177734375,706976
2021-06-02 00:00:00+05:30,3206.679844939685,3262.7223157023973,3182.6615742386307,3235.64013671875,843219
2021-06-03 00:00:00+05:30,3233.0703776270784,3395.1686784313706,3229.166229009878,3385.927001953125,1098294
2021-06-04 00:00:00+05:30,3385.630160992886,3388.8917015527927,3335.8639168502577,3340.9541015625,380548
2021-06-07 00:00:00+05:30,3340.9543119732757,3340.9543119732757,3269.641046494528,3276.8564453125,526855
2021-06-08 00:00:00+05:30,3260.745460729945,3274.088917450119,3217.848814908937,3251.30615234375,766456
2021-06-09 00:00:00+05:30,3251.8496560732815,3292.967365269662,3213.3018941927776,3267.565185546875,587528
2021-06-10 00:00:00+05:30,3283.9234285936823,3306.2119911757886,3258.8180588766118,3287.1357421875,749909
2021-06-11 00:00:00+05:30,3303.592900088387,3307.2004789225984,3263.414124260115,3297.860107421875,277612
2021-06-14 00:00:00+05:30,3306.2119091393433,3321.0379715121658,3246.907659648055,3311.3515625,317756
2021-06-15 00:00:00+05:30,3316.096182359565,3318.02352234074,3256.7919287257128,3260.0537109375,461588
2021-06-16 00:00:00+05:30,3271.6175654372405,3286.4436269120315,3239.9886342910195,3256.000732421875,419575
2021-06-17 00:00:00+05:30,3219.2321918457365,3244.8812302827414,3187.800892831378,3203.0224609375,356502
2021-06-18 00:00:00+05:30,3197.48749930278,3215.2787744148204,3125.877665238741,3184.14404296875,520516
2021-06-21 00:00:00+05:30,3157.951499180266,3214.2905400107124,3144.1138400289287,3200.452880859375,200280
2021-06-22 00:00:00+05:30,3200.4524981928485,3264.6492966751,3192.6442022720535,3220.418212890625,567861
2021-06-23 00:00:00+05:30,3236.9741166673775,3236.9741166673775,3174.754123804305,3207.173828125,504942
2021-06-24 00:00:00+05:30,3192.4463417858856,3243.596254533193,3105.3186159198667,3166.10546875,1754163
2021-06-25 00:00:00+05:30,3215.5255268226706,3424.8200877401223,3184.885000785169,3399.12158203125,3717669
2021-06-28 00:00:00+05:30,3407.86943813894,3449.53057767498,3362.7486426738415,3414.09619140625,1213113
2021-06-29 00:00:00+05:30,3380.3420572628975,3563.147349202958,3380.3420572628975,3549.50732421875,2268589
2021-06-30 00:00:00+05:30,3575.057951537563,3617.4111675591657,3541.056943960527,3577.875,1291906
2021-07-01 00:00:00+05:30,3577.874828109856,3654.0806426332583,3553.3128886698955,3635.795166015625,876022
2021-07-02 00:00:00+05:30,3658.0838343681235,3701.4746809214903,3624.4780925771165,3689.910400390625,573795
2021-07-05 00:00:00+05:30,3716.3996333918126,3719.315377395451,3659.764026886978,3674.985595703125,444545
2021-07-06 00:00:00+05:30,3674.7877612570364,3707.2569347135855,3653.1418064924114,3663.27294921875,344090
2021-07-07 00:00:00+05:30,3671.921509408771,3714.2252563524416,3654.7233732909704,3672.5146484375,466002
2021-07-08 00:00:00+05:30,3657.0953595458564,3676.8634425704286,3614.593981043026,3628.826904296875,459811
2021-07-09 00:00:00+05:30,3630.4083426521197,3700.585035363337,3630.4083426521197,3682.69482421875,469932
2021-07-12 00:00:00+05:30,3701.573727226234,3744.865879427413,3686.846601177139,3703.94580078125,464757
2021-07-13 00:00:00+05:30,3724.306961636989,3726.234301531964,3677.851965034829,3706.812255859375,246112
2021-07-14 00:00:00+05:30,3710.4694822597194,3731.225971105605,3665.892354928753,3711.26025390625,395272
2021-07-15 00:00:00+05:30,3731.0774638575695,3753.9589231713835,3707.0591949971586,3718.722412109375,399845
2021-07-16 00:00:00+05:30,3718.722550354452,3743.086616783794,3699.003693983593,3735.2783203125,226565
2021-07-19 00:00:00+05:30,3735.2784398815893,3874.495027826344,3721.341844021564,3838.71484375,1044561
2021-07-20 00:00:00+05:30,3844.892614779796,3862.683891660525,3773.0356725290007,3837.92431640625,357815
2021-07-22 00:00:00+05:30,3844.891954925416,3957.570022499066,3844.891954925416,3939.0869140625,760359
2021-07-23 00:00:00+05:30,3939.0872133636362,3953.3696054539378,3867.6255431317604,3873.45703125,335985
2021-07-26 00:00:00+05:30,3891.347067055655,4110.574910450174,3884.428238132772,4052.802978515625,1982531
2021-07-27 00:00:00+05:30,4073.114815722615,4141.06760521446,4003.4817873343504,4030.95947265625,859687
2021-07-28 00:00:00+05:30,4052.4573393277196,4052.4573393277196,3939.285055095275,3981.6875,455244
2021-07-29 00:00:00+05:30,3993.15249729186,4007.5338249685296,3946.8951379226996,3991.9169921875,449417
2021-07-30 00:00:00+05:30,3984.2570768108153,4039.0640379533006,3961.0295795880284,3988.210693359375,627367
2021-08-02 00:00:00+05:30,4012.574899929975,4045.488807116167,3988.2603020870024,4001.208251953125,344295
2021-08-03 00:00:00+05:30,4043.166195247044,4176.007619201466,4016.924016265643,4045.24169921875,981680
2021-08-04 00:00:00+05:30,4063.1313834305292,4080.7252659915616,4005.6557815082724,4019.246337890625,305863
2021-08-05 00:00:00+05:30,4037.4333889147297,4064.0216057881285,3989.199217311675,4026.511474609375,270458
2021-08-06 00:00:00+05:30,4042.3757035113954,4129.602136263033,4025.968096625878,4040.64599609375,717143
2021-08-09 00:00:00+05:30,4061.352938367861,4063.329746807076,3943.7328362345497,3957.27392578125,431991
2021-08-10 00:00:00+05:30,3977.338588634289,4039.4104220269874,3953.616887310426,4015.688720703125,364246
2021-08-11 00:00:00+05:30,4017.8631030449437,4035.8025428852443,3869.6024719362745,3979.661376953125,831738
2021-08-12 00:00:00+05:30,3980.3033238235193,4094.9089726440634,3929.2523484140365,4085.173095703125,556973
2021-08-13 00:00:00+05:30,4096.885960447352,4097.676490716937,3991.3735764894836,4016.973388671875,553736
2021-08-16 00:00:00+05:30,4097.923952593422,4323.7743199758615,4077.315627798569,4294.71533203125,3709012
2021-08-17 00:00:00+05:30,4294.616253409683,4916.322495848046,4282.014099846743,4863.44287109375,8069431
2021-08-18 00:00:00+05:30,4796.684033919735,4908.441826874979,4709.7006735825,4735.2666015625,2941548
2021-08-20 00:00:00+05:30,4667.124569995654,4880.453597606554,4645.5644080803895,4694.322265625,2331020
2021-08-23 00:00:00+05:30,4727.454413014547,4786.448595874557,4668.311975657365,4691.1083984375,699991
2021-08-24 00:00:00+05:30,4767.014235429686,4835.206468332247,4698.426496268735,4787.5361328125,1576663
2021-08-25 00:00:00+05:30,4811.519713448336,4826.354820478496,4697.783892883782,4719.19580078125,469002
2021-08-26 00:00:00+05:30,4723.943285674725,4727.454067810678,4595.32261903977,4648.72900390625,800419
2021-08-27 00:00:00+05:30,4665.245433195107,4778.882251067613,4624.9433943434915,4712.7177734375,937887
2021-08-30 00:00:00+05:30,4737.541956103508,4774.926230943375,4669.695973140769,4705.25048828125,632354
2021-08-31 00:00:00+05:30,4713.707658573058,4990.530697594078,4713.707658573058,4914.9208984375,2883159
2021-09-01 00:00:00+05:30,4930.200607094553,5016.046233928254,4890.936830358051,4983.65625,841956
2021-09-02 00:00:00+05:30,4983.656830005394,5065.695175217793,4957.893384101288,4988.05810546875,900686
2021-09-03 00:00:00+05:30,4998.441815700757,5017.529459306783,4912.398199166138,4959.42529296875,567961
2021-09-06 00:00:00+05:30,4973.717190295485,4984.59626945501,4917.34378010522,4940.58544921875,439776
2021-09-07 00:00:00+05:30,4965.211782476929,4967.78329784812,4806.575119956573,4823.4375,479021
2021-09-08 00:00:00+05:30,4846.134917001624,4847.569170499661,4739.421144697723,4758.5087890625,642506
2021-09-09 00:00:00+05:30,4762.761879926331,4767.014417465251,4633.4984534906025,4667.66845703125,838279
2021-09-13 00:00:00+05:30,4682.948376156348,4743.277806134286,4629.888244569946,4693.67919921875,1151299
2021-09-14 00:00:00+05:30,4720.531294282391,4720.531294282391,4645.070239227923,4680.42724609375,528943
2021-09-15 00:00:00+05:30,4697.784507991447,4766.224003883877,4635.031803871848,4739.3720703125,659281
2021-09-16 00:00:00+05:30,4766.025969869673,4836.245485092903,4739.372031137065,4827.09716796875,779552
2021-09-17 00:00:00+05:30,4821.409460275748,4891.13445862435,4810.975628865619,4854.2939453125,814867
2021-09-20 00:00:00+05:30,4810.530976245174,4898.107369828578,4729.135877604519,4824.47607421875,434640
2021-09-21 00:00:00+05:30,4804.5968987613,4864.87707977763,4737.492664759679,4837.82763671875,462221
2021-09-22 00:00:00+05:30,4870.860587134099,4954.926201328291,4816.366192409009,4850.9814453125,562041
2021-09-23 00:00:00+05:30,4877.189484939075,5077.562418691024,4851.079794249994,5028.31005859375,696944
2021-09-24 00:00:00+05:30,5099.419169580962,5140.858466950774,4659.755811059637,4679.783203125,1949974
2021-09-27 00:00:00+05:30,4696.597393336526,4718.553547254265,4415.02732154559,4515.36181640625,1885178
2021-09-28 00:00:00+05:30,4529.653526798711,4579.004895497025,4327.896033465318,4362.560546875,1051440
2021-09-29 00:00:00+05:30,4371.411521914209,4457.554139664069,4351.6313792811125,4374.873046875,571896
2021-09-30 00:00:00+05:30,4396.137199227266,4451.175355768712,4335.461508229996,4432.3349609375,808446
2021-10-01 00:00:00+05:30,4432.335060724825,4470.312843163651,4386.247225537786,4410.37890625,534563
2021-10-04 00:00:00+05:30,4410.873071282311,4514.817823561947,4392.03267747322,4498.251953125,535335
2021-10-05 00:00:00+05:30,4520.7521150158145,4526.537903979398,4419.922633264499,4433.1259765625,425555
2021-10-06 00:00:00+05:30,4445.587821487832,4459.433923712711,4308.115806540822,4330.61572265625,480575
2021-10-07 00:00:00+05:30,4361.521479722815,4418.883893741844,4332.840272713299,4379.6201171875,276775
2021-10-08 00:00:00+05:30,4409.982691813667,4409.982691813667,4317.609524566969,4331.109375,269607
2021-10-11 00:00:00+05:30,4352.7201211064075,4374.330027176744,4312.071824526407,4329.033203125,331320
2021-10-12 00:00:00+05:30,4301.191785478073,4358.60345323399,4246.103898026326,4303.46630859375,612692
2021-10-13 00:00:00+05:30,4336.796460058538,4360.5326322458595,4292.29113720731,4329.37890625,302343
2021-10-14 00:00:00+05:30,4355.538634502066,4381.054828168067,4264.945474595169,4280.81884765625,436160
2021-10-18 00:00:00+05:30,4400.0927291262415,4400.0927291262415,4274.142574315995,4282.79638671875,345049
2021-10-19 00:00:00+05:30,4304.160138955901,4339.418155643778,4180.187966679646,4253.77001953125,285362
2021-10-20 00:00:00+05:30,4253.769648639276,4269.890757355299,4089.545179866009,4101.166015625,510321
2021-10-21 00:00:00+05:30,4140.973112854449,4188.346460767949,4030.4515591497716,4089.396484375,698306
2021-10-22 00:00:00+05:30,4109.819365114362,4143.396352274686,3958.353011025151,3984.116455078125,347114
2021-10-25 00:00:00+05:30,4000.929246681339,4204.170206794249,3911.5231009564873,4118.2255859375,1151030
2021-10-26 00:00:00+05:30,4118.225718078126,4261.137249361097,4090.088271867684,4221.033203125,790450
2021-10-27 00:00:00+05:30,4231.763840432547,4277.555163824668,4168.813628344974,4229.53857421875,623848
2021-10-28 00:00:00+05:30,4230.774614527198,4266.576866703943,4178.555229908243,4242.34619140625,537955
2021-10-29 00:00:00+05:30,4242.346193490011,4301.192119241883,4115.308031201392,4215.19775390625,705546
2021-11-01 00:00:00+05:30,4234.137326713844,4302.180821016428,4211.192169169644,4288.92822265625,239375
2021-11-02 00:00:00+05:30,4292.2920422526795,4346.687448318094,4223.6052863373025,4242.74267578125,389193
2021-11-03 00:00:00+05:30,4269.5437657235725,4401.03245637639,4252.779901761496,4389.80712890625,667752
2021-11-04 00:00:00+05:30,4399.104123914347,4428.774340577438,4371.263667194882,4389.7578125,69818
2021-11-08 00:00:00+05:30,4389.806848138917,4425.806608663538,4329.872923514853,4356.92236328125,285968
2021-11-09 00:00:00+05:30,4405.037746708392,4505.471227359335,4371.411504367106,4483.0703125,547476
2021-11-10 00:00:00+05:30,4472.389299870891,4533.608745466251,4430.752002549913,4502.80126953125,359967
2021-11-11 00:00:00+05:30,4495.136556655121,4676.124867625891,4477.284687600795,4517.04296875,1110123
2021-11-12 00:00:00+05:30,4562.191043332042,4636.465577818824,4520.8999942975,4618.1689453125,423439
2021-11-15 00:00:00+05:30,4748.024984058073,5090.963188149528,4748.024984058073,5025.095703125,3044498
2021-11-16 00:00:00+05:30,5024.155935004665,5147.781819232141,4984.595652051871,5040.82080078125,1118231
2021-11-17 00:00:00+05:30,5024.156091263573,5780.153025421375,5019.359310223637,5670.91748046875,6482125
2021-11-18 00:00:00+05:30,5670.917815058628,5779.559865575769,5485.181980111831,5527.16552734375,2165157
2021-11-22 00:00:00+05:30,5535.473591998512,5578.0009038541375,5254.595532300893,5359.9248046875,1204625
2021-11-23 00:00:00+05:30,5315.419156855534,5479.099847237819,5291.1884806358,5394.29248046875,763056
2021-11-24 00:00:00+05:30,5405.913622749643,5421.193977911367,5246.782452976652,5337.8701171875,697909
2021-11-25 00:00:00+05:30,5340.638502879901,5686.790998436932,5266.512225308733,5638.37890625,1575738
2021-11-26 00:00:00+05:30,5646.242294928704,5870.15343596584,5565.588948218293,5625.07763671875,2613669
2021-11-29 00:00:00+05:30,5706.571870907901,5793.604509493671,5488.990274443475,5664.5390625,1189390
2021-11-30 00:00:00+05:30,5691.735824713062,5765.86209955744,5567.714431735574,5625.22509765625,1352746
2021-12-01 00:00:00+05:30,5655.835337127352,5701.626174644644,5470.891001540441,5509.7587890625,835169
2021-12-02 00:00:00+05:30,5563.906523885835,5745.142069457906,5517.5221888869455,5531.46728515625,1236317
2021-12-03 00:00:00+05:30,5531.468012910192,5592.489467407557,5360.419024489115,5372.6826171875,844674
2021-12-06 00:00:00+05:30,5406.901728396654,5407.890735480685,5218.050632535517,5241.53955078125,489242
2021-12-07 00:00:00+05:30,5241.540197189426,5375.501416407496,5178.392473417313,5256.22705078125,595254
2021-12-08 00:00:00+05:30,5254.594982352846,5308.001368395959,5219.979732139718,5274.86962890625,557196
2021-12-09 00:00:00+05:30,5310.968840996367,5326.792956723731,5153.716690955693,5175.27685546875,689987
2021-12-10 00:00:00+05:30,5207.122794737923,5269.825753271313,5173.002047080096,5187.63916015625,416165
2021-12-13 00:00:00+05:30,5228.584441432561,5270.419251899173,5118.11214647743,5149.4638671875,480443
2021-12-14 00:00:00+05:30,5069.650946546131,5192.28784029793,5009.370764072822,5154.70556640625,1007056
2021-12-15 00:00:00+05:30,5172.507259969634,5211.968547645567,5113.216089703764,5135.46875,377883
2021-12-16 00:00:00+05:30,5172.458264100273,5184.375607384443,5086.463897134337,5147.08984375,265216
2021-12-17 00:00:00+05:30,5142.838076122785,5142.838076122785,4678.004634627073,4734.08154296875,1133941
2021-12-20 00:00:00+05:30,4727.453295222431,4770.96960170565,4592.107595407253,4653.228515625,994682
2021-12-21 00:00:00+05:30,4707.67391443394,4816.464698170859,4643.43770850746,4794.31103515625,1004676
2021-12-22 00:00:00+05:30,4846.33285757766,4846.382114767954,4697.783795754865,4723.052734375,779992
2021-12-23 00:00:00+05:30,4750.201350615694,4845.146037198893,4733.931989801342,4823.931640625,582129
2021-12-24 00:00:00+05:30,4826.355349767682,4852.020280909895,4770.723692303659,4789.267578125,348742
2021-12-27 00:00:00+05:30,4800.987331382668,4806.575125635289,4702.729366748106,4786.84423828125,315490
2021-12-28 00:00:00+05:30,4801.431330799769,4840.200601113485,4757.322001803794,4790.9482421875,348173
2021-12-29 00:00:00+05:30,4811.519772172051,4936.431181725057,4779.871543454784,4921.89306640625,861183
2021-12-30 00:00:00+05:30,4944.986624590079,4954.579704452543,4885.695451202032,4916.107421875,617460
2021-12-31 00:00:00+05:30,4925.255345464299,5001.210897385529,4898.552153832264,4958.2880859375,504012
2022-01-03 00:00:00+05:30,4983.063222290913,5012.288190139389,4924.11830010986,4935.64013671875,310798
2022-01-04 00:00:00+05:30,4959.870271957682,4973.617373137718,4867.002608114313,4910.0244140625,369814
2022-01-05 00:00:00+05:30,4907.454234254826,5082.162277632,4867.893942160873,4918.58056640625,966342
2022-01-06 00:00:00+05:30,4915.365749881433,4982.61823901462,4851.080282327652,4909.876953125,585391
2022-01-07 00:00:00+05:30,4905.475803055573,5003.486514977585,4903.497788618857,4966.64599609375,549876
2022-01-10 00:00:00+05:30,4966.64506246834,5029.100759984546,4908.441902026215,5009.56787109375,542304
2022-01-11 00:00:00+05:30,4994.486689134396,5084.9808538979205,4965.112980193214,5003.43701171875,742409
2022-01-12 00:00:00+05:30,5019.211273470127,5042.94744500969,4950.623531209534,4959.27734375,360219
2022-01-13 00:00:00+05:30,4969.662393676574,4995.475579275167,4898.701124064023,4928.5693359375,457570
2022-01-14 00:00:00+05:30,4942.95901216664,4959.871131951042,4875.8055195450925,4919.37109375,207639
2022-01-17 00:00:00+05:30,4919.321554340358,4929.9041239898215,4846.135025385555,4857.755859375,337077
2022-01-18 00:00:00+05:30,4846.134074983196,4855.92514724586,4455.476328122306,4565.05810546875,3507266
2022-01-19 00:00:00+05:30,4564.268096069206,4564.268096069206,4351.631554215494,4466.30712890625,2404880
2022-01-20 00:00:00+05:30,4475.258321901068,4673.059794692275,4440.643064162607,4593.7412109375,2747887
2022-01-21 00:00:00+05:30,4598.833403883362,4681.711999319561,4494.888669090244,4640.07470703125,1008450
2022-01-24 00:00:00+05:30,4638.443764477388,4659.014921056297,4413.197374848449,4448.70263671875,737762
2022-01-25 00:00:00+05:30,4366.46700868849,4485.147878686817,4203.379809748526,4436.6865234375,917284
2022-01-27 00:00:00+05:30,4378.334630752555,4378.334630752555,4104.37965159772,4245.06591796875,1244330
2022-01-28 00:00:00+05:30,4298.224752629502,4514.817302290308,4287.592926561678,4429.3671875,932049
2022-01-31 00:00:00+05:30,4533.60873197831,4533.60873197831,4310.142375420511,4408.35107421875,934551
2022-02-01 00:00:00+05:30,4429.564733217661,4482.427355005769,4395.147479871066,4462.44921875,548762
2022-02-02 00:00:00+05:30,4480.20194981846,4631.5200289182885,4470.954637290751,4615.00341796875,676206
2022-02-03 00:00:00+05:30,4616.636123207294,4653.03139319494,4552.201920995266,4591.76220703125,777217
2022-02-04 00:00:00+05:30,4588.993834796803,4741.300957762041,4551.164305878488,4636.3671875,829635
2022-02-07 00:00:00+05:30,4635.872348965362,4672.613870625599,4401.131388588019,4425.95556640625,597040
2022-02-08 00:00:00+05:30,4448.059913313569,4479.90613854323,4331.851566495483,4351.13720703125,628869
2022-02-09 00:00:00+05:30,4465.070899650748,4536.575925454182,4381.351055702707,4526.93310546875,842211
2022-02-10 00:00:00+05:30,4525.746432725016,4572.1805162731525,4478.323824840681,4540.18603515625,487802
2022-02-11 00:00:00+05:30,4559.322239784395,4562.73450707721,4427.240548975158,4465.267578125,572726
2022-02-14 00:00:00+05:30,4429.861924882436,4626.575346115523,4354.351134055177,4437.0322265625,1094132
2022-02-15 00:00:00+05:30,4480.202287950665,4623.60832145019,4452.411091082857,4612.1357421875,791080
2022-02-16 00:00:00+05:30,4643.38868618386,4672.069894256135,4504.976938890295,4534.39990234375,584166
2022-02-17 00:00:00+05:30,4533.60815000814,4616.190235637651,4499.98191154822,4514.5205078125,520450
2022-02-18 00:00:00+05:30,4454.488496826835,4542.312144362567,4413.493954595317,4422.39501953125,388145
2022-02-21 00:00:00+05:30,4421.851830052332,4475.208969366637,4342.384993468531,4377.9892578125,392246
2022-02-22 00:00:00+05:30,4279.434511483982,4554.922296865726,4252.731314855817,4525.74658203125,833525
2022-02-23 00:00:00+05:30,4544.487650427548,4682.948645217506,4540.037118452156,4560.11376953125,755051
2022-02-24 00:00:00+05:30,4376.356346959528,4485.14712620598,4303.219079927945,4333.77978515625,814710
2022-02-25 00:00:00+05:30,4519.762924707034,4695.410700814487,4416.658923634668,4582.515625,1187316
2022-02-28 00:00:00+05:30,4564.26806558349,4772.94857735773,4520.9497449304135,4750.00341796875,1617666
2022-03-02 00:00:00+05:30,4773.937055235921,4850.041341295583,4727.651718220081,4807.810546875,1194676
2022-03-03 00:00:00+05:30,4826.354495497959,4914.376124616671,4821.458717342205,4863.73876953125,930907
2022-03-04 00:00:00+05:30,4826.3546576307335,4835.651227806559,4680.179601124498,4695.06396484375,738388
2022-03-07 00:00:00+05:30,4569.213119082167,4680.7729345384505,4533.460606518834,4613.07568359375,643012
2022-03-08 00:00:00+05:30,4608.773174036476,4687.893743547832,4544.88321757333,4670.3388671875,670238
2022-03-09 00:00:00+05:30,4726.4653197452,4761.970580973485,4642.399709329142,4659.16357421875,447387
2022-03-10 00:00:00+05:30,4752.772838088814,4766.025437264405,4692.838908449803,4717.267578125,363906
2022-03-11 00:00:00+05:30,4695.805989962778,4809.541813224303,4683.196148688131,4800.73974609375,436703
2022-03-14 00:00:00+05:30,4836.24472693936,4961.4033824843755,4810.579799486778,4869.37646484375,626924
2022-03-15 00:00:00+05:30,4895.535967081488,4944.046572956548,4648.333445268208,4760.0419921875,686998
2022-03-16 00:00:00+05:30,4839.805560327207,4902.656772511786,4779.0806169651305,4889.30517578125,477521
2022-03-17 00:00:00+05:30,4892.618567379414,4943.057934053429,4771.860692935951,4786.69580078125,852493
2022-03-21 00:00:00+05:30,4821.409943632674,4860.871233050136,4702.778340674649,4714.99267578125,509842
2022-03-22 00:00:00+05:30,4745.256546090833,4774.926762093902,4422.691944360202,4626.18017578125,1255679
2022-03-23 00:00:00+05:30,4645.860616858492,4664.206504468513,4545.080895057416,4557.54248046875,896055
2022-03-24 00:00:00+05:30,4549.384211834643,4633.499087482474,4508.488664394398,4577.66943359375,719101
2022-03-25 00:00:00+05:30,4618.6641485929695,4711.630835952228,4571.587303943195,4631.71923828125,968364
2022-03-28 00:00:00+05:30,4660.993062063405,4668.114107256897,4549.48249731908,4607.38916015625,524802
2022-03-29 00:00:00+05:30,4634.389003487533,4645.861584237842,4548.493626736394,4563.0322265625,778391
2022-03-30 00:00:00+05:30,4625.586754571686,4642.103368263423,4529.306805400206,4564.0703125,4839707
2022-03-31 00:00:00+05:30,4574.158355203329,4583.751918324578,4451.373206424229,4466.45556640625,1225845
2022-04-01 00:00:00+05:30,4507.894315909492,4507.894315909492,4406.125582938226,4457.35595703125,827880
2022-04-04 00:00:00+05:30,4506.905754379765,4532.916450250987,4449.5433374927725,4514.7685546875,619577
2022-04-05 00:00:00+05:30,4554.378150495588,4554.378150495588,4492.2189514679785,4504.18603515625,487075
2022-04-06 00:00:00+05:30,4516.7954749014725,4558.33377355395,4448.702238742008,4462.15283203125,653418
2022-04-07 00:00:00+05:30,4481.191320142869,4533.312189223471,4440.642027685165,4486.630859375,413722
2022-04-08 00:00:00+05:30,4523.719138655807,4577.620033508615,4464.378703955469,4555.515625,685882
2022-04-11 00:00:00+05:30,4556.355768377799,4635.1300883245485,4525.202044326595,4610.8994140625,652187
2022-04-12 00:00:00+05:30,4617.674648552107,4630.531742240515,4544.042868840331,4575.44384765625,574409
2022-04-13 00:00:00+05:30,4578.114811981186,4711.630798072666,4578.114811981186,4692.2958984375,812061
2022-04-18 00:00:00+05:30,4672.563815984706,4692.294699832524,4468.3338597986885,4504.4326171875,579482
2022-04-19 00:00:00+05:30,4543.498944077308,4816.464923303546,4533.015371480816,4763.40478515625,1713344
2022-04-20 00:00:00+05:30,4753.168479518629,4796.684795186299,4679.388447735712,4728.39404296875,777140
2022-04-21 00:00:00+05:30,4786.79478804181,4849.744998950577,4717.663282210468,4831.54736328125,771623
2022-04-22 00:00:00+05:30,4796.635198939172,4806.574527172505,4735.3660156588385,4760.78369140625,381911
2022-04-25 00:00:00+05:30,4713.212360456459,4713.212360456459,4557.690993053792,4624.646484375,421185
2022-04-26 00:00:00+05:30,4680.971782103882,4688.883840894677,4550.422812055771,4573.21923828125,548203
2022-04-27 00:00:00+05:30,4569.212430268287,4607.734446844748,4450.531587923656,4473.2294921875,476441
2022-04-28 00:00:00+05:30,4529.651878831232,4552.399038921433,4455.525613980571,4487.96533203125,552600
2022-04-29 00:00:00+05:30,4495.037682615605,4545.477049351226,4382.29086285363,4405.38427734375,465103
2022-05-02 00:00:00+05:30,4391.191430069981,4391.191430069981,4242.840368243293,4257.42822265625,568610
2022-05-04 00:00:00+05:30,4255.203187466819,4277.802097026564,3952.1220000117087,3969.182373046875,1729814
2022-05-05 00:00:00+05:30,3997.566900068832,4009.583240357908,3886.7980992752377,3905.688232421875,1122769
2022-05-06 00:00:00+05:30,3855.7926279426306,3855.7926279426306,3749.3756034994153,3785.276611328125,891448
2022-05-09 00:00:00+05:30,3763.172296309645,3766.0898191809893,3698.540580919072,3724.947265625,521295
2022-05-10 00:00:00+05:30,3728.556702355296,3741.117044016166,3621.5461842819777,3646.3701171875,836241
2022-05-11 00:00:00+05:30,3669.117662688427,3693.842842337954,3579.859764153636,3639.2001953125,524764
2022-05-12 00:00:00+05:30,3609.876324404135,3609.876324404135,3502.5195432322007,3541.486572265625,717916
2022-05-13 00:00:00+05:30,3562.3049495199853,3672.084749102817,3491.1954281747417,3508.7998046875,957908
2022-05-16 00:00:00+05:30,3541.6344230632712,3667.139327398371,3513.99172292553,3646.221923828125,600622
2022-05-17 00:00:00+05:30,3671.194447770238,3790.814811240138,3637.617704169953,3771.232421875,843357
2022-05-18 00:00:00+05:30,3779.985271162776,3799.7654138690177,3684.051579037504,3693.941650390625,427461
2022-05-19 00:00:00+05:30,3569.920310233671,3676.9803343714466,3569.920310233671,3591.876220703125,572640
2022-05-20 00:00:00+05:30,3654.3816616178988,3654.3816616178988,3546.5798751182097,3627.678466796875,692428
2022-05-23 00:00:00+05:30,3627.678236057934,3723.2656807824565,3625.700221752559,3676.090087890625,401917
2022-05-24 00:00:00+05:30,3698.8868063825266,3698.8868063825266,3573.7773996960586,3591.727783203125,471324
2022-05-25 00:00:00+05:30,3610.1235133818755,3633.562935610925,3447.8273361071433,3485.55810546875,370431
2022-05-26 00:00:00+05:30,3348.7781757693833,3668.227481963568,3324.5969994897014,3622.535400390625,1730687
2022-05-27 00:00:00+05:30,3659.326668153606,3837.347965523241,3533.7227527872524,3819.298583984375,1733752
2022-05-30 00:00:00+05:30,3847.2377441492536,3872.506924667613,3778.4522498153237,3849.166259765625,666686
2022-05-31 00:00:00+05:30,3812.622753319439,3955.8310440701202,3796.848136781897,3935.556396484375,1361696
2022-06-01 00:00:00+05:30,3896.2430542125526,3945.8911634257884,3748.3864895325214,3796.79833984375,794887
2022-06-02 00:00:00+05:30,3802.732653407581,3802.732653407581,3583.9148121679377,3605.178466796875,1891062
2022-06-03 00:00:00+05:30,3648.4473442190247,3653.342881277046,3507.3655720967263,3549.348876953125,1305662
2022-06-06 00:00:00+05:30,3540.74449014653,3609.7769940204757,3503.1622195520144,3593.755126953125,561188
2022-06-07 00:00:00+05:30,3593.755212900815,3593.755212900815,3486.2501845783727,3569.62353515625,490554
2022-06-08 00:00:00+05:30,3560.4255306292016,3604.9308497620664,3517.8982256800196,3596.2275390625,342056
2022-06-09 00:00:00+05:30,3584.9529949985854,3640.1888968232397,3521.854293540174,3629.70556640625,483671
2022-06-10 00:00:00+05:30,3580.7002321925456,3674.1614038379525,3555.9750545085753,3659.82080078125,624657
2022-06-13 00:00:00+05:30,3608.8871027909677,3637.617808888876,3552.513695046631,3611.755126953125,523342
2022-06-14 00:00:00+05:30,3588.3156942338787,3716.5406161374635,3582.9256535563986,3665.458251953125,655865
2022-06-15 00:00:00+05:30,3696.859214450764,3714.8098390313194,3605.821058336819,3681.77685546875,466405
2022-06-16 00:00:00+05:30,3703.8315558588356,3733.5017685893467,3606.908860939165,3623.375732421875,678602
2022-06-17 00:00:00+05:30,3560.4255319148933,3683.0624113475174,3517.0082171500994,3660.5625,768620
2022-06-20 00:00:00+05:30,3659.3267683030053,3782.952672637566,3642.4146480072995,3769.798828125,673219
2022-06-21 00:00:00+05:30,3807.6282086655865,3826.4688440541963,3752.342802952474,3766.337158203125,596024
2022-06-22 00:00:00+05:30,3747.397329762701,3765.891713892003,3672.4305447073675,3746.111572265625,359601
2022-06-23 00:00:00+05:30,3720.447469714926,3814.600910317045,3682.2221951587467,3808.17236328125,646244
2022-06-24 00:00:00+05:30,3859.106031604203,3878.8861752823386,3720.645025857256,3796.205078125,1024811
2022-06-27 00:00:00+05:30,3806.6882392098146,3827.4573878259243,3733.5017155149517,3752.787353515625,708737
2022-06-28 00:00:00+05:30,3717.7271994372045,3804.3640768002188,3681.9744477837653,3795.16650390625,463753
2022-06-29 00:00:00+05:30,3725.787981361624,3775.9800981870885,3654.3817077850413,3672.183837890625,567477
2022-06-30 00:00:00+05:30,3673.1727765340797,3724.1066478295843,3616.2058646771484,3643.008056640625,534241
2022-07-01 00:00:00+05:30,3639.546444648758,3703.8319117417386,3595.238874422537,3695.0791015625,316894
2022-07-04 00:00:00+05:30,3690.974736325412,3741.2163485517535,3659.3760057246022,3728.656005859375,300790
2022-07-05 00:00:00+05:30,3719.6558844389924,3832.155447548521,3719.6558844389924,3775.435791015625,468762
2022-07-06 00:00:00+05:30,3767.227289661472,3846.7928678128837,3741.908609648845,3840.809326171875,390568
2022-07-07 00:00:00+05:30,3851.2433020004432,3886.7980603938527,3825.7268694958066,3872.210205078125,398354
2022-07-08 00:00:00+05:30,3874.9302310378,3902.622432791005,3867.0181733940267,3892.880615234375,268377
2022-07-11 00:00:00+05:30,3891.7432137192723,3924.528704820097,3852.2324255714807,3890.012451171875,199806
2022-07-12 00:00:00+05:30,3857.12799990507,4053.6439196298006,3857.12799990507,3886.50146484375,1125104
2022-07-13 00:00:00+05:30,3907.715713215545,3915.4300176896504,3818.7545636046925,3825.776611328125,385514
2022-07-14 00:00:00+05:30,3883.831172286474,3935.5562957778866,3837.3973337586776,3855.199462890625,656393
2022-07-15 00:00:00+05:30,3855.1997391212954,3900.644573731283,3832.403073835883,3888.479736328125,318645
2022-07-18 00:00:00+05:30,3896.787398759311,3927.1498717686263,3847.3862955297,3903.71044921875,291155
2022-07-19 00:00:00+05:30,3901.040039269297,3988.6166781776665,3880.2708873443166,3976.0068359375,412946
2022-07-20 00:00:00+05:30,4045.039012605681,4096.170872507489,3985.748085638923,4065.06640625,753440
2022-07-21 00:00:00+05:30,4066.7976678555488,4124.011831822877,4051.319801524389,4104.42919921875,542974
2022-07-22 00:00:00+05:30,4104.5775916476205,4123.764233422215,4044.989670498606,4079.950927734375,378496
2022-07-25 00:00:00+05:30,4098.445973185843,4206.148764267184,4092.561186984544,4143.84130859375,1127478
2022-07-26 00:00:00+05:30,4138.9948747815615,4142.901646144243,4043.0611823433746,4065.017333984375,363638
2022-07-27 00:00:00+05:30,4066.7976962158323,4091.4736195662726,3977.7870462500186,4080.248291015625,440198
2022-07-28 00:00:00+05:30,4103.390772515586,4159.764181537854,4089.5446720539762,4144.4345703125,364711
2022-07-29 00:00:00+05:30,4159.7645645715265,4206.049911496855,4140.973426500471,4165.9951171875,333278
2022-08-01 00:00:00+05:30,4193.390087871493,4246.549219292034,4143.939733061688,4240.96142578125,311325
2022-08-02 00:00:00+05:30,4263.609593966573,4300.450108319451,4224.000052908324,4278.345703125,440869
2022-08-03 00:00:00+05:30,4278.3960114134325,4338.527457714313,4233.049933423914,4262.67041015625,367949
2022-08-04 00:00:00+05:30,4275.428752821243,4360.532626915031,4262.620916762028,4347.4775390625,358472
2022-08-05 00:00:00+05:30,4347.477768607244,4373.389951080339,4287.346322463426,4326.0166015625,207510
2022-08-08 00:00:00+05:30,4340.703372196337,4425.36200274302,4331.9008217274195,4378.68115234375,445755
2022-08-10 00:00:00+05:30,4390.103361278557,4575.0974224099355,4348.7630591549405,4467.4931640625,867000
2022-08-11 00:00:00+05:30,4489.697099213818,4502.45519527668,4369.4337293206745,4380.95556640625,446510
2022-08-12 00:00:00+05:30,4302.230103362879,4346.48817068846,4229.093318726096,4265.34033203125,1412625
2022-08-16 00:00:00+05:30,4302.181391537603,4333.384376050984,4160.654362281527,4301.587890625,596342
2022-08-17 00:00:00+05:30,4301.192532333217,4322.010941790321,4238.736821048207,4258.41796875,502434
2022-08-18 00:00:00+05:30,4279.2428919608265,4302.647422701287,4214.781527423756,4231.29345703125,580509
2022-08-19 00:00:00+05:30,4255.442122316909,4273.739427909495,4085.8591339887357,4101.08203125,719126
2022-08-22 00:00:00+05:30,4098.751683944974,4098.751683944974,3962.490352925056,3991.54736328125,723542
2022-08-23 00:00:00+05:30,3991.448100075205,4059.5291274445253,3954.804338742069,4037.215576171875,497236
2022-08-24 00:00:00+05:30,4045.199174453037,4185.030771314492,4044.157826903964,4175.857421875,956039
2022-08-25 00:00:00+05:30,4180.071744715381,4204.715918159345,4122.255050457577,4134.25439453125,414795
2022-08-26 00:00:00+05:30,4172.138188835367,4200.649948504732,4121.759342835344,4180.31982421875,342452
2022-08-29 00:00:00+05:30,4066.0249507526755,4236.599656003763,4052.140963115959,4216.26953125,914112
2022-08-30 00:00:00+05:30,4216.2693988421715,4301.5567487893495,4198.121237838127,4287.07763671875,848217
2022-09-01 00:00:00+05:30,4262.384353263498,4293.07807784015,4208.831827652463,4241.70703125,390072
2022-09-02 00:00:00+05:30,4274.085586756028,4361.554889419277,4248.499578506636,4276.61474609375,735146
2022-09-05 00:00:00+05:30,4246.51725126336,4272.896927485348,4197.9232892568425,4247.0625,522750
2022-09-06 00:00:00+05:30,4263.276761895006,4385.356781817956,4256.186107726643,4378.91064453125,1078704
2022-09-07 00:00:00+05:30,4342.912195293505,4373.456779104307,4299.078262452873,4340.234375,396347
2022-09-08 00:00:00+05:30,4363.539629995432,4408.067471645404,4324.862801456837,4378.216796875,562760
2022-09-09 00:00:00+05:30,4400.133286182733,4437.818397083391,4378.414858589633,4423.38916015625,476210
2022-09-12 00:00:00+05:30,4435.934545843208,4464.495701337691,4410.199386474083,4444.46337890625,331303
2022-09-13 00:00:00+05:30,4482.5447128964815,4482.5447128964815,4429.289507901005,4452.892578125,309270
2022-09-14 00:00:00+05:30,4368.844534057002,4442.875839309198,4368.844534057002,4390.91015625,362669
2022-09-15 00:00:00+05:30,4412.87687701534,4422.19888649878,4292.185157745093,4305.87109375,427750
2022-09-16 00:00:00+05:30,4306.019311510602,4327.1426119057605,4221.7236778214265,4244.28515625,458526
2022-09-19 00:00:00+05:30,4260.301634249457,4295.110872547969,4191.675355319174,4272.5,266140
2022-09-20 00:00:00+05:30,4280.730675469547,4556.9228434571,4280.730675469547,4521.568359375,1173769
2022-09-21 00:00:00+05:30,4518.24618206843,4629.813937881138,4518.24618206843,4566.6416015625,1177984
2022-09-22 00:00:00+05:30,4531.683502724061,4592.823017571939,4484.726263425563,4570.70751953125,511789
2022-09-23 00:00:00+05:30,4571.798431338053,4679.895183836067,4346.530846259148,4381.8359375,1205497
2022-09-26 00:00:00+05:30,4381.836527879422,4383.819954797995,4156.37037606357,4247.21142578125,843901
2022-09-27 00:00:00+05:30,4299.077551319618,4318.019373940609,4170.154810449594,4207.79052734375,651304
2022-09-28 00:00:00+05:30,4193.955566802893,4259.408644932236,4148.436022950853,4233.57470703125,395837
2022-09-29 00:00:00+05:30,4261.8391138061215,4368.15050396782,4249.44269581373,4355.30810546875,631907
2022-09-30 00:00:00+05:30,4316.1354909130005,4447.735575800689,4316.1354909130005,4347.07666015625,761064
2022-10-03 00:00:00+05:30,4348.6635650391,4452.793479367288,4314.89591508671,4329.02783203125,454169
2022-10-04 00:00:00+05:30,4393.290794417116,4407.720032113314,4329.027953465959,4367.90283203125,307009
2022-10-06 00:00:00+05:30,4389.770458428005,4413.125117885918,4325.159935887046,4354.1181640625,272050
2022-10-07 00:00:00+05:30,4343.307657177644,4396.265050448838,4317.4732352213005,4357.6875,501530
2022-10-10 00:00:00+05:30,4338.7466844493465,4383.373793203682,4259.409602219415,4304.6318359375,207878
2022-10-11 00:00:00+05:30,4326.201630738065,4326.201630738065,4228.319311264322,4240.12060546875,258216
2022-10-12 00:00:00+05:30,4244.533516297151,4313.953456984254,4209.8235459536,4251.52490234375,621343
2022-10-13 00:00:00+05:30,4234.715460255188,4282.1690430016115,4200.897936675263,4230.69873046875,277038
2022-10-14 00:00:00+05:30,4265.359208950609,4288.168616485104,4228.7152061957395,4261.541015625,254366
2022-10-17 00:00:00+05:30,4254.450891995037,4264.913275669421,4186.072052845737,4255.2939453125,254734
2022-10-18 00:00:00+05:30,4289.160550476158,4340.72964842408,4222.715751197105,4329.82080078125,387469
2022-10-19 00:00:00+05:30,4343.705318997437,4369.390602917999,4305.127759015923,4352.3828125,249672
2022-10-20 00:00:00+05:30,4347.671526171197,4356.894267055959,4259.60757033876,4286.68115234375,370651
2022-10-21 00:00:00+05:30,4308.151850815702,4393.290546630719,4286.8798880327695,4352.6796875,364601
2022-10-24 00:00:00+05:30,4373.654856682366,4398.249156580939,4284.202109679742,4373.60498046875,30919
2022-10-25 00:00:00+05:30,4401.025994826066,4413.025825072767,4335.771439949957,4367.5556640625,474364
2022-10-27 00:00:00+05:30,4408.165933981305,4461.718456013924,4366.365312241742,4395.125,421237
2022-10-28 00:00:00+05:30,4417.340059477938,4546.014891990092,4378.415302822045,4529.15576171875,691801
2022-10-31 00:00:00+05:30,4544.129718987033,4586.674123741872,4454.28039498089,4480.06494140625,433481
2022-11-01 00:00:00+05:30,4539.071700555619,4608.491630430842,4432.958379174922,4473.9658203125,866656
2022-11-02 00:00:00+05:30,4474.611565707197,4495.239013982715,4333.788240722617,4346.77978515625,643118
2022-11-03 00:00:00+05:30,4333.788215923635,4388.332461204138,4313.309427951709,4358.5810546875,457168
2022-11-04 00:00:00+05:30,4373.456339703882,4373.456339703882,4304.085789782572,4326.44921875,669679
2022-11-07 00:00:00+05:30,4348.117940644864,4383.373157755871,4300.515698207696,4327.638671875,356178
2022-11-09 00:00:00+05:30,4310.978023314164,4398.248799953603,4308.002883201455,4325.060546875,378028
2022-11-10 00:00:00+05:30,4338.25036306762,4341.176111355556,4214.782042070497,4249.9384765625,527721
2022-11-11 00:00:00+05:30,4349.65564409692,4502.379531281354,4294.169077104366,4384.76220703125,1685313
2022-11-14 00:00:00+05:30,4393.289679453397,4530.146107391223,4388.5296495669445,4518.93994140625,886587
2022-11-15 00:00:00+05:30,4522.21272140967,4590.6409402204745,4489.486181978416,4573.732421875,492794
2022-11-16 00:00:00+05:30,4566.840788427192,4571.799356058492,4424.034040645755,4442.1328125,499585
2022-11-17 00:00:00+05:30,4452.79281618551,4478.527970587761,4334.481610554143,4363.8359375,430622
2022-11-18 00:00:00+05:30,4393.290255275039,4412.132809417302,4284.201783925095,4362.69580078125,385705
2022-11-21 00:00:00+05:30,4367.456477155382,4403.207551985927,4305.027924137592,4382.23291015625,336664
2022-11-22 00:00:00+05:30,4384.316408771376,4442.876902825495,4343.705543387426,4432.76123046875,310657
2022-11-23 00:00:00+05:30,4445.157564985679,4577.898523889973,4411.141983046085,4567.03955078125,799422
2022-11-24 00:00:00+05:30,4591.633512560614,4792.9513533921045,4575.766096534486,4775.14990234375,1822610
2022-11-25 00:00:00+05:30,4775.100292146008,4844.520234087901,4711.680022920771,4749.76220703125,1069669
2022-11-28 00:00:00+05:30,4721.547652003045,4729.332699294972,4644.441932628285,4682.72216796875,598162
2022-11-29 00:00:00+05:30,4685.845982512844,4801.876454460781,4668.639657560729,4680.09423828125,910558
2022-11-30 00:00:00+05:30,4680.0948162053455,4720.655803877032,4604.129460822048,4687.23486328125,1113421
2022-12-01 00:00:00+05:30,4725.514449267808,4754.27413846587,4662.09418232495,4736.1259765625,611403
2022-12-02 00:00:00+05:30,4731.4647130873545,4842.487223828149,4703.746129384777,4831.08251953125,996306
2022-12-05 00:00:00+05:30,4844.5200453992675,4861.329781523083,4727.448470135386,4738.75390625,684834
2022-12-06 00:00:00+05:30,4730.820497097848,4760.224704938626,4675.929059122004,4748.37353515625,354855
2022-12-07 00:00:00+05:30,4764.885814568021,4775.100269425407,4671.8628022674475,4688.22607421875,354913
2022-12-08 00:00:00+05:30,4698.738515193233,4738.258394613164,4642.607434817311,4665.51611328125,336491
2022-12-09 00:00:00+05:30,4688.8212663045715,4696.705582051722,4636.508380983597,4646.27685546875,271785
2022-12-12 00:00:00+05:30,4638.244229183205,4716.589598887176,4591.633692777045,4703.0029296875,445259
2022-12-13 00:00:00+05:30,4706.672075188747,4721.894973627452,4622.673751539279,4640.07861328125,363818
2022-12-14 00:00:00+05:30,4672.953554810844,4672.953554810844,4618.012729133127,4627.4833984375,356293
2022-12-15 00:00:00+05:30,4641.1695433099985,4647.764340890261,4589.302639453655,4604.42626953125,316614
2022-12-16 00:00:00+05:30,4599.5672263123715,4599.5672263123715,4513.98254470871,4527.32080078125,342890
2022-12-19 00:00:00+05:30,4561.8815187389555,4581.715786211734,4483.5855541961455,4572.2451171875,308464
2022-12-20 00:00:00+05:30,4572.145258909338,4578.194806554773,4502.626063542582,4558.55859375,282355
2022-12-21 00:00:00+05:30,4572.591940452081,4748.770212942724,4564.063592619849,4726.70458984375,877375
2022-12-22 00:00:00+05:30,4755.266256077604,4808.620248948101,4685.8463107334055,4742.07666015625,902304
2022-12-23 00:00:00+05:30,4726.208269255091,4765.182408265528,4647.515722023933,4661.201171875,473498
2022-12-26 00:00:00+05:30,4684.556686181094,4700.721420578939,4613.946499840403,4645.23486328125,247357
2022-12-27 00:00:00+05:30,4646.17763657481,4673.648293563005,4587.319344908001,4605.31884765625,226485
2022-12-28 00:00:00+05:30,4613.450132507871,4640.821515609646,4544.030203600831,4550.625,313366
2022-12-29 00:00:00+05:30,4550.625719275326,4571.798897785621,4441.388582154643,4486.9580078125,530411
2022-12-30 00:00:00+05:30,4512.295552132605,4544.476842676435,4431.07432904122,4440.49560546875,348965
2023-01-02 00:00:00+05:30,4450.810026057525,4479.272396165966,4409.158060573029,4417.43896484375,246577
2023-01-03 00:00:00+05:30,4429.984179487099,4471.586754271242,4388.431480918738,4453.68603515625,430096
2023-01-04 00:00:00+05:30,4457.752396139039,4476.694221743853,4388.3324478120685,4396.5634765625,414977
2023-01-05 00:00:00+05:30,4418.579649473348,4418.579649473348,4319.9041528685675,4392.3486328125,468816
2023-01-06 00:00:00+05:30,4405.240427354465,4437.223185321804,4332.7959553271285,4351.09326171875,299640
2023-01-09 00:00:00+05:30,4387.687224028113,4415.2566625141035,4344.745743796631,4371.17529296875,407803
2023-01-10 00:00:00+05:30,4373.455767401179,4451.801120150542,4369.488914097414,4429.63623046875,557940
2023-01-11 00:00:00+05:30,4436.926030084063,4445.30620253407,4300.1189642733325,4324.4658203125,462687
2023-01-12 00:00:00+05:30,4334.73043206512,4346.0852614017285,4289.408930212992,4323.623046875,207917
2023-01-13 00:00:00+05:30,4328.829201620055,4333.787768861315,4232.682389117989,4299.623046875,366497
2023-01-16 00:00:00+05:30,4328.085859916323,4328.085859916323,4249.49256109101,4259.0625,210854
2023-01-17 00:00:00+05:30,4280.434010653047,4300.5162090667945,4239.575220680168,4287.02880859375,294500
2023-01-18 00:00:00+05:30,4301.060798657953,4315.936498906942,4269.325971460107,4303.83740234375,331806
2023-01-19 00:00:00+05:30,4303.836704635889,4303.836704635889,4250.135532289701,4282.3662109375,162244
2023-01-20 00:00:00+05:30,4266.350945147964,4286.631677388769,4228.8643732151595,4249.73974609375,242706
2023-01-23 00:00:00+05:30,4258.814285039593,4317.424648738675,4251.376433916234,4299.5244140625,161350
2023-01-24 00:00:00+05:30,4313.904376120684,4313.904376120684,4255.244134621504,4269.32666015625,178860
2023-01-25 00:00:00+05:30,4279.194558957339,4282.219091578551,4159.246611875972,4189.34521484375,423714
2023-01-27 00:00:00+05:30,4192.964393658136,4249.839255873244,4157.361978269501,4208.98046875,421866
2023-01-30 00:00:00+05:30,4201.394222767868,4224.699489907026,4088.8347410532087,4202.58447265625,623069
2023-01-31 00:00:00+05:30,4204.368810163924,4268.086393853753,4092.850448595645,4220.6328125,671038
2023-02-01 00:00:00+05:30,4239.57490612443,4315.936840106086,4176.6011034252715,4227.3271484375,321331
2023-02-02 00:00:00+05:30,4226.68182409828,4226.68182409828,4135.4442061214995,4196.4345703125,479256
2023-02-03 00:00:00+05:30,4209.824222314278,4224.501389866447,4123.545139312784,4216.36962890625,413966
2023-02-06 00:00:00+05:30,4176.105325539277,4299.72230986739,4154.932146597684,4284.896484375,257669
2023-02-07 00:00:00+05:30,4269.326120183759,4323.870356330125,4235.955061643037,4279.83837890625,319090
2023-02-08 00:00:00+05:30,4284.201750640478,4367.802993886043,4266.896158671304,4354.861328125,250175
2023-02-09 00:00:00+05:30,4311.324677675774,4367.951600880282,4289.159789776407,4352.9267578125,284239
2023-02-10 00:00:00+05:30,4349.059841679028,4388.629109438937,4314.201212562801,4379.654296875,359807
2023-02-13 00:00:00+05:30,4393.687178422223,4402.811135869524,4292.135817841566,4322.53173828125,272935
2023-02-14 00:00:00+05:30,4344.151392512922,4344.151392512922,4215.823284199569,4233.47607421875,339582
2023-02-15 00:00:00+05:30,4135.444857749554,4476.594265679014,4135.444857749554,4450.71044921875,2724361
2023-02-16 00:00:00+05:30,4472.578372312342,4629.3184930631705,4462.8592897335775,4604.67431640625,1419679
2023-02-17 00:00:00+05:30,4601.698776097022,4630.260412185243,4538.080459164444,4576.4599609375,408098
2023-02-20 00:00:00+05:30,4554.940276149062,4611.418555784041,4537.436629065315,4572.39453125,232327
2023-02-21 00:00:00+05:30,4572.791033880184,4601.550725917166,4453.785411658188,4464.74365234375,490637
2023-02-22 00:00:00+05:30,4467.668612650667,4498.362334327263,4403.207245320524,4412.23193359375,333978
2023-02-23 00:00:00+05:30,4434.298132420676,4480.858789416758,4364.530992778392,4411.19091796875,443522
2023-02-24 00:00:00+05:30,4424.100561421394,4454.835745641795,4366.354626609419,4439.59228515625,358946
2023-02-27 00:00:00+05:30,4453.842876543232,4463.525143666152,4384.378622562098,4408.9072265625,215703
2023-02-28 00:00:00+05:30,4418.091948276231,4442.322339843695,4331.001022950897,4371.07080078125,312308
2023-03-01 00:00:00+05:30,4371.0717098675295,4415.113708094575,4307.119192630048,4383.13720703125,287008
2023-03-02 00:00:00+05:30,4398.231299578757,4419.284215040627,4350.912425812636,4371.61767578125,313250
2023-03-03 00:00:00+05:30,4386.066295455638,4414.120039237066,4363.374940233371,4377.6748046875,168868
2023-03-06 00:00:00+05:30,4385.3220514681625,4457.7155182475835,4381.399298159396,4390.38671875,242661
2023-03-08 00:00:00+05:30,4384.229127717145,4410.34670978053,4329.71062077738,4345.64892578125,246734
2023-03-09 00:00:00+05:30,4368.43967704242,4506.72229241595,4354.685797494233,4387.45654296875,684685
2023-03-10 00:00:00+05:30,4369.1357191041525,4369.1357191041525,4261.836045600853,4287.25830078125,328154
2023-03-13 00:00:00+05:30,4296.939988829653,4405.133298519758,4291.974724225043,4314.81494140625,496455
2023-03-14 00:00:00+05:30,4314.81546816729,4324.49773532831,4245.301755216379,4269.73095703125,279237
2023-03-15 00:00:00+05:30,4304.636398239805,4337.6059510792675,4279.3630059831585,4298.7275390625,279479
2023-03-16 00:00:00+05:30,4300.863128890085,4339.641654986414,4236.364141915799,4289.04541015625,300181
2023-03-17 00:00:00+05:30,4309.849843264696,4345.7985543462,4266.850844083632,4316.3046875,368653
2023-03-20 00:00:00+05:30,4291.975074674313,4323.653368460505,4165.857343419422,4283.03759765625,563835
2023-03-21 00:00:00+05:30,4289.988538985727,4323.652935404112,4236.363682248406,4244.30810546875,239304
2023-03-22 00:00:00+05:30,4245.351069301544,4265.162670773375,4181.845620352398,4255.33154296875,302705
2023-03-23 00:00:00+05:30,4246.294446274033,4269.482329809508,4214.069683847472,4243.36474609375,233054
2023-03-24 00:00:00+05:30,4247.784292855432,4324.398236367089,4231.398918026182,4253.59375,354933
2023-03-27 00:00:00+05:30,4274.795238196778,4377.278011952051,4247.287477459355,4288.10205078125,495895
2023-03-28 00:00:00+05:30,4304.686001586909,4313.325756745218,4215.559493778025,4303.49462890625,343628
2023-03-29 00:00:00+05:30,4303.494282189406,4349.571841246705,4281.150591224097,4332.68994140625,250790
2023-03-31 00:00:00+05:30,4354.388612904769,4370.3768634355,4270.078508848999,4280.9521484375,465663
2023-04-03 00:00:00+05:30,4313.3262212450745,4313.773289104194,4190.833022070711,4204.9345703125,493574
2023-04-05 00:00:00+05:30,4220.475168029554,4220.475168029554,4139.0448236111015,4171.76611328125,622533
2023-04-06 00:00:00+05:30,4187.704531145671,4195.64895520286,4154.089589875858,4172.75927734375,286725
2023-04-10 00:00:00+05:30,4185.71826436932,4214.169134953575,4158.210503172138,4207.5654296875,323560
2023-04-11 00:00:00+05:30,4233.38480743681,4257.019274146644,4191.825443700541,4241.626953125,284178
2023-04-12 00:00:00+05:30,4257.914248706215,4298.8776917545765,4236.861327656573,4290.1884765625,304498
2023-04-13 00:00:00+05:30,4298.9267334967635,4449.970202192056,4290.286977845216,4367.7451171875,1257056
2023-04-17 00:00:00+05:30,4379.363034928242,4417.4961670981,4309.8493359611275,4356.22509765625,334963
2023-04-18 00:00:00+05:30,4349.5726085765045,4353.6442232929685,4264.070639087603,4308.509765625,409038
2023-04-19 00:00:00+05:30,4324.745261457595,4324.745261457595,4192.222161614122,4290.2861328125,517278
2023-04-20 00:00:00+05:30,4290.286521018859,4328.569003666408,4203.742052292911,4318.19140625,484517
2023-04-21 00:00:00+05:30,4309.85060359774,4397.239279431058,4288.450502505611,4331.00244140625,485292
2023-04-24 00:00:00+05:30,4331.994562968732,4431.200937679824,4331.994562968732,4368.4892578125,571150
2023-04-25 00:00:00+05:30,4379.314544056815,4415.362176246259,4352.65097236833,4385.81884765625,252655
2023-04-26 00:00:00+05:30,4389.244689028395,4457.517081031982,4370.426141204111,4379.7607421875,438486
2023-04-27 00:00:00+05:30,4389.145294909971,4407.665635942805,4334.725700867399,4386.8115234375,400508
2023-04-28 00:00:00+05:30,4412.084285390367,4497.536287851071,4400.1676513753055,4482.3427734375,713399
2023-05-02 00:00:00+05:30,4498.281657632717,4541.52892020113,4445.798711578032,4459.60205078125,384900
2023-05-03 00:00:00+05:30,4478.420946685653,4493.0190203278435,4450.8637248284485,4484.08154296875,287955
2023-05-04 00:00:00+05:30,4478.669250271905,4538.1530309196305,4468.738719783497,4521.5693359375,391146
2023-05-05 00:00:00+05:30,4518.391568144011,4597.835815495994,4490.089555024868,4570.52685546875,332169
2023-05-08 00:00:00+05:30,4578.967581677128,4627.627180788422,4553.148202556849,4592.9697265625,274255
2023-05-09 00:00:00+05:30,4613.625040197622,4615.611146285646,4550.466769620621,4561.14208984375,207566
2023-05-10 00:00:00+05:30,4561.14178558965,4601.80749898498,4545.203479252105,4569.33447265625,293523
2023-05-11 00:00:00+05:30,4578.9176429689205,4612.730901585711,4552.800059740135,4563.3759765625,409446
2023-05-12 00:00:00+05:30,4563.079018172195,4607.766407904022,4503.495831863091,4573.2578125,427837
2023-05-15 00:00:00+05:30,4577.924423011516,4656.425061018662,4559.20527881676,4593.7138671875,401847
2023-05-16 00:00:00+05:30,4592.869374504561,4609.999535955416,4509.452936135181,4523.455078125,310725
2023-05-17 00:00:00+05:30,4548.232493332648,4567.64697167383,4427.030560786749,4451.0126953125,266803
2023-05-18 00:00:00+05:30,4478.66871249402,4498.430368815227,4402.2036369148545,4411.14111328125,167057
2023-05-19 00:00:00+05:30,4424.051422945458,4433.981953636694,4379.612298102179,4416.255859375,177405
2023-05-22 00:00:00+05:30,4428.8174337478185,4592.86997805475,4421.022355858544,4573.306640625,361967
2023-05-23 00:00:00+05:30,4573.009368596231,4584.975464084981,4501.5095478494495,4518.78857421875,433331
2023-05-24 00:00:00+05:30,4509.404774211106,4574.995739049475,4491.926942263158,4504.93603515625,225979
2023-05-25 00:00:00+05:30,4537.258742732004,4566.007818412775,4499.473273487617,4536.41455078125,202680
2023-05-26 00:00:00+05:30,4558.112855792376,4587.904443085136,4519.632055539226,4577.87451171875,289579
2023-05-29 00:00:00+05:30,4602.801045641239,4632.592638169662,4548.8285135327405,4608.21337890625,332364
2023-05-30 00:00:00+05:30,4639.543716628168,4761.689238277412,4503.942520492746,4567.19970703125,1298380
2023-05-31 00:00:00+05:30,4568.044088194137,4698.134039401404,4493.565108495319,4589.841796875,1655511
2023-06-01 00:00:00+05:30,4656.425769079101,4813.328151573129,4653.446609917822,4780.8056640625,1692479
2023-06-02 00:00:00+05:30,4806.028397487445,4967.449438222104,4772.612264192674,4932.79150390625,1326161
2023-06-05 00:00:00+05:30,4933.438215510205,4974.401654834096,4899.773328372668,4915.8115234375,698352
2023-06-06 00:00:00+05:30,4934.479893746618,4934.92696151031,4859.504399285384,4905.78076171875,382992
2023-06-07 00:00:00+05:30,4929.961966415214,5004.986923666503,4915.661615864854,4991.53125,552840
2023-06-08 00:00:00+05:30,4985.125908109583,4993.616317045226,4885.820611135288,4892.42431640625,411502
2023-06-09 00:00:00+05:30,4892.424177513193,4931.352046777636,4872.960242880972,4892.47412109375,249400
2023-06-12 00:00:00+05:30,4914.6196227838345,4960.300063811932,4880.90527724329,4890.5380859375,343835
2023-06-13 00:00:00+05:30,4890.785463152444,4955.333900737198,4882.59277684361,4916.654296875,308751
2023-06-14 00:00:00+05:30,4930.507819323655,4987.657821743044,4916.654536933046,4974.2021484375,360156
2023-06-15 00:00:00+05:30,5004.937442505431,5223.259747099733,4983.139736152694,5182.4951171875,1712253
2023-06-16 00:00:00+05:30,5182.495578866901,5257.22282050709,5127.182330301813,5163.92529296875,797312
2023-06-19 00:00:00+05:30,5183.736293959548,5225.395058323552,5099.62451684329,5109.25732421875,327818
2023-06-20 00:00:00+05:30,5138.999736255525,5161.790011317024,5065.662676370063,5126.18896484375,334154
2023-06-21 00:00:00+05:30,5133.9350456623915,5137.063065571581,5051.263385076883,5083.18994140625,410174
2023-06-22 00:00:00+05:30,5094.262632146166,5119.188360130651,5019.883057315313,5030.806640625,329800
2023-06-23 00:00:00+05:30,5049.078537179916,5049.078537179916,4966.258014598161,5010.3994140625,335552
2023-06-26 00:00:00+05:30,5014.8681850777175,5019.882908765826,4965.31445252793,5001.95849609375,430106
2023-06-27 00:00:00+05:30,5004.9866213514915,5114.22244046829,5001.958003958898,5107.072265625,556456
2023-06-28 00:00:00+05:30,5109.257558959422,5139.992742506877,5080.607883638349,5091.283203125,362944
2023-06-30 00:00:00+05:30,5092.375989765077,5113.180644911384,5028.87005389336,5062.783203125,411015
2023-07-03 00:00:00+05:30,5091.878694743344,5106.774488097054,5024.8476246516475,5033.28857421875,150815
2023-07-04 00:00:00+05:30,5084.331757903187,5089.098703049338,5016.953017523403,5074.451171875,233404
2023-07-05 00:00:00+05:30,5089.396644993806,5112.733390585485,5015.314793924942,5042.37548828125,279982
2023-07-06 00:00:00+05:30,5054.639938719109,5273.111606011486,5034.977682618465,5246.3486328125,1251554
2023-07-07 00:00:00+05:30,5238.30463855559,5238.30463855559,5094.361425378006,5110.49853515625,559765
2023-07-10 00:00:00+05:30,5143.865776623842,5167.351383541609,5075.245716044062,5122.51513671875,271366
2023-07-11 00:00:00+05:30,5163.875472584174,5235.772411032323,5129.21802071716,5220.4794921875,503174
2023-07-12 00:00:00+05:30,5225.097370896036,5251.711482995719,5169.6852058564555,5215.56396484375,263391
2023-07-13 00:00:00+05:30,5253.150806719389,5253.150806719389,5132.097746707353,5146.00048828125,338327
2023-07-14 00:00:00+05:30,5144.014321960497,5162.336342989545,5060.8461367357495,5135.87109375,508041
2023-07-17 00:00:00+05:30,5116.407551264379,5281.999129004224,5116.407551264379,5183.041015625,469609
2023-07-18 00:00:00+05:30,5170.330772330099,5287.01450722855,5070.976007336073,5126.73583984375,511024
2023-07-19 00:00:00+05:30,5126.735330994038,5187.659227337863,5126.735330994038,5139.64501953125,265631
2023-07-20 00:00:00+05:30,5134.083543086546,5173.805659474063,5096.992919931879,5159.35693359375,276787
2023-07-21 00:00:00+05:30,5094.411581789932,5216.5076476821205,5089.446316562746,5168.74169921875,313184
2023-07-24 00:00:00+05:30,5108.263953875667,5189.396567160939,5108.263953875667,5144.80810546875,249814
2023-07-25 00:00:00+05:30,5117.996525917119,5183.7368306368035,5117.996525917119,5175.9912109375,547945
2023-07-26 00:00:00+05:30,5159.903489505043,5218.493617657621,5107.321138164984,5119.93310546875,297720
2023-07-27 00:00:00+05:30,5110.995188901322,5228.4236983660485,5108.463097874858,5179.267578125,363050
2023-07-28 00:00:00+05:30,5141.034671213894,5326.735556575493,5141.034671213894,5309.80419921875,453505
2023-07-31 00:00:00+05:30,5302.853578956608,5302.853578956608,5122.71337624567,5137.51025390625,689230
2023-08-01 00:00:00+05:30,5173.8057499474835,5173.8057499474835,4986.664731888647,4997.439453125,1044095
2023-08-02 00:00:00+05:30,4998.0357690506635,5008.661630148956,4941.431747823585,4962.03759765625,1016605
2023-08-03 00:00:00+05:30,4925.542703379512,4995.056410886885,4921.868213455608,4961.59033203125,412037
2023-08-04 00:00:00+05:30,4990.0908305320945,5001.461480211041,4929.514603534591,4945.701171875,358846
2023-08-07 00:00:00+05:30,4945.701736617134,4989.991998063683,4921.9184078415365,4979.56494140625,608113
2023-08-08 00:00:00+05:30,4982.147141168183,5019.883156987276,4945.553039376305,4988.453125,519420
2023-08-09 00:00:00+05:30,4988.452362258328,4991.08385545499,4923.556258524839,4946.744140625,268668
2023-08-10 00:00:00+05:30,4946.794439469914,4946.844383056664,4869.535104992694,4888.3037109375,370166
2023-08-11 00:00:00+05:30,4895.750814979804,4977.181153078859,4777.726380403533,4872.06640625,1066479
2023-08-14 00:00:00+05:30,4829.21695210046,4893.318332123418,4697.140897272296,4787.35986328125,832136
2023-08-16 00:00:00+05:30,4766.654240371837,4919.534938557753,4721.073206176109,4907.568359375,667417
2023-08-17 00:00:00+05:30,4906.178536492531,4925.543070742426,4838.700388573765,4858.76025390625,375779
2023-08-18 00:00:00+05:30,4850.005491132524,4869.952702680247,4800.410472172375,4823.54150390625,336848
2023-08-21 00:00:00+05:30,4856.024056759869,4920.144462189161,4815.233852636297,4907.40966796875,243126
2023-08-22 00:00:00+05:30,4922.581519086038,4933.624817588666,4881.0451536627015,4894.47607421875,175172
2023-08-23 00:00:00+05:30,4932.630398567856,4961.482008402158,4885.8708929743325,4920.2939453125,597123
2023-08-24 00:00:00+05:30,4929.64535783736,4957.999523871339,4875.026377265293,4894.77490234375,534065
2023-08-25 00:00:00+05:30,4874.926489360677,4887.959553254078,4821.202809682009,4840.60302734375,249504
2023-08-28 00:00:00+05:30,4849.955153261467,4886.716275286499,4817.223598950545,4880.34912109375,204098
2023-08-29 00:00:00+05:30,4880.895879005858,4919.6963150599195,4834.036793691719,4853.43701171875,591619
2023-08-30 00:00:00+05:30,4856.969201485895,4864.9282653962955,4820.2080807366465,4849.55712890625,396122
2023-08-31 00:00:00+05:30,4862.44107320816,4886.66608543542,4781.208488291127,4789.46630859375,488260
2023-09-01 00:00:00+05:30,4815.234213289025,4825.133494466228,4776.632943247666,4815.58251953125,206097
2023-09-04 00:00:00+05:30,4835.131663437163,4845.080494020368,4792.948718920927,4800.16162109375,354446
2023-09-05 00:00:00+05:30,4835.131211442973,4966.455762864881,4807.32403824927,4958.994140625,800554
2023-09-06 00:00:00+05:30,4954.517318893509,5017.841524417202,4928.650361003703,5007.345703125,535407
2023-09-07 00:00:00+05:30,5004.212189620826,5019.08539974262,4961.481768327648,5003.31640625,334709
2023-09-08 00:00:00+05:30,5014.2100517876,5023.9597103529995,4952.477759252774,4959.640625,292671
2023-09-11 00:00:00+05:30,4978.394820258811,5080.668604267577,4978.146099494409,5069.87451171875,543287
2023-09-12 00:00:00+05:30,5084.847066144886,5098.775428290461,4940.589029637156,4953.7216796875,483061
2023-09-13 00:00:00+05:30,4949.543097470721,4995.506887985451,4919.696606430696,4985.35888671875,232238
2023-09-14 00:00:00+05:30,4975.409945186657,5073.903363417707,4969.938088618265,5058.5322265625,414391
2023-09-15 00:00:00+05:30,5058.532215363316,5124.045358743654,5035.799527205685,5065.7451171875,658355
2023-09-18 00:00:00+05:30,5073.903114584343,5135.58585833027,5041.420282977906,5049.18017578125,371912
2023-09-20 00:00:00+05:30,5025.601973701987,5033.9088582068725,4903.778354850168,4980.6826171875,509910
2023-09-21 00:00:00+05:30,4964.466264282814,5021.125046521937,4949.990910670991,4994.3623046875,422586
2023-09-22 00:00:00+05:30,4987.348756649396,4991.129117946765,4929.645539437015,4964.0185546875,348459
2023-09-25 00:00:00+05:30,4989.238719444052,5087.284731740817,4947.404083104872,5070.96826171875,386746
2023-09-26 00:00:00+05:30,5070.918570938025,5070.918570938025,5004.510131736512,5027.84033203125,267102
2023-09-27 00:00:00+05:30,5028.1387344790055,5092.6569948589295,4994.312712125961,5079.22607421875,460768
2023-09-28 00:00:00+05:30,5079.226379387212,5119.170837497501,4969.440935438736,4994.41259765625,407714
2023-09-29 00:00:00+05:30,5028.138992818172,5160.408890157621,5000.8792940896365,5111.46044921875,410567
2023-10-03 00:00:00+05:30,5112.654006954907,5128.572134393834,5040.077100349975,5092.75634765625,268482
2023-10-04 00:00:00+05:30,5058.97996290053,5070.769423392445,4956.80528634755,5021.572265625,442482
2023-10-05 00:00:00+05:30,5029.084085529898,5053.856575419972,5000.928604766319,5021.22412109375,363289
2023-10-06 00:00:00+05:30,5024.159382372103,5057.985405936589,5003.067667483506,5034.35693359375,407753
2023-10-09 00:00:00+05:30,4974.414885743943,5040.077162235763,4961.530956876785,5021.47265625,176296
2023-10-10 00:00:00+05:30,5043.012412546956,5058.532198829677,5007.246174132919,5040.77392578125,202645
2023-10-11 00:00:00+05:30,5046.991477929414,5113.69818306666,5039.081964442146,5066.78955078125,336099
2023-10-12 00:00:00+05:30,5066.7397645327865,5087.781927846659,4846.771529827806,4968.29638671875,1029595
2023-10-13 00:00:00+05:30,4963.421919384453,5003.366376144384,4908.50418145518,4991.62646484375,410013
2023-10-16 00:00:00+05:30,5004.261729513376,5023.612399102622,4960.884731480728,4996.00439453125,259806
2023-10-17 00:00:00+05:30,5024.159096500994,5042.066990310304,4986.552713814525,5003.0673828125,217907
2023-10-18 00:00:00+05:30,4995.3073798282185,5014.160606375463,4913.179985173997,4951.78125,341459
2023-10-19 00:00:00+05:30,4951.781004719777,4994.262699640921,4909.8963367061015,4971.4794921875,231958
2023-10-20 00:00:00+05:30,4964.565173217776,4974.364866775021,4915.218885048512,4952.0791015625,252447
2023-10-23 00:00:00+05:30,4951.532678112544,4984.910808362584,4918.850674491064,4944.12060546875,363474
2023-10-25 00:00:00+05:30,4934.620120917405,4945.912141132911,4806.777643994444,4835.0322265625,894230
2023-10-26 00:00:00+05:30,4835.03234986878,4835.03234986878,4701.817598025006,4735.94189453125,836962
2023-10-27 00:00:00+05:30,4755.491017780945,4835.678196048062,4752.356747818388,4805.48388671875,333727
2023-10-30 00:00:00+05:30,4815.234052286105,4843.488634279333,4758.575267213152,4816.97509765625,234759
2023-10-31 00:00:00+05:30,4807.274509213968,4874.578244952362,4780.611839941175,4795.236328125,276660
2023-11-01 00:00:00+05:30,4810.259305038391,4831.151848038558,4765.489570038034,4772.005859375,281746
2023-11-02 00:00:00+05:30,4813.044726722636,4869.952227969294,4785.586344870366,4861.9931640625,214035
2023-11-03 00:00:00+05:30,4925.417274578316,5139.068410207401,4911.78718243929,5126.83154296875,1262458
2023-11-06 00:00:00+05:30,5114.742904457385,5201.248173110938,5101.262434511541,5138.52099609375,399720
2023-11-07 00:00:00+05:30,5123.64706643908,5155.433770222585,5094.845011432142,5110.564453125,222204
2023-11-08 00:00:00+05:30,5108.724104648166,5127.278575077153,5061.417613240504,5084.79736328125,400498
2023-11-09 00:00:00+05:30,5121.160154606417,5285.813288280504,5095.840188377893,5270.4921875,1032216
2023-11-10 00:00:00+05:30,5272.879729903737,5310.685282684179,5191.945903308014,5251.48974609375,696409
2023-11-13 00:00:00+05:30,5223.135949477974,5251.987557579851,5173.590968498876,5193.93603515625,150128
2023-11-15 00:00:00+05:30,5256.812375822846,5267.90522356579,5180.355523910683,5198.2138671875,356675
2023-11-16 00:00:00+05:30,5197.269293637321,5340.5324594649965,5175.133144750754,5311.43212890625,449045
2023-11-17 00:00:00+05:30,5304.915941887499,5465.2412587667295,5278.998945263433,5450.9150390625,735541
2023-11-20 00:00:00+05:30,5446.984862608324,5566.370832199739,5427.136750850649,5445.9404296875,526567
2023-11-21 00:00:00+05:30,5471.856972924094,5492.052905256512,5394.653948295014,5438.82666015625,382979
2023-11-22 00:00:00+05:30,5439.025474741419,5511.60238542224,5411.317885455453,5503.69287109375,302473
2023-11-23 00:00:00+05:30,5501.703230026636,5521.600890894725,5445.293167152509,5465.837890625,234584
2023-11-24 00:00:00+05:30,5464.892591048415,5464.892591048415,5367.39405219483,5373.66162109375,270183
2023-11-28 00:00:00+05:30,5373.661845548582,5397.091633813221,5313.670589469436,5339.33837890625,362746
2023-11-29 00:00:00+05:30,5344.611523970337,5407.189572929194,5337.050315359459,5394.20654296875,277119
2023-11-30 00:00:00+05:30,5354.460436675206,5521.600784754254,5354.460436675206,5500.65869140625,775261
2023-12-01 00:00:00+05:30,5521.600700395392,5658.546249438744,5502.051346423508,5562.5400390625,546990
2023-12-04 00:00:00+05:30,5597.21232616777,5629.297306174686,5541.101016428506,5593.77978515625,936113
2023-12-05 00:00:00+05:30,5581.293804388248,5659.889563843983,5496.728746746002,5551.646484375,787929
2023-12-06 00:00:00+05:30,5505.83144302719,5610.14501867424,5480.561512967143,5514.73583984375,574427
2023-12-07 00:00:00+05:30,5462.156574233208,5491.555173557672,5413.656026353991,5433.4541015625,510609
2023-12-08 00:00:00+05:30,5466.882053977914,5544.03503587702,5411.218156130695,5526.92333984375,456382
2023-12-11 00:00:00+05:30,5521.600698285261,5526.923419538351,5461.907717763259,5518.96435546875,238128
2023-12-12 00:00:00+05:30,5521.600806404467,5521.600806404467,5375.55217218059,5401.17041015625,615205
2023-12-13 00:00:00+05:30,5375.303423677106,5424.1022416444,5341.924806784292,5398.9814453125,476781
2023-12-14 00:00:00+05:30,5466.683163554249,5504.638340362473,5424.2019489852855,5487.67529296875,490550
2023-12-15 00:00:00+05:30,5501.702720713021,5559.405931888674,5471.856232173892,5522.79443359375,349758
2023-12-18 00:00:00+05:30,5522.0979631008495,5579.055013526491,5465.887074907859,5470.51318359375,428321
2023-12-19 00:00:00+05:30,5480.611521413438,5646.309583950146,5475.5380065125055,5527.07275390625,682732
2023-12-20 00:00:00+05:30,5527.072498265951,5577.114918778314,5347.595702489873,5374.55712890625,437044
2023-12-21 00:00:00+05:30,5316.65513622002,5524.585698246589,5257.807899673835,5447.83056640625,487514
2023-12-22 00:00:00+05:30,5481.806176290031,5520.6066192801045,5434.74839743826,5513.04541015625,220537
2023-12-26 00:00:00+05:30,5513.044678091401,5616.114656273623,5497.87271201378,5604.3251953125,243281
2023-12-27 00:00:00+05:30,5606.165847262742,5685.756489282444,5586.86521372951,5658.34765625,307177
2023-12-28 00:00:00+05:30,5645.960942246767,5740.474825861471,5645.712221500413,5731.0234375,568149
2023-12-29 00:00:00+05:30,5710.6288025925705,5729.482031018758,5648.249440000281,5674.91259765625,325682
2024-01-01 00:00:00+05:30,5711.623456046831,5735.500648686637,5678.643180869645,5720.626953125,127030
2024-01-02 00:00:00+05:30,5708.73801635202,5753.059857956782,5650.935219154482,5716.94580078125,166449
2024-01-03 00:00:00+05:30,5700.679864981337,5756.393315668764,5644.021081085225,5738.78369140625,198997
2024-01-04 00:00:00+05:30,5738.783241240525,5810.066994663492,5702.171742259503,5732.71484375,220702
2024-01-05 00:00:00+05:30,5732.715178448459,5779.076338928643,5685.75650521218,5724.8056640625,144894
2024-01-08 00:00:00+05:30,5720.577338009559,5745.300278096457,5611.140206325897,5652.92529296875,157009
2024-01-09 00:00:00+05:30,5673.022106394079,5819.070738269741,5645.662823558993,5767.9833984375,329437
2024-01-10 00:00:00+05:30,5770.3219875216355,5789.523037063559,5692.02449313647,5771.21728515625,239740
2024-01-11 00:00:00+05:30,5774.301075360051,5861.850781533671,5772.560030066826,5839.86376953125,213210
2024-01-12 00:00:00+05:30,5839.96356235942,5891.697481480832,5713.464278433516,5766.0439453125,250919
2024-01-15 00:00:00+05:30,5805.142308265927,5893.836030609282,5774.300935248576,5866.22802734375,375458
2024-01-16 00:00:00+05:30,5851.901521254713,5936.914463781189,5799.1727248204215,5874.3359375,347797
2024-01-17 00:00:00+05:30,5842.798798921168,5949.748722797939,5801.411568431845,5895.5771484375,378205
2024-01-18 00:00:00+05:30,5928.507704009231,5998.099963080737,5808.126862897448,5960.19482421875,591170
2024-01-19 00:00:00+05:30,5956.364324643404,6088.683759281382,5920.548537824102,6063.46337890625,326813
2024-01-23 00:00:00+05:30,6395.107891846943,6395.804504256526,6102.263985112749,6122.26123046875,982889
2024-01-24 00:00:00+05:30,6122.0623432971,6198.121346102901,6052.221845280958,6181.556640625,435151
2024-01-25 00:00:00+05:30,6178.272576863148,6206.278920112625,6087.788265384557,6137.28369140625,337391
2024-01-29 00:00:00+05:30,6167.329433908149,6316.512338112559,6146.188169585438,6297.36083984375,554591
2024-01-30 00:00:00+05:30,6298.6044096832875,6355.163606617198,6251.645736751172,6277.5126953125,304312
2024-01-31 00:00:00+05:30,6247.865470966445,6339.04640413061,6223.540386404127,6320.4423828125,499281
2024-02-01 00:00:00+05:30,6257.465912014176,6344.369041279196,6235.727620792718,6255.77490234375,255111
2024-02-02 00:00:00+05:30,6287.660528197102,6326.510514837514,6259.1071919284395,6288.20751953125,239428
2024-02-05 00:00:00+05:30,6288.207633486573,6314.124627444784,6177.427798615508,6202.59814453125,147909
2024-02-06 00:00:00+05:30,6227.9181890728105,6265.673708416541,6123.554571083728,6165.58837890625,326654
2024-02-07 00:00:00+05:30,6205.831702291146,6216.875001226449,6123.505130472046,6146.337890625,323738
2024-02-08 00:00:00+05:30,6169.767161311011,6330.639942898794,6118.530684844427,6199.1162109375,794455
2024-02-09 00:00:00+05:30,6237.319838175682,6440.823462144806,6181.805557037935,6404.41064453125,933104
2024-02-12 00:00:00+05:30,6431.818960911605,6643.6294528535345,6342.379077044415,6580.60400390625,709946
2024-02-13 00:00:00+05:30,6580.6038089526355,6705.511170644667,6564.486510638898,6684.51904296875,521773
2024-02-14 00:00:00+05:30,6684.420374182724,6740.332998684176,6665.716766226417,6719.5400390625,452781
2024-02-15 00:00:00+05:30,6715.46060011088,6729.786818901234,6551.901923540282,6593.68701171875,446114
2024-02-16 00:00:00+05:30,6597.119324894206,6626.369276389748,6491.711752894274,6566.775390625,391508
2024-02-19 00:00:00+05:30,6586.125641904488,6641.789541604974,6477.732941747666,6623.08544921875,334607
2024-02-20 00:00:00+05:30,6639.366980899282,6756.371198410443,6609.842184107683,6730.92919921875,559251
2024-02-21 00:00:00+05:30,6756.321136554878,6793.1650152653265,6688.956196368337,6731.62548828125,537325
2024-02-22 00:00:00+05:30,6736.455222637114,6845.443595117756,6661.8212781211405,6740.6376953125,564432
2024-02-23 00:00:00+05:30,6750.396104908048,6758.162998429444,6694.732071415499,6745.466796875,352524
2024-02-26 00:00:00+05:30,6741.384326712328,6763.092146918666,6543.173928329171,6556.21875,453443
2024-02-27 00:00:00+05:30,6560.20200886659,6640.312745494212,6542.277959662037,6592.66455078125,313760
2024-02-28 00:00:00+05:30,6602.024957918566,6602.024957918566,6318.52604464897,6335.50439453125,536602
2024-02-29 00:00:00+05:30,6365.576029949911,6365.576029949911,6036.470595940502,6075.85400390625,1543361
2024-03-01 00:00:00+05:30,6076.252710063686,6081.2316126448595,5916.7785576329015,6059.72265625,1749136
2024-03-04 00:00:00+05:30,6119.071161290876,6145.708289617081,5997.43667068288,6007.84228515625,551616
2024-03-05 00:00:00+05:30,6009.585016416874,6077.746387314145,5950.983721950788,6035.525390625,724456
2024-03-06 00:00:00+05:30,5999.57773102568,6053.250204686431,5919.915288124094,6028.75390625,588776
2024-03-07 00:00:00+05:30,6039.906584200992,6116.930302628586,6006.5479376639,6023.27685546875,738112
2024-03-11 00:00:00+05:30,6023.276960604319,6198.733681135442,6010.630839846864,6178.51953125,521556
2024-03-12 00:00:00+05:30,6213.670076403208,6247.775557191158,6081.729165325736,6118.87158203125,482112
2024-03-13 00:00:00+05:30,6153.923391592971,6153.923391592971,5930.918157695656,5983.04736328125,356191
2024-03-14 00:00:00+05:30,5983.047588868578,6069.282279285222,5954.767519298708,5997.7353515625,439181
2024-03-15 00:00:00+05:30,5989.619727077623,6005.402945298401,5916.529535382911,5957.9541015625,764270
2024-03-18 00:00:00+05:30,5972.442119746454,6119.021194652757,5953.422616143694,6110.65625,419258
2024-03-19 00:00:00+05:30,6051.358311859406,6099.853018407616,6008.589343388075,6087.40576171875,542392
2024-03-20 00:00:00+05:30,6122.0586470558555,6174.53647503478,6047.823403655818,6147.99853515625,413963
2024-03-21 00:00:00+05:30,6163.781764566488,6188.178387389856,6079.83766093202,6156.4130859375,350032
2024-03-22 00:00:00+05:30,6143.118970487751,6363.933289035615,6142.671161010178,6348.99658203125,727548
2024-03-26 00:00:00+05:30,6371.003481362684,6436.177507963467,6282.876909293194,6295.7724609375,629120
2024-03-27 00:00:00+05:30,6328.185227483758,6372.3977854874465,6193.7548567976355,6205.15673828125,603420
2024-03-28 00:00:00+05:30,6205.156358758977,6398.487038347332,6086.708078232847,6329.97705078125,818070
2024-04-01 00:00:00+05:30,6373.9907667223615,6529.332519512345,6345.859968540842,6430.00341796875,440465
2024-04-02 00:00:00+05:30,6442.202191144758,6442.202191144758,6377.177916496155,6392.662109375,213898
2024-04-03 00:00:00+05:30,6372.5470132923165,6381.957333666664,6284.370842997397,6348.150390625,289202
2024-04-04 00:00:00+05:30,6397.889555462104,6447.678579240019,6299.7055033278675,6413.423828125,547885
2024-04-05 00:00:00+05:30,6413.423684195531,6452.6573368078625,6354.6225567008605,6370.75439453125,239001
2024-04-08 00:00:00+05:30,6370.754519896314,6370.754519896314,6253.501369223376,6281.13427734375,491584
2024-04-09 00:00:00+05:30,6321.015559813671,6512.404775376582,6304.237046578658,6477.60205078125,592624
2024-04-10 00:00:00+05:30,6477.601391348831,6488.405706424751,6423.779652767585,6462.4658203125,174947
2024-04-12 00:00:00+05:30,6422.784436764926,6450.56661638674,6335.852990737098,6379.517578125,450885
2024-04-15 00:00:00+05:30,6298.411287225388,6372.099043633762,6256.488831267787,6276.5537109375,251305
2024-04-16 00:00:00+05:30,6273.3675409808775,6320.816384452149,6175.830646742669,6308.0205078125,290190
2024-04-18 00:00:00+05:30,6279.491500715884,6307.671894343496,6027.658709813994,6048.52001953125,518459
2024-04-19 00:00:00+05:30,6114.092457933914,6172.843509239794,6024.472210179183,6143.517578125,560178
2024-04-22 00:00:00+05:30,6128.530919966657,6231.59419890346,6124.04990783897,6212.22607421875,197001
2024-04-23 00:00:00+05:30,6215.1637204322005,6277.200648395633,6154.91900280244,6168.76025390625,217146
2024-04-24 00:00:00+05:30,6203.6127409774235,6283.872745244302,6160.047344795752,6256.83740234375,207837
2024-04-25 00:00:00+05:30,6253.501266612603,6375.185832881238,6142.820366120484,6357.162109375,520353
2024-04-26 00:00:00+05:30,6353.079549210918,6353.079549210918,6224.673460071953,6232.19189453125,261065
2024-04-29 00:00:00+05:30,6173.839461266261,6173.839461266261,5708.809940554754,5943.1669921875,2785015
2024-04-30 00:00:00+05:30,5974.683039207742,5997.585990858038,5876.100769060814,5922.00634765625,1040838
2024-05-02 00:00:00+05:30,5922.006319830071,5974.683011134047,5914.388696235065,5933.40771484375,572406
2024-05-03 00:00:00+05:30,5974.683085600099,6002.266400333668,5934.901459566763,5984.24267578125,563849
2024-05-06 00:00:00+05:30,6024.47211902624,6060.469487418875,5960.941516623072,6031.14404296875,419144
2024-05-07 00:00:00+05:30,6054.34555209525,6054.34555209525,5831.688930928609,5875.35400390625,455928
2024-05-08 00:00:00+05:30,5867.138578169097,5885.062626778575,5788.123299971461,5821.83056640625,511587
2024-05-09 00:00:00+05:30,5835.174160055577,5867.138811926865,5765.569199093101,5781.89990234375,598157
2024-05-10 00:00:00+05:30,5795.39327719529,5856.1854860263875,5728.974519211241,5817.79833984375,372227
2024-05-13 00:00:00+05:30,5795.442242042749,5817.747626967251,5765.768179003134,5805.54931640625,348407
2024-05-14 00:00:00+05:30,5830.294630288597,5869.777228533896,5715.779876662091,5838.0615234375,558136
2024-05-15 00:00:00+05:30,5845.181751339062,5858.624787654105,5795.442322485032,5824.12060546875,509306
2024-05-16 00:00:00+05:30,5865.1466605290925,5919.416693296297,5825.315443819218,5906.6708984375,378026
2024-05-17 00:00:00+05:30,5899.9997026701285,5947.797168615811,5885.16266986035,5927.93115234375,267904
2024-05-21 00:00:00+05:30,5974.683008132644,6016.4061138952475,5895.418782980561,5923.1513671875,606639
2024-05-22 00:00:00+05:30,5933.458195387385,5933.458195387385,5820.287830970457,5843.3896484375,735701
2024-05-23 00:00:00+05:30,5853.646267177726,5966.169467377421,5835.871487424112,5944.859375,308200
2024-05-24 00:00:00+05:30,5913.243182629427,5946.651910328907,5842.244227059962,5889.39453125,608807
2024-05-27 00:00:00+05:30,5924.89381508204,5934.353729576709,5893.028839942103,5914.23876953125,189637
2024-05-28 00:00:00+05:30,5919.0685369146095,5946.253636182743,5855.487855013062,5879.5859375,314362
2024-05-29 00:00:00+05:30,5884.963019770772,5919.915012208995,5856.085385564875,5878.54052734375,337183
2024-05-30 00:00:00+05:30,5875.104943482852,5876.847559355919,5725.737868648543,5742.11865234375,643549
2024-05-31 00:00:00+05:30,5831.240846334455,5934.20444983923,5718.7672475946765,5814.5615234375,1382132
2024-06-03 00:00:00+05:30,5961.040791068298,5992.7564981867,5788.023924015114,5826.51123046875,804820
2024-06-04 00:00:00+05:30,5726.086413132753,5938.58587153485,5669.1776556197465,5821.0341796875,642000
2024-06-05 00:00:00+05:30,5890.041896344487,5919.666367420776,5752.424831175659,5909.60888671875,487289
2024-06-06 00:00:00+05:30,5944.8095056123675,5949.788408045879,5875.104871543211,5936.84326171875,490549
2024-06-07 00:00:00+05:30,5962.484663918827,6005.552170363567,5940.278953350149,5989.17138671875,436163
2024-06-10 00:00:00+05:30,6014.5143138708245,6049.366631914778,5966.766443662226,6031.14404296875,443756
2024-06-11 00:00:00+05:30,6056.088090636867,6141.227323875565,6033.633434721356,6082.177734375,521348
2024-06-12 00:00:00+05:30,6091.487945231009,6162.736332756975,6049.366623967322,6142.57177734375,321285
2024-06-13 00:00:00+05:30,6181.756287901784,6184.3449284504995,6134.008414279508,6180.013671875,401804
2024-06-14 00:00:00+05:30,6183.797002556012,6193.705213175703,6148.944684506179,6181.4072265625,216573
2024-06-18 00:00:00+05:30,6198.733926321118,6223.429089482972,6140.18222444522,6210.0361328125,267887
2024-06-19 00:00:00+05:30,6238.564809153845,6242.547931138939,6102.192475700803,6147.50048828125,401714
2024-06-20 00:00:00+05:30,6139.683940929849,6167.565794555611,6089.9445111340865,6149.791015625,252844
2024-06-21 00:00:00+05:30,6126.240634637907,6212.773857872413,6119.070820961431,6143.96533203125,434583
2024-06-24 00:00:00+05:30,6143.965745152836,6268.438308871491,6130.174087848618,6233.1376953125,357273
2024-06-25 00:00:00+05:30,6231.594123638968,6288.353609904136,6215.910581381487,6268.78662109375,348730
2024-06-26 00:00:00+05:30,6253.302377501832,6259.127790846242,6099.155745953705,6110.90576171875,538411
2024-06-27 00:00:00+05:30,6089.9449360680765,6174.237662899123,6029.451267284013,6166.37109375,440975
2024-06-28 00:00:00+05:30,6196.244137144059,6196.244137144059,6119.220418524524,6159.599609375,334692
2024-07-01 00:00:00+05:30,6153.923662886267,6153.923662886267,6082.675760598032,6114.59033203125,374933
2024-07-02 00:00:00+05:30,6108.864732238485,6137.742368203262,6051.358405446558,6071.87158203125,436037
2024-07-03 00:00:00+05:30,6106.374701166555,6191.513930152611,6053.398986420194,6166.56982421875,188203
2024-07-04 00:00:00+05:30,6174.785282066901,6217.6534380764715,6135.003656628625,6198.783203125,222050
2024-07-05 00:00:00+05:30,6174.835067553336,6316.086633001438,6133.012285286404,6301.8466796875,350300
2024-07-08 00:00:00+05:30,6353.07982338726,6360.996473141466,6266.247566109004,6290.7939453125,317731
2024-07-09 00:00:00+05:30,6282.677762072719,6323.604438179012,6229.5031802114045,6293.63134765625,176239
2024-07-10 00:00:00+05:30,6293.6317075912975,6389.923882670975,6274.562607024499,6348.79833984375,295890
2024-07-11 00:00:00+05:30,6368.912502369681,6384.596045490105,6313.248468792813,6362.09130859375,354777
2024-07-12 00:00:00+05:30,6358.258066226393,6392.861439815771,6293.33298085952,6327.08984375,211028
2024-07-15 00:00:00+05:30,6313.746129248952,6439.413820229909,6313.746129248952,6410.087890625,359221
2024-07-16 00:00:00+05:30,6410.088453469417,6436.725583630636,6375.982969057389,6426.46923828125,298376
2024-07-18 00:00:00+05:30,6404.86025347928,6512.106009115006,6402.8686924551885,6493.33544921875,583444
2024-07-19 00:00:00+05:30,6497.716633917954,6497.716633917954,6338.142810603084,6355.021484375,228785
2024-07-22 00:00:00+05:30,6355.021755471432,6406.85193763112,6343.271253470895,6375.13623046875,222285
2024-07-23 00:00:00+05:30,6376.978293079004,6447.081142716883,6298.1122833483005,6376.580078125,284679
2024-07-24 00:00:00+05:30,6372.994776669453,6416.759521225728,6323.255349510049,6395.49951171875,309594
2024-07-25 00:00:00+05:30,6377.77481014149,6407.001065327519,6345.113403931667,6358.85498046875,412373
2024-07-26 00:00:00+05:30,6405.855931548968,6651.764119554526,6366.572196488601,6636.4287109375,432671
2024-07-29 00:00:00+05:30,6748.404308924154,6748.404308924154,6588.481866687607,6653.45654296875,367708
2024-07-30 00:00:00+05:30,6653.456405752557,6684.823490206905,6556.318216478335,6612.97802734375,264929
2024-07-31 00:00:00+05:30,6636.130369983054,6658.535431816662,6556.36825261122,6587.38671875,352268
2024-08-01 00:00:00+05:30,6587.38635266549,6706.581469484569,6578.723354303838,6678.10205078125,361725
2024-08-02 00:00:00+05:30,6678.10273691409,6767.175503649212,6652.810007606393,6681.8369140625,587569
2024-08-05 00:00:00+05:30,6660.775343023852,6727.990522520654,6572.200478665255,6659.38134765625,907845
2024-08-06 00:00:00+05:30,6660.924914585688,6706.581546934097,6603.069971331572,6629.60791015625,334936
2024-08-07 00:00:00+05:30,6672.924552807988,6739.442496434534,6633.8897623000685,6691.99365234375,358284
2024-08-08 00:00:00+05:30,6711.56009888481,6715.891840999935,6472.572795660425,6514.2958984375,509454
2024-08-09 00:00:00+05:30,6554.476266271131,6570.159809313976,6502.44673458931,6560.052734375,115598
2024-08-12 00:00:00+05:30,6522.362630534174,6564.085738514313,6393.857344492726,6474.96337890625,230114
2024-08-13 00:00:00+05:30,6482.829371047718,6613.973852862497,6482.829371047718,6561.595703125,400126
2024-08-14 00:00:00+05:30,6572.150782260895,6836.0325939728855,6432.990468348628,6488.35595703125,1723346
2024-08-16 00:00:00+05:30,6538.570687510406,6696.7438253062,6538.371030519605,6668.9189453125,611092
2024-08-19 00:00:00+05:30,6731.849989054351,6738.731338316165,6547.397104566935,6706.8173828125,398225
2024-08-20 00:00:00+05:30,6756.782590262224,6770.346118390581,6632.118704833032,6654.95703125,146064
2024-08-21 00:00:00+05:30,6657.05151840861,6770.246326998778,6609.280414643953,6734.29345703125,291296
2024-08-22 00:00:00+05:30,6742.37084553833,6839.55899957152,6732.846720050646,6812.1826171875,344641
2024-08-23 00:00:00+05:30,6845.542884724577,6908.772306400202,6812.33262233512,6842.251953125,468784
2024-08-26 00:00:00+05:30,6811.6345963829735,6859.505527660628,6591.02919329113,6761.76904296875,385016
2024-08-27 00:00:00+05:30,6761.769036196369,6832.328794206825,6715.892727101231,6763.21533203125,297297
2024-08-28 00:00:00+05:30,6767.653301627967,6830.085073932659,6728.409012417228,6758.22900390625,250361
2024-08-29 00:00:00+05:30,6781.6155018004465,6888.776771917316,6742.121885718558,6838.76171875,659960
2024-08-30 00:00:00+05:30,6846.540615625564,6971.204501561936,6832.57826040069,6908.87255859375,499581
2024-09-02 00:00:00+05:30,6970.207040113008,6980.180150772778,6846.590138697846,6861.5498046875,248292
2024-09-03 00:00:00+05:30,6872.420962271684,6907.176863737734,6816.07288640945,6826.44482421875,361990
2024-09-04 00:00:00+05:30,6819.613082773075,6919.34418956999,6771.791822276636,6912.26318359375,389768
2024-09-05 00:00:00+05:30,6912.263536464466,7025.059521403665,6881.646377295785,6915.654296875,387284
2024-09-06 00:00:00+05:30,6915.654082261889,6943.728778961828,6839.459612537519,6888.22802734375,185503
2024-09-09 00:00:00+05:30,6888.227601864162,6909.370790409655,6802.110184315244,6842.251953125,304409
2024-09-10 00:00:00+05:30,6881.446130299293,6957.092269574572,6842.2520014749,6902.93798828125,354522
2024-09-11 00:00:00+05:30,6881.446473010489,6935.251600728087,6854.968058542965,6881.69580078125,223028
2024-09-12 00:00:00+05:30,6924.330676243759,7077.368252893325,6896.405966617542,7042.81103515625,831152
2024-09-13 00:00:00+05:30,7077.119482444792,7080.859399207104,6989.206116177392,7000.2763671875,238034
2024-09-16 00:00:00+05:30,7006.11033662368,7043.958486894967,6991.649325964457,7012.443359375,226343
2024-09-17 00:00:00+05:30,7012.493366916282,7133.218171122579,6981.078066389251,6989.2060546875,266003
2024-09-18 00:00:00+05:30,7010.997090528521,7048.99474021451,6942.033126478233,7016.98095703125,251334
2024-09-19 00:00:00+05:30,7048.994684521799,7105.49225957836,6992.596937966488,7011.34619140625,407897
2024-09-20 00:00:00+05:30,7020.969933264862,7100.854645419488,6999.029090259352,7063.60498046875,493357
2024-09-23 00:00:00+05:30,7071.334293054138,7162.688084197799,7071.334293054138,7133.56640625,254282
2024-09-24 00:00:00+05:30,7057.172470929348,7180.639381055181,7057.172470929348,7102.84912109375,333949
2024-09-25 00:00:00+05:30,7073.677801019432,7125.7376315211295,7055.127718486168,7114.2685546875,236185
2024-09-26 00:00:00+05:30,7088.887007598287,7174.606087909389,7075.323479801796,7148.576171875,405696
2024-09-27 00:00:00+05:30,7140.049007513393,7260.324820940389,7090.8817661444655,7214.54833984375,772592
2024-09-30 00:00:00+05:30,7141.246016188841,7297.275530050632,7141.246016188841,7179.7919921875,442794
2024-10-01 00:00:00+05:30,7182.135664964126,7224.471714639693,7115.814478861214,7134.115234375,310719
2024-10-03 00:00:00+05:30,7074.276864116992,7180.639996674064,6837.5153038425415,6887.380859375,655420
2024-10-04 00:00:00+05:30,6883.540700484717,6939.589289353529,6709.260594373509,6755.38623046875,429272
2024-10-07 00:00:00+05:30,6782.712711201478,6839.060787687712,6725.018167352441,6754.9375,260810
2024-10-08 00:00:00+05:30,6800.664486819868,6921.339131621922,6730.553710288316,6905.68115234375,345891
2024-10-09 00:00:00+05:30,6940.287499354719,7050.9890243480195,6917.748172548014,6990.05322265625,391824
2024-10-10 00:00:00+05:30,7035.97990973912,7036.079251271224,6865.539058745868,6936.34814453125,237853
2024-10-11 00:00:00+05:30,6963.225932199846,7000.076771243079,6911.465584752319,6964.6220703125,75315
2024-10-14 00:00:00+05:30,6958.089568401655,7082.304462603508,6943.0300744304295,7073.5283203125,168515
2024-10-15 00:00:00+05:30,7095.868407067839,7131.123451501535,7021.070075299731,7120.95068359375,322659
2024-10-16 00:00:00+05:30,7066.048829614892,7116.014212111697,7037.026979796054,7052.28564453125,223419
2024-10-17 00:00:00+05:30,7069.938460129414,7083.501988621647,6941.933481743,6970.50634765625,183572
2024-10-18 00:00:00+05:30,6964.521873890647,7022.715069491074,6931.311611603654,6964.123046875,236651
2024-10-21 00:00:00+05:30,6953.501915674336,7013.091250460315,6938.791577798299,6967.61376953125,222611
2024-10-22 00:00:00+05:30,7001.074278325255,7018.327565634699,6853.072920937868,6873.41845703125,112233
2024-10-23 00:00:00+05:30,6866.486706915449,6940.238055221489,6836.318047092037,6888.17822265625,109466
2024-10-24 00:00:00+05:30,6918.596223895789,6959.236650019074,6852.1752092061615,6935.45068359375,147408
2024-10-25 00:00:00+05:30,6935.450579278924,6962.228478513017,6857.560488449961,6926.17578125,175261
2024-10-28 00:00:00+05:30,6904.384849357726,6951.25847176417,6775.98104329752,6907.67578125,238427
2024-10-29 00:00:00+05:30,6939.190785989759,6978.8840598403085,6837.365225569401,6968.66162109375,196146
2024-10-30 00:00:00+05:30,6961.82981571849,7016.083441024436,6921.139231512805,6963.724609375,191699
2024-10-31 00:00:00+05:30,6981.077422451655,7031.042802741389,6937.345236135984,7003.81640625,224153
2024-11-01 00:00:00+05:30,7003.816864502299,7027.054018370671,6981.925691045766,7013.0419921875,18769
2024-11-04 00:00:00+05:30,7070.935691132633,7070.935691132633,6873.617592823514,6939.689453125,273442
2024-11-05 00:00:00+05:30,6901.392563612963,6967.763420141895,6795.926918583762,6947.56787109375,246059
2024-11-06 00:00:00+05:30,7001.12362777106,7122.546249093158,6872.470501277831,6949.36328125,459745
2024-11-07 00:00:00+05:30,7296.826020069719,7463.775786102522,7180.938285675755,7404.884765625,2502817
2024-11-08 00:00:00+05:30,7370.178050033891,7524.711586142981,7360.155269149795,7401.44384765625,1032481
2024-11-11 00:00:00+05:30,7380.102197557288,7434.106496649803,6963.824638564408,7136.2099609375,625620
2024-11-12 00:00:00+05:30,7141.993979669503,7213.401550471344,6982.174878920047,7000.6748046875,194183
2024-11-13 00:00:00+05:30,6951.258256166385,6979.382623525283,6812.083689167764,6840.4072265625,299775
2024-11-14 00:00:00+05:30,6841.553993630597,6889.424925364456,6808.692398830139,6842.2021484375,192648
2024-11-18 00:00:00+05:30,6855.964862555217,6855.964862555217,6676.548222410531,6723.77099609375,268706
2024-11-19 00:00:00+05:30,6731.849367908379,6778.623157233969,6643.288344344536,6668.9189453125,290018
2024-11-21 00:00:00+05:30,6605.739766606411,6743.768012943204,6576.418917549156,6724.3701171875,258574
2024-11-22 00:00:00+05:30,6733.445565783098,6931.610984628983,6733.445565783098,6916.4521484375,498633
2024-11-25 00:00:00+05:30,6961.231037433746,7127.781980592978,6912.262968129202,7055.9755859375,639047
2024-11-26 00:00:00+05:30,7075.922068473571,7092.926027494212,7023.563237100088,7057.521484375,179222
2024-11-27 00:00:00+05:30,7057.521572271614,7096.267205364202,6951.25827082417,6963.92431640625,227250
2024-11-28 00:00:00+05:30,6963.924427579232,7011.097047922309,6797.6724720680595,6822.705078125,412343
2024-11-29 00:00:00+05:30,6848.584918304463,6873.917009537393,6793.683137647351,6810.53759765625,410883
2024-12-02 00:00:00+05:30,6839.559249487829,7060.962304808082,6802.758568767445,7046.80029296875,579743
2024-12-03 00:00:00+05:30,7085.296376851873,7116.213018750079,7057.521167301282,7107.38671875,351470
2024-12-04 00:00:00+05:30,7197.244853406892,7249.55401394279,7105.891061779297,7212.90283203125,604278
2024-12-05 00:00:00+05:30,7237.735533390591,7315.226795861178,7121.199641160504,7255.1884765625,510951
2024-12-06 00:00:00+05:30,7243.470431755583,7290.393723656146,7188.368994146538,7213.85009765625,189048
2024-12-09 00:00:00+05:30,7143.489875945199,7208.514752581197,7143.489875945199,7174.50634765625,203674
2024-12-10 00:00:00+05:30,7209.362038399663,7288.798254373333,7195.798997478041,7238.78271484375,333300
2024-12-11 00:00:00+05:30,7236.189768577524,7344.198357345417,7196.645997027248,7321.060546875,391192
2024-12-12 00:00:00+05:30,7280.3708724101,7298.97062662883,7170.167998245536,7207.6669921875,396742
2024-12-13 00:00:00+05:30,7201.58288394828,7257.781457385486,7184.828253579747,7239.9296875,314999
2024-12-16 00:00:00+05:30,7232.150673355099,7250.55125725666,7146.780748959848,7239.6806640625,219812
2024-12-17 00:00:00+05:30,7207.567171875,7287.352058238636,7181.637083806818,7199.33935546875,237831
2024-12-18 00:00:00+05:30,7213.8002213403615,7247.95812512924,7158.349629036874,7217.93896484375,253532
2024-12-19 00:00:00+05:30,7128.779569501803,7293.585224770434,7118.207974705133,7277.92724609375,292899
2024-12-20 00:00:00+05:30,7305.104224448411,7370.029275109364,7190.662774564823,7232.201171875,349055
2024-12-23 00:00:00+05:30,7231.602586061357,7310.190505643856,7165.680225217883,7245.56494140625,179062
2024-12-24 00:00:00+05:30,7240.478448182838,7260.175342032922,7191.011721170739,7220.5322265625,146814
2024-12-26 00:00:00+05:30,7252.645579232773,7278.4256801820475,7205.322975340659,7241.625,116439
2024-12-27 00:00:00+05:30,7241.625108045244,7275.384184829784,7135.760636388912,7226.81494140625,189089
2024-12-30 00:00:00+05:30,7220.532172322009,7358.559927504228,7200.635621617863,7294.58251953125,428884
2024-12-31 00:00:00+05:30,7285.95608472546,7346.1439071294535,7233.297766354822,7276.73095703125,212227
2025-01-01 00:00:00+05:30,7300.31709841415,7424.980983291441,7280.769703871731,7349.83349609375,341399
2025-01-02 00:00:00+05:30,7385.088715190638,7424.931488529194,7313.331986566991,7401.69384765625,265991
2025-01-03 00:00:00+05:30,7407.977202279319,7417.550999293422,7260.424829803878,7278.7255859375,180636
2025-01-06 00:00:00+05:30,7278.725248408462,7452.905527075795,7271.145586983522,7409.17333984375,527272
2025-01-07 00:00:00+05:30,7446.173605577611,7525.06100679865,7325.449298110759,7416.7529296875,398234
2025-01-08 00:00:00+05:30,7428.720864901754,7439.940614487945,7111.825271033987,7123.44384765625,450295
2025-01-09 00:00:00+05:30,7120.800872021568,7144.437338610969,6972.301354591133,7072.48095703125,305521
2025-01-10 00:00:00+05:30,7070.935427315744,7119.8036693380955,6997.982220547463,7017.82861328125,185381
2025-01-13 00:00:00+05:30,6981.177584781182,6981.177584781182,6737.883351164238,6821.208984375,431086
2025-01-14 00:00:00+05:30,6836.168630119755,6880.4491447024375,6665.1297798057285,6688.81591796875,362659
2025-01-15 00:00:00+05:30,6731.450669389427,6741.772936010912,6590.23132922663,6673.85595703125,547360
2025-01-16 00:00:00+05:30,6741.822890323859,6789.494165086462,6682.033896383445,6771.39306640625,579821
2025-01-17 00:00:00+05:30,6801.611758348511,6826.594205613879,6744.116386165603,6809.73974609375,166710
2025-01-20 00:00:00+05:30,6882.44352392325,6891.419323331351,6721.8764456227655,6762.61669921875,120356
2025-01-21 00:00:00+05:30,6819.612741867407,6996.087121310088,6819.612741867407,6900.54443359375,799900
2025-01-22 00:00:00+05:30,6889.424728613194,6923.283633524483,6811.534638268655,6874.365234375,247081
2025-01-23 00:00:00+05:30,6873.717041130737,6944.376625972486,6804.852908348668,6902.240234375,271085
2025-01-24 00:00:00+05:30,6896.655130495005,6896.655130495005,6710.357624060168,6726.91259765625,317194
2025-01-27 00:00:00+05:30,6681.984348046518,6711.70402394155,6656.403415809225,6677.44677734375,191705
2025-01-28 00:00:00+05:30,6680.9872040832815,6729.356793484391,6617.208963065003,6690.91064453125,202194
2025-01-29 00:00:00+05:30,6722.873755438042,6780.468468296157,6679.2413972121985,6766.05712890625,146288
2025-01-30 00:00:00+05:30,6768.002180815279,6876.45975858852,6752.145032355194,6806.298828125,204648
2025-01-31 00:00:00+05:30,6803.905416738601,6861.500130772337,6770.894323076255,6792.18701171875,187712
2025-02-01 00:00:00+05:30,6791.987603998636,6921.339048731269,6791.937933230854,6822.705078125,117096
2025-02-03 00:00:00+05:30,6763.365180836314,6868.232347587394,6706.8676033483825,6780.369140625,250589
2025-02-04 00:00:00+05:30,6766.75568886244,6798.270816435623,6688.267111950806,6773.9365234375,223642
2025-02-05 00:00:00+05:30,6807.795194944054,6989.156319257961,6778.175346902163,6925.9765625,389639
2025-02-06 00:00:00+05:30,6819.014614665838,6906.379161817653,6767.303938277198,6855.765625,334197
2025-02-07 00:00:00+05:30,6902.8389366703905,6911.216252308945,6731.849758029131,6772.29052734375,259335
2025-02-10 00:00:00+05:30,6798.869576286913,6815.973364637061,6668.022162281614,6743.06982421875,213808
2025-02-11 00:00:00+05:30,6781.615550608226,6796.675045387852,6265.606892538398,6300.36328125,1728723
2025-02-12 00:00:00+05:30,6332.526560307172,6476.587854299785,6198.28839092344,6357.4091796875,1133586
2025-02-13 00:00:00+05:30,6355.1151004508265,6407.723256368874,6327.390049086062,6355.0654296875,636246
2025-02-14 00:00:00+05:30,6369.097915711467,6371.744430666097,6222.635476986802,6262.484375,320088
2025-02-17 00:00:00+05:30,6142.138293906521,6308.924813432112,6142.138293906521,6292.146484375,482329
2025-02-18 00:00:00+05:30,6311.92081893513,6381.831334334728,6311.92081893513,6368.6982421875,220118
2025-02-19 00:00:00+05:30,6340.134660530242,6426.773762928698,6276.216475475473,6414.439453125,195067
2025-02-20 00:00:00+05:30,6376.088643372824,6461.17992233984,6369.746663414281,6382.7802734375,165304
2025-02-21 00:00:00+05:30,6354.166425714404,6387.424148557422,6284.9054708624535,6309.4736328125,220428
2025-02-24 00:00:00+05:30,6266.978620882339,6266.978620882339,6228.028474872074,6243.40869140625,458224
2025-02-25 00:00:00+05:30,6243.0092365985,6271.92242436642,6205.107553689101,6243.35888671875,421160
2025-02-27 00:00:00+05:30,6252.996364415751,6274.219199864375,6137.594270721471,6177.29345703125,397857
2025-02-28 00:00:00+05:30,6137.194317476782,6137.194317476782,5993.678308095941,6044.86279296875,845516
2025-03-03 00:00:00+05:30,6017.897274741039,6187.080624803114,5993.328624607504,6162.7119140625,373515
2025-03-04 00:00:00+05:30,6125.1598565523145,6212.548000600631,6104.486123411776,6180.2392578125,445246
2025-03-05 00:00:00+05:30,6192.074072543364,6227.079070422909,6122.812630345685,6206.45556640625,345922
2025-03-06 00:00:00+05:30,6247.003908833726,6283.956609813238,6209.102227225702,6266.07958984375,284475
2025-03-07 00:00:00+05:30,6284.206365475458,6306.677602826676,6189.377548790497,6208.15380859375,299433
2025-03-10 00:00:00+05:30,6198.465964309977,6204.058903093372,6126.05864452983,6141.73876953125,266043
2025-03-11 00:00:00+05:30,6122.163850567531,6147.83119260582,6032.278900069802,6126.95751953125,526709
2025-03-12 00:00:00+05:30,6126.258429924275,6150.078038260459,6055.998265930983,6135.89599609375,250139
2025-03-13 00:00:00+05:30,6147.231707070187,6192.074211489727,6074.325026838131,6097.8447265625,247628
2025-03-17 00:00:00+05:30,5994.327573581633,6196.269294032369,5994.327573581633,6148.77978515625,287639
2025-03-18 00:00:00+05:30,6148.77978515625,6148.77978515625,6148.77978515625,6148.77978515625,0
2025-03-19 00:00:00+05:30,6267.2278988640055,6426.673709312939,6219.13954998606,6419.3330078125,579880
2025-03-20 00:00:00+05:30,6456.735585339051,6476.360368589063,6355.6150164271285,6466.07373046875,457285
2025-03-21 00:00:00+05:30,6485.698605822227,6625.619611064712,6461.779026464751,6603.09814453125,496635
2025-03-24 00:00:00+05:30,6640.899919812836,6691.3855939267305,6592.0127855942865,6607.3427734375,389998
2025-03-25 00:00:00+05:30,6588.067475283183,6658.627063513728,6553.66131879786,6636.2060546875,223668
2025-03-26 00:00:00+05:30,6645.29403546243,6671.4607382110535,6482.75208409359,6511.46533203125,281646
2025-03-27 00:00:00+05:30,6491.74075011215,6551.564569690812,6422.030170954287,6483.7509765625,728926
2025-03-28 00:00:00+05:30,6483.750987178941,6641.2495935971265,6424.726925109921,6607.74267578125,413873
2025-04-01 00:00:00+05:30,6590.564053758572,6653.383546919907,6537.282157126084,6623.8212890625,319668
2025-04-02 00:00:00+05:30,6623.82148974124,6737.775729008723,6623.82148974124,6723.5439453125,292940
2025-04-03 00:00:00+05:30,6666.516754854563,6766.289437816478,6651.535930104373,6662.82177734375,312519
2025-04-04 00:00:00+05:30,6663.470897140785,6726.390361547241,6573.585947988707,6705.96630859375,279891
2025-04-07 00:00:00+05:30,6556.607769058809,6717.102536625482,6482.552654697502,6674.75634765625,744140
2025-04-08 00:00:00+05:30,6716.403374182689,6781.320284119028,6707.6645593835665,6746.96435546875,578124
2025-04-09 00:00:00+05:30,6656.479839902683,6842.691687801193,6656.479839902683,6825.36376953125,680834
2025-04-11 00:00:00+05:30,6813.978366988049,6862.166686391715,6756.851293792799,6772.28173828125,651996
2025-04-15 00:00:00+05:30,6956.096149331327,6956.096149331327,6826.262337498869,6896.1728515625,778401
2025-04-16 00:00:00+05:30,6861.217651672124,7025.507361089892,6856.224043483134,6996.54443359375,621996
2025-04-17 00:00:00+05:30,7029.002901316313,7082.9338698686115,6991.051479001731,7064.45751953125,533349
2025-04-21 00:00:00+05:30,7140.860041537233,7179.810187218345,7048.977646597174,7133.36962890625,244570
2025-04-22 00:00:00+05:30,7132.370724465132,7163.33109587988,7060.962125879505,7079.4384765625,305540
2025-04-23 00:00:00+05:30,7079.438508216689,7159.835602088657,7062.46023994559,7132.8701171875,287593
2025-04-24 00:00:00+05:30,7132.370666542269,7175.315697510738,7084.432027321653,7150.34765625,277769
2025-04-25 00:00:00+05:30,7160.335059359213,7233.741102578811,6889.182124201109,6944.11181640625,550158
2025-04-28 00:00:00+05:30,6945.609829805048,7046.980078956707,6945.609829805048,7035.994140625,379519
2025-04-29 00:00:00+05:30,7039.988807553294,7080.936394602476,6967.082128173042,6983.56103515625,174253
2025-04-30 00:00:00+05:30,6983.061879658162,7026.506272073084,6911.153919798982,6968.0810546875,499567
2025-05-02 00:00:00+05:30,6913.151224819122,7088.926234291553,6909.156338240203,6919.1435546875,207912
2025-05-05 00:00:00+05:30,6951.102857488529,7022.012096408312,6941.115640739264,6965.0849609375,259097
2025-05-06 00:00:00+05:30,6990.552183395344,7064.956946258828,6941.115461761218,7000.0400390625,292595
2025-05-07 00:00:00+05:30,6961.089860811524,7046.979922221824,6941.115427925408,6974.0732421875,338311
2025-05-08 00:00:00+05:30,6941.115290960464,6970.078218073825,6797.299377018262,6842.7412109375,383274
2025-05-09 00:00:00+05:30,6726.889969430485,6835.251273221325,6668.964111182846,6713.4072265625,428193
2025-05-12 00:00:00+05:30,6791.307070955458,6931.627459700934,6749.860123390068,6917.14599609375,237009
2025-05-13 00:00:00+05:30,6899.16937059541,7004.035147073771,6891.17959714944,6908.6572265625,323598
2025-05-14 00:00:00+05:30,6921.14094522609,6984.0604083645085,6853.727234720641,6907.658203125,324593
2025-05-15 00:00:00+05:30,6933.125806932661,7087.428304364395,6861.217846964475,7063.458984375,656146
2025-05-16 00:00:00+05:30,7070.949132439416,7095.917173161306,6984.060350727236,7006.0322265625,270772
2025-05-19 00:00:00+05:30,6976.070561453778,7051.973405071601,6956.595489736048,6965.583984375,307173
2025-05-20 00:00:00+05:30,6976.570103963216,6998.0426194932725,6882.190907796224,6903.1640625,365507
2025-05-21 00:00:00+05:30,6919.6432119677565,7033.996845188556,6919.6432119677565,6975.072265625,449740
2025-05-22 00:00:00+05:30,6975.072152585556,6992.050420998206,6906.1603572636195,6945.60986328125,229993
2025-05-23 00:00:00+05:30,6978.567669685079,7078.939197528134,6921.141173655469,7055.46923828125,321466
2025-05-26 00:00:00+05:30,7085.930140174184,7110.8981815419575,7070.9493153535195,7087.42822265625,228090
2025-05-27 00:00:00+05:30,7109.399993324832,7115.392323163977,7020.513767377525,7064.45751953125,218088
2025-05-28 00:00:00+05:30,7090.923984088622,7091.922705776522,6923.6381013654045,6947.607421875,278102
2025-05-29 00:00:00+05:30,6956.595571973912,6972.075757368441,6877.696562543729,6914.14990234375,308885
2025-05-30 00:00:00+05:30,6941.115747316919,6984.060779998161,6844.739104206691,6871.70458984375,911209
2025-06-02 00:00:00+05:30,6935.123235395126,7080.936598351303,6874.700574718081,6906.65966796875,1217905
2025-06-03 00:00:00+05:30,6941.115736095184,6941.615096939507,6790.808121953842,6803.79150390625,489548
2025-06-04 00:00:00+05:30,6803.791146866168,6859.220197677334,6763.342920598559,6846.23681640625,629518
2025-06-05 00:00:00+05:30,6859.719548676442,6910.654352051633,6833.253425354039,6867.2099609375,488647
2025-06-06 00:00:00+05:30,6858.221516024487,6946.109020525747,6799.296939142961,6933.625,269399
2025-06-09 00:00:00+05:30,6967.581786545865,6967.581786545865,6877.197474687139,6923.138671875,239444
2025-06-10 00:00:00+05:30,6942.61357629369,6983.561164098917,6902.165349315355,6909.65576171875,559472
2025-06-11 00:00:00+05:30,6909.156675162396,6938.119604271924,6854.226982023638,6918.64453125,526939
2025-06-12 00:00:00+05:30,6923.138604737637,7045.981369939993,6921.141161401013,6987.55615234375,552007
2025-06-13 00:00:00+05:30,6970.078408146579,7028.503624778844,6914.149995643898,6985.55859375,367775
2025-06-16 00:00:00+05:30,7001.538071764028,7128.875081128541,6973.074504964902,7104.90576171875,589027
2025-06-17 00:00:00+05:30,7110.898367810248,7125.3798321828945,6990.552405265144,6997.54345703125,264117
2025-06-18 00:00:00+05:30,6997.543400868519,7021.013360180645,6908.157811147869,6924.63671875,394355
2025-06-19 00:00:00+05:30,6928.132229655401,7026.006953384134,6903.164187887866,7000.53955078125,462080
2025-06-20 00:00:00+05:30,6996.044999643303,7067.952956813085,6965.583990008882,7054.47021484375,378436
2025-06-23 00:00:00+05:30,6991.051579780592,7040.488301666183,6986.557332336448,6998.5419921875,137379
2025-06-24 00:00:00+05:30,7025.5075126035945,7066.9544614660645,6984.559924570792,6997.0439453125,238243
2025-06-25 00:00:00+05:30,6986.058128073079,7051.973758731096,6986.058128073079,7032.998046875,378904
2025-06-26 00:00:00+05:30,7045.481956936915,7113.3950298792515,7011.525420465747,7092.421875,426516
2025-06-27 00:00:00+05:30,7120.885410876463,7314.637412238319,7108.401390170157,7299.1572265625,523582
2025-06-30 00:00:00+05:30,7327.121383401512,7327.121383401512,7194.291403984569,7232.7421875,353888
2025-07-01 00:00:00+05:30,7465.444325840969,7574.804346400111,7395.034449590563,7486.41748046875,1872535
2025-07-02 00:00:00+05:30,7460.450720800505,7522.3714630615,7407.019112559163,7431.48779296875,910865
2025-07-03 00:00:00+05:30,7464.4459159936805,7590.784209862184,7430.489378511236,7555.32958984375,894597
2025-07-04 00:00:00+05:30,7583.29374478977,7583.29374478977,7515.380670294089,7543.84423828125,349076
2025-07-07 00:00:00+05:30,7552.832551363135,7615.752015923252,7525.867066551657,7606.26416015625,449086
2025-07-08 00:00:00+05:30,7595.2784574701545,7625.240108189958,7544.343651246489,7555.32958984375,481581
2025-07-09 00:00:00+05:30,7535.354995308734,7558.824954538655,7438.978354215654,7459.4521484375,266815
2025-07-10 00:00:00+05:30,7445.470053808474,7445.470053808474,7338.60683506166,7349.5927734375,384661
2025-07-11 00:00:00+05:30,7345.59800954843,7374.560938477989,7149.8485588521025,7180.3095703125,578061
2025-07-14 00:00:00+05:30,7190.796074272853,7247.223849022355,7163.83058899433,7210.7705078125,670246
2025-07-15 00:00:00+05:30,7251.218653743483,7364.573562799317,7218.260838775707,7351.0908203125,517978
2025-07-16 00:00:00+05:30,7365.072950945416,7400.5275702089,7300.6554032695085,7343.10107421875,527782
2025-07-17 00:00:00+05:30,7351.590092988998,7399.029371540414,7322.127804204433,7341.103515625,378666
2025-07-18 00:00:00+05:30,7375.060027906943,7375.060027906943,7245.725574170881,7294.16357421875,192649
2025-07-21 00:00:00+05:30,7294.163434152131,7313.139145146708,7236.736940352755,7245.22607421875,217270
2025-07-22 00:00:00+05:30,7260.7062865478165,7282.178801700606,7207.274679074597,7237.236328125,300768
2025-07-23 00:00:00+05:30,7241.730814424121,7380.553126271446,7234.739762748356,7364.07421875,508883
2025-07-24 00:00:00+05:30,7363.574769794638,7475.930956096265,7340.104810878298,7354.0869140625,454916
2025-07-25 00:00:00+05:30,7355.584946031143,7473.933461456084,7334.112430574297,7458.95263671875,434232
2025-07-28 00:00:00+05:30,7470.437824967716,7492.409700923503,7313.638528374142,7347.095703125,240740
2025-07-29 00:00:00+05:30,7347.095944122183,7459.452131672479,7301.154747434952,7446.46875,336770
2025-07-30 00:00:00+05:30,7450.463779362416,7464.945243812919,7390.54047818792,7440.4765625,266922
2025-07-31 00:00:00+05:30,7368.568439344242,7515.380523999108,7345.5978410649095,7488.4150390625,342605
2025-08-01 00:00:00+05:30,7528.363634467668,7528.363634467668,7322.127618214342,7342.10205078125,215243
2025-08-04 00:00:00+05:30,7377.556724076461,7378.555445712318,7285.674333577607,7298.65771484375,260996
2025-08-05 00:00:00+05:30,7302.652593999175,7332.614243044576,7226.250388933401,7264.701171875,282791
2025-08-06 00:00:00+05:30,7260.706666134206,7269.695161319241,7155.341528131846,7180.3095703125,296623
2025-08-07 00:00:00+05:30,7154.842142553609,7188.299318960022,7044.483396496633,7160.83447265625,407857
2025-08-08 00:00:00+05:30,7160.834058397734,7189.297624738646,7056.967009294058,7075.443359375,327102
2025-08-11 00:00:00+05:30,7091.922677075441,7310.642725840336,7011.525581524875,7249.720703125,498598
2025-08-12 00:00:00+05:30,7249.720749750073,7275.68751369738,7195.789778474897,7227.24951171875,342006
2025-08-13 00:00:00+05:30,7393.536434091755,7829.9777986329,7379.554330879911,7798.51806640625,2291645
2025-08-14 00:00:00+05:30,7819.990598955003,7849.452887929356,7739.094144483056,7811.50146484375,673142
2025-08-18 00:00:00+05:30,7839.9648449984015,7907.378555449025,7796.021093000959,7812.5,633876
2025-08-19 00:00:00+05:30,7830.5,7864.5,7800.0,7823.5,384598
2025-08-20 00:00:00+05:30,7830.0,7918.0,7812.5,7883.0,452843
2025-08-21 00:00:00+05:30,7893.0,7947.0,7853.0,7926.5,482016
2025-08-22 00:00:00+05:30,7895.0,7980.0,7852.0,7922.5,843648
2025-08-25 00:00:00+05:30,7926.0,7950.0,7838.5,7851.0,402979
2025-08-26 00:00:00+05:30,7827.5,7834.0,7720.5,7793.5,671659
2025-08-28 00:00:00+05:30,7755.0,7828.0,7714.5,7728.0,418353
2025-08-29 00:00:00+05:30,7670.0,7744.0,7586.0,7610.0,481590
2025-09-01 00:00:00+05:30,7595.5,7684.5,7595.5,7671.5,255894
2025-09-02 00:00:00+05:30,7631.5,7699.0,7631.5,7682.0,195907
2025-09-03 00:00:00+05:30,7685.0,7775.5,7656.0,7736.0,321268
2025-09-04 00:00:00+05:30,7790.0,7918.5,7751.0,7900.0,386286
2025-09-05 00:00:00+05:30,7900.0,7915.0,7795.5,7804.5,228324
2025-09-08 00:00:00+05:30,7834.5,7849.5,7740.5,7786.5,314960
2025-09-09 00:00:00+05:30,7755.0,7848.0,7755.0,7825.5,303494
2025-09-10 00:00:00+05:30,7805.0,7939.0,7805.0,7929.0,337313
2025-09-11 00:00:00+05:30,7875.5,7941.5,7860.0,7879.5,161041
2025-09-12 00:00:00+05:30,7875.0,7915.0,7841.5,7874.5,117761
2025-09-15 00:00:00+05:30,7900.0,7956.0,7796.0,7816.5,214626
2025-09-16 00:00:00+05:30,7805.5,7862.0,7805.5,7852.5,194911
2025-09-17 00:00:00+05:30,7869.0,7911.0,7860.0,7888.0,249447
2025-09-18 00:00:00+05:30,7875.0,7886.0,7821.0,7850.5,264065
2025-09-19 00:00:00+05:30,7850.5,7876.5,7798.5,7806.5,207129
2025-09-22 00:00:00+05:30,7611.5,7796.5,7611.5,7739.0,302818
2025-09-23 00:00:00+05:30,7725.0,7749.0,7664.5,7684.0,443181
2025-09-24 00:00:00+05:30,7698.0,7730.0,7634.5,7643.5,201984
2025-09-25 00:00:00+05:30,7649.0,7704.0,7615.0,7624.0,374239
2025-09-26 00:00:00+05:30,7550.0,7630.5,7491.0,7510.0,207170
2025-09-29 00:00:00+05:30,7550.0,7595.0,7426.0,7444.0,388214
2025-09-30 00:00:00+05:30,7444.0,7478.0,7400.0,7409.0,369272
2025-10-01 00:00:00+05:30,7409.5,7482.0,7359.0,7441.0,220764
2025-10-03 00:00:00+05:30,7441.0,7484.0,7404.0,7449.5,478143
2025-10-06 00:00:00+05:30,7550.0,7730.0,7550.0,7662.0,423558
2025-10-07 00:00:00+05:30,7674.5,7706.5,7633.5,7700.0,210121
2025-10-08 00:00:00+05:30,7697.5,7762.0,7643.5,7662.0,188810
2025-10-09 00:00:00+05:30,7690.0,7750.0,7620.0,7695.0,295802
2025-10-10 00:00:00+05:30,7694.5,7739.0,7660.0,7681.0,273853
2025-10-13 00:00:00+05:30,7709.0,7744.0,7643.0,7671.0,191488
2025-10-14 00:00:00+05:30,7848.5,7848.5,7675.0,7759.0,413862
2025-10-15 00:00:00+05:30,7800.0,7850.0,7740.5,7826.0,212807
2025-10-16 00:00:00+05:30,7814.0,7870.0,7807.5,7833.5,178563
2025-10-17 00:00:00+05:30,7850.0,8030.0,7840.5,7901.5,610960
2025-10-20 00:00:00+05:30,7950.0,8065.0,7921.5,8010.0,498555
2025-10-21 00:00:00+05:30,8038.0,8058.5,7992.5,8012.0,31082
2025-10-23 00:00:00+05:30,7950.0,8099.5,7920.0,7968.5,456860
2025-10-24 00:00:00+05:30,7975.0,7982.0,7824.5,7837.5,287555
2025-10-27 00:00:00+05:30,7837.5,7903.0,7834.0,7845.5,266541
2025-10-28 00:00:00+05:30,7864.0,7901.0,7828.5,7880.5,348079
2025-10-29 00:00:00+05:30,7890.5,7905.0,7846.0,7858.5,199897
2025-10-30 00:00:00+05:30,7767.0,7837.5,7765.0,7790.0,209452
2025-10-31 00:00:00+05:30,7833.0,7833.0,7651.0,7681.0,347031
2025-11-03 00:00:00+05:30,7675.0,7845.0,7661.5,7824.5,332284
2025-11-04 00:00:00+05:30,7824.5,7883.5,7780.5,7810.5,384562
2025-11-05 00:00:00+05:30,7810.5,7810.5,7810.5,7810.5,0
2025-11-06 00:00:00+05:30,7732.5,7850.5,7700.0,7782.0,425649
2025-11-07 00:00:00+05:30,7789.0,7891.0,7625.5,7642.0,486385
2025-11-10 00:00:00+05:30,7631.5,7652.5,7515.0,7529.5,377719
2025-11-11 00:00:00+05:30,7501.5,7569.0,7441.0,7501.0,306736
2025-11-12 00:00:00+05:30,7520.0,7539.0,7458.0,7498.0,420561
2025-11-13 00:00:00+05:30,7480.0,7509.0,7425.0,7440.5,448567
2025-11-14 00:00:00+05:30,7440.0,7467.0,7375.0,7420.5,218565
2025-11-17 00:00:00+05:30,7475.0,7504.5,7425.0,7487.5,248470
2025-11-18 00:00:00+05:30,7450.0,7474.0,7373.0,7385.5,285148
2025-11-19 00:00:00+05:30,7419.0,7482.0,7332.0,7459.0,454714
2025-11-20 00:00:00+05:30,7481.0,7491.0,7415.0,7423.0,228411
2025-11-21 00:00:00+05:30,7425.5,7435.0,7381.5,7391.0,138622
2025-11-24 00:00:00+05:30,7399.0,7421.0,7332.0,7354.5,751685
2025-11-25 00:00:00+05:30,7409.0,7409.5,7314.5,7330.5,237415
2025-11-26 00:00:00+05:30,7341.5,7402.0,7308.5,7393.0,272489
2025-11-27 00:00:00+05:30,7390.0,7396.0,7310.0,7322.5,243681
2025-11-28 00:00:00+05:30,7330.0,7359.0,7300.0,7335.5,299937
2025-12-01 00:00:00+05:30,7375.0,7381.5,7282.0,7287.5,227568
2025-12-02 00:00:00+05:30,7287.5,7299.0,7230.0,7242.0,329723
2025-12-03 00:00:00+05:30,7200.0,7257.0,7150.5,7184.0,329160
2025-12-04 00:00:00+05:30,7184.0,7227.5,7158.0,7201.0,306183
2025-12-05 00:00:00+05:30,7201.0,7219.5,7147.0,7189.5,260117
2025-12-08 00:00:00+05:30,7157.0,7219.0,7082.0,7096.0,287363
2025-12-09 00:00:00+05:30,7100.0,7181.5,7059.0,7091.0,560843
2025-12-10 00:00:00+05:30,7101.0,7116.0,7005.5,7018.5,266098
2025-12-11 00:00:00+05:30,7028.0,7065.5,6973.0,7009.5,350620
2025-12-12 00:00:00+05:30,7015.0,7130.0,6996.0,7101.0,306662
2025-12-15 00:00:00+05:30,7075.0,7098.0,7015.5,7086.5,205982
2025-12-16 00:00:00+05:30,7110.0,7148.0,7025.0,7051.5,385236
2025-12-17 00:00:00+05:30,7109.0,7109.0,6911.5,6921.5,358023
2025-12-18 00:00:00+05:30,6921.5,6949.5,6881.0,6918.5,384579
2025-12-19 00:00:00+05:30,6919.0,7024.0,6902.0,7012.5,235742
2025-12-22 00:00:00+05:30,7014.0,7104.0,7013.0,7054.0,358776
2025-12-23 00:00:00+05:30,7069.5,7098.0,7016.0,7073.5,286197
2025-12-24 00:00:00+05:30,7070.0,7209.5,7044.5,7172.0,351381
2025-12-25 00:00:00+05:30,7172.0,7172.0,7172.0,7172.0,0
2025-12-26 00:00:00+05:30,7182.0,7202.0,7131.5,7156.0,228172
2025-12-29 00:00:00+05:30,7168.0,7180.0,7070.0,7084.5,234376
2025-12-30 00:00:00+05:30,7055.0,7065.0,6937.0,6990.0,433130
2025-12-31 00:00:00+05:30,6990.0,7053.5,6955.0,7042.5,226286
2026-01-01 00:00:00+05:30,7063.0,7125.0,7023.5,7111.5,81987
2026-01-02 00:00:00+05:30,7130.0,7151.0,7075.5,7129.5,353245
