Date,Open,High,Low,Close,Volume
2021-01-04 00:00:00+05:30,2661.9890838990136,2671.5607964962783,2627.4351079491325,2635.762451171875,1360486
2021-01-05 00:00:00+05:30,2635.7623069085216,2684.4824615726284,2614.991738446172,2674.19287109375,1299589
2021-01-06 00:00:00+05:30,2681.3236053947594,2701.5676818655447,2660.9358130399905,2685.2001953125,1697884
2021-01-07 00:00:00+05:30,2681.0368701525986,2710.5656988795586,2662.3720293928786,2672.66162109375,1142806
2021-01-08 00:00:00+05:30,2697.3085647642943,2727.746657051031,2669.5985039958746,2722.864990234375,1660967
2021-01-11 00:00:00+05:30,2723.152183329016,2750.3836584254295,2703.6259834671246,2727.26806640625,1517995
2021-01-12 00:00:00+05:30,2727.555220058854,2727.9379950756384,2595.9918480505958,2604.0322265625,6674890
2021-01-13 00:00:00+05:30,2641.792595595861,2644.6641092867258,2563.3045547122156,2587.90380859375,2862676
2021-01-14 00:00:00+05:30,2596.805799180925,2619.442807495084,2534.589663188754,2549.80859375,2124950
2021-01-15 00:00:00+05:30,2546.937050428528,2547.8465501223786,2470.0284757259637,2479.93505859375,2570436
2021-01-18 00:00:00+05:30,2480.9878834294054,2507.645196252508,2445.955322157226,2477.3505859375,2395168
2021-01-19 00:00:00+05:30,2503.00234352105,2561.964174800102,2479.0730668143483,2531.765380859375,2558693
2021-01-20 00:00:00+05:30,2540.3325669156666,2591.206126769553,2531.765930730957,2581.730224609375,2065439
2021-01-21 00:00:00+05:30,2610.1578369328895,2696.3032409668026,2579.5762652377234,2600.011962890625,5015712
2021-01-22 00:00:00+05:30,2632.220771994564,2650.2635423963484,2479.0733816239713,2485.4384765625,4945564
2021-01-25 00:00:00+05:30,2500.944383004057,2518.7955289813995,2393.884711374684,2406.280029296875,3520087
2021-01-27 00:00:00+05:30,2416.8572476777786,2416.8572476777786,2326.452475783696,2332.243408203125,2700415
2021-01-28 00:00:00+05:30,2316.3546725328943,2348.8505932061325,2298.216322143951,2337.125244140625,3035457
2021-01-29 00:00:00+05:30,2350.8123773769826,2377.6131699529415,2297.2107922250643,2304.24609375,2768673
2021-02-01 00:00:00+05:30,2322.671641097674,2362.059141040529,2275.1000472776395,2342.963623046875,1797359
2021-02-02 00:00:00+05:30,2354.641184171018,2412.0714569556767,2321.2360023083593,2358.134765625,2679428
2021-02-03 00:00:00+05:30,2396.6134179266273,2396.6134179266273,2333.918698693581,2348.563232421875,2409356
2021-02-04 00:00:00+05:30,2350.812719911305,2350.812719911305,2295.296784343367,2298.93408203125,3478562
2021-02-05 00:00:00+05:30,2316.3544440116493,2320.0873184435322,2269.261664862009,2274.956787109375,3303319
2021-02-08 00:00:00+05:30,2291.4678996280386,2330.616109034315,2271.750079031339,2313.33935546875,3666313
2021-02-09 00:00:00+05:30,2328.3188498253517,2423.988060658897,2319.8477915742346,2399.484619140625,7178572
2021-02-10 00:00:00+05:30,2420.6855843066965,2445.5720315949425,2368.9983476311086,2403.07373046875,4473123
2021-02-11 00:00:00+05:30,2416.809561495128,2431.215035905383,2388.238139177506,2398.192626953125,1446286
2021-02-12 00:00:00+05:30,2410.157204519739,2414.943060763821,2358.661344596538,2379.62353515625,1376085
2021-02-15 00:00:00+05:30,2388.142070713977,2409.678422053081,2343.6815165752337,2351.5302734375,1634576
2021-02-16 00:00:00+05:30,2366.1270661157027,2369.094390133524,2318.2685089531683,2345.30859375,1615849
2021-02-17 00:00:00+05:30,2331.6686475437905,2349.902802546548,2279.9814115144945,2285.867919921875,3178784
2021-02-18 00:00:00+05:30,2320.183151465901,2373.401967390773,2292.664477536592,2364.930908203125,4253843
2021-02-19 00:00:00+05:30,2365.0744735578946,2365.0744735578946,2297.211121808236,2312.95654296875,2244567
2021-02-22 00:00:00+05:30,2324.7299165306126,2343.1554650198414,2278.0678132137346,2284.81591796875,2002642
2021-02-23 00:00:00+05:30,2273.2816887014515,2297.210969635151,2215.8514144605724,2270.6015625,3267268
2021-02-24 00:00:00+05:30,2271.3670142647557,2306.1602771310468,2246.6719532135025,2260.216064453125,1708526
2021-02-25 00:00:00+05:30,2273.2814248453133,2284.049600015633,2236.1431384099164,2272.0849609375,2839515
2021-02-26 00:00:00+05:30,2237.914627165473,2258.9244925521134,2163.207353037193,2179.670654296875,3933813
2021-03-01 00:00:00+05:30,2201.493440303366,2268.3996039936314,2201.493440303366,2261.125244140625,2545806
2021-03-02 00:00:00+05:30,2283.810025412932,2299.6512523344513,2257.966408193255,2288.021484375,2033586
2021-03-03 00:00:00+05:30,2302.9543104066856,2314.153168670533,2274.047781842537,2299.221435546875,1591567
2021-03-04 00:00:00+05:30,2278.067468098899,2330.7118843784956,2249.352331946392,2313.57861328125,2149984
2021-03-05 00:00:00+05:30,2296.2537694979587,2320.08723953421,2275.2918131376114,2284.863525390625,1953642
2021-03-08 00:00:00+05:30,2280.9392977475677,2310.133023547526,2258.972262284153,2280.652099609375,1593838
2021-03-09 00:00:00+05:30,2297.2112221048897,2339.326761176813,2293.5260189623327,2318.93896484375,1800442
2021-03-10 00:00:00+05:30,2341.240291621538,2341.240291621538,2312.0944810894434,2327.7919921875,1056102
2021-03-12 00:00:00+05:30,2338.1778736632564,2359.0919243476446,2294.3393855995314,2298.503173828125,1279203
2021-03-15 00:00:00+05:30,2299.651970114045,2323.5812527863845,2242.700277353877,2254.138427734375,1524449
2021-03-16 00:00:00+05:30,2277.3017967097085,2373.784705677342,2273.616827599027,2362.873046875,4230564
2021-03-17 00:00:00+05:30,2354.641467098827,2354.641467098827,2307.8358826290396,2319.17822265625,1623187
2021-03-18 00:00:00+05:30,2363.1120691826386,2363.1120691826386,2287.6390311052746,2301.56591796875,1851739
2021-03-19 00:00:00+05:30,2290.510872193332,2329.754894658826,2254.473466988411,2307.979248046875,3738079
2021-03-22 00:00:00+05:30,2287.6390945872076,2333.679121303484,2287.6390945872076,2321.81005859375,1489853
2021-03-23 00:00:00+05:30,2325.9262965368052,2329.7070764959412,2295.488201968702,2307.070068359375,1745466
2021-03-24 00:00:00+05:30,2307.0700501069214,2364.2131304501518,2306.7828519776785,2338.89599609375,4132092
2021-03-25 00:00:00+05:30,2345.978996307464,2363.255985343025,2289.553793819569,2299.31689453125,2272545
2021-03-26 00:00:00+05:30,2321.1400046622707,2406.280330467547,2305.9210770745176,2397.857177734375,3084607
2021-03-30 00:00:00+05:30,2430.3537229306003,2472.804129554041,2413.5074147041964,2467.635498046875,2332884
2021-03-31 00:00:00+05:30,2467.6354711975114,2472.325517007265,2422.6005156260976,2428.726318359375,1616044
2021-04-01 00:00:00+05:30,2423.5575382549964,2454.7135083213357,2423.5575382549964,2442.461669921875,1219588
2021-04-05 00:00:00+05:30,2448.4439768400666,2448.4439768400666,2378.0918922826995,2403.121826171875,1268939
2021-04-06 00:00:00+05:30,2417.8143463741717,2507.7884352732895,2397.2351664663947,2499.748291015625,3372846
2021-04-07 00:00:00+05:30,2493.4314141895798,2553.7811156921643,2488.7413679591123,2516.020751953125,1937977
2021-04-08 00:00:00+05:30,2517.360240735477,2544.543809176894,2515.445898347085,2537.125732421875,897483
2021-04-09 00:00:00+05:30,2522.146537825602,2541.289965057675,2498.360736015986,2518.12646484375,1185017
2021-04-12 00:00:00+05:30,2467.7786247054005,2498.216714166602,2445.5723006496814,2490.750732421875,1427691
2021-04-13 00:00:00+05:30,2488.645509078371,2513.531964169155,2454.474538632908,2460.600341796875,1200230
2021-04-15 00:00:00+05:30,2479.0736109896397,2482.4716157647476,2428.3435332357976,2476.8720703125,1209829
2021-04-16 00:00:00+05:30,2476.776353402821,2578.1406925795895,2471.128902968981,2549.616943359375,2760777
2021-04-19 00:00:00+05:30,2536.504203046333,2536.504203046333,2456.91549482829,2461.7490234375,1552036
2021-04-20 00:00:00+05:30,2488.645254427687,2493.1439125738134,2420.494708043314,2444.2802734375,1489287
2021-04-22 00:00:00+05:30,2446.1943504106116,2447.486624933891,2381.4418157354407,2403.696044921875,1690758
2021-04-23 00:00:00+05:30,2418.8676324126827,2455.144330409696,2389.2908996836604,2410.109375,1614593
2021-04-26 00:00:00+05:30,2421.6434027242885,2464.7161114683963,2421.6434027242885,2448.348388671875,1103980
2021-04-27 00:00:00+05:30,2436.0009234164645,2469.4061078316,2425.4720392681024,2464.093994140625,866331
2021-04-28 00:00:00+05:30,2477.1590792474917,2508.027850617558,2464.715853578938,2502.572021484375,1065561
2021-04-29 00:00:00+05:30,2517.360518860376,2528.8465744597393,2459.9302408635613,2501.519287109375,1295346
2021-04-30 00:00:00+05:30,2483.859371182896,2494.196867325852,2415.9481183492812,2427.76904296875,1384907
2021-05-03 00:00:00+05:30,2402.4995229984706,2483.954879184233,2398.2880635235306,2471.559326171875,1034774
2021-05-04 00:00:00+05:30,2493.431304771573,2505.8266267090844,2461.4139706468,2476.345703125,1058140
2021-05-05 00:00:00+05:30,2504.9169098422053,2504.9169098422053,2437.0535685021136,2457.680419921875,1220186
2021-05-06 00:00:00+05:30,2469.3586099736212,2471.2729526807557,2419.7291818174067,2439.877685546875,1518119
2021-05-07 00:00:00+05:30,2445.57258401092,2479.073578312439,2432.650771923191,2442.365966796875,1416102
2021-05-10 00:00:00+05:30,2478.1161027404346,2478.1161027404346,2433.272540972603,2447.438720703125,1526814
2021-05-11 00:00:00+05:30,2424.5148110864916,2452.2727777353302,2413.315954037459,2446.76904296875,1168363
2021-05-12 00:00:00+05:30,2466.630646993681,2478.068798251199,2421.6435921202997,2446.721435546875,2085630
2021-05-14 00:00:00+05:30,2507.7884423150567,2713.819534760979,2490.128681127994,2655.67138671875,10543708
2021-05-17 00:00:00+05:30,2662.850724995227,2703.2433096727223,2629.8762183618423,2663.568603515625,2134352
2021-05-18 00:00:00+05:30,2677.2079077404896,2723.1521263931686,2669.550537965043,2700.94580078125,1328605
2021-05-19 00:00:00+05:30,2685.0088131957496,2726.980865587015,2678.7872001293,2695.250732421875,1219067
2021-05-20 00:00:00+05:30,2693.4797422093184,2723.1520492485824,2659.5001647933873,2674.43212890625,1211975
2021-05-21 00:00:00+05:30,2686.779633715799,2731.7666813768756,2675.2935789938215,2711.1875,1328308
2021-05-24 00:00:00+05:30,2724.109266441064,2726.9807800739954,2687.928147929251,2698.45703125,813091
2021-05-25 00:00:00+05:30,2715.3988234914627,2797.4762520683485,2701.854944786051,2789.57958984375,2730112
2021-05-26 00:00:00+05:30,2813.9404285687174,2821.645471376953,2785.75154394322,2815.615478515625,1250531
2021-05-27 00:00:00+05:30,2823.6547825932917,2838.012349284444,2777.9498619597903,2823.03271484375,2415085
2021-05-28 00:00:00+05:30,2831.455763776007,2836.863921022091,2805.612142544581,2814.753173828125,711383
2021-05-31 00:00:00+05:30,2812.169031899402,2861.8940298211965,2810.3505000632117,2849.977294921875,2093635
2021-06-01 00:00:00+05:30,2838.012570368475,2854.858876738846,2790.24982159555,2805.46875,1194073
2021-06-02 00:00:00+05:30,2793.8394195331216,2808.101177801759,2753.9251911320666,2779.338134765625,2067842
2021-06-03 00:00:00+05:30,2794.557121997119,2815.997663349689,2779.6730631375085,2809.632568359375,1404434
2021-06-04 00:00:00+05:30,2826.5267328526033,2861.9420694985724,2783.4540261210195,2799.630126953125,1509084
2021-06-07 00:00:00+05:30,2804.511435762576,2815.040318285917,2779.5770808681564,2807.478759765625,802415
2021-06-08 00:00:00+05:30,2802.5971686779153,2818.1512000956122,2782.9751598125135,2800.922119140625,762931
2021-06-09 00:00:00+05:30,2805.277512023839,2838.012721637724,2794.55724089146,2817.4814453125,1340352
2021-06-10 00:00:00+05:30,2832.823905409205,2846.5792603052428,2809.4013116096553,2838.210693359375,1344559
2021-06-11 00:00:00+05:30,2847.2524246828752,2858.4106700133875,2826.667653116585,2843.645263671875,878445
2021-06-14 00:00:00+05:30,2842.5392272988975,2856.8715867775572,2805.409421830554,2837.537109375,746823
2021-06-15 00:00:00+05:30,2856.8717024222506,2933.8244755514693,2848.1663729937623,2926.321533203125,2262031
2021-06-16 00:00:00+05:30,2913.6242688903276,2926.3214290364294,2891.019392588273,2903.716552734375,859505
2021-06-17 00:00:00+05:30,2902.9952097208516,2956.8621506491604,2886.209933131972,2943.732177734375,1533864
2021-06-18 00:00:00+05:30,2944.9343559453855,2960.565386802591,2901.167469545209,2931.130859375,2293860
2021-06-21 00:00:00+05:30,2909.007421504628,2961.864315344719,2905.977499725999,2951.668212890625,720491
2021-06-22 00:00:00+05:30,2967.491076031056,2975.0421602258352,2889.7687344296505,2896.117431640625,1199238
2021-06-23 00:00:00+05:30,2914.5861422832245,2914.5861422832245,2869.8573450501653,2873.560791015625,1009007
2021-06-24 00:00:00+05:30,2873.5606478029727,2933.5355685862264,2862.1137830155412,2927.331298828125,985596
2021-06-25 00:00:00+05:30,2914.77874095832,2937.1912840518034,2871.30046926302,2889.48046875,786964
2021-06-28 00:00:00+05:30,2908.814807594235,2923.0992599608753,2862.883621396277,2869.328369140625,891695
2021-06-29 00:00:00+05:30,2875.148247246819,2908.670896023249,2859.805833678573,2887.172119140625,1242734
2021-06-30 00:00:00+05:30,2884.7673538123654,2914.5865562025565,2871.925764652993,2878.707275390625,924522
2021-07-01 00:00:00+05:30,2893.424282230949,2911.6042810252306,2882.8432758797053,2906.50634765625,848235
2021-07-02 00:00:00+05:30,2917.4239026746022,2923.0511682114866,2885.488548423526,2890.53857421875,805542
2021-07-05 00:00:00+05:30,2904.9672153676106,2933.8245055864945,2892.5586745099827,2899.96533203125,863343
2021-07-06 00:00:00+05:30,2888.614743898314,2914.1053501964507,2881.881376196919,2888.1337890625,762630
2021-07-07 00:00:00+05:30,2948.2529691421228,2952.100607601036,2896.5503273504787,2924.301513671875,1234865
2021-07-08 00:00:00+05:30,2933.82481114635,2942.481999113667,2903.813273161235,2912.951416015625,907391
2021-07-09 00:00:00+05:30,2906.890724002706,2923.3873792113754,2892.4620804355186,2895.925048828125,547082
2021-07-12 00:00:00+05:30,2919.299402732037,2926.9467720602515,2877.1198069308075,2885.151611328125,765566
2021-07-13 00:00:00+05:30,2904.9670752462116,2906.02526977302,2871.6370005875724,2879.813232421875,703484
2021-07-14 00:00:00+05:30,2888.6143000151187,2893.183370253238,2870.530353999167,2887.604248046875,470744
2021-07-15 00:00:00+05:30,2895.34793311025,2896.3098427225787,2857.929743127138,2869.95361328125,635535
2021-07-16 00:00:00+05:30,2879.9576962854085,2891.500612903787,2852.0623144576607,2875.436767578125,1062548
2021-07-19 00:00:00+05:30,2875.4368297368387,2885.4405970858566,2852.0623761110855,2868.36669921875,837836
2021-07-20 00:00:00+05:30,2881.8812889462465,3058.391708345992,2866.0579222952765,3038.720703125,6755922
2021-07-22 00:00:00+05:30,3010.777241433723,3044.44407959672,2972.300854961726,2988.412841796875,1982572
2021-07-23 00:00:00+05:30,2987.6913076041246,3010.392468784481,2960.805980442447,2966.288818359375,815329
2021-07-26 00:00:00+05:30,2962.6334614686534,3000.1960787722783,2934.9785601333847,2944.59765625,1136884
2021-07-27 00:00:00+05:30,2962.1040164352603,2964.124120319056,2906.217215464088,2913.287109375,904289
2021-07-28 00:00:00+05:30,2914.922979683296,2917.4719462999547,2870.3383738078023,2889.6728515625,996594
2021-07-29 00:00:00+05:30,2889.672473958394,2924.1567892381563,2876.398075655546,2883.275634765625,762683
2021-07-30 00:00:00+05:30,2893.4241433539437,2894.049290671839,2839.4609196162087,2845.761474609375,1067423
2021-08-02 00:00:00+05:30,2871.877682081146,2873.0319267480054,2847.877847294905,2860.767578125,832285
2021-08-03 00:00:00+05:30,2904.9675592196277,2948.253499671576,2880.1502397255927,2911.700927734375,2433031
2021-08-04 00:00:00+05:30,2924.7823721552027,2936.998576891683,2897.271664143519,2903.620361328125,659295
2021-08-05 00:00:00+05:30,2918.4337283666678,2924.205185970557,2866.538752379939,2874.570556640625,693694
2021-08-06 00:00:00+05:30,2880.919107640879,2886.6905649516784,2848.6469952097505,2853.45654296875,744159
2021-08-09 00:00:00+05:30,2880.5823691707556,2900.1573226481614,2859.8052635848626,2878.5625,825462
2021-08-10 00:00:00+05:30,2883.805423896826,2893.71314126739,2847.78195081006,2863.74951171875,724335
2021-08-11 00:00:00+05:30,2873.608632739529,2887.123509529622,2840.0862242284893,2859.37255859375,987941
2021-08-12 00:00:00+05:30,2860.719244927323,2871.5407282848996,2845.3286908187697,2862.162109375,438552
2021-08-13 00:00:00+05:30,2867.3561891251634,2887.652575313181,2859.853482232159,2874.859130859375,572250
2021-08-16 00:00:00+05:30,2866.4905338606477,2870.482364660918,2847.252342358227,2858.218017578125,461742
2021-08-17 00:00:00+05:30,2860.7193725295365,2928.053049757871,2859.8537477588065,2900.4462890625,2036757
2021-08-18 00:00:00+05:30,2931.9006271905896,2931.9006271905896,2878.562783811814,2887.219970703125,1375320
2021-08-20 00:00:00+05:30,2887.171686086733,3005.053755420436,2887.171686086733,2994.37646484375,3931334
2021-08-23 00:00:00+05:30,3038.7204293173195,3043.33764215355,2934.7860548415,2960.228515625,1578949
2021-08-24 00:00:00+05:30,2974.9940249957053,2974.9940249957053,2918.962791414452,2929.928466796875,763704
2021-08-25 00:00:00+05:30,2910.738531867903,2953.0625554641315,2897.849036800084,2922.32958984375,797870
2021-08-26 00:00:00+05:30,2947.2912468878526,2967.0103952433356,2910.931014171447,2923.86865234375,1319516
2021-08-27 00:00:00+05:30,2924.638073461707,2941.471491905531,2905.4480234039916,2921.127197265625,634375
2021-08-30 00:00:00+05:30,2940.268984856623,2995.6269285047874,2931.9485608733607,2990.33642578125,1051747
2021-08-31 00:00:00+05:30,2990.3365000080075,3087.7298480179184,2984.853662199396,3079.409423828125,2283290
2021-09-01 00:00:00+05:30,3107.016238549685,3206.044787709461,3092.539451690944,3176.947021484375,2423168
2021-09-02 00:00:00+05:30,3186.7583533368893,3192.5779533686687,3142.2218920146342,3175.8408203125,847517
2021-09-03 00:00:00+05:30,3175.840789592472,3217.539429326434,3161.315860877577,3211.623779296875,832039
2021-09-06 00:00:00+05:30,3214.7019842357713,3220.1848221598507,3179.976952647904,3189.259521484375,664394
2021-09-07 00:00:00+05:30,3206.525647041261,3265.2984174541875,3197.243313350942,3209.1708984375,1285818
2021-09-08 00:00:00+05:30,3217.5877595741013,3233.5074111524955,3171.416096656446,3209.5078125,702598
2021-09-09 00:00:00+05:30,3179.11117523246,3231.0542927702977,3179.11117523246,3218.88623046875,591745
2021-09-13 00:00:00+05:30,3219.1268466889373,3245.4830764915937,3203.4958152742993,3238.7978515625,610920
2021-09-14 00:00:00+05:30,3255.967578664588,3259.5268319127817,3228.9862033550444,3234.4208984375,569412
2021-09-15 00:00:00+05:30,3233.7959028461064,3255.0539642338376,3219.463308812074,3224.609619140625,587855
2021-09-16 00:00:00+05:30,3222.3975768709474,3242.597681084168,3207.968931004361,3214.798583984375,516746
2021-09-17 00:00:00+05:30,3224.320776554991,3253.1780627413423,3159.9209798506895,3177.2353515625,1545695
2021-09-20 00:00:00+05:30,3174.253933123495,3188.730721375817,3140.635235382215,3146.935791015625,689288
2021-09-21 00:00:00+05:30,3146.935562797214,3207.968683128674,3146.406465521407,3183.1513671875,922057
2021-09-22 00:00:00+05:30,3201.7165049733308,3203.1112270999333,3162.9996387197098,3191.135498046875,825945
2021-09-23 00:00:00+05:30,3212.7780838741237,3212.7780838741237,3188.7303437253654,3194.1650390625,694716
2021-09-24 00:00:00+05:30,3203.158885519246,3371.4930611846717,3194.357506842364,3317.241455078125,2775975
2021-09-27 00:00:00+05:30,3329.7466341940594,3337.8265815500804,3287.470515987033,3299.975341796875,902449
2021-09-28 00:00:00+05:30,3294.4445819709167,3299.061795701511,3222.397636219989,3250.96630859375,961271
2021-09-29 00:00:00+05:30,3236.8256921701245,3252.8895349668887,3183.920665997953,3196.4736328125,973387
2021-09-30 00:00:00+05:30,3203.0628564311755,3220.1848952059445,3097.34907960716,3121.06005859375,2077896
2021-10-01 00:00:00+05:30,3124.282555782772,3129.0439616012036,3049.2536027805995,3056.8046875,1512332
2021-10-04 00:00:00+05:30,3080.8041469078935,3107.4489961455733,3056.9487416036627,3079.64990234375,921241
2021-10-05 00:00:00+05:30,3086.3352123695327,3135.8254162186036,3070.078798601581,3130.775390625,909337
2021-10-06 00:00:00+05:30,3137.7490444903297,3155.063416900148,3078.735797923718,3089.89404296875,786378
2021-10-07 00:00:00+05:30,3097.349095154786,3191.6162415290623,3097.349095154786,3165.50048828125,1177283
2021-10-08 00:00:00+05:30,3181.03500559835,3202.197016521593,3139.76917823451,3180.938720703125,882436
2021-10-11 00:00:00+05:30,3199.6960577019377,3216.9625232089616,3172.1374410971657,3180.121337890625,460197
2021-10-12 00:00:00+05:30,3155.063908165952,3207.9689432114174,3155.063908165952,3196.66650390625,564524
2021-10-13 00:00:00+05:30,3215.663976553097,3230.9582461305754,3166.029344420335,3196.90673828125,770144
2021-10-14 00:00:00+05:30,3214.702151921384,3225.235015953598,3164.682848540201,3172.185791015625,648597
2021-10-18 00:00:00+05:30,3128.611035103528,3158.8630456461246,3108.891887918402,3118.030029296875,1576121
2021-10-19 00:00:00+05:30,3136.6907191217765,3144.5785652078266,3055.1209781568846,3062.4794921875,1042069
2021-10-20 00:00:00+05:30,3068.4915135408846,3097.300658055575,3017.173544291737,3048.86865234375,1205540
2021-10-21 00:00:00+05:30,3072.3392290881598,3073.7339510247953,2809.2088138929093,2887.652587890625,5103543
2021-10-22 00:00:00+05:30,2861.6812787586027,2888.5666071655846,2801.225161840606,2868.79931640625,2855592
2021-10-25 00:00:00+05:30,2837.6333557641005,2837.6333557641005,2748.416239239653,2806.900390625,2161537
2021-10-26 00:00:00+05:30,2806.90037703242,2908.814652975128,2787.6140424344976,2856.67919921875,1988263
2021-10-27 00:00:00+05:30,2913.8167403835396,3025.205927710737,2913.8167403835396,2976.773681640625,4609951
2021-10-28 00:00:00+05:30,2988.3306061836997,3031.282535563317,2948.8457351384104,3001.13916015625,1791065
2021-10-29 00:00:00+05:30,3009.5168455529647,3028.48879272363,2969.3578997896066,2985.537109375,1118903
2021-11-01 00:00:00+05:30,3012.406382066386,3026.129780705915,2977.399583419192,3006.435546875,750393
2021-11-02 00:00:00+05:30,3004.702094715247,3023.7704434938787,2966.1802729881283,2988.66748046875,881916
2021-11-03 00:00:00+05:30,2987.463402566662,3065.2772873026242,2980.625685782886,3053.47998046875,879227
2021-11-04 00:00:00+05:30,3061.5213676078924,3072.1148671497886,3028.7778235693054,3042.501220703125,263595
2021-11-08 00:00:00+05:30,3048.038848235092,3063.447575429961,2980.770029527583,3022.03662109375,787824
2021-11-09 00:00:00+05:30,3023.963016903351,3038.408700105119,3004.7021059676613,3028.922607421875,668840
2021-11-10 00:00:00+05:30,3016.2587031304874,3020.7367709507434,2966.6618566390375,2993.4345703125,872975
2021-11-11 00:00:00+05:30,2975.8104998559143,2991.8451128708357,2939.214772025971,2950.289794921875,958143
2021-11-12 00:00:00+05:30,2974.84772274305,3012.4064994303203,2962.1355684264513,3007.494873046875,682344
2021-11-15 00:00:00+05:30,3010.4802982049073,3062.484756331288,3010.4802982049073,3051.602294921875,696377
2021-11-16 00:00:00+05:30,3048.0390209803536,3090.413023167758,3004.798371886528,3035.23046875,1400107
2021-11-17 00:00:00+05:30,3052.853955346432,3120.170735582535,3048.086927581817,3110.87744140625,1616452
2021-11-18 00:00:00+05:30,3129.753808361475,3139.5286270639617,3095.228529872262,3107.603759765625,1609821
2021-11-22 00:00:00+05:30,3121.2305061056677,3186.0917154218923,3096.239522079253,3140.732177734375,2146970
2021-11-23 00:00:00+05:30,3140.7318360466074,3166.7822613501285,3054.346709994531,3067.829345703125,1482618
2021-11-24 00:00:00+05:30,3068.310989882888,3090.31643725023,3033.593154535061,3040.33447265625,1056213
2021-11-25 00:00:00+05:30,3039.8529708557785,3056.0803807780217,2997.9604936714836,3028.0556640625,728825
2021-11-26 00:00:00+05:30,2986.4039347721764,3050.302094305599,2976.773480290486,3026.9482421875,1029110
2021-11-29 00:00:00+05:30,3015.295208661693,3061.4249902115084,2958.379130317928,3028.103759765625,876651
2021-11-30 00:00:00+05:30,3000.9942749100323,3071.1522367682246,3000.9942749100323,3027.47802734375,2340489
2021-12-01 00:00:00+05:30,3039.2749645069816,3081.5046004656033,3008.6503080686853,3022.180908203125,1741820
2021-12-02 00:00:00+05:30,3043.2236693737623,3075.96721518348,3035.760067020077,3063.0625,939320
2021-12-03 00:00:00+05:30,3067.299973164114,3069.6593876582256,2991.2193772834344,2995.5048828125,1216263
2021-12-06 00:00:00+05:30,2999.886784337041,2999.886784337041,2916.342585768425,2926.021240234375,1107363
2021-12-07 00:00:00+05:30,2927.6582851513426,2955.586604318905,2904.9785168725994,2918.364990234375,2056459
2021-12-08 00:00:00+05:30,2919.857335249596,3007.5908676719328,2918.9906884129455,2993.626708984375,1171484
2021-12-09 00:00:00+05:30,3035.9045224892816,3065.422007963663,2996.0345330686628,3061.232666015625,1287243
2021-12-10 00:00:00+05:30,3066.336649419213,3170.3455558693618,3061.2324616160117,3161.822509765625,2554394
2021-12-13 00:00:00+05:30,3163.701008634041,3217.53516046206,3150.073773123965,3158.64501953125,1265832
2021-12-14 00:00:00+05:30,3153.0107661758434,3182.865174774332,3128.934630209321,3175.642333984375,863179
2021-12-15 00:00:00+05:30,3157.0074490473535,3191.4845242859947,3145.788063242697,3179.927978515625,811946
2021-12-16 00:00:00+05:30,3202.126703029946,3202.126703029946,3149.7371150789254,3176.702392578125,502930
2021-12-17 00:00:00+05:30,3153.9736903605585,3171.5974682342135,3108.421595839436,3123.830322265625,1019403
2021-12-20 00:00:00+05:30,3107.747923152282,3153.9741085601872,3063.44782880304,3119.73779296875,948872
2021-12-21 00:00:00+05:30,3127.0084901245946,3174.197715876398,3120.2671721600514,3150.458740234375,712026
2021-12-22 00:00:00+05:30,3154.6479569643006,3164.2302122392443,3121.230326624881,3158.885498046875,619865
2021-12-23 00:00:00+05:30,3168.419629627029,3185.658049673942,3129.8978104218368,3147.13623046875,1051596
2021-12-24 00:00:00+05:30,3158.788956085533,3178.0498643543474,3140.4910932301595,3163.41162109375,651404
2021-12-27 00:00:00+05:30,3158.8853643635466,3163.3634315023783,3106.9770753487683,3151.4697265625,640701
2021-12-28 00:00:00+05:30,3154.8887908634238,3250.2784926110166,3152.047853723217,3243.729736328125,1211648
2021-12-29 00:00:00+05:30,3247.5820345498364,3260.872109663726,3222.5428511915206,3243.007568359375,598421
2021-12-30 00:00:00+05:30,3238.9628511203505,3264.724318827916,3226.4914586370305,3241.322265625,691223
2021-12-31 00:00:00+05:30,3264.7243324336637,3279.170015320538,3237.181136348608,3257.934814453125,570671
2022-01-03 00:00:00+05:30,3257.9831012651453,3313.7433446588316,3257.9831012651453,3295.927001953125,696276
2022-01-04 00:00:00+05:30,3307.0982804858363,3344.127333312066,3288.8486150997564,3331.46337890625,790886
2022-01-05 00:00:00+05:30,3341.7679614652675,3409.1811480077945,3324.481341368427,3396.468994140625,1024506
2022-01-06 00:00:00+05:30,3362.136010174834,3406.821459879464,3324.577237832005,3384.767578125,1312743
2022-01-07 00:00:00+05:30,3384.7675127082243,3449.628716201802,3367.336531567368,3444.139404296875,964364
2022-01-10 00:00:00+05:30,3447.703326166104,3457.333782384445,3396.6619082088964,3422.1826171875,657511
2022-01-11 00:00:00+05:30,3419.3892332925934,3432.2939481411163,3365.8920120771845,3407.97705078125,734344
2022-01-12 00:00:00+05:30,3425.456330730267,3450.062189458846,3403.4026835627387,3412.840576171875,594543
2022-01-13 00:00:00+05:30,3428.4415941455695,3428.4415941455695,3322.506601068038,3328.525634765625,1153984
2022-01-14 00:00:00+05:30,3334.063399789646,3334.063399789646,3222.350125850998,3240.070068359375,1558978
2022-01-17 00:00:00+05:30,3240.070302304909,3273.3917718468524,3198.274220153986,3253.793701171875,1103159
2022-01-18 00:00:00+05:30,3254.1789988877604,3270.935896824021,3227.165525131751,3249.026611328125,558543
2022-01-19 00:00:00+05:30,3245.4632859495296,3245.4632859495296,3146.991885062782,3159.17431640625,1495218
2022-01-20 00:00:00+05:30,3160.7154063342177,3240.5517861396697,3102.9326749569927,3184.213623046875,3075678
2022-01-21 00:00:00+05:30,3178.0985349785637,3202.0782752821638,3121.9529320245606,3153.829833984375,1441694
2022-01-24 00:00:00+05:30,3147.232506627078,3149.1585975124062,3019.14746275272,3038.552734375,1575665
2022-01-25 00:00:00+05:30,2985.441000760093,3040.286394056803,2899.489191302726,3030.800537109375,2699779
2022-01-27 00:00:00+05:30,3024.0590470597235,3026.85178475772,2957.7532751947656,3001.764404296875,1834684
2022-01-28 00:00:00+05:30,3014.332118038851,3052.8539342438207,2988.329892100497,2995.889892578125,892060
2022-01-31 00:00:00+05:30,3023.9629462338407,3075.437682482808,3020.4958882990245,3035.76025390625,944530
2022-02-01 00:00:00+05:30,3075.9671809310225,3093.6391590642424,3025.503693174803,3078.134033203125,1008915
2022-02-02 00:00:00+05:30,3086.3682346072646,3124.2639335827694,3074.1855680827866,3079.530517578125,667265
2022-02-03 00:00:00+05:30,3094.1206130455553,3121.8081692405835,3072.3074929199292,3084.634521484375,899753
2022-02-04 00:00:00+05:30,3070.189188190251,3128.742404173171,3058.680840985956,3117.041259765625,705765
2022-02-07 00:00:00+05:30,3114.48901382551,3131.0533486935183,3026.948275666134,3057.38037109375,860393
2022-02-08 00:00:00+05:30,3061.5216119877,3104.377136282589,3049.194582694903,3097.491455078125,799206
2022-02-09 00:00:00+05:30,3110.6367824968643,3138.565100358291,3103.654703031508,3109.0478515625,472725
2022-02-10 00:00:00+05:30,3101.006616955326,3127.9718918853723,3058.632613493825,3119.063720703125,728666
2022-02-11 00:00:00+05:30,3110.5885915258905,3110.5885915258905,3064.89213213334,3097.443115234375,587840
2022-02-14 00:00:00+05:30,3023.962940362024,3065.0849371451504,3004.702029913858,3027.285400390625,681236
2022-02-15 00:00:00+05:30,3023.9626955289946,3149.1586033056724,3017.077014648684,3143.958251953125,676844
2022-02-16 00:00:00+05:30,3158.788922635003,3163.700548238942,3103.8953346501876,3132.642333984375,624320
2022-02-17 00:00:00+05:30,3152.0477903661244,3173.1865911879863,3116.800232485108,3145.162109375,636735
2022-02-18 00:00:00+05:30,3116.559439826023,3151.0847132654126,3110.6850036505207,3138.035400390625,423801
2022-02-21 00:00:00+05:30,3115.4522028255187,3157.2964829154967,3085.742155004639,3131.48681640625,547472
2022-02-22 00:00:00+05:30,3004.702097968545,3117.1858645572293,3004.702097968545,3107.892333984375,1147209
2022-02-23 00:00:00+05:30,3117.2820842296924,3175.06481792447,3110.637163902211,3117.571044921875,935896
2022-02-24 00:00:00+05:30,3014.332589362245,3079.627125062874,2938.7335132392623,2955.635009765625,1823450
2022-02-25 00:00:00+05:30,2990.256197772694,3025.35915828806,2969.1173966350107,3003.931396484375,1239456
2022-02-28 00:00:00+05:30,2975.8100933250666,3072.596149758455,2903.581693001643,3057.331787109375,1678348
2022-03-02 00:00:00+05:30,2992.1820989492753,2996.226842661198,2880.565229601693,2917.016357421875,3014206
2022-03-03 00:00:00+05:30,2917.0648050181826,2938.2518059129993,2756.236207316619,2765.770263671875,4406840
2022-03-04 00:00:00+05:30,2757.9696964237924,2757.9696964237924,2563.675270567773,2636.962890625,6979253
2022-03-07 00:00:00+05:30,2551.973994532254,2627.139737474158,2503.2922360714583,2608.3603515625,3233760
2022-03-08 00:00:00+05:30,2590.5924305466783,2635.8073703683863,2540.5140638595303,2622.758056640625,2611102
2022-03-09 00:00:00+05:30,2648.3750354010067,2783.2014008396036,2566.5643699675056,2768.70751953125,4076068
2022-03-10 00:00:00+05:30,2889.136203360219,2927.658019405022,2784.3568166946543,2805.15869140625,3971987
2022-03-11 00:00:00+05:30,2809.2037315212524,2831.305578785655,2775.834298898383,2823.6494140625,1265493
2022-03-14 00:00:00+05:30,2840.98376359396,2862.5079210706194,2809.492227882227,2853.310791015625,1214217
2022-03-15 00:00:00+05:30,2887.2106130703405,2919.9541623846803,2856.3931548921378,2876.761474609375,1857685
2022-03-16 00:00:00+05:30,2930.547518176518,2937.2888368183967,2899.489300147865,2929.58447265625,1287234
2022-03-17 00:00:00+05:30,2998.442032443008,3046.4017432584774,2962.809350509367,3020.6884765625,2867519
2022-03-21 00:00:00+05:30,3002.1015027294625,3002.1015027294625,2918.1239900259825,2933.195556640625,1259015
2022-03-22 00:00:00+05:30,2912.2496484499716,2949.5194629986895,2865.060418035273,2938.396240234375,1515772
2022-03-23 00:00:00+05:30,2946.91894422939,2966.083453773544,2893.95144686579,2905.3154296875,948403
2022-03-24 00:00:00+05:30,2859.763858965509,2926.647327686926,2841.5141921897925,2913.550048828125,1243917
2022-03-25 00:00:00+05:30,2913.549919897053,2951.3012580596223,2880.46921153462,2934.3515625,1083275
2022-03-28 00:00:00+05:30,2934.351654251286,2945.571276219657,2884.9473694568856,2915.572265625,680332
2022-03-29 00:00:00+05:30,2955.5866608518845,2973.595564808279,2901.367151786483,2930.162353515625,1120936
2022-03-30 00:00:00+05:30,2964.254236937659,2980.000125908381,2942.970835990851,2967.673095703125,849545
2022-03-31 00:00:00+05:30,2999.8866265439865,3013.610024434276,2952.793797304718,2966.1318359375,1464862
2022-04-01 00:00:00+05:30,2995.0713265542754,3005.6648264231167,2973.547166864268,2999.06787109375,637392
2022-04-04 00:00:00+05:30,3009.468998129625,3026.852016485678,2979.181264078411,3002.77587890625,873264
2022-04-05 00:00:00+05:30,2995.071791318845,3040.33493414585,2966.180423556927,3024.733642578125,805874
2022-04-06 00:00:00+05:30,3021.073782873063,3048.0390573137533,2997.9606904953284,3037.445556640625,736379
2022-04-07 00:00:00+05:30,3037.4456458622226,3090.3649514828167,3029.25975873799,3038.40869140625,1025244
2022-04-08 00:00:00+05:30,3050.928157894737,3101.006524122807,3034.7489463973466,3087.7646484375,678898
2022-04-11 00:00:00+05:30,3066.3367260977125,3102.9324533564163,3033.5931806557146,3040.767822265625,672652
2022-04-12 00:00:00+05:30,3038.1196090030435,3045.2462868144544,2999.06806673355,3013.0322265625,794265
2022-04-13 00:00:00+05:30,3002.0052668598473,3006.531533507147,2952.7937848270685,2966.805908203125,1121350
2022-04-18 00:00:00+05:30,2943.067006704525,2944.9930976774986,2901.65605078558,2909.89013671875,1032504
2022-04-19 00:00:00+05:30,2918.0278331090835,2946.1487143780464,2860.2451037405867,2880.66162109375,749782
2022-04-20 00:00:00+05:30,2880.7576350853733,2975.3286425021033,2869.875175483498,2969.06884765625,838182
2022-04-21 00:00:00+05:30,2975.6179152340706,3057.0914202405675,2972.006494751907,3041.538330078125,1069035
2022-04-22 00:00:00+05:30,3006.1463816127016,3056.03218310302,2998.2012566252583,3047.4609375,681191
2022-04-25 00:00:00+05:30,3018.1846611127653,3038.5050156418256,2980.7222844143957,3014.910400390625,1096774
2022-04-26 00:00:00+05:30,3014.332163889041,3032.3410662150914,2991.0265117542403,3010.142822265625,1703441
2022-04-27 00:00:00+05:30,2981.5888685495456,3047.0759625616156,2971.9102142490556,3032.00439453125,963536
2022-04-28 00:00:00+05:30,3072.115182326675,3147.232732239365,3052.854272092652,3127.682861328125,2001838
2022-04-29 00:00:00+05:30,3128.935029572224,3156.8633508580333,3102.258714540177,3117.571044921875,1088970
2022-05-02 00:00:00+05:30,3076.930377960205,3092.8206287384032,3037.493711688928,3081.74560546875,595522
2022-05-04 00:00:00+05:30,3060.5586327212122,3076.6414457247065,2967.5765416480303,2986.259765625,1120002
2022-05-05 00:00:00+05:30,2990.0155019632903,3011.3950649383237,2956.5496709967956,2962.857666015625,724601
2022-05-06 00:00:00+05:30,2908.3973091716744,2939.599888242531,2892.892183111794,2904.785888671875,923941
2022-05-09 00:00:00+05:30,2889.9550768151953,2926.5026051771442,2865.0602575050953,2894.1923828125,998324
2022-05-10 00:00:00+05:30,2938.2519008929976,3022.7591458301854,2923.806217997752,2972.295654296875,2460016
2022-05-11 00:00:00+05:30,2976.195632026425,2994.638093882652,2868.912460514481,2940.8037109375,1883969
2022-05-12 00:00:00+05:30,2929.584397711626,2964.254035554367,2877.579940947514,2927.610107421875,1254245
2022-05-13 00:00:00+05:30,2960.786818803952,3001.0903646802776,2923.1318830169794,2950.771240234375,1121729
2022-05-16 00:00:00+05:30,2975.7146351224114,2975.7146351224114,2874.8838034302817,2889.04052734375,733044
2022-05-17 00:00:00+05:30,2888.0770985355143,2943.6450128006154,2841.9473124519723,2937.288818359375,1179081
2022-05-18 00:00:00+05:30,2918.0275334481544,3013.176465060858,2914.175351885847,2985.537109375,1379763
2022-05-19 00:00:00+05:30,2889.618005766299,2958.1867979395806,2889.5698064678763,2934.30322265625,772390
2022-05-20 00:00:00+05:30,2966.1800287399747,3009.517074614422,2956.5495741012087,2995.023193359375,778957
2022-05-23 00:00:00+05:30,3027.7670417281242,3070.189245675295,3014.3808024898185,3056.899169921875,813294
2022-05-24 00:00:00+05:30,3057.4292073079973,3066.0002196295877,2956.550174481629,2972.777587890625,691307
2022-05-25 00:00:00+05:30,2926.6953370565125,2926.6953370565125,2721.855601851881,2733.17138671875,3381427
2022-05-26 00:00:00+05:30,2744.679940797304,2754.310396729926,2618.087644586697,2735.19384765625,3212196
2022-05-27 00:00:00+05:30,2762.0147105303636,2762.977756105862,2678.229745461974,2730.08984375,1879534
2022-05-30 00:00:00+05:30,2773.5710047468356,2777.4231866978726,2712.8991390179986,2738.9013671875,2525482
2022-05-31 00:00:00+05:30,2738.9013327441367,2771.6448789161836,2707.1208320477385,2753.972900390625,2408221
2022-06-01 00:00:00+05:30,2753.973083906065,2831.2574884768223,2727.3931680780875,2747.08740234375,1770795
2022-06-02 00:00:00+05:30,2764.1332714748155,2811.1299410135844,2742.7537074363445,2801.066162109375,1164197
2022-06-03 00:00:00+05:30,2797.6470370347192,2811.5629967873156,2750.457809904013,2780.2158203125,1228489
2022-06-06 00:00:00+05:30,2764.999803317764,2765.8664501495846,2703.9425825323524,2713.332275390625,1193698
2022-06-07 00:00:00+05:30,2696.527460461573,2700.379642547947,2630.077319471627,2643.27099609375,1403598
2022-06-08 00:00:00+05:30,2669.4658025245717,2672.4513377060007,2600.222923173406,2605.230712890625,1743575
2022-06-09 00:00:00+05:30,2595.8351362041694,2612.882506314885,2551.037608200646,2602.421630859375,1857501
2022-06-10 00:00:00+05:30,2581.3065712246193,2650.076840101523,2568.714831852792,2623.6826171875,1592920
2022-06-13 00:00:00+05:30,2586.1007258761683,2598.740940623385,2559.5128347362265,2577.189697265625,1674206
2022-06-14 00:00:00+05:30,2534.813442334768,2582.6137063468414,2503.818398332203,2552.635498046875,2296040
2022-06-15 00:00:00+05:30,2566.7778922520683,2599.3227933243597,2544.597151470684,2577.57763671875,928842
2022-06-16 00:00:00+05:30,2610.3159777822125,2639.8581358054953,2557.0917108677468,2573.99365234375,1280628
2022-06-17 00:00:00+05:30,2566.87438390899,2573.5575965896387,2479.6038567066144,2499.16943359375,2043251
2022-06-20 00:00:00+05:30,2518.3476725159053,2589.3942293279947,2507.0636323418976,2577.141357421875,1595360
2022-06-21 00:00:00+05:30,2590.943938798221,2624.8932512053666,2557.091580510025,2594.2373046875,1042074
2022-06-22 00:00:00+05:30,2603.584006035873,2622.907433785981,2543.870204058246,2582.614013671875,1871760
2022-06-23 00:00:00+05:30,2590.9437919118595,2681.0231493003002,2590.9437919118595,2671.579345703125,1612872
2022-06-24 00:00:00+05:30,2687.852113329925,2697.3443951149384,2640.3909408783334,2674.19482421875,2215583
2022-06-27 00:00:00+05:30,2692.598242619881,2738.848672707921,2678.1662658310174,2732.359130859375,1295734
2022-06-28 00:00:00+05:30,2692.695095804488,2697.344400818558,2619.3724744832125,2640.875244140625,1838358
2022-06-29 00:00:00+05:30,2621.503392656904,2633.6108348916023,2593.8984243617915,2613.07666015625,1066354
2022-06-30 00:00:00+05:30,2629.590899807786,2641.3107604075158,2595.835260874571,2610.557861328125,1291447
2022-07-01 00:00:00+05:30,2619.9534269817746,2692.69503122771,2600.67847440518,2686.06005859375,1477191
2022-07-04 00:00:00+05:30,2687.997269539745,2710.1297677002385,2658.600542785622,2702.671630859375,653147
2022-07-05 00:00:00+05:30,2697.5378790352343,2723.9805777114925,2673.322996817683,2679.7158203125,1073043
2022-07-06 00:00:00+05:30,2741.657308755025,2778.8997485046025,2717.0548477311804,2771.538330078125,2085735
2022-07-07 00:00:00+05:30,2810.282388822576,2839.9215004356092,2786.455085648432,2800.596435546875,1469087
2022-07-08 00:00:00+05:30,2789.5540232972107,2797.3027844730364,2751.2945149915718,2789.3603515625,1274148
2022-07-11 00:00:00+05:30,2783.742877112794,2848.202941273128,2761.80428827608,2840.9384765625,1081885
2022-07-12 00:00:00+05:30,2828.2982447983204,2831.4461794885924,2794.784753198655,2802.33984375,1115524
2022-07-13 00:00:00+05:30,2856.387365564733,2875.710793327017,2834.158152079595,2848.832275390625,2153712
2022-07-14 00:00:00+05:30,2859.390422769423,2862.0540599776796,2820.936998256899,2846.846923828125,882479
2022-07-15 00:00:00+05:30,2857.307729463469,2891.257042872969,2848.1060738831366,2884.6220703125,1668006
2022-07-18 00:00:00+05:30,2900.700793290152,2930.000801303184,2894.5501185062953,2923.075439453125,823390
2022-07-19 00:00:00+05:30,2889.7558101191294,2928.0638043077624,2884.622207362035,2924.286376953125,638171
2022-07-20 00:00:00+05:30,2937.749454846388,2949.0819722143087,2905.7858109261997,2912.033203125,867436
2022-07-21 00:00:00+05:30,2887.382743707055,2988.068183231665,2887.382743707055,2969.810302734375,1184060
2022-07-22 00:00:00+05:30,2969.8103511384234,2995.6233230951434,2952.2786803957633,2971.0693359375,1268141
2022-07-25 00:00:00+05:30,2973.1032851793243,3019.305233878459,2955.8137644161484,3007.43994140625,985844
2022-07-26 00:00:00+05:30,2998.7707338497266,3050.8812028114407,2957.121140324036,3010.878173828125,2876310
2022-07-27 00:00:00+05:30,3021.0000845552686,3092.7246095631276,2998.77087103271,3085.992919921875,1976407
2022-07-28 00:00:00+05:30,3097.567709185862,3176.9925222419097,3082.070184687121,3169.631103515625,1332572
2022-07-29 00:00:00+05:30,3182.22252741686,3249.007354626693,3172.149232078412,3229.05419921875,1836550
2022-08-01 00:00:00+05:30,3235.1570271293294,3249.637480679988,3210.409368022003,3220.143798828125,1076122
2022-08-02 00:00:00+05:30,3226.390743625558,3297.824642557526,3221.1604239202575,3289.49462890625,1650536
2022-08-03 00:00:00+05:30,3297.0985765578716,3339.716772024542,3265.377078795748,3331.62890625,1169005
2022-08-04 00:00:00+05:30,3346.497188061583,3367.757810311878,3303.7820352975073,3351.824462890625,981434
2022-08-05 00:00:00+05:30,3365.868527890813,3382.2861702501514,3343.1550163426145,3364.802978515625,792478
2022-08-08 00:00:00+05:30,3356.1827254366162,3367.7573920146415,3328.6262363565115,3349.83837890625,724644
2022-08-10 00:00:00+05:30,3332.936669491413,3341.508833108703,3289.349877824132,3304.50830078125,1089295
2022-08-11 00:00:00+05:30,3341.6538598947395,3368.726051841802,3283.5381405922226,3298.2607421875,1410533
2022-08-12 00:00:00+05:30,3292.2553941554966,3326.931152868478,3276.7578694992776,3320.199462890625,548472
2022-08-16 00:00:00+05:30,3361.025548922406,3399.236584597453,3346.7872459089813,3391.052001953125,911189
2022-08-17 00:00:00+05:30,3407.469639767838,3434.299681113302,3394.539034960715,3413.0390625,817912
2022-08-18 00:00:00+05:30,3414.2986738158143,3431.442764542832,3405.145494878578,3424.32373046875,599877
2022-08-19 00:00:00+05:30,3409.45548765206,3427.374500868413,3355.2141503485045,3373.181640625,581829
2022-08-22 00:00:00+05:30,3353.374027330988,3376.0875408007983,3228.5219458927636,3244.55224609375,2336567
2022-08-23 00:00:00+05:30,3228.3280685193886,3277.6779507449683,3212.685349335418,3251.18701171875,831446
2022-08-24 00:00:00+05:30,3234.7213988307253,3278.6955368477943,3198.3021160033727,3272.73876953125,1182154
2022-08-25 00:00:00+05:30,3269.00905226243,3298.2121052065922,3245.9564374288216,3256.901611328125,615392
2022-08-26 00:00:00+05:30,3273.2227154110997,3278.210886759609,3201.8370505773732,3219.175048828125,1384783
2022-08-29 00:00:00+05:30,3145.029046837611,3243.196278444859,3135.0524676111563,3238.25634765625,1031166
2022-08-30 00:00:00+05:30,3226.3909212745125,3302.6678006051543,3226.3909212745125,3285.087890625,1426459
2022-09-01 00:00:00+05:30,3210.893259075237,3365.287247591918,3210.893259075237,3338.31201171875,1417762
2022-09-02 00:00:00+05:30,3379.429124648017,3379.429124648017,3317.4390231927364,3323.299072265625,740821
2022-09-05 00:00:00+05:30,3317.487510162658,3341.6539165543495,3298.59990106909,3317.245361328125,518438
2022-09-06 00:00:00+05:30,3312.5960254100396,3326.689134742662,3277.7265935636183,3288.623291015625,540937
2022-09-07 00:00:00+05:30,3285.475366808651,3327.1249660930766,3279.6153177541714,3293.563232421875,682921
2022-09-08 00:00:00+05:30,3341.653633425971,3375.21536445926,3319.76328604951,3341.798828125,1143090
2022-09-09 00:00:00+05:30,3374.295089179623,3374.295089179623,3325.623179828119,3333.759521484375,702805
2022-09-12 00:00:00+05:30,3333.7596837812675,3345.1889186484304,3315.501568576152,3324.41259765625,641280
2022-09-13 00:00:00+05:30,3324.219087927652,3350.3711611718377,3307.4138647906134,3314.726806640625,776044
2022-09-14 00:00:00+05:30,3273.852039257021,3340.200815792259,3273.852039257021,3330.95068359375,816678
2022-09-15 00:00:00+05:30,3331.968001859133,3350.129164659964,3282.6665931651996,3288.7685546875,590182
2022-09-16 00:00:00+05:30,3305.2346937021766,3312.596112987094,3205.6148033579802,3218.20654296875,1598265
2022-09-19 00:00:00+05:30,3216.365728424955,3237.1422857556304,3129.8218845573406,3212.10400390625,1013563
2022-09-20 00:00:00+05:30,3230.8465050235095,3302.9098991426945,3229.296657988781,3286.637451171875,708184
2022-09-21 00:00:00+05:30,3298.0669894134317,3317.341941252631,3242.8570574320615,3250.654296875,605378
2022-09-22 00:00:00+05:30,3250.654357637928,3331.9678871234723,3211.5229649864687,3328.093505859375,829396
2022-09-23 00:00:00+05:30,3327.124955346049,3329.9822642721033,3276.467372341137,3288.623291015625,513370
2022-09-26 00:00:00+05:30,3264.166144437257,3359.0884833556106,3248.6686197158933,3330.0791015625,1429914
2022-09-27 00:00:00+05:30,3346.3514134369825,3390.0833946384378,3323.298799058751,3361.655029296875,1455383
2022-09-28 00:00:00+05:30,3342.622553516893,3470.3801856179925,3312.596097660902,3458.514892578125,1843428
2022-09-29 00:00:00+05:30,3451.5404089802464,3451.5404089802464,3266.4902545783116,3278.5009765625,2624894
2022-09-30 00:00:00+05:30,3295.161096585815,3304.750095134646,3182.077599223559,3237.481201171875,2159720
2022-10-03 00:00:00+05:30,3242.8570827097815,3247.215761584391,3182.562024944344,3199.17333984375,934543
2022-10-04 00:00:00+05:30,3225.422097946783,3262.567819399902,3208.0358609597465,3232.9287109375,994382
2022-10-06 00:00:00+05:30,3232.9287145777175,3261.017976122996,3207.696761653563,3224.405029296875,922770
2022-10-07 00:00:00+05:30,3213.799286131254,3254.0929462128233,3184.014979908067,3238.692138671875,774544
2022-10-10 00:00:00+05:30,3176.9925035469078,3195.3958137808686,3157.8142697978788,3175.0068359375,734377
2022-10-11 00:00:00+05:30,3187.1630340876923,3254.4804116500973,3171.1812106376246,3195.10546875,1411316
2022-10-12 00:00:00+05:30,3230.2647789374328,3234.6234570499423,3105.3160063788337,3146.190673828125,1812549
2022-10-13 00:00:00+05:30,3128.659868149529,3155.8772550221543,3093.5965280457426,3108.222412109375,779890
2022-10-14 00:00:00+05:30,3133.4061663844227,3144.0607159455444,3080.133418578814,3085.460693359375,845765
2022-10-17 00:00:00+05:30,3085.460565441764,3116.939915112729,3070.544291263992,3097.1806640625,1067773
2022-10-18 00:00:00+05:30,3116.939645269741,3147.9346945701236,3111.1280735259193,3124.543212890625,1015424
2022-10-19 00:00:00+05:30,3140.185904185472,3143.7696594341137,3095.969624152379,3111.8544921875,943543
2022-10-20 00:00:00+05:30,3097.5678744226834,3140.0408743571106,3004.3890506981584,3042.260986328125,2284352
2022-10-21 00:00:00+05:30,3041.389165252829,3065.361898322895,2976.1541788546,2995.283935546875,1738731
2022-10-24 00:00:00+05:30,3051.0752503582357,3059.792608216402,3018.143009560718,3023.615478515625,178709
2022-10-25 00:00:00+05:30,3035.5776548285617,3036.546250123657,2983.1765547745235,2988.01953125,1016316
2022-10-27 00:00:00+05:30,3024.9233923294064,3024.9233923294064,2937.749807536052,2947.87158203125,2005709
2022-10-28 00:00:00+05:30,2962.6423914378747,2975.137412669272,2944.529706655443,2957.5087890625,715736
2022-10-31 00:00:00+05:30,2989.518492334792,3019.588276002014,2969.1971858968195,3014.447265625,814364
2022-11-01 00:00:00+05:30,3017.1633818492714,3069.4459125153426,3017.1633818492714,3064.595947265625,939335
2022-11-02 00:00:00+05:30,3063.237809767216,3065.1292487022656,3028.4151567506465,3037.9208984375,787012
2022-11-03 00:00:00+05:30,3011.828269188098,3054.2654629971094,3011.828269188098,3047.0390625,563798
2022-11-04 00:00:00+05:30,3053.5380885762283,3089.4278310404343,3032.101147675779,3085.887451171875,609757
2022-11-07 00:00:00+05:30,3090.3977518814495,3102.037668084393,3004.5048228709566,3010.421875,1669943
2022-11-09 00:00:00+05:30,3051.598380168678,3051.598380168678,2987.578833731573,2993.8837890625,1391333
2022-11-10 00:00:00+05:30,2993.398727196023,2993.398727196023,2942.4740890956373,2953.7744140625,1375007
2022-11-11 00:00:00+05:30,2997.957106443425,3005.0381022073016,2956.538455625518,2963.71630859375,810288
2022-11-14 00:00:00+05:30,2964.29879160304,2985.590091908843,2949.7974427177933,2961.582763671875,811702
2022-11-15 00:00:00+05:30,2976.423685858182,3002.1285017862388,2950.7188699301255,2986.899658203125,873840
2022-11-16 00:00:00+05:30,2986.899635450625,3000.188492824734,2959.448784871731,2990.537109375,770953
2022-11-17 00:00:00+05:30,2999.218427005087,3003.6319426225145,2968.178650270235,2979.4306640625,706271
2022-11-18 00:00:00+05:30,3002.128528859307,3021.3829858785225,2964.056301150833,3002.613525390625,1258576
2022-11-21 00:00:00+05:30,3011.828563403642,3017.018121193688,2974.1927839118534,3002.419677734375,612194
2022-11-22 00:00:00+05:30,3010.858294850225,3025.8931864643287,2980.1095638798038,3010.712890625,764079
2022-11-23 00:00:00+05:30,3017.6482759418896,3021.334296769497,2997.278422584519,3007.75439453125,488341
2022-11-24 00:00:00+05:30,3024.389967091296,3026.6209986051235,2999.2186932736295,3021.819580078125,571872
2022-11-25 00:00:00+05:30,3021.81938142531,3026.184350129217,2982.971112597598,3014.8837890625,898769
2022-11-28 00:00:00+05:30,3014.883600353231,3064.20783834593,3003.7772280425197,3056.641845703125,914689
2022-11-29 00:00:00+05:30,3062.267861210412,3073.9077770591684,3033.3134758107517,3040.9765625,877720
2022-11-30 00:00:00+05:30,3045.681277954749,3103.929411699258,3039.2794655037283,3079.87353515625,2547283
2022-12-01 00:00:00+05:30,3095.2475890792466,3101.0675469402545,3066.390298018417,3083.947265625,761717
2022-12-02 00:00:00+05:30,3077.9335035005515,3079.049137651833,3039.958368448281,3049.124755859375,932259
2022-12-05 00:00:00+05:30,3036.078180684021,3073.616863542317,3019.1033026770015,3062.1708984375,926122
2022-12-06 00:00:00+05:30,3031.228448896603,3073.908145457067,3031.228448896603,3066.8271484375,958365
2022-12-07 00:00:00+05:30,3084.5779397663878,3137.6365129396786,3081.085870014352,3129.6826171875,1832282
2022-12-08 00:00:00+05:30,3133.077667936157,3143.6504978481967,3106.5482623068474,3124.7841796875,851312
2022-12-09 00:00:00+05:30,3137.927632328049,3145.0571762340323,3109.7978328419554,3130.119140625,847879
2022-12-12 00:00:00+05:30,3130.1678801668854,3133.0778596030495,3047.621368768479,3071.337890625,1323816
2022-12-13 00:00:00+05:30,3089.428001981084,3089.428001981084,3048.348699756327,3083.123046875,886601
2022-12-14 00:00:00+05:30,3083.607877920916,3099.127766579845,3031.2282536970315,3051.549560546875,1103870
2022-12-15 00:00:00+05:30,3047.717981635722,3066.3417997238985,3023.177111568969,3036.66015625,799124
2022-12-16 00:00:00+05:30,3021.528344009243,3023.4683301049154,2958.7698411771935,2964.20166015625,1192821
2022-12-19 00:00:00+05:30,2970.1186793116817,2995.3384982738316,2949.74882553456,2988.5,655594
2022-12-20 00:00:00+05:30,2982.7772537537617,2995.9690174898506,2927.439101441437,2989.6640625,739257
2022-12-21 00:00:00+05:30,2992.4285504998456,3019.0548122815458,2958.527340864418,2977.5390625,616324
2022-12-22 00:00:00+05:30,2981.7588671173244,3000.673733060326,2946.8876616263765,2995.872314453125,663202
2022-12-23 00:00:00+05:30,2986.5602480960024,2994.2233357780187,2944.8990912529807,2966.141845703125,1230858
2022-12-26 00:00:00+05:30,2966.1415129377738,2979.7214149971255,2937.9148586032265,2964.34716796875,536884
2022-12-27 00:00:00+05:30,2968.1789506957684,3035.1084760545946,2964.590023510487,3019.20068359375,729041
2022-12-28 00:00:00+05:30,3016.629880532842,3049.4642404588985,3011.8284622313577,3029.96728515625,972274
2022-12-29 00:00:00+05:30,3007.9485208611454,3031.228354624663,2999.7521267531833,3021.673828125,596265
2022-12-30 00:00:00+05:30,3036.805752145115,3036.805752145115,2979.139712479381,2995.241455078125,836220
2023-01-02 00:00:00+05:30,2995.2414014890064,2995.2414014890064,2930.3489620988953,2955.811279296875,1015990
2023-01-03 00:00:00+05:30,2955.5687166873918,2968.1300788686267,2934.2288703575186,2937.38134765625,860367
2023-01-04 00:00:00+05:30,2943.929010219132,2958.478906480512,2911.4827889191993,2926.32373046875,836382
2023-01-05 00:00:00+05:30,2948.342438652981,2955.180937055911,2905.5171031718905,2914.19873046875,1113920
2023-01-06 00:00:00+05:30,2919.679220323806,2932.774127125923,2863.4196207295267,2889.02734375,1045526
2023-01-09 00:00:00+05:30,2903.480559931058,2927.09975118035,2862.449802087494,2894.60498046875,808263
2023-01-10 00:00:00+05:30,2894.6046882892815,2895.429277114177,2863.6134574599964,2871.51904296875,864325
2023-01-11 00:00:00+05:30,2885.6322408225165,2885.6322408225165,2846.9296127044795,2852.16748046875,890426
2023-01-12 00:00:00+05:30,2850.8095589225845,2851.634147736622,2809.099857992448,2828.451171875,1558620
2023-01-13 00:00:00+05:30,2837.2294639136117,2837.2294639136117,2785.5773377756973,2821.85498046875,1507864
2023-01-16 00:00:00+05:30,2837.229485569536,2841.691548033403,2809.0996889604703,2828.548095703125,644073
2023-01-17 00:00:00+05:30,2837.2295496419288,2856.484005585037,2823.795051749368,2852.65234375,716489
2023-01-18 00:00:00+05:30,2859.491004221043,2871.179467999321,2841.449275328524,2856.8720703125,893808
2023-01-19 00:00:00+05:30,2866.232391689925,2884.371451322064,2758.2723538114697,2780.1455078125,2379947
2023-01-20 00:00:00+05:30,2762.5405133923978,2762.5405133923978,2697.550971820315,2704.14697265625,3171005
2023-01-23 00:00:00+05:30,2715.980411231565,2715.980411231565,2684.795230878482,2700.89697265625,1402260
2023-01-24 00:00:00+05:30,2711.130465475897,2742.2673358517864,2700.8969918479224,2726.262451171875,1061471
2023-01-25 00:00:00+05:30,2726.553615947672,2726.650709987331,2684.068105969558,2691.73095703125,857953
2023-01-27 00:00:00+05:30,2683.5827989359163,2689.645255344979,2605.2558621308267,2640.951416015625,1801498
2023-01-30 00:00:00+05:30,2642.2611633969104,2692.700803814179,2615.3438552896177,2683.19482421875,1171912
2023-01-31 00:00:00+05:30,2677.1808321694366,2696.532146256415,2636.4896708695137,2644.0556640625,1961805
2023-02-01 00:00:00+05:30,2667.2869624042296,2694.6407193194764,2623.637274726268,2661.41845703125,1176872
2023-02-02 00:00:00+05:30,2658.750772535264,2658.750772535264,2613.1611022291136,2624.46142578125,1308570
2023-02-03 00:00:00+05:30,2624.4617256466054,2680.963823492483,2618.981359379718,2677.56884765625,1278409
2023-02-06 00:00:00+05:30,2677.568841459375,2682.030904416843,2636.4412290072255,2671.554931640625,1120284
2023-02-07 00:00:00+05:30,2679.120976211946,2691.2458901158743,2665.686476880504,2675.28955078125,732250
2023-02-08 00:00:00+05:30,2684.940925845201,2700.460815589971,2661.952136523705,2682.613037109375,811956
2023-02-09 00:00:00+05:30,2698.4719211246543,2735.7197936147795,2683.145984690344,2730.142333984375,946372
2023-02-10 00:00:00+05:30,2745.0803559163837,2746.001801959138,2709.190612747159,2720.442626953125,700072
2023-02-13 00:00:00+05:30,2730.0453911726377,2744.110290150077,2696.5806315366613,2707.008056640625,467228
2023-02-14 00:00:00+05:30,2720.587960979172,2720.587960979172,2682.0307378937196,2693.670654296875,524746
2023-02-15 00:00:00+05:30,2693.6705572258143,2714.331455459805,2671.360718257073,2702.5458984375,817717
2023-02-16 00:00:00+05:30,2713.0705626845715,2749.299897852454,2706.3777053609297,2721.751953125,788964
2023-02-17 00:00:00+05:30,2718.8423210198775,2760.455170293517,2701.9159874883103,2748.57275390625,840526
2023-02-20 00:00:00+05:30,2759.630479339226,2766.4204313094806,2727.717799804921,2740.76416015625,646218
2023-02-21 00:00:00+05:30,2751.8701488416255,2753.519089583385,2720.8303727531757,2732.5673828125,631934
2023-02-22 00:00:00+05:30,2725.6319045588316,2729.5118767318904,2696.580660275994,2712.052001953125,580270
2023-02-23 00:00:00+05:30,2720.830545949496,2721.364089497919,2619.0783682083215,2624.752685546875,1790570
2023-02-24 00:00:00+05:30,2630.717964535846,2679.1205178330974,2628.6808846226263,2656.32568359375,1429040
2023-02-27 00:00:00+05:30,2658.1688551027232,2675.8712282359784,2643.2796038986467,2667.3837890625,561317
2023-02-28 00:00:00+05:30,2667.4810009523794,2753.810386074111,2645.6076093816264,2743.91650390625,1815923
2023-03-01 00:00:00+05:30,2743.1405039700676,2767.68137691662,2731.5491337154585,2755.6533203125,816598
2023-03-02 00:00:00+05:30,2746.0501521668375,2763.5100259707947,2726.650292384663,2748.863037109375,604523
2023-03-03 00:00:00+05:30,2751.918983983131,2766.4203335298184,2726.3110239401644,2743.965087890625,679295
2023-03-06 00:00:00+05:30,2757.6903515725508,2797.460068214997,2745.322939689839,2778.59375,1050267
2023-03-08 00:00:00+05:30,2783.88003227603,2783.88003227603,2742.1703314440197,2773.74365234375,580250
2023-03-09 00:00:00+05:30,2776.1202223689806,2786.2566027921152,2751.7249908920103,2767.923828125,774224
2023-03-10 00:00:00+05:30,2758.6603661557356,2758.6603661557356,2722.7706215890116,2745.2744140625,489978
2023-03-13 00:00:00+05:30,2738.7750667896753,2763.9463362261695,2689.0143815920264,2700.654296875,813217
2023-03-14 00:00:00+05:30,2699.4422347533823,2703.3222071310624,2657.8296257286497,2663.213134765625,1060450
2023-03-15 00:00:00+05:30,2689.01453938798,2780.339522160226,2682.2245884077997,2742.55810546875,2170346
2023-03-16 00:00:00+05:30,2764.4801739163895,2812.9798260903613,2743.819274727336,2806.432373046875,1755487
2023-03-17 00:00:00+05:30,2836.2111091471825,2836.2111091471825,2769.3786832473547,2776.75048828125,1848073
2023-03-20 00:00:00+05:30,2827.5300144663897,2827.5300144663897,2746.099137398992,2769.475830078125,1074367
2023-03-21 00:00:00+05:30,2772.3854037978917,2800.3697966300324,2749.9301605286255,2753.9072265625,691891
2023-03-22 00:00:00+05:30,2740.230274588451,2767.5354833066995,2730.384940186164,2754.634765625,731807
2023-03-23 00:00:00+05:30,2732.567593446849,2738.2904578784132,2684.6983403446607,2713.8466796875,1016581
2023-03-24 00:00:00+05:30,2713.846686972472,2731.1609213641013,2689.6454069859774,2714.525634765625,784111
2023-03-27 00:00:00+05:30,2714.525700268892,2735.3805519950956,2702.8857830263596,2719.6181640625,791560
2023-03-28 00:00:00+05:30,2707.2504741954635,2726.262431799964,2682.0306560911704,2700.89697265625,558581
2023-03-29 00:00:00+05:30,2700.897323598093,2709.9183070704817,2672.331073281137,2687.365966796875,1087648
2023-03-31 00:00:00+05:30,2673.34943093138,2691.7307521280145,2665.055942872692,2678.78125,1967803
2023-04-03 00:00:00+05:30,2664.5223162743655,2698.1810271772156,2627.371535724687,2693.670654296875,1035295
2023-04-05 00:00:00+05:30,2677.1809211990385,2727.1841122169863,2669.6634747717585,2724.2255859375,668643
2023-04-06 00:00:00+05:30,2723.2070307643125,2740.230456716771,2703.176768346412,2725.53515625,627554
2023-04-10 00:00:00+05:30,2725.680454417148,2725.680454417148,2672.427931012248,2693.040283203125,1215461
2023-04-11 00:00:00+05:30,2706.2804469853227,2706.2804469853227,2667.5292743278087,2671.166748046875,1246379
2023-04-12 00:00:00+05:30,2672.864196156476,2721.9942457344196,2668.4506807465013,2703.1279296875,2235399
2023-04-13 00:00:00+05:30,2703.0796009841915,2728.881510991963,2698.5206809852966,2725.43798828125,602597
2023-04-17 00:00:00+05:30,2740.2303844680164,2760.2123361567474,2721.800516395488,2757.787353515625,754555
2023-04-18 00:00:00+05:30,2762.5403336616937,2772.6767141382034,2745.177551992728,2768.9423828125,717724
2023-04-19 00:00:00+05:30,2751.2398609697243,2767.0991051266333,2716.6109198988333,2725.389404296875,799624
2023-04-20 00:00:00+05:30,2735.3802209915348,2765.450003562718,2728.7356743104115,2758.5146484375,761101
2023-04-21 00:00:00+05:30,2761.667188076015,2800.369814373166,2761.667188076015,2795.616943359375,894930
2023-04-24 00:00:00+05:30,2795.6172300007843,2811.040025684968,2766.4203427375874,2804.34716796875,782967
2023-04-25 00:00:00+05:30,2804.2983907407483,2814.6772687765874,2778.205436200788,2811.039794921875,636120
2023-04-26 00:00:00+05:30,2810.021474274962,2828.9363397962657,2801.388630378308,2822.679931640625,569221
2023-04-27 00:00:00+05:30,2828.01459085324,2832.379559352242,2807.014337133922,2812.93115234375,599461
2023-04-28 00:00:00+05:30,2832.331257670373,2832.331257670373,2761.182407062687,2815.259521484375,1080665
2023-05-02 00:00:00+05:30,2823.601283317321,2845.668625687673,2806.1899550517883,2812.54345703125,663800
2023-05-03 00:00:00+05:30,2830.4397029645957,2873.5072994010247,2810.069849036475,2841.78857421875,1237193
2023-05-04 00:00:00+05:30,2859.5393988125807,2896.5445374872093,2834.464984731441,2893.34375,1008540
2023-05-05 00:00:00+05:30,2881.84912531299,2934.2287459009744,2862.4978128475896,2922.540283203125,1326561
2023-05-08 00:00:00+05:30,2924.5287935064875,2944.6076005467285,2903.1889482470706,2928.84521484375,941879
2023-05-09 00:00:00+05:30,2925.5477367957697,2982.5348314242337,2920.4067260025126,2943.735107421875,1025850
2023-05-10 00:00:00+05:30,2951.640011050523,2965.2684594127236,2928.31163315148,2950.136474609375,751851
2023-05-11 00:00:00+05:30,2960.467302364646,3061.4434356466963,2940.5338980480883,3045.53564453125,3229605
2023-05-12 00:00:00+05:30,3044.80835862121,3084.335577676264,2993.398724021999,3037.1455078125,1998170
2023-05-15 00:00:00+05:30,3040.152247948684,3072.938061242816,3027.3969337398025,3038.018310546875,810281
2023-05-16 00:00:00+05:30,3038.0177630367943,3070.706476406408,3028.657426276934,3043.934814453125,822404
2023-05-17 00:00:00+05:30,3041.898274961661,3053.4896448135755,2983.262241099658,2999.655029296875,835371
2023-05-18 00:00:00+05:30,3012.458961465521,3031.22842258405,3000.431141810596,3015.757080078125,498067
2023-05-19 00:00:00+05:30,3030.258292070695,3034.089717260147,2975.987228216814,2991.89501953125,633262
2023-05-22 00:00:00+05:30,2977.8784979126685,3012.410343298381,2954.598666007162,2992.331298828125,659425
2023-05-23 00:00:00+05:30,2994.3683460415905,3034.0895114322648,2992.428360070718,3026.960205078125,581204
2023-05-24 00:00:00+05:30,3021.527764964407,3039.133040682877,3005.037886311311,3008.432861328125,439465
2023-05-25 00:00:00+05:30,3008.433141244207,3035.1079474296707,2993.3982504851274,3029.821533203125,500313
2023-05-26 00:00:00+05:30,3029.2880116523224,3042.819366070541,3018.375590861068,3034.52587890625,568249
2023-05-29 00:00:00+05:30,3052.7620827784735,3060.3280759393006,3022.546893965369,3043.256103515625,535712
2023-05-30 00:00:00+05:30,3052.470880940651,3060.32791897674,3033.7016584550797,3050.0458984375,506026
2023-05-31 00:00:00+05:30,3057.369687414978,3122.7473640852704,3042.3347944474317,3097.139404296875,2349066
2023-06-01 00:00:00+05:30,3138.2669783156175,3152.3801871534492,3110.7675817677496,3143.456298828125,1104861
2023-06-02 00:00:00+05:30,3142.1952535213304,3152.428727112587,3122.4074908957737,3140.10986328125,781973
2023-06-05 00:00:00+05:30,3142.728778730194,3142.728778730194,3099.127640663455,3103.735107421875,492565
2023-06-06 00:00:00+05:30,3111.495249526119,3141.7104387290747,3099.1278379661603,3116.34521484375,577698
2023-06-07 00:00:00+05:30,3120.4676981168814,3132.35011319364,3110.040272641359,3128.03369140625,470038
2023-06-08 00:00:00+05:30,3123.377553396665,3149.5673651798047,3097.1877416135253,3115.860107421875,561161
2023-06-09 00:00:00+05:30,3134.2174874960015,3162.632114072365,3093.9388192324095,3105.65625,1239045
2023-06-12 00:00:00+05:30,3110.1965591509734,3126.942863120058,3076.9483027376846,3119.521728515625,1029156
2023-06-13 00:00:00+05:30,3134.412697721464,3194.952756057517,3129.6768074788038,3186.018310546875,1598821
2023-06-14 00:00:00+05:30,3188.1173190459326,3212.430890226534,3176.3998893894086,3193.19482421875,741615
2023-06-15 00:00:00+05:30,3198.858611356535,3226.199283248471,3196.271107409173,3216.776611328125,806994
2023-06-16 00:00:00+05:30,3214.237528833376,3243.7752170682693,3209.1600234928305,3238.74658203125,984671
2023-06-19 00:00:00+05:30,3240.6995762674064,3266.184844278896,3225.4668214346284,3231.764892578125,516915
2023-06-20 00:00:00+05:30,3236.940151816378,3248.5112097067135,3199.9326961161055,3240.552978515625,866290
2023-06-21 00:00:00+05:30,3240.553282230049,3254.5166024602095,3222.293665802187,3238.0146484375,742456
2023-06-22 00:00:00+05:30,3246.704624010815,3248.5111565267307,3166.0984209303365,3171.566650390625,871640
2023-06-23 00:00:00+05:30,3188.117655912372,3226.3456788493872,3176.4490953248237,3220.047607421875,1260659
2023-06-26 00:00:00+05:30,3217.41096577153,3237.2818693690233,3194.3665915704687,3230.251220703125,592801
2023-06-27 00:00:00+05:30,3197.882313134795,3265.7457698562816,3196.2712616772446,3247.681396484375,914141
2023-06-28 00:00:00+05:30,3252.563177315692,3276.242149711341,3245.239783791265,3269.406982421875,713110
2023-06-30 00:00:00+05:30,3274.045381014551,3368.370792149952,3265.0131949798406,3282.88232421875,1436363
2023-07-03 00:00:00+05:30,3285.763027236214,3300.3609460533116,3258.61759704459,3279.611328125,474224
2023-07-04 00:00:00+05:30,3279.611340059514,3307.244996655893,3252.563650387003,3268.870361328125,473663
2023-07-05 00:00:00+05:30,3272.4343655705393,3319.9386870148064,3262.083873130798,3294.94140625,632406
2023-07-06 00:00:00+05:30,3329.703275839557,3329.703275839557,3288.497024913674,3319.352783203125,693995
2023-07-07 00:00:00+05:30,3305.2918936067604,3333.60901765834,3258.56854356496,3264.96435546875,620761
2023-07-10 00:00:00+05:30,3266.233778667345,3292.6468678144374,3216.385828328021,3264.42724609375,548838
2023-07-11 00:00:00+05:30,3271.0668484891203,3319.8894711576295,3266.23345652328,3312.663818359375,772158
2023-07-12 00:00:00+05:30,3327.7505950961327,3333.999796631629,3283.0778868433017,3326.530029296875,1025127
2023-07-13 00:00:00+05:30,3344.3498261300397,3344.3498261300397,3304.6571271999596,3318.522705078125,750126
2023-07-14 00:00:00+05:30,3318.522766103323,3358.0202229372812,3307.2446917966186,3348.988037109375,832843
2023-07-17 00:00:00+05:30,3348.9880848979224,3391.2196570742717,3344.3499353525426,3378.916259765625,817694
2023-07-18 00:00:00+05:30,3378.52570176924,3440.0422102118596,3374.2294060600975,3430.717041015625,962485
2023-07-19 00:00:00+05:30,3437.112788088585,3446.877313054746,3400.4958194654823,3431.888671875,620289
2023-07-20 00:00:00+05:30,3427.397309245877,3451.7597526078594,3412.652780433913,3442.9716796875,589848
2023-07-21 00:00:00+05:30,3452.68744705653,3454.6403522134096,3422.4662874321607,3434.8671875,857975
2023-07-24 00:00:00+05:30,3423.442669046734,3483.9827276550905,3416.1192748602393,3460.2548828125,680246
2023-07-25 00:00:00+05:30,3464.3561050715302,3464.3561050715302,3271.1162297230953,3320.329345703125,2555630
2023-07-26 00:00:00+05:30,3319.7923093082786,3332.632565029856,3285.762842462779,3293.574462890625,959076
2023-07-27 00:00:00+05:30,3310.173854012104,3333.608713155553,3272.0922079040006,3290.058837890625,874078
2023-07-28 00:00:00+05:30,3295.527408416303,3318.9622699872634,3285.2746564790077,3310.857666015625,553750
2023-07-31 00:00:00+05:30,3244.9472145940294,3308.2213904004634,3244.8983442859517,3297.822265625,933890
2023-08-01 00:00:00+05:30,3292.5981734969737,3305.29205732125,3259.398785033481,3264.232177734375,698667
2023-08-02 00:00:00+05:30,3262.523428284879,3292.549346184397,3252.2218055223043,3283.71240234375,857218
2023-08-03 00:00:00+05:30,3290.6451309813115,3300.360786286128,3239.820727496561,3257.78759765625,711067
2023-08-04 00:00:00+05:30,3259.5450867540185,3293.8675379990586,3244.7519255138054,3261.009765625,519248
2023-08-07 00:00:00+05:30,3237.965656257464,3271.116173984118,3237.9167859496524,3264.281005859375,360358
2023-08-08 00:00:00+05:30,3264.281268692649,3280.832093734709,3254.1748882234783,3269.21240234375,500258
2023-08-09 00:00:00+05:30,3254.0767814542432,3277.902126767352,3225.2225628007964,3252.563232421875,643222
2023-08-10 00:00:00+05:30,3232.0580891688237,3241.8226151179742,3153.94188157562,3161.65576171875,1253219
2023-08-11 00:00:00+05:30,3161.655653105388,3172.445501586881,3105.1191451587215,3110.34326171875,919023
2023-08-14 00:00:00+05:30,3110.343448166041,3134.3151692712677,3078.022771090537,3127.187255859375,815534
2023-08-16 00:00:00+05:30,3119.6682205557104,3133.289924620688,3102.0920742956014,3118.83837890625,597686
2023-08-17 00:00:00+05:30,3147.9851800012616,3148.082920609833,3087.542864444259,3108.29248046875,873392
2023-08-18 00:00:00+05:30,3100.1389894765703,3110.4894814754334,3080.707679816353,3089.056396484375,592652
2023-08-21 00:00:00+05:30,3085.492552552905,3112.442740343641,3077.9250447136383,3107.365234375,353330
2023-08-22 00:00:00+05:30,3123.28102278856,3123.28102278856,3096.330838768982,3104.825927734375,377068
2023-08-23 00:00:00+05:30,3110.9775518985657,3120.7420765435704,3090.7161632601806,3094.1826171875,370811
2023-08-24 00:00:00+05:30,3110.001438080275,3156.773420866136,3096.2333614749346,3149.6455078125,1167742
2023-08-25 00:00:00+05:30,3148.961647965995,3188.1174895186123,3140.466558689115,3182.5517578125,1363431
2023-08-28 00:00:00+05:30,3188.0687587857724,3194.952797056801,3154.967112143622,3182.9423828125,707315
2023-08-29 00:00:00+05:30,3184.2119902569634,3211.55266358637,3178.402144852815,3208.330322265625,533163
2023-08-30 00:00:00+05:30,3223.562601609992,3225.076150623747,3199.248791960931,3217.117919921875,599080
2023-08-31 00:00:00+05:30,3222.342535460073,3224.2465704020387,3144.177455086179,3179.427490234375,1601967
2023-09-01 00:00:00+05:30,3164.7803969000015,3187.3363073547193,3141.345536131423,3182.7958984375,650131
2023-09-04 00:00:00+05:30,3182.796191048064,3189.3383759357353,3140.369372309451,3159.361328125,696213
2023-09-05 00:00:00+05:30,3168.588631574132,3172.34806937507,3144.1773170011415,3147.399658203125,597022
2023-09-06 00:00:00+05:30,3133.436314405402,3153.941818488454,3119.765978350034,3149.3525390625,754106
2023-09-07 00:00:00+05:30,3149.3528501420574,3177.1328809773595,3125.8691157061153,3169.9072265625,923108
2023-09-08 00:00:00+05:30,3174.0079030416637,3186.213559989578,3155.8946604526122,3161.80224609375,395918
2023-09-11 00:00:00+05:30,3165.659234686456,3188.1176438159405,3165.659234686456,3182.6494140625,359345
2023-09-12 00:00:00+05:30,3183.235398226904,3202.569206912888,3166.6357044324695,3180.15966796875,554905
2023-09-13 00:00:00+05:30,3168.588319728544,3207.30456547424,3149.352253416548,3200.567138671875,880907
2023-09-14 00:00:00+05:30,3204.7175815306496,3216.6302561236794,3147.350988625432,3163.95068359375,1102554
2023-09-15 00:00:00+05:30,3158.8237567588994,3163.7060191341066,3110.00113300683,3121.376708984375,1568607
2023-09-18 00:00:00+05:30,3124.648106050367,3153.843941434582,3114.8835807189594,3130.7998046875,673602
2023-09-20 00:00:00+05:30,3130.8001530863967,3151.9891277351367,3119.7661905556884,3138.66064453125,901084
2023-09-21 00:00:00+05:30,3134.412501336708,3184.4068212809307,3105.6560231071503,3167.80712890625,845739
2023-09-22 00:00:00+05:30,3158.7749975437864,3206.279555160209,3145.2999052359833,3197.735595703125,896521
2023-09-25 00:00:00+05:30,3195.2461219970146,3256.2744139155175,3194.123058390655,3244.996337890625,1422084
2023-09-26 00:00:00+05:30,3244.751758189866,3246.6069226407453,3183.5771025232075,3215.262939453125,834560
2023-09-27 00:00:00+05:30,3210.57617585933,3231.0816806321536,3194.6599506668354,3224.05126953125,516326
2023-09-28 00:00:00+05:30,3204.5223783185293,3211.552789772546,3080.7081336978968,3095.69677734375,2104381
2023-09-29 00:00:00+05:30,3119.7657491959358,3119.7657491959358,3060.202146472633,3086.615234375,1550585
2023-10-03 00:00:00+05:30,3091.546713274649,3151.793791816424,3087.54316220478,3092.279052734375,1219145
2023-10-04 00:00:00+05:30,3090.4234435042013,3113.9071749573122,3077.1438318890637,3095.2568359375,892584
2023-10-05 00:00:00+05:30,3134.412673611111,3155.9923702409533,3099.5533653866805,3130.7509765625,1002610
2023-10-06 00:00:00+05:30,3139.0508897887757,3141.247908064544,3114.8836887553293,3120.498291015625,814257
2023-10-09 00:00:00+05:30,3066.109557458099,3088.5190934645534,3058.932536607591,3078.559326171875,700012
2023-10-10 00:00:00+05:30,3075.8256043439133,3090.3746523220498,3066.1099489228263,3077.290283203125,847367
2023-10-11 00:00:00+05:30,3094.377952292919,3110.001192190895,3077.8271302043445,3089.39794921875,1025317
2023-10-12 00:00:00+05:30,3110.9779046983717,3113.419036136459,3075.8744822970257,3084.71142578125,992531
2023-10-13 00:00:00+05:30,3075.82525973087,3097.3072139258156,3054.587418651776,3074.653564453125,854688
2023-10-16 00:00:00+05:30,3050.437602637241,3054.343412627814,3023.194673309686,3038.76904296875,853011
2023-10-17 00:00:00+05:30,3063.1314053734854,3063.1314053734854,3018.995801307206,3040.233642578125,792640
2023-10-18 00:00:00+05:30,3036.7671111519703,3041.84461619967,3017.2380622056553,3023.5361328125,481985
2023-10-19 00:00:00+05:30,3014.992422049846,3037.646073013756,3003.665715763756,3028.760498046875,568124
2023-10-20 00:00:00+05:30,3019.6793516786697,3041.747273501952,2992.38755202333,3032.715087890625,711434
2023-10-23 00:00:00+05:30,3023.1460859602666,3035.6933586943196,2991.8507328033447,2999.662353515625,374476
2023-10-25 00:00:00+05:30,3020.558284968735,3034.8145878487876,2980.1332439235844,2988.72607421875,669290
2023-10-26 00:00:00+05:30,2979.254468449384,2983.0625380348624,2870.770494868247,2890.592529296875,1834111
2023-10-27 00:00:00+05:30,2863.740148769746,2904.6045458433605,2861.982486463068,2885.563720703125,1708185
2023-10-30 00:00:00+05:30,2903.970093741242,2921.497370603125,2869.8919926381013,2897.232666015625,878885
2023-10-31 00:00:00+05:30,2899.087699434419,2941.8074996534338,2896.1583417051147,2925.158935546875,1152306
2023-11-01 00:00:00+05:30,2927.3557235886283,2938.047830781237,2861.005823917087,2865.44873046875,1029990
2023-11-02 00:00:00+05:30,2891.3247168361477,2892.2522990308885,2864.911629087315,2885.8076171875,900125
2023-11-03 00:00:00+05:30,2892.410747434222,2917.744922576785,2877.73838990581,2912.805419921875,715997
2023-11-06 00:00:00+05:30,2932.5149826970683,2967.777593876334,2918.6741552698677,2963.13134765625,620959
2023-11-07 00:00:00+05:30,2963.131189636381,2972.5703096148627,2936.6230381449195,2967.0927734375,757998
2023-11-08 00:00:00+05:30,2991.204757100093,3031.26024720746,2979.66245422609,3027.64111328125,783400
2023-11-09 00:00:00+05:30,3032.2869918192046,3043.4378871691924,3006.903862987972,3012.91943359375,849702
2023-11-10 00:00:00+05:30,3002.942399095828,3017.6147560946674,2973.695596334632,3009.25146484375,364232
2023-11-13 00:00:00+05:30,3030.3307127409025,3030.3307127409025,2998.0515282604474,3018.20166015625,405941
2023-11-15 00:00:00+05:30,3018.29926558605,3050.725316197309,3011.452165999754,3048.133056640625,700017
2023-11-16 00:00:00+05:30,3050.872069706152,3072.2936151982453,3029.939602776051,3061.92529296875,675454
2023-11-17 00:00:00+05:30,3081.194811420256,3157.735603164267,3076.9397325860946,3099.681884765625,1430175
2023-11-20 00:00:00+05:30,3099.681808217802,3102.616279394306,3063.5879082699557,3071.755615234375,406431
2023-11-21 00:00:00+05:30,3087.9443573244434,3087.9443573244434,3058.6975526796755,3064.81103515625,409069
2023-11-22 00:00:00+05:30,3071.413261737452,3088.041932262782,3053.02386068904,3064.566162109375,489889
2023-11-23 00:00:00+05:30,3079.2384782423283,3102.127258319834,3047.10592274133,3054.735595703125,792460
2023-11-24 00:00:00+05:30,3049.893761399756,3071.2176334071673,3043.0466618712767,3067.647216796875,756329
2023-11-28 00:00:00+05:30,3072.538132399114,3090.9764895768662,3067.647346814341,3079.5810546875,647883
2023-11-29 00:00:00+05:30,3079.5810546875,3100.7580607464133,3073.3696614716814,3079.5810546875,620725
2023-11-30 00:00:00+05:30,3079.580957410248,3085.058493807437,3040.454673967974,3051.752197265625,1793116
2023-12-01 00:00:00+05:30,3078.211531912325,3120.9082339135216,3071.6579269041376,3104.083740234375,960196
2023-12-04 00:00:00+05:30,3120.3213098602305,3134.4556329223124,3097.3346168252097,3124.77197265625,1018189
2023-12-05 00:00:00+05:30,3127.168444053298,3176.712008740116,3110.5397723145097,3155.779541015625,1005550
2023-12-06 00:00:00+05:30,3193.6826457155576,3217.158414014845,3162.3326657043112,3181.504638671875,1229158
2023-12-07 00:00:00+05:30,3212.2678504461137,3227.869408109207,3175.9294104503642,3180.771240234375,1071725
2023-12-08 00:00:00+05:30,3183.9011764526367,3198.377948457375,3157.29535263218,3161.403564453125,895852
2023-12-11 00:00:00+05:30,3159.4476086150153,3174.119965930565,3115.9196152455515,3162.382080078125,910426
2023-12-12 00:00:00+05:30,3157.491022196488,3185.906532843692,3139.8841949351695,3154.31201171875,1019030
2023-12-13 00:00:00+05:30,3169.2288944971356,3183.852294875292,3120.614536068431,3172.799072265625,1052079
2023-12-14 00:00:00+05:30,3183.901309223693,3187.4227702501344,3147.709497106557,3170.549560546875,923107
2023-12-15 00:00:00+05:30,3179.0105066152028,3253.6928951168384,3171.1852499835345,3241.5146484375,1631687
2023-12-18 00:00:00+05:30,3240.6343706149955,3262.9363995567774,3224.0057004367723,3259.268310546875,911936
2023-12-19 00:00:00+05:30,3263.0829969739616,3280.6408684416924,3228.064926459788,3263.180908203125,780448
2023-12-20 00:00:00+05:30,3263.1810700452647,3286.558929418643,3210.9473371590725,3225.130615234375,979762
2023-12-21 00:00:00+05:30,3208.3552973294245,3247.481581443198,3200.3834124643977,3230.803955078125,1585879
2023-12-22 00:00:00+05:30,3237.6021296469366,3277.608898814463,3215.202427304176,3268.31640625,930563
2023-12-26 00:00:00+05:30,3276.777165119288,3317.8108056457036,3272.1309191272035,3309.44775390625,600190
2023-12-27 00:00:00+05:30,3307.19813328943,3335.46677814922,3280.738935792259,3330.0869140625,837182
2023-12-28 00:00:00+05:30,3330.6251516334446,3345.248553509726,3299.373077928156,3323.04443359375,779250
2023-12-29 00:00:00+05:30,3335.515876962421,3348.1829642761095,3309.9858798589926,3328.081787109375,615676
2024-01-01 00:00:00+05:30,3328.6683774458093,3337.276207082647,3315.1208070394337,3321.919189453125,283951
2024-01-02 00:00:00+05:30,3321.8215283741883,3324.6580884553578,3271.9355160222794,3317.273193359375,552394
2024-01-03 00:00:00+05:30,3317.2731771999725,3324.7559834931535,3291.49864208722,3299.910888671875,379131
2024-01-04 00:00:00+05:30,3298.3455254970013,3326.956618800912,3290.32468556312,3306.121826171875,777127
2024-01-05 00:00:00+05:30,3306.1220648320273,3306.5621877684384,3274.869993036403,3282.255126953125,416956
2024-01-08 00:00:00+05:30,3281.7170586679176,3302.7474362420935,3222.8810048382024,3226.353271484375,545884
2024-01-09 00:00:00+05:30,3237.700343253873,3242.591129270873,3190.993336791525,3196.128662109375,670704
2024-01-10 00:00:00+05:30,3220.0930774545645,3221.07123452548,3187.0313206960373,3215.0556640625,691087
2024-01-11 00:00:00+05:30,3215.055607824587,3236.917274692421,3199.2582281208993,3216.3759765625,537469
2024-01-12 00:00:00+05:30,3222.978667772591,3222.978667772591,3173.1416116156056,3206.203369140625,673004
2024-01-15 00:00:00+05:30,3210.507179409645,3215.3979648998206,3187.4228151807442,3202.388427734375,728116
2024-01-16 00:00:00+05:30,3203.415486151749,3247.481510432904,3202.3883734546444,3224.885986328125,748215
2024-01-17 00:00:00+05:30,3222.147344455249,3232.1734545616678,3123.304523400637,3171.478759765625,2239241
2024-01-18 00:00:00+05:30,3186.786871325584,3186.786871325584,2982.009826037471,3094.742431640625,1979174
2024-01-19 00:00:00+05:30,3108.387905038511,3131.6191378443286,3079.8257634135707,3096.698974609375,936201
2024-01-23 00:00:00+05:30,3020.109120015201,3041.0905428694305,2955.5507488896355,2987.9765625,2365225
2024-01-24 00:00:00+05:30,2988.2700258274895,2988.2700258274895,2911.093523956935,2933.933349609375,2665932
2024-01-25 00:00:00+05:30,2944.30171451061,2950.1217012724337,2878.0315735088834,2884.78076171875,2001961
2024-01-29 00:00:00+05:30,2875.830537430849,2923.1732407376535,2875.830537430849,2911.044189453125,1862723
2024-01-30 00:00:00+05:30,2924.6899659619667,2939.3623236507387,2886.590791591702,2889.57421875,1273188
2024-01-31 00:00:00+05:30,2901.213827841927,2906.9848589486714,2883.6559564498393,2893.241943359375,1771244
2024-02-01 00:00:00+05:30,2896.3230776244395,2907.914334400495,2856.1696822314952,2865.364501953125,3006472
2024-02-02 00:00:00+05:30,2885.56354677796,2897.643882912205,2860.1804168992376,2872.162841796875,1881911
2024-02-05 00:00:00+05:30,2885.5631958783765,2900.2355511116566,2848.393229287401,2853.62646484375,923435
2024-02-06 00:00:00+05:30,2866.9786431197026,2882.6291577187862,2839.2477920412903,2866.9296875,1471312
2024-02-07 00:00:00+05:30,2892.410318251317,2937.356585715868,2871.917976372253,2916.03271484375,1134012
2024-02-08 00:00:00+05:30,2934.2267557857144,2934.2267557857144,2856.023143533934,2865.609130859375,1633654
2024-02-09 00:00:00+05:30,2866.0002408610517,2894.3667961460246,2846.9751334401203,2887.17724609375,1144765
2024-02-12 00:00:00+05:30,2887.177580471039,2900.1871188872456,2856.2679564861496,2889.28076171875,614469
2024-02-13 00:00:00+05:30,2900.187006172004,2916.1310155447804,2881.3574809563274,2906.69189453125,717118
2024-02-14 00:00:00+05:30,2905.028941159779,2915.6909978085578,2871.9184635846573,2911.386962890625,750339
2024-02-15 00:00:00+05:30,2914.908221563188,2958.43621346237,2902.632301928919,2950.659912109375,1068730
2024-02-16 00:00:00+05:30,2968.706637826596,2968.706637826596,2934.4711411795015,2942.198486328125,1179473
2024-02-19 00:00:00+05:30,2942.1987861009297,2952.762931047103,2922.2444758309666,2932.613037109375,560700
2024-02-20 00:00:00+05:30,2932.612861719657,2951.1978463958626,2907.180777425901,2945.86669921875,729371
2024-02-21 00:00:00+05:30,2946.2582885119823,2960.637150841215,2918.331854145458,2936.232177734375,927130
2024-02-22 00:00:00+05:30,2917.8424600320245,2961.076953582356,2868.0543620534536,2951.490966796875,2615821
2024-02-23 00:00:00+05:30,2933.493024746185,2939.3619671097986,2901.4094253968556,2920.72802734375,1650523
2024-02-26 00:00:00+05:30,2856.2187238571983,2866.0002948293118,2785.595829200114,2805.794677734375,3524491
2024-02-27 00:00:00+05:30,2792.638448875696,2807.3108049993866,2787.845574731776,2797.089111328125,1296180
2024-02-28 00:00:00+05:30,2787.8942044506925,2796.9421571109942,2724.6564470561675,2733.313232421875,2472196
2024-02-29 00:00:00+05:30,2724.1675724933907,2776.0098997257605,2716.0977762732578,2760.261474609375,2284424
2024-03-01 00:00:00+05:30,2771.0210253243686,2783.7860226524867,2753.5610651789943,2769.896240234375,978174
2024-03-04 00:00:00+05:30,2797.5291770355125,2798.4583784760994,2766.2281512784716,2769.896240234375,971299
2024-03-05 00:00:00+05:30,2772.0972215369366,2772.928750595132,2743.730665635535,2758.794189453125,736381
2024-03-06 00:00:00+05:30,2766.179407783163,2776.988091830309,2717.07596762298,2765.543701171875,1723066
2024-03-07 00:00:00+05:30,2763.2937738294486,2830.786612907053,2763.2937738294486,2807.848876953125,1564364
2024-03-11 00:00:00+05:30,2832.3027197089245,2833.2808767678416,2790.7800003194693,2814.01123046875,866546
2024-03-12 00:00:00+05:30,2817.0924163314435,2836.5576468794693,2802.860182924859,2813.326416015625,663186
2024-03-13 00:00:00+05:30,2815.7232155212046,2824.184179189315,2773.07546904553,2797.676025390625,955841
2024-03-14 00:00:00+05:30,2797.5293838193666,2834.748310271269,2778.9443984023846,2829.074951171875,1381741
2024-03-15 00:00:00+05:30,2831.764669998727,2833.6720284915555,2787.7476025894207,2804.914306640625,1356226
2024-03-18 00:00:00+05:30,2803.3982824301775,2803.3982824301775,2755.713123229734,2784.32421875,940424
2024-03-19 00:00:00+05:30,2777.9661233321626,2777.9661233321626,2739.817996990629,2753.610107421875,1199135
2024-03-20 00:00:00+05:30,2753.6100525788056,2775.080552420289,2736.443348305445,2763.19580078125,818910
2024-03-21 00:00:00+05:30,2782.856728395222,2783.2478956809887,2744.708604526184,2759.527587890625,1167680
2024-03-22 00:00:00+05:30,2759.527757459599,2792.7850982608375,2746.6650873493313,2779.433349609375,1652689
2024-03-26 00:00:00+05:30,2758.4031581414415,2782.025557749175,2748.621586658671,2753.169921875,1372390
2024-03-27 00:00:00+05:30,2756.3976650060517,2780.7539193104612,2756.153125738786,2768.673583984375,1156231
2024-03-28 00:00:00+05:30,2773.124456841355,2805.3546869511288,2757.424986929997,2784.56884765625,1864623
2024-04-01 00:00:00+05:30,2798.4585357840074,2823.401542086254,2790.0465279236687,2808.2890625,558086
2024-04-02 00:00:00+05:30,2811.272561406043,2829.221601547265,2793.616777358985,2811.419189453125,562473
2024-04-03 00:00:00+05:30,2782.8570710205126,2821.543233776419,2782.8570710205126,2806.67529296875,816676
2024-04-04 00:00:00+05:30,2807.310872585835,2878.9608800481737,2788.9704269896733,2854.555908203125,1831347
2024-04-05 00:00:00+05:30,2860.131359165076,2863.7994482884924,2817.092446783659,2820.467041015625,1155672
2024-04-08 00:00:00+05:30,2844.4808358051305,2845.4100372849616,2811.027910876014,2828.830322265625,570695
2024-04-09 00:00:00+05:30,2829.808482540119,2852.746218710642,2782.856941868869,2794.741455078125,1017670
2024-04-10 00:00:00+05:30,2820.320397345162,2835.775327194423,2795.572975101407,2833.4765625,740495
2024-04-12 00:00:00+05:30,2826.873990765677,2829.808462036368,2782.856921705312,2792.1494140625,1766311
2024-04-15 00:00:00+05:30,2768.3802361742187,2791.1713448557684,2750.9202748485886,2782.27001953125,884519
2024-04-16 00:00:00+05:30,2765.885805623186,2779.384421254131,2758.402999392668,2768.1845703125,911249
2024-04-18 00:00:00+05:30,2792.638459614104,2796.7466715829582,2738.9377315180564,2746.37158203125,1732434
2024-04-19 00:00:00+05:30,2729.058020808912,2760.456955926309,2705.728880914337,2747.202880859375,1337807
2024-04-22 00:00:00+05:30,2784.422125179301,2784.422125179301,2752.5830634834483,2779.77587890625,676040
2024-04-23 00:00:00+05:30,2789.7042998270153,2815.0874310908584,2781.8790423239943,2812.10400390625,929062
2024-04-24 00:00:00+05:30,2819.978048024977,2820.1249148791007,2797.5293896701464,2805.110107421875,718441
2024-04-25 00:00:00+05:30,2802.420259581098,2807.2131341354066,2767.2555574885973,2798.94775390625,1594152
2024-04-26 00:00:00+05:30,2807.310846912153,2815.3316872846112,2775.0806185741635,2782.025390625,625507
2024-04-29 00:00:00+05:30,2782.025565723674,2811.1746965874654,2776.9881519187666,2805.55029296875,566219
2024-04-30 00:00:00+05:30,2792.6384001237384,2848.3933524204294,2792.6384001237384,2813.081787109375,1290649
2024-05-02 00:00:00+05:30,2812.299720212527,2922.7335670313487,2812.299720212527,2910.40869140625,2493406
2024-05-03 00:00:00+05:30,2917.8916823067084,2931.536926545567,2845.7036381557195,2865.755859375,1594445
2024-05-06 00:00:00+05:30,2885.5637170291707,2894.36713175909,2847.6111702097137,2868.103515625,768806
2024-05-07 00:00:00+05:30,2882.628922844522,2903.1212659664184,2840.56816828656,2849.37158203125,629534
2024-05-08 00:00:00+05:30,2836.6557998488256,2841.5465857106337,2759.381383232254,2781.1943359375,1652877
2024-05-09 00:00:00+05:30,2766.22844196289,2791.6115724435085,2644.741370738688,2650.90380859375,3547959
2024-05-10 00:00:00+05:30,2640.046163082854,2731.6017683742816,2611.7775168079056,2710.718017578125,2478584
2024-05-13 00:00:00+05:30,2710.7176828148404,2831.764615876937,2693.9423851903925,2816.358642578125,2748823
2024-05-14 00:00:00+05:30,2816.114336335953,2824.9177503779893,2779.922523052024,2803.544921875,999330
2024-05-15 00:00:00+05:30,2803.5447686732446,2811.4679364012663,2744.85534493346,2752.240478515625,1230520
2024-05-16 00:00:00+05:30,2759.4301074448294,2775.6186550514135,2725.683687828349,2752.5830078125,1534319
2024-05-17 00:00:00+05:30,2753.120966745244,2776.2053301615915,2725.243490432507,2748.5234375,1325150
2024-05-21 00:00:00+05:30,2753.511832875566,2804.3270390102252,2739.8176354829343,2789.508056640625,921822
2024-05-22 00:00:00+05:30,2789.5084117321644,2831.7647498754654,2774.640471860543,2822.716796875,933846
2024-05-23 00:00:00+05:30,2821.9832845122146,2857.441480028183,2814.4515224676425,2840.32373046875,1181894
2024-05-24 00:00:00+05:30,2846.6328987004767,2846.6328987004767,2804.3765574554036,2811.957275390625,755822
2024-05-27 00:00:00+05:30,2824.8198990607502,2834.9928765653954,2793.1766589787535,2809.560791015625,817091
2024-05-28 00:00:00+05:30,2813.0331303952935,2857.1968269769022,2801.441873489164,2847.61083984375,1084544
2024-05-29 00:00:00+05:30,2832.7429896117637,2857.8815795687715,2818.168544200798,2836.80224609375,1758297
2024-05-30 00:00:00+05:30,2812.446046504146,2847.268532864804,2812.2015072426466,2820.71142578125,1344426
2024-05-31 00:00:00+05:30,2820.711505965759,2842.5244564731543,2793.2254354766064,2818.26611328125,2520363
2024-06-03 00:00:00+05:30,2885.563452587727,2885.563452587727,2797.578268972943,2803.83837890625,952701
2024-06-04 00:00:00+05:30,2817.0926209408785,2833.7212926617103,2715.119737005779,2795.230712890625,2683847
2024-06-05 00:00:00+05:30,2801.9311037093385,2961.175132509102,2801.9311037093385,2897.056884765625,2410576
2024-06-06 00:00:00+05:30,2895.344806183125,2897.0565809840778,2819.293097169362,2841.3505859375,1689408
2024-06-07 00:00:00+05:30,2841.350786258419,2878.8142508763817,2825.7492283056527,2863.75048828125,1600180
2024-06-10 00:00:00+05:30,2864.0440497813993,2887.4219094460077,2851.3280072106486,2873.385498046875,876867
2024-06-11 00:00:00+05:30,2878.9161803046404,2884.200050873693,2859.1637536816243,2866.521484375,855430
2024-06-12 00:00:00+05:30,2872.9901737138907,2881.8787648322905,2830.1766967128788,2869.829833984375,1701770
2024-06-13 00:00:00+05:30,2892.7428323332797,2892.7428323332797,2869.0399207675578,2873.97802734375,726380
2024-06-14 00:00:00+05:30,2873.9778232811677,2895.0636333117345,2869.138575627497,2885.434326171875,982815
2024-06-18 00:00:00+05:30,2885.434525252859,2891.7552052102965,2869.039915005434,2882.372802734375,741098
2024-06-19 00:00:00+05:30,2881.878783759722,2883.8540262434503,2846.9662764124355,2855.904296875,1018294
2024-06-20 00:00:00+05:30,2849.287462334264,2888.298503846293,2836.843337455186,2879.409912109375,1129752
2024-06-21 00:00:00+05:30,2888.792357132325,2891.7552210883578,2844.4482563710894,2855.065185546875,1722379
2024-06-24 00:00:00+05:30,2847.3121775424684,2864.052310175292,2835.855674137223,2860.20068359375,892125
2024-06-25 00:00:00+05:30,2840.398964794878,2859.1143409045812,2820.6465380577783,2823.066162109375,1217792
2024-06-26 00:00:00+05:30,2824.7946097151184,2838.2757861605223,2808.8446209496965,2827.90576171875,960622
2024-06-27 00:00:00+05:30,2825.337437506155,2867.064434529535,2809.782403112824,2845.188720703125,1628022
2024-06-28 00:00:00+05:30,2829.5349385018058,2895.7055635906786,2826.769550722158,2880.940673828125,1206712
2024-07-01 00:00:00+05:30,2853.5341980997528,2902.618927243877,2852.2502422185494,2891.5576171875,1104110
2024-07-02 00:00:00+05:30,2891.5577284305323,2899.6561749734506,2875.9532634614056,2889.385009765625,1064295
2024-07-03 00:00:00+05:30,2893.434225521064,2912.445936539116,2879.903861228019,2889.335693359375,925189
2024-07-04 00:00:00+05:30,2903.6065450219817,2931.7043220383803,2886.8169833670927,2898.569580078125,968666
2024-07-05 00:00:00+05:30,2900.791899712248,2910.4212077021552,2877.039799565268,2899.557373046875,817429
2024-07-08 00:00:00+05:30,2899.5573633729946,2899.5573633729946,2854.916927525749,2862.274658203125,828260
2024-07-09 00:00:00+05:30,2872.9408507222565,2877.138241127908,2854.2254758431045,2869.039794921875,685431
2024-07-10 00:00:00+05:30,2864.151309616269,2977.18452353163,2858.5219162131198,2959.35791015625,2299950
2024-07-11 00:00:00+05:30,2961.8761509339274,2992.4924099132377,2936.1979982416024,2984.640869140625,1968980
2024-07-12 00:00:00+05:30,2987.554521878677,3014.220297776437,2934.1241115028065,2962.0244140625,1879930
2024-07-15 00:00:00+05:30,2961.876248573059,2961.876248573059,2896.248862079289,2919.90234375,2425341
2024-07-16 00:00:00+05:30,2922.3714260949805,2978.6164108946396,2905.0880533485583,2937.630126953125,2085611
2024-07-18 00:00:00+05:30,2839.4111984972224,2921.2849066951944,2806.8196960449063,2895.26123046875,5384611
2024-07-19 00:00:00+05:30,2888.7923104633696,2943.111482113108,2881.13824536727,2909.581787109375,2164746
2024-07-22 00:00:00+05:30,2900.643824269007,2936.5439557903474,2881.039444569403,2897.977294921875,1616347
2024-07-23 00:00:00+05:30,2897.977257468326,2910.8163344952764,2850.2750999829605,2861.23779296875,1906312
2024-07-24 00:00:00+05:30,2865.089428488163,2890.767582621459,2850.4725848347434,2876.743408203125,1476148
2024-07-25 00:00:00+05:30,2856.2502604141687,2872.6940587932722,2849.5343872763465,2865.484375,1239922
2024-07-26 00:00:00+05:30,2866.274466627327,2927.753892080251,2864.7930346887024,2913.630859375,1359780
2024-07-29 00:00:00+05:30,2916.495033074284,2928.395917574862,2899.6560422347507,2918.12451171875,854408
2024-07-30 00:00:00+05:30,2936.6918193535703,2995.257808349979,2933.235144940341,2967.851318359375,2144591
2024-07-31 00:00:00+05:30,2967.8515177493164,3059.6508718957643,2967.8515177493164,3046.2685546875,3549501
2024-08-01 00:00:00+05:30,3049.774532809849,3090.217576269626,3024.8865246129462,3060.984130859375,1675122
2024-08-02 00:00:00+05:30,3031.997267907071,3090.316351528131,3022.121055308025,3068.242919921875,1348780
2024-08-05 00:00:00+05:30,3031.9479945038343,3106.0690220941988,3017.4794387497395,3055.107666015625,2019141
2024-08-06 00:00:00+05:30,3063.305062896788,3096.1929017515313,3047.8488853689337,3063.3544921875,885743
2024-08-07 00:00:00+05:30,3063.35444008949,3079.8970972577013,3022.1706791242677,3063.05810546875,1907105
2024-08-08 00:00:00+05:30,3041.873668473365,3051.4535470627166,2953.3827016703813,2968.197021484375,1280109
2024-08-09 00:00:00+05:30,3001.3813792636083,3014.9611732632384,2929.285018392847,3002.961669921875,1665414
2024-08-12 00:00:00+05:30,2982.6162948437086,3045.8240573834432,2966.5180195981743,3015.4052734375,1736881
2024-08-13 00:00:00+05:30,3017.0840963406545,3021.9235851947424,2975.702861917043,2986.122314453125,502260
2024-08-14 00:00:00+05:30,2997.233205486288,2997.233205486288,2956.987637027592,2988.39404296875,454671
2024-08-16 00:00:00+05:30,3016.1954055762885,3016.1954055762885,2965.826720021478,3010.417724609375,514229
2024-08-19 00:00:00+05:30,3016.1460497087305,3049.626556769483,3000.7393019527194,3038.219482421875,542858
2024-08-20 00:00:00+05:30,3057.675551800541,3067.8975287263365,3039.8983683598403,3064.786376953125,668282
2024-08-21 00:00:00+05:30,3062.613538693796,3131.352075093809,3045.8734064979935,3112.537841796875,1186536
2024-08-22 00:00:00+05:30,3127.796579288546,3159.0546962085327,3116.982174546277,3147.154052734375,1540888
2024-08-23 00:00:00+05:30,3150.5118738258857,3159.005513256004,3109.772496147103,3115.599365234375,779284
2024-08-26 00:00:00+05:30,3115.945312301528,3138.117363051259,3102.6124242774163,3132.093017578125,472874
2024-08-27 00:00:00+05:30,3114.957416652562,3163.9927151756247,3111.0069316599784,3127.00634765625,1003501
2024-08-28 00:00:00+05:30,3113.9204585772477,3126.315153833199,3080.193288399017,3086.810302734375,538366
2024-08-29 00:00:00+05:30,3086.8104787204284,3105.032044104919,3054.416450748841,3077.280029296875,849866
2024-08-30 00:00:00+05:30,3091.3040074118903,3127.5496598326604,3072.1934393713022,3088.09423828125,1567031
2024-09-02 00:00:00+05:30,3109.0318778648334,3144.586244956045,3100.7359553242773,3111.9453125,702358
2024-09-03 00:00:00+05:30,3125.7719494855296,3135.253210304557,3108.5380062212,3115.797119140625,577471
2024-09-04 00:00:00+05:30,3116.4389755695433,3211.744429900857,3116.4389755695433,3191.646240234375,2379110
2024-09-05 00:00:00+05:30,3199.8931322618314,3216.6826949928345,3177.1778415081208,3198.164794921875,1482119
2024-09-06 00:00:00+05:30,3197.917749285465,3245.2247128105173,3185.4244363664393,3233.17578125,2131256
2024-09-09 00:00:00+05:30,3233.1758932888183,3272.9770810313953,3217.6702866627297,3240.138671875,1272289
2024-09-10 00:00:00+05:30,3249.2739390324546,3269.0263641937463,3230.410276556033,3254.261474609375,928920
2024-09-11 00:00:00+05:30,3273.9646906146745,3341.0735113886444,3273.9646906146745,3325.765380859375,2561892
2024-09-12 00:00:00+05:30,3328.2838903917736,3350.9991810383644,3298.951585041396,3341.369873046875,1643536
2024-09-13 00:00:00+05:30,3314.0128802105587,3327.987625912023,3279.7916556484324,3316.48193359375,1029400
2024-09-16 00:00:00+05:30,3318.4077124957653,3352.8756009192325,3289.371741458824,3294.50732421875,1019280
2024-09-17 00:00:00+05:30,3294.5070369553314,3308.432352006389,3260.9279142210917,3271.791748046875,586834
2024-09-18 00:00:00+05:30,3271.791911171832,3283.6927961343977,3211.300106171357,3234.114013671875,410510
2024-09-19 00:00:00+05:30,3253.224706910443,3278.9028618526627,3234.4599013757443,3253.07666015625,963456
2024-09-20 00:00:00+05:30,3263.100725589241,3283.643296540617,3225.6205460477695,3266.01416015625,1504277
2024-09-23 00:00:00+05:30,3275.89068312179,3283.7422248569974,3232.6822478133395,3236.879638671875,522775
2024-09-24 00:00:00+05:30,3236.8791657801066,3256.9279250579048,3200.979278588293,3208.188720703125,1057933
2024-09-25 00:00:00+05:30,3211.744238288774,3211.744238288774,3167.0543776545283,3204.583984375,740636
2024-09-26 00:00:00+05:30,3209.769171060249,3245.175490517643,3187.1527401177077,3236.484375,951080
2024-09-27 00:00:00+05:30,3250.2123833328615,3296.6305860655552,3236.484543227397,3269.767333984375,1315996
2024-09-30 00:00:00+05:30,3269.7671895792855,3316.432295584759,3264.2364139016154,3287.89013671875,1088162
2024-10-01 00:00:00+05:30,3275.9396026944523,3287.741628107238,3203.8926825682624,3236.780517578125,968660
2024-10-03 00:00:00+05:30,3152.7833878918823,3185.9673174659683,3087.7978609380666,3110.315673828125,1741363
2024-10-04 00:00:00+05:30,3096.192886191136,3117.673650234089,3016.7387979892915,3034.466552734375,1551818
2024-10-07 00:00:00+05:30,3036.9356781835504,3060.1942094060214,3000.393687909472,3024.343505859375,909812
2024-10-08 00:00:00+05:30,3020.145906603652,3060.638379517566,3007.9486872175567,3049.823974609375,817718
2024-10-09 00:00:00+05:30,3057.231265144363,3107.747999872523,3033.7258291987055,3040.738037109375,1225598
2024-10-10 00:00:00+05:30,3051.7994995637323,3056.6881771807575,3005.331865318593,3021.232666015625,1161933
2024-10-11 00:00:00+05:30,3021.33093941325,3026.0715697305172,2988.5419614897337,2999.603271484375,976017
2024-10-14 00:00:00+05:30,2999.4060074429094,3017.183191550243,2979.851056701144,3001.529296875,716011
2024-10-15 00:00:00+05:30,3036.935412385191,3058.46560434547,3009.9238741398385,3029.13330078125,1242322
2024-10-16 00:00:00+05:30,3049.7746232221366,3065.1321829066833,3028.1458128532854,3043.94775390625,764001
2024-10-17 00:00:00+05:30,3044.737422569113,3046.8115236192875,2999.405704126994,3018.0224609375,674481
2024-10-18 00:00:00+05:30,3019.158424069624,3031.0098801013005,2943.7042504486785,2955.111083984375,899318
2024-10-21 00:00:00+05:30,2969.8264516740082,3019.158083619366,2963.406913714072,3011.45458984375,806970
2024-10-22 00:00:00+05:30,3016.195397423429,3020.096453266473,2958.1726470636954,2969.629150390625,541838
2024-10-23 00:00:00+05:30,2962.8142797820224,2989.035671830963,2935.2597437350805,2952.691162109375,624689
2024-10-24 00:00:00+05:30,2952.6910520865613,2965.1351756483396,2914.4701598874653,2935.210205078125,571259
2024-10-25 00:00:00+05:30,2938.6671617158445,2978.2214427833383,2915.458061295639,2921.3837890625,1047769
2024-10-28 00:00:00+05:30,2950.9136517716806,2984.295300681413,2926.3714065892823,2964.691162109375,504961
2024-10-29 00:00:00+05:30,2982.616558311092,2990.5175293264856,2904.6933281191723,2955.802734375,613459
2024-10-30 00:00:00+05:30,2968.7897759851944,2968.7897759851944,2926.865297931258,2959.555419921875,812725
2024-10-31 00:00:00+05:30,2957.135576673701,2959.407153832425,2882.866504934707,2899.310302734375,1031171
2024-11-01 00:00:00+05:30,2921.3837257526516,2929.0377906189747,2893.730330106582,2903.45849609375,112249
2024-11-04 00:00:00+05:30,2925.482315227811,2925.482315227811,2849.781239602585,2879.21240234375,1146008
2024-11-05 00:00:00+05:30,2859.16371796241,2882.6691535738464,2837.139714329192,2851.55908203125,935417
2024-11-06 00:00:00+05:30,2854.7191859574946,2871.854510869286,2824.596738224679,2861.43505859375,1817087
2024-11-07 00:00:00+05:30,2864.1016379324706,2868.990314918351,2790.0300438480103,2807.6591796875,1112489
2024-11-08 00:00:00+05:30,2807.65927173436,2811.7578036273458,2728.2049463134726,2735.167724609375,2060410
2024-11-11 00:00:00+05:30,2533.297866529544,2566.5806535242323,2474.9787850819534,2511.61962890625,8854840
2024-11-12 00:00:00+05:30,2503.620172702221,2503.620172702221,2439.4247836585746,2444.21484375,3445898
2024-11-13 00:00:00+05:30,2439.424646374089,2467.078043175091,2420.758699980807,2439.91845703125,1803766
2024-11-14 00:00:00+05:30,2452.0660983258376,2470.7814728705644,2435.6714890575636,2452.41162109375,1206967
2024-11-18 00:00:00+05:30,2488.8057810519467,2488.8057810519467,2440.214859264631,2452.955078125,945471
2024-11-19 00:00:00+05:30,2461.4137674004382,2476.4512951650154,2445.931096545383,2457.15966796875,941508
2024-11-21 00:00:00+05:30,2428.4694647355586,2439.599249239458,2399.086881951621,2402.203125,1377572
2024-11-22 00:00:00+05:30,2404.033220585434,2467.2998078578635,2397.058507997137,2445.7822265625,3805843
2024-11-25 00:00:00+05:30,2478.2317471950923,2481.1501753974144,2423.8689873144695,2433.415771484375,1857124
2024-11-26 00:00:00+05:30,2433.6137690349015,2491.0930174806635,2431.338539726482,2478.23193359375,1152258
2024-11-27 00:00:00+05:30,2490.59851293576,2490.746813453905,2453.499230220729,2465.27197265625,864653
2024-11-28 00:00:00+05:30,2473.2853716359464,2479.2212565278724,2427.0844492001415,2431.78369140625,1506133
2024-11-29 00:00:00+05:30,2431.7835049095593,2464.876012337785,2428.8155626912117,2453.103271484375,1030854
2024-12-02 00:00:00+05:30,2453.103497268342,2459.4350113042015,2435.048513778277,2452.559326171875,914624
2024-12-03 00:00:00+05:30,2467.3494311525187,2467.3494311525187,2437.1753502984084,2443.01220703125,1341985
2024-12-04 00:00:00+05:30,2452.4108135833017,2452.608869643871,2426.9854875736155,2433.168701171875,1005012
2024-12-05 00:00:00+05:30,2438.6593630898437,2440.5389633492928,2397.998455189916,2425.99609375,3190834
2024-12-06 00:00:00+05:30,2441.627352994875,2441.627352994875,2401.065472333291,2403.736572265625,1735948
2024-12-09 00:00:00+05:30,2412.096065015252,2412.9370786090217,2361.492745649748,2366.291015625,2301281
2024-12-10 00:00:00+05:30,2374.2547693577776,2378.954011248423,2359.5636001555517,2363.372314453125,1657888
2024-12-11 00:00:00+05:30,2374.1064835832526,2402.0546065799094,2367.08225694307,2391.468994140625,1337700
2024-12-12 00:00:00+05:30,2387.2149930161613,2389.193621273945,2355.260098346599,2364.015625,1089028
2024-12-13 00:00:00+05:30,2364.015435620589,2386.2254877286287,2328.845272849582,2381.921875,1150861
2024-12-16 00:00:00+05:30,2394.090891462023,2394.090891462023,2360.6520226163266,2376.580078125,987775
2024-12-17 00:00:00+05:30,2362.482025198297,2374.254766148349,2325.382747164404,2330.823974609375,1258218
2024-12-18 00:00:00+05:30,2331.6155304519593,2347.345528105256,2315.9843192900817,2320.38671875,855682
2024-12-19 00:00:00+05:30,2300.155532650192,2300.155532650192,2241.143036780076,2267.35986328125,2784409
2024-12-20 00:00:00+05:30,2272.4545369067528,2293.2301334566187,2251.678940356887,2257.961181640625,1719502
2024-12-23 00:00:00+05:30,2275.4225088620415,2277.94530821083,2241.835342309323,2254.8447265625,855647
2024-12-24 00:00:00+05:30,2257.713661660142,2270.475716131581,2252.81636394897,2259.59326171875,601558
2024-12-26 00:00:00+05:30,2259.593402246085,2263.006487581479,2232.387264522019,2238.22412109375,1267334
2024-12-27 00:00:00+05:30,2245.990315095553,2266.3207679719803,2235.8993596736923,2247.1279296875,821790
2024-12-30 00:00:00+05:30,2255.883582531214,2274.2354082549373,2232.6842141024053,2263.798095703125,1076940
2024-12-31 00:00:00+05:30,2255.6362531181744,2273.0975511842084,2248.711054095443,2256.971923828125,685486
2025-01-01 00:00:00+05:30,2255.636208472045,2298.3745304314775,2255.636208472045,2280.022705078125,1067328
2025-01-02 00:00:00+05:30,2289.2730094920253,2322.8601775522434,2269.486725918196,2318.21044921875,1342922
2025-01-03 00:00:00+05:30,2318.9523082600626,2323.8493648708964,2297.3356980230024,2310.98828125,1355319
2025-01-06 00:00:00+05:30,2310.9881974605596,2314.9949678266116,2232.5850559219875,2242.92333984375,1190987
2025-01-07 00:00:00+05:30,2247.7215957846715,2291.251415421347,2247.7215957846715,2268.1015625,740798
2025-01-08 00:00:00+05:30,2262.6109112956046,2313.016417511147,2248.4141570305087,2309.405517578125,1439632
2025-01-09 00:00:00+05:30,2316.874825484485,2336.166452360481,2296.495097908915,2325.086181640625,1362304
2025-01-10 00:00:00+05:30,2310.6420945019913,2323.799778726457,2291.2514416473664,2295.95068359375,1214334
2025-01-13 00:00:00+05:30,2267.2606480767986,2277.3020898421773,2222.395155853626,2228.578369140625,1181928
2025-01-14 00:00:00+05:30,2244.7537842369916,2261.918481183113,2213.095731748854,2216.01416015625,1316807
2025-01-15 00:00:00+05:30,2224.967591281189,2229.666833637163,2196.2774800552424,2205.873779296875,1308999
2025-01-16 00:00:00+05:30,2215.074415394743,2215.915429047689,2184.2078617536595,2191.924560546875,1936087
2025-01-17 00:00:00+05:30,2201.867002679204,2244.803382904484,2188.85761785697,2236.83935546875,878848
2025-01-20 00:00:00+05:30,2247.969064218441,2262.4624198186484,2226.94613865363,2256.180419921875,555716
2025-01-21 00:00:00+05:30,2256.1803861705666,2290.2622096229647,2230.903361857359,2236.1962890625,1410294
2025-01-22 00:00:00+05:30,2245.7432198931915,2245.7432198931915,2220.91133701646,2237.927734375,835523
2025-01-23 00:00:00+05:30,2237.927663808089,2277.203387756566,2222.1974237038376,2252.025390625,1142465
2025-01-24 00:00:00+05:30,2258.604088147028,2272.0093424956026,2230.9528073847387,2238.22412109375,543202
2025-01-27 00:00:00+05:30,2231.2001156768033,2253.4101686928766,2222.1972608443184,2227.440673828125,1097939
2025-01-28 00:00:00+05:30,2235.849951423444,2242.8246644012743,2210.226811867185,2217.844482421875,897501
2025-01-29 00:00:00+05:30,2217.844407654485,2222.7909781767175,2188.412313047202,2199.3935546875,1281088
2025-01-30 00:00:00+05:30,2199.3934708027055,2235.107805223786,2191.3306577716876,2225.808349609375,1155718
2025-01-31 00:00:00+05:30,2230.9032343432677,2280.3689379872426,2210.9686523874484,2276.2138671875,1292909
2025-02-01 00:00:00+05:30,2287.294326350865,2363.471516285561,2260.8796867188257,2326.02587890625,1318619
2025-02-03 00:00:00+05:30,2326.0258781924244,2339.183804756189,2253.36080183662,2267.75537109375,1070382
2025-02-04 00:00:00+05:30,2280.0227874414695,2392.755329456502,2239.559934817717,2329.19189453125,5373733
2025-02-05 00:00:00+05:30,2244.7537518970203,2271.0200902487095,2213.343028396478,2250.887451171875,3474642
2025-02-06 00:00:00+05:30,2262.7593488861016,2274.3342765097696,2236.09737998612,2239.213623046875,1285954
2025-02-07 00:00:00+05:30,2241.7858511531263,2251.9758351465407,2219.2294403550277,2246.732421875,1336756
2025-02-10 00:00:00+05:30,2246.7818850507265,2253.6575698922,2229.914030964451,2245.891357421875,1181565
2025-02-11 00:00:00+05:30,2254.6467763546243,2258.505004633446,2202.213130392889,2216.904541015625,1607942
2025-02-12 00:00:00+05:30,2217.893977757831,2223.9286490285167,2162.343844469209,2204.439208984375,1181706
2025-02-13 00:00:00+05:30,2204.439383086394,2225.907453084973,2196.277540873688,2212.502197265625,921923
2025-02-14 00:00:00+05:30,2212.5021445288053,2226.501085151753,2179.4591473952623,2207.456787109375,1380052
2025-02-17 00:00:00+05:30,2207.4567116199773,2235.8499794240065,2202.262812331492,2226.7978515625,923900
2025-02-18 00:00:00+05:30,2223.9782237395543,2227.8859663512467,2195.040784662872,2213.689453125,735853
2025-02-19 00:00:00+05:30,2213.6893686656667,2225.758952607725,2202.3122563003603,2215.17333984375,645234
2025-02-20 00:00:00+05:30,2215.1734621254304,2232.981117245447,2207.2094347237335,2225.01708984375,637442
2025-02-21 00:00:00+05:30,2225.01690216263,2241.5879131682063,2213.095619073161,2233.4755859375,755585
2025-02-24 00:00:00+05:30,2221.9006671989964,2234.860779843562,2217.0531242272787,2222.197509765625,765042
2025-02-25 00:00:00+05:30,2222.197301817256,2232.980970517077,2194.001849729943,2200.9765625,947702
2025-02-27 00:00:00+05:30,2190.341473744115,2204.587500537873,2174.5124477369304,2189.9951171875,1027196
2025-02-28 00:00:00+05:30,2186.384272583582,2187.719943299454,2152.5497769431686,2156.45751953125,1701193
2025-03-03 00:00:00+05:30,2156.457440034872,2169.9122085982494,2106.2497487483624,2143.25,959068
2025-03-04 00:00:00+05:30,2131.032046179497,2136.7701161602126,2102.045095276788,2109.316650390625,2180989
2025-03-05 00:00:00+05:30,2109.2175753731967,2159.4747779145187,2102.0450484400562,2141.02392578125,1535212
2025-03-06 00:00:00+05:30,2166.449807529409,2250.689815437349,2159.771936648441,2243.4677734375,1985096
2025-03-07 00:00:00+05:30,2243.467693167006,2253.608163401209,2223.9782523403082,2245.7431640625,921429
2025-03-10 00:00:00+05:30,2245.743265989839,2268.497492913965,2237.6804517577016,2254.25146484375,1072395
2025-03-11 00:00:00+05:30,2249.7003185974454,2266.4196306849562,2233.772264583938,2262.95703125,601228
2025-03-12 00:00:00+05:30,2262.95701462673,2271.415698633484,2222.988820912396,2227.242919921875,749216
2025-03-13 00:00:00+05:30,2231.1508135102886,2233.07992786277,2198.7507739836456,2207.456787109375,747470
2025-03-17 00:00:00+05:30,2181.4377061660316,2215.3217158876582,2172.5833928079032,2195.832275390625,838015
2025-03-18 00:00:00+05:30,2195.832275390625,2195.832275390625,2195.832275390625,2195.832275390625,0
2025-03-19 00:00:00+05:30,2249.700257136058,2263.5011404862794,2243.6160720507037,2256.32861328125,663292
2025-03-20 00:00:00+05:30,2265.529405272272,2282.3477458354287,2244.506479568326,2262.75927734375,1166849
2025-03-21 00:00:00+05:30,2267.161616645581,2289.7675410015963,2253.509274953812,2275.818115234375,1624115
2025-03-24 00:00:00+05:30,2277.796817744125,2305.3493136205766,2277.50021672254,2297.68212890625,1100353
2025-03-25 00:00:00+05:30,2300.155437681842,2319.447063933367,2283.337096847179,2305.843994140625,1828005
2025-03-26 00:00:00+05:30,2314.9949903432484,2315.9347904304113,2279.379682799506,2298.324951171875,1934287
2025-03-27 00:00:00+05:30,2290.262225356166,2324.9872481503007,2266.024029018703,2313.115478515625,1497861
2025-03-28 00:00:00+05:30,2318.902724272419,2338.73852018013,2300.155270481727,2315.637939453125,1281871
2025-04-01 00:00:00+05:30,2316.973631547523,2336.4630710897977,2281.1109952778397,2291.25146484375,970583
2025-04-02 00:00:00+05:30,2303.123172874622,2303.5188018929975,2267.6561665765435,2282.001220703125,792693
2025-04-03 00:00:00+05:30,2270.4760820322513,2329.7359058176767,2265.331696514396,2324.294677734375,608846
2025-04-04 00:00:00+05:30,2324.2946949193497,2338.6892648979606,2278.1927979190414,2330.873779296875,1163188
2025-04-07 00:00:00+05:30,2166.598015467922,2328.8455380874375,2166.598015467922,2316.330810546875,1745817
2025-04-08 00:00:00+05:30,2330.8242133419153,2394.140321004854,2330.8242133419153,2368.615966796875,1876867
2025-04-09 00:00:00+05:30,2374.3537662248245,2403.4890172581904,2365.3509115818533,2385.384521484375,1186937
2025-04-11 00:00:00+05:30,2413.4316352729334,2421.840804733815,2354.8147775603197,2368.022216796875,968152
2025-04-15 00:00:00+05:30,2389.0947308137074,2399.086900703578,2359.5143332692924,2389.88623046875,1141122
2025-04-16 00:00:00+05:30,2379.399547591545,2442.1219677939607,2378.014362868992,2433.61376953125,1166695
2025-04-17 00:00:00+05:30,2433.6135636785502,2449.9372456960327,2405.022483909115,2441.528076171875,885840
2025-04-21 00:00:00+05:30,2439.5496155709575,2444.496186218964,2414.915790356595,2418.873046875,541913
2025-04-22 00:00:00+05:30,2418.87304657384,2423.81961722123,2387.709651495281,2406.011962890625,543647
2025-04-23 00:00:00+05:30,2410.9584212538784,2430.349073901287,2399.680337315784,2426.886474609375,744684
2025-04-24 00:00:00+05:30,2423.819646802485,2464.3815266061183,2409.8702207938923,2438.065673828125,1203452
2025-04-25 00:00:00+05:30,2437.9669804359482,2442.319866212299,2387.907586349,2405.616455078125,702217
2025-04-28 00:00:00+05:30,2394.041198616951,2433.5149778513432,2379.3005144953645,2425.99609375,554920
2025-04-29 00:00:00+05:30,2433.7127581225986,2445.584527674416,2415.509474755853,2424.907958984375,1235066
2025-04-30 00:00:00+05:30,2423.819432555459,2435.889015709181,2375.8377009314017,2399.779052734375,1479669
2025-05-02 00:00:00+05:30,2399.086782368387,2418.774037083155,2372.3753006677903,2384.2470703125,744673
2025-05-05 00:00:00+05:30,2397.2072767357836,2448.552585862986,2397.2072767357836,2410.859619140625,1229588
2025-05-06 00:00:00+05:30,2415.9051607572114,2423.7206459503905,2365.5491670003303,2392.16162109375,702802
2025-05-07 00:00:00+05:30,2362.4821380195167,2379.992949781398,2293.72480611317,2309.158203125,1711738
2025-05-08 00:00:00+05:30,2297.187471067545,2323.9979813176074,2268.99201761129,2277.994873046875,2292261
2025-05-09 00:00:00+05:30,2222.593206912753,2306.8827219454733,2221.010207702129,2275.02685546875,1503010
2025-05-12 00:00:00+05:30,2305.1019300620587,2353.08366551614,2296.198102864394,2331.2197265625,940135
2025-05-13 00:00:00+05:30,2328.845504970718,2332.8027615637016,2290.3612812166643,2299.759765625,1220489
2025-05-14 00:00:00+05:30,2294.219400295305,2294.219400295305,2252.7672360747315,2257.91162109375,1549845
2025-05-15 00:00:00+05:30,2260.5828211923167,2310.5431855118845,2243.764480728304,2305.0029296875,1675015
2025-05-16 00:00:00+05:30,2308.9600264990613,2329.8346501256283,2290.26208706617,2328.44970703125,785113
2025-05-19 00:00:00+05:30,2328.450029310157,2353.4794856841663,2301.7385455479075,2306.487060546875,552961
2025-05-20 00:00:00+05:30,2322.4148860581417,2322.6127005748817,2266.9142675677517,2271.069580078125,1095824
2025-05-21 00:00:00+05:30,2271.4652859762723,2291.4493834785935,2265.529401082606,2287.68994140625,469330
2025-05-22 00:00:00+05:30,2284.5240000660287,2285.315499627662,2258.703047781497,2274.630859375,916504
2025-05-23 00:00:00+05:30,2277.2032808526446,2304.1125765054794,2270.4758965564943,2290.7568359375,458035
2025-05-26 00:00:00+05:30,2291.251517197846,2313.0164279829723,2278.192619033124,2302.331787109375,1258062
2025-05-27 00:00:00+05:30,2288.3827275855097,2326.4713235357294,2276.5109574192074,2302.727783203125,2485428
2025-05-28 00:00:00+05:30,2302.72778990034,2308.069989878001,2275.7194643870957,2278.58837890625,774808
2025-05-29 00:00:00+05:30,2278.5882463730663,2284.326316609405,2262.0667487775677,2269.783447265625,1414643
2025-05-30 00:00:00+05:30,2271.959969790152,2279.3798259945615,2230.9034321257536,2234.959716796875,3610431
2025-06-02 00:00:00+05:30,2234.9596290780687,2248.0185271789314,2233.772258906544,2242.478271484375,702789
2025-06-03 00:00:00+05:30,2248.315255855017,2262.858124401989,2222.6918764801085,2231.595703125,792587
2025-06-04 00:00:00+05:30,2225.462186373197,2236.8392991286055,2216.9539880477464,2224.967529296875,768079
2025-06-05 00:00:00+05:30,2227.0452515829743,2236.8393653714897,2209.138568277106,2219.5263671875,996614
2025-06-06 00:00:00+05:30,2225.066477788955,2228.5290771994382,2215.0743085917125,2221.2080078125,822087
2025-06-09 00:00:00+05:30,2216.0636653265124,2231.6948769865094,2212.1064087812865,2223.879150390625,1041851
2025-06-10 00:00:00+05:30,2236.5096020141245,2236.5096020141245,2211.7481969540704,2215.4423828125,1809051
2025-06-11 00:00:00+05:30,2205.5577938919528,2222.4313617191465,2203.7605500158743,2205.358154296875,1430888
2025-06-12 00:00:00+05:30,2220.53458020989,2259.4738107081753,2204.6594529723643,2215.941650390625,3417373
2025-06-13 00:00:00+05:30,2171.6108865639185,2213.6453832975812,2171.411246958574,2210.749755859375,1786807
2025-06-16 00:00:00+05:30,2210.749588087704,2246.493850099095,2205.857321207117,2241.302001953125,1301826
2025-06-17 00:00:00+05:30,2227.523615118048,2277.4457042063054,2223.529847990987,2261.27099609375,1540986
2025-06-18 00:00:00+05:30,2253.4830888680904,2280.441016825307,2251.4862053157035,2277.844970703125,1131156
2025-06-19 00:00:00+05:30,2266.462703751929,2281.4393295476466,2260.472053433642,2264.4658203125,524926
2025-06-20 00:00:00+05:30,2263.4673722395323,2286.331590052743,2259.4736053718843,2282.13818359375,1945026
2025-06-23 00:00:00+05:30,2257.6763942073076,2269.2584157952006,2250.387720816316,2260.572021484375,596186
2025-06-24 00:00:00+05:30,2301.4083108887703,2306.1009385190196,2265.364465001573,2271.754638671875,1044179
2025-06-25 00:00:00+05:30,2272.5532844608238,2290.724874917351,2271.854180252347,2276.34716796875,807368
2025-06-26 00:00:00+05:30,2283.436247983665,2289.027619203835,2276.646795433512,2286.23193359375,921519
2025-06-27 00:00:00+05:30,2279.4424253214006,2360.8154247360717,2273.551716732878,2355.0244140625,1555059
2025-06-30 00:00:00+05:30,2358.319484133415,2366.207076690577,2322.475521738939,2337.4521484375,785414
2025-07-01 00:00:00+05:30,2376.7907212034615,2396.260336437012,2346.5378857039027,2365.807861328125,1232160
2025-07-02 00:00:00+05:30,2336.3537050263667,2426.2134629119964,2323.373962220665,2415.6298828125,1936030
2025-07-03 00:00:00+05:30,2425.115176958039,2460.5598606598815,2421.2213514638897,2427.112060546875,1547480
2025-07-04 00:00:00+05:30,2427.1118740377615,2439.19311632593,2408.241423077423,2420.42236328125,602309
2025-07-07 00:00:00+05:30,2419.5240374468945,2461.2589530034766,2417.2275725788145,2438.99365234375,869054
2025-07-08 00:00:00+05:30,2436.697136128193,2484.123120133966,2433.502171220896,2480.728515625,1136367
2025-07-09 00:00:00+05:30,2516.5725437873343,2531.0499498118998,2489.0154527468394,2495.006103515625,2328636
2025-07-10 00:00:00+05:30,2503.393050824226,2508.0856783014938,2441.2900226692773,2447.38037109375,932859
2025-07-11 00:00:00+05:30,2443.686285546248,2480.928213134193,2431.704984044081,2435.399169921875,1050411
2025-07-14 00:00:00+05:30,2427.3119430814827,2444.784674477807,2387.2743296349663,2397.85791015625,891618
2025-07-15 00:00:00+05:30,2406.144610422749,2411.236760713423,2382.581532019301,2389.770263671875,610228
2025-07-16 00:00:00+05:30,2377.289864148225,2418.625256092166,2367.3054464071574,2406.743896484375,1200909
2025-07-17 00:00:00+05:30,2400.353957448019,2410.238433469769,2390.269598064054,2395.161865234375,526163
2025-07-18 00:00:00+05:30,2396.8593346465727,2401.252380791346,2368.6033846985288,2378.6875,599552
2025-07-21 00:00:00+05:30,2378.6875787280683,2404.247785580512,2357.1213827215047,2371.698486328125,390931
2025-07-22 00:00:00+05:30,2371.6984615067413,2377.0901932721026,2357.6205789331657,2361.514404296875,411317
2025-07-23 00:00:00+05:30,2359.31790586659,2380.984043554375,2348.9342089478964,2371.698486328125,368999
2025-07-24 00:00:00+05:30,2371.6985575583717,2376.2914873489262,2337.352257094049,2348.43505859375,506960
2025-07-25 00:00:00+05:30,2336.3536977189538,2346.8373361061545,2322.175873604493,2332.5595703125,383636
2025-07-28 00:00:00+05:30,2332.5596557546282,2362.712548992187,2316.3849475453603,2355.92333984375,650364
2025-07-29 00:00:00+05:30,2355.324039012076,2414.531682301382,2321.3770202217365,2397.7578125,1742815
2025-07-30 00:00:00+05:30,2405.2461918338104,2439.9920137181934,2362.8124171750574,2412.03564453125,1685818
2025-07-31 00:00:00+05:30,2397.658001522801,2413.4334304549966,2369.8015732657213,2392.366455078125,1274735
2025-08-01 00:00:00+05:30,2374.294500880553,2468.1480261466477,2374.294500880553,2427.2119140625,2225293
2025-08-04 00:00:00+05:30,2439.3928529127475,2463.155815490761,2435.7986088422463,2445.982666015625,1165898
2025-08-05 00:00:00+05:30,2458.0636716091076,2459.8609155292706,2405.3461416856353,2433.0029296875,659094
2025-08-06 00:00:00+05:30,2436.1979448164952,2501.695823132035,2436.1979448164952,2487.318115234375,2019109
2025-08-07 00:00:00+05:30,2480.229240657659,2506.088784394948,2463.055847605046,2502.59423828125,1502806
2025-08-08 00:00:00+05:30,2502.594183435637,2507.7860316530255,2464.6533978898347,2471.742431640625,1178226
2025-08-11 00:00:00+05:30,2460.060508660261,2500.2977595830134,2448.1791494439526,2485.221435546875,721135
2025-08-12 00:00:00+05:30,2485.2214520505768,2498.900055243935,2470.1448841541282,2474.438232421875,608984
2025-08-13 00:00:00+05:30,2475.935841367843,2500.4973615761023,2457.36472775656,2496.303955078125,350844
2025-08-14 00:00:00+05:30,2501.096501539215,2530.9498113788623,2493.807828251754,2524.759521484375,1088550
2025-08-18 00:00:00+05:30,2546.0265389946585,2590.9564190945644,2532.6475166467667,2583.3681640625,1755615
2025-08-19 00:00:00+05:30,2583.368149429113,2590.956404418194,2557.2090236933855,2575.380615234375,698587
2025-08-20 00:00:00+05:30,2573.9828070898716,2575.2808301046007,2559.405460174037,2566.09521484375,308028
2025-08-21 00:00:00+05:30,2570.887457107955,2571.9858404911197,2555.3119127151276,2562.6005859375,781082
2025-08-22 00:00:00+05:30,2558.8066160324975,2565.296487535277,2497.2028075966155,2500.597412109375,523774
2025-08-25 00:00:00+05:30,2512.079483157146,2518.5693546358907,2472.141812518718,2489.015380859375,766497
2025-08-26 00:00:00+05:30,2477.23386561514,2519.3680577297696,2464.154181491318,2477.533203125,7106393
2025-08-28 00:00:00+05:30,2461.158979392138,2524.0608113198073,2461.158979392138,2485.12158203125,1485769
2025-08-29 00:00:00+05:30,2487.1184467786834,2527.655280107417,2486.1200050096036,2514.675537109375,1798653
2025-09-01 00:00:00+05:30,2514.0764550955355,2573.783323551593,2511.1810713765135,2566.195068359375,1314833
2025-09-02 00:00:00+05:30,2564.9968023345227,2567.89218584515,2527.056016624631,2536.0419921875,1024054
2025-09-03 00:00:00+05:30,2526.057748690489,2561.103153300909,2523.362004588196,2549.92041015625,925847
2025-09-04 00:00:00+05:30,2549.920367060743,2578.9751203927085,2549.021866961899,2564.59765625,933071
2025-09-05 00:00:00+05:30,2561.0031976092214,2597.9455439295107,2561.0031976092214,2575.8798828125,1153436
2025-09-08 00:00:00+05:30,2575.8797892852117,2585.56486932839,2522.4631553291565,2526.8564453125,742880
2025-09-09 00:00:00+05:30,2536.0421796629794,2547.624202082058,2520.8659130091637,2533.346435546875,702450
2025-09-10 00:00:00+05:30,2533.346263650884,2551.0186336131133,2521.165323232636,2539.3369140625,520584
2025-09-11 00:00:00+05:30,2537.0405513782357,2555.511724223768,2531.7487612163945,2551.917236328125,423961
2025-09-12 00:00:00+05:30,2556.010878606127,2564.297993878646,2533.2463579665027,2542.332275390625,547539
2025-09-15 00:00:00+05:30,2531.149796567064,2539.5366098247428,2494.107509865228,2498.700439453125,583051
2025-09-16 00:00:00+05:30,2491.112061131894,2505.988745075061,2470.6440061205894,2477.033935546875,760790
2025-09-17 00:00:00+05:30,2478.132334082582,2493.0090181167157,2476.934252777851,2489.71435546875,359627
2025-09-18 00:00:00+05:30,2494.0076803355287,2502.294796046243,2465.45239104731,2474.837646484375,400796
2025-09-19 00:00:00+05:30,2471.143252910981,2505.589492193983,2464.6533817417203,2477.832763671875,3731525
2025-09-22 00:00:00+05:30,2490.2136811024534,2499.099715226628,2470.2448459827838,2478.831298828125,872806
2025-09-23 00:00:00+05:30,2468.2478400737427,2479.9295592874296,2424.21646331425,2443.0869140625,1332111
2025-09-24 00:00:00+05:30,2442.188594562913,2471.1434061910095,2439.392908826091,2453.37109375,637749
2025-09-25 00:00:00+05:30,2454.668980247764,2458.8623867395913,2384.278838654326,2400.25390625,1518215
2025-09-26 00:00:00+05:30,2393.7641298155327,2396.260234226185,2335.355286606269,2339.1494140625,1089446
2025-09-29 00:00:00+05:30,2339.2490445437415,2360.01668139369,2325.570441519752,2338.94970703125,950369
2025-09-30 00:00:00+05:30,2348.3350182845743,2385.0777237852835,2336.3537171708776,2346.338134765625,778874
2025-10-01 00:00:00+05:30,2349.7328297783242,2353.327317755006,2317.5830526365544,2332.160400390625,648279
2025-10-03 00:00:00+05:30,2338.5501879591607,2359.0182435703723,2332.4598396187675,2354.1259765625,659872
2025-10-06 00:00:00+05:30,2351.3302548266965,2355.5236613061975,2330.46292034526,2351.130615234375,362107
2025-10-07 00:00:00+05:30,2351.3303121519625,2367.7046592845277,2342.344336436732,2349.1337890625,498524
2025-10-08 00:00:00+05:30,2356.322496711939,2365.707751525275,2316.3848272761434,2324.87158203125,701799
2025-10-09 00:00:00+05:30,2324.8716847856413,2337.35220703594,2320.1790571715687,2332.75927734375,587567
2025-10-10 00:00:00+05:30,2335.255443696396,2354.1261400951894,2332.9592225496335,2336.553466796875,1117236
2025-10-13 00:00:00+05:30,2336.553388685427,2362.9123977517115,2333.3584237635073,2338.849853515625,667732
2025-10-14 00:00:00+05:30,2338.749977872924,2351.33044207345,2304.4036774121114,2314.488037109375,353345
2025-10-15 00:00:00+05:30,2326.369348125747,2380.285204262567,2321.3771392241897,2371.399169921875,753640
2025-10-16 00:00:00+05:30,2373.2960714503183,2417.027869436486,2363.2117121365436,2405.945068359375,715890
2025-10-17 00:00:00+05:30,2417.227539097011,2540.0358775145787,2417.227539097011,2503.892333984375,3719960
2025-10-20 00:00:00+05:30,2503.892172422266,2533.1465633162347,2496.8031387677584,2512.079345703125,714986
2025-10-21 00:00:00+05:30,2509.0840786903627,2515.2743686919584,2480.129268391111,2500.697265625,107942
2025-10-23 00:00:00+05:30,2514.974776830426,2542.03264522436,2492.9093608479457,2498.50048828125,811738
2025-10-24 00:00:00+05:30,2491.112091440693,2502.793810812847,2482.4256972285884,2497.701904296875,327596
2025-10-27 00:00:00+05:30,2497.7020940040347,2526.0577435021114,2495.7052104123336,2514.875244140625,550089
2025-10-28 00:00:00+05:30,2511.0809617114774,2524.659866801746,2488.116801823062,2505.389892578125,1103957
2025-10-29 00:00:00+05:30,2516.0733277780528,2546.8253838696032,2508.585014302523,2534.744140625,615292
2025-10-30 00:00:00+05:30,2531.5491726404607,2534.7441376342094,2509.383813531086,2519.56787109375,736486
2025-10-31 00:00:00+05:30,2519.467915611525,2526.0577289302064,2501.3962654669995,2506.8876953125,609128
2025-11-03 00:00:00+05:30,2492.3103318505873,2511.380667424338,2491.112250462125,2508.285400390625,425210
2025-11-04 00:00:00+05:30,2506.088691763791,2517.0715505723174,2475.8358592028126,2482.824951171875,527087
2025-11-05 00:00:00+05:30,2482.824951171875,2482.824951171875,2482.824951171875,2482.824951171875,0
2025-11-06 00:00:00+05:30,2556.110881252824,2626.900305473594,2556.110881252824,2598.843994140625,4448622
2025-11-07 00:00:00+05:30,2598.843889634128,2614.8189573640493,2580.9718801153545,2609.72705078125,791663
2025-11-10 00:00:00+05:30,2609.727196317294,2662.64461112369,2607.0314522395747,2646.27001953125,1706880
2025-11-11 00:00:00+05:30,2646.269873630328,2660.747278769722,2629.2963641565566,2653.059326171875,776404
2025-11-12 00:00:00+05:30,2655.8551730830777,2834.2766729889117,2637.9831624675403,2765.484130859375,2859196
2025-11-13 00:00:00+05:30,2854.445030002044,2892.5856999728535,2835.5745783753837,2874.9130859375,5933630
2025-11-14 00:00:00+05:30,2860.6356432177,2905.3656399822426,2857.5403761936336,2901.87109375,2494076
2025-11-17 00:00:00+05:30,2901.871075167319,2922.339131539382,2875.5123098312783,2883.39990234375,1230683
2025-11-18 00:00:00+05:30,2886.0,2916.0,2862.10009765625,2906.0,1819066
2025-11-19 00:00:00+05:30,2914.0,2916.0,2887.199951171875,2893.699951171875,1387906
2025-11-20 00:00:00+05:30,2897.39990234375,2906.10009765625,2852.5,2859.800048828125,1062883
2025-11-21 00:00:00+05:30,2869.0,2895.60009765625,2854.10009765625,2876.60009765625,857340
2025-11-24 00:00:00+05:30,2876.0,2896.5,2864.5,2879.199951171875,5404326
2025-11-25 00:00:00+05:30,2899.89990234375,2908.5,2869.0,2875.800048828125,972417
2025-11-26 00:00:00+05:30,2880.0,2896.199951171875,2857.60009765625,2874.0,570376
2025-11-27 00:00:00+05:30,2880.0,2914.5,2871.39990234375,2879.10009765625,1158685
2025-11-28 00:00:00+05:30,2880.0,2889.89990234375,2855.800048828125,2874.39990234375,748446
2025-12-01 00:00:00+05:30,2877.699951171875,2887.5,2848.0,2867.60009765625,499153
2025-12-02 00:00:00+05:30,2867.0,2962.0,2861.199951171875,2954.39990234375,2102147
2025-12-03 00:00:00+05:30,2969.0,2969.199951171875,2932.60009765625,2953.5,1252456
2025-12-04 00:00:00+05:30,2950.0,2985.699951171875,2934.0,2957.199951171875,1466098
2025-12-05 00:00:00+05:30,2955.0,2973.5,2941.0,2968.5,944978
2025-12-08 00:00:00+05:30,2970.0,2974.5,2914.800048828125,2928.300048828125,983544
2025-12-09 00:00:00+05:30,2910.0,2913.5,2788.5,2796.0,1839391
2025-12-10 00:00:00+05:30,2810.0,2824.0,2796.699951171875,2804.5,845073
2025-12-11 00:00:00+05:30,2800.0,2811.60009765625,2763.199951171875,2779.39990234375,777422
2025-12-12 00:00:00+05:30,2795.0,2797.0,2746.0,2764.800048828125,977696
2025-12-15 00:00:00+05:30,2773.10009765625,2802.0,2758.699951171875,2780.199951171875,1029674
2025-12-16 00:00:00+05:30,2793.0,2808.0,2776.10009765625,2790.89990234375,916244
2025-12-17 00:00:00+05:30,2800.0,2806.5,2772.0,2785.699951171875,636499
2025-12-18 00:00:00+05:30,2780.0,2793.800048828125,2755.300048828125,2759.699951171875,417994
2025-12-19 00:00:00+05:30,2766.39990234375,2812.39990234375,2759.699951171875,2799.89990234375,3895542
2025-12-22 00:00:00+05:30,2785.800048828125,2823.10009765625,2780.300048828125,2807.60009765625,463953
2025-12-23 00:00:00+05:30,2798.0,2819.0,2783.10009765625,2807.800048828125,431068
2025-12-24 00:00:00+05:30,2807.800048828125,2824.699951171875,2782.0,2785.5,512144
2025-12-25 00:00:00+05:30,2785.5,2785.5,2785.5,2785.5,0
2025-12-26 00:00:00+05:30,2785.0,2794.39990234375,2743.0,2746.5,532078
2025-12-29 00:00:00+05:30,2746.5,2793.800048828125,2735.0,2775.39990234375,815529
2025-12-30 00:00:00+05:30,2770.300048828125,2792.39990234375,2741.0,2758.300048828125,4833527
2025-12-31 00:00:00+05:30,2755.0,2796.800048828125,2754.89990234375,2769.5,1274705
2026-01-01 00:00:00+05:30,2775.89990234375,2782.699951171875,2746.10009765625,2752.0,327945
2026-01-02 00:00:00+05:30,2755.800048828125,2799.0,2755.800048828125,2772.60009765625,508884
