Date,Open,High,Low,Close,Volume
2021-01-04 00:00:00+05:30,625.1895637583376,630.3679540521647,618.716591086396,622.1024780273438,14068156
2021-01-05 00:00:00+05:30,615.4303241610204,665.1228617027507,615.4303241610204,661.6871948242188,37973963
2021-01-06 00:00:00+05:30,659.2473772374738,664.3759876418237,646.4508323695056,651.5296020507812,20829645
2021-01-07 00:00:00+05:30,656.2599059125433,673.6871416537717,656.2599059125433,668.3095703125,17887570
2021-01-08 00:00:00+05:30,675.1809047701872,676.0273461937062,665.7204053670652,669.9029541015625,12272794
2021-01-11 00:00:00+05:30,673.1891765850129,673.836498182739,657.4051055589924,664.1768188476562,7928365
2021-01-12 00:00:00+05:30,658.5502929878865,682.1517602052776,656.5088290734733,672.8904418945312,13301893
2021-01-13 00:00:00+05:30,673.1892009124215,688.3260116690936,666.2680867645176,684.9401245117188,15645903
2021-01-14 00:00:00+05:30,675.6788140471871,684.9401327245731,671.844846563006,673.189208984375,9337503
2021-01-15 00:00:00+05:30,674.7824495120213,680.1102401646685,666.8157142838683,672.0438842773438,12339771
2021-01-18 00:00:00+05:30,671.6456433861337,672.1933443252354,648.4425371382924,654.2681884765625,13460603
2021-01-19 00:00:00+05:30,660.7909090570367,669.1560056899697,657.0067218302789,665.9692993164062,9010539
2021-01-20 00:00:00+05:30,661.2391028197835,678.1186372543644,661.2391028197835,672.9402465820312,9980614
2021-01-21 00:00:00+05:30,677.9193835823777,692.11013087,666.9651225182482,673.0397338867188,15849438
2021-01-22 00:00:00+05:30,667.2140988275189,671.0979067004055,636.1438181885309,641.8201293945312,21392223
2021-01-25 00:00:00+05:30,651.2806853216944,665.2224736924952,636.6915753211284,655.6624145507812,21325345
2021-01-27 00:00:00+05:30,657.2059785144218,661.0399461262277,624.7913316738674,629.4717407226562,24462588
2021-01-28 00:00:00+05:30,619.4137363588885,671.8946229622909,613.438684239671,667.9112548828125,64303975
2021-01-29 00:00:00+05:30,668.2099725309582,673.0397818499673,650.2848167849712,660.1436767578125,31273252
2021-02-01 00:00:00+05:30,662.2349434133054,714.0187284621653,651.6292015859414,706.4005126953125,30648270
2021-02-02 00:00:00+05:30,716.2593364687275,741.8524872377875,701.2719269859965,711.2303466796875,28703320
2021-02-03 00:00:00+05:30,717.0061731347326,733.7363050182697,712.5746644917239,730.748779296875,23541361
2021-02-04 00:00:00+05:30,726.964596820921,742.4001464794474,717.6036585219131,740.8068237304688,20490289
2021-02-05 00:00:00+05:30,745.885690546319,763.1137457417814,714.018745155822,716.60791015625,31121503
2021-02-08 00:00:00+05:30,722.9812907332857,744.690634138975,722.9812907332857,733.089111328125,15662890
2021-02-09 00:00:00+05:30,732.6907859108665,746.8815350773359,723.1805065204901,739.4127197265625,22307807
2021-02-10 00:00:00+05:30,738.466623445978,743.2964936180862,723.0808523792393,731.7446899414062,15140744
2021-02-11 00:00:00+05:30,727.960506104423,741.0558527908066,727.960506104423,737.0226440429688,11897710
2021-02-12 00:00:00+05:30,732.4417763751333,751.5619545496297,731.4957143377491,747.2798461914062,15668442
2021-02-15 00:00:00+05:30,756.7403010893004,795.6776959397631,750.7652495553347,790.698486328125,20648115
2021-02-16 00:00:00+05:30,795.6777596486618,795.6777596486618,763.8108155826327,771.8273315429688,23968943
2021-02-17 00:00:00+05:30,770.781705791948,781.7359677605673,761.1220262633456,774.51611328125,16956357
2021-02-18 00:00:00+05:30,771.7775420946198,778.7484360232163,760.8232802068251,773.7692260742188,19685663
2021-02-19 00:00:00+05:30,769.6863477727325,773.9684564482322,738.2674823470516,746.5330200195312,15634787
2021-02-22 00:00:00+05:30,746.532998443807,746.7321182237321,712.0270479608472,716.4585571289062,18123202
2021-02-23 00:00:00+05:30,729.3049180644488,731.8941439238396,709.6370371168885,712.97314453125,16804763
2021-02-24 00:00:00+05:30,718.9979610968085,751.7611888997809,714.0685307861993,746.2840576171875,11207286
2021-02-25 00:00:00+05:30,761.8191469730317,780.2422243834907,758.9810215223482,767.4456787109375,26635119
2021-02-26 00:00:00+05:30,742.898054192786,755.5452584244592,715.6618026579159,721.7861938476562,31306177
2021-03-01 00:00:00+05:30,734.9314101555029,740.4085412609978,719.2468983534037,725.5206909179688,14301187
2021-03-02 00:00:00+05:30,727.4128112014135,737.4210112847222,718.9979340277778,728.20947265625,14503453
2021-03-03 00:00:00+05:30,737.4209768587752,757.6365566406959,732.043405922274,750.8150634765625,13603791
2021-03-04 00:00:00+05:30,728.0601380452746,748.3255613339371,728.0601380452746,733.7364501953125,16896947
2021-03-05 00:00:00+05:30,728.9562892228661,741.0059522048501,717.5041070834358,727.7114868164062,16358252
2021-03-08 00:00:00+05:30,731.9438740959583,749.3711091934812,728.9563480792401,740.2093505859375,13898556
2021-03-09 00:00:00+05:30,755.5453709503851,755.5453709503851,736.9231125710313,742.3504638671875,18951683
2021-03-10 00:00:00+05:30,747.3794116202914,762.516221986597,746.0350492497122,757.5867919921875,13377990
2021-03-12 00:00:00+05:30,769.3875285809283,773.3708967035972,741.9023128470633,747.47900390625,16343307
2021-03-15 00:00:00+05:30,750.8648684636671,750.8648684636671,713.6701940532478,741.3048095703125,22466579
2021-03-16 00:00:00+05:30,747.8773405565645,748.8731825546424,732.8899306417652,734.6824340820312,11358574
2021-03-17 00:00:00+05:30,735.927234927235,738.9147609147609,721.6867065429688,724.8734130859375,12380976
2021-03-18 00:00:00+05:30,732.93975,740.010204254026,704.309291015625,715.761474609375,12261544
2021-03-19 00:00:00+05:30,706.0519507718374,726.3173103777759,700.5748199830572,723.230224609375,20377672
2021-03-22 00:00:00+05:30,716.0104525899077,726.9647154250802,706.3507722971622,713.2221069335938,14802230
2021-03-23 00:00:00+05:30,715.0145846914919,736.4251885506383,711.130776423097,727.5123901367188,15949688
2021-03-24 00:00:00+05:30,720.2427433703328,721.9854669111529,700.3756828487099,703.4628295898438,14379147
2021-03-25 00:00:00+05:30,706.549923657723,707.9441268189278,677.1725836324899,691.7118530273438,21179280
2021-03-26 00:00:00+05:30,704.0602721720342,704.0602721720342,690.267885212188,695.296875,13143312
2021-03-30 00:00:00+05:30,702.0686402611376,710.3341170611286,688.1268516602072,692.458740234375,25965218
2021-03-31 00:00:00+05:30,693.1060657016383,700.6246610109486,689.2222574002428,694.550048828125,14924620
2021-04-01 00:00:00+05:30,703.3631858616326,714.0187073181922,692.6578844618131,710.0353393554688,13090326
2021-04-05 00:00:00+05:30,704.2594387455661,705.5042411822694,674.6331407520261,682.4006958007812,16239521
2021-04-06 00:00:00+05:30,687.230522291965,690.6164093178235,672.6912537767696,675.081298828125,12062011
2021-04-07 00:00:00+05:30,677.67046926258,689.0230921784986,665.6208055838321,685.3882446289062,14433515
2021-04-08 00:00:00+05:30,688.6247290535056,692.6080969728316,676.5252246860041,678.765869140625,9026398
2021-04-09 00:00:00+05:30,676.4754526521907,683.9442675882476,664.2266083133316,665.421630859375,12509114
2021-04-12 00:00:00+05:30,648.2931444918074,652.2765125071181,624.0444160111529,632.9571533203125,14649541
2021-04-13 00:00:00+05:30,632.9571748441494,662.0855544466249,627.3804837456269,658.2515869140625,12737650
2021-04-15 00:00:00+05:30,663.6789243196687,668.5585137336577,649.5877354679762,666.0689086914062,15195951
2021-04-16 00:00:00+05:30,665.8697795234526,672.4423124297656,659.5959262803503,666.41748046875,12242522
2021-04-19 00:00:00+05:30,647.2973004786572,652.5752509262857,628.3763024646657,645.4550170898438,17292072
2021-04-20 00:00:00+05:30,653.2724290971423,659.2474818022991,640.3264815693026,649.0401000976562,12296248
2021-04-22 00:00:00+05:30,638.3347055046817,658.2017650475678,631.7621727870724,655.9611206054688,19385102
2021-04-23 00:00:00+05:30,653.2723219943491,674.6829240109322,648.1935523401725,668.5584716796875,19167768
2021-04-26 00:00:00+05:30,691.1143436056602,700.8735829873332,681.6538446658133,697.5375366210938,21646184
2021-04-27 00:00:00+05:30,688.2264188781625,700.973245788375,681.2555245034916,696.6412963867188,46559967
2021-04-28 00:00:00+05:30,705.0561657873892,709.5374549767158,685.2887255647983,705.20556640625,54060587
2021-04-29 00:00:00+05:30,709.0394369901542,723.8775057003879,704.0602274607289,716.40869140625,25939327
2021-04-30 00:00:00+05:30,702.0685696532428,726.8152176185437,702.0685696532428,711.9274291992188,23011654
2021-05-03 00:00:00+05:30,703.0644282853633,705.056112218183,689.2222006397182,699.8279418945312,13752878
2021-05-04 00:00:00+05:30,701.0727135411338,715.6618220204102,695.1972218849893,697.4378662109375,11980155
2021-05-05 00:00:00+05:30,706.0519789406587,716.0601788977181,697.0894009287181,714.2178955078125,11155033
2021-05-06 00:00:00+05:30,715.0145090991202,719.8443181697634,707.2967341053622,712.7738647460938,9484934
2021-05-07 00:00:00+05:30,718.0020426233596,723.8775344136849,711.0311490056571,713.7697143554688,7131970
2021-05-10 00:00:00+05:30,720.4916358582418,721.9853987522118,711.0311375297645,712.2759399414062,7980462
2021-05-11 00:00:00+05:30,701.8694285361206,710.7324466372085,700.076925094713,704.4088134765625,12736700
2021-05-12 00:00:00+05:30,701.0728043566723,702.8155279470476,686.1849535283345,688.4255981445312,10856584
2021-05-14 00:00:00+05:30,692.1102147902885,695.695221806149,678.5667874177333,682.1517944335938,9377968
2021-05-17 00:00:00+05:30,688.6247087007347,707.3465252119573,681.5542551654512,706.3009033203125,12099197
2021-05-18 00:00:00+05:30,717.006235337283,722.981287298427,705.554052411757,708.6909790039062,19519055
2021-05-19 00:00:00+05:30,701.0728138016431,720.6909146395835,699.2803102408118,713.819580078125,20244016
2021-05-20 00:00:00+05:30,705.6536296085293,711.4295619377517,701.6204815920967,702.9649047851562,18840413
2021-05-21 00:00:00+05:30,704.0603131540151,730.3505669817924,704.0603131540151,727.8609619140625,15883692
2021-05-24 00:00:00+05:30,727.3629971919069,744.3918705193329,723.7281496988966,738.0682983398438,15716900
2021-05-25 00:00:00+05:30,741.3047844540998,741.9022653216767,722.8318673434775,728.5081787109375,11344261
2021-05-26 00:00:00+05:30,734.9313619749387,738.3172489307314,726.4667053668262,732.0433959960938,9081086
2021-05-27 00:00:00+05:30,734.1346953371527,750.7154272825496,727.9604631107197,747.22998046875,23040846
2021-05-28 00:00:00+05:30,749.4706671794544,756.5411818699005,735.4293192490626,736.773681640625,17149692
2021-05-31 00:00:00+05:30,734.8318476376049,749.8690377608984,730.9480394641428,747.57861328125,9275086
2021-06-01 00:00:00+05:30,750.4167331780153,750.8648742380127,738.0683287442508,742.0516967773438,6660243
2021-06-02 00:00:00+05:30,741.7031022433187,742.2010232384849,731.1472014583435,733.935546875,9973043
2021-06-03 00:00:00+05:30,739.9105931138783,749.1221314534522,735.9272251832518,747.52880859375,8170508
2021-06-04 00:00:00+05:30,747.8773365657305,756.7403546138784,737.0226345320547,738.9645385742188,10336011
2021-06-07 00:00:00+05:30,740.0101320401712,750.8150537147889,738.416809225597,747.9768676757812,6986728
2021-06-08 00:00:00+05:30,747.8773326208817,747.9768925070842,736.4251497645033,743.2466430664062,6426815
2021-06-09 00:00:00+05:30,742.8980610578554,748.1262310585977,727.1139911776847,733.6865234375,8004726
2021-06-10 00:00:00+05:30,736.375366147879,742.2507973760617,729.852613318495,741.1553955078125,7795125
2021-06-11 00:00:00+05:30,743.1471335090813,743.1471335090813,733.9355945007611,735.3795776367188,4840759
2021-06-14 00:00:00+05:30,732.8401392866173,738.3172701907583,721.985437364044,733.1886596679688,5190670
2021-06-15 00:00:00+05:30,732.93976092817,748.8732339918258,728.956392662256,747.77783203125,9686490
2021-06-16 00:00:00+05:30,745.6864700216307,753.702985885565,743.1470851031806,746.6823120117188,8614096
2021-06-17 00:00:00+05:30,738.8649767648072,742.3006437871768,732.9397047670061,735.5288696289062,6674329
2021-06-18 00:00:00+05:30,739.064176618933,740.1097985796451,719.2468961844447,733.2384643554688,8143792
2021-06-21 00:00:00+05:30,721.9854260869652,737.8193376750755,717.5041372353909,736.4749145507812,6464497
2021-06-22 00:00:00+05:30,740.1097849966816,745.885656428236,733.9853323970384,736.2757568359375,6727233
2021-06-23 00:00:00+05:30,740.1097928664143,740.6574938148095,727.761327648583,729.3048706054688,6154147
2021-06-24 00:00:00+05:30,732.8401127947354,739.8607863617929,728.0600228260957,736.0765991210938,5313822
2021-06-25 00:00:00+05:30,734.4832382322553,762.765174701314,734.4832382322553,758.1842651367188,11170037
2021-06-28 00:00:00+05:30,761.3709431359562,766.3999327771132,754.5992300996496,759.2299194335938,7672743
2021-06-29 00:00:00+05:30,757.8357217225494,760.3751065313118,746.9312402458263,748.8233642578125,7500655
2021-06-30 00:00:00+05:30,749.3710860481526,757.3378218466712,743.4458141417304,745.1885375976562,5459970
2021-07-01 00:00:00+05:30,746.881479287091,751.2632082781234,741.4043484389857,743.3462524414062,5695690
2021-07-02 00:00:00+05:30,744.4914419215504,749.7196123304977,740.906435096535,747.52880859375,3557647
2021-07-05 00:00:00+05:30,753.9519291336045,758.831579085944,750.2673624796743,757.1884155273438,4680089
2021-07-06 00:00:00+05:30,753.8524149189935,763.8108351953342,752.0599114255269,755.19677734375,5529485
2021-07-07 00:00:00+05:30,752.7570110976264,760.8233071885155,749.1221633934041,759.7279052734375,3573368
2021-07-08 00:00:00+05:30,756.8398741433112,763.9601683244437,748.5743982003883,751.26318359375,4188267
2021-07-09 00:00:00+05:30,748.87318227768,749.7694643881675,737.1720388045912,744.2424926757812,5782119
2021-07-12 00:00:00+05:30,749.3710898339368,754.6490401708452,745.1885413623104,750.4664916992188,4475466
2021-07-13 00:00:00+05:30,755.8440834661602,769.7858715669853,751.860715437353,767.5452270507812,9810976
2021-07-14 00:00:00+05:30,767.7443655660431,770.2339704477143,760.8232518387233,766.8480834960938,5621924
2021-07-15 00:00:00+05:30,767.2963045250137,775.014080462806,763.3129362990566,770.93115234375,4239868
2021-07-16 00:00:00+05:30,772.7734130345415,772.7734130345415,763.3626937221115,767.943603515625,2913553
2021-07-19 00:00:00+05:30,749.1719094335947,763.4622783161013,746.4831239311917,752.0598754882812,5554486
2021-07-20 00:00:00+05:30,751.8607701945136,752.0599507667346,741.1056878897284,742.6492309570312,5815740
2021-07-22 00:00:00+05:30,746.9810659457578,755.3461631261508,737.9189279848092,743.64501953125,7876163
2021-07-23 00:00:00+05:30,745.8856809298028,760.8233113890111,737.0226625447896,752.2590942382812,6604465
2021-07-26 00:00:00+05:30,750.8648490515743,756.8399009007911,741.9022712777492,753.1552734375,7890992
2021-07-27 00:00:00+05:30,747.3794099401135,752.8565408590617,726.0683671429302,728.6575927734375,15441543
2021-07-28 00:00:00+05:30,731.744709733993,731.744709733993,709.1390835508959,719.8942260742188,11102486
2021-07-29 00:00:00+05:30,717.0061432554896,725.470799113367,713.0227757929592,714.267578125,6855673
2021-07-30 00:00:00+05:30,715.0643100797221,715.6618517269321,704.2096691411597,705.952392578125,10358450
2021-08-02 00:00:00+05:30,712.0269760739487,722.5330962219831,709.0394503002119,718.1514282226562,6823345
2021-08-03 00:00:00+05:30,720.9896008849354,737.7695141067945,716.30913137485,735.5288696289062,9265839
2021-08-04 00:00:00+05:30,737.4209036830725,753.8522945146333,735.5786205387462,750.6655883789062,9744349
2021-08-05 00:00:00+05:30,749.8689533712741,751.8606371783691,740.4084552875727,746.184326171875,7246991
2021-08-06 00:00:00+05:30,743.8939839444209,754.499725698748,735.728067278984,737.76953125,6522599
2021-08-09 00:00:00+05:30,737.9189333559109,754.250766719792,736.6741308367544,752.358642578125,6064688
2021-08-10 00:00:00+05:30,752.3585912263414,760.8232477788548,751.8606702526641,758.3834228515625,8309248
2021-08-11 00:00:00+05:30,761.8191453200724,765.8025134001773,749.3711200697444,757.6365966796875,6429468
2021-08-12 00:00:00+05:30,755.8440913760024,760.2258205660938,750.2175596638822,754.200927734375,3572081
2021-08-13 00:00:00+05:30,754.3502505019597,761.3211439059382,751.0639843392147,756.7402954101562,4239376
2021-08-16 00:00:00+05:30,752.8565520038755,762.6157914476513,752.8565520038755,758.8316040039062,3967629
2021-08-17 00:00:00+05:30,755.8440379359205,756.8398798831352,746.1843588916646,753.6033935546875,5576110
2021-08-18 00:00:00+05:30,760.6240613577542,760.6240613577542,747.3793757165199,751.26318359375,5370460
2021-08-20 00:00:00+05:30,742.6989076884262,745.8856140569593,733.1388493641955,737.1719970703125,6092036
2021-08-23 00:00:00+05:30,746.3835522395782,746.3835522395782,731.3463628912621,733.0392456054688,3614761
2021-08-24 00:00:00+05:30,732.9397028082143,746.5827501933915,728.4584138644141,743.2466430664062,4537435
2021-08-25 00:00:00+05:30,745.0889680095336,748.3254543855335,732.1430225055342,735.9769897460938,6726509
2021-08-26 00:00:00+05:30,731.0475787193946,746.8814906333705,729.30485524125,743.2466430664062,6492155
2021-08-27 00:00:00+05:30,743.3960532952738,756.4415591879065,737.9189222930983,749.2715454101562,5841967
2021-08-30 00:00:00+05:30,752.8565607247463,786.2172681113586,750.8648767016649,780.7899169921875,12517507
2021-08-31 00:00:00+05:30,781.6364134339034,785.7193413387039,775.1634404063983,783.229736328125,12114870
2021-09-01 00:00:00+05:30,794.7814638221533,815.5945856187454,792.0927390880676,795.5781860351562,19972195
2021-09-02 00:00:00+05:30,792.1922913442843,802.7481919698246,789.1052055334293,799.3623657226562,6799617
2021-09-03 00:00:00+05:30,801.1549190435195,806.5324903577286,784.4247849724095,794.6819458007812,7509746
2021-09-06 00:00:00+05:30,797.5199947845667,802.5490452157931,792.0428641046215,797.47021484375,4539192
2021-09-07 00:00:00+05:30,794.6819173088844,796.0761204237297,778.7982252264487,784.5740966796875,6926921
2021-09-08 00:00:00+05:30,786.7151604428908,794.0345746483872,779.7442666161817,791.3956298828125,5903035
2021-09-09 00:00:00+05:30,785.7193204013837,790.3997898528245,780.9392910647216,786.8645629882812,4909325
2021-09-13 00:00:00+05:30,782.7318170817305,787.1633261667756,780.2422120655672,785.072021484375,4814443
2021-09-14 00:00:00+05:30,787.7109758786672,797.669395295591,786.7151339369749,791.0968627929688,6301208
2021-09-15 00:00:00+05:30,792.6901624503771,794.1341453799583,783.7275852367421,788.1093139648438,4075592
2021-09-16 00:00:00+05:30,789.2047765676705,804.0926264648743,785.8188894912985,799.2627563476562,15446511
2021-09-17 00:00:00+05:30,805.4868050434751,817.2875696174723,793.9350617594001,803.9930419921875,14641298
2021-09-20 00:00:00+05:30,796.6735397845544,805.1879760847283,788.2088834243435,792.540771484375,6306484
2021-09-21 00:00:00+05:30,791.9433478277285,795.6777553151275,769.0887618485729,792.0429077148438,7833561
2021-09-22 00:00:00+05:30,789.204790123755,793.4868985952813,782.7318170817305,785.072021484375,4359142
2021-09-23 00:00:00+05:30,791.0470357943221,811.1132755800915,789.2545324244522,808.7730712890625,9043492
2021-09-24 00:00:00+05:30,809.1713983351955,813.5531274119585,791.7939434208432,794.731689453125,5184626
2021-09-27 00:00:00+05:30,799.5615635411248,805.4369948534058,789.5035229046485,793.6362915039062,7715259
2021-09-28 00:00:00+05:30,798.6652835021868,802.2502903874033,774.7650755170839,785.9185180664062,7369680
2021-09-29 00:00:00+05:30,779.7442685169102,786.2172413717759,775.2629796173877,778.8978271484375,14241004
2021-09-30 00:00:00+05:30,776.6571980316405,784.0761722866652,761.669727346699,763.3626708984375,9178187
2021-10-01 00:00:00+05:30,760.2258051994039,768.491281622329,750.8648661104123,764.9560546875,6089895
2021-10-04 00:00:00+05:30,767.8937491064602,777.902009925646,767.0970876552451,775.7609252929688,5845527
2021-10-05 00:00:00+05:30,771.1800308606078,780.7400892738625,767.9933244623998,779.3458862304688,3945224
2021-10-06 00:00:00+05:30,778.9973869752648,790.8977107638233,772.7733746152835,775.7111206054688,5092479
2021-10-07 00:00:00+05:30,786.715160203349,786.8645608121383,770.8812484892396,773.8687744140625,6622698
2021-10-08 00:00:00+05:30,778.64882845827,781.7359141250703,772.7733367656746,778.6986083984375,4295686
2021-10-11 00:00:00+05:30,778.7484644480985,789.7027267357315,775.7609383696531,783.8770751953125,4417455
2021-10-12 00:00:00+05:30,784.7235312322508,796.3748953116443,782.1841461745129,793.8355102539062,5098502
2021-10-13 00:00:00+05:30,796.6238116202156,801.1548805159583,789.9018781913993,791.2960205078125,4381414
2021-10-14 00:00:00+05:30,795.6777818558356,800.6569920051212,784.7235195274073,798.715087890625,7157116
2021-10-18 00:00:00+05:30,816.5904889168995,816.5904889168995,798.7151117898214,809.9183349609375,11014585
2021-10-19 00:00:00+05:30,816.5904490509306,823.5613431281946,795.1798458136195,798.3167724609375,10633732
2021-10-20 00:00:00+05:30,797.2710040926909,810.4161293828001,788.7067880301623,801.4535522460938,9023067
2021-10-21 00:00:00+05:30,804.5905627231618,810.1174737126837,789.0056109814751,804.441162109375,7405639
2021-10-22 00:00:00+05:30,808.6236688308849,821.5696142678325,803.4452784998319,813.3041381835938,10646970
2021-10-25 00:00:00+05:30,826.6484293984477,863.2954640451875,822.0178005139933,841.5860595703125,29193770
2021-10-26 00:00:00+05:30,844.8724486457061,848.1089354197311,820.0759564337027,838.3994750976562,16771909
2021-10-27 00:00:00+05:30,836.5072265625,837.3038879553335,782.3832416325807,784.2255249023438,39606414
2021-10-28 00:00:00+05:30,784.2255967618328,785.7193598032839,751.5122104666029,755.19677734375,19320926
2021-10-29 00:00:00+05:30,758.8315730750401,758.8315730750401,711.031159023069,738.9147338867188,21343427
2021-11-01 00:00:00+05:30,751.8607464631896,756.8399567046677,736.9231157387554,749.2217407226562,11694854
2021-11-02 00:00:00+05:30,749.3711069242947,758.1842843343771,744.9395978566407,752.7071533203125,11812106
2021-11-03 00:00:00+05:30,756.292242346479,759.4789490008889,745.3877599543985,747.47900390625,10529505
2021-11-04 00:00:00+05:30,753.8524230012273,753.902202946868,748.275731899237,749.8192749023438,793433
2021-11-08 00:00:00+05:30,757.8357641072641,757.8357641072641,738.4168450532673,747.9271240234375,13872770
2021-11-09 00:00:00+05:30,746.8814561339452,750.815043959191,740.2590829103435,741.9520263671875,12120207
2021-11-10 00:00:00+05:30,739.6118789434885,750.2175599666315,728.9563571943457,746.2341918945312,10844883
2021-11-11 00:00:00+05:30,744.8898415682625,744.8898415682625,732.0434550147628,734.981201171875,6195359
2021-11-12 00:00:00+05:30,739.7113739500334,739.7113739500334,730.450056151018,732.9894409179688,9372897
2021-11-15 00:00:00+05:30,734.9314215393795,740.9064737470167,724.9730011933174,730.201171875,12849161
2021-11-16 00:00:00+05:30,730.2011299971876,730.2509099397881,718.3008062098648,723.1306762695312,8978763
2021-11-17 00:00:00+05:30,718.0021195869265,721.8859279027901,703.8113703440503,709.3880615234375,18083445
2021-11-18 00:00:00+05:30,712.0270831579946,713.0229252323414,698.9815762966016,703.4130249023438,13458109
2021-11-22 00:00:00+05:30,710.0353952319665,710.0353952319665,674.5834418863711,683.5460205078125,16741079
2021-11-23 00:00:00+05:30,678.1683827842854,689.7699660681067,674.533535274729,682.799072265625,16575348
2021-11-24 00:00:00+05:30,687.1309566845052,692.2097263996253,679.2140008968663,682.3011474609375,11463429
2021-11-25 00:00:00+05:30,683.147671498549,684.1435135852817,673.7369516226507,677.0730590820312,9760486
2021-11-26 00:00:00+05:30,666.2183289565723,672.0938213421324,657.7038916172139,658.9984741210938,10252753
2021-11-29 00:00:00+05:30,662.2847082153323,662.6830693268415,646.6499766998605,648.3927001953125,12084376
2021-11-30 00:00:00+05:30,645.3056125531434,674.6331714527666,645.3056125531434,652.923828125,24699809
2021-12-01 00:00:00+05:30,662.1353417735068,678.5667340702519,657.2556918698043,676.774169921875,16184200
2021-12-02 00:00:00+05:30,672.1933554279223,675.977542902205,665.2722413157603,673.2887573242188,8612601
2021-12-03 00:00:00+05:30,676.2762719907342,684.4919684190984,668.2099761736163,670.20166015625,9505985
2021-12-06 00:00:00+05:30,671.1975370550881,675.9277867598532,658.4009911136945,660.3428344726562,8022785
2021-12-07 00:00:00+05:30,669.2058627865721,688.674562858686,667.2141786711359,684.1434936523438,15123987
2021-12-08 00:00:00+05:30,692.1102330333028,698.6329863825933,684.7908181907528,694.2014770507812,11670826
2021-12-09 00:00:00+05:30,695.2471237947947,696.9898473127979,685.1393030778271,691.0645751953125,7021395
2021-12-10 00:00:00+05:30,687.2305508904733,689.0728950887938,680.9069784017775,685.1890869140625,5549743
2021-12-13 00:00:00+05:30,696.0935440063477,708.939929860644,690.2180520119146,701.07275390625,13634563
2021-12-14 00:00:00+05:30,698.0852920131607,711.0312389406516,694.6994046580356,707.9441528320312,8612512
2021-12-15 00:00:00+05:30,709.4378546647963,717.0062294407894,704.6079845671015,709.5374145507812,7692888
2021-12-16 00:00:00+05:30,716.0104397506956,718.9481859782704,702.1184308843756,706.6993408203125,7309187
2021-12-17 00:00:00+05:30,704.5581578458214,705.0560788054298,682.2512745428203,686.0355224609375,7844705
2021-12-20 00:00:00+05:30,678.1186140995156,679.0148354201765,657.3552721743207,671.5460205078125,9934646
2021-12-21 00:00:00+05:30,680.1600741790068,680.1600741790068,659.7453135338096,663.0813598632812,10116104
2021-12-22 00:00:00+05:30,667.214155123315,674.0356486653847,661.2391029878823,666.5668334960938,7489534
2021-12-23 00:00:00+05:30,674.1850356144819,681.6538506323676,669.80330649144,675.9775390625,6884683
2021-12-24 00:00:00+05:30,678.3177539418923,679.1641952686095,659.695497721802,664.7244873046875,6028893
2021-12-27 00:00:00+05:30,660.2930259405947,671.7949888842658,653.2225720531771,669.355224609375,6996729
2021-12-28 00:00:00+05:30,674.483762847966,678.0189897309139,669.2058124949792,672.6414794921875,4645547
2021-12-29 00:00:00+05:30,671.6954039844624,676.7741736827682,664.475549753347,667.7120361328125,3969894
2021-12-30 00:00:00+05:30,665.22246728959,670.3012372632337,661.7370202304379,666.0689086914062,5119705
2021-12-31 00:00:00+05:30,670.1518857750453,683.6455327131083,668.4091622757767,675.7285766601562,5586980
2022-01-03 00:00:00+05:30,677.4214974662981,695.5956133483413,676.1766950086239,693.4545288085938,8550860
2022-01-04 00:00:00+05:30,698.085278973215,708.0934794470124,697.1392168668336,706.201416015625,9705906
2022-01-05 00:00:00+05:30,708.9399336960422,727.8609314180345,704.8071651442165,723.8775634765625,11312955
2022-01-06 00:00:00+05:30,716.9564869601546,730.4501344102309,716.0104248683791,727.263427734375,7955578
2022-01-07 00:00:00+05:30,730.9480208685773,737.8193549140866,722.2344034535909,727.5621337890625,10454143
2022-01-10 00:00:00+05:30,730.5995079459155,740.9064483380697,730.1513668894366,739.71142578125,9595787
2022-01-11 00:00:00+05:30,739.811025520687,743.9437332368342,734.2342740070868,740.1595458984375,7252279
2022-01-12 00:00:00+05:30,746.5329128115239,748.3254160948533,740.0599403907364,743.7445068359375,5294563
2022-01-13 00:00:00+05:30,745.8857163481184,745.8857163481184,733.9853913609218,737.6202392578125,5196538
2022-01-14 00:00:00+05:30,731.7446631332328,732.8899057046035,713.0726263046016,718.6991577148438,16302342
2022-01-17 00:00:00+05:30,716.0104626064722,717.6037856376907,706.54996275284,709.6868896484375,19680557
2022-01-18 00:00:00+05:30,714.5166961700776,732.8402148513106,711.2802093930006,722.1846923828125,24055886
2022-01-19 00:00:00+05:30,722.1846159372082,728.9065493011371,715.7116430682395,726.5662841796875,7746270
2022-01-20 00:00:00+05:30,728.0102865400066,734.0849592471822,719.1473291528737,725.8692626953125,8505400
2022-01-21 00:00:00+05:30,718.9979134114583,722.2343998637953,705.1059055597688,709.5374145507812,10689060
2022-01-24 00:00:00+05:30,712.0270078410168,713.4212109101767,685.3384552278653,701.6702270507812,8812501
2022-01-25 00:00:00+05:30,711.0312099639364,751.8607332251709,705.653638685273,749.0723876953125,38088158
2022-01-27 00:00:00+05:30,740.9064055012328,773.7691896162069,735.0309137257052,770.6322631835938,34927774
2022-01-28 00:00:00+05:30,774.8646320065294,781.4372256424338,758.3336792018738,761.5203857421875,17765524
2022-01-31 00:00:00+05:30,772.2257386191312,774.56594315072,759.1801711468066,769.835693359375,12319200
2022-02-01 00:00:00+05:30,774.8646773536417,790.5990304207492,765.9020988740173,778.64892578125,15457534
2022-02-02 00:00:00+05:30,786.715182823867,802.5490949932507,784.0761772018457,800.7565307617188,13478899
2022-02-03 00:00:00+05:30,798.8644694960547,808.5241491120597,789.7524908271619,796.2254638671875,10802708
2022-02-04 00:00:00+05:30,793.6362913757429,801.1548862940741,787.8604199515255,795.2296142578125,10776387
2022-02-07 00:00:00+05:30,799.1632198473101,800.2586217551122,780.8397023943364,786.3168334960938,10939179
2022-02-08 00:00:00+05:30,790.6985453293908,797.6694393058464,772.9227900019778,795.2296142578125,12300670
2022-02-09 00:00:00+05:30,797.6694429684779,806.1340999787552,796.8230015799991,800.507568359375,9399830
2022-02-10 00:00:00+05:30,804.1922167673199,812.5573141068749,799.7607075907864,806.432861328125,12848281
2022-02-11 00:00:00+05:30,797.61963836871,806.5324361602936,795.179813384893,800.457763671875,9717894
2022-02-14 00:00:00+05:30,786.7151933070709,799.661139526048,766.7485730256154,770.1343994140625,8617389
2022-02-15 00:00:00+05:30,773.7692315115252,795.7773153281973,761.1220259959247,793.6362915039062,7426563
2022-02-16 00:00:00+05:30,791.6943759362891,804.9390621447352,786.018064480849,793.73583984375,7457765
2022-02-17 00:00:00+05:30,793.6861356706753,798.6653460575678,777.2547413939297,779.545166015625,6516308
2022-02-18 00:00:00+05:30,777.9020249191803,787.2629035187838,775.7609402452351,784.1260375976562,5466662
2022-02-21 00:00:00+05:30,780.2919957855303,793.4869024350471,772.8729606451878,785.5699462890625,5635224
2022-02-22 00:00:00+05:30,762.9144922700729,783.7276133018173,762.9144922700729,775.9102783203125,6923558
2022-02-23 00:00:00+05:30,780.2422375132965,782.2339215911861,769.0390145751668,773.9684448242188,6303173
2022-02-24 00:00:00+05:30,749.2715732290566,765.9519273549889,722.2842175475296,727.263427734375,13085009
2022-02-25 00:00:00+05:30,739.2135586391528,761.6697852292561,734.3339689502291,754.8980712890625,10066136
2022-02-28 00:00:00+05:30,746.7818635506856,746.7818635506856,733.1388173931289,739.3130493164062,14463418
2022-03-02 00:00:00+05:30,725.6701092821028,753.3047259902704,721.9854815647388,747.1304931640625,11691602
2022-03-03 00:00:00+05:30,752.8565623816262,756.2922294852773,729.3547151700928,734.5828857421875,8357181
2022-03-04 00:00:00+05:30,719.993774670154,729.4542737840773,707.0976084585842,712.0270385742188,11660648
2022-03-07 00:00:00+05:30,690.118482173446,702.068585760865,652.8739683467754,664.7742919921875,20147061
2022-03-08 00:00:00+05:30,662.2349167877082,670.9485341138623,634.3513413440153,667.6124877929688,24828458
2022-03-09 00:00:00+05:30,668.707882008598,677.6704597272538,656.3594172836797,671.3966674804688,20438651
2022-03-10 00:00:00+05:30,704.9565911357905,717.4046164010688,685.3882711062237,692.0604248046875,23224756
2022-03-11 00:00:00+05:30,689.0231608385305,703.7118315478211,684.5916514174182,687.9774780273438,14224356
2022-03-14 00:00:00+05:30,691.8114449296223,709.4378603680159,682.1517654379493,707.0975952148438,10720884
2022-03-15 00:00:00+05:30,710.0352987151276,715.0145083835366,692.1101439088551,695.2470703125,12157425
2022-03-16 00:00:00+05:30,708.043604576157,722.9812333646836,706.1514806170635,720.8401489257812,10038170
2022-03-17 00:00:00+05:30,733.9355639656694,743.6450235975083,733.3878630145069,736.1762084960938,13657428
2022-03-21 00:00:00+05:30,741.9022712745644,746.2840002765195,720.69084936621,722.8817138671875,7495685
2022-03-22 00:00:00+05:30,725.9687806938647,732.939674335644,703.4129362404173,728.3588256835938,11117081
2022-03-23 00:00:00+05:30,733.0393093120388,739.8110838828626,721.6369664550012,723.7282104492188,5886245
2022-03-24 00:00:00+05:30,716.109960582676,727.4128037940397,716.0104006948501,719.2468872070312,7559843
2022-03-25 00:00:00+05:30,720.292501527448,723.628608673501,712.5249461367391,718.2510375976562,5430894
2022-03-28 00:00:00+05:30,722.9813376716945,734.8318825328581,712.0768549265695,732.9397583007812,7077669
2022-03-29 00:00:00+05:30,738.5662670600748,738.5662670600748,727.9605251108217,734.7322387695312,6174137
2022-03-30 00:00:00+05:30,743.8939837774747,762.665581411653,738.2176721465928,747.3296508789062,16618114
2022-03-31 00:00:00+05:30,759.8274518586874,759.8274518586874,748.1760882125745,757.9851684570312,20449544
2022-04-01 00:00:00+05:30,756.8399777245908,772.524490420857,752.0101679687674,771.3294677734375,9321859
2022-04-04 00:00:00+05:30,776.7567328995304,782.2338637084374,763.8107873512049,780.8396606445312,10959783
2022-04-05 00:00:00+05:30,772.7734179454744,792.6902586141722,772.7734179454744,779.8438720703125,7334134
2022-04-06 00:00:00+05:30,773.7692376506365,776.7069837207712,766.0016821702636,770.4829711914062,9954921
2022-04-07 00:00:00+05:30,766.300451672499,791.6944237552134,766.0017112160361,788.8064575195312,9820244
2022-04-08 00:00:00+05:30,791.5948486328125,797.3707202116711,785.7193563827998,791.5948486328125,8104237
2022-04-11 00:00:00+05:30,786.1675034284531,790.9475330203655,780.7899321491929,782.7816162109375,6340427
2022-04-12 00:00:00+05:30,776.8563285454854,797.6694508899957,774.5659040762331,795.1300659179688,7672215
2022-04-13 00:00:00+05:30,802.4494261902134,802.4494261902134,787.5615769735277,789.75244140625,7640132
2022-04-18 00:00:00+05:30,776.7567237998838,798.3167264076463,772.7733559855255,795.5283203125,11478317
2022-04-19 00:00:00+05:30,801.6528015313107,812.8062439697597,782.2836626796526,794.4827270507812,8711816
2022-04-20 00:00:00+05:30,797.5200215617418,799.1134051909548,785.3209573650008,791.3956298828125,6676491
2022-04-21 00:00:00+05:30,791.7939112226644,800.6569289024153,787.2628425001994,798.466064453125,6851615
2022-04-22 00:00:00+05:30,792.6901770613831,794.6818609233464,774.9642028461835,777.3541870117188,6255027
2022-04-25 00:00:00+05:30,768.7900802666627,785.5202149348434,758.0847779831568,777.4539184570312,8023525
2022-04-26 00:00:00+05:30,787.7109983776461,793.2876890978602,765.8024750346522,771.7775268554688,11087204
2022-04-27 00:00:00+05:30,762.41659184877,769.7360668348151,745.8856393741215,762.7153930664062,11485697
2022-04-28 00:00:00+05:30,773.6696509077843,782.1840875961353,763.1634694977997,776.5575561523438,11037317
2022-04-29 00:00:00+05:30,761.8191065679225,763.6613898987086,721.9854277931292,725.5704345703125,34401710
2022-05-02 00:00:00+05:30,718.9979529914738,735.1306061982499,715.5125058509334,724.32568359375,16136040
2022-05-04 00:00:00+05:30,729.9521713782924,732.093255947953,701.0727539567774,704.2594604492188,14548684
2022-05-05 00:00:00+05:30,713.0228322851003,718.7987034071137,695.9939593461461,699.4295654296875,12726146
2022-05-06 00:00:00+05:30,687.13098974294,689.6205947782404,665.3220253211583,670.6000366210938,15511195
2022-05-09 00:00:00+05:30,657.4549215410943,666.2183192645323,646.1022980661894,660.9403686523438,13999329
2022-05-10 00:00:00+05:30,660.9403016502521,669.3053374004301,654.8158494630809,657.0067138671875,9523698
2022-05-11 00:00:00+05:30,658.948700892127,673.1892301427171,652.7246880394762,669.5543823242188,9352398
2022-05-12 00:00:00+05:30,664.2266262089357,664.2266262089357,641.3222597879379,646.9487915039062,11166084
2022-05-13 00:00:00+05:30,653.6707059301649,656.6582318973386,630.7663401818328,633.3057250976562,9618627
2022-05-16 00:00:00+05:30,637.1894341581858,646.5005926660801,627.4301954071948,636.293212890625,6159695
2022-05-17 00:00:00+05:30,640.2268014634527,654.7660693369427,638.4840780849894,652.2266845703125,8152237
2022-05-18 00:00:00+05:30,652.0275383363619,667.6124896820742,647.5960293559613,656.7080078125,13013873
2022-05-19 00:00:00+05:30,640.625065679508,655.0149929216304,638.5338220557019,647.4963989257812,9216948
2022-05-20 00:00:00+05:30,657.0067424535753,672.9402140401721,655.2640189987912,670.3012084960938,9708672
2022-05-23 00:00:00+05:30,670.2016657306767,681.9525891696802,665.7701566761832,672.5418701171875,7919353
2022-05-24 00:00:00+05:30,666.9154111045085,678.6165548071242,658.4507539579354,661.2888793945312,8088546
2022-05-25 00:00:00+05:30,665.2225116012688,669.8532016008644,657.3055548832717,662.2349853515625,5169619
2022-05-26 00:00:00+05:30,670.1518368908186,682.400680435912,665.22240719619,680.4089965820312,10114633
2022-05-27 00:00:00+05:30,686.1351508857724,690.9151804192679,681.4049012969372,685.4380493164062,5539060
2022-05-30 00:00:00+05:30,692.209730339595,695.0976963705883,687.2305204802069,690.7658081054688,3818060
2022-05-31 00:00:00+05:30,686.1352009746385,693.1060956144388,680.2099283745325,682.3510131835938,10410424
2022-06-01 00:00:00+05:30,680.1600210066633,689.5707391636876,677.6704162445599,683.1973266601562,6966674
2022-06-02 00:00:00+05:30,679.1642208915783,690.2678831263274,679.1642208915783,688.6744995117188,6347433
2022-06-03 00:00:00+05:30,694.4005415217281,695.0976430047969,670.3509962160979,674.4837036132812,8475726
2022-06-06 00:00:00+05:30,674.1849974462752,681.1558910683195,667.5128442517592,669.4049682617188,6756864
2022-06-07 00:00:00+05:30,669.4049929222015,675.1808642655441,658.3511104454917,663.0813598632812,8312778
2022-06-08 00:00:00+05:30,667.2141342450982,670.7493611583315,652.7246454263483,655.8615112304688,9282494
2022-06-09 00:00:00+05:30,654.2184046436244,659.994276004249,647.2972906869284,658.55029296875,5682743
2022-06-10 00:00:00+05:30,652.7744898363579,660.940407128649,649.4882230964321,657.952880859375,6758832
2022-06-13 00:00:00+05:30,644.2599640420058,649.2889537514448,637.4384101909797,646.2516479492188,6135431
2022-06-14 00:00:00+05:30,642.3180373869993,652.9735580704679,640.4259134294365,648.0441284179688,5391833
2022-06-15 00:00:00+05:30,651.2806740833373,653.6208784926474,644.5089605763601,647.7952270507812,4638336
2022-06-16 00:00:00+05:30,654.7660742888861,655.4631758018171,628.4260428703448,632.2600708007812,5960283
2022-06-17 00:00:00+05:30,627.3805079735339,638.135590239662,623.9946206020784,632.5588989257812,6849201
2022-06-20 00:00:00+05:30,632.6086138743802,634.5007379372021,619.612888272196,625.6875,5305222
2022-06-21 00:00:00+05:30,629.3721048335624,642.6665703936861,625.5381376847027,633.8533935546875,10333886
2022-06-22 00:00:00+05:30,629.919878425449,631.0153411524986,618.6668753835999,624.1937866210938,5899024
2022-06-23 00:00:00+05:30,624.791250126632,638.1852754371442,615.6792721701594,626.7330932617188,8450777
2022-06-24 00:00:00+05:30,631.7124120241225,639.7787695055246,629.0236869783666,631.3638916015625,6918584
2022-06-27 00:00:00+05:30,641.3222003007019,644.2101661984539,632.0608825458006,634.4508666992188,4552114
2022-06-28 00:00:00+05:30,631.363820855087,642.0193422907768,629.3721368776262,639.6790771484375,10711123
2022-06-29 00:00:00+05:30,633.7039943727677,635.1479773424204,620.9074497529566,622.9489135742188,13620084
2022-06-30 00:00:00+05:30,621.4053356497556,636.6417043195103,621.0568153028827,634.152099609375,10563138
2022-07-01 00:00:00+05:30,630.3679790022765,643.9114057393818,629.172956459268,641.2724609375,6549359
2022-07-04 00:00:00+05:30,638.8823856901697,652.4258725692654,637.8367638074149,651.629150390625,3933384
2022-07-05 00:00:00+05:30,653.3719026120401,657.1561507834157,643.3139228673742,645.8035278320312,5044787
2022-07-06 00:00:00+05:30,649.2889615470638,656.6582164047778,648.2931195815007,655.2142333984375,6684686
2022-07-07 00:00:00+05:30,661.6969945073649,662.7442079433337,649.9281855328095,656.4110107421875,11171714
2022-07-08 00:00:00+05:30,665.2376753500799,675.0117699495607,659.6524958286312,667.3820190429688,12669533
2022-07-11 00:00:00+05:30,664.7888038472906,680.1481377261227,663.5919623585436,678.0536499023438,14864123
2022-07-12 00:00:00+05:30,675.2112041120472,683.439405639262,671.2217730685492,674.413330078125,6446810
2022-07-13 00:00:00+05:30,678.2033491323923,683.1901384642482,675.1614198147389,678.1036376953125,9614674
2022-07-14 00:00:00+05:30,676.807004269972,678.6521527939327,663.841352380709,666.484375,8026311
2022-07-15 00:00:00+05:30,668.2297574493167,672.4186725812401,657.3585325681217,660.4503784179688,6015057
2022-07-18 00:00:00+05:30,666.2849180222244,686.1822198571037,661.6970961343652,682.6914672851562,12464664
2022-07-19 00:00:00+05:30,676.806969045998,701.9902531356498,676.806969045998,698.7488403320312,10171314
2022-07-20 00:00:00+05:30,704.4338395811476,712.6121861526394,700.8433756589768,703.83544921875,11620331
2022-07-21 00:00:00+05:30,706.0794678500154,716.5517247672976,702.4889432397564,713.6593627929688,8036515
2022-07-22 00:00:00+05:30,715.1056039753411,733.0580459161446,713.2105996431429,728.8192749023438,9713490
2022-07-25 00:00:00+05:30,731.5619363572848,736.8479204506648,720.5910007063917,725.4281616210938,6230411
2022-07-26 00:00:00+05:30,720.9899831615178,721.53851778069,700.1950363574366,704.5834350585938,14135744
2022-07-27 00:00:00+05:30,706.079418945668,718.6461020264596,701.74087628467,717.0503540039062,6106880
2022-07-28 00:00:00+05:30,723.0844092891822,731.7614343754302,721.1395493928678,723.9820556640625,6964838
2022-07-29 00:00:00+05:30,731.9609314477744,733.0081449882887,721.0897068156585,722.8350830078125,6624854
2022-08-01 00:00:00+05:30,724.0818348831959,730.3651774739322,718.4966549967404,728.869140625,5493105
2022-08-02 00:00:00+05:30,725.0791836822685,732.4097398004751,719.1947478007639,728.5200805664062,7275626
2022-08-03 00:00:00+05:30,728.0712063454505,736.5487477891988,725.5778118031716,728.5698852539062,9458761
2022-08-04 00:00:00+05:30,733.2574618897074,734.7534985798221,710.3182326412806,719.693359375,7466635
2022-08-05 00:00:00+05:30,722.0870849776938,729.2680736881621,719.2944951663708,726.5751953125,4583196
2022-08-08 00:00:00+05:30,728.0712366367144,745.3753711305094,726.176232356185,743.5801391601562,8191870
2022-08-10 00:00:00+05:30,743.0315711985421,745.8740166180007,734.2049788969476,737.0474243164062,9069541
2022-08-11 00:00:00+05:30,741.0867290440332,758.6402635098942,741.0867290440332,756.844970703125,12384073
2022-08-12 00:00:00+05:30,756.6954396058588,759.9867084519348,751.4094549895678,758.54052734375,4614341
2022-08-16 00:00:00+05:30,762.9787506028484,769.9602555103254,756.4460688999161,762.6296997070312,7051498
2022-08-17 00:00:00+05:30,769.3618347593822,771.7056012504579,764.2254177165278,770.0599365234375,7674390
2022-08-18 00:00:00+05:30,769.9602748524701,773.9497063283897,760.0864076000119,763.0286254882812,9449924
2022-08-19 00:00:00+05:30,769.9602854914398,770.608592464792,748.2677515413894,755.4985961914062,7553270
2022-08-22 00:00:00+05:30,751.4094243809856,752.4566379429115,737.2469308145875,739.889892578125,4994311
2022-08-23 00:00:00+05:30,736.0500954805387,748.8661195414492,731.8611803233507,745.076171875,6594634
2022-08-24 00:00:00+05:30,743.0315517940829,750.0629120221888,740.0394784311537,748.16796875,6875820
2022-08-25 00:00:00+05:30,751.9080991938424,756.5956323381675,738.0448008817768,741.3859252929688,6320890
2022-08-26 00:00:00+05:30,746.0236697425413,753.005174673287,739.3413599911919,742.931884765625,4613713
2022-08-29 00:00:00+05:30,728.0712111989751,732.9582888839766,720.1422043268931,726.774658203125,5904146
2022-08-30 00:00:00+05:30,731.0632845636851,751.558975660099,731.0632845636851,749.514404296875,9193270
2022-09-01 00:00:00+05:30,731.5619528755952,752.9054343369954,731.5619528755952,742.183837890625,9353805
2022-09-02 00:00:00+05:30,747.0209929366981,752.5563165573791,738.2941121780918,748.2178344726562,7767812
2022-09-05 00:00:00+05:30,748.2178591908524,756.7951122131144,747.3700685076752,754.1022338867188,5894055
2022-09-06 00:00:00+05:30,755.9972342122395,759.5378423296163,746.8215300127218,748.0183715820312,7606181
2022-09-07 00:00:00+05:30,741.1865406465258,755.9972809703313,737.0973367712941,753.4041748046875,10156460
2022-09-08 00:00:00+05:30,759.7373772095548,780.1333583556964,755.0996386440146,777.6898193359375,13410790
2022-09-09 00:00:00+05:30,785.8681520982968,785.8681520982968,777.9391447938881,782.7763061523438,8732302
2022-09-12 00:00:00+05:30,786.9153122348285,802.8730371977655,784.7211128776468,798.8836059570312,15521649
2022-09-13 00:00:00+05:30,802.8730352047573,806.812610719981,801.0279476100538,803.4215698242188,9887516
2022-09-14 00:00:00+05:30,792.3011136338723,809.2062807748498,792.3011136338723,800.92822265625,10494713
2022-09-15 00:00:00+05:30,803.3717667591723,804.3691246322438,785.5689530744016,787.9127197265625,5996899
2022-09-16 00:00:00+05:30,783.9730647789332,790.5057460130315,774.0493427692986,787.2144775390625,11467351
2022-09-19 00:00:00+05:30,787.2145351089238,799.8809919188258,784.6214290607388,795.9912719726562,11427799
2022-09-20 00:00:00+05:30,804.6682480720694,814.0434355925722,799.8809428829591,810.6025390625,8274079
2022-09-21 00:00:00+05:30,807.1118236272765,813.8439889772724,801.227388082909,804.4189453125,6567084
2022-09-22 00:00:00+05:30,802.8730485783998,806.6629961360414,782.2277294401771,787.1148071289062,7804275
2022-09-23 00:00:00+05:30,786.9153382162519,786.9153382162519,762.2307315992022,766.5692138671875,10278805
2022-09-26 00:00:00+05:30,756.9945706982912,761.4826808012455,739.042130286474,740.6378784179688,11090327
2022-09-27 00:00:00+05:30,744.3779839512251,752.1574236394794,728.5698868677172,735.5513916015625,11358306
2022-09-28 00:00:00+05:30,731.960912592734,731.960912592734,705.8301260999683,714.5570068359375,13170668
2022-09-29 00:00:00+05:30,720.3417550247468,728.8691530340611,709.121478466729,717.100341796875,12090981
2022-09-30 00:00:00+05:30,718.0976211190294,735.8007221952278,712.5124417487707,731.2627563476562,9536017
2022-10-03 00:00:00+05:30,729.0685336767123,740.0394692039952,719.1448116386197,720.84033203125,6405645
2022-10-04 00:00:00+05:30,731.462275033306,742.5329228716269,730.0659496870798,740.83740234375,5438934
2022-10-06 00:00:00+05:30,748.018357914177,758.3909034934762,744.0289266719681,753.1048583984375,9376433
2022-10-07 00:00:00+05:30,751.8083648013422,755.4986011666381,740.3387490740599,753.703369140625,7500540
2022-10-10 00:00:00+05:30,746.0236745860083,776.6425728701322,743.0316010248345,774.7974243164062,14106654
2022-10-11 00:00:00+05:30,777.9391025225146,793.3981487905902,772.4536344919071,783.4744262695312,15953495
2022-10-12 00:00:00+05:30,787.4140108474573,808.6577205612805,781.3800081196047,806.5632934570312,21228018
2022-10-13 00:00:00+05:30,804.8677706064428,812.7967775474184,793.4978669695091,799.8809814453125,13024911
2022-10-14 00:00:00+05:30,813.3951720065256,818.5315892179959,792.350945989795,798.3849487304688,8220645
2022-10-17 00:00:00+05:30,801.3770161317528,814.8413468321619,794.993901672373,811.9989013671875,9463827
2022-10-18 00:00:00+05:30,817.8334346909977,820.7257967973885,809.4057487075133,814.1930541992188,8470882
2022-10-19 00:00:00+05:30,816.2875062007095,836.2346622646335,814.7416137805332,827.6573486328125,10868663
2022-10-20 00:00:00+05:30,822.7205274770317,829.7020325344839,814.7915202727181,823.66796875,11813817
2022-10-21 00:00:00+05:30,857.827485971986,903.606236892592,853.5887149931851,898.0210571289062,58057724
2022-10-24 00:00:00+05:30,913.5797394826685,916.0232782532241,902.608803746523,907.0470581054688,3085307
2022-10-25 00:00:00+05:30,903.3070450596039,908.1940621525089,889.2442624121846,900.4645385742188,13187308
2022-10-27 00:00:00+05:30,906.5982805713661,917.5193611424662,898.8687572771659,912.7320556640625,11967044
2022-10-28 00:00:00+05:30,912.5824400423613,915.5246578981507,896.5250028786047,900.6640014648438,7320207
2022-10-31 00:00:00+05:30,905.6009168477511,915.5744952271316,899.71648125436,903.606201171875,9038777
2022-11-01 00:00:00+05:30,901.6115073621667,901.6115073621667,866.7039821877464,869.4467163085938,29191921
2022-11-02 00:00:00+05:30,872.6880694591467,874.6827850464819,859.3234506744454,861.268310546875,11029140
2022-11-03 00:00:00+05:30,855.6333146216878,878.0738660042765,853.7383103776014,861.7670288085938,10185978
2022-11-04 00:00:00+05:30,866.7039207759291,870.5936405121658,860.021611398391,865.8062744140625,7323879
2022-11-07 00:00:00+05:30,873.9348234455263,874.4833580928819,859.0243112872834,870.6435546875,9931261
2022-11-09 00:00:00+05:30,872.7379492363614,878.4229009917846,866.2052676825034,871.3915405273438,10190209
2022-11-10 00:00:00+05:30,841.4708251953125,854.4364771678939,838.7779468416134,841.4708251953125,18956575
2022-11-11 00:00:00+05:30,844.7621561086562,852.4418242480597,841.9197103933864,848.452392578125,19329819
2022-11-14 00:00:00+05:30,848.2528469565332,851.6438879782266,845.1111453960264,848.7515258789062,6985306
2022-11-15 00:00:00+05:30,849.0008751701187,857.5781283846885,844.9615880269072,856.38134765625,7124767
2022-11-16 00:00:00+05:30,855.7329985271361,859.3234622832887,848.3525264047356,853.139892578125,6521854
2022-11-17 00:00:00+05:30,853.1399053900328,859.124052322746,850.4470270955337,855.9324951171875,4909607
2022-11-18 00:00:00+05:30,857.02958204018,863.5124080176003,852.7409554914342,856.9298706054688,7065304
2022-11-21 00:00:00+05:30,857.7277257453736,868.6488060560957,856.7303679247394,867.7511596679688,7209207
2022-11-22 00:00:00+05:30,872.6382373386323,874.6828086961542,866.0556391981127,867.7511596679688,5535233
2022-11-23 00:00:00+05:30,871.590980937978,875.4806397228283,866.4545640647585,872.3888549804688,5861417
2022-11-24 00:00:00+05:30,875.6801641054085,878.4727538207161,870.7930864482026,876.2286987304688,4928778
2022-11-25 00:00:00+05:30,880.6669692241182,889.4437060065,878.5725421179889,885.4044189453125,7614047
2022-11-28 00:00:00+05:30,885.3546235597623,897.1234346522389,882.9609402405929,889.3440551757812,7928147
2022-11-29 00:00:00+05:30,892.0369210816006,899.5171052558966,887.6485220164558,890.1917724609375,5661158
2022-11-30 00:00:00+05:30,892.6352877676404,902.7085778387012,883.1105323466861,898.8687744140625,10452798
2022-12-01 00:00:00+05:30,907.0969491334744,907.0969491334744,897.1233708032547,901.4618530273438,7053100
2022-12-02 00:00:00+05:30,895.9266066509533,904.6036327228537,889.0448735327468,902.758544921875,7988851
2022-12-05 00:00:00+05:30,904.6035980468479,904.9027932363624,895.228409616099,896.82421875,5098164
2022-12-06 00:00:00+05:30,895.128632946124,904.5038206936671,893.3334010659682,902.259765625,5351099
2022-12-07 00:00:00+05:30,900.4146711757867,915.5745229461886,897.4724532900154,912.2333984375,9103656
2022-12-08 00:00:00+05:30,913.2307104046129,941.4559244793386,911.3357062008498,936.8680419921875,17466047
2022-12-09 00:00:00+05:30,941.5058058572178,942.5031637024055,925.1491128465822,931.2330322265625,8018981
2022-12-12 00:00:00+05:30,927.443041138466,938.6633163711525,919.5638901810682,936.169921875,7621788
2022-12-13 00:00:00+05:30,937.7158490600958,946.7917810130881,934.1253243281593,942.1041870117188,8136559
2022-12-14 00:00:00+05:30,943.1514470955915,947.6395572868431,936.0203143310465,939.9100341796875,8573479
2022-12-15 00:00:00+05:30,937.2670128133814,942.4532856602846,930.1358800396531,935.6712646484375,7359261
2022-12-16 00:00:00+05:30,929.7868270255402,942.7026229600187,926.6451255452462,932.6292724609375,6926928
2022-12-19 00:00:00+05:30,932.629303519984,945.5949556024393,929.9364860173571,943.7000122070312,4842336
2022-12-20 00:00:00+05:30,941.2564535961869,950.2326740808128,937.9651849266023,947.2406005859375,9511818
2022-12-21 00:00:00+05:30,950.5817624990193,956.3664868499249,925.5481042865168,929.8367309570312,8368960
2022-12-22 00:00:00+05:30,933.5269094651918,933.5269094651918,910.5378241365802,917.120361328125,9202717
2022-12-23 00:00:00+05:30,909.5902851094547,914.8264133954466,901.6114229593718,904.2045288085938,6371695
2022-12-26 00:00:00+05:30,905.6008968559764,930.4849865379754,902.7085348402504,926.2462158203125,4764440
2022-12-27 00:00:00+05:30,929.9863389741026,935.3221791195604,920.1623276318431,929.7369995117188,3346083
2022-12-28 00:00:00+05:30,928.490322634285,934.9731487989412,918.8657948248916,922.2568359375,5956496
2022-12-29 00:00:00+05:30,920.3617949883478,941.5057931967825,913.380290165914,932.0807495117188,12204113
2022-12-30 00:00:00+05:30,938.7630818684896,941.0071370442708,927.8918568895923,931.2828979492188,3704449
2023-01-02 00:00:00+05:30,929.7868500899776,942.5031626012645,929.3380268853891,939.1121215820312,3498198
2023-01-03 00:00:00+05:30,942.2538881291472,963.0487762617192,940.109544267043,959.7575073242188,6927819
2023-01-04 00:00:00+05:30,960.9542909190053,967.4371169604932,952.4767491724443,954.9202880859375,9059392
2023-01-05 00:00:00+05:30,957.4635394400373,959.3585437114026,935.7710061245989,947.0411376953125,6998980
2023-01-06 00:00:00+05:30,944.0490803274756,948.437479308072,931.831446411515,937.4166870117188,5787783
2023-01-09 00:00:00+05:30,944.2983589138793,957.4634941329857,938.8627466942838,956.216796875,7025747
2023-01-10 00:00:00+05:30,961.4529432194536,961.4529432194536,940.2590894399791,949.63427734375,7140150
2023-01-11 00:00:00+05:30,950.4820135387191,953.2247475756881,940.3089514813648,947.2406005859375,7100355
2023-01-12 00:00:00+05:30,946.841713099645,947.1908248945438,921.5587142814178,933.0781860351562,8661375
2023-01-13 00:00:00+05:30,933.0282324261028,934.9730923328219,920.5612597854548,931.6818237304688,9083608
2023-01-16 00:00:00+05:30,937.965223470109,939.2617765297222,909.2911846325942,910.7373657226562,10008273
2023-01-17 00:00:00+05:30,912.532534594739,917.2699841619227,904.3043327148935,915.2752685546875,6904960
2023-01-18 00:00:00+05:30,919.4641667501235,923.1543418571546,910.8369975564799,921.55859375,5730939
2023-01-19 00:00:00+05:30,921.159654434783,935.5216313335968,918.317209008965,926.2462158203125,7721730
2023-01-20 00:00:00+05:30,928.7894712435568,932.3799350512911,922.2069339714137,928.09130859375,4511360
2023-01-23 00:00:00+05:30,933.5269253901993,937.2171615221823,922.0074546715407,930.2356567382812,5236124
2023-01-24 00:00:00+05:30,932.5295668790604,932.5295668790604,901.3621348309634,907.7951049804688,18527897
2023-01-25 00:00:00+05:30,902.6087877221352,905.0523264493097,881.863758145951,889.9921875,11921748
2023-01-27 00:00:00+05:30,889.9921752526951,890.1418032666644,848.751456111968,871.4413452148438,17300736
2023-01-30 00:00:00+05:30,849.6491470072265,883.1603452440041,843.914339570577,869.54638671875,21233998
2023-01-31 00:00:00+05:30,870.6934445467299,876.9767871264119,858.8248612165235,869.297119140625,16856151
2023-02-01 00:00:00+05:30,873.9846395179304,892.8347265366547,831.0982535510395,854.9849853515625,12409819
2023-02-02 00:00:00+05:30,848.7016937743082,869.696064815547,834.8383949970716,866.1554565429688,9567053
2023-02-03 00:00:00+05:30,870.6934548264453,882.6617497381491,856.9797835734515,880.26806640625,7365732
2023-02-06 00:00:00+05:30,869.5464186317218,896.774336681514,868.2997213171303,880.3179321289062,10129098
2023-02-07 00:00:00+05:30,884.5068062386171,886.0527596424866,869.1973872217333,876.7772827148438,5055187
2023-02-08 00:00:00+05:30,879.7693458320437,884.1078890566288,865.9559637911517,869.4467163085938,6572818
2023-02-09 00:00:00+05:30,873.8350955880709,873.8350955880709,860.2709924440431,865.4074096679688,5993312
2023-02-10 00:00:00+05:30,869.7458624222388,870.3941693456012,862.8641300861638,864.9585571289062,4603464
2023-02-13 00:00:00+05:30,864.9585070868561,868.1500640557272,854.2369112941968,856.8300170898438,5707194
2023-02-14 00:00:00+05:30,860.27093388171,869.5962655722684,851.99287655064,868.4492797851562,7527755
2023-02-15 00:00:00+05:30,869.6960345142812,869.8955182566087,859.323488652169,866.0057983398438,7322266
2023-02-16 00:00:00+05:30,870.4938669607202,871.9899036457606,859.9717544507139,862.4651489257812,5843235
2023-02-17 00:00:00+05:30,858.725155250901,865.956000054117,847.7542183080905,852.6412963867188,8420479
2023-02-20 00:00:00+05:30,857.4285526319146,858.9245894013524,840.2739855009157,844.5127563476562,5992322
2023-02-21 00:00:00+05:30,846.7568188104417,846.7568188104417,835.1874920431541,841.8198852539062,9677064
2023-02-22 00:00:00+05:30,837.7805863154392,840.7726598379944,827.3581847037606,831.1481323242188,6984037
2023-02-23 00:00:00+05:30,830.8488877972475,846.0087382525302,828.006442469208,842.1190185546875,8437003
2023-02-24 00:00:00+05:30,847.8538987685147,852.3420091720334,842.2188633417659,849.1505126953125,7763814
2023-02-27 00:00:00+05:30,849.5992567522266,856.1818550600585,843.714881985254,852.0926513671875,8064267
2023-02-28 00:00:00+05:30,853.6884782219203,855.3340821777266,837.7806080724329,841.8697509765625,13012372
2023-03-01 00:00:00+05:30,843.8146246888036,866.4546608063794,842.8172668058611,862.8641967773438,12345125
2023-03-02 00:00:00+05:30,863.7118776816358,864.5097517679955,841.2713265871361,843.2161865234375,13900508
2023-03-03 00:00:00+05:30,847.5047937811358,856.3313859952318,843.3657345457999,850.3971557617188,7977804
2023-03-06 00:00:00+05:30,854.6858146198489,861.4678357686325,853.3393450092184,857.2290649414062,10781567
2023-03-08 00:00:00+05:30,856.2316930866406,860.2211243881509,850.7960807635548,858.6752319335938,8785735
2023-03-09 00:00:00+05:30,860.2211566155239,871.9401115027498,859.7224776841525,865.5071411132812,14746065
2023-03-10 00:00:00+05:30,857.3287766059132,859.3234922898487,843.2660553837247,849.649169921875,11198583
2023-03-13 00:00:00+05:30,843.365747946297,854.7356514398607,826.2610978636376,830.1507568359375,8315798
2023-03-14 00:00:00+05:30,825.8122531130239,833.4919202986354,815.2402848502629,830.6494140625,12573734
2023-03-15 00:00:00+05:30,835.835689825817,841.2713019957064,817.1850868421243,821.8726806640625,6652641
2023-03-16 00:00:00+05:30,819.3294536392584,835.6861463268352,812.1484651209591,828.3555297851562,8791383
2023-03-17 00:00:00+05:30,832.7938167758774,839.276642894492,820.8255224030504,835.1875,7762461
2023-03-20 00:00:00+05:30,833.7912045973819,838.7779940985624,823.3688023651356,835.3370971679688,10744023
2023-03-21 00:00:00+05:30,837.8803087329111,855.0847317131189,836.5338999796693,853.33935546875,11489951
2023-03-22 00:00:00+05:30,853.3393206214389,857.5282356116426,844.8119234933862,847.4050903320312,8018924
2023-03-23 00:00:00+05:30,844.7620800965633,858.8747177086536,842.8670758742992,846.5573120117188,9857892
2023-03-24 00:00:00+05:30,844.0141063949059,850.2475931481916,835.0378854701742,837.680908203125,8078718
2023-03-27 00:00:00+05:30,838.8277998735553,839.9747857400914,827.0091338090191,831.1481323242188,10602508
2023-03-28 00:00:00+05:30,835.1874828184127,835.1874828184127,823.867434765989,830.2505493164062,11002402
2023-03-29 00:00:00+05:30,830.3004281081028,846.2082983349227,827.8070334290995,840.3737182617188,17121194
2023-03-31 00:00:00+05:30,852.6412256465586,858.6253725734296,845.2607534205282,856.231689453125,12946752
2023-04-03 00:00:00+05:30,861.7171614119438,864.5097511491489,854.1871220026246,862.3155517578125,13266882
2023-04-05 00:00:00+05:30,868.6986979828679,868.6986979828679,854.7356879119607,858.2264404296875,11890015
2023-04-06 00:00:00+05:30,859.5229861540353,860.9691672166958,846.756817801303,849.6990356445312,19677316
2023-04-10 00:00:00+05:30,852.5414731343576,852.6911011605596,841.7201648732404,845.1111450195312,15656078
2023-04-11 00:00:00+05:30,846.0087653724299,853.439093258407,841.8198503806001,851.04541015625,23930907
2023-04-12 00:00:00+05:30,852.6412558734322,854.3866321223113,844.4130535572876,848.8013916015625,13480335
2023-04-13 00:00:00+05:30,851.3945429743361,865.4074084270142,842.76737332389,862.0662231445312,23934570
2023-04-17 00:00:00+05:30,879.6696543336656,879.6696543336656,858.7251387542925,862.2657470703125,22577380
2023-04-18 00:00:00+05:30,863.0636244684166,869.696078776534,854.8354218882487,861.0689086914062,17238709
2023-04-19 00:00:00+05:30,862.7145161360205,872.1894154461849,860.2709772970421,871.0923461914062,23494247
2023-04-20 00:00:00+05:30,872.488653826795,873.2865279492286,861.8668290194934,866.4546508789062,19444753
2023-04-21 00:00:00+05:30,868.4991631302372,871.5410922561947,855.2343165182021,861.9166259765625,15520786
2023-04-24 00:00:00+05:30,865.7066060820845,882.0632990258189,858.2264222737716,879.9688110351562,18201632
2023-04-25 00:00:00+05:30,882.6616283389361,893.43308010321,872.0896603038666,876.0291748046875,36394389
2023-04-26 00:00:00+05:30,875.0817699116577,887.0999193895163,872.8875705471868,885.3046875,19468723
2023-04-27 00:00:00+05:30,885.6538269401998,887.6485427666416,875.1815688513799,879.0712890625,15992383
2023-04-28 00:00:00+05:30,882.7613790119196,887.6983123782459,851.3945243829124,857.7277221679688,23004117
2023-05-02 00:00:00+05:30,867.7013634327463,874.0844782719244,861.9665555709781,868.3496704101562,12947953
2023-05-03 00:00:00+05:30,861.5675564094298,864.5596299665021,851.7934616311052,857.578125,15103015
2023-05-04 00:00:00+05:30,857.7276963008517,864.8588288231408,855.2343018348607,863.6619873046875,9756391
2023-05-05 00:00:00+05:30,864.8588814516036,882.6616946725612,860.4704825748612,863.0137329101562,14343308
2023-05-08 00:00:00+05:30,863.01374805145,879.0712461956198,863.01374805145,876.1290283203125,7007882
2023-05-09 00:00:00+05:30,879.8690735863491,887.8479360793128,877.6748742260062,885.903076171875,12117151
2023-05-10 00:00:00+05:30,889.6431942064683,890.1418731269875,875.2313612286815,887.5487670898438,11893027
2023-05-11 00:00:00+05:30,888.6458302181073,897.622050725361,886.6511145498288,893.582763671875,13816121
2023-05-12 00:00:00+05:30,892.8347664423467,911.1861145008119,891.637924838255,908.2439575195312,10533272
2023-05-15 00:00:00+05:30,908.2439536374151,917.0705462913144,906.7479168571682,913.3803100585938,7339579
2023-05-16 00:00:00+05:30,913.779312757632,920.0626553019887,909.5903974367628,915.3750610351562,12567615
2023-05-17 00:00:00+05:30,915.275357867754,916.4721995236615,908.8423872319096,912.3829956054688,10248327
2023-05-18 00:00:00+05:30,917.5691873556405,927.0440865728997,910.1887151947456,912.283203125,13614127
2023-05-19 00:00:00+05:30,918.4668189387249,924.5506771464437,906.5483810984672,921.6084594726562,8393002
2023-05-22 00:00:00+05:30,920.5612837744666,925.2987335013665,911.984030723741,915.1256713867188,9383158
2023-05-23 00:00:00+05:30,915.1256956371483,920.0626292371015,909.9893391635751,913.7294311523438,8273445
2023-05-24 00:00:00+05:30,908.7425871157698,918.4169091117494,907.7950850275552,915.2752685546875,6248545
2023-05-25 00:00:00+05:30,914.2779119411406,921.1097885552583,910.0391412702481,918.6163940429688,8149350
2023-05-26 00:00:00+05:30,915.5744897215402,925.4483566073094,912.5824162257182,924.5008544921875,4908462
2023-05-29 00:00:00+05:30,928.5401643564267,935.2224741694308,925.597946505116,927.3433227539062,7133871
2023-05-30 00:00:00+05:30,928.3406903665873,937.2171997318495,925.5979562325213,934.97314453125,7804403
2023-05-31 00:00:00+05:30,934.8733518090171,937.4166630132827,907.7951228373205,912.4328002929688,34757004
2023-06-01 00:00:00+05:30,919.5639303932444,928.4902952545949,913.6296390581192,917.27001953125,11817533
2023-06-02 00:00:00+05:30,920.2122403047441,928.0414750407,917.8185571264956,923.653076171875,11616991
2023-06-05 00:00:00+05:30,925.1491370131882,951.3796977259298,925.1491370131882,948.3377075195312,14520005
2023-06-06 00:00:00+05:30,948.5869905944751,968.1850959488153,948.5869905944751,965.641845703125,14457988
2023-06-07 00:00:00+05:30,970.3793637455273,978.6574219937272,965.5421414921007,974.1693115234375,15795824
2023-06-08 00:00:00+05:30,970.4790025315168,972.274234410458,957.3637838856253,959.5579223632812,10209982
2023-06-09 00:00:00+05:30,964.4450372391158,979.1062097524826,960.7548010335363,972.174560546875,12947464
2023-06-12 00:00:00+05:30,970.429135033108,975.316212580672,966.0407363832999,971.6259765625,7465375
2023-06-13 00:00:00+05:30,971.7257076265167,987.0850423372962,971.7257076265167,983.2451782226562,15233785
2023-06-14 00:00:00+05:30,983.394818048502,985.589017444078,973.4212397721479,975.1167602539062,8644423
2023-06-15 00:00:00+05:30,985.7385964089794,986.3869033542694,969.6313038239398,974.5682373046875,15978311
2023-06-16 00:00:00+05:30,980.2032402270959,982.8462627643449,974.6180608592621,978.95654296875,8860900
2023-06-19 00:00:00+05:30,981.2504969948915,983.3948407233075,958.4608944575036,963.0986328125,11025846
2023-06-20 00:00:00+05:30,963.3977830250602,974.4185745853573,956.0173109253186,972.2742309570312,7596593
2023-06-21 00:00:00+05:30,975.7151823757298,975.7151823757298,960.6052473193232,963.4476928710938,7805855
2023-06-22 00:00:00+05:30,959.6576827331883,970.8779579293866,956.1669304499264,964.0460205078125,10135883
2023-06-23 00:00:00+05:30,957.4635460788033,962.9490143115465,952.0279335643066,955.8677978515625,6188008
2023-06-26 00:00:00+05:30,956.9648713775646,960.9543028371896,950.5817566926072,958.0120849609375,5799528
2023-06-27 00:00:00+05:30,964.4450412674793,973.4212619204341,958.2614104206652,970.6785278320312,6921886
2023-06-28 00:00:00+05:30,976.4132915500627,981.4000805773868,964.4449978844848,975.6154174804688,10010996
2023-06-30 00:00:00+05:30,974.5183133320694,987.2346256905186,973.4212440663871,984.8410034179688,7096350
2023-07-03 00:00:00+05:30,987.3842168463997,987.3842168463997,975.4159233088675,979.5050659179688,5562743
2023-07-04 00:00:00+05:30,979.5050965987062,982.2478306203005,966.4397334272136,968.13525390625,7396806
2023-07-05 00:00:00+05:30,966.4397446918043,972.9225706365894,959.557951262399,963.9463500976562,8200047
2023-07-06 00:00:00+05:30,958.4609136389415,983.4945718412441,958.4609136389415,978.3582153320312,10221727
2023-07-07 00:00:00+05:30,974.6641831465856,987.8427533030938,970.2213995227613,975.1134643554688,6236524
2023-07-10 00:00:00+05:30,975.1134229796711,984.3983035132331,958.8399135165018,962.4839477539062,7138850
2023-07-11 00:00:00+05:30,966.3278064604591,970.1715283005711,949.055859137324,951.6516723632812,10616390
2023-07-12 00:00:00+05:30,955.1459770502267,955.9945719610037,945.4617212556537,948.4568481445312,10141257
2023-07-13 00:00:00+05:30,954.7466102990345,964.4308661734865,950.6033879635203,958.5903930664062,13079930
2023-07-14 00:00:00+05:30,962.8833651853291,965.4292107928754,946.2104803815384,955.495361328125,5383514
2023-07-17 00:00:00+05:30,958.4405566209024,967.3261236556458,948.906082020886,963.2826538085938,8472444
2023-07-18 00:00:00+05:30,962.4341238989889,978.3582276590016,949.75474099237,962.084716796875,14457717
2023-07-19 00:00:00+05:30,962.4340810493464,968.3245214799657,954.9462640287344,962.7335815429688,7574544
2023-07-20 00:00:00+05:30,962.3342650400326,978.3082746371382,956.0444500123637,976.3115234375,15329753
2023-07-21 00:00:00+05:30,970.0217295031625,983.3999872060559,966.427601640063,969.7222290039062,6230317
2023-07-24 00:00:00+05:30,971.868719566255,983.3500387247727,967.226248749494,969.921875,9167788
2023-07-25 00:00:00+05:30,976.0619382847129,976.0619382847129,952.2506434540315,960.9365234375,13448045
2023-07-26 00:00:00+05:30,965.2794076024823,978.408070887261,961.7351864716742,975.2132568359375,8298226
2023-07-27 00:00:00+05:30,987.7428718400173,988.3918403520264,954.1974761782315,958.3407592773438,17858061
2023-07-28 00:00:00+05:30,958.3407708775003,968.1747462458351,940.6695104216192,948.4069213867188,8504392
2023-07-31 00:00:00+05:30,953.1492132082983,957.0428415508311,946.7595848886385,952.3505249023438,6601991
2023-08-01 00:00:00+05:30,954.4470700773103,962.4340748478318,950.4535676920495,958.3407592773438,8409096
2023-08-02 00:00:00+05:30,949.9543860919007,957.3423899272404,935.0785652353426,943.7145385742188,9324465
2023-08-03 00:00:00+05:30,942.5664341596897,945.0623733042032,925.6440155086992,934.0303344726562,17076611
2023-08-04 00:00:00+05:30,945.4617140197354,953.2989382779123,933.1317994626262,950.7031860351562,12376086
2023-08-07 00:00:00+05:30,950.7031813527487,953.4487142996851,943.0156769141249,945.861083984375,10922609
2023-08-08 00:00:00+05:30,948.4567982683412,958.3407408562782,942.5164513972481,951.3521118164062,11512735
2023-08-09 00:00:00+05:30,950.453599403783,951.751475535094,942.7660948684616,948.4568481445312,7701831
2023-08-10 00:00:00+05:30,946.4600482280028,950.403643949488,935.7774173529954,938.2234497070312,13590891
2023-08-11 00:00:00+05:30,935.9771127935795,944.163804794016,931.4844226521703,935.6776123046875,9558237
2023-08-14 00:00:00+05:30,933.4811853346018,941.7676906214929,927.3911185533472,938.4231567382812,7172522
2023-08-16 00:00:00+05:30,934.4296152490268,938.4730240697854,929.7871445321507,931.5343017578125,7394623
2023-08-17 00:00:00+05:30,934.4296855182831,941.4682215409039,930.1366824853097,935.0286865234375,9336994
2023-08-18 00:00:00+05:30,933.3314350729253,944.4134411482146,929.5376198590476,941.5181274414062,6648744
2023-08-21 00:00:00+05:30,942.6662329755741,952.6998953477062,942.4166390810633,951.0525512695312,6822155
2023-08-22 00:00:00+05:30,952.3005472024149,957.5420191327795,947.1090428011483,955.495361328125,10860061
2023-08-23 00:00:00+05:30,960.4373227378255,978.8573646594484,956.8431949689281,977.6593017578125,12677151
2023-08-24 00:00:00+05:30,983.2002673424388,992.6349288407245,977.5095143009324,979.755859375,11899556
2023-08-25 00:00:00+05:30,972.4178579521714,986.5948040027422,969.2230437675902,981.5030517578125,6228241
2023-08-28 00:00:00+05:30,978.5079223942115,990.8878044769428,978.5079223942115,988.591552734375,8451441
2023-08-29 00:00:00+05:30,988.5915015078543,989.3901897765771,975.9121195828499,979.10693359375,8114141
2023-08-30 00:00:00+05:30,981.4032174251885,996.3788514652473,978.4080906171766,981.7526245117188,9023083
2023-08-31 00:00:00+05:30,980.2051453744111,993.0842149031694,967.0265753548468,971.9186401367188,21558300
2023-09-01 00:00:00+05:30,972.6674063929545,991.3869484713408,967.4259346110063,989.5399780273438,10946742
2023-09-04 00:00:00+05:30,992.1357999293365,992.9344882603159,978.4081347730815,980.6544799804688,6727188
2023-09-05 00:00:00+05:30,983.849276444457,984.5980581667087,976.311552627659,979.8557739257812,10548660
2023-09-06 00:00:00+05:30,979.8557450584462,981.5529957660837,960.2376401390118,963.4823608398438,16351052
2023-09-07 00:00:00+05:30,963.4823594503813,978.2083995329203,961.5355148454876,976.6110229492188,8686550
2023-09-08 00:00:00+05:30,976.6110161977904,985.6962097098066,970.9202631366767,978.7075805664062,6439351
2023-09-11 00:00:00+05:30,980.205140866197,1002.3690911240707,977.4097014048458,998.7749633789062,7130484
2023-09-12 00:00:00+05:30,1008.359363575727,1008.359363575727,996.4287628788912,999.274169921875,8958327
2023-09-13 00:00:00+05:30,1001.3208651433481,1015.3480307656412,992.0858904289113,1012.8021850585938,12254423
2023-09-14 00:00:00+05:30,1012.8021036052967,1020.7392015303601,1007.4108511825343,1019.2416381835938,7855558
2023-09-15 00:00:00+05:30,1019.3415327961677,1030.0740709720333,1012.9019977034457,1025.4815673828125,8986157
2023-09-18 00:00:00+05:30,1019.8906349456726,1028.22710820011,1017.344789220694,1023.08544921875,6397319
2023-09-20 00:00:00+05:30,1010.6555317748637,1045.7983624422236,1010.6555317748637,1025.6312255859375,13619788
2023-09-21 00:00:00+05:30,1024.932412581354,1031.9210420949819,1010.4559657316963,1012.8021850585938,8156588
2023-09-22 00:00:00+05:30,1008.3593486258594,1025.5813275999149,1006.3625974404616,1016.595947265625,7108110
2023-09-25 00:00:00+05:30,1013.5509522256357,1024.3333968473526,1003.5172893267603,1017.2948608398438,7123890
2023-09-26 00:00:00+05:30,1017.3447217274799,1019.0419724102037,1009.3577170426714,1012.5026245117188,6387615
2023-09-27 00:00:00+05:30,1008.3093799827367,1026.2800786094012,1002.3690333845414,1023.5345458984375,5158686
2023-09-28 00:00:00+05:30,1025.3316529177218,1036.263816047641,1023.534528243648,1029.225341796875,15818489
2023-09-29 00:00:00+05:30,1029.225485543987,1039.3090552697004,1022.8358569873276,1035.0159912109375,9528626
2023-10-03 00:00:00+05:30,1033.3186660572435,1043.0028598792167,1030.9225404282156,1039.35888671875,11589322
2023-10-04 00:00:00+05:30,1033.6681363421294,1035.31548042985,987.2436716941178,993.9328002929688,22584212
2023-10-05 00:00:00+05:30,998.3755796590767,1007.5606471791422,987.2936350992647,1001.6203002929688,7950412
2023-10-06 00:00:00+05:30,1003.3674445023389,1006.3625712023459,997.776565703396,999.3240356445312,5289753
2023-10-09 00:00:00+05:30,993.1840570274306,998.0761219518472,986.6447088875765,994.6317138671875,6823214
2023-10-10 00:00:00+05:30,998.275738170682,1013.3012780313192,994.881236921684,1010.6056518554688,5728499
2023-10-11 00:00:00+05:30,1017.3447668895379,1023.9839892029179,1010.3561374800906,1017.444580078125,7396783
2023-10-12 00:00:00+05:30,1020.3398755325106,1029.325256041114,1013.3013396546403,1016.795654296875,4920222
2023-10-13 00:00:00+05:30,1007.3609689365711,1009.8070013159382,990.6381778268708,992.4352416992188,12173162
2023-10-16 00:00:00+05:30,988.3918390260908,1007.8102565355731,988.3918390260908,1003.1677856445312,4646960
2023-10-17 00:00:00+05:30,1007.2112249339127,1013.0517589019271,1001.4705650900084,1006.4125366210938,6105067
2023-10-18 00:00:00+05:30,1008.359410492035,1012.4527262988346,987.74292886351,991.2372436523438,7818946
2023-10-19 00:00:00+05:30,978.108604901474,997.3772421369372,978.108604901474,989.7896118164062,4836625
2023-10-20 00:00:00+05:30,987.3934807466093,991.2871700097013,976.1617551061651,978.7575073242188,5664400
2023-10-23 00:00:00+05:30,978.4080906933191,983.30015552119,959.5387674269721,962.7335815429688,5896695
2023-10-25 00:00:00+05:30,958.4405458687386,972.4178038293244,949.854540353068,953.89794921875,6957048
2023-10-26 00:00:00+05:30,954.4470317750139,973.4161673437642,951.2023112172013,970.470947265625,17540495
2023-10-27 00:00:00+05:30,978.4080497382199,1003.1178448719147,971.7189212926039,1001.12109375,13443016
2023-10-30 00:00:00+05:30,1001.1211784924749,1001.1211784924749,977.6094442289194,987.5932006835938,5270567
2023-10-31 00:00:00+05:30,996.378856354625,996.378856354625,976.4113442032296,980.2550659179688,7816805
2023-11-01 00:00:00+05:30,976.2615959865412,977.7092528529108,966.4276202990195,970.221435546875,5703984
2023-11-02 00:00:00+05:30,976.4113609898953,986.7445243314878,972.4178584909591,981.3533325195312,5193982
2023-11-03 00:00:00+05:30,984.3983063600134,989.7895587814189,979.905616320845,987.24365234375,4268048
2023-11-06 00:00:00+05:30,993.3836824986804,1014.5492565642459,991.4867445597067,1007.7603149414062,6552178
2023-11-07 00:00:00+05:30,1006.3625690269995,1020.5395142302563,1003.6170362245946,1019.2416381835938,6559859
2023-11-08 00:00:00+05:30,1022.336595889503,1025.2817551073692,1013.9502166269431,1020.0403442382812,7643314
2023-11-09 00:00:00+05:30,1023.0853973586273,1027.1787129492586,1014.998579363083,1020.2400512695312,4407935
2023-11-10 00:00:00+05:30,1016.2465054827999,1029.3252009261782,1014.9985360345382,1027.528076171875,3294063
2023-11-13 00:00:00+05:30,1028.3767642900284,1030.1737671223318,1021.8373558142246,1023.684326171875,5985481
2023-11-15 00:00:00+05:30,1043.302420224086,1043.302420224086,1029.8743182054134,1039.6583251953125,7240388
2023-11-16 00:00:00+05:30,1041.1060904652536,1042.304092397363,1020.4896106234117,1024.6827392578125,6908825
2023-11-17 00:00:00+05:30,1013.2514705826267,1018.3431620183127,990.2388631234999,992.7348022460938,13268353
2023-11-20 00:00:00+05:30,979.4064896291164,993.1341544939486,978.7575210974649,987.093994140625,8215656
2023-11-21 00:00:00+05:30,988.3419333306163,995.8796568923234,985.0473060514076,990.1889038085938,7061614
2023-11-22 00:00:00+05:30,989.3901954825055,998.2757624803141,986.395068755515,996.4786376953125,6103988
2023-11-23 00:00:00+05:30,997.3772174309884,1001.7700944146982,993.783089670506,997.4271240234375,3112891
2023-11-24 00:00:00+05:30,1000.3723748528136,1009.1081615593627,998.0761231057231,1006.86181640625,6956281
2023-11-28 00:00:00+05:30,1011.4043930220315,1020.28996026832,1007.6105779156203,1019.4912719726562,6173384
2023-11-29 00:00:00+05:30,1025.481581791897,1061.7725125965069,1019.4913278421283,1058.427978515625,9422396
2023-11-30 00:00:00+05:30,1060.97371777571,1079.144227099871,1053.7354945637944,1072.5050048828125,24755589
2023-12-01 00:00:00+05:30,1073.6532244199786,1107.198622699033,1068.4615977908677,1102.855712890625,14428758
2023-12-04 00:00:00+05:30,1118.67979349121,1127.165985588198,1097.3145325432133,1123.771484375,14043213
2023-12-05 00:00:00+05:30,1134.953382736085,1149.9788617561794,1125.319034229928,1130.6103515625,15804808
2023-12-06 00:00:00+05:30,1133.2560683014217,1143.8388248118424,1116.1339031558173,1118.6798095703125,7342767
2023-12-07 00:00:00+05:30,1117.4319299515028,1127.7650934037656,1106.6993918706642,1116.0341796875,6439419
2023-12-08 00:00:00+05:30,1114.037385715821,1132.5073342632686,1109.6944762425824,1129.3624267578125,7300989
2023-12-11 00:00:00+05:30,1127.166096859431,1137.5492278833829,1112.0406815484266,1114.6864013671875,6924589
2023-12-12 00:00:00+05:30,1118.1807098253757,1132.0581555092208,1107.1985778538765,1129.162841796875,9044111
2023-12-13 00:00:00+05:30,1148.1319907660816,1149.130366410226,1109.6445609355035,1113.0390625,8184523
2023-12-14 00:00:00+05:30,1130.560544254832,1136.7504241736842,1116.084098177239,1118.6298828125,9421193
2023-12-15 00:00:00+05:30,1117.3818730335781,1126.0178459635727,1106.7991165190488,1118.530029296875,12048410
2023-12-18 00:00:00+05:30,1117.8810894625565,1118.1806508857087,1105.401394698207,1109.544677734375,7922468
2023-12-19 00:00:00+05:30,1121.974580081625,1125.0195526254015,1112.3900765501955,1118.4302978515625,6824641
2023-12-20 00:00:00+05:30,1120.1774467497467,1122.0244172741716,1100.908748515848,1108.446533203125,9848057
2023-12-21 00:00:00+05:30,1102.106797671874,1102.106797671874,1075.4500972753222,1093.62060546875,10914682
2023-12-22 00:00:00+05:30,1093.6206690285596,1104.5029875664939,1084.0362875341675,1086.5322265625,10600025
2023-12-26 00:00:00+05:30,1089.4273180263838,1098.862039807972,1084.9346281890596,1092.472412109375,5687517
2023-12-27 00:00:00+05:30,1094.2696605556087,1108.7461072242813,1087.8800321343413,1104.5528564453125,6132936
2023-12-28 00:00:00+05:30,1105.4512920325003,1111.1919512595825,1096.2163184932808,1106.05029296875,14097667
2023-12-29 00:00:00+05:30,1099.6606827129087,1105.0519349686435,1092.1728662110586,1100.5093994140625,8786731
2024-01-01 00:00:00+05:30,1093.221182919986,1102.2065625056298,1091.2244319009542,1095.916748046875,4083732
2024-01-02 00:00:00+05:30,1093.3210915732434,1097.5641878592241,1080.5419570586787,1091.47412109375,7895577
2024-01-03 00:00:00+05:30,1089.2277993642253,1100.8089321599628,1079.5436046173127,1096.8154296875,10225290
2024-01-04 00:00:00+05:30,1101.2083083004443,1128.164450026747,1098.2631489717503,1121.5751953125,11411683
2024-01-05 00:00:00+05:30,1122.1741127824732,1138.0483083252402,1117.1822350565724,1135.10302734375,8025466
2024-01-08 00:00:00+05:30,1143.14013040852,1144.1385060682653,1116.683175425266,1120.177490234375,4735538
2024-01-09 00:00:00+05:30,1126.7168353593506,1133.7054645793887,1110.543077469764,1114.736328125,6359362
2024-01-10 00:00:00+05:30,1113.4383808745924,1114.187162569868,1097.264745005451,1105.2017822265625,5934163
2024-01-11 00:00:00+05:30,1109.2451929528,1126.0677964347826,1109.2451929528,1123.9212646484375,4683035
2024-01-12 00:00:00+05:30,1124.520282630233,1127.6152224780649,1116.2338386422973,1118.530029296875,5616755
2024-01-15 00:00:00+05:30,1120.1774576314062,1128.6136829619059,1114.7862048512886,1117.6815185546875,6719079
2024-01-16 00:00:00+05:30,1114.8361330321468,1125.9680452958034,1113.288602110393,1117.2821044921875,5229753
2024-01-17 00:00:00+05:30,1080.2424307499423,1113.1888265121863,1077.4469302394873,1080.5419921875,24913719
2024-01-18 00:00:00+05:30,1064.2684519148634,1106.9490113138881,1064.2684519148634,1095.71728515625,11473135
2024-01-19 00:00:00+05:30,1105.3515730836875,1124.47049025291,1103.2050411631287,1114.736328125,12303696
2024-01-23 00:00:00+05:30,1124.071079875519,1139.7455275929765,1077.0476148511282,1087.4805908203125,18924087
2024-01-24 00:00:00+05:30,1033.1191433850806,1071.4566698090237,1019.2416978515686,1057.4295654296875,20884046
2024-01-25 00:00:00+05:30,1056.2814231061855,1061.9721154837507,1024.1337763691554,1040.5570068359375,20835434
2024-01-29 00:00:00+05:30,1034.3171387293876,1066.2651584584805,1034.3171387293876,1059.526123046875,11188604
2024-01-30 00:00:00+05:30,1058.3281032541713,1068.7111119938597,1049.0931289565679,1052.3876953125,9426983
2024-01-31 00:00:00+05:30,1046.4973318412135,1082.3390428815057,1041.006265638919,1066.015625,12600390
2024-02-01 00:00:00+05:30,1070.9075159113859,1085.8831485716707,1055.08328844142,1082.4886474609375,9756682
2024-02-02 00:00:00+05:30,1086.2826608428827,1094.419324788731,1063.2700536557943,1065.3167724609375,8667415
2024-02-05 00:00:00+05:30,1065.316667756493,1077.7463944696112,1056.2813203787389,1059.775634765625,12569454
2024-02-06 00:00:00+05:30,1059.8255564847861,1063.3697163722377,1046.4971461161176,1048.34423828125,8011171
2024-02-07 00:00:00+05:30,1059.326431157162,1071.955784427624,1055.7821491888565,1067.36328125,7281793
2024-02-08 00:00:00+05:30,1070.2586191313246,1073.8527468360933,1029.9741889516715,1034.21728515625,9869141
2024-02-09 00:00:00+05:30,1038.2606648365577,1053.1864533000291,1032.869534050738,1049.692138671875,8233454
2024-02-12 00:00:00+05:30,1049.6921945903678,1055.5326678341503,1033.6682164788338,1044.999755859375,8694379
2024-02-13 00:00:00+05:30,1049.292822824247,1073.80299412333,1043.1029424564933,1069.0107421875,8413609
2024-02-14 00:00:00+05:30,1059.5760583399278,1099.1117071774415,1058.827276650308,1095.0682373046875,16609115
2024-02-15 00:00:00+05:30,1095.7173279169422,1095.7672954506263,1067.513214464866,1070.4583740234375,11780823
2024-02-16 00:00:00+05:30,1071.2570122898392,1074.2521390716374,1056.2813783808479,1067.013916015625,8660907
2024-02-19 00:00:00+05:30,1067.2634875671906,1068.261863140219,1058.3779205928356,1061.2232666015625,7562645
2024-02-20 00:00:00+05:30,1057.2797713474754,1088.7286030731084,1055.9818343052273,1086.8316650390625,8722800
2024-02-21 00:00:00+05:30,1092.073192275301,1092.1730054669829,1071.3568973121146,1082.4388427734375,9177213
2024-02-22 00:00:00+05:30,1088.5289376206943,1108.8957018427773,1079.743183816331,1099.1116943359375,14633340
2024-02-23 00:00:00+05:30,1097.214810240105,1105.601189852014,1088.2294296284936,1095.0184326171875,6250943
2024-02-26 00:00:00+05:30,1091.673732347796,1093.021636882295,1077.8962224273082,1083.4371337890625,5354189
2024-02-27 00:00:00+05:30,1079.8929933996226,1086.7818094222255,1070.30861200262,1077.2972412109375,6546815
2024-02-28 00:00:00+05:30,1075.6499533390715,1083.2375839304461,1062.3216627406925,1072.455078125,7643191
2024-02-29 00:00:00+05:30,1069.2602002970518,1080.5418926157515,1053.635598766114,1073.353515625,13648997
2024-03-01 00:00:00+05:30,1074.2522427400784,1099.9104492314327,1074.2522427400784,1097.4644775390625,4819390
2024-03-04 00:00:00+05:30,1097.4643317550683,1107.098680260867,1091.3242977010711,1104.9521484375,5895441
2024-03-05 00:00:00+05:30,1100.4095913012502,1109.0955325685745,1092.7221475547015,1099.011962890625,4851446
2024-03-06 00:00:00+05:30,1098.4128425272306,1130.1112694478036,1093.5707449940842,1123.172607421875,13787638
2024-03-07 00:00:00+05:30,1124.1709452324976,1125.0695076625943,1105.75096383962,1109.64453125,6943879
2024-03-11 00:00:00+05:30,1110.4433420755754,1118.1807535398016,1100.1101782364663,1103.304931640625,6751641
2024-03-12 00:00:00+05:30,1103.2050222642006,1119.5784062450598,1082.488728859692,1095.218017578125,9817138
2024-03-13 00:00:00+05:30,1094.2196544723279,1097.7639365910056,1069.0106706443842,1078.64501953125,11503890
2024-03-14 00:00:00+05:30,1073.253797589254,1079.4936452496568,1053.8852860769593,1056.531005859375,10253613
2024-03-15 00:00:00+05:30,1054.5341700624665,1054.5341700624665,1028.5764058763134,1044.7001953125,17798175
2024-03-18 00:00:00+05:30,1042.3040632559666,1065.1668874853135,1041.904688665757,1059.6258544921875,7612407
2024-03-19 00:00:00+05:30,1053.835423795538,1059.2265545914659,1044.9997021501642,1049.0931396484375,6728886
2024-03-20 00:00:00+05:30,1048.294318808136,1055.7321678451594,1029.2752159895256,1033.069091796875,12619644
2024-03-21 00:00:00+05:30,1037.6616330283487,1048.8435126295615,1026.4798752991549,1033.917724609375,9903738
2024-03-22 00:00:00+05:30,1038.4104631578375,1045.5488732507845,1028.2769261899778,1031.62158203125,9891194
2024-03-26 00:00:00+05:30,1027.3284547052351,1042.5037145196154,1025.8308913601838,1038.8597412109375,9656767
2024-03-27 00:00:00+05:30,1044.1012953535724,1055.8322091493326,1042.5537643593636,1051.1397705078125,17027308
2024-03-28 00:00:00+05:30,1051.139625270263,1056.6806580676282,1042.4038396081166,1045.498779296875,10235318
2024-04-01 00:00:00+05:30,1050.6405005534539,1062.022006359109,1047.196153605961,1051.3892822265625,5484556
2024-04-02 00:00:00+05:30,1049.2926549618112,1054.1347517829988,1038.510150767158,1045.498779296875,13617893
2024-04-03 00:00:00+05:30,1042.1044710178305,1068.5614236812999,1042.054503490413,1061.5228271484375,11573590
2024-04-04 00:00:00+05:30,1068.261863140219,1078.9444330228139,1057.429512547266,1061.2232666015625,17964844
2024-04-05 00:00:00+05:30,1059.376267693954,1061.273205606129,1046.3973855934087,1057.3795166015625,9210187
2024-04-08 00:00:00+05:30,1065.2667760030004,1077.696503600243,1061.8224288968793,1074.3021240234375,4967186
2024-04-09 00:00:00+05:30,1088.229361074942,1088.229361074942,1069.6096324949904,1078.24560546875,11385226
2024-04-10 00:00:00+05:30,1084.4355825167183,1091.224585687004,1078.245702234185,1086.0330810546875,9064074
2024-04-12 00:00:00+05:30,1077.7465202937283,1094.619093248925,1069.3601404117105,1071.706298828125,18045983
2024-04-15 00:00:00+05:30,1061.3731041634073,1069.2602959872042,1053.5358798697455,1056.2314453125,8889435
2024-04-16 00:00:00+05:30,1048.244500543211,1056.131692820286,1042.6536210878774,1050.19140625,7107881
2024-04-18 00:00:00+05:30,1042.453901492634,1049.6921245535996,1012.2030722269628,1022.3366088867188,17832438
2024-04-19 00:00:00+05:30,1013.3512726046858,1035.2655691107254,994.082634977829,1027.4283447265625,21598007
2024-04-22 00:00:00+05:30,1037.3122485654899,1056.780572768596,1030.323619364375,1052.2379150390625,9410832
2024-04-23 00:00:00+05:30,1056.2813792679226,1058.527724356158,1047.046405016289,1054.0350341796875,8300012
2024-04-24 00:00:00+05:30,1054.2846042499411,1067.2135191612067,1054.2846042499411,1061.5228271484375,5641163
2024-04-25 00:00:00+05:30,1098.2131700761147,1132.1079732582912,1084.3357247343847,1125.1693115234375,46136295
2024-04-26 00:00:00+05:30,1128.1644278290491,1139.495966512928,1121.1757986301081,1128.4639892578125,10133766
2024-04-29 00:00:00+05:30,1128.4640177624838,1162.1092275784451,1123.472139637147,1157.366943359375,15183242
2024-04-30 00:00:00+05:30,1158.2655654461603,1180.9786120861486,1153.2736870637452,1164.0062255859375,18965164
2024-05-02 00:00:00+05:30,1154.1222121474534,1172.0929732362545,1146.1352072190973,1147.982177734375,12302236
2024-05-03 00:00:00+05:30,1149.0305070050233,1161.3604213398796,1132.257748109204,1139.645751953125,9993632
2024-05-06 00:00:00+05:30,1142.0418302187284,1154.1221501495231,1133.8052318288203,1141.792236328125,7490104
2024-05-07 00:00:00+05:30,1144.1884546124293,1146.9339876311676,1122.2241904625234,1125.8681640625,7115509
2024-05-08 00:00:00+05:30,1122.8231479726346,1133.6055313779955,1116.4335197294456,1126.816650390625,8175609
2024-05-09 00:00:00+05:30,1120.177429274663,1132.7070918714192,1110.3932995927955,1113.8377685546875,5226693
2024-05-10 00:00:00+05:30,1121.8746454678296,1138.1482169680246,1111.5414820829196,1118.280517578125,7242718
2024-05-13 00:00:00+05:30,1118.280560072801,1133.5557565245344,1103.255079409812,1130.1612548828125,5513160
2024-05-14 00:00:00+05:30,1128.114566096159,1134.2546009854527,1116.2838385028565,1121.026123046875,5471143
2024-05-15 00:00:00+05:30,1123.721712351589,1129.3624370292239,1116.7829287650115,1126.2176513671875,5436338
2024-05-16 00:00:00+05:30,1132.3078037555497,1142.0918123128274,1109.4949438034919,1137.449462890625,10750526
2024-05-17 00:00:00+05:30,1130.1611841531799,1144.1384426144384,1124.2707437129595,1139.4959716796875,9909986
2024-05-21 00:00:00+05:30,1134.1546578731836,1143.8888197695424,1127.3656551864028,1135.802001953125,8162017
2024-05-22 00:00:00+05:30,1140.1450314564138,1140.1450314564138,1116.1340475004847,1124.1710205078125,9094033
2024-05-23 00:00:00+05:30,1124.1709351031163,1167.7500547859142,1123.9213412010063,1163.357177734375,12818081
2024-05-24 00:00:00+05:30,1163.606703334204,1175.0880221573213,1158.714638765603,1172.0928955078125,8814997
2024-05-27 00:00:00+05:30,1176.9849597666077,1194.0571572899114,1166.1026419018533,1185.07177734375,10450046
2024-05-28 00:00:00+05:30,1186.0701643307336,1190.463041165621,1177.0847842979251,1181.4776611328125,4018776
2024-05-29 00:00:00+05:30,1170.0961898274143,1183.9736348832184,1154.122180409975,1157.8660888671875,9418064
2024-05-30 00:00:00+05:30,1153.3234454629503,1177.8835827438165,1153.1238190915699,1166.052734375,7232217
2024-05-31 00:00:00+05:30,1171.094557721878,1176.086435632031,1151.5264206884824,1160.26220703125,10057642
2024-06-03 00:00:00+05:30,1195.1055059768719,1240.1820647541408,1191.461410829416,1221.911865234375,22197339
2024-06-04 00:00:00+05:30,1222.0116868093924,1222.0116868093924,1099.7606480992038,1129.412353515625,24135989
2024-06-05 00:00:00+05:30,1136.151461174942,1191.0621205463144,1108.8957578654326,1182.575927734375,21039499
2024-06-06 00:00:00+05:30,1190.163519723218,1193.9573957244136,1161.3604082472602,1169.0478515625,12006879
2024-06-07 00:00:00+05:30,1176.0865596559486,1193.2585727289375,1164.8548331736656,1184.872314453125,8583998
2024-06-10 00:00:00+05:30,1183.0750259399415,1210.430540365614,1183.0750259399415,1198.0506591796875,9995057
2024-06-11 00:00:00+05:30,1202.4933987545712,1207.3854633903109,1188.5161408650388,1192.659423828125,9390212
2024-06-12 00:00:00+05:30,1190.1635879654755,1204.1908145964906,1182.176582765644,1185.970458984375,7199718
2024-06-13 00:00:00+05:30,1199.8478657463297,1200.0474921210014,1171.5438194952746,1172.741943359375,5321148
2024-06-14 00:00:00+05:30,1179.031656735811,1182.7257197064316,1168.099492287571,1179.131591796875,4451031
2024-06-18 00:00:00+05:30,1192.060431511735,1192.060431511735,1179.2313298016113,1189.9638671875,6837181
2024-06-19 00:00:00+05:30,1191.0621069336512,1241.3302947001598,1183.5742898322244,1224.657470703125,17987437
2024-06-20 00:00:00+05:30,1228.1018171293836,1239.4833234915477,1218.4176224324674,1237.486572265625,8206858
2024-06-21 00:00:00+05:30,1243.9761022531884,1243.9761022531884,1221.7622432843816,1235.43994140625,29311314
2024-06-24 00:00:00+05:30,1229.000416277566,1233.7427005808306,1223.0601299517614,1226.1051025390625,6676530
2024-06-25 00:00:00+05:30,1232.4447453162752,1276.6728343883735,1224.0085200079343,1269.3846435546875,17607952
2024-06-26 00:00:00+05:30,1279.0189479197,1290.8496743232877,1257.1544980568556,1283.31201171875,13956370
2024-06-27 00:00:00+05:30,1307.8720566322172,1307.8720566322172,1277.9207881597238,1286.856201171875,22311393
2024-06-28 00:00:00+05:30,1281.0156818707337,1287.8046845611411,1259.550606908322,1263.1947021484375,7167069
2024-07-01 00:00:00+05:30,1270.9321647383285,1270.9321647383285,1254.4089994723001,1259.8502197265625,5797015
2024-07-02 00:00:00+05:30,1262.9451463709113,1265.7904924843779,1236.2385988093129,1251.364013671875,9945447
2024-07-03 00:00:00+05:30,1257.9532642364502,1286.506782209,1241.579879914841,1277.9207763671875,15171347
2024-07-04 00:00:00+05:30,1285.90777835371,1290.8996563752694,1266.4394540696283,1278.8193359375,4817380
2024-07-05 00:00:00+05:30,1269.9337492225077,1293.2957623797786,1268.835560448999,1284.9593505859375,8593502
2024-07-08 00:00:00+05:30,1282.9125886119964,1295.2924698726165,1277.521336238757,1285.7579345703125,4216951
2024-07-09 00:00:00+05:30,1281.9141677392236,1292.896298459731,1277.1219164941974,1287.305419921875,6930340
2024-07-10 00:00:00+05:30,1282.1139084717208,1291.898038189819,1273.0786823324786,1289.5518798828125,9020489
2024-07-11 00:00:00+05:30,1298.9366185010135,1299.2860255853643,1274.8756691291196,1294.6435546875,7848846
2024-07-12 00:00:00+05:30,1292.7951283943742,1338.5060612393027,1292.7951283943742,1316.1751708984375,11278987
2024-07-15 00:00:00+05:30,1315.5755973520327,1323.2690953628965,1303.8856369793373,1306.33349609375,11537127
2024-07-16 00:00:00+05:30,1306.3334797626717,1317.3240865270145,1298.5900977241572,1302.886474609375,5433264
2024-07-18 00:00:00+05:30,1298.8899842960564,1317.4740781396913,1293.3946805163423,1308.281982421875,6787511
2024-07-19 00:00:00+05:30,1304.5351521039754,1307.882267202837,1287.0999791820136,1291.2464599609375,4496066
2024-07-22 00:00:00+05:30,1282.254157040865,1291.2464721792971,1277.108530096213,1281.4049072265625,6695557
2024-07-23 00:00:00+05:30,1287.3997027504545,1289.9974581222002,1249.9317253712213,1262.1712646484375,8789327
2024-07-24 00:00:00+05:30,1261.8216015091461,1266.2677527529374,1225.602556319145,1238.1917724609375,10344860
2024-07-25 00:00:00+05:30,1198.9752696285975,1198.9752696285975,1154.513270046537,1174.8958740234375,32979871
2024-07-26 00:00:00+05:30,1164.0051748855426,1182.139700501223,1154.263500675127,1176.3446044921875,18554648
2024-07-29 00:00:00+05:30,1181.3403267525803,1193.579866061191,1162.65634410464,1169.0509033203125,19598573
2024-07-30 00:00:00+05:30,1163.1059899797806,1178.992437900641,1159.2092956646895,1169.0009765625,18090045
2024-07-31 00:00:00+05:30,1156.0120428892758,1170.0000883520675,1153.0146045758206,1165.104248046875,17347076
2024-08-01 00:00:00+05:30,1167.0026950641445,1174.6461874515737,1164.454823612974,1171.299072265625,11190500
2024-08-02 00:00:00+05:30,1163.0060993620923,1166.8029034557203,1155.1128205144428,1159.8587646484375,10581445
2024-08-05 00:00:00+05:30,1141.0248463432538,1150.4667282030086,1123.3400091574642,1132.5321044921875,12013362
2024-08-06 00:00:00+05:30,1139.026583274535,1150.0171906570083,1122.1409893573368,1125.138427734375,8571122
2024-08-07 00:00:00+05:30,1137.8276379214865,1143.8225145765712,1126.0376650467224,1135.829345703125,8370312
2024-08-08 00:00:00+05:30,1132.1324857784152,1141.8242766781827,1125.038572458969,1137.17822265625,7903428
2024-08-09 00:00:00+05:30,1151.0162710566617,1154.713062724147,1138.9765121432943,1141.774169921875,6262086
2024-08-12 00:00:00+05:30,1145.0214849192898,1168.1017365309908,1134.880127129973,1163.305908203125,9078384
2024-08-13 00:00:00+05:30,1160.3582468075288,1178.592662314838,1154.413376565547,1158.6097412109375,6180463
2024-08-14 00:00:00+05:30,1158.0103428946786,1158.0103428946786,1147.6692050368504,1152.1153564453125,5021841
2024-08-16 00:00:00+05:30,1165.4040707231297,1169.000972398833,1148.6183669484067,1165.8536376953125,6107134
2024-08-19 00:00:00+05:30,1168.0018101230557,1170.2998949773084,1149.2178143474769,1152.2652587890625,6691823
2024-08-20 00:00:00+05:30,1157.0112241980148,1175.9950007608493,1153.6641090393628,1167.002685546875,6721749
2024-08-21 00:00:00+05:30,1165.603828347,1176.994118402172,1160.5082075756561,1173.397216796875,9480630
2024-08-22 00:00:00+05:30,1178.6926021829222,1179.9915408958257,1167.951781637088,1168.950927734375,5841326
2024-08-23 00:00:00+05:30,1169.0009361917578,1172.9475144975986,1162.506486546248,1164.954345703125,5121962
2024-08-26 00:00:00+05:30,1170.6994882789022,1174.2465058769608,1165.104294265047,1169.30078125,3392612
2024-08-27 00:00:00+05:30,1169.000939360119,1183.838234581859,1163.2558492735202,1180.2413330078125,8702113
2024-08-28 00:00:00+05:30,1175.994955914158,1180.69089378261,1168.351463880549,1169.9500732421875,5483503
2024-08-29 00:00:00+05:30,1168.0018028062877,1178.8925198005202,1162.4066089824673,1174.3963623046875,7290114
2024-08-30 00:00:00+05:30,1175.9949656447764,1181.9398361833976,1170.8493388105494,1174.2464599609375,10190506
2024-09-02 00:00:00+05:30,1174.9957934621327,1192.9804229539002,1173.0973915114537,1187.784912109375,6432362
2024-09-03 00:00:00+05:30,1186.985617809891,1192.5309276896276,1175.695217608263,1190.58251953125,7920246
2024-09-04 00:00:00+05:30,1181.6900665341032,1188.634205243029,1172.2981905853524,1176.6943359375,6527941
2024-09-05 00:00:00+05:30,1180.990705264549,1181.8399550671666,1172.4479572141481,1179.5419921875,4234766
2024-09-06 00:00:00+05:30,1174.9957675970875,1180.341174629591,1149.817335649293,1157.760498046875,9874576
2024-09-09 00:00:00+05:30,1157.0112163733215,1174.596163835175,1144.0223167076451,1169.8502197265625,7700940
2024-09-10 00:00:00+05:30,1177.8933180831702,1189.8330647497864,1172.3480086470006,1186.1861572265625,8723854
2024-09-11 00:00:00+05:30,1186.1861945137762,1193.8296865293353,1179.9915375147775,1185.087158203125,6000329
2024-09-12 00:00:00+05:30,1189.083702391641,1204.6703565446362,1175.7451268751188,1202.3223876953125,7592871
2024-09-13 00:00:00+05:30,1208.8669203308898,1218.5087048247742,1199.974495430322,1216.410400390625,6762566
2024-09-16 00:00:00+05:30,1220.9565800362964,1232.9463336864073,1213.9625570737317,1229.9989013671875,4039284
2024-09-17 00:00:00+05:30,1234.1451799941071,1239.5405931789464,1226.5516942361462,1231.0478515625,8030427
2024-09-18 00:00:00+05:30,1230.8481209839067,1249.3323240741963,1223.9539884110695,1239.3907470703125,8210034
2024-09-19 00:00:00+05:30,1247.3838839474913,1260.6225696046859,1237.9420022086015,1241.6387939453125,8449864
2024-09-20 00:00:00+05:30,1242.9377435523343,1248.9326201289532,1228.849807990495,1243.9368896484375,15009629
2024-09-23 00:00:00+05:30,1250.4312892398568,1251.3804292067466,1239.4906887117218,1245.7353515625,5462814
2024-09-24 00:00:00+05:30,1240.0401803989173,1246.035056902626,1234.2950904161967,1238.4915771484375,9225946
2024-09-25 00:00:00+05:30,1236.942817936568,1269.9146378007897,1230.0486857535618,1267.01708984375,6853324
2024-09-26 00:00:00+05:30,1266.4677489486294,1280.5556852451584,1261.1722255766892,1276.009521484375,7270078
2024-09-27 00:00:00+05:30,1271.9129699045366,1280.4557177425643,1256.1764190200147,1272.0628662109375,13372027
2024-09-30 00:00:00+05:30,1262.4211501734367,1273.9113308042197,1228.3002850375033,1231.1478271484375,8466919
2024-10-01 00:00:00+05:30,1227.0512520632726,1241.8885466631198,1223.6042469422223,1225.6025390625,11164280
2024-10-03 00:00:00+05:30,1206.4689403357831,1218.1090170312034,1172.0982894021524,1174.696044921875,17300892
2024-10-04 00:00:00+05:30,1174.4962507198202,1201.7729882724368,1172.997531556843,1177.393798828125,13064515
2024-10-07 00:00:00+05:30,1181.9398732684149,1183.8382753207918,1129.934390048423,1144.7216796875,20047013
2024-10-08 00:00:00+05:30,1152.0155149847044,1167.3523840477021,1141.5244803729618,1152.3153076171875,8464570
2024-10-09 00:00:00+05:30,1153.0146443687056,1183.988174676704,1153.0146443687056,1169.15087890625,9807734
2024-10-10 00:00:00+05:30,1175.9949603025386,1189.9830057097056,1174.046674192971,1183.23876953125,6806243
2024-10-11 00:00:00+05:30,1181.4903201137774,1187.1854043714447,1165.0044086703294,1171.4488525390625,4754158
2024-10-14 00:00:00+05:30,1170.5496378403072,1173.9966430270208,1155.6123307770424,1163.355712890625,9765296
2024-10-15 00:00:00+05:30,1165.104286275286,1170.999272878385,1148.5184847898495,1152.86474609375,8741516
2024-10-16 00:00:00+05:30,1150.017137372719,1161.956884234946,1147.1195893492861,1152.2152099609375,7739854
2024-10-17 00:00:00+05:30,1150.017218078076,1150.3668948371856,1123.040272041492,1130.883544921875,6595231
2024-10-18 00:00:00+05:30,1157.0112007686191,1202.8220257322612,1155.0629146314764,1195.8280029296875,20829666
2024-10-21 00:00:00+05:30,1195.8280254005576,1213.7627716752456,1184.5377472724651,1189.28369140625,7456038
2024-10-22 00:00:00+05:30,1193.2301736580623,1196.9769713563815,1172.347996759549,1174.7459716796875,7256246
2024-10-23 00:00:00+05:30,1174.0965788352514,1182.1397538713547,1157.6606739810497,1159.4091796875,6501834
2024-10-24 00:00:00+05:30,1164.005180524674,1174.196421730821,1153.6640430136567,1166.3531494140625,5046700
2024-10-25 00:00:00+05:30,1185.9863817213213,1200.7237862119612,1169.0008985795669,1188.3343505859375,12798716
2024-10-28 00:00:00+05:30,1192.9805076128803,1192.9805076128803,1166.0535675549525,1170.599609375,8572243
2024-10-29 00:00:00+05:30,1175.3955196864351,1190.1828090793306,1156.6115238483947,1185.8365478515625,9908946
2024-10-30 00:00:00+05:30,1177.7434804139418,1186.635905210707,1163.3058678710145,1169.400634765625,9686560
2024-10-31 00:00:00+05:30,1164.5048071730241,1176.9941337192813,1152.8647304386966,1158.5599365234375,8682294
2024-11-01 00:00:00+05:30,1163.0560879501725,1171.4988238645128,1163.0060818578193,1168.5513916015625,460781
2024-11-04 00:00:00+05:30,1170.9992572381775,1175.9449817651664,1134.480417622347,1138.2772216796875,9288653
2024-11-05 00:00:00+05:30,1137.9774273803207,1173.896803662119,1132.4821237068345,1170.699462890625,11701049
2024-11-06 00:00:00+05:30,1170.799429278286,1182.5393957578722,1160.4581697425565,1165.50390625,10353506
2024-11-07 00:00:00+05:30,1167.6020678828468,1171.8984447514144,1150.0671276109715,1158.9095458984375,6252889
2024-11-08 00:00:00+05:30,1155.0128937463028,1166.7528604431186,1150.1170534539897,1159.9586181640625,3786168
2024-11-11 00:00:00+05:30,1151.0163455380018,1175.795218429766,1141.9740242453897,1170.0001220703125,6620678
2024-11-12 00:00:00+05:30,1170.6496057768486,1185.9864747171694,1152.8148714727597,1157.1611328125,9606088
2024-11-13 00:00:00+05:30,1150.9164816548919,1164.5048449852266,1134.130777445248,1138.1773681640625,8079113
2024-11-14 00:00:00+05:30,1136.5787393829623,1149.7674196333846,1130.6337466753373,1139.7259521484375,5975873
2024-11-18 00:00:00+05:30,1130.2340117154433,1134.0308156556105,1120.5923494899985,1125.23828125,9474971
2024-11-19 00:00:00+05:30,1129.0351110813517,1138.0274261253624,1121.0919482455736,1132.981689453125,19225966
2024-11-21 00:00:00+05:30,1137.0283256912808,1151.0163718772894,1114.7973237170884,1138.1773681640625,8126248
2024-11-22 00:00:00+05:30,1135.6794703132584,1146.919864248595,1126.5872649454466,1141.424560546875,16687505
2024-11-25 00:00:00+05:30,1159.0094383509029,1163.5055956548504,1141.024809135113,1154.9129638671875,12385823
2024-11-26 00:00:00+05:30,1156.1119336772122,1158.609798939658,1141.674321246706,1143.822509765625,5127437
2024-11-27 00:00:00+05:30,1144.2220616490547,1154.463309144657,1132.5821071903288,1148.6683349609375,5989943
2024-11-28 00:00:00+05:30,1147.5192965947504,1153.464167107178,1128.43563046558,1131.532958984375,10731275
2024-11-29 00:00:00+05:30,1132.582060260801,1139.925759377213,1126.736958261915,1135.3297119140625,6406277
2024-12-02 00:00:00+05:30,1131.7327610004063,1140.4254054214641,1125.6379940634379,1136.1290283203125,4785858
2024-12-03 00:00:00+05:30,1143.422805606189,1163.9053003762572,1137.0282462603673,1159.509033203125,8382042
2024-12-04 00:00:00+05:30,1156.5116747211634,1167.0027093514634,1152.9147729554202,1158.4599609375,18379798
2024-12-05 00:00:00+05:30,1163.00607766556,1175.895086940121,1149.1179222761664,1165.404052734375,10640451
2024-12-06 00:00:00+05:30,1166.503084244846,1192.8305598686338,1159.0094884145792,1183.53857421875,7542210
2024-12-09 00:00:00+05:30,1183.2387822026365,1184.9872878972571,1160.008635116961,1162.2567138671875,6308112
2024-12-10 00:00:00+05:30,1156.0120320175192,1164.0552068694128,1150.2669419707597,1152.6649169921875,4714389
2024-12-11 00:00:00+05:30,1149.018037571162,1157.3608832768325,1143.572740005626,1146.2703857421875,7788242
2024-12-12 00:00:00+05:30,1144.022283571999,1153.5641776056896,1142.6234546399185,1144.6717529296875,4825283
2024-12-13 00:00:00+05:30,1140.0257583610694,1151.7157195420548,1112.6991355227563,1147.169677734375,8731618
2024-12-16 00:00:00+05:30,1145.5209692270178,1154.0137108218105,1140.7750253946338,1149.917236328125,3975202
2024-12-17 00:00:00+05:30,1144.2721002862004,1150.8664403216148,1129.035121871562,1135.27978515625,7292817
2024-12-18 00:00:00+05:30,1135.229787819368,1138.9267016920649,1114.997078620928,1121.291748046875,7222127
2024-12-19 00:00:00+05:30,1103.956540634929,1118.0944822195825,1100.1098525767634,1107.953125,11677610
2024-12-20 00:00:00+05:30,1103.0072568859084,1104.9056588150418,1064.0905661860045,1070.9346923828125,12623056
2024-12-23 00:00:00+05:30,1074.181925218324,1082.6247827661366,1071.4842795912562,1078.228515625,3886921
2024-12-24 00:00:00+05:30,1076.3801503868544,1083.8237401012339,1075.0812116606846,1077.978759765625,4343694
2024-12-26 00:00:00+05:30,1082.075186563399,1091.666964377949,1071.8339394144841,1075.780517578125,4775460
2024-12-27 00:00:00+05:30,1077.1793765790876,1085.3224416159574,1075.081194180686,1076.5299072265625,3801667
2024-12-30 00:00:00+05:30,1073.1828578787208,1095.5637560852615,1063.0415000388418,1069.036376953125,9452155
2024-12-31 00:00:00+05:30,1061.093125882966,1069.5358613844005,1057.5961146394723,1063.790771484375,5292136
2025-01-01 00:00:00+05:30,1063.2413952878649,1076.03039277255,1053.050031422574,1070.8848876953125,2985355
2025-01-02 00:00:00+05:30,1071.0846105910884,1087.7703015405455,1066.5884531772265,1085.672119140625,6557076
2025-01-03 00:00:00+05:30,1085.0726691338768,1092.5662649151882,1078.8780120744239,1083.9736328125,7357220
2025-01-06 00:00:00+05:30,1086.8211254988164,1089.0692041311972,1058.994932153449,1062.491943359375,5283413
2025-01-07 00:00:00+05:30,1063.6410686595937,1069.585939386801,1055.0983204039812,1066.5885009765625,4619462
2025-01-08 00:00:00+05:30,1062.8417164055375,1081.425810390834,1058.1956624176928,1074.0321044921875,8780098
2025-01-09 00:00:00+05:30,1078.6781174845069,1079.2276966322133,1053.3497879534912,1060.8433837890625,9054190
2025-01-10 00:00:00+05:30,1055.3480496665616,1063.940681583058,1036.114487577964,1039.811279296875,5612886
2025-01-13 00:00:00+05:30,1025.7233630583805,1062.0923055338462,1022.3762480127075,1048.404052734375,7180930
2025-01-14 00:00:00+05:30,1052.0508920133261,1060.094067323752,1044.607301966996,1050.7520751953125,6892897
2025-01-15 00:00:00+05:30,1042.1093350734811,1052.0009054084283,1013.7835688153692,1025.9232177734375,11418721
2025-01-16 00:00:00+05:30,1033.0171728612916,1045.5563831841841,1026.1730464981413,1037.1136474609375,10261727
2025-01-17 00:00:00+05:30,999.1461051896173,1010.8361268169435,973.7677697245856,990.2037353515625,33831617
2025-01-20 00:00:00+05:30,991.2028832561386,993.3510717794115,975.6661734888432,987.206298828125,33440507
2025-01-21 00:00:00+05:30,992.7515647509814,993.6008755464943,962.1777177393942,969.37158203125,11894500
2025-01-22 00:00:00+05:30,974.9168003898411,974.9168003898411,953.185372863857,958.4808349609375,17303146
2025-01-23 00:00:00+05:30,953.1854083200985,962.8771379807579,947.1905315382111,950.2379150390625,24649522
2025-01-24 00:00:00+05:30,947.1904904330852,960.978694236453,945.2920884746561,947.6900634765625,14421921
2025-01-27 00:00:00+05:30,942.2946747087996,948.9390207529837,932.7028964179103,947.2904052734375,12713296
2025-01-28 00:00:00+05:30,959.180235428942,993.0013057953831,957.3817846841201,982.9598999023438,21781371
2025-01-29 00:00:00+05:30,987.1563504180045,987.8058197786002,976.7652065467048,982.560302734375,11175206
2025-01-30 00:00:00+05:30,983.809246785376,990.5534830633907,973.9676209602275,983.8591918945312,10473118
2025-01-31 00:00:00+05:30,981.1614599961304,989.154628713003,977.2148207455668,985.2579345703125,9036312
2025-02-01 00:00:00+05:30,988.6550911139932,1004.0919109485104,981.1614951732605,997.2977294921875,4830391
2025-02-03 00:00:00+05:30,986.2570909647077,999.6456730985736,982.5102930895256,988.55517578125,7124605
2025-02-04 00:00:00+05:30,993.1512442533443,1016.2314952547484,986.9565261066653,1014.4330444335938,16058171
2025-02-05 00:00:00+05:30,1019.7285079133438,1021.1772819871264,1009.6371564724461,1012.4347534179688,7858373
2025-02-06 00:00:00+05:30,1011.135846962794,1020.9774115938708,1009.1874998832046,1019.8284301757812,5815563
2025-02-07 00:00:00+05:30,1018.6294771085081,1026.4727498171085,1006.7896198894281,1023.2255249023438,8638651
2025-02-10 00:00:00+05:30,1020.1281486117224,1025.8732385769695,1005.3407988108239,1010.8860473632812,3960565
2025-02-11 00:00:00+05:30,1008.1384042718065,1015.4821036361709,1001.743844906005,1006.539794921875,4808215
2025-02-12 00:00:00+05:30,999.1460897554412,1009.7870200045517,983.1597523193541,1006.0402221679688,7669283
2025-02-13 00:00:00+05:30,1002.1435394057845,1016.5812127633229,1000.195192312027,1007.339111328125,6348246
2025-02-14 00:00:00+05:30,1009.6870990599269,1015.1324576088659,986.8066895087635,996.6482543945312,5375755
2025-02-17 00:00:00+05:30,991.6025387766662,998.7964027455306,977.2148108389374,992.1021118164062,7166803
2025-02-18 00:00:00+05:30,992.1021599108303,996.4983662838368,985.7076002989517,993.3011474609375,3090004
2025-02-19 00:00:00+05:30,990.8032596729911,1012.5846325710227,987.3062483045857,1010.4863891601562,6401381
2025-02-20 00:00:00+05:30,1007.5389474515373,1018.7793410298854,1005.6405454762012,1016.3314208984375,5011212
2025-02-21 00:00:00+05:30,1011.1358844792248,1021.0274555684333,999.7956002866314,1008.0885009765625,5019937
2025-02-24 00:00:00+05:30,1000.4949167860066,1012.134993173767,997.6973199195476,1009.1875,4265454
2025-02-25 00:00:00+05:30,1003.1426606538377,1012.8343897910249,996.2485283338186,1008.23828125,5708975
2025-02-27 00:00:00+05:30,1006.7895881710506,1022.675974509891,1004.2917229306947,1015.8318481445312,9777690
2025-02-28 00:00:00+05:30,1013.9334407248853,1034.615777000597,1009.0876065778273,1014.6828002929688,15026849
2025-03-03 00:00:00+05:30,1016.1815119995523,1018.5295418855362,991.1529148051625,1006.389892578125,6763184
2025-03-04 00:00:00+05:30,1000.2451655910475,1010.2366268834685,997.7473002679423,1000.944580078125,5786420
2025-03-05 00:00:00+05:30,1002.1435659127035,1016.5312945423531,1001.6939379587069,1013.5838012695312,5133873
2025-03-06 00:00:00+05:30,1021.7267392253694,1038.612332076587,1014.2831498454004,1033.2169189453125,7861120
2025-03-07 00:00:00+05:30,1032.817337571361,1049.4531455409124,1029.8198990891383,1036.7640380859375,7597321
2025-03-10 00:00:00+05:30,1035.1153504084468,1049.6029687298005,1031.468442782615,1034.9654541015625,5995655
2025-03-11 00:00:00+05:30,1029.520113656347,1035.914672765481,1020.2280066108474,1024.774169921875,4771085
2025-03-12 00:00:00+05:30,1024.3245322593168,1028.9207018891527,998.3467946594548,1010.3365478515625,7504702
2025-03-13 00:00:00+05:30,1014.1332914267962,1015.132437526724,1004.2417206442948,1009.33740234375,4004140
2025-03-17 00:00:00+05:30,1010.2366012913976,1038.1128019842872,1010.2366012913976,1033.2669677734375,5938668
2025-03-18 00:00:00+05:30,1033.2669677734375,1033.2669677734375,1033.2669677734375,1033.2669677734375,0
2025-03-19 00:00:00+05:30,1046.9053623518132,1057.646183234451,1042.6089852123262,1051.1517333984375,4822365
2025-03-20 00:00:00+05:30,1055.3481090881514,1057.9958707491392,1046.0061170837591,1053.44970703125,3742644
2025-03-21 00:00:00+05:30,1053.4496491429936,1074.6316193008408,1049.6529672039042,1069.2362060546875,6848565
2025-03-24 00:00:00+05:30,1081.0760349569089,1104.0063882058416,1072.783073887539,1096.9124755859375,8284863
2025-03-25 00:00:00+05:30,1109.002216272288,1122.5406953407569,1095.413853076155,1117.594970703125,11720528
2025-03-26 00:00:00+05:30,1114.047955120439,1117.8946433973692,1088.1201613639344,1095.31396484375,7127060
2025-03-27 00:00:00+05:30,1091.067555947459,1107.053893763539,1087.1708617115737,1097.412109375,8508917
2025-03-28 00:00:00+05:30,1097.462058532138,1106.0546902692902,1085.5721960050441,1101.0589599609375,4921190
2025-04-01 00:00:00+05:30,1092.2664595426536,1100.3096343737684,1069.0863189829122,1084.6729736328125,6638140
2025-04-02 00:00:00+05:30,1090.76773491548,1094.664429049867,1079.8271340440042,1083.52392578125,4065344
2025-04-03 00:00:00+05:30,1077.9787109284953,1091.017493860897,1074.381809497697,1088.9193115234375,5345660
2025-04-04 00:00:00+05:30,1080.5764837084853,1100.9590880995302,1074.5316011481896,1090.3681640625,6059991
2025-04-07 00:00:00+05:30,1034.1161611572818,1068.087126837811,1031.4683997330853,1047.0550537109375,9720457
2025-04-08 00:00:00+05:30,1060.093978570394,1084.0234781220995,1059.3946251089444,1076.9295654296875,8723357
2025-04-09 00:00:00+05:30,1072.1837048584816,1080.926233635811,1057.096622447392,1060.7435302734375,6690201
2025-04-11 00:00:00+05:30,1062.392153253822,1071.7840295190008,1056.6470628741667,1068.0372314453125,8144072
2025-04-15 00:00:00+05:30,1089.0692731441595,1116.0462184422258,1082.0752502891053,1111.849853515625,9320299
2025-04-16 00:00:00+05:30,1121.7413327534418,1162.5065444211673,1111.6499810412404,1160.3084716796875,12836428
2025-04-17 00:00:00+05:30,1154.613187862119,1198.1759326401855,1152.6148956982988,1189.783203125,13446336
2025-04-21 00:00:00+05:30,1200.9736202361637,1237.6422335650964,1197.0769260268742,1221.9556884765625,15166580
2025-04-22 00:00:00+05:30,1229.3493484820563,1233.9453960091998,1211.0649266211587,1215.760986328125,8461710
2025-04-23 00:00:00+05:30,1224.2538202977976,1228.9497583930292,1193.8797530955178,1205.8695068359375,9433911
2025-04-24 00:00:00+05:30,1198.0760451934377,1218.9582227468238,1198.0760451934377,1206.0692138671875,9078137
2025-04-25 00:00:00+05:30,1175.9950141977513,1178.8925624152441,1145.0214836623813,1165.30419921875,17243807
2025-04-28 00:00:00+05:30,1165.3041229955159,1194.9787128132273,1163.3058308336208,1191.781494140625,5523502
2025-04-29 00:00:00+05:30,1192.9804852009415,1208.966823361088,1183.3887066980697,1186.2862548828125,6074520
2025-04-30 00:00:00+05:30,1184.0880493990605,1192.8805840933246,1173.996697920787,1183.9881591796875,6288257
2025-05-02 00:00:00+05:30,1181.0905876428099,1209.4663614496308,1179.092295430584,1182.3895263671875,5249372
2025-05-05 00:00:00+05:30,1188.9838228735969,1188.9838228735969,1163.305817670235,1172.1981201171875,7236056
2025-05-06 00:00:00+05:30,1176.9941263517048,1177.7934920320934,1156.711411381114,1160.4083251953125,5348267
2025-05-07 00:00:00+05:30,1158.0103867504365,1167.6021653881123,1151.9156196344402,1160.3084716796875,4263817
2025-05-08 00:00:00+05:30,1169.000902041538,1177.9932166726269,1164.6046349397911,1171.198974609375,9912347
2025-05-09 00:00:00+05:30,1159.0094902220203,1171.1990240051655,1147.5193099310263,1150.1170654296875,5379571
2025-05-12 00:00:00+05:30,1183.9881482207568,1207.9676550201646,1174.1964674912338,1201.9727783203125,7616208
2025-05-13 00:00:00+05:30,1204.17088139939,1213.7627819342401,1188.983908829347,1192.580810546875,5569926
2025-05-14 00:00:00+05:30,1194.8788087975402,1198.3758200404661,1184.887348103466,1194.4791259765625,4084921
2025-05-15 00:00:00+05:30,1195.9778616685178,1215.960783333823,1183.9881086693347,1208.0675048828125,6705748
2025-05-16 00:00:00+05:30,1204.9701644737838,1212.2639795957512,1202.1725066819429,1207.767822265625,4016269
2025-05-19 00:00:00+05:30,1206.9684600284695,1217.959066866477,1200.0743277095955,1201.77294921875,4550022
2025-05-20 00:00:00+05:30,1206.9684640476505,1209.666109675897,1191.8813826402697,1194.7789306640625,4724482
2025-05-21 00:00:00+05:30,1196.0777462450546,1203.8711344442138,1181.6900183206467,1196.7772216796875,3712472
2025-05-22 00:00:00+05:30,1195.6780564317094,1195.6780564317094,1176.4945006220091,1187.485107421875,4795583
2025-05-23 00:00:00+05:30,1187.485119395582,1212.0640886389942,1187.0854365692512,1209.066650390625,3676469
2025-05-26 00:00:00+05:30,1215.1614996663016,1223.1546688717133,1207.6679035362279,1214.162353515625,3607612
2025-05-27 00:00:00+05:30,1214.1623415292133,1215.6610607404325,1189.3835904167063,1194.5791015625,7249163
2025-05-28 00:00:00+05:30,1194.5790654630853,1201.1734053999564,1190.6823712384548,1193.6798095703125,3525421
2025-05-29 00:00:00+05:30,1198.9753285293477,1207.9676434933178,1187.984721351162,1200.673828125,7788068
2025-05-30 00:00:00+05:30,1200.3741017035964,1207.767806945901,1188.584129401051,1191.181884765625,9998488
2025-06-02 00:00:00+05:30,1188.7840792835677,1199.8745766070429,1178.1930330443174,1193.380126953125,3761853
2025-06-03 00:00:00+05:30,1193.9795608940237,1197.8762549838802,1173.8967491583935,1180.4910888671875,8155665
2025-06-04 00:00:00+05:30,1180.7909490961636,1190.282837362319,1167.6021469572256,1170.0001220703125,4306355
2025-06-05 00:00:00+05:30,1171.498848863261,1174.4962872825274,1156.0120836970516,1158.0103759765625,10481600
2025-06-06 00:00:00+05:30,1157.9104875951884,1200.1742961943326,1150.216989127201,1193.5799560546875,14715421
2025-06-09 00:00:00+05:30,1211.4646926212756,1223.4544462802078,1205.1700231639036,1218.8583984375,9138108
2025-06-10 00:00:00+05:30,1223.3544631361597,1234.8446428531997,1217.3595867620518,1231.747314453125,7747558
2025-06-11 00:00:00+05:30,1231.547437255107,1240.73965439643,1227.051279882547,1230.3485107421875,4135775
2025-06-12 00:00:00+05:30,1229.9489006576741,1236.0436677299426,1209.766197378075,1211.8643798828125,3461744
2025-06-13 00:00:00+05:30,1196.9769975725644,1210.6652500104622,1194.5790225999053,1204.7703857421875,3906868
2025-06-16 00:00:00+05:30,1205.070075190406,1216.9599380589093,1194.9787240709816,1214.3621826171875,5697424
2025-06-17 00:00:00+05:30,1214.3621705402443,1225.9522406799451,1210.2656960037218,1214.0623779296875,4492946
2025-06-18 00:00:00+05:30,1208.7670098415024,1222.2554822950017,1202.872023413054,1219.9573974609375,3135662
2025-06-19 00:00:00+05:30,1216.9599001780673,1226.751580345239,1212.763535515606,1216.4603271484375,4243763
2025-06-20 00:00:00+05:30,1216.4603740469724,1224.9531158781012,1213.1631431378685,1219.6575927734375,4652390
2025-06-23 00:00:00+05:30,1211.5645133005319,1221.855766720184,1204.5704907342642,1213.063232421875,2312469
2025-06-24 00:00:00+05:30,1221.85584819293,1237.3426134794584,1214.5620325296159,1220.1572265625,6745788
2025-06-25 00:00:00+05:30,1225.2529376663326,1225.2529376663326,1209.9659532198973,1212.2640380859375,4229259
2025-06-26 00:00:00+05:30,1214.162353992752,1237.9420811746302,1210.1657693884756,1232.44677734375,8678448
2025-06-27 00:00:00+05:30,1235.8438054880892,1245.935156459947,1219.3578952382181,1224.0538330078125,6068274
2025-06-30 00:00:00+05:30,1227.850614406535,1234.9445270212907,1192.0811367630172,1198.1759033203125,6559872
2025-07-01 00:00:00+05:30,1200.973663276553,1200.973663276553,1166.003548289299,1172.2982177734375,8702198
2025-07-02 00:00:00+05:30,1178.9924468672707,1180.8908489291716,1170.999277735967,1174.2965087890625,5471100
2025-07-03 00:00:00+05:30,1176.9941080825224,1179.9915463883353,1167.0026470631462,1170.0999755859375,6237185
2025-07-04 00:00:00+05:30,1174.0,1179.5,1162.0,1177.5999755859375,3926186
2025-07-07 00:00:00+05:30,1177.5999755859375,1177.5999755859375,1167.5999755859375,1175.0999755859375,5783402
2025-07-08 00:00:00+05:30,1180.0,1180.0,1161.9000244140625,1165.4000244140625,9973619
2025-07-09 00:00:00+05:30,1160.0,1171.0,1158.5999755859375,1164.699951171875,8674795
2025-07-10 00:00:00+05:30,1170.0999755859375,1176.5999755859375,1163.0,1164.300048828125,4339755
2025-07-11 00:00:00+05:30,1162.0,1175.9000244140625,1160.5999755859375,1173.800048828125,4468654
2025-07-14 00:00:00+05:30,1179.0,1179.9000244140625,1163.0,1172.699951171875,4772502
2025-07-15 00:00:00+05:30,1174.0,1179.0,1162.300048828125,1165.9000244140625,4776756
2025-07-16 00:00:00+05:30,1164.9000244140625,1174.0,1157.0999755859375,1168.4000244140625,4388279
2025-07-17 00:00:00+05:30,1170.0,1172.9000244140625,1154.800048828125,1159.800048828125,5694428
2025-07-18 00:00:00+05:30,1090.0,1115.9000244140625,1086.0,1099.300048828125,38053695
2025-07-21 00:00:00+05:30,1086.0,1101.5,1071.9000244140625,1099.5999755859375,15905500
2025-07-22 00:00:00+05:30,1102.0,1110.5999755859375,1095.0,1098.0,9999957
2025-07-23 00:00:00+05:30,1099.5,1110.5,1098.0999755859375,1104.800048828125,6633979
2025-07-24 00:00:00+05:30,1104.0,1105.0,1089.4000244140625,1095.0999755859375,9901209
2025-07-25 00:00:00+05:30,1086.0999755859375,1101.0,1076.199951171875,1086.0999755859375,11779887
2025-07-28 00:00:00+05:30,1080.9000244140625,1092.199951171875,1067.4000244140625,1073.5999755859375,9029557
2025-07-29 00:00:00+05:30,1070.9000244140625,1078.699951171875,1055.4000244140625,1064.199951171875,15599773
2025-07-30 00:00:00+05:30,1070.5,1080.5999755859375,1062.0,1073.300048828125,8247433
2025-07-31 00:00:00+05:30,1066.0,1081.300048828125,1063.9000244140625,1068.4000244140625,7634413
2025-08-01 00:00:00+05:30,1065.0,1070.9000244140625,1060.0,1062.4000244140625,5545447
2025-08-04 00:00:00+05:30,1064.4000244140625,1070.0,1059.0,1068.5999755859375,4465845
2025-08-05 00:00:00+05:30,1068.0,1079.9000244140625,1062.5,1070.800048828125,5318081
2025-08-06 00:00:00+05:30,1074.0,1077.699951171875,1065.5999755859375,1071.0,4216651
2025-08-07 00:00:00+05:30,1067.800048828125,1079.699951171875,1064.5,1076.199951171875,5321131
2025-08-08 00:00:00+05:30,1073.0,1080.4000244140625,1054.199951171875,1058.0999755859375,5084903
2025-08-11 00:00:00+05:30,1058.0999755859375,1075.4000244140625,1052.5999755859375,1073.300048828125,5452775
2025-08-12 00:00:00+05:30,1071.0999755859375,1076.5999755859375,1066.300048828125,1070.0,4573025
2025-08-13 00:00:00+05:30,1071.0999755859375,1072.800048828125,1063.199951171875,1066.0,4966778
2025-08-14 00:00:00+05:30,1067.0,1072.4000244140625,1062.0,1068.199951171875,6761305
2025-08-18 00:00:00+05:30,1080.0,1090.0,1079.4000244140625,1082.5999755859375,7964987
2025-08-19 00:00:00+05:30,1078.0,1095.0,1075.800048828125,1083.199951171875,5661531
2025-08-20 00:00:00+05:30,1081.0,1083.699951171875,1077.800048828125,1080.199951171875,3034728
2025-08-21 00:00:00+05:30,1090.0,1090.0,1076.4000244140625,1078.9000244140625,6459262
2025-08-22 00:00:00+05:30,1076.0,1078.5,1069.5,1070.9000244140625,3853718
2025-08-25 00:00:00+05:30,1073.0,1074.5,1068.199951171875,1070.0,2711278
2025-08-26 00:00:00+05:30,1068.0,1069.800048828125,1048.0,1050.0999755859375,7197666
2025-08-28 00:00:00+05:30,1057.0,1059.5,1047.0,1051.9000244140625,8564803
2025-08-29 00:00:00+05:30,1052.0999755859375,1063.0,1042.5,1045.199951171875,4718016
2025-09-01 00:00:00+05:30,1047.5999755859375,1064.0,1047.5999755859375,1061.5,3190426
2025-09-02 00:00:00+05:30,1061.5,1064.9000244140625,1049.0,1056.199951171875,4933541
2025-09-03 00:00:00+05:30,1056.199951171875,1064.9000244140625,1045.0,1054.699951171875,8303296
2025-09-04 00:00:00+05:30,1058.199951171875,1062.199951171875,1047.300048828125,1050.4000244140625,8088417
2025-09-05 00:00:00+05:30,1056.5999755859375,1058.0,1047.800048828125,1055.9000244140625,2849589
2025-09-08 00:00:00+05:30,1055.9000244140625,1063.0,1054.0,1055.5,2260147
2025-09-09 00:00:00+05:30,1057.5,1059.0,1048.699951171875,1052.199951171875,4310419
2025-09-10 00:00:00+05:30,1058.0,1074.0999755859375,1055.0999755859375,1070.0999755859375,5241075
2025-09-11 00:00:00+05:30,1069.0,1093.0,1069.0,1087.4000244140625,5227539
2025-09-12 00:00:00+05:30,1088.4000244140625,1108.699951171875,1088.4000244140625,1105.300048828125,6014850
2025-09-15 00:00:00+05:30,1105.0,1110.0,1100.0,1104.4000244140625,3881807
2025-09-16 00:00:00+05:30,1105.699951171875,1127.0999755859375,1104.0,1121.199951171875,7965606
2025-09-17 00:00:00+05:30,1121.300048828125,1128.5,1116.0999755859375,1126.0,5590739
2025-09-18 00:00:00+05:30,1129.0,1134.4000244140625,1121.199951171875,1133.0,5713032
2025-09-19 00:00:00+05:30,1133.0,1144.0999755859375,1126.5999755859375,1135.9000244140625,8910732
2025-09-22 00:00:00+05:30,1136.0,1147.5999755859375,1131.199951171875,1144.4000244140625,7689900
2025-09-23 00:00:00+05:30,1146.0,1172.800048828125,1141.9000244140625,1170.800048828125,16079093
2025-09-24 00:00:00+05:30,1168.0,1172.800048828125,1154.0,1158.9000244140625,12812055
2025-09-25 00:00:00+05:30,1154.699951171875,1171.800048828125,1153.4000244140625,1166.5999755859375,11188302
2025-09-26 00:00:00+05:30,1161.5999755859375,1169.699951171875,1148.0,1154.0,5618932
2025-09-29 00:00:00+05:30,1155.4000244140625,1158.300048828125,1126.699951171875,1132.199951171875,9693881
2025-09-30 00:00:00+05:30,1130.0,1137.0,1125.4000244140625,1131.5999755859375,8165203
2025-10-01 00:00:00+05:30,1132.5,1164.800048828125,1131.0,1159.5,9655009
2025-10-03 00:00:00+05:30,1171.0,1188.0,1169.5,1181.0,11095015
2025-10-06 00:00:00+05:30,1185.0,1215.199951171875,1182.0999755859375,1212.800048828125,20128505
2025-10-07 00:00:00+05:30,1212.0,1212.0,1184.0,1186.800048828125,8620156
2025-10-08 00:00:00+05:30,1180.0999755859375,1194.800048828125,1174.0999755859375,1180.5999755859375,5160430
2025-10-09 00:00:00+05:30,1178.0,1187.300048828125,1163.0999755859375,1167.4000244140625,7194651
2025-10-10 00:00:00+05:30,1168.0,1191.699951171875,1165.199951171875,1180.4000244140625,6933035
2025-10-13 00:00:00+05:30,1171.0,1193.5999755859375,1167.5,1189.5999755859375,4138448
2025-10-14 00:00:00+05:30,1191.800048828125,1191.800048828125,1166.5999755859375,1176.800048828125,5742538
2025-10-15 00:00:00+05:30,1180.0,1181.699951171875,1164.0,1169.5999755859375,6328142
2025-10-16 00:00:00+05:30,1216.4000244140625,1216.9000244140625,1185.300048828125,1196.300048828125,17747171
2025-10-17 00:00:00+05:30,1196.300048828125,1212.9000244140625,1191.5999755859375,1200.199951171875,6404414
2025-10-20 00:00:00+05:30,1207.9000244140625,1231.699951171875,1207.0,1226.0,7418616
2025-10-21 00:00:00+05:30,1225.800048828125,1238.800048828125,1222.0,1237.300048828125,1940248
2025-10-23 00:00:00+05:30,1246.0,1276.0999755859375,1241.300048828125,1258.800048828125,14611221
2025-10-24 00:00:00+05:30,1254.199951171875,1256.0,1240.0999755859375,1241.9000244140625,4882046
2025-10-27 00:00:00+05:30,1243.4000244140625,1258.5,1242.5999755859375,1254.0999755859375,6185072
2025-10-28 00:00:00+05:30,1249.0,1258.9000244140625,1236.5999755859375,1246.300048828125,8146777
2025-10-29 00:00:00+05:30,1246.9000244140625,1251.0,1239.199951171875,1248.800048828125,4578825
2025-10-30 00:00:00+05:30,1243.0,1248.0,1235.0,1238.5999755859375,4017532
2025-10-31 00:00:00+05:30,1243.0,1245.4000244140625,1231.0,1232.800048828125,4106607
2025-11-03 00:00:00+05:30,1226.0,1241.0,1222.300048828125,1233.699951171875,6118907
2025-11-04 00:00:00+05:30,1230.0999755859375,1235.9000244140625,1222.800048828125,1226.5999755859375,3299345
2025-11-05 00:00:00+05:30,1226.5999755859375,1226.5999755859375,1226.5999755859375,1226.5999755859375,0
2025-11-06 00:00:00+05:30,1225.0,1239.5999755859375,1225.0,1228.5,3733721
2025-11-07 00:00:00+05:30,1227.0,1228.800048828125,1217.0,1222.800048828125,3461466
2025-11-10 00:00:00+05:30,1222.0,1232.800048828125,1215.5,1217.0,4140568
2025-11-11 00:00:00+05:30,1218.0999755859375,1225.0,1209.4000244140625,1222.5,5615453
2025-11-12 00:00:00+05:30,1227.9000244140625,1232.699951171875,1216.5,1221.5999755859375,6782513
2025-11-13 00:00:00+05:30,1219.0,1234.800048828125,1213.199951171875,1225.199951171875,3345231
2025-11-14 00:00:00+05:30,1224.0,1246.0,1222.0,1241.5999755859375,5197740
2025-11-17 00:00:00+05:30,1243.9000244140625,1261.0,1240.4000244140625,1249.5999755859375,4088026
2025-11-18 00:00:00+05:30,1250.0,1273.5,1247.5999755859375,1265.4000244140625,10175969
2025-11-19 00:00:00+05:30,1268.0,1273.0,1257.800048828125,1270.4000244140625,4101288
2025-11-20 00:00:00+05:30,1275.0,1287.300048828125,1262.5999755859375,1285.199951171875,4617594
2025-11-21 00:00:00+05:30,1284.0,1284.5,1273.0,1275.800048828125,6363593
2025-11-24 00:00:00+05:30,1279.199951171875,1290.9000244140625,1266.5999755859375,1269.0,10491953
2025-11-25 00:00:00+05:30,1269.0999755859375,1276.699951171875,1263.699951171875,1266.300048828125,5290156
2025-11-26 00:00:00+05:30,1271.9000244140625,1292.800048828125,1269.300048828125,1290.199951171875,4842021
2025-11-27 00:00:00+05:30,1297.0,1304.0,1281.0,1287.300048828125,5924706
2025-11-28 00:00:00+05:30,1287.300048828125,1289.0,1275.0,1279.699951171875,3093636
2025-12-01 00:00:00+05:30,1288.0,1289.0,1268.5,1275.699951171875,4098016
2025-12-02 00:00:00+05:30,1270.699951171875,1281.0,1255.0999755859375,1258.0,8115347
2025-12-03 00:00:00+05:30,1255.0,1272.9000244140625,1255.0,1270.699951171875,3582794
2025-12-04 00:00:00+05:30,1270.699951171875,1282.800048828125,1269.4000244140625,1280.0,3216108
2025-12-05 00:00:00+05:30,1275.199951171875,1285.0,1267.300048828125,1282.5,2728214
2025-12-08 00:00:00+05:30,1284.0,1288.800048828125,1265.0999755859375,1273.800048828125,2969478
2025-12-09 00:00:00+05:30,1272.0,1281.4000244140625,1263.199951171875,1275.9000244140625,4239279
2025-12-10 00:00:00+05:30,1273.0,1284.0,1268.300048828125,1278.5999755859375,2928746
2025-12-11 00:00:00+05:30,1277.4000244140625,1282.0,1271.0,1272.699951171875,2017404
2025-12-12 00:00:00+05:30,1278.0,1291.0,1277.9000244140625,1286.0999755859375,2281078
2025-12-15 00:00:00+05:30,1285.0,1290.4000244140625,1280.0,1284.800048828125,1634472
2025-12-16 00:00:00+05:30,1277.0999755859375,1277.5999755859375,1216.9000244140625,1219.5999755859375,11542048
2025-12-17 00:00:00+05:30,1220.5999755859375,1236.0,1220.300048828125,1224.699951171875,5147181
2025-12-18 00:00:00+05:30,1226.0999755859375,1238.5,1220.199951171875,1229.800048828125,3441592
2025-12-19 00:00:00+05:30,1236.699951171875,1241.5,1229.0999755859375,1230.5999755859375,5055047
2025-12-22 00:00:00+05:30,1235.0,1236.9000244140625,1226.800048828125,1233.199951171875,2405809
2025-12-23 00:00:00+05:30,1239.0,1239.0,1223.5,1225.0,2920318
2025-12-24 00:00:00+05:30,1230.0,1235.4000244140625,1224.699951171875,1226.300048828125,3155506
2025-12-25 00:00:00+05:30,1226.300048828125,1226.300048828125,1226.300048828125,1226.300048828125,0
2025-12-26 00:00:00+05:30,1225.0,1229.9000244140625,1222.0,1228.199951171875,1665983
2025-12-29 00:00:00+05:30,1228.199951171875,1233.9000244140625,1219.0,1232.0,2209655
2025-12-30 00:00:00+05:30,1233.0,1252.0999755859375,1232.0,1246.0,5673233
2025-12-31 00:00:00+05:30,1246.0,1271.5,1245.0,1269.4000244140625,3711090
2026-01-01 00:00:00+05:30,1270.0,1279.199951171875,1263.800048828125,1274.4000244140625,2022412
2026-01-02 00:00:00+05:30,1273.9000244140625,1281.800048828125,1264.300048828125,1266.9000244140625,5860547
