Date,Open,High,Low,Close,Volume
2021-01-04 00:00:00+05:30,3051.9388069896254,3085.1690862634377,3030.0767811515907,3080.315673828125,647829
2021-01-05 00:00:00+05:30,3060.9020001126805,3065.055784699649,3038.821355729324,3054.255859375,561562
2021-01-06 00:00:00+05:30,3054.256093921544,3084.2946027978555,3004.629295308338,3028.0654296875,591620
2021-01-07 00:00:00+05:30,3060.683711642006,3067.111232834995,2997.939695553345,3006.422119140625,531361
2021-01-08 00:00:00+05:30,3033.57485335236,3099.68570811194,3006.5097067431116,3086.1748046875,675643
2021-01-11 00:00:00+05:30,3087.7924347488156,3178.344985694541,3079.047624681558,3163.303955078125,788461
2021-01-12 00:00:00+05:30,3158.5817311968385,3185.5595565210947,3111.4910555669353,3169.337890625,863270
2021-01-13 00:00:00+05:30,3169.3379189168886,3176.9896280402995,3128.0186896504683,3148.918701171875,515154
2021-01-14 00:00:00+05:30,3148.1320124163162,3199.420244386719,3100.035551115511,3127.188232421875,743848
2021-01-15 00:00:00+05:30,3137.638247056289,3168.2450861440734,3096.537634566979,3130.90478515625,684649
2021-01-18 00:00:00+05:30,3106.156732286917,3163.9162491324573,3065.0561223720842,3116.431884765625,602004
2021-01-19 00:00:00+05:30,3118.180894775726,3204.0986604384098,3114.114643173439,3183.985595703125,586410
2021-01-20 00:00:00+05:30,3183.1110280920343,3229.283670319672,3173.79789029025,3186.565185546875,549040
2021-01-21 00:00:00+05:30,3211.0942777823593,3329.1492144655344,3196.4029540736296,3238.465576171875,1533886
2021-01-22 00:00:00+05:30,3279.26033187137,3611.6069139526535,3270.6030544495434,3576.1904296875,8537143
2021-01-25 00:00:00+05:30,3629.096138912932,3681.564998752637,3550.3928491533743,3645.667724609375,2368224
2021-01-27 00:00:00+05:30,3614.5800841429796,3704.870257488207,3592.4558831663717,3625.90478515625,2062088
2021-01-28 00:00:00+05:30,3567.882596204681,3664.07550933765,3564.9094461063814,3616.678466796875,1262871
2021-01-29 00:00:00+05:30,3644.837125757043,3677.4990793530483,3489.1794941868043,3502.996337890625,1406268
2021-02-01 00:00:00+05:30,3553.8909355343467,3621.2259754054453,3476.105889966938,3598.227294921875,745011
2021-02-02 00:00:00+05:30,3634.168221034235,3735.0396967782553,3600.4571469434263,3674.088623046875,1167922
2021-02-03 00:00:00+05:30,3677.192601294714,3724.5456619984643,3637.9284898328137,3704.607666015625,681937
2021-02-04 00:00:00+05:30,3704.6077720275275,3813.961453299558,3672.820301401385,3693.37060546875,1163598
2021-02-05 00:00:00+05:30,3725.289279449779,3736.482466112078,3638.7156553498894,3700.14794921875,729191
2021-02-08 00:00:00+05:30,3700.3229380205576,3723.977479166998,3668.4479335694627,3705.56982421875,616236
2021-02-09 00:00:00+05:30,3697.6554584664523,3706.050561654485,3624.723826818745,3633.381103515625,721336
2021-02-10 00:00:00+05:30,3637.841440520024,3685.9379018730533,3585.460107099544,3630.451904296875,989105
2021-02-11 00:00:00+05:30,3633.468732847134,3674.919048877465,3608.5024698721827,3656.9921875,546983
2021-02-12 00:00:00+05:30,3654.4561024386617,3669.147212455415,3600.2382803876453,3616.89697265625,360063
2021-02-15 00:00:00+05:30,3631.020617668682,3668.1420844078025,3595.560152639019,3604.873291015625,287922
2021-02-16 00:00:00+05:30,3611.6067646832607,3653.2321483866253,3606.3598783423167,3614.09912109375,318280
2021-02-17 00:00:00+05:30,3600.2385292533872,3677.1928626452495,3594.99164288576,3642.825927734375,554383
2021-02-18 00:00:00+05:30,3672.8202555110424,3672.8202555110424,3587.208649715643,3598.883056640625,440460
2021-02-19 00:00:00+05:30,3590.619207632471,3591.231515167336,3477.986005180872,3498.88623046875,762200
2021-02-22 00:00:00+05:30,3506.6691653139155,3532.9035979721243,3433.956148194791,3473.04541015625,762310
2021-02-23 00:00:00+05:30,3455.949344806377,3496.7875699214915,3401.906369539029,3421.188720703125,802871
2021-02-24 00:00:00+05:30,3434.0870506899223,3454.200114648636,3371.4305694518603,3438.328369140625,399843
2021-02-25 00:00:00+05:30,3441.957356218484,3480.4345217859673,3419.2646160432946,3449.65283203125,632973
2021-02-26 00:00:00+05:30,3419.658137115809,3448.166304670077,3299.460759805728,3321.89111328125,732210
2021-03-01 00:00:00+05:30,3321.89108376321,3374.447479662814,3280.1783808568093,3335.314453125,724589
2021-03-02 00:00:00+05:30,3342.2666141498617,3464.82504941409,3306.850131189875,3448.9970703125,735847
2021-03-03 00:00:00+05:30,3484.8068603695397,3484.8068603695397,3378.644950072001,3411.43798828125,615104
2021-03-04 00:00:00+05:30,3388.614070764874,3434.6118594207646,3358.881715047195,3392.15576171875,611769
2021-03-05 00:00:00+05:30,3368.588523980875,3422.062954565645,3342.047938826105,3369.244384765625,719936
2021-03-08 00:00:00+05:30,3365.0030052031916,3365.0030052031916,3296.7934848274513,3321.934814453125,818275
2021-03-09 00:00:00+05:30,3324.951731308937,3348.9999596465373,3302.0403710102005,3321.934814453125,526071
2021-03-10 00:00:00+05:30,3340.517505776763,3392.111886101587,3324.776847372579,3382.09912109375,545219
2021-03-12 00:00:00+05:30,3391.237554751456,3391.237554751456,3266.0119095083833,3276.15576171875,1119478
2021-03-15 00:00:00+05:30,3301.1658129033954,3301.1658129033954,3166.5395041069078,3204.666748046875,1024257
2021-03-16 00:00:00+05:30,3212.100067818583,3226.835159296841,3178.7387002829314,3195.747314453125,858553
2021-03-17 00:00:00+05:30,3191.8557976762595,3216.3412668091187,3109.479726364268,3121.547607421875,773240
2021-03-18 00:00:00+05:30,3146.382897377925,3229.4148324735493,3117.5250219989725,3204.535888671875,1285600
2021-03-19 00:00:00+05:30,3195.3100489625713,3211.9689559720155,3122.072259672439,3191.899658203125,1132705
2021-03-22 00:00:00+05:30,3192.0306526873105,3222.462635608884,3178.126489536004,3204.75439453125,502724
2021-03-23 00:00:00+05:30,3205.4540607798863,3244.280934064976,3184.204128530792,3216.6474609375,581531
2021-03-24 00:00:00+05:30,3201.4749752729326,3233.830772619313,3140.217537867882,3151.236083984375,507559
2021-03-25 00:00:00+05:30,3161.248823954227,3161.248823954227,3058.0600656619454,3062.082763671875,808505
2021-03-26 00:00:00+05:30,3075.6373769333186,3164.9655305186798,3075.6373769333186,3148.175537109375,691000
2021-03-30 00:00:00+05:30,3151.848416331847,3213.499332153834,3131.822885101688,3206.459716796875,749230
2021-03-31 00:00:00+05:30,3191.855722778215,3221.23837044671,3158.669210770789,3209.8701171875,694645
2021-04-01 00:00:00+05:30,3239.0777908510518,3291.809040566606,3227.009909730145,3273.226318359375,861229
2021-04-05 00:00:00+05:30,3235.623661966494,3270.5591373250136,3127.188011424167,3146.820068359375,723573
2021-04-06 00:00:00+05:30,3183.0672985610418,3183.1110653134074,3150.099405226709,3161.686279296875,501882
2021-04-07 00:00:00+05:30,3152.503964913591,3229.8517656807894,3144.852256260888,3218.264892578125,346982
2021-04-08 00:00:00+05:30,3234.661812887182,3234.661812887182,3187.483600376492,3191.68115234375,414020
2021-04-09 00:00:00+05:30,3183.1109972936783,3230.332973627156,3169.9937816454903,3192.99267578125,484807
2021-04-12 00:00:00+05:30,3130.205120251496,3147.2575018257116,3043.23801692227,3096.53759765625,724230
2021-04-13 00:00:00+05:30,3121.0228219253186,3168.8568919633185,3073.9756994222994,3150.274169921875,412122
2021-04-15 00:00:00+05:30,3150.2739506337775,3196.7089758776888,3083.5074561855376,3145.9453125,614450
2021-04-16 00:00:00+05:30,3130.642310884965,3198.4145955479776,3121.8537332068117,3178.4326171875,526787
2021-04-19 00:00:00+05:30,3082.7203945767214,3114.9013382438084,3014.336022719373,3074.28173828125,601819
2021-04-20 00:00:00+05:30,3135.3206917553484,3169.381685668292,3108.867640214413,3148.918701171875,676558
2021-04-22 00:00:00+05:30,3143.584522268027,3230.332999757146,3124.5207926725184,3219.314453125,1005711
2021-04-23 00:00:00+05:30,3218.0903463240297,3243.975071464744,3183.1111034292035,3211.53173828125,631762
2021-04-26 00:00:00+05:30,3220.013988616499,3278.4293638050112,3214.592248958981,3269.553466796875,480016
2021-04-27 00:00:00+05:30,3269.5536873482633,3321.2791580847147,3259.365854618619,3310.34814453125,518487
2021-04-28 00:00:00+05:30,3331.8165976900514,3457.6981032882895,3329.1493877639145,3401.5126953125,1252958
2021-04-29 00:00:00+05:30,3448.0788320093952,3457.9605107222865,3329.236940925543,3354.90283203125,1335444
2021-04-30 00:00:00+05:30,3327.4004176898234,3468.4980214574184,3323.028012410336,3352.541748046875,1340273
2021-05-03 00:00:00+05:30,3336.145161384374,3416.4225634060776,3309.9107302332523,3368.369873046875,796444
2021-05-04 00:00:00+05:30,3390.3628123296194,3399.9821032596233,3336.188757473091,3349.568359375,408324
2021-05-05 00:00:00+05:30,3359.930823139942,3369.0255535501497,3309.123605627088,3361.330078125,371452
2021-05-06 00:00:00+05:30,3368.500972455508,3471.689735370812,3368.500972455508,3446.504638671875,938078
2021-05-07 00:00:00+05:30,3458.135371659471,3469.766012523635,3370.206257871476,3381.399658203125,486456
2021-05-10 00:00:00+05:30,3410.476101524739,3413.8429389722205,3361.942403156887,3383.06103515625,306598
2021-05-11 00:00:00+05:30,3375.4967411729913,3405.8411899034386,3332.8657913978145,3392.374267578125,453808
2021-05-12 00:00:00+05:30,3380.743570223292,3410.4759244363267,3364.3032846062283,3388.83251953125,499840
2021-05-14 00:00:00+05:30,3393.248543072093,3405.35997638196,3335.270412190285,3365.702392578125,481619
2021-05-17 00:00:00+05:30,3362.379635459449,3431.813345393934,3352.060716375674,3379.344482421875,427552
2021-05-18 00:00:00+05:30,3409.3393891875517,3566.1338916137347,3381.9680883206706,3556.689453125,1371585
2021-05-19 00:00:00+05:30,3563.510231351699,3595.866029771334,3539.724389807345,3581.83056640625,788882
2021-05-20 00:00:00+05:30,3581.8304165126306,3610.732056320494,3552.229362700419,3560.18701171875,465579
2021-05-21 00:00:00+05:30,3569.806704436467,3613.355905924471,3546.108394719533,3607.71533203125,378016
2021-05-24 00:00:00+05:30,3607.2341980189617,3659.5719723269376,3591.8432467088774,3622.362548828125,500267
2021-05-25 00:00:00+05:30,3642.6943137197795,3661.45210276484,3621.2259750535477,3629.183837890625,297915
2021-05-26 00:00:00+05:30,3629.1840045393137,3655.330903353756,3622.1006224141765,3643.350341796875,261524
2021-05-27 00:00:00+05:30,3646.585940591395,3737.5319688459526,3631.501142635711,3713.134033203125,878610
2021-05-28 00:00:00+05:30,3707.974358572394,3721.7909870222647,3662.0201276662674,3672.3828125,285520
2021-05-31 00:00:00+05:30,3664.0757936492228,3697.9183828745277,3643.962728433487,3666.524169921875,321021
2021-06-01 00:00:00+05:30,3677.105256056784,3801.3690977921688,3677.105256056784,3706.881591796875,1248169
2021-06-02 00:00:00+05:30,3697.218139297364,3765.427657385843,3672.820204764251,3755.939453125,351583
2021-06-03 00:00:00+05:30,3755.283744567508,3760.2684572730636,3709.548557151706,3736.963623046875,323999
2021-06-04 00:00:00+05:30,3729.137023633498,3756.2899173010906,3707.79977072879,3716.588134765625,374317
2021-06-07 00:00:00+05:30,3724.02119035433,3747.063851950484,3707.7997373007233,3716.325927734375,159646
2021-06-08 00:00:00+05:30,3716.5444457849303,3738.4064719366065,3702.552749047858,3733.946533203125,150816
2021-06-09 00:00:00+05:30,3732.2850420537934,3736.220206695134,3673.6948129493876,3694.2451171875,262617
2021-06-10 00:00:00+05:30,3698.1805149504667,3702.115679839868,3643.088206498852,3655.243408203125,332571
2021-06-11 00:00:00+05:30,3659.702985156718,3687.5552904064457,3639.5899221558566,3648.77197265625,188155
2021-06-14 00:00:00+05:30,3649.209146468125,3668.8849686093977,3609.114107950597,3626.035400390625,200657
2021-06-15 00:00:00+05:30,3633.4685850298574,3648.159695154206,3612.5685743556583,3618.68994140625,138010
2021-06-16 00:00:00+05:30,3618.6900574139404,3636.1356978717904,3587.1212066424637,3594.5107421875,216236
2021-06-17 00:00:00+05:30,3602.8618757473,3602.8618757473,3534.696121549846,3545.05859375,357704
2021-06-18 00:00:00+05:30,3546.020638263293,3667.005176264478,3524.158612133433,3644.050048828125,701993
2021-06-21 00:00:00+05:30,3631.7196724004143,3669.322356222523,3591.012751757508,3657.64794921875,374649
2021-06-22 00:00:00+05:30,3658.216348627242,3699.579557842907,3633.730879609031,3691.709228515625,591793
2021-06-23 00:00:00+05:30,3699.055056715914,3724.9833359584154,3665.1689140568733,3671.596435546875,418053
2021-06-24 00:00:00+05:30,3664.0754856561243,3704.476679707928,3634.998991647039,3696.34375,314542
2021-06-25 00:00:00+05:30,3690.3100719537474,3715.670022685183,3653.5818674461507,3669.45361328125,175051
2021-06-28 00:00:00+05:30,3669.4535534722386,3677.4114163843856,3643.0880353504194,3658.347900390625,158954
2021-06-29 00:00:00+05:30,3659.702992370446,3663.069829625762,3600.2382842506872,3606.927978515625,332405
2021-06-30 00:00:00+05:30,3611.6065514033867,3641.338905579589,3602.6866743534547,3614.973388671875,331122
2021-07-01 00:00:00+05:30,3621.225973177308,3716.544406182941,3621.225973177308,3676.799072265625,755502
2021-07-02 00:00:00+05:30,3698.6177133349947,3698.6177133349947,3647.4605703558964,3651.2646484375,375525
2021-07-05 00:00:00+05:30,3665.474803203006,3716.456876906358,3661.3210182737257,3674.132080078125,375703
2021-07-06 00:00:00+05:30,3675.881233735936,3715.670123026999,3648.3350796113536,3668.7978515625,515181
2021-07-07 00:00:00+05:30,3672.8203180960127,3693.807862770847,3646.5858872524695,3662.545166015625,392794
2021-07-08 00:00:00+05:30,3681.046685876802,3726.0113779762464,3646.531589341227,3688.827392578125,625491
2021-07-09 00:00:00+05:30,3688.555991352464,3691.2248802583304,3609.845083516392,3615.182861328125,656635
2021-07-12 00:00:00+05:30,3635.1774271046306,3646.0341043383924,3570.8515261427256,3579.22021484375,512870
2021-07-13 00:00:00+05:30,3605.321345219058,3636.7151907994894,3577.7725725914947,3588.22216796875,614101
2021-07-14 00:00:00+05:30,3590.8456254009734,3621.696768382755,3564.6086581203917,3577.13916015625,527932
2021-07-15 00:00:00+05:30,3577.2750096664818,3591.705298420288,3555.8331171380387,3564.60888671875,310788
2021-07-16 00:00:00+05:30,3580.8940085252857,3583.246376923175,3551.0381464026646,3557.325927734375,323569
2021-07-19 00:00:00+05:30,3548.323872492683,3563.704164647802,3505.8018882991196,3512.904052734375,408067
2021-07-20 00:00:00+05:30,3517.472766059328,3557.7782233539147,3512.044427592169,3533.305419921875,467908
2021-07-22 00:00:00+05:30,3546.514153750684,3631.2413741995306,3421.3005791231785,3486.07861328125,1707977
2021-07-23 00:00:00+05:30,3503.9924445340876,3551.038044099224,3460.6110175725516,3475.85546875,709478
2021-07-26 00:00:00+05:30,3484.993300491482,3502.454500093033,3465.0893927524344,3470.83447265625,408134
2021-07-27 00:00:00+05:30,3483.1837614728015,3491.3262689671537,3448.8042853855377,3457.30859375,391373
2021-07-28 00:00:00+05:30,3468.7082662428797,3475.4484089692724,3420.7579433135966,3454.68505859375,235770
2021-07-29 00:00:00+05:30,3463.0989225074645,3463.0989225074645,3392.7114252947526,3405.1513671875,355185
2021-07-30 00:00:00+05:30,3416.234294412829,3490.421585763955,3395.56128401983,3464.7275390625,511767
2021-08-02 00:00:00+05:30,3504.897036661417,3510.325374869979,3449.8898319720615,3475.538818359375,351187
2021-08-03 00:00:00+05:30,3465.089483260755,3472.3272680821874,3443.059387358655,3463.4609375,408981
2021-08-04 00:00:00+05:30,3469.6128507546446,3496.6189217909955,3452.4231130325225,3466.898681640625,363955
2021-08-05 00:00:00+05:30,3475.9461892645254,3490.421759027209,3450.252141287627,3454.911376953125,333818
2021-08-06 00:00:00+05:30,3467.803543527058,3503.404484849907,3435.4596936233033,3481.23876953125,504011
2021-08-09 00:00:00+05:30,3490.557186759036,3527.4246514664137,3471.467662714419,3487.843017578125,396098
2021-08-10 00:00:00+05:30,3489.5169602510296,3493.8143949311416,3424.467458392355,3436.093017578125,253258
2021-08-11 00:00:00+05:30,3437.9474907191648,3443.602009618374,3343.1324736412967,3372.038330078125,497724
2021-08-12 00:00:00+05:30,3389.816225342148,3417.1388161270447,3380.0451726371825,3410.2177734375,316454
2021-08-13 00:00:00+05:30,3419.853061899628,3492.230904479514,3401.7586012546562,3461.244140625,581862
2021-08-16 00:00:00+05:30,3461.47039892987,3464.1845680874208,3387.2831086234796,3391.30908203125,294567
2021-08-17 00:00:00+05:30,3391.8067258660694,3455.5897011057486,3385.0665832968134,3444.687744140625,319770
2021-08-18 00:00:00+05:30,3446.9949655968758,3488.6575079790377,3415.329657513965,3467.848876953125,493285
2021-08-20 00:00:00+05:30,3419.8532110593264,3460.5657492862233,3370.81726474864,3394.068603515625,301943
2021-08-23 00:00:00+05:30,3427.000265980664,3427.000265980664,3299.660499917066,3318.750244140625,455643
2021-08-24 00:00:00+05:30,3338.428172083207,3367.3793107028987,3305.5866800355625,3360.820068359375,276602
2021-08-25 00:00:00+05:30,3375.9287959613675,3401.713403002575,3329.380839005013,3338.111328125,398715
2021-08-26 00:00:00+05:30,3338.1113147398382,3365.2530062533287,3320.333595150362,3339.694580078125,283891
2021-08-27 00:00:00+05:30,3354.170042910398,3392.62077133966,3328.47599744129,3346.9775390625,274822
2021-08-30 00:00:00+05:30,3363.6698329369983,3398.6827926509927,3351.9989936187712,3365.931640625,561903
2021-08-31 00:00:00+05:30,3377.2858299789254,3382.759448550075,3352.5417873481574,3372.671875,693952
2021-09-01 00:00:00+05:30,3396.3305936723254,3446.995088410112,3374.7077994486017,3400.220947265625,585605
2021-09-02 00:00:00+05:30,3427.995398533601,3427.995398533601,3362.855343454578,3366.428955078125,474397
2021-09-03 00:00:00+05:30,3370.9980503836077,3446.542424298538,3370.0933273427104,3399.496826171875,740269
2021-09-06 00:00:00+05:30,3423.879078340291,3464.1845341105336,3410.805874535574,3420.848388671875,779715
2021-09-07 00:00:00+05:30,3435.052569277119,3438.5356205413723,3403.703782620914,3411.439208984375,450262
2021-09-08 00:00:00+05:30,3410.579771956731,3410.579771956731,3363.760353374925,3370.41015625,396710
2021-09-09 00:00:00+05:30,3370.0029046368954,3373.6670772784514,3342.9517729585928,3348.018310546875,479537
2021-09-13 00:00:00+05:30,3346.570229289787,3365.5694114512053,3329.380493048504,3347.06787109375,342427
2021-09-14 00:00:00+05:30,3363.217556316773,3408.0919103316187,3338.4282317822335,3393.66162109375,741880
2021-09-15 00:00:00+05:30,3404.111374830997,3439.395577290117,3399.994840368165,3419.039306640625,510406
2021-09-16 00:00:00+05:30,3436.1381695733494,3468.7081996166985,3419.8984348804433,3450.161376953125,558125
2021-09-17 00:00:00+05:30,3474.1365855098047,3509.782586082184,3447.401974640693,3458.032470703125,1304667
2021-09-20 00:00:00+05:30,3450.07106119709,3450.07106119709,3379.1408568640463,3416.27978515625,399648
2021-09-21 00:00:00+05:30,3417.138855502445,3432.383526781286,3343.8562906902403,3373.53125,354217
2021-09-22 00:00:00+05:30,3376.426236538849,3410.805710544336,3367.42428686334,3399.179931640625,245919
2021-09-23 00:00:00+05:30,3399.1799858735258,3456.0419156916714,3399.1799858735258,3437.2236328125,228970
2021-09-24 00:00:00+05:30,3437.9478781752523,3482.3698720056473,3426.231757871615,3446.814208984375,363519
2021-09-27 00:00:00+05:30,3465.9938804510693,3550.8569436785015,3458.575195882623,3540.54296875,962801
2021-09-28 00:00:00+05:30,3554.6569381016343,3568.9516067677678,3506.1636932513634,3536.291015625,478682
2021-09-29 00:00:00+05:30,3528.419997385314,3560.8994674709215,3483.1838435726822,3527.741455078125,379896
2021-09-30 00:00:00+05:30,3521.408152267594,3525.1626644249313,3448.8041303729383,3467.486572265625,576711
2021-10-01 00:00:00+05:30,3456.04207284422,3511.0039984791115,3440.345039475645,3485.5361328125,407091
2021-10-04 00:00:00+05:30,3489.019347460553,3514.4874351996373,3457.1731385836506,3461.42529296875,237249
2021-10-05 00:00:00+05:30,3460.0682544735096,3504.806768094963,3456.042280809233,3495.85009765625,287612
2021-10-06 00:00:00+05:30,3506.7066852521916,3513.9444699482747,3401.758807158989,3410.851318359375,383507
2021-10-07 00:00:00+05:30,3451.5185459956265,3500.0568508266374,3424.3768536286884,3463.777587890625,343916
2021-10-08 00:00:00+05:30,3477.348604875292,3509.0139141920636,3443.4667680822804,3452.016357421875,215542
2021-10-11 00:00:00+05:30,3478.6601182441445,3510.2348642555407,3465.4060139478183,3485.083740234375,239321
2021-10-12 00:00:00+05:30,3492.2311253141693,3613.916380846489,3490.42167913525,3599.6669921875,1353877
2021-10-13 00:00:00+05:30,3614.323496472084,3664.128547196953,3579.62749818877,3589.62451171875,648769
2021-10-14 00:00:00+05:30,3591.750712833515,3627.080194121828,3577.456043654366,3588.041259765625,272066
2021-10-18 00:00:00+05:30,3493.13585215363,3591.4792079075346,3493.13585215363,3542.850341796875,463126
2021-10-19 00:00:00+05:30,3555.7423807925934,3578.179555938758,3521.4081862459243,3538.869384765625,275481
2021-10-20 00:00:00+05:30,3531.8124848944467,3537.3764431086097,3463.2797162154193,3481.962158203125,321450
2021-10-21 00:00:00+05:30,3501.2781262322555,3505.937361485073,3410.3534617138207,3441.56640625,373336
2021-10-22 00:00:00+05:30,3473.639012723325,3537.4672706966085,3449.7544115748333,3498.11181640625,408499
2021-10-25 00:00:00+05:30,3486.8026221562604,3514.6228558436774,3379.140579593574,3405.1513671875,306195
2021-10-26 00:00:00+05:30,3419.717526579309,3448.6233840003642,3403.7943124651024,3430.483642578125,170050
2021-10-27 00:00:00+05:30,3433.4238994956477,3451.5183600990504,3401.758593439693,3416.6865234375,251226
2021-10-28 00:00:00+05:30,3487.662177026152,3492.231072735066,3337.387806657238,3348.108642578125,706705
2021-10-29 00:00:00+05:30,3365.5696423604086,3397.0993280338416,3315.809876142714,3354.034423828125,316325
2021-11-01 00:00:00+05:30,3367.1986200795823,3392.711768402031,3330.828794098247,3371.134033203125,228051
2021-11-02 00:00:00+05:30,3379.140693334955,3428.900462580851,3371.948189047161,3385.338134765625,250053
2021-11-03 00:00:00+05:30,3371.179178442379,3405.332475542331,3337.5688035554836,3346.02783203125,261709
2021-11-04 00:00:00+05:30,3364.2126297010227,3406.1916904733066,3364.2126297010227,3401.170654296875,65679
2021-11-08 00:00:00+05:30,3429.8050619251608,3437.947569326196,3386.9212779648988,3417.410400390625,261609
2021-11-09 00:00:00+05:30,3419.85330908688,3478.660310433612,3412.6155243057437,3432.926513671875,521920
2021-11-10 00:00:00+05:30,3428.900470668332,3439.3953467404467,3387.2832090190595,3412.343994140625,373526
2021-11-11 00:00:00+05:30,3414.8772554907146,3421.527058461165,3370.998186238814,3392.666259765625,446382
2021-11-12 00:00:00+05:30,3421.6626333310164,3421.6626333310164,3271.2071433795836,3288.713623046875,745428
2021-11-15 00:00:00+05:30,3303.1439912788273,3323.8620616232893,3238.9539324196367,3258.04345703125,551238
2021-11-16 00:00:00+05:30,3268.6740604929355,3303.867922265958,3241.713488314725,3264.874267578125,473529
2021-11-17 00:00:00+05:30,3266.0503806564984,3296.8109659590805,3235.6515962409053,3242.3466796875,348752
2021-11-18 00:00:00+05:30,3248.40810370273,3252.3887967618966,3189.1487440613073,3209.55029296875,384426
2021-11-22 00:00:00+05:30,3229.8613242669135,3229.8613242669135,3099.5812036242146,3116.047119140625,422572
2021-11-23 00:00:00+05:30,3112.2473702383927,3119.9375163567142,3054.390373912363,3107.588134765625,713102
2021-11-24 00:00:00+05:30,3129.4372185066773,3129.4372185066773,3063.0756904388636,3082.482177734375,287005
2021-11-25 00:00:00+05:30,3077.8680085799415,3088.634125196359,3055.2952112467415,3068.54931640625,264226
2021-11-26 00:00:00+05:30,3048.916510146559,3061.1302706471465,3003.680360144385,3016.889404296875,341506
2021-11-29 00:00:00+05:30,3004.585495076882,3034.7580996168904,2936.9121612196022,2983.957763671875,403739
2021-11-30 00:00:00+05:30,2981.9672497596302,3006.3494924104652,2915.9677457347225,2931.57421875,682518
2021-12-01 00:00:00+05:30,2967.4916441631754,2980.338667471122,2919.8127829588016,2939.94287109375,551434
2021-12-02 00:00:00+05:30,2949.351782386079,3019.3774770776718,2928.13607161703,3011.280029296875,502905
2021-12-03 00:00:00+05:30,3017.251353193287,3024.6247576535784,2968.034507927841,2974.59375,315536
2021-12-06 00:00:00+05:30,2983.5955189780752,2985.5858653790674,2933.7451939042858,2940.12353515625,251407
2021-12-07 00:00:00+05:30,2971.9700638054746,3000.966482952351,2950.3019900233994,2973.3271484375,286908
2021-12-08 00:00:00+05:30,2988.1646503264164,3019.9202972392004,2982.8719320677924,3014.58251953125,334037
2021-12-09 00:00:00+05:30,3030.8219500909627,3030.8219500909627,2991.0141394032007,3022.679443359375,237723
2021-12-10 00:00:00+05:30,3003.861271715581,3043.669083865219,3003.680371290829,3026.072265625,220039
2021-12-13 00:00:00+05:30,3046.2025951754777,3051.133291760968,2981.062533740184,2990.516845703125,214515
2021-12-14 00:00:00+05:30,2985.586264605679,2990.109880158112,2956.6351250701086,2978.03173828125,181626
2021-12-15 00:00:00+05:30,2976.2221122492533,3012.5921557972188,2962.9680078332494,2980.610107421875,295667
2021-12-16 00:00:00+05:30,3010.692135034089,3010.692135034089,2919.8580290031314,2943.19970703125,324140
2021-12-17 00:00:00+05:30,2938.5857958555375,2951.025738001008,2849.063492737339,2876.250244140625,3170631
2021-12-20 00:00:00+05:30,2849.7870230875815,2868.9673282914173,2738.6419298493674,2809.345947265625,595625
2021-12-21 00:00:00+05:30,2815.4979992212893,2858.9699839057594,2797.403539072052,2832.5068359375,326850
2021-12-22 00:00:00+05:30,2833.592655562616,2871.1839433013274,2828.1643171419983,2837.075927734375,294578
2021-12-23 00:00:00+05:30,2849.8774835756385,2886.9258466861934,2839.020807447731,2871.681396484375,224147
2021-12-24 00:00:00+05:30,2878.1955719036155,2890.590233894933,2836.30684922085,2851.732421875,123753
2021-12-27 00:00:00+05:30,2845.354089813962,2871.726679273888,2824.545458950458,2853.587158203125,94069
2021-12-28 00:00:00+05:30,2860.010574605489,2883.85011626777,2849.8777202206365,2873.44580078125,214640
2021-12-29 00:00:00+05:30,2884.935849571959,2957.5398799688696,2851.7325552361585,2951.6591796875,563709
2021-12-30 00:00:00+05:30,2965.682223308885,2966.72256648747,2883.3524239430803,2895.837646484375,594987
2021-12-31 00:00:00+05:30,2922.2554679084597,2953.649313743806,2910.4940681924195,2939.67138671875,248103
2022-01-03 00:00:00+05:30,2948.221126468309,2978.891372134733,2941.7071643139143,2964.8681640625,266680
2022-01-04 00:00:00+05:30,2971.1107837247196,3000.061924126422,2959.032641486516,2975.77001953125,244503
2022-01-05 00:00:00+05:30,2975.76970553866,3044.393036633051,2968.396301097486,3038.5576171875,312215
2022-01-06 00:00:00+05:30,3026.1175888820117,3102.2952226731522,3015.4418131144985,3092.524169921875,410181
2022-01-07 00:00:00+05:30,3109.9854864965223,3109.9854864965223,3055.2497419341835,3069.27294921875,263996
2022-01-10 00:00:00+05:30,3089.4485297592632,3122.425643044825,3080.0845571899354,3107.814453125,318473
2022-01-11 00:00:00+05:30,3087.819712724254,3117.6302924962483,3087.819712724254,3109.306884765625,225782
2022-01-12 00:00:00+05:30,3117.766228991222,3123.1040066994783,3088.950711145334,3112.337890625,198452
2022-01-13 00:00:00+05:30,3117.5852866625655,3143.2795555989696,3103.2002775180654,3122.199462890625,291271
2022-01-14 00:00:00+05:30,3122.199068698261,3132.331922108372,3098.6762707306702,3105.733154296875,127752
2022-01-17 00:00:00+05:30,3121.294340932597,3190.9580117302235,3106.864053300445,3157.257080078125,646271
2022-01-18 00:00:00+05:30,3156.533350729461,3163.997315678219,3069.3634198859945,3076.917724609375,656590
2022-01-19 00:00:00+05:30,3076.9176428772525,3132.4224872827735,3060.723189528039,3109.35205078125,694189
2022-01-20 00:00:00+05:30,3075.0631373665224,3119.4851282111827,2981.0624992621365,2993.50244140625,874508
2022-01-21 00:00:00+05:30,2993.5026213812157,3142.9628365334806,2958.4446005036875,3093.97216796875,1609260
2022-01-24 00:00:00+05:30,3095.057414009238,3125.0941737342473,3030.8220803656673,3060.044677734375,788137
2022-01-25 00:00:00+05:30,3038.9648508870937,3157.4835753486027,3011.5969774904474,3138.574951171875,571406
2022-01-27 00:00:00+05:30,3116.771068956702,3199.824693431684,3070.8110914562412,3167.526123046875,664333
2022-01-28 00:00:00+05:30,3171.054198214238,3222.8948716505597,3153.0502983936385,3163.997314453125,575466
2022-01-31 00:00:00+05:30,3184.625199458167,3244.020180522336,3154.7693382132466,3225.02099609375,470500
2022-02-01 00:00:00+05:30,3236.194498044395,3250.082085849707,3176.9804158862466,3197.698486328125,487464
2022-02-02 00:00:00+05:30,3202.719415775283,3243.431950721579,3185.9367599714933,3198.19580078125,212256
2022-02-03 00:00:00+05:30,3211.7668752738164,3303.0986243539114,3185.5299064335513,3276.0927734375,760774
2022-02-04 00:00:00+05:30,3276.0926050705953,3276.0926050705953,3211.766710212786,3225.654296875,296588
2022-02-07 00:00:00+05:30,3229.8613511624353,3229.8613511624353,3137.57959827208,3144.8173828125,286849
2022-02-08 00:00:00+05:30,3144.9079556216366,3178.2468682619597,3117.5851421722637,3129.120361328125,397493
2022-02-09 00:00:00+05:30,3123.103978192831,3229.861298420744,3123.103978192831,3224.02587890625,352729
2022-02-10 00:00:00+05:30,3223.845098980413,3240.311014980562,3207.831323643902,3229.2734375,239918
2022-02-11 00:00:00+05:30,3193.6723114069837,3234.384847954665,3173.7684046503396,3226.830322265625,339577
2022-02-14 00:00:00+05:30,3134.8653126560243,3200.91009413478,3131.563161933945,3155.628662109375,282645
2022-02-15 00:00:00+05:30,3157.483451024235,3257.907709781739,3142.781701431357,3247.23193359375,357052
2022-02-16 00:00:00+05:30,3256.0981156881776,3293.1917591289157,3230.8564320401174,3245.15087890625,244587
2022-02-17 00:00:00+05:30,3248.046097236692,3311.286145934237,3248.046097236692,3254.56005859375,513917
2022-02-18 00:00:00+05:30,3254.288674090153,3295.453571135219,3224.071013841896,3286.089599609375,277299
2022-02-21 00:00:00+05:30,3278.851849235991,3291.3370711056446,3227.463758330752,3238.4560546875,344326
2022-02-22 00:00:00+05:30,3184.6251247672044,3270.5738142140467,3180.1015095331604,3257.63623046875,432562
2022-02-23 00:00:00+05:30,3270.6645839992643,3293.1015402910393,3229.8614836273446,3239.18017578125,209392
2022-02-24 00:00:00+05:30,3153.412178427229,3220.180783431714,3107.723664581131,3147.44091796875,628362
2022-02-25 00:00:00+05:30,3157.5741154044044,3220.814170455588,3157.5741154044044,3174.13037109375,327777
2022-02-28 00:00:00+05:30,3164.449674433224,3221.7186859842736,3119.530264678056,3193.989013671875,387040
2022-03-02 00:00:00+05:30,3164.992661881312,3164.992661881312,3015.4418988686043,3050.99755859375,982580
2022-03-03 00:00:00+05:30,3075.153842798944,3080.4012809990704,2966.5870698845947,2982.962646484375,536758
2022-03-04 00:00:00+05:30,2941.2545833690397,2972.874609229637,2850.782279974114,2933.20263671875,509620
2022-03-07 00:00:00+05:30,2881.5429900810063,2966.5869590190327,2827.2596056524785,2926.46240234375,335205
2022-03-08 00:00:00+05:30,2921.3506965783513,3034.848157786675,2873.128914363516,3001.056884765625,557492
2022-03-09 00:00:00+05:30,3003.6803800726266,3039.8693003144654,2979.2528589093854,3020.8701171875,508262
2022-03-10 00:00:00+05:30,3075.1536809315717,3112.24732639147,3062.849358963744,3096.279052734375,350154
2022-03-11 00:00:00+05:30,3076.0583135909656,3117.22321161108,3063.799272312343,3096.866943359375,156038
2022-03-14 00:00:00+05:30,3077.8677688486737,3134.820039795914,3047.107185620909,3123.6015625,245299
2022-03-15 00:00:00+05:30,3113.152060085148,3161.1023824288022,3099.8979555627734,3124.958740234375,229544
2022-03-16 00:00:00+05:30,3157.528755972707,3249.9461280899054,3149.3409681135167,3229.680419921875,262987
2022-03-17 00:00:00+05:30,3238.9085450256525,3315.6743847868506,3234.972911374668,3302.646240234375,429272
2022-03-21 00:00:00+05:30,3302.646344667929,3363.7604332949295,3239.1348282152153,3247.096435546875,432309
2022-03-22 00:00:00+05:30,3238.908670793177,3313.095964370004,3224.885462860972,3308.07470703125,213667
2022-03-23 00:00:00+05:30,3315.764741523306,3332.411778390002,3247.95579221006,3258.360107421875,281347
2022-03-24 00:00:00+05:30,3248.2271274777563,3291.2918110280593,3229.5897447727752,3242.436767578125,385957
2022-03-25 00:00:00+05:30,3249.7652335100943,3310.5172986744365,3249.7652335100943,3306.1748046875,492945
2022-03-28 00:00:00+05:30,3306.1746733144505,3380.9499429461353,3297.7607050097017,3336.392333984375,688267
2022-03-29 00:00:00+05:30,3345.4850603176296,3379.1407148275302,3312.0555865784672,3337.614013671875,376929
2022-03-30 00:00:00+05:30,3374.3004041322774,3374.3004041322774,3316.0363251451217,3324.043212890625,343930
2022-03-31 00:00:00+05:30,3329.380891989461,3361.181819494509,3289.663637635253,3304.953369140625,511249
2022-04-01 00:00:00+05:30,3289.5730915884774,3389.0926295628265,3289.5730915884774,3383.57373046875,391985
2022-04-04 00:00:00+05:30,3392.711409835683,3412.6153167733855,3362.3126272516956,3405.060791015625,419517
2022-04-05 00:00:00+05:30,3406.2825534455346,3455.997044810592,3406.2825534455346,3446.7236328125,339228
2022-04-06 00:00:00+05:30,3438.85234925145,3446.9948567871675,3385.1118878675743,3439.576171875,240470
2022-04-07 00:00:00+05:30,3439.6215975502632,3455.680432535408,3411.7560819634887,3439.9833984375,224527
2022-04-08 00:00:00+05:30,3449.075689189377,3470.5175810590936,3408.0916913059455,3447.3115234375,229962
2022-04-11 00:00:00+05:30,3456.041771342571,3460.565386226527,3409.1317966440915,3426.321533203125,135225
2022-04-12 00:00:00+05:30,3409.4485207296734,3416.867204925774,3325.806926125858,3358.376953125,266145
2022-04-13 00:00:00+05:30,3358.3771352668,3390.449522194755,3319.519325679349,3345.032470703125,198206
2022-04-18 00:00:00+05:30,3338.4280508145844,3400.175398908919,3297.941694371779,3360.684326171875,373718
2022-04-19 00:00:00+05:30,3383.664155577093,3414.9676609832213,3273.6046865690714,3308.707763671875,211918
2022-04-20 00:00:00+05:30,3316.7147039879815,3379.0953141601067,3304.3200423688663,3366.248291015625,174080
2022-04-21 00:00:00+05:30,3351.998745979677,3383.2116897681517,3329.4712314233298,3349.601318359375,216475
2022-04-22 00:00:00+05:30,3320.333496428878,3342.725391261743,3277.6758942203483,3295.45361328125,228316
2022-04-25 00:00:00+05:30,3258.812515946749,3369.8672733960725,3257.003069796862,3332.0498046875,444222
2022-04-26 00:00:00+05:30,3351.9534197153353,3532.943299233561,3351.9534197153353,3521.2724609375,1107122
2022-04-27 00:00:00+05:30,3501.2782057393565,3545.60963521771,3479.564852525469,3533.531494140625,541564
2022-04-28 00:00:00+05:30,3618.8922978418923,3618.8922978418923,3442.4712983221,3469.070068359375,1628318
2022-04-29 00:00:00+05:30,3442.4712722118675,3474.136579577811,3357.7440452831406,3374.2099609375,594650
2022-05-02 00:00:00+05:30,3365.569806216303,3365.569806216303,3262.4313766709647,3278.21875,376660
2022-05-04 00:00:00+05:30,3279.6209369180374,3332.094871908726,3153.3215153816955,3163.725830078125,575428
2022-05-05 00:00:00+05:30,3201.633825662753,3252.479214548756,3175.9395597015377,3188.1533203125,323081
2022-05-06 00:00:00+05:30,3155.9454087792606,3216.29039106867,3130.3417026997463,3166.304443359375,436366
2022-05-09 00:00:00+05:30,3157.4835267075305,3243.1607575972735,3148.436295971979,3228.73046875,502719
2022-05-10 00:00:00+05:30,3225.292524933826,3299.2536372985783,3202.7197280883443,3250.71533203125,507087
2022-05-11 00:00:00+05:30,3257.002882911569,3282.2898472293564,3200.276793543455,3268.628662109375,437746
2022-05-12 00:00:00+05:30,3243.432373046875,3305.8582680929653,3201.996010130203,3243.432373046875,777332
2022-05-13 00:00:00+05:30,3273.3334066138445,3380.045450468634,3273.3334066138445,3295.092041015625,633218
2022-05-16 00:00:00+05:30,3302.239325019865,3370.093557725753,3302.239325019865,3361.8154296875,401803
2022-05-17 00:00:00+05:30,3370.183948085505,3426.1862169636547,3370.183948085505,3386.287841796875,402398
2022-05-18 00:00:00+05:30,3386.3782348295144,3464.6367753886257,3380.2260741703267,3429.98583984375,507061
2022-05-19 00:00:00+05:30,3340.1470332404047,3418.0437783730836,3329.42619732624,3346.16357421875,261026
2022-05-20 00:00:00+05:30,3401.7588102324557,3482.279165049128,3379.140733036761,3426.91015625,396832
2022-05-23 00:00:00+05:30,3470.517523328177,3505.349359784938,3410.8058036880157,3425.4169921875,339483
2022-05-24 00:00:00+05:30,3453.6897916376597,3475.9460677214192,3411.756009475478,3422.8388671875,369304
2022-05-25 00:00:00+05:30,3451.111257401837,3455.1372306850726,3385.6997385522945,3430.52880859375,225253
2022-05-26 00:00:00+05:30,3438.943065828788,3501.2783991043884,3396.375799772271,3489.833740234375,419826
2022-05-27 00:00:00+05:30,3505.8019663222817,3519.3728126435294,3458.801646072293,3467.848876953125,422591
2022-05-30 00:00:00+05:30,3492.231235934472,3531.2699501293855,3476.89622325831,3489.24560546875,271827
2022-05-31 00:00:00+05:30,3506.706545642436,3580.8938358237265,3473.231792755757,3495.9404296875,1154256
2022-06-01 00:00:00+05:30,3507.792262976212,3532.0388855674114,3354.0799008521776,3365.660400390625,784215
2022-06-02 00:00:00+05:30,3365.6603901273375,3392.620960982256,3317.0315249838113,3337.251953125,346754
2022-06-03 00:00:00+05:30,3364.6648421873833,3378.145126556311,3302.23895509114,3322.776123046875,409815
2022-06-06 00:00:00+05:30,3311.286127951434,3501.051774218596,3302.691259586533,3453.32763671875,1136609
2022-06-07 00:00:00+05:30,3406.2823753282028,3486.485987526896,3406.2823753282028,3468.798828125,561644
2022-06-08 00:00:00+05:30,3468.2559712996176,3483.1839023095154,3409.041889136288,3432.655029296875,346603
2022-06-09 00:00:00+05:30,3432.6546666105514,3523.89606910074,3419.31000242076,3509.103759765625,627869
2022-06-10 00:00:00+05:30,3579.3561646386047,3592.6555504782914,3483.184051710255,3511.23046875,1412838
2022-06-13 00:00:00+05:30,3460.565868432971,3523.941765964127,3432.9265334647175,3511.45654296875,519745
2022-06-14 00:00:00+05:30,3514.8490724546114,3542.6693064257774,3259.671890341532,3330.964111328125,1733394
2022-06-15 00:00:00+05:30,3347.4752330727256,3386.0615822048,3297.7154660946176,3345.75634765625,753821
2022-06-16 00:00:00+05:30,3380.769032723503,3380.769032723503,3286.858738865697,3309.65771484375,438590
2022-06-17 00:00:00+05:30,3320.3335044606233,3360.096037265905,3271.116660212302,3283.194580078125,727356
2022-06-20 00:00:00+05:30,3275.323702996793,3292.1063601664655,3234.2040835303783,3271.433349609375,268242
2022-06-21 00:00:00+05:30,3285.0491039280573,3324.8569146063373,3271.523539703068,3297.94140625,424763
2022-06-22 00:00:00+05:30,3297.7155967294902,3366.926911722578,3269.804801612441,3289.25634765625,585483
2022-06-23 00:00:00+05:30,3329.47134281266,3434.328654637972,3316.036117337151,3424.19580078125,1186420
2022-06-24 00:00:00+05:30,3438.6713166291383,3475.357879458503,3421.617199260825,3450.025634765625,558798
2022-06-27 00:00:00+05:30,3501.2785022264584,3581.3012186505066,3453.3281764853728,3493.31689453125,1819576
2022-06-28 00:00:00+05:30,3474.091306839528,3534.9339332684635,3422.612652532559,3518.468017578125,799053
2022-06-29 00:00:00+05:30,3510.3255256688376,3528.419987141357,3488.6574522314263,3499.061767578125,524392
2022-06-30 00:00:00+05:30,3520.1353601848054,3537.3606475508345,3465.6905999472806,3479.395751953125,715926
2022-07-01 00:00:00+05:30,3443.1147463240877,3453.205801004689,3380.36260425745,3402.422119140625,756589
2022-07-04 00:00:00+05:30,3421.0084145282126,3468.64758193288,3386.8397240598883,3454.191650390625,536505
2022-07-05 00:00:00+05:30,3473.2001908708676,3473.2001908708676,3438.468188962159,3457.007568359375,294980
2022-07-06 00:00:00+05:30,3456.3037678622927,3545.762192045375,3449.8735619037043,3541.772705078125,333226
2022-07-07 00:00:00+05:30,3554.210415723421,3600.9578604493718,3552.990056262659,3562.846435546875,534547
2022-07-08 00:00:00+05:30,3595.2318442350897,3595.2318442350897,3560.2181827890327,3590.538330078125,326804
2022-07-11 00:00:00+05:30,3585.844764106511,3621.51547118401,3562.3771936607873,3612.644775390625,372417
2022-07-12 00:00:00+05:30,3616.8217764282685,3626.208804137659,3597.155999212191,3611.987548828125,244636
2022-07-13 00:00:00+05:30,3621.515491064924,3641.1812693713,3612.128462835103,3624.096923828125,308508
2022-07-14 00:00:00+05:30,3622.360016640985,3647.7519723285827,3605.5573287784687,3626.396484375,377688
2022-07-15 00:00:00+05:30,3626.2088790861512,3678.776235345231,3624.33147350547,3673.47265625,281730
2022-07-18 00:00:00+05:30,3689.1021767767947,3745.4243474146083,3684.502624511573,3739.839111328125,513318
2022-07-19 00:00:00+05:30,3733.2678883420654,3788.6043706662294,3722.895176923257,3756.6884765625,512451
2022-07-20 00:00:00+05:30,3771.7076144507723,3806.4396158780196,3753.8722623665103,3756.7353515625,377717
2022-07-21 00:00:00+05:30,3759.176093364572,3821.0837266451686,3748.662667792084,3808.3642578125,371547
2022-07-22 00:00:00+05:30,3815.826838271423,3840.233110791732,3797.2874581838805,3805.970458984375,280291
2022-07-25 00:00:00+05:30,3805.970625986984,3824.2283502037894,3753.215572751799,3774.664794921875,372987
2022-07-26 00:00:00+05:30,3767.953162390951,3782.972407681996,3676.89898781399,3684.971923828125,882407
2022-07-27 00:00:00+05:30,3691.9181573711753,3717.263133279902,3609.453023716474,3645.781005859375,514997
2022-07-28 00:00:00+05:30,3645.921842348782,3673.801270951828,3611.189837156479,3621.750244140625,423758
2022-07-29 00:00:00+05:30,3660.002214538768,3709.9881386024226,3640.2894557531013,3674.505126953125,412805
2022-08-01 00:00:00+05:30,3679.667917736072,3743.781363464512,3675.021384808767,3729.747802734375,459482
2022-08-02 00:00:00+05:30,3729.747937847988,3759.5047712258383,3699.7564287665655,3751.244140625,398168
2022-08-03 00:00:00+05:30,3753.8726229226977,3764.1983540685214,3720.1263019675816,3758.0498046875,312355
2022-08-04 00:00:00+05:30,3765.136899193113,3787.665766203992,3732.282301468915,3765.7939453125,310996
2022-08-05 00:00:00+05:30,3778.2788703840897,3790.716682814547,3748.287360962351,3767.1083984375,287542
2022-08-08 00:00:00+05:30,3767.0141199363416,3792.2651321351495,3754.8109842375698,3776.072509765625,238574
2022-08-10 00:00:00+05:30,3767.9528582335565,3816.765401489198,3767.9528582335565,3787.52490234375,218912
2022-08-11 00:00:00+05:30,3801.840370932934,3809.4907072215506,3775.791367760286,3786.2578125,277432
2022-08-12 00:00:00+05:30,3786.257770963445,3811.1333953419085,3767.7183905304396,3790.48193359375,217139
2022-08-16 00:00:00+05:30,3790.4818183065936,3848.6813905539957,3790.4818183065936,3840.373779296875,302627
2022-08-17 00:00:00+05:30,3844.081972058992,3867.878179982236,3811.133411730729,3818.549072265625,313179
2022-08-18 00:00:00+05:30,3828.968696140586,3828.968696140586,3792.8286385771116,3811.743408203125,451908
2022-08-19 00:00:00+05:30,3803.6237101285565,3837.839381034374,3801.746304546065,3824.79150390625,223883
2022-08-22 00:00:00+05:30,3782.972040534978,3823.711647762858,3763.071588290832,3793.861083984375,388178
2022-08-23 00:00:00+05:30,3778.2790090477606,3823.196032539809,3769.877664291314,3815.310791015625,172256
2022-08-24 00:00:00+05:30,3802.1688068201565,3833.6153514174116,3802.1688068201565,3816.531005859375,245586
2022-08-25 00:00:00+05:30,3823.336352349917,3844.5978782541733,3802.778853517663,3813.90234375,374693
2022-08-26 00:00:00+05:30,3825.2140791898655,3871.539156089027,3793.720553021804,3805.876708984375,453561
2022-08-29 00:00:00+05:30,3778.2318111311683,3801.7463622438486,3741.200031289595,3783.019287109375,608621
2022-08-30 00:00:00+05:30,3801.980996690324,3875.8570900213385,3765.6532443470583,3834.460205078125,740581
2022-09-01 00:00:00+05:30,3764.198523944354,3878.4855988296968,3764.198523944354,3826.4345703125,510034
2022-09-02 00:00:00+05:30,3829.9075392085288,3851.309780351945,3778.6542731165696,3783.817138671875,556543
2022-09-05 00:00:00+05:30,3801.7464078164494,3807.237910964603,3702.5255659216223,3714.118408203125,799837
2022-09-06 00:00:00+05:30,3719.14037620298,3745.424053773319,3679.2455084622866,3688.53857421875,508096
2022-09-07 00:00:00+05:30,3675.0214947108843,3696.142307898878,3577.584097368509,3609.92236328125,724097
2022-09-08 00:00:00+05:30,3627.992286535906,3642.1198092247378,3604.6186789597195,3610.814208984375,493973
2022-09-09 00:00:00+05:30,3628.8842735231738,3642.166826335621,3599.92520077245,3612.691650390625,485613
2022-09-12 00:00:00+05:30,3604.618782521568,3651.3662281924926,3590.538240402343,3633.0615234375,369281
2022-09-13 00:00:00+05:30,3628.086330562302,3651.5539006176855,3618.6993025401484,3629.494384765625,507487
2022-09-14 00:00:00+05:30,3581.1512046067423,3678.7293154476265,3577.959706736791,3614.240478515625,576311
2022-09-15 00:00:00+05:30,3628.086400123159,3646.4850670695305,3521.4029162761512,3537.0322265625,351737
2022-09-16 00:00:00+05:30,3567.0705447984196,3567.0705447984196,3450.765362652685,3463.390869140625,579176
2022-09-19 00:00:00+05:30,3473.200525749174,3503.098303026161,3436.6850767567676,3480.94482421875,454942
2022-09-20 00:00:00+05:30,3498.357636162138,3574.4862956342854,3496.667925289317,3537.595458984375,268923
2022-09-21 00:00:00+05:30,3542.523701336296,3574.063978337349,3495.7292744535566,3501.9248046875,197924
2022-09-22 00:00:00+05:30,3491.974493985494,3529.5226068240477,3473.2004375662173,3500.328857421875,149651
2022-09-23 00:00:00+05:30,3501.361719799766,3538.9098347574045,3457.242684724541,3472.16796875,158122
2022-09-26 00:00:00+05:30,3444.0065166212858,3460.76245281109,3347.4140928254824,3355.39306640625,517637
2022-09-27 00:00:00+05:30,3369.943202269814,3374.5897355019106,3294.9409368755682,3324.79150390625,344198
2022-09-28 00:00:00+05:30,3308.92734587138,3354.829820786465,3290.1532900082802,3328.546142578125,181128
2022-09-29 00:00:00+05:30,3344.5979859082818,3345.3959749368864,3252.652094971075,3263.587890625,350931
2022-09-30 00:00:00+05:30,3272.7872987219635,3336.1027564861192,3249.0850531195742,3311.5087890625,276996
2022-10-03 00:00:00+05:30,3311.508964242621,3341.688169064633,3261.9923891270946,3299.869140625,442640
2022-10-04 00:00:00+05:30,3332.864078516485,3379.2359022043333,3322.256691718924,3360.180419921875,317554
2022-10-06 00:00:00+05:30,3376.983255925181,3395.428673908616,3351.168929437914,3374.307861328125,353529
2022-10-07 00:00:00+05:30,3360.6028388063824,3444.006440957106,3360.5558578336077,3382.662353515625,591544
2022-10-10 00:00:00+05:30,3339.2946588552613,3402.703852723557,3312.729322494535,3395.2412109375,240975
2022-10-11 00:00:00+05:30,3412.2316633692203,3412.2316633692203,3303.8584708047597,3312.447509765625,258827
2022-10-12 00:00:00+05:30,3329.0153483905074,3429.0811534349564,3300.3381626541195,3402.328125,496229
2022-10-13 00:00:00+05:30,3395.147352202875,3425.138861166571,3369.943090067964,3383.8359375,336605
2022-10-14 00:00:00+05:30,3435.6053493718546,3438.4684388155765,3334.413139271312,3351.638427734375,499983
2022-10-17 00:00:00+05:30,3360.556052642343,3449.545124675903,3358.6786470263414,3406.552490234375,921084
2022-10-18 00:00:00+05:30,3423.5898581975857,3440.205081257392,3381.301479992239,3389.9375,496519
2022-10-19 00:00:00+05:30,3406.927720346106,3489.1111931779583,3401.624141399146,3431.756591796875,456361
2022-10-20 00:00:00+05:30,3406.881123405269,3476.8612343092595,3366.18826506178,3465.550048828125,310251
2022-10-21 00:00:00+05:30,3472.2618165563354,3492.3032139263128,3418.5210787899528,3443.725341796875,207556
2022-10-24 00:00:00+05:30,3487.2809321608056,3491.9744462013987,3454.4263338766527,3473.0126953125,29986
2022-10-25 00:00:00+05:30,3472.2616779738405,3498.5453565310904,3420.6330236649565,3430.114013671875,351456
2022-10-27 00:00:00+05:30,3464.3766303920243,3464.3766303920243,3385.1029959339144,3400.26318359375,333703
2022-10-28 00:00:00+05:30,3417.3007717636433,3491.0359270556464,3408.430075595335,3445.696533203125,500485
2022-10-31 00:00:00+05:30,3462.9685017884,3479.1611246705497,3434.807418515096,3446.77587890625,314769
2022-11-01 00:00:00+05:30,3460.574952303017,3514.6910786029744,3438.4684548946807,3503.89599609375,514106
2022-11-02 00:00:00+05:30,3516.3806487327493,3516.3806487327493,3467.1927142434147,3507.74462890625,317571
2022-11-03 00:00:00+05:30,3523.8903634877684,3580.2125323234814,3502.3471797432067,3542.195068359375,637882
2022-11-04 00:00:00+05:30,3547.7804140460403,3576.3638697795236,3532.2448361597076,3539.9423828125,230932
2022-11-07 00:00:00+05:30,3557.683568345838,3584.577311565646,3528.1144305086627,3538.768798828125,272013
2022-11-09 00:00:00+05:30,3557.683435814007,3561.4382468280587,3489.95612381824,3510.325927734375,249436
2022-11-10 00:00:00+05:30,3510.3262863730615,3538.909742302714,3489.1584912836042,3496.292724609375,291055
2022-11-11 00:00:00+05:30,3513.799128254897,3552.0042849897536,3481.1792071417312,3499.1552734375,268871
2022-11-14 00:00:00+05:30,3516.662402436881,3537.0322076917273,3483.009814841592,3497.606689453125,200313
2022-11-15 00:00:00+05:30,3497.653772097034,3556.7450701967146,3497.653772097034,3533.418212890625,296104
2022-11-16 00:00:00+05:30,3526.7063566337915,3565.6625221382637,3510.419771674379,3517.74169921875,329588
2022-11-17 00:00:00+05:30,3519.1966787516,3536.42196622203,3452.924171631991,3467.708740234375,185433
2022-11-18 00:00:00+05:30,3467.7088187991208,3479.630527568352,3399.042801404759,3410.26025390625,327528
2022-11-21 00:00:00+05:30,3393.410603048591,3422.3226949622212,3385.3376673434814,3397.634765625,226673
2022-11-22 00:00:00+05:30,3413.123507724115,3419.6944275684687,3365.249663143826,3397.259521484375,322261
2022-11-23 00:00:00+05:30,3400.168977116567,3430.160483455098,3374.636308738121,3386.69873046875,340707
2022-11-24 00:00:00+05:30,3395.4757456029884,3407.1625497080113,3377.875067982325,3398.244873046875,397640
2022-11-25 00:00:00+05:30,3409.6031707329835,3428.7995967380652,3380.2687088745192,3417.11279296875,224797
2022-11-28 00:00:00+05:30,3407.6789321408496,3482.5874630297967,3407.6789321408496,3451.32861328125,185431
2022-11-29 00:00:00+05:30,3454.7548248071066,3470.384134228313,3428.142509656965,3435.74609375,134922
2022-11-30 00:00:00+05:30,3449.685744694757,3541.6316364050413,3445.9779145389984,3520.79248046875,1267676
2022-12-01 00:00:00+05:30,3514.550142698525,3514.550142698525,3374.0263842306726,3480.33447265625,514227
2022-12-02 00:00:00+05:30,3479.771333774288,3484.7934855026697,3417.629253281936,3435.042236328125,349992
2022-12-05 00:00:00+05:30,3446.9165004219212,3446.9165004219212,3415.0006068994962,3435.55810546875,163476
2022-12-06 00:00:00+05:30,3428.142566810765,3473.012605716386,3418.849500920327,3468.319091796875,251515
2022-12-07 00:00:00+05:30,3468.319066577697,3481.2262297625,3407.068710373449,3411.85595703125,167024
2022-12-08 00:00:00+05:30,3412.2317245616987,3434.291240785705,3396.2267956789697,3413.26416015625,141912
2022-12-09 00:00:00+05:30,3426.2653858140116,3444.3823965658817,3380.2689463880156,3395.2412109375,166035
2022-12-12 00:00:00+05:30,3395.2410476053783,3402.422261532745,3354.5014377438088,3376.279296875,171844
2022-12-13 00:00:00+05:30,3393.1759310708126,3418.7555822560066,3371.1633963447066,3413.827392578125,126272
2022-12-14 00:00:00+05:30,3426.265310639619,3443.1149805102687,3417.816985216124,3428.189697265625,132320
2022-12-15 00:00:00+05:30,3412.1848545122775,3431.8976143320187,3388.7172832983006,3397.447265625,161541
2022-12-16 00:00:00+05:30,3392.2372238510034,3405.519776723871,3322.0691899574404,3332.01953125,228381
2022-12-19 00:00:00+05:30,3348.681387024286,3413.451877550708,3332.3948024463634,3407.25634765625,238078
2022-12-20 00:00:00+05:30,3411.2458804648722,3411.2458804648722,3361.8700228859143,3392.096435546875,152284
2022-12-21 00:00:00+05:30,3393.4107111817225,3432.9769435713615,3372.383859579314,3389.702880859375,149348
2022-12-22 00:00:00+05:30,3406.69303449183,3424.293711266154,3362.0109205593667,3380.1279296875,158182
2022-12-23 00:00:00+05:30,3360.5561564443838,3379.3302131842966,3316.437123105589,3324.69775390625,122024
2022-12-26 00:00:00+05:30,3324.8852384405545,3355.6747353826104,3308.035569416812,3334.4599609375,140091
2022-12-27 00:00:00+05:30,3337.0883975428956,3379.3300228282483,3332.3948836223008,3370.834716796875,115917
2022-12-28 00:00:00+05:30,3360.5561220871214,3383.976711795618,3332.395037265162,3366.986328125,229748
2022-12-29 00:00:00+05:30,3359.6174476947804,3379.3302072369966,3323.00803711638,3350.042724609375,748244
2022-12-30 00:00:00+05:30,3360.5559591126826,3419.7881963191917,3348.962888086332,3394.396240234375,287867
2023-01-02 00:00:00+05:30,3395.2881560286737,3398.104264535195,3304.6563514253776,3354.876953125,471328
2023-01-03 00:00:00+05:30,3344.1286778439785,3398.1040880828637,3344.1286778439785,3380.92578125,218996
2023-01-04 00:00:00+05:30,3368.065624030663,3381.7237955150486,3326.2933497080976,3335.0703125,250071
2023-01-05 00:00:00+05:30,3349.2916309954744,3409.837962329333,3340.233240535876,3399.18359375,294998
2023-01-06 00:00:00+05:30,3396.2266917341617,3424.387775413549,3377.452635947903,3418.990234375,173591
2023-01-09 00:00:00+05:30,3436.1215411360517,3444.1005148007575,3384.9622394035246,3398.80810546875,200031
2023-01-10 00:00:00+05:30,3408.05454880088,3413.1234523569556,3344.8798032013087,3355.111572265625,247609
2023-01-11 00:00:00+05:30,3365.24954089722,3369.8960739261224,3314.6065706287177,3321.177490234375,308958
2023-01-12 00:00:00+05:30,3321.1772760791278,3360.5558101987363,3304.2806267541064,3351.450439453125,182941
2023-01-13 00:00:00+05:30,3360.555949631717,3396.085941495642,3337.2290938977394,3384.30517578125,180876
2023-01-16 00:00:00+05:30,3388.670221026082,3398.9959521125156,3341.782060700509,3363.512939453125,226147
2023-01-17 00:00:00+05:30,3369.9430373505143,3391.2515449827865,3349.4322895894816,3385.85400390625,106465
2023-01-18 00:00:00+05:30,3402.7977955722076,3415.7049596243783,3359.617464924947,3388.623291015625,306275
2023-01-19 00:00:00+05:30,3379.2832628232545,3406.5056453427596,3353.046564126624,3356.75439453125,226186
2023-01-20 00:00:00+05:30,3363.418928283648,3366.7513688753584,3333.5681350512614,3353.750244140625,191361
2023-01-23 00:00:00+05:30,3363.8416724941367,3404.6752465846894,3352.1078868359323,3401.436767578125,173482
2023-01-24 00:00:00+05:30,3403.7363132904684,3469.539470476841,3390.0781418739107,3460.52783203125,212778
2023-01-25 00:00:00+05:30,3462.874865875019,3510.748711947024,3448.5126662183166,3489.533935546875,375571
2023-01-27 00:00:00+05:30,3614.0057648629504,3750.1176702928537,3595.231708941584,3695.438232421875,2375899
2023-01-30 00:00:00+05:30,3698.4888571092615,3706.890200936889,3584.765109937121,3605.697998046875,654472
2023-01-31 00:00:00+05:30,3640.2896435908137,3640.2896435908137,3568.00952431374,3584.2021484375,359118
2023-02-01 00:00:00+05:30,3594.7153424322787,3648.174420325609,3529.6164416484307,3577.677978515625,328212
2023-02-02 00:00:00+05:30,3566.13185506753,3622.5479837183916,3510.7483911430804,3558.340576171875,309024
2023-02-03 00:00:00+05:30,3552.9899959093905,3621.515298340404,3538.1584462604587,3616.3994140625,242350
2023-02-06 00:00:00+05:30,3610.76715079647,3632.498028041243,3570.919264431124,3613.160888671875,205412
2023-02-07 00:00:00+05:30,3635.5960473692417,3656.247509554143,3584.1550866372063,3641.650634765625,246673
2023-02-08 00:00:00+05:30,3659.8614689390247,3659.8614689390247,3600.394555449581,3642.448486328125,309039
2023-02-09 00:00:00+05:30,3642.072966942852,3652.0233084703386,3597.3438693960816,3610.016357421875,249061
2023-02-10 00:00:00+05:30,3609.3122917176133,3613.020121968935,3567.164627367492,3596.780517578125,170034
2023-02-13 00:00:00+05:30,3614.803837250079,3672.768736243693,3589.5995749243593,3645.452392578125,372862
2023-02-14 00:00:00+05:30,3656.2002688941025,3667.464702013077,3625.7863911430622,3638.505859375,251160
2023-02-15 00:00:00+05:30,3629.588280899875,3672.1113337287584,3614.005722995467,3666.009765625,214072
2023-02-16 00:00:00+05:30,3670.3279724804665,3689.993750436536,3653.431321967769,3667.136474609375,166844
2023-02-17 00:00:00+05:30,3651.5538641868975,3679.7149479724003,3634.6572139155955,3655.59033203125,167844
2023-02-20 00:00:00+05:30,3656.2004451447133,3693.748557351338,3654.698658161742,3664.508056640625,169828
2023-02-21 00:00:00+05:30,3686.286021446402,3686.286021446402,3590.256675892951,3601.896728515625,177954
2023-02-22 00:00:00+05:30,3601.896442344033,3651.7884022331746,3581.104038760868,3605.275634765625,477992
2023-02-23 00:00:00+05:30,3611.658991943021,3635.3612374392037,3581.3388459286493,3597.01513671875,299446
2023-02-24 00:00:00+05:30,3598.564106235004,3637.37932887828,3598.564106235004,3613.958740234375,263732
2023-02-27 00:00:00+05:30,3567.0237327072223,3567.0237327072223,3403.7834040854395,3416.737548828125,822866
2023-02-28 00:00:00+05:30,3423.4492740363858,3513.5647471121997,3403.3611248334355,3436.77880859375,723245
2023-03-01 00:00:00+05:30,3445.0392212204015,3518.586676101118,3413.968067364269,3502.91015625,432887
2023-03-02 00:00:00+05:30,3502.347175276253,3527.035105086185,3454.4263508512213,3487.515625,276614
2023-03-03 00:00:00+05:30,3492.0213171627297,3518.2580139879756,3470.8065426974113,3503.23876953125,281411
2023-03-06 00:00:00+05:30,3493.570061930917,3542.664262758668,3490.237621254063,3494.83740234375,186747
2023-03-08 00:00:00+05:30,3495.541453186156,3583.779514384663,3483.5729927576353,3577.583984375,478922
2023-03-09 00:00:00+05:30,3577.584101765531,3603.445410002602,3568.009378943638,3579.7431640625,295897
2023-03-10 00:00:00+05:30,3595.231758250757,3609.6876898382798,3565.193268364589,3587.628173828125,530973
2023-03-13 00:00:00+05:30,3588.613827380418,3602.7413503710877,3537.3138109740685,3546.841552734375,247745
2023-03-14 00:00:00+05:30,3546.8418143266827,3561.8610602509607,3506.8999613617043,3522.85791015625,278919
2023-03-15 00:00:00+05:30,3543.5089907799584,3555.336737338723,3492.490632793667,3501.361328125,317890
2023-03-16 00:00:00+05:30,3511.640160410475,3577.396336759881,3511.640160410475,3567.25830078125,377544
2023-03-17 00:00:00+05:30,3583.7796176698816,3593.307359478161,3559.6080204215327,3580.587890625,396793
2023-03-20 00:00:00+05:30,3557.683618131981,3599.8782632296097,3553.0840660742488,3571.76416015625,331370
2023-03-21 00:00:00+05:30,3573.1722313773307,3681.5924054805964,3564.019879017964,3666.29150390625,803886
2023-03-22 00:00:00+05:30,3681.357751212179,3703.6519429865884,3650.239844679358,3683.4228515625,311063
2023-03-23 00:00:00+05:30,3663.2878527310513,3672.580919226652,3616.869042879399,3626.162109375,256313
2023-03-24 00:00:00+05:30,3609.406370183515,3644.8891540813693,3578.3352146089205,3593.260498046875,281359
2023-03-27 00:00:00+05:30,3599.8783245163922,3608.6552875311404,3567.0707068764036,3574.157958984375,198811
2023-03-28 00:00:00+05:30,3586.7835629282813,3598.7990051531956,3538.487347493384,3559.185791015625,144400
2023-03-29 00:00:00+05:30,3576.927207887316,3655.308895817664,3567.2115417251507,3641.510009765625,429300
2023-03-31 00:00:00+05:30,3638.0834452011186,3668.3098589511856,3623.392837929967,3646.625732421875,248433
2023-04-03 00:00:00+05:30,3665.4467670792296,3750.117714446401,3649.864208810833,3748.9443359375,497915
2023-04-05 00:00:00+05:30,3749.1791402322324,3780.1093529526293,3717.310224672519,3776.542236328125,584697
2023-04-06 00:00:00+05:30,3781.094979150357,3815.82698367582,3773.6323375266065,3786.351806640625,321813
2023-04-10 00:00:00+05:30,3787.7128921272524,3822.397915788317,3783.066358963542,3812.635498046875,218632
2023-04-11 00:00:00+05:30,3829.907354667829,3927.1098445077982,3821.0366592035116,3921.3369140625,685931
2023-04-12 00:00:00+05:30,3921.3372938013,4043.3219156063055,3914.8603356415238,4023.280517578125,992142
2023-04-13 00:00:00+05:30,4008.261039715044,4042.0075894202523,3998.9207633195756,4025.486328125,371608
2023-04-17 00:00:00+05:30,4046.7479813573173,4046.7479813573173,3962.3114767635902,3993.570556640625,718984
2023-04-18 00:00:00+05:30,3993.4762436251126,4004.5999630762194,3919.130801192031,3951.234619140625,235015
2023-04-19 00:00:00+05:30,3927.6268524382494,4033.512355055308,3923.824830724377,4004.318603515625,406755
2023-04-20 00:00:00+05:30,4003.567502573907,4065.0525369041743,3991.41111778959,4049.892578125,409146
2023-04-21 00:00:00+05:30,4058.01249439275,4071.154334531889,4020.5111315124454,4044.21337890625,237639
2023-04-24 00:00:00+05:30,4044.2132847728776,4088.004139183752,4020.1828586157358,4066.5546875,279716
2023-04-25 00:00:00+05:30,4073.970016670524,4106.824613579157,4051.5351121659633,4076.363525390625,367525
2023-04-26 00:00:00+05:30,4078.6637278927515,4095.2317408939716,4018.5867477810975,4035.4833984375,964051
2023-04-27 00:00:00+05:30,4036.4214464475717,4151.459274330964,4030.7892304757843,4137.9892578125,667011
2023-04-28 00:00:00+05:30,4127.804970185735,4167.5591266006395,4120.9521645343775,4160.2841796875,457064
2023-05-02 00:00:00+05:30,4167.793642542742,4230.264129977907,4152.867901476821,4222.28515625,522701
2023-05-03 00:00:00+05:30,4209.6123473891275,4214.728460552955,4163.146562754105,4175.208984375,351550
2023-05-04 00:00:00+05:30,4174.223339421863,4196.0014272616845,4165.258911211837,4184.45556640625,191019
2023-05-05 00:00:00+05:30,4189.52490234375,4228.199185868632,4156.0130262917655,4189.52490234375,180033
2023-05-08 00:00:00+05:30,4200.695354681576,4278.607693103602,4191.496249870946,4270.39404296875,365732
2023-05-09 00:00:00+05:30,4292.547062592831,4296.4425874264225,4242.60789178225,4251.244140625,329083
2023-05-10 00:00:00+05:30,4275.791154489118,4295.973264219418,4251.713519899674,4276.68310546875,229527
2023-05-11 00:00:00+05:30,4312.400756530503,4312.400756530503,4257.1112520841025,4269.12646484375,293197
2023-05-12 00:00:00+05:30,4266.404890579664,4345.115224290602,4240.121208085445,4260.6787109375,620213
2023-05-15 00:00:00+05:30,4288.933270347932,4326.012032479415,4263.635045502637,4284.755859375,534604
2023-05-16 00:00:00+05:30,4302.544450769543,4313.339533388469,4252.323849020624,4260.162109375,321308
2023-05-17 00:00:00+05:30,4271.097498962119,4318.032636313351,4232.610686334108,4251.71337890625,346510
2023-05-18 00:00:00+05:30,4261.664078800779,4292.1719206498,4236.60053000288,4241.66943359375,194233
2023-05-19 00:00:00+05:30,4256.078003231248,4271.237960028681,4190.415566620912,4208.39208984375,398571
2023-05-22 00:00:00+05:30,4219.422199635102,4286.7269132380425,4219.422199635102,4245.9873046875,368479
2023-05-23 00:00:00+05:30,4256.970194051282,4274.2889846748685,4215.807987039209,4222.37890625,239196
2023-05-24 00:00:00+05:30,4229.371950712147,4273.162800253721,4216.6994637106245,4240.68359375,395343
2023-05-25 00:00:00+05:30,4229.465835714063,4366.28175770451,4228.480381194473,4359.33544921875,1016606
2023-05-26 00:00:00+05:30,4329.625949345042,4378.625960472895,4323.007819597368,4333.00537109375,484972
2023-05-29 00:00:00+05:30,4374.308340576365,4377.311914556249,4325.636508232408,4335.39892578125,301343
2023-05-30 00:00:00+05:30,4332.207287031931,4351.216018306675,4305.548219778531,4310.42919921875,229574
2023-05-31 00:00:00+05:30,4308.457815255437,4345.208395593672,4273.585098818995,4287.1962890625,719613
2023-06-01 00:00:00+05:30,4305.829778636234,4383.554187768282,4287.290398185381,4358.96044921875,698733
2023-06-02 00:00:00+05:30,4387.684937025094,4418.474206408342,4362.3867124986555,4382.8974609375,606833
2023-06-05 00:00:00+05:30,4400.639186778769,4427.8148190221755,4382.803831712899,4421.33740234375,234925
2023-06-06 00:00:00+05:30,4428.330296114619,4454.097870367212,4421.336777171468,4436.5439453125,353149
2023-06-07 00:00:00+05:30,4446.588128321554,4494.414757921925,4446.588128321554,4487.703125,239491
2023-06-08 00:00:00+05:30,4506.571224673118,4533.840356436048,4483.995148346377,4506.38330078125,295499
2023-06-09 00:00:00+05:30,4506.383311110996,4526.236782805938,4444.757566614713,4452.642578125,208197
2023-06-12 00:00:00+05:30,4458.791521368119,4496.386384941488,4443.208963311697,4477.28369140625,137778
2023-06-13 00:00:00+05:30,4477.612419311089,4501.079989642908,4455.5061513989085,4464.423828125,247078
2023-06-14 00:00:00+05:30,4459.871239464512,4476.157825717911,4423.167866053503,4440.25244140625,191238
2023-06-15 00:00:00+05:30,4451.234528785759,4472.59001658925,4414.2497316885865,4432.1318359375,178304
2023-06-16 00:00:00+05:30,4407.209621011004,4425.749001205885,4336.806911410189,4357.41162109375,658995
2023-06-19 00:00:00+05:30,4360.274506915446,4369.661534917416,4305.501106853751,4315.54541015625,193043
2023-06-20 00:00:00+05:30,4303.952306798987,4383.74204422056,4288.979813907137,4376.232421875,453523
2023-06-21 00:00:00+05:30,4391.251852285088,4415.329488278659,4352.765036136373,4365.10888671875,274821
2023-06-22 00:00:00+05:30,4378.156446902902,4382.803208929127,4319.534734250675,4329.39111328125,180102
2023-06-23 00:00:00+05:30,4330.330369469548,4369.661928671814,4323.1021739163,4339.248046875,348409
2023-06-26 00:00:00+05:30,4341.265701996125,4372.43081777746,4318.5489112740825,4324.509765625,298624
2023-06-27 00:00:00+05:30,4349.855094512244,4391.8620475284215,4327.420187811794,4334.9765625,444793
2023-06-28 00:00:00+05:30,4346.194228335864,4449.451542615981,4336.901161720854,4427.2041015625,769406
2023-06-30 00:00:00+05:30,4484.959225435858,4580.7338076874,4483.991805413115,4538.69921875,587936
2023-07-03 00:00:00+05:30,4532.556505120673,4535.265092250438,4438.571271481583,4460.43505859375,457367
2023-07-04 00:00:00+05:30,4461.69258677714,4522.49455218329,4461.69258677714,4474.7041015625,286373
2023-07-05 00:00:00+05:30,4496.519931891228,4740.357951444369,4482.056814090156,4730.73193359375,891033
2023-07-06 00:00:00+05:30,4730.68372280059,4777.119882042804,4674.5733637162475,4757.4814453125,888595
2023-07-07 00:00:00+05:30,4716.6562309596575,4753.079499646904,4663.496312774209,4676.50830078125,405959
2023-07-10 00:00:00+05:30,4691.019118429046,4789.695948719779,4687.197620855843,4738.37451171875,659388
2023-07-11 00:00:00+05:30,4777.603417596474,4793.033954730489,4745.1948493086375,4757.4326171875,400593
2023-07-12 00:00:00+05:30,4768.413145604282,4786.310415475185,4708.433106036933,4719.51025390625,295827
2023-07-13 00:00:00+05:30,4760.673446820295,4827.425421587741,4691.841613690494,4707.90087890625,501038
2023-07-14 00:00:00+05:30,4735.472806174249,4746.452645480373,4691.987087414862,4701.2744140625,419873
2023-07-17 00:00:00+05:30,4724.830762812915,4746.54905684859,4664.028325651076,4675.685546875,250127
2023-07-18 00:00:00+05:30,4687.681744941244,4832.35968791111,4672.638553041642,4702.24169921875,270028
2023-07-19 00:00:00+05:30,4721.976745436076,4749.209522377991,4661.222961917883,4666.4951171875,247325
2023-07-20 00:00:00+05:30,4670.703456329484,4729.716072492719,4626.2503212704305,4710.07763671875,450566
2023-07-21 00:00:00+05:30,4684.3440047510285,4720.4285781680155,4677.717083943765,4704.27294921875,367833
2023-07-24 00:00:00+05:30,4703.595957228253,4758.7388962578725,4693.099355938358,4723.669921875,288534
2023-07-25 00:00:00+05:30,4725.362781942774,4749.935154386245,4621.703827981476,4690.97119140625,743269
2023-07-26 00:00:00+05:30,4730.683378176868,4743.7435470123255,4683.231620357241,4711.7705078125,387130
2023-07-27 00:00:00+05:30,4739.390751524332,4748.09753183944,4667.124285959701,4692.95458984375,321326
2023-07-28 00:00:00+05:30,4696.8238030747,4740.35770032256,4672.299613150469,4733.10205078125,255158
2023-07-31 00:00:00+05:30,4736.004579976033,4777.506803238319,4707.513872207431,4770.73486328125,325463
2023-08-01 00:00:00+05:30,4780.7477188437415,4816.445421875145,4739.535532939429,4763.52783203125,391794
2023-08-02 00:00:00+05:30,4753.321469456217,4777.071914559237,4664.173808381469,4674.67041015625,249850
2023-08-03 00:00:00+05:30,4679.4101758937595,4753.562818649311,4649.420158227291,4669.05859375,418377
2023-08-04 00:00:00+05:30,4672.638967413652,4705.724922964448,4546.874357524671,4558.4833984375,451353
2023-08-07 00:00:00+05:30,4589.004957853523,4589.004957853523,4513.014305706652,4517.9482421875,436583
2023-08-08 00:00:00+05:30,4517.948166870628,4544.939089980194,4486.023307362466,4498.64794921875,487053
2023-08-09 00:00:00+05:30,4498.986769618464,4537.00618717306,4465.707615652073,4514.513671875,282034
2023-08-10 00:00:00+05:30,4517.85128347324,4555.000116040468,4477.993391552057,4485.53955078125,330123
2023-08-11 00:00:00+05:30,4485.539303830645,4498.502636307984,4432.331208132378,4449.21240234375,274197
2023-08-14 00:00:00+05:30,4426.913903138255,4482.734225874858,4393.054203267223,4466.2880859375,154258
2023-08-16 00:00:00+05:30,4427.881196608501,4464.643155418011,4411.193202148922,4450.71240234375,188763
2023-08-17 00:00:00+05:30,4426.9624112981455,4516.352403440959,4426.9624112981455,4506.09765625,311184
2023-08-18 00:00:00+05:30,4498.067573712153,4498.067573712153,4445.585037525989,4465.17529296875,243546
2023-08-21 00:00:00+05:30,4453.034564256502,4479.106723987118,4443.166690633055,4460.62890625,118491
2023-08-22 00:00:00+05:30,4467.4971901612635,4485.490823506477,4451.727961400283,4477.6064453125,96290
2023-08-23 00:00:00+05:30,4488.828866732822,4514.3204785864,4468.513046430799,4508.90283203125,263771
2023-08-24 00:00:00+05:30,4536.232568528266,4573.091366534747,4425.414791871838,4479.2998046875,433867
2023-08-25 00:00:00+05:30,4473.349787295324,4495.503609371124,4420.867255729413,4434.701171875,293384
2023-08-28 00:00:00+05:30,4437.071685303387,4469.480254246517,4436.587975319161,4450.5673828125,283469
2023-08-29 00:00:00+05:30,4464.64314291702,4518.818661010921,4455.01712530648,4512.57861328125,320941
2023-08-30 00:00:00+05:30,4536.184174441782,4566.99612338367,4509.725143104288,4522.6884765625,370694
2023-08-31 00:00:00+05:30,4522.6887176737755,4549.8246610305905,4452.260727233345,4463.482421875,479472
2023-09-01 00:00:00+05:30,4471.802076724052,4545.906542588808,4468.51294322573,4516.35205078125,456071
2023-09-04 00:00:00+05:30,4530.4275878727785,4536.618981026274,4471.801844919616,4486.0712890625,328037
2023-09-05 00:00:00+05:30,4487.861289743341,4580.73360787556,4484.330301288964,4548.421875,353620
2023-09-06 00:00:00+05:30,4548.325183306156,4556.54825340253,4514.659155860811,4531.20166015625,224928
2023-09-07 00:00:00+05:30,4526.5585243953265,4571.059847781132,4503.340442628819,4563.51416015625,319934
2023-09-08 00:00:00+05:30,4563.513541770499,4628.717551421257,4549.485952604064,4604.4833984375,209769
2023-09-11 00:00:00+05:30,4623.300402387076,4653.290423829637,4607.821681642528,4649.8076171875,151600
2023-09-12 00:00:00+05:30,4686.133782584059,4691.841465481738,4607.434079764577,4663.54443359375,305478
2023-09-13 00:00:00+05:30,4662.964511031239,4685.215171561056,4643.857965576287,4651.6455078125,207142
2023-09-14 00:00:00+05:30,4658.078944637847,4699.726185139075,4631.571259725671,4686.666015625,249498
2023-09-15 00:00:00+05:30,4735.423905655209,4981.245413934588,4733.585902191094,4963.34814453125,1689829
2023-09-18 00:00:00+05:30,4957.060060580398,5103.04364353389,4928.279315693149,5007.99462890625,804973
2023-09-20 00:00:00+05:30,5007.3660855784465,5091.870319847356,4997.788721736361,5014.08984375,622924
2023-09-21 00:00:00+05:30,4999.626601782708,5016.6046339753775,4907.818537490062,4919.5244140625,640829
2023-09-22 00:00:00+05:30,4886.438048651894,4918.507924740114,4833.423625629979,4838.115234375,498375
2023-09-25 00:00:00+05:30,4837.100418469633,4895.290642029206,4830.183459345839,4842.373046875,539731
2023-09-26 00:00:00+05:30,4847.741379994571,4936.695833539769,4837.2447790396345,4904.04541015625,450923
2023-09-27 00:00:00+05:30,4900.175856760227,4902.448915807893,4854.513444893719,4868.9765625,257406
2023-09-28 00:00:00+05:30,4883.342774484683,4961.75245352371,4817.896902107143,4843.4853515625,580065
2023-09-29 00:00:00+05:30,4865.155432961592,4916.9124056526725,4841.840515274734,4898.72509765625,248079
2023-10-03 00:00:00+05:30,4899.982211357361,4907.721571217353,4834.294489020287,4853.01416015625,464531
2023-10-04 00:00:00+05:30,4847.983418257565,4855.6745961167635,4743.308386533498,4758.35205078125,256544
2023-10-05 00:00:00+05:30,4774.217452543841,4875.119164364708,4764.640089514863,4847.78955078125,657876
2023-10-06 00:00:00+05:30,4953.190088200461,4953.190088200461,4834.681145660508,4851.22412109375,279352
2023-10-09 00:00:00+05:30,4795.54925304708,4903.562076896021,4795.54925304708,4844.162109375,244083
2023-10-10 00:00:00+05:30,4844.161658658579,4899.014558002481,4839.228194881278,4873.3779296875,307502
2023-10-11 00:00:00+05:30,4890.307714379182,4929.00451132778,4885.470614760607,4899.4013671875,575680
2023-10-12 00:00:00+05:30,4919.330198157122,4983.179911643527,4886.534757977341,4940.2265625,472168
2023-10-13 00:00:00+05:30,4924.119383160461,4956.527951615177,4875.796567515341,4887.79248046875,387366
2023-10-16 00:00:00+05:30,4870.959666856527,4933.261419957998,4868.057406876275,4911.30126953125,158560
2023-10-17 00:00:00+05:30,4917.395832193654,4982.2129718271335,4904.81937226477,4973.748046875,318565
2023-10-18 00:00:00+05:30,4982.212865852134,5029.374589582288,4958.656095011799,4969.97509765625,360985
2023-10-19 00:00:00+05:30,5127.326062164883,5315.972964452082,5074.117961519776,5303.97705078125,2838352
2023-10-20 00:00:00+05:30,5272.439078477073,5330.484279341041,5259.765781813829,5310.45849609375,763919
2023-10-23 00:00:00+05:30,5275.389460877402,5314.424952491319,5219.279100677158,5229.2919921875,451167
2023-10-25 00:00:00+05:30,5209.556393459388,5247.237589191372,5158.5731735101235,5173.08447265625,620266
2023-10-26 00:00:00+05:30,5160.07327851932,5173.23028503739,5065.411136732024,5088.00048828125,746266
2023-10-27 00:00:00+05:30,5093.466241346003,5246.995982527244,5093.466241346003,5198.4794921875,843465
2023-10-30 00:00:00+05:30,5212.458557439706,5221.890901711243,5103.140105882415,5135.935546875,360967
2023-10-31 00:00:00+05:30,5166.0227062436015,5191.320644309868,5120.167093550429,5140.91796875,400987
2023-11-01 00:00:00+05:30,5132.162887135573,5271.955071337476,5132.162887135573,5170.23095703125,619765
2023-11-02 00:00:00+05:30,5208.492475229459,5217.151073231383,5112.814731121678,5145.12646484375,304362
2023-11-03 00:00:00+05:30,5182.468927235505,5201.8655092385125,5143.385253806378,5194.02978515625,448715
2023-11-06 00:00:00+05:30,5204.719503227107,5250.6719523727,5201.9140797538785,5230.69482421875,394137
2023-11-07 00:00:00+05:30,5230.69515968931,5267.602139895506,5229.195375197179,5242.44921875,202689
2023-11-08 00:00:00+05:30,5256.96008597571,5258.169360931078,5205.928682859181,5221.74609375,202145
2023-11-09 00:00:00+05:30,5245.157474257009,5277.276006638009,5206.799366410224,5242.35205078125,232773
2023-11-10 00:00:00+05:30,5233.694149458574,5250.236653975808,5174.777892079722,5216.376953125,149325
2023-11-13 00:00:00+05:30,5257.9273036799295,5262.570730380709,5219.762398607419,5248.44677734375,93497
2023-11-15 00:00:00+05:30,5344.99545028107,5374.018050011103,5283.177407330709,5356.314453125,640468
2023-11-16 00:00:00+05:30,5340.158573316914,5401.396072355182,5317.8597305424155,5370.0517578125,324712
2023-11-17 00:00:00+05:30,5375.855768646068,5490.059975955749,5300.8325412687245,5448.025390625,531539
2023-11-20 00:00:00+05:30,5427.274235665489,5491.027589844361,5423.35637372038,5466.06787109375,679425
2023-11-21 00:00:00+05:30,5456.732234427547,5521.4043526361265,5456.248524451976,5500.70166015625,746193
2023-11-22 00:00:00+05:30,5494.945353553653,5577.079213395369,5476.854411415807,5564.1640625,497403
2023-11-23 00:00:00+05:30,5611.03572897768,5751.311622202122,5594.686426241988,5732.205078125,1118718
2023-11-24 00:00:00+05:30,5746.47498356148,5765.823384179533,5707.778182325376,5737.0908203125,297211
2023-11-28 00:00:00+05:30,5775.304015903652,5842.878400758006,5719.387326056187,5802.73046875,380535
2023-11-29 00:00:00+05:30,5814.193902982305,5897.778892237762,5778.689401846831,5872.19091796875,406974
2023-11-30 00:00:00+05:30,5896.424836809331,5929.22027998326,5834.509957472858,5892.11962890625,501833
2023-12-01 00:00:00+05:30,5852.8913223784575,5891.588124509885,5807.712616940787,5849.06982421875,439023
2023-12-04 00:00:00+05:30,5892.119812681347,6015.127646098149,5889.121188518394,5999.64892578125,359158
2023-12-05 00:00:00+05:30,5992.247689881072,5992.247689881072,5912.000483932201,5940.0556640625,565826
2023-12-06 00:00:00+05:30,5890.668261126399,5897.392018732135,5792.765645551575,5872.19091796875,699201
2023-12-07 00:00:00+05:30,5872.191411501734,5953.938404196187,5865.564489808697,5895.07080078125,427407
2023-12-08 00:00:00+05:30,5915.773323451499,5920.6104234706745,5851.0043652455215,5877.75390625,233266
2023-12-11 00:00:00+05:30,5886.75051264998,5944.79571080265,5822.223411754382,5938.41064453125,175955
2023-12-12 00:00:00+05:30,5963.177001830489,6094.697942466742,5949.584939502015,6050.4384765625,810900
2023-12-13 00:00:00+05:30,6055.952098492695,6122.800912041733,6021.560507947027,6110.3212890625,373989
2023-12-14 00:00:00+05:30,6118.931268105277,6152.7909668220655,6079.460722550347,6128.46044921875,419212
2023-12-15 00:00:00+05:30,6161.449527265577,6193.51940438208,6052.324272635819,6070.75390625,553522
2023-12-18 00:00:00+05:30,6070.753862699681,6275.411364291317,6058.128748921066,6255.04736328125,851061
2023-12-19 00:00:00+05:30,6259.207069740468,6259.448924727707,6187.52115704828,6209.86865234375,377109
2023-12-20 00:00:00+05:30,6224.380554707798,6255.3379960740795,6143.117271121312,6157.0966796875,385863
2023-12-21 00:00:00+05:30,6126.86476290941,6138.280130388645,6028.961666285585,6042.84423828125,397717
2023-12-22 00:00:00+05:30,6083.136472082391,6186.650403779722,6060.160248925274,6164.49658203125,237213
2023-12-26 00:00:00+05:30,6171.994382379539,6264.0442979356,6162.5133832615475,6253.9345703125,302139
2023-12-27 00:00:00+05:30,6259.207214742817,6520.6524620046785,6254.56378782947,6491.04931640625,1017894
2023-12-28 00:00:00+05:30,6491.049461430038,6519.104641226485,6448.821673211028,6484.90625,406228
2023-12-29 00:00:00+05:30,6510.688234935613,6611.299912107447,6448.8215387254495,6575.79541015625,345626
2024-01-01 00:00:00+05:30,6549.432971192565,6574.102179577411,6464.348198814055,6482.77783203125,253274
2024-01-02 00:00:00+05:30,6492.355480745746,6517.314727261177,6347.19430180852,6447.90234375,361379
2024-01-03 00:00:00+05:30,6427.586247926963,6829.839741433946,6388.841268372486,6758.87939453125,1256275
2024-01-04 00:00:00+05:30,6796.125709383861,6799.947207450818,6662.621745270698,6696.62646484375,619987
2024-01-05 00:00:00+05:30,6723.568668079861,6853.20294168025,6695.029779488731,6751.14013671875,659306
2024-01-08 00:00:00+05:30,6790.272452716936,6820.165634722492,6734.693987593447,6756.31591796875,312733
2024-01-09 00:00:00+05:30,7101.829837020928,7157.940193995075,6845.366714376558,6862.7802734375,2125908
2024-01-10 00:00:00+05:30,6892.867641256313,6907.330759501926,6791.288539174641,6823.93896484375,721432
2024-01-11 00:00:00+05:30,6859.007470876626,7086.254323497778,6844.496171572938,7061.05322265625,1031594
2024-01-12 00:00:00+05:30,7120.211277033359,7121.130514992523,7015.729915902978,7064.052734375,434753
2024-01-15 00:00:00+05:30,7064.052734375,7064.052734375,7064.052734375,7064.052734375,0
2024-01-16 00:00:00+05:30,7099.8950684194215,7116.486226216705,7007.99017245269,7056.31298828125,272181
2024-01-17 00:00:00+05:30,6880.291386143755,6975.098550913452,6850.301364634973,6932.48388671875,619338
2024-01-18 00:00:00+05:30,6915.118159773348,6955.0242347720405,6840.771838301176,6852.81640625,557084
2024-01-19 00:00:00+05:30,6906.217710626127,6946.07560359598,6873.519103558418,6904.041015625,327976
2024-01-23 00:00:00+05:30,6844.496348952063,6975.098046069876,6710.556863958691,6864.71533203125,953921
2024-01-24 00:00:00+05:30,6844.593363229098,7001.218567366714,6799.221459526356,6977.85546875,467134
2024-01-25 00:00:00+05:30,7120.21090408029,7376.722211944935,6975.097910111262,7349.97314453125,2065788
2024-01-29 00:00:00+05:30,7346.5874359683885,7391.08875570167,7236.301556629384,7302.85986328125,457853
2024-01-30 00:00:00+05:30,7328.109788890676,7410.4373267737,7297.877913373486,7319.88671875,266287
2024-01-31 00:00:00+05:30,7319.886770052245,7435.5902993171685,7270.258311804621,7417.7412109375,336874
2024-02-01 00:00:00+05:30,7429.785618652647,7512.016318859089,7387.557830021242,7406.32568359375,394564
2024-02-02 00:00:00+05:30,7424.948224785797,7543.457170393127,7415.854571597473,7486.08935546875,197720
2024-02-05 00:00:00+05:30,7545.875924248359,7582.6378838793125,7384.8004958653655,7408.744140625,252401
2024-02-06 00:00:00+05:30,7424.948367881132,7495.279989578876,7420.691814431481,7468.869140625,131992
2024-02-07 00:00:00+05:30,7492.668065363589,7524.3992531146805,7415.855010142931,7450.97216796875,159783
2024-02-08 00:00:00+05:30,7477.188940562659,7529.86514682506,7418.32134097313,7504.5185546875,282537
2024-02-09 00:00:00+05:30,7525.36655210363,7536.685555120613,7419.144024416915,7531.2197265625,173555
2024-02-12 00:00:00+05:30,7521.690666809348,7617.658921886865,7513.032068668106,7574.8505859375,219911
2024-02-13 00:00:00+05:30,7574.898756601594,7676.622877230004,7557.4370141898125,7659.451171875,258767
2024-02-14 00:00:00+05:30,7641.65048592542,7871.751424567311,7623.269506151704,7819.94580078125,513900
2024-02-15 00:00:00+05:30,7856.030495184967,7891.09946817043,7783.1834899458345,7858.400390625,394525
2024-02-16 00:00:00+05:30,7919.155241265446,8179.971772344052,7871.993515432936,8053.81982421875,938756
2024-02-19 00:00:00+05:30,8126.327939404629,8368.182937601196,8088.694923786809,8232.4541015625,1044959
2024-02-20 00:00:00+05:30,8227.906905054399,8227.906905054399,7970.283154107553,8024.9423828125,547082
2024-02-21 00:00:00+05:30,8029.585671065019,8103.9315171209755,7937.680774829937,7964.04296875,439817
2024-02-22 00:00:00+05:30,7990.888835085165,8271.440622273385,7952.192036852307,8221.5703125,548486
2024-02-23 00:00:00+05:30,8220.651309801784,8253.059879249076,8127.3434634438745,8162.07421875,340749
2024-02-26 00:00:00+05:30,8183.212596112693,8269.458472165534,8102.142984216864,8172.7646484375,345968
2024-02-27 00:00:00+05:30,8184.373307299359,8213.395907679853,8110.365676329099,8187.75927734375,392445
2024-02-28 00:00:00+05:30,8194.04697873122,8210.154898801524,7808.868820008442,7921.86328125,537728
2024-02-29 00:00:00+05:30,7736.844717413317,7878.184875785798,7632.943902492779,7651.66357421875,1042536
2024-03-01 00:00:00+05:30,7695.826098434703,7830.297478407353,7686.4419354873935,7778.10498046875,399007
2024-03-04 00:00:00+05:30,7805.86991330305,7957.029284203574,7784.489837408274,7939.90576171875,410053
2024-03-05 00:00:00+05:30,7894.195301291765,8114.718876984988,7894.195301291765,8079.64990234375,615117
2024-03-06 00:00:00+05:30,8097.015367337159,8398.31851544966,8091.500884384952,8325.4228515625,959543
2024-03-07 00:00:00+05:30,8356.574101804557,8680.514316403132,8223.118321590697,8589.7705078125,1243547
2024-03-11 00:00:00+05:30,8729.465397341319,8730.964709256312,8348.833843865037,8377.2763671875,631957
2024-03-12 00:00:00+05:30,8355.558804713686,8416.506267972494,8199.126793400184,8249.8681640625,324864
2024-03-13 00:00:00+05:30,8249.868096429867,8336.452190349624,8026.635921323899,8111.720703125,430048
2024-03-14 00:00:00+05:30,8059.092618484744,8126.328311058382,7934.827325778917,8110.4140625,392634
2024-03-15 00:00:00+05:30,8111.622921014078,8157.3816974666925,7845.776097438498,8078.63427734375,676870
2024-03-18 00:00:00+05:30,8071.184680764166,8268.68384238283,8023.974775931608,8244.1591796875,367524
2024-03-19 00:00:00+05:30,8223.06968075397,8404.848269595177,8167.491214962486,8358.7021484375,673456
2024-03-20 00:00:00+05:30,8358.508979114662,8497.817462099907,8283.050217497654,8354.251953125,790885
2024-03-21 00:00:00+05:30,8327.744844773024,8484.273208286842,8305.300512330963,8465.5048828125,720691
2024-03-22 00:00:00+05:30,8416.601911245592,8755.150718301962,8399.140169756645,8653.8134765625,851210
2024-03-26 00:00:00+05:30,8653.812922186149,8726.127560226832,8562.681778007085,8668.6142578125,534067
2024-03-27 00:00:00+05:30,8667.115390411835,8985.202883164535,8635.867914765633,8863.9853515625,1034030
2024-03-28 00:00:00+05:30,8863.985614514375,8942.44299741672,8687.479649263041,8850.103515625,847202
2024-04-01 00:00:00+05:30,8895.233721549366,8911.486189503645,8719.453308828266,8747.5576171875,419820
2024-04-02 00:00:00+05:30,8851.892511690514,9053.067678542024,8841.73460225087,8973.8837890625,803845
2024-04-03 00:00:00+05:30,8947.619649584361,8947.619649584361,8769.856219585095,8784.609375,453210
2024-04-04 00:00:00+05:30,8841.251514308979,8882.608719937243,8695.219274141358,8848.1689453125,617929
2024-04-05 00:00:00+05:30,8832.543826351699,8832.543826351699,8707.262947325133,8715.9697265625,356305
2024-04-08 00:00:00+05:30,8754.183402449511,8793.84762164505,8659.666281417269,8736.2861328125,376197
2024-04-09 00:00:00+05:30,8793.84815247204,8835.157177076992,8645.252812414528,8686.3681640625,237944
2024-04-10 00:00:00+05:30,8740.446450433194,8754.957751136113,8611.344056230326,8712.1494140625,319824
2024-04-12 00:00:00+05:30,8657.489557162948,8821.902771221168,8639.06039554831,8769.5166015625,480474
2024-04-15 00:00:00+05:30,8763.954002329723,8878.690579321321,8653.571760013781,8703.92578125,386707
2024-04-16 00:00:00+05:30,8656.474142169074,8735.270689955983,8497.913626597245,8628.564453125,487529
2024-04-18 00:00:00+05:30,8675.726081715062,8831.577063765431,8658.40888604454,8727.3857421875,819240
2024-04-19 00:00:00+05:30,8779.384706852688,8793.847824842765,8416.602205827821,8517.6494140625,1385007
2024-04-22 00:00:00+05:30,8594.559386369127,8594.559386369127,8460.088004704865,8509.1845703125,323734
2024-04-23 00:00:00+05:30,8556.829673564675,8572.792103142268,8475.566395715106,8509.232421875,295346
2024-04-24 00:00:00+05:30,8532.547977863851,8580.04792164234,8397.205542885953,8413.748046875,319824
2024-04-25 00:00:00+05:30,8413.651786710503,8484.273447102578,8359.863612310322,8450.3173828125,524667
2024-04-26 00:00:00+05:30,8462.312655345848,8701.89459279862,8449.978050523245,8681.9169921875,521344
2024-04-29 00:00:00+05:30,8681.916859297107,8696.911868851928,8444.608929291659,8474.6953125,299443
2024-04-30 00:00:00+05:30,8512.715802400628,8673.887594163998,8508.45877656395,8613.5693359375,360403
2024-05-02 00:00:00+05:30,8652.604278174604,8848.458641555442,8538.545084936643,8813.8251953125,638239
2024-05-03 00:00:00+05:30,8871.241680996862,8956.954717813389,8769.033376860974,8808.939453125,396042
2024-05-06 00:00:00+05:30,8822.870835230622,8886.478703368386,8523.502512513618,8757.6181640625,458431
2024-05-07 00:00:00+05:30,8760.134017458582,8779.28874544207,8360.975939174587,8395.1748046875,588285
2024-05-08 00:00:00+05:30,8369.15118848546,8499.123699521566,8312.847150366204,8464.345703125,451581
2024-05-09 00:00:00+05:30,8513.295892097889,8713.987357503436,8500.090231366827,8558.619140625,645689
2024-05-10 00:00:00+05:30,8658.409084212508,8753.168063083362,8616.326313803207,8689.1728515625,482797
2024-05-13 00:00:00+05:30,8728.933694934525,8730.964898896245,8581.498519186609,8699.330078125,435605
2024-05-14 00:00:00+05:30,8660.585835106502,8792.880522246698,8593.350144018797,8769.904296875,408162
2024-05-15 00:00:00+05:30,8773.531175323518,8827.706690354737,8588.124771429884,8613.0849609375,274392
2024-05-16 00:00:00+05:30,8658.408937855802,8663.777929868049,8426.228139522238,8582.8046875,680474
2024-05-17 00:00:00+05:30,8601.331237264967,8666.486596497312,8479.920027021264,8494.625,323961
2024-05-21 00:00:00+05:30,8489.110008672116,8571.340703912814,8489.110008672116,8533.3212890625,417798
2024-05-22 00:00:00+05:30,8561.667047249033,8561.667047249033,8451.381166640402,8518.6650390625,302838
2024-05-23 00:00:00+05:30,8561.666911621229,8692.268610273079,8466.086005557092,8671.4208984375,731514
2024-05-24 00:00:00+05:30,8687.430756250411,8729.997232116226,8581.110930678078,8656.6669921875,455920
2024-05-27 00:00:00+05:30,8708.714757958209,8773.967425292703,8592.334322003806,8705.5224609375,301747
2024-05-28 00:00:00+05:30,8705.52187853839,8728.304428850392,8625.709734629701,8696.86328125,259094
2024-05-29 00:00:00+05:30,8658.408319009117,8841.68621254338,8612.697727604293,8774.6923828125,339934
2024-05-30 00:00:00+05:30,8772.564934736856,8831.481193152014,8636.738783036346,8676.306640625,305109
2024-05-31 00:00:00+05:30,8697.105512715334,8828.190918385291,8632.288374856387,8788.7685546875,560005
2024-06-03 00:00:00+05:30,8880.916121040209,9136.315016024373,8825.337649830222,9031.3017578125,438422
2024-06-04 00:00:00+05:30,8926.384665241334,9067.482499483931,8521.035670472058,8945.4912109375,738601
2024-06-05 00:00:00+05:30,8939.927746630021,9363.657684193484,8877.045449959645,9289.408203125,489543
2024-06-06 00:00:00+05:30,9282.684942169932,9422.670805196349,9145.988685043765,9385.376953125,570095
2024-06-07 00:00:00+05:30,9329.411148181134,9422.767178322025,9301.743314037818,9408.69140625,246783
2024-06-10 00:00:00+05:30,9460.399423456825,9600.675312239036,9366.075980999822,9415.9462890625,201452
2024-06-11 00:00:00+05:30,9422.671302983967,9577.458511246536,9384.070865025029,9493.0029296875,457442
2024-06-12 00:00:00+05:30,9532.95648194746,9620.024280138578,9476.556086068429,9581.5693359375,277175
2024-06-13 00:00:00+05:30,9581.327377818488,9616.15449672009,9505.143055221235,9600.095703125,277783
2024-06-14 00:00:00+05:30,9583.125907573029,9747.94865114924,9570.495808630698,9715.5205078125,320933
2024-06-18 00:00:00+05:30,9676.752757935838,9790.665561013457,9663.098803228006,9673.046875,206100
2024-06-19 00:00:00+05:30,9693.819974654825,9702.109875533599,9430.9813526749,9446.390625,279789
2024-06-20 00:00:00+05:30,9452.437847555675,9495.253129630191,9328.576971922206,9393.9208984375,324597
2024-06-21 00:00:00+05:30,9435.858050847457,9488.474731445312,9334.52581959525,9364.90625,334018
2024-06-24 00:00:00+05:30,9343.206632317668,9517.733631451101,9275.473070161142,9504.3720703125,283754
2024-06-25 00:00:00+05:30,9513.881078033508,9582.150855118321,9406.599999757374,9421.1806640625,282048
2024-06-26 00:00:00+05:30,9421.13202488552,9421.521566440117,9208.129940892855,9240.4609375,431217
2024-06-27 00:00:00+05:30,9328.235594138327,9328.235594138327,9134.154388091001,9184.673828125,637626
2024-06-28 00:00:00+05:30,9231.048485614649,9288.297756512138,9150.343862034659,9266.79296875,237516
2024-07-01 00:00:00+05:30,9270.060081887657,9454.339899145025,9270.060081887657,9296.783203125,289355
2024-07-02 00:00:00+05:30,9284.688812990295,9296.782696195403,9149.22170133526,9168.8740234375,287884
2024-07-03 00:00:00+05:30,9239.826147754198,9318.775454416036,9152.635513711944,9189.501953125,318120
2024-07-04 00:00:00+05:30,9245.58086996064,9264.208384574174,9187.502035666063,9227.0009765625,234656
2024-07-05 00:00:00+05:30,9286.639994754263,9421.228980185484,9258.649196429717,9397.626953125,608628
2024-07-08 00:00:00+05:30,9401.723285235885,9427.227303540561,9235.925260496248,9293.857421875,316215
2024-07-09 00:00:00+05:30,9328.57703967195,9328.57703967195,9246.848557294867,9298.4404296875,262913
2024-07-10 00:00:00+05:30,9313.948153547844,9411.476406464575,9218.321892047858,9306.5849609375,239607
2024-07-11 00:00:00+05:30,9306.584209279772,9332.96540907817,9151.075232079049,9232.8037109375,294900
2024-07-12 00:00:00+05:30,9265.135247817883,9318.190044772482,9179.358960796464,9197.6455078125,171581
2024-07-15 00:00:00+05:30,9197.644906976017,9497.788079059028,9171.507527966718,9434.248046875,504086
2024-07-16 00:00:00+05:30,9474.868926975489,9665.000429587348,9395.530081263827,9478.1357421875,1041123
2024-07-18 00:00:00+05:30,9504.128019649335,9504.128019649335,9061.837403239795,9388.2646484375,1055384
2024-07-19 00:00:00+05:30,9396.846565220265,9435.85786388231,9109.138237587676,9154.0498046875,380782
2024-07-22 00:00:00+05:30,9118.89165342488,9201.790668456015,9034.237320325014,9177.1162109375,247040
2024-07-23 00:00:00+05:30,9201.790220948242,9272.985842159605,8528.45481416584,9150.587890625,431989
2024-07-24 00:00:00+05:30,9128.64452997091,9141.030808653497,9021.363451093046,9031.3115234375,283213
2024-07-25 00:00:00+05:30,9031.116133076684,9079.831685424098,8944.315988817092,9048.9150390625,262328
2024-07-26 00:00:00+05:30,9088.65775533319,9270.060303084234,9039.357414695394,9258.259765625,250956
2024-07-29 00:00:00+05:30,9313.167852066503,9383.241518816443,9273.961305028673,9321.4091796875,302363
2024-07-30 00:00:00+05:30,9314.5817750965,9415.3768360164,9276.8867271792,9327.9423828125,301885
2024-07-31 00:00:00+05:30,9362.711869202349,9440.734468112369,9343.254793114302,9425.3251953125,315292
2024-08-01 00:00:00+05:30,9600.680891430296,9600.680891430296,9423.179477143389,9489.986328125,308658
2024-08-02 00:00:00+05:30,9474.674191785698,9489.498676194316,9344.913046312939,9378.51171875,230615
2024-08-05 00:00:00+05:30,9163.949075031884,9284.68885090651,9137.713596363716,9250.6025390625,310757
2024-08-06 00:00:00+05:30,9280.05709555901,9382.21794059827,9167.65578395257,9194.37890625,246541
2024-08-07 00:00:00+05:30,9333.453079141274,9484.621859419947,9262.745101268993,9468.2373046875,270583
2024-08-08 00:00:00+05:30,9494.375373948196,9536.020128220182,9372.611731760519,9402.9912109375,365016
2024-08-09 00:00:00+05:30,9519.732707900826,9533.386663224115,9376.366177006306,9524.560546875,161640
2024-08-12 00:00:00+05:30,9500.226436180537,9509.93068713557,9377.340846306935,9470.8212890625,307698
2024-08-13 00:00:00+05:30,9460.240396586414,9547.869149599494,9411.476270830814,9432.5419921875,161706
2024-08-14 00:00:00+05:30,9464.141755019988,9543.139640650308,9432.542219798119,9508.6142578125,282934
2024-08-16 00:00:00+05:30,9546.065308994173,9679.679014279442,9454.340178441964,9643.740234375,240190
2024-08-19 00:00:00+05:30,9681.580998581021,9698.209375055596,9518.074503197764,9529.14453125,148301
2024-08-20 00:00:00+05:30,9530.656084185277,9632.524534437343,9513.92960790671,9537.970703125,132844
2024-08-21 00:00:00+05:30,9537.38492167543,9625.063201297167,9494.375343462147,9608.4833984375,134985
2024-08-22 00:00:00+05:30,9655.296306463828,9763.552658990848,9597.851788882936,9669.1455078125,388874
2024-08-23 00:00:00+05:30,9723.56628837377,10186.191150020913,9684.554989323122,10149.228515625,1229549
2024-08-26 00:00:00+05:30,10118.653421774095,10257.193067452503,10084.08041793712,10174.68359375,309223
2024-08-27 00:00:00+05:30,10143.913328215065,10307.224574060916,10094.173920490908,10242.0263671875,262396
2024-08-28 00:00:00+05:30,10240.466264779365,10450.15200258199,10202.722641490029,10393.341796875,338792
2024-08-29 00:00:00+05:30,10320.487467786343,10581.814590957563,10294.49676192763,10540.7060546875,693506
2024-08-30 00:00:00+05:30,10567.18585589979,10651.401118553225,10440.399131278935,10622.337890625,498560
2024-09-02 00:00:00+05:30,10655.936203637175,10878.397752747056,10642.428922477988,10851.08984375,787108
2024-09-03 00:00:00+05:30,10831.4386187858,10843.873470370836,10742.736486994347,10770.6787109375,217394
2024-09-04 00:00:00+05:30,10739.811033017426,10757.21944490452,10639.259786898156,10692.705078125,324246
2024-09-05 00:00:00+05:30,10692.997180713563,10743.565196662848,10557.969129988844,10587.4228515625,297298
2024-09-06 00:00:00+05:30,10587.422626213005,10644.18425619726,10529.393319508294,10562.40625,216847
2024-09-09 00:00:00+05:30,10562.406189761394,10632.919873563389,10513.544919481934,10579.4736328125,193055
2024-09-10 00:00:00+05:30,10526.61438569942,10762.92514202891,10513.593793031583,10716.16015625,466892
2024-09-11 00:00:00+05:30,10794.182326696337,11217.015842045026,10715.037774977254,11138.45703125,1283385
2024-09-12 00:00:00+05:30,11196.974777931679,11488.096609799162,11160.498830758113,11433.724609375,1409151
2024-09-13 00:00:00+05:30,11433.72412259018,11599.961211330296,11399.492088606776,11447.037109375,417878
2024-09-16 00:00:00+05:30,11443.964408168858,11461.324245506177,11352.336430386622,11399.4423828125,172602
2024-09-17 00:00:00+05:30,11391.299306282115,11676.910398073076,11355.311001990325,11654.91796875,444755
2024-09-18 00:00:00+05:30,11547.832217094345,11756.055026802518,11449.816327746936,11473.857421875,446416
2024-09-19 00:00:00+05:30,11519.256489987722,11742.644749059315,11519.256489987722,11574.65234375,500633
2024-09-20 00:00:00+05:30,11630.24384172421,11718.01926694477,11574.896559710134,11646.53125,772831
2024-09-23 00:00:00+05:30,11703.389727888652,12073.997069271792,11703.389727888652,12033.9619140625,735579
2024-09-24 00:00:00+05:30,11928.240950712749,12169.08714974332,11928.240950712749,12136.07421875,503848
2024-09-25 00:00:00+05:30,12083.750490752738,12123.444680024824,12005.727888713978,12090.8212890625,262012
2024-09-26 00:00:00+05:30,12152.02000685516,12363.168669093053,12084.774087680677,12309.6748046875,641805
2024-09-27 00:00:00+05:30,12309.6744684878,12458.258373030149,12241.355168969629,12353.318359375,480852
2024-09-30 00:00:00+05:30,12243.30590033947,12338.445469293774,11978.078588801824,12040.7890625,479000
2024-10-01 00:00:00+05:30,12107.400593944412,12191.031067064474,11812.71861002161,11856.9482421875,670828
2024-10-03 00:00:00+05:30,11442.014052335833,11721.773450680172,11410.805012984081,11514.6240234375,670365
2024-10-04 00:00:00+05:30,11372.96404566392,11652.96725976349,11351.31258450495,11483.3662109375,650553
2024-10-07 00:00:00+05:30,11483.366544876004,11524.913198029668,11240.130710611145,11329.9052734375,341323
2024-10-08 00:00:00+05:30,11298.647449681044,11641.80020683565,11276.41119978155,11595.23046875,359432
2024-10-09 00:00:00+05:30,11648.77379522637,11692.46625929829,11510.283684800872,11525.9853515625,193883
2024-10-10 00:00:00+05:30,11529.301526423642,11733.574626836122,11511.355948305838,11539.5419921875,251378
2024-10-11 00:00:00+05:30,11596.109082250226,11635.75469738257,11416.266605841727,11583.3818359375,200855
2024-10-14 00:00:00+05:30,11633.949544313577,11693.734170301717,11568.410370680498,11605.1787109375,177045
2024-10-15 00:00:00+05:30,11654.625328529813,11654.625328529813,11183.563903117269,11236.716796875,476945
2024-10-16 00:00:00+05:30,11252.712700126896,11391.29996687054,11099.837163328355,11329.80859375,504602
2024-10-17 00:00:00+05:30,10944.814996787345,11008.354077507096,9822.06964002356,9869.322265625,3668914
2024-10-18 00:00:00+05:30,9801.149887211628,9898.239067915994,9597.85206313165,9815.1943359375,1543331
2024-10-21 00:00:00+05:30,9814.267999049896,10562.163018564253,9637.1570743824,10240.9541015625,2110278
2024-10-22 00:00:00+05:30,10240.9542807466,10352.575557601782,10064.915782801289,10112.0703125,1191148
2024-10-23 00:00:00+05:30,10111.729213403547,10469.755047156075,10086.81093538895,10325.072265625,1323887
2024-10-24 00:00:00+05:30,10244.367074132493,10331.606281637642,9957.63402769352,10047.84765625,653421
2024-10-25 00:00:00+05:30,10045.409483414387,10111.923938634087,9679.678555620174,9953.830078125,644769
2024-10-28 00:00:00+05:30,9953.830288121299,10038.338897256212,9738.195709514297,9763.796875,340768
2024-10-29 00:00:00+05:30,9824.947427457802,9824.947427457802,9401.72339195838,9607.361328125,1100706
2024-10-30 00:00:00+05:30,9577.274167996664,9809.147582807376,9528.51004290503,9694.9423828125,604822
2024-10-31 00:00:00+05:30,9694.30788242411,9782.961441111369,9562.644747200038,9593.1708984375,361801
2024-11-01 00:00:00+05:30,9660.172584758211,9704.060294633438,9595.608696634692,9631.8408203125,53757
2024-11-04 00:00:00+05:30,9651.882778255807,9651.882778255807,9133.520155445423,9290.1015625,1125992
2024-11-05 00:00:00+05:30,9294.44180419678,9759.94392988644,9265.378577497473,9630.767578125,1019901
2024-11-06 00:00:00+05:30,9639.107508662646,9805.490323352753,9605.362162472822,9772.818359375,514045
2024-11-07 00:00:00+05:30,9821.679481888574,9830.652271298852,9547.96702199337,9613.0185546875,473407
2024-11-08 00:00:00+05:30,9613.018993356112,9744.09639479338,9535.58117899638,9665.4404296875,273163
2024-11-11 00:00:00+05:30,9606.581082799856,9784.912057229054,9557.768384748324,9674.16796875,359768
2024-11-12 00:00:00+05:30,9655.296620750967,9751.849586958477,9423.179388858165,9439.466796875,316606
2024-11-13 00:00:00+05:30,9439.466655178221,9469.992806076494,9183.356906496492,9218.5166015625,494123
2024-11-14 00:00:00+05:30,9177.408612970174,9281.715270102986,9167.655787664147,9248.5556640625,275791
2024-11-18 00:00:00+05:30,9225.2452236581,9365.637322142791,9202.618480442465,9281.275390625,292519
2024-11-19 00:00:00+05:30,9323.700254849282,9458.87402192582,9265.622375232017,9309.75390625,365397
2024-11-21 00:00:00+05:30,9239.339146851164,9317.849391356522,9181.65080361444,9270.060546875,282212
2024-11-22 00:00:00+05:30,9309.071853940743,9365.541094034967,9210.665464583088,9247.2880859375,619823
2024-11-25 00:00:00+05:30,9323.700732233978,9398.163170396683,9159.853271667524,9188.087890625,1090141
2024-11-26 00:00:00+05:30,9231.048299468117,9249.57866583789,8894.673004765022,8911.5947265625,750430
2024-11-27 00:00:00+05:30,8948.21729399831,9028.141888542383,8877.996951200721,8963.1875,461513
2024-11-28 00:00:00+05:30,8938.561433275045,9043.210009495695,8769.984230847738,8790.708984375,687966
2024-11-29 00:00:00+05:30,8835.181506348708,8866.196252460637,8770.715712670659,8810.361328125,423101
2024-12-02 00:00:00+05:30,8854.394301015096,8948.2166651443,8833.084760008418,8904.669921875,298320
2024-12-03 00:00:00+05:30,8879.946919438655,8997.029389874018,8879.946919438655,8935.3427734375,398985
2024-12-04 00:00:00+05:30,8935.342993930333,9011.610275709621,8729.753633969352,8776.7138671875,456462
2024-12-05 00:00:00+05:30,8820.601267266647,8820.601267266647,8530.308061232525,8672.1630859375,1803653
2024-12-06 00:00:00+05:30,8732.582387329687,8922.81104911484,8709.369901811526,8874.9736328125,746013
2024-12-09 00:00:00+05:30,8871.169424491429,8944.315610379386,8803.290144957122,8853.078125,304202
2024-12-10 00:00:00+05:30,8850.785940610824,8870.097296281187,8758.036954721532,8790.513671875,393944
2024-12-11 00:00:00+05:30,8821.478225085668,8883.262938985692,8790.85492798793,8845.6650390625,254311
2024-12-12 00:00:00+05:30,8870.194645714793,8870.194645714793,8722.926983097648,8741.701171875,599056
2024-12-13 00:00:00+05:30,8742.579138511748,8827.282043976595,8683.671693631268,8798.4140625,243931
2024-12-16 00:00:00+05:30,8839.96029219768,8854.345708604335,8748.28374018239,8775.9326171875,228470
2024-12-17 00:00:00+05:30,8767.594284312252,8767.789531293914,8632.615759979171,8675.1376953125,456493
2024-12-18 00:00:00+05:30,8606.867861747076,8783.637810748964,8582.48579981578,8735.361328125,303382
2024-12-19 00:00:00+05:30,8604.91783216213,8780.468688989647,8545.961812259351,8760.6220703125,516640
2024-12-20 00:00:00+05:30,8728.778001330053,8842.642228330642,8542.88954575747,8570.05078125,316335
2024-12-23 00:00:00+05:30,8631.201342135737,8655.583404044704,8504.366046570143,8551.7158203125,514460
2024-12-24 00:00:00+05:30,8528.84522973953,8635.151019338342,8515.19127511216,8561.078125,297827
2024-12-26 00:00:00+05:30,8592.239045473263,8678.698222286497,8580.145161193213,8659.0458984375,240675
2024-12-27 00:00:00+05:30,8676.356645236536,8952.264436062922,8676.356645236536,8707.6142578125,713799
2024-12-30 00:00:00+05:30,8707.321763198035,8740.920434276772,8521.579029052667,8562.8828125,1065253
2024-12-31 00:00:00+05:30,8553.227419002891,8621.25337253487,8524.11561770839,8581.1201171875,294554
2025-01-01 00:00:00+05:30,8537.67119597237,8550.30129426614,8339.640283708197,8524.5048828125,558535
2025-01-02 00:00:00+05:30,8524.456392523593,8882.189810502516,8463.062170815196,8855.0771484375,734590
2025-01-03 00:00:00+05:30,8875.071074364681,8884.775326079214,8723.90228133979,8744.0908203125,337802
2025-01-06 00:00:00+05:30,8782.370325689722,8869.121894419492,8577.609574636921,8605.74609375,238306
2025-01-07 00:00:00+05:30,8650.755805943129,8668.262317365612,8519.189815252801,8592.53125,270785
2025-01-08 00:00:00+05:30,8559.078793499957,8612.670754689325,8399.132471470104,8428.634765625,415288
2025-01-09 00:00:00+05:30,8504.414552099859,8678.06340513997,8477.252363896227,8617.44921875,612457
2025-01-10 00:00:00+05:30,8614.134255317073,8636.126685584315,8428.488656804204,8547.3759765625,350859
2025-01-13 00:00:00+05:30,8489.346794966465,8533.625002863824,8339.640926389595,8383.7724609375,341577
2025-01-14 00:00:00+05:30,8406.934834255306,8483.00686639822,8314.283000235091,8398.3525390625,355464
2025-01-15 00:00:00+05:30,8410.739482393352,8581.511074273396,8349.686223900493,8365.9736328125,347402
2025-01-16 00:00:00+05:30,8407.910764519054,8426.343985466689,8338.37331000796,8369.826171875,290855
2025-01-17 00:00:00+05:30,8354.122658707545,8452.382363961253,8320.426841088021,8369.2890625,183057
2025-01-20 00:00:00+05:30,8387.42942712161,8396.791758070533,8253.523331519982,8333.2041015625,294136
2025-01-21 00:00:00+05:30,8370.313574565092,8396.011887752686,8204.17362741031,8259.228515625,343149
2025-01-22 00:00:00+05:30,8271.175826809864,8323.987756376018,8187.496776859409,8251.71875,344305
2025-01-23 00:00:00+05:30,8230.555482266007,8292.046851847828,8168.625045085447,8192.32421875,347894
2025-01-24 00:00:00+05:30,8206.41746274084,8280.099865254622,8153.361713682081,8193.8359375,232317
2025-01-27 00:00:00+05:30,8170.965117642021,8210.85455168523,8085.43265442989,8177.35302734375,324406
2025-01-28 00:00:00+05:30,8218.169472119482,8279.17320245136,8154.678009455135,8190.81298828125,651069
2025-01-29 00:00:00+05:30,8212.024812604042,8589.312443294195,8212.024812604042,8412.6396484375,802600
2025-01-30 00:00:00+05:30,8445.897984126503,8606.185284076986,8389.867813301715,8531.576171875,322587
2025-01-31 00:00:00+05:30,8582.486178204394,8738.434234162183,8527.91893071151,8629.1044921875,315913
2025-02-01 00:00:00+05:30,8668.213540319563,8951.142606972722,8588.629918447794,8929.2958984375,418755
2025-02-03 00:00:00+05:30,8923.835278078353,8923.835278078353,8666.896901362908,8705.908203125,667412
2025-02-04 00:00:00+05:30,8728.778335861476,8835.7184424767,8658.167502208358,8691.1328125,440468
2025-02-05 00:00:00+05:30,8709.272765119747,8746.33350029047,8675.137877462505,8707.126953125,329075
2025-02-06 00:00:00+05:30,8701.469950860293,8740.140280670124,8593.213599756786,8627.689453125,580590
2025-02-07 00:00:00+05:30,8670.7978294379,8802.900037435582,8632.274169845756,8767.205078125,244178
2025-02-10 00:00:00+05:30,8767.204994765923,8845.617137279913,8627.2024282221,8661.044921875,192650
2025-02-11 00:00:00+05:30,8611.744011115114,8658.021353732176,8516.702546124805,8545.4248046875,282926
2025-02-12 00:00:00+05:30,8516.166651458556,8601.406721541593,8433.26764030716,8496.2705078125,411042
2025-02-13 00:00:00+05:30,8499.635870952385,8560.103388156429,8437.608282661202,8476.521484375,206920
2025-02-14 00:00:00+05:30,8484.95739012079,8507.09649241665,8211.781154426955,8296.240234375,369356
2025-02-17 00:00:00+05:30,8284.048994502657,8340.663949312237,8175.45167644506,8326.1328125,224417
2025-02-18 00:00:00+05:30,8299.75074770888,8338.664898203535,8183.058774710799,8237.8203125,206278
2025-02-19 00:00:00+05:30,8231.433116878201,8316.917011498968,8197.298228369518,8269.908203125,200819
2025-02-20 00:00:00+05:30,8250.840974953004,8426.440390050157,8250.792401315231,8416.8828125,188845
2025-02-21 00:00:00+05:30,8338.66561540815,8401.083697207698,8241.137362596359,8295.8017578125,222132
2025-02-24 00:00:00+05:30,8241.625148488203,8278.637311564653,8135.416498342628,8238.1630859375,275998
2025-02-25 00:00:00+05:30,8241.1372424138,8258.789474945572,8158.286802373545,8209.8310546875,237383
2025-02-27 00:00:00+05:30,8153.458545704139,8205.978077841162,7981.126420055571,8028.8662109375,350992
2025-02-28 00:00:00+05:30,8031.207655013034,8031.207655013034,7691.370273673645,7707.56005859375,580155
2025-03-03 00:00:00+05:30,7738.818202182401,7800.601968691989,7489.779716113691,7524.109375,497052
2025-03-04 00:00:00+05:30,7462.959413389173,7490.169700260969,7136.190721662859,7152.0390625,1078953
2025-03-05 00:00:00+05:30,7150.966663079642,7259.32016977054,7120.537658058217,7236.888671875,749464
2025-03-06 00:00:00+05:30,7296.088304491985,7314.618671793862,7194.610351936825,7277.8017578125,917093
2025-03-07 00:00:00+05:30,7277.80171663759,7435.553658433447,7266.927412182809,7387.52099609375,942308
2025-03-10 00:00:00+05:30,7385.814540351055,7385.814540351055,7170.277102952721,7200.90087890625,495241
2025-03-11 00:00:00+05:30,7173.690562268056,7330.174832790434,7146.870293018873,7314.5703125,412703
2025-03-12 00:00:00+05:30,7314.570002288933,7381.913066826451,7246.2026054234975,7329.29638671875,529286
2025-03-13 00:00:00+05:30,7358.750150898272,7358.750150898272,7231.719607555838,7319.20263671875,454776
2025-03-17 00:00:00+05:30,7314.618564608781,7422.87491936499,7249.274638764942,7301.01318359375,286383
2025-03-18 00:00:00+05:30,7301.01318359375,7301.01318359375,7301.01318359375,7301.01318359375,0
2025-03-19 00:00:00+05:30,7484.3179881764345,7575.653100074049,7430.921270708013,7530.9853515625,409356
2025-03-20 00:00:00+05:30,7543.761470774328,7755.397770662862,7531.131372070313,7724.2373046875,606109
2025-03-21 00:00:00+05:30,7772.026333966735,7949.527751055698,7741.792576110923,7868.43310546875,703280
2025-03-24 00:00:00+05:30,7917.148103578892,8010.921897107962,7870.529790472111,7924.70654296875,453508
2025-03-25 00:00:00+05:30,7958.305323741569,7966.059010221992,7755.446560587372,7808.11181640625,824076
2025-03-26 00:00:00+05:30,7816.255543326521,7848.537489914551,7714.484717331428,7779.92626953125,391366
2025-03-27 00:00:00+05:30,7705.706809522241,7840.393414117286,7658.161789023037,7777.19482421875,651971
2025-03-28 00:00:00+05:30,7773.391413088225,7826.544308451572,7617.687659802979,7684.1044921875,392400
2025-04-01 00:00:00+05:30,7442.380613504189,7849.073408135462,7442.380613504189,7795.4814453125,283618
2025-04-02 00:00:00+05:30,7765.198958689809,7883.988172019122,7748.619156843824,7873.40673828125,237191
2025-04-03 00:00:00+05:30,7743.791607693089,7743.791607693089,7646.214784253895,7716.63037109375,470005
2025-04-04 00:00:00+05:30,7685.226016633114,7694.832644396336,7463.1054296676075,7495.1435546875,461228
2025-04-07 00:00:00+05:30,7119.562117264753,7175.689433608468,6914.118957712413,7126.19384765625,469629
2025-04-08 00:00:00+05:30,7201.9736589058375,7343.731066264454,7164.181461833239,7312.716796875,259199
2025-04-09 00:00:00+05:30,7339.439744346171,7442.6730140918535,7276.094956658049,7385.13134765625,261256
2025-04-11 00:00:00+05:30,7528.6929574959595,7587.64897274675,7447.598316108321,7576.8232421875,290737
2025-04-15 00:00:00+05:30,7802.25986492402,7841.27116424864,7634.9989190697115,7797.87109375,387999
2025-04-16 00:00:00+05:30,7801.284518598784,7801.772159836351,7670.109025693229,7764.71142578125,294161
2025-04-17 00:00:00+05:30,7796.408161836064,7855.90039324362,7670.10908040527,7819.81494140625,274331
2025-04-21 00:00:00+05:30,7812.012979785541,8070.46284740641,7753.496028626098,8043.642578125,285132
2025-04-22 00:00:00+05:30,7983.662615229817,7984.150256484107,7875.406256777519,7939.77490234375,394636
2025-04-23 00:00:00+05:30,7910.516370232497,8089.480709270552,7851.999420138311,8057.29638671875,598686
2025-04-24 00:00:00+05:30,8055.833322220021,8122.152531168079,7967.082616127766,7998.779296875,322100
2025-04-25 00:00:00+05:30,8021.698387018744,8055.345632532683,7768.1249425658725,7835.41943359375,508224
2025-04-28 00:00:00+05:30,7835.419691364756,7933.435583695122,7773.976893187511,7895.88720703125,282481
2025-04-29 00:00:00+05:30,7935.3862102811,7967.570533385539,7821.7657968972435,7878.81982421875,228383
2025-04-30 00:00:00+05:30,7860.777029985212,7877.844473908877,7780.316222916505,7831.5185546875,447067
2025-05-02 00:00:00+05:30,7802.259985774567,7886.1342806216435,7610.129333624868,7627.19677734375,379515
2025-05-05 00:00:00+05:30,7674.98568979305,7767.637527969598,7655.96768090418,7724.72509765625,250175
2025-05-06 00:00:00+05:30,7733.990055175689,7845.172257734331,7714.484405603997,7749.10693359375,270568
2025-05-07 00:00:00+05:30,7719.848472436775,7780.803627452541,7618.4190944905395,7654.9921875,459640
2025-05-08 00:00:00+05:30,7656.455421713936,7674.985789590194,7480.416926889483,7533.56982421875,461725
2025-05-09 00:00:00+05:30,7431.652753060934,7552.100143481278,7423.8504929527335,7492.60791015625,248982
2025-05-12 00:00:00+05:30,7607.203531683407,7849.561233942808,7585.747316594044,7840.78369140625,296774
2025-05-13 00:00:00+05:30,7840.783498437354,7908.565630801481,7753.49571647204,7863.70263671875,407395
2025-05-14 00:00:00+05:30,7890.035531086085,8005.118867633447,7833.469145325517,7902.2265625,225717
2025-05-15 00:00:00+05:30,7933.923189711633,8159.213448694226,7877.356804339381,8120.2021484375,497959
2025-05-16 00:00:00+05:30,8143.609050342618,8285.02501588749,8075.339273872679,8272.833984375,483122
2025-05-19 00:00:00+05:30,8289.901421361286,8642.46605239918,8282.099161200005,8632.2255859375,858221
2025-05-20 00:00:00+05:30,8631.250444669438,8631.250444669438,8315.746544234347,8353.294921875,449936
2025-05-21 00:00:00+05:30,8395.231643884892,8548.350994267086,8324.52366361286,8472.7666015625,572628
2025-05-22 00:00:00+05:30,8445.946617639693,8558.591748625533,8302.092446034398,8517.6298828125,916615
2025-05-23 00:00:00+05:30,8548.351115946938,8619.546738475647,8498.61170842688,8524.9443359375,321989
2025-05-26 00:00:00+05:30,8567.369202760472,8756.574009560578,8553.227606375927,8737.068359375,440577
2025-05-27 00:00:00+05:30,8723.901946282635,8781.93125492476,8680.501875113314,8741.45703125,401273
2025-05-28 00:00:00+05:30,8767.789239735775,8784.369041412694,8558.10351264532,8630.2744140625,312080
2025-05-29 00:00:00+05:30,8686.841212445066,8719.02553488929,8584.436550122542,8655.14453125,330341
2025-05-30 00:00:00+05:30,8569.807693433579,8645.87973168188,8372.800620021313,8394.2568359375,1434828
2025-06-02 00:00:00+05:30,8408.397890517175,8408.397890517175,8207.00205865592,8303.0673828125,457251
2025-06-03 00:00:00+05:30,8302.579626737124,8387.429201214527,8280.148130036201,8351.34375,566074
2025-06-04 00:00:00+05:30,8339.15335823006,8426.92878682964,8316.23421854017,8351.83203125,431009
2025-06-05 00:00:00+05:30,8401.082950125987,8401.082950125987,8299.165935000821,8345.9794921875,381642
2025-06-06 00:00:00+05:30,8395.231456958434,8470.328206747678,8329.887531817145,8423.5146484375,435024
2025-06-09 00:00:00+05:30,8465.452032823168,8489.834095129687,8386.94179219618,8427.416015625,443544
2025-06-10 00:00:00+05:30,8431.317477457324,8449.847845539647,8362.072417781272,8412.787109375,350288
2025-06-11 00:00:00+05:30,8422.052190931801,8553.227689707823,8397.18248670289,8503.48828125,462124
2025-06-12 00:00:00+05:30,8516.654369772365,8539.573508356922,8328.912489877583,8355.2451171875,368162
2025-06-13 00:00:00+05:30,8250.89022207494,8275.759926645023,8143.609143537323,8254.3037109375,250910
2025-06-16 00:00:00+05:30,8276.734728552377,8382.55287714696,8242.1122006712,8318.671875,203598
2025-06-17 00:00:00+05:30,8280.148338171022,8342.566417516482,8246.013451028975,8284.537109375,286217
2025-06-18 00:00:00+05:30,8294.777836067586,8443.508420429762,8231.872113501287,8258.6923828125,561114
2025-06-19 00:00:00+05:30,8270.395480225989,8343.541666666666,8242.599929378532,8286.0,332303
2025-06-20 00:00:00+05:30,8315.0,8403.0,8250.0,8371.0,567646
2025-06-23 00:00:00+05:30,8275.0,8328.5,8255.0,8286.5,271619
2025-06-24 00:00:00+05:30,8363.0,8424.5,8331.5,8377.0,214129
2025-06-25 00:00:00+05:30,8407.0,8437.0,8371.0,8389.5,276176
2025-06-26 00:00:00+05:30,8370.0,8465.0,8361.0,8433.0,371685
2025-06-27 00:00:00+05:30,8468.0,8507.0,8414.0,8436.0,504248
2025-06-30 00:00:00+05:30,8470.0,8496.0,8360.0,8376.0,303799
2025-07-01 00:00:00+05:30,8370.0,8409.0,8300.0,8399.0,363782
2025-07-02 00:00:00+05:30,8350.0,8409.5,8314.5,8356.5,267604
2025-07-03 00:00:00+05:30,8378.0,8464.5,8350.0,8382.5,175619
2025-07-04 00:00:00+05:30,8382.0,8450.0,8364.5,8433.0,183720
2025-07-07 00:00:00+05:30,8433.0,8484.0,8404.0,8463.5,123117
2025-07-08 00:00:00+05:30,8463.0,8474.0,8291.0,8339.5,253579
2025-07-09 00:00:00+05:30,8350.0,8376.0,8310.5,8361.0,157280
2025-07-10 00:00:00+05:30,8394.0,8394.0,8268.0,8285.0,229552
2025-07-11 00:00:00+05:30,8285.5,8300.0,8045.5,8067.0,539579
2025-07-14 00:00:00+05:30,8090.0,8120.0,8035.5,8087.5,248351
2025-07-15 00:00:00+05:30,8128.0,8326.0,8090.0,8311.0,366546
2025-07-16 00:00:00+05:30,8311.0,8345.0,8184.5,8302.5,275493
2025-07-17 00:00:00+05:30,8278.5,8355.0,8262.5,8330.0,249880
2025-07-18 00:00:00+05:30,8305.0,8365.0,8305.0,8347.5,268313
2025-07-21 00:00:00+05:30,8306.0,8450.0,8306.0,8438.5,253964
2025-07-22 00:00:00+05:30,8470.0,8470.0,8277.0,8295.0,302466
2025-07-23 00:00:00+05:30,8313.5,8405.0,8290.5,8397.0,194644
2025-07-24 00:00:00+05:30,8409.5,8435.0,8276.0,8288.5,298692
2025-07-25 00:00:00+05:30,8275.0,8280.0,8044.5,8075.5,554118
2025-07-28 00:00:00+05:30,8075.5,8158.0,8075.0,8089.5,232171
2025-07-29 00:00:00+05:30,8089.5,8146.0,8056.0,8127.5,209998
2025-07-30 00:00:00+05:30,8090.5,8132.5,8025.0,8043.5,222804
2025-07-31 00:00:00+05:30,7990.0,8094.0,7930.5,8008.0,297025
2025-08-01 00:00:00+05:30,8008.0,8091.0,7951.5,8044.5,329818
2025-08-04 00:00:00+05:30,8044.5,8205.0,8044.5,8187.5,221221
2025-08-05 00:00:00+05:30,8176.0,8236.5,8130.0,8230.5,194083
2025-08-06 00:00:00+05:30,8269.0,8269.0,8120.0,8178.5,515934
2025-08-07 00:00:00+05:30,8070.0,8249.0,7858.5,8229.0,456168
2025-08-08 00:00:00+05:30,8229.0,8277.0,8185.0,8224.0,282679
2025-08-11 00:00:00+05:30,8235.0,8300.0,8132.5,8275.0,180274
2025-08-12 00:00:00+05:30,8275.5,8321.5,8180.0,8196.5,184529
2025-08-13 00:00:00+05:30,8214.5,8309.5,8189.0,8248.5,367519
2025-08-14 00:00:00+05:30,8250.0,8280.0,8198.0,8213.5,364270
2025-08-18 00:00:00+05:30,8400.0,8629.5,8400.0,8588.5,995976
2025-08-19 00:00:00+05:30,8609.0,8856.0,8586.0,8795.5,1052384
2025-08-20 00:00:00+05:30,8794.5,8872.5,8763.5,8827.5,490202
2025-08-21 00:00:00+05:30,8835.0,8869.0,8630.0,8684.5,510564
2025-08-22 00:00:00+05:30,8684.5,8715.0,8581.0,8679.5,369875
2025-08-25 00:00:00+05:30,8750.0,8764.0,8633.5,8750.5,360880
2025-08-26 00:00:00+05:30,8730.0,8825.0,8646.0,8691.5,778390
2025-08-28 00:00:00+05:30,8798.0,8798.0,8661.0,8689.5,394657
2025-08-29 00:00:00+05:30,8714.0,8730.0,8571.5,8631.5,344340
2025-09-01 00:00:00+05:30,8665.0,9037.5,8665.0,8967.0,658701
2025-09-02 00:00:00+05:30,8970.0,9109.5,8926.0,9030.5,548186
2025-09-03 00:00:00+05:30,9052.0,9129.5,8992.0,9116.0,322758
2025-09-04 00:00:00+05:30,9350.0,9353.5,9046.5,9071.0,652617
2025-09-05 00:00:00+05:30,9117.0,9172.0,9053.0,9084.5,231190
2025-09-08 00:00:00+05:30,9102.0,9490.0,9073.0,9433.5,713087
2025-09-09 00:00:00+05:30,9390.5,9428.5,9236.5,9383.0,505482
2025-09-10 00:00:00+05:30,9425.0,9440.0,9180.0,9244.0,454231
2025-09-11 00:00:00+05:30,9243.5,9243.5,9075.0,9113.5,472941
2025-09-12 00:00:00+05:30,9115.0,9205.0,8979.5,8999.5,481492
2025-09-15 00:00:00+05:30,9026.5,9091.5,8964.0,9025.0,325549
2025-09-16 00:00:00+05:30,9032.0,9099.0,9020.0,9072.5,219134
2025-09-17 00:00:00+05:30,9076.5,9136.0,9070.0,9084.0,172732
2025-09-18 00:00:00+05:30,9099.5,9115.0,9025.0,9075.0,183574
2025-09-19 00:00:00+05:30,9050.0,9063.5,8950.5,8971.5,467648
2025-09-22 00:00:00+05:30,8971.5,9195.0,8959.5,9054.5,525239
2025-09-23 00:00:00+05:30,9079.0,9225.0,8950.0,8984.5,451186
2025-09-24 00:00:00+05:30,8990.0,8999.0,8804.0,8839.0,240914
2025-09-25 00:00:00+05:30,8821.0,8910.0,8758.0,8842.5,441002
2025-09-26 00:00:00+05:30,8830.0,8880.0,8668.0,8702.0,335841
2025-09-29 00:00:00+05:30,8745.0,8829.0,8675.5,8717.5,394174
2025-09-30 00:00:00+05:30,8721.0,8769.0,8640.0,8678.5,285609
2025-10-01 00:00:00+05:30,8720.0,8846.5,8586.5,8626.5,551282
2025-10-03 00:00:00+05:30,8626.5,8698.5,8491.5,8679.5,915075
2025-10-06 00:00:00+05:30,8698.0,8803.5,8651.0,8792.0,300715
2025-10-07 00:00:00+05:30,8800.0,8915.0,8785.5,8904.0,490577
2025-10-08 00:00:00+05:30,8903.0,8903.0,8750.5,8792.0,408647
2025-10-09 00:00:00+05:30,8775.0,8817.5,8701.5,8810.0,217161
2025-10-10 00:00:00+05:30,8816.0,8955.0,8781.5,8946.5,228686
2025-10-13 00:00:00+05:30,8947.0,9084.0,8917.0,9066.0,374531
2025-10-14 00:00:00+05:30,9100.0,9120.0,9032.5,9102.5,297332
2025-10-15 00:00:00+05:30,9106.5,9180.0,8955.5,8998.0,300055
2025-10-16 00:00:00+05:30,9030.0,9177.0,9022.0,9151.5,334619
2025-10-17 00:00:00+05:30,9150.0,9194.5,9090.5,9150.5,466036
2025-10-20 00:00:00+05:30,9194.5,9236.5,9100.5,9124.5,303686
2025-10-21 00:00:00+05:30,9159.5,9165.0,9081.0,9118.0,27642
2025-10-23 00:00:00+05:30,9136.0,9157.0,9017.0,9047.0,249420
2025-10-24 00:00:00+05:30,9070.0,9099.0,9012.0,9076.5,332130
2025-10-27 00:00:00+05:30,9099.5,9115.0,9055.0,9095.5,310061
2025-10-28 00:00:00+05:30,9100.0,9130.0,9019.0,9057.5,459991
2025-10-29 00:00:00+05:30,9090.0,9090.0,8960.0,9034.0,226605
2025-10-30 00:00:00+05:30,9034.0,9065.0,8904.5,8923.0,250532
2025-10-31 00:00:00+05:30,8939.5,9051.0,8802.0,8892.5,261013
2025-11-03 00:00:00+05:30,8900.0,8957.5,8855.0,8922.5,206987
2025-11-04 00:00:00+05:30,8920.0,8920.0,8713.0,8751.0,517334
2025-11-05 00:00:00+05:30,8751.0,8751.0,8751.0,8751.0,0
2025-11-06 00:00:00+05:30,8755.0,8820.5,8702.5,8720.5,326774
2025-11-07 00:00:00+05:30,8720.0,8749.5,8605.0,8721.5,290120
2025-11-10 00:00:00+05:30,8795.0,8838.0,8685.5,8772.0,992874
2025-11-11 00:00:00+05:30,8819.0,8945.0,8726.0,8895.0,380748
2025-11-12 00:00:00+05:30,8935.0,8935.0,8800.0,8868.0,439922
2025-11-13 00:00:00+05:30,8888.0,8895.5,8842.0,8867.5,276001
2025-11-14 00:00:00+05:30,8867.5,8867.5,8781.5,8843.0,550371
2025-11-17 00:00:00+05:30,8850.0,9025.0,8850.0,8945.5,457995
2025-11-18 00:00:00+05:30,8975.5,8999.0,8900.0,8921.0,276172
2025-11-19 00:00:00+05:30,8950.0,8975.0,8863.5,8884.5,326292
2025-11-20 00:00:00+05:30,8924.0,9005.0,8890.0,8979.5,189991
2025-11-21 00:00:00+05:30,8950.0,8957.5,8862.0,8892.0,320271
2025-11-24 00:00:00+05:30,8905.0,9049.0,8857.5,9007.5,466198
2025-11-25 00:00:00+05:30,9025.0,9145.0,9001.0,9048.0,482151
2025-11-26 00:00:00+05:30,9054.0,9180.0,9028.0,9164.0,354143
2025-11-27 00:00:00+05:30,9194.0,9254.5,8996.0,9022.5,602295
2025-11-28 00:00:00+05:30,9031.0,9106.0,8922.0,9073.5,432445
2025-12-01 00:00:00+05:30,9129.0,9189.5,9055.5,9096.0,449503
2025-12-02 00:00:00+05:30,9100.0,9142.0,8988.0,9085.5,319833
2025-12-03 00:00:00+05:30,9085.5,9105.0,8950.0,9000.5,412081
2025-12-04 00:00:00+05:30,9005.0,9095.0,8988.0,9085.0,275604
2025-12-05 00:00:00+05:30,9054.0,9130.0,9045.5,9109.0,279893
2025-12-08 00:00:00+05:30,9115.0,9124.5,8956.5,9026.0,299426
2025-12-09 00:00:00+05:30,8990.0,9034.5,8880.0,8961.0,373015
2025-12-10 00:00:00+05:30,8961.0,9001.5,8904.0,8991.0,307300
2025-12-11 00:00:00+05:30,8991.0,9084.0,8961.0,9053.5,136142
2025-12-12 00:00:00+05:30,9065.0,9089.5,8960.0,9015.0,356060
2025-12-15 00:00:00+05:30,9040.0,9042.5,8884.0,8940.0,507849
2025-12-16 00:00:00+05:30,8940.0,9028.0,8891.0,9008.0,278902
2025-12-17 00:00:00+05:30,9008.0,9009.0,8859.0,8895.0,256364
2025-12-18 00:00:00+05:30,8891.0,8891.0,8735.0,8831.0,338487
2025-12-19 00:00:00+05:30,8830.5,9011.0,8827.0,9002.0,215196
2025-12-22 00:00:00+05:30,9010.0,9185.0,8997.5,9164.0,377385
2025-12-23 00:00:00+05:30,9184.0,9184.0,9080.0,9099.0,215559
2025-12-24 00:00:00+05:30,9100.0,9194.5,9070.0,9170.0,167717
2025-12-25 00:00:00+05:30,9170.0,9170.0,9170.0,9170.0,0
2025-12-26 00:00:00+05:30,9182.5,9185.5,9052.0,9064.5,105815
2025-12-29 00:00:00+05:30,9069.5,9127.0,9055.5,9087.0,263943
2025-12-30 00:00:00+05:30,9087.0,9299.0,9025.5,9282.0,464922
2025-12-31 00:00:00+05:30,9320.0,9398.0,9296.5,9343.0,319864
2026-01-01 00:00:00+05:30,9365.0,9585.0,9318.5,9558.0,306936
2026-01-02 00:00:00+05:30,9550.0,9633.0,9310.5,9502.5,733651
