Date,Open,High,Low,Close,Volume
2021-01-04 00:00:00+05:30,521.5196229613459,521.5196229613459,509.00077293372533,510.95989990234375,23336590
2021-01-05 00:00:00+05:30,511.13614781981795,511.7434723182464,495.903949573204,501.4384765625,39534000
2021-01-06 00:00:00+05:30,502.5160348782376,506.27268212067446,488.831532693692,492.7497863769531,36079230
2021-01-07 00:00:00+05:30,496.14887905110936,502.6679023989807,491.8681916298825,497.7161865234375,30357500
2021-01-08 00:00:00+05:30,502.5160096580146,503.373127608211,493.89586394502845,497.8141174316406,29984510
2021-01-11 00:00:00+05:30,500.36098907168173,500.6499734374183,485.69205059367044,488.2388916015625,29241640
2021-01-12 00:00:00+05:30,488.23888316533373,499.47937933127434,484.9818527467904,493.91546630859375,33359080
2021-01-13 00:00:00+05:30,496.2468180593069,497.0304568117034,472.7617798664905,480.2701416015625,32693730
2021-01-14 00:00:00+05:30,480.270141156347,486.5295356515001,473.52093507402236,477.767333984375,26808110
2021-01-15 00:00:00+05:30,477.73300065688125,482.6308168215247,474.3436903473418,478.3794860839844,25449160
2021-01-18 00:00:00+05:30,477.04736123177,478.0269246018558,459.0234012009722,462.3392028808594,37034130
2021-01-19 00:00:00+05:30,466.7717556946827,489.28700563128405,465.4885300586015,485.7801818847656,47674650
2021-01-20 00:00:00+05:30,486.6470702889329,492.97507118313865,480.0840136458627,488.0135803222656,33147070
2021-01-21 00:00:00+05:30,489.0959758063111,511.8218578141858,488.80211875460043,501.3699035644531,70618090
2021-01-22 00:00:00+05:30,503.00577511352,503.20169973908946,484.4528430615404,487.0927734375,30847960
2021-01-25 00:00:00+05:30,494.5815608306376,505.7485777507031,479.0065085557645,480.8382873535156,36730600
2021-01-27 00:00:00+05:30,482.072522954998,484.45285475422446,471.26794024927096,474.59844970703125,28004930
2021-01-28 00:00:00+05:30,468.187161003293,480.8676150179232,462.65753697078753,471.1944274902344,34773290
2021-01-29 00:00:00+05:30,478.68319519466553,484.8838175260776,461.09021738263766,463.77911376953125,42607950
2021-02-01 00:00:00+05:30,467.74153762483394,497.6182222270485,457.11326843510153,495.5219421386719,42907450
2021-02-02 00:00:00+05:30,499.5773304871026,522.8860246856165,499.0777435905667,506.74774169921875,43479930
2021-02-03 00:00:00+05:30,511.1949654730536,516.2299359335094,503.4956111381856,513.7908325195312,26507830
2021-02-04 00:00:00+05:30,510.74436212629996,542.9719609431996,509.96556620436394,539.2349243164062,53258880
2021-02-05 00:00:00+05:30,541.30671491825,551.2003412039212,535.8211837529038,542.5360717773438,44379870
2021-02-08 00:00:00+05:30,542.8741272881032,554.9227469050003,536.3404551992888,538.53466796875,28008090
2021-02-09 00:00:00+05:30,542.4332960983072,542.5802545405919,527.2598668263206,528.9937133789062,22639040
2021-02-10 00:00:00+05:30,532.3631923961535,538.9899519026438,528.4743551260823,536.3990478515625,26380120
2021-02-11 00:00:00+05:30,535.8211409754683,547.379976300377,534.425275189171,545.3278198242188,20289470
2021-02-12 00:00:00+05:30,545.6167877021182,550.3186798396569,541.8993615175152,546.3465576171875,16252680
2021-02-15 00:00:00+05:30,549.0795792513402,568.0488759280584,548.5555391054379,566.1729736328125,31688260
2021-02-16 00:00:00+05:30,567.3042595624163,570.321271243348,557.4008897226779,564.2529296875,21268100
2021-02-17 00:00:00+05:30,561.28985266148,568.0488643311654,555.4124720053388,558.8556518554688,23463950
2021-02-18 00:00:00+05:30,558.253109660768,559.7958739204591,540.9343791110581,544.96533203125,23175130
2021-02-19 00:00:00+05:30,544.6372283880232,550.7056305803003,531.4131230224867,538.5590209960938,27444560
2021-02-22 00:00:00+05:30,536.8007318520345,542.5507641054544,522.5725498526962,526.696533203125,20005630
2021-02-23 00:00:00+05:30,530.9233122623334,539.2153419606637,524.0663691150339,527.3674926757812,21902450
2021-02-24 00:00:00+05:30,533.2743617957289,546.4886630636424,527.2989889262188,544.9213256835938,19087950
2021-02-25 00:00:00+05:30,548.6533816456417,550.5096732354016,539.8716301226096,541.693603515625,15845950
2021-02-26 00:00:00+05:30,531.9028857135835,534.2538616097582,511.4299882967802,515.7302856445312,37133260
2021-03-01 00:00:00+05:30,520.6379456202106,526.0157391048767,508.8831848536207,515.9164428710938,20318810
2021-03-02 00:00:00+05:30,519.1685049274267,529.943700312713,515.4510792600853,520.7651977539062,22086340
2021-03-03 00:00:00+05:30,525.452522051576,545.945033078988,523.0967029742988,542.9622192382812,22524130
2021-03-04 00:00:00+05:30,531.9028164910067,545.3375520576247,529.0620593018123,537.3786010742188,22346980
2021-03-05 00:00:00+05:30,532.8824502932656,540.6944439169114,529.1699268047204,533.3624267578125,20757600
2021-03-08 00:00:00+05:30,535.723188171517,538.1671938014017,520.2460403316766,521.1913452148438,17210420
2021-03-09 00:00:00+05:30,526.1234711454158,533.3722641229988,522.5970668679887,530.4384765625,18114960
2021-03-10 00:00:00+05:30,532.8824725564418,544.7351654022267,532.8824725564418,543.1727905273438,21912500
2021-03-12 00:00:00+05:30,548.5555219146624,555.4124659385958,540.8169468868149,544.4266357421875,25080130
2021-03-15 00:00:00+05:30,545.7196170068006,547.1498010110238,524.1202572537092,532.7894287109375,20870080
2021-03-16 00:00:00+05:30,537.6284664273851,539.4455972605721,530.9233833924673,534.4448852539062,15613050
2021-03-17 00:00:00+05:30,534.8415493214368,534.8807103289155,523.5227028285564,525.0263061523438,11347580
2021-03-18 00:00:00+05:30,531.2171829510203,543.1678675581927,519.6583475917425,526.2067260742188,23390580
2021-03-19 00:00:00+05:30,520.7358764632384,536.7028076196058,508.398304210923,534.180419921875,32203100
2021-03-22 00:00:00+05:30,533.5191901955052,538.4659730414261,522.7929598026743,527.9209594726562,19384610
2021-03-23 00:00:00+05:30,529.9438063069964,533.3722782516812,524.0664258303938,526.8875732421875,18490380
2021-03-24 00:00:00+05:30,526.4173440338014,526.4173440338014,515.2502984414339,516.25927734375,17376430
2021-03-25 00:00:00+05:30,517.2094613434456,519.1685880909586,499.88588547007356,501.7519226074219,23432710
2021-03-26 00:00:00+05:30,506.43426242556296,514.0748447560475,503.0057906296452,507.71258544921875,23474600
2021-03-30 00:00:00+05:30,512.7866901613398,515.2503062599246,504.475109741181,508.7410888671875,18452800
2021-03-31 00:00:00+05:30,507.90356750815465,511.21449622208996,501.82536053345706,504.46038818359375,18459750
2021-04-01 00:00:00+05:30,510.3524785158785,518.0420264939444,505.645684041146,516.4404907226562,21482340
2021-04-05 00:00:00+05:30,515.1523837956208,515.1523837956208,482.0039341036371,486.1083068847656,37396800
2021-04-06 00:00:00+05:30,494.6794609137732,495.6051553963556,485.13852404556326,489.1057434082031,20709060
2021-04-07 00:00:00+05:30,487.82255456495096,500.4589159634555,483.9043011146301,497.3341064453125,24027820
2021-04-08 00:00:00+05:30,499.5772962087819,501.04664119763123,491.2510079386355,492.67138671875,14078790
2021-04-09 00:00:00+05:30,489.78165679572766,490.76122010931914,474.5984254350601,477.27264404296875,29026460
2021-04-12 00:00:00+05:30,464.3130376896482,464.3130376896482,431.00788308743716,441.88104248046875,45000460
2021-04-13 00:00:00+05:30,444.24182320756637,467.73173525917633,442.1798314139968,463.2110595703125,31750190
2021-04-15 00:00:00+05:30,461.18823216694886,465.29260511728506,447.27842022482923,456.50592041015625,28971850
2021-04-16 00:00:00+05:30,456.574514202946,459.41524213073063,449.6196079701607,452.2252502441406,21426480
2021-04-19 00:00:00+05:30,435.9057070447333,441.1953433536867,427.28556120006124,438.8052062988281,34265070
2021-04-20 00:00:00+05:30,446.97475787322645,460.2968258062008,446.2106996333743,451.9362487792969,33945970
2021-04-22 00:00:00+05:30,445.701303546514,461.76613576149856,441.36674788167096,459.287841796875,25635390
2021-04-23 00:00:00+05:30,452.6660263753332,466.2525957826938,451.62769156754683,457.2406005859375,27295250
2021-04-26 00:00:00+05:30,459.41523125817497,473.0311564403511,459.41523125817497,463.97509765625,29039890
2021-04-27 00:00:00+05:30,464.9987313803907,478.9917674435813,464.9546378765919,476.5624694824219,26449970
2021-04-28 00:00:00+05:30,481.4554737179226,520.1482330502887,481.4554737179226,517.2977294921875,85764540
2021-04-29 00:00:00+05:30,524.0663602176538,541.2087177948669,522.107233637401,537.2757568359375,72584860
2021-04-30 00:00:00+05:30,524.0664035941993,541.1745041789126,521.8819964085112,534.0481567382812,41248880
2021-05-03 00:00:00+05:30,520.7652927136289,546.5963746689941,518.3114816249669,543.7703247070312,40335910
2021-05-04 00:00:00+05:30,549.535005752189,563.2439892142665,544.6371893016349,550.0982666015625,48383470
2021-05-05 00:00:00+05:30,556.6857781500789,558.3510476180779,534.0970521940945,540.2438354492188,43786930
2021-05-06 00:00:00+05:30,545.4208652715618,550.5048014863842,536.1493315778504,541.5809936523438,22231110
2021-05-07 00:00:00+05:30,547.575921654404,549.8436132384563,534.6456732642171,538.1525268554688,18510330
2021-05-10 00:00:00+05:30,546.1065077076938,546.1065077076938,533.3721855548687,538.514892578125,19973390
2021-05-11 00:00:00+05:30,530.0661830708245,534.6554346736518,527.9846110883334,531.3836669921875,16172480
2021-05-12 00:00:00+05:30,530.2474037056019,532.8824313551013,522.0484637267834,524.8892211914062,15393360
2021-05-14 00:00:00+05:30,529.4540074737397,529.4540074737397,515.9360447723966,522.1415405273438,15257620
2021-05-17 00:00:00+05:30,524.0663473638919,537.7802330893021,520.6427785318936,531.9126586914062,24115830
2021-05-18 00:00:00+05:30,538.8577591978805,558.8408748699633,538.8577591978805,557.2490844726562,31478830
2021-05-19 00:00:00+05:30,555.8972838792772,560.5942732781933,548.0656798853868,551.6116943359375,22509060
2021-05-20 00:00:00+05:30,551.2983270343439,554.2370175406974,543.1679619243283,547.4535522460938,14888270
2021-05-21 00:00:00+05:30,554.4328668538914,557.8613386453907,547.213489607387,551.6655883789062,18569660
2021-05-24 00:00:00+05:30,551.8860874649368,557.1756943738784,547.5759842462644,548.839599609375,12150600
2021-05-25 00:00:00+05:30,552.4736401640915,554.3152237476619,546.7921856093242,550.3822631835938,13155460
2021-05-26 00:00:00+05:30,552.473774918428,567.6373976936653,547.1939136778467,565.3207397460938,29167460
2021-05-27 00:00:00+05:30,566.1827389993853,566.3982740356734,553.5512499046165,556.6074829101562,21525900
2021-05-28 00:00:00+05:30,560.7020251763429,563.2488656974216,547.7815835873546,549.6084594726562,15263750
2021-05-31 00:00:00+05:30,550.5146597926673,554.8932797231193,544.6372790831371,551.2933959960938,17958110
2021-06-01 00:00:00+05:30,552.8656267924102,569.9099946937598,551.0435933640385,566.6578369140625,28534510
2021-06-02 00:00:00+05:30,563.8856294993793,572.5547406653349,562.5191195833179,568.9940185546875,20131950
2021-06-03 00:00:00+05:30,572.0650167369633,579.4117421231401,566.2023442278673,578.08935546875,22303780
2021-06-04 00:00:00+05:30,579.4117888710697,588.7176417777057,577.9424436752852,587.096435546875,24453670
2021-06-07 00:00:00+05:30,568.1467766810381,572.4421717914772,556.6320040361419,561.2653198242188,28358050
2021-06-08 00:00:00+05:30,563.3468217939512,569.8119753534322,560.324907321205,563.77783203125,17890070
2021-06-09 00:00:00+05:30,567.6569363396181,567.6569363396181,551.2296405510677,555.8532104492188,15381120
2021-06-10 00:00:00+05:30,559.820478335348,599.003014001864,556.0981494045899,596.2014770507812,52961200
2021-06-11 00:00:00+05:30,598.0577111709863,610.2679951985676,592.1656827876965,599.4927978515625,37027210
2021-06-14 00:00:00+05:30,594.5656120347876,612.1292377049517,585.3479460678404,606.7562866210938,26336010
2021-06-15 00:00:00+05:30,609.1904892688791,611.2279380498253,602.4314780391718,603.523681640625,15236610
2021-06-16 00:00:00+05:30,601.4518156343985,603.4991290659071,593.8896162923155,595.7311401367188,14816580
2021-06-17 00:00:00+05:30,579.9015625362539,599.003049815742,579.9015625362539,592.660400390625,18718570
2021-06-18 00:00:00+05:30,596.5442859720246,602.2355467491625,584.3144516703923,596.26513671875,27096150
2021-06-21 00:00:00+05:30,587.7379807342062,600.9620853007259,586.4743655992354,599.1008911132812,12719620
2021-06-22 00:00:00+05:30,602.4313955523095,606.2517161221497,587.7379468803019,589.3836059570312,15406110
2021-06-23 00:00:00+05:30,592.7338073335665,599.0030371981053,587.8359901855853,589.2661743164062,12382150
2021-06-24 00:00:00+05:30,590.3828622255011,598.3173017037266,588.8155249417871,592.0089111328125,10824210
2021-06-25 00:00:00+05:30,593.3214413060873,598.2192572987283,590.6962191085669,595.1630249023438,9619940
2021-06-28 00:00:00+05:30,597.5336441244217,599.2674903878302,589.2073556407207,591.3673095703125,8284810
2021-06-29 00:00:00+05:30,591.6562616601515,601.2217120938454,587.9437380981774,592.8709106445312,13100790
2021-06-30 00:00:00+05:30,592.6358367873605,599.9825620367906,587.7380199544072,589.2906494140625,12257940
2021-07-01 00:00:00+05:30,591.6562339444093,591.6562339444093,581.8606009320847,584.5201416015625,11206010
2021-07-02 00:00:00+05:30,587.7380170014106,590.6767070864177,584.3095452355691,587.5176391601562,8112980
2021-07-05 00:00:00+05:30,590.5787491128987,597.136872922257,588.3306082479202,594.8594360351562,8631790
2021-07-06 00:00:00+05:30,593.1255775923114,621.3174380379475,592.9296529749358,607.5643310546875,34913930
2021-07-07 00:00:00+05:30,609.2884186413538,615.753512994774,603.4501994085765,607.192138671875,19479250
2021-07-08 00:00:00+05:30,606.3483672812151,610.361281692137,596.5761293180999,600.2456665039062,11305600
2021-07-09 00:00:00+05:30,596.831226019797,605.4653006685446,594.6776029082972,602.0460205078125,14475440
2021-07-12 00:00:00+05:30,605.8577791225242,608.2027329151924,598.8523808750673,603.3607788085938,9787400
2021-07-13 00:00:00+05:30,606.8389695042399,610.7635545940007,602.4238112782592,603.8268432617188,10021270
2021-07-14 00:00:00+05:30,603.4048872900925,606.5445669731992,600.4614488155066,601.8252563476562,7765740
2021-07-15 00:00:00+05:30,601.8252714862396,606.0735913413147,598.6954127674904,601.4131469726562,8709900
2021-07-16 00:00:00+05:30,600.952081006487,607.3295316620661,598.2244656738894,600.9962158203125,9631210
2021-07-19 00:00:00+05:30,597.3217387258389,600.7557501047146,582.3102152464921,590.1986083984375,12905320
2021-07-20 00:00:00+05:30,590.6500827364656,591.4300772907145,575.7366467436445,582.982421875,14018370
2021-07-22 00:00:00+05:30,581.8196934248165,612.6277078904516,580.9513694610494,607.8740234375,34885910
2021-07-23 00:00:00+05:30,607.2313714877837,610.763473646676,602.4237314362393,606.4366455078125,9537390
2021-07-26 00:00:00+05:30,603.4049425556709,608.1438957014271,601.4426500595549,604.62646484375,7335020
2021-07-27 00:00:00+05:30,606.3483459893856,620.7712069728116,605.857772893925,611.3963623046875,20685280
2021-07-28 00:00:00+05:30,613.9914953270124,616.55233257293,604.0917631175884,614.393798828125,11491530
2021-07-29 00:00:00+05:30,617.1360801050557,630.8770381131886,614.5949448553929,627.9434204101562,14846640
2021-07-30 00:00:00+05:30,629.5867604030583,629.5867604030583,609.5075782365474,611.067626953125,14068850
2021-08-02 00:00:00+05:30,615.1787198593076,616.5474380880366,605.3672570226361,608.3597412109375,10124350
2021-08-03 00:00:00+05:30,609.7823518666768,622.2429203499254,608.8992963494693,621.251953125,10917100
2021-08-04 00:00:00+05:30,622.3409347665688,635.5324507481657,619.5937377715408,623.9254760742188,16320910
2021-08-05 00:00:00+05:30,623.4203726978926,623.5675087098167,611.4503760583112,613.0447387695312,8665670
2021-08-06 00:00:00+05:30,616.6504504901159,618.0731246041684,609.3899439052798,610.6948852539062,7297890
2021-08-09 00:00:00+05:30,610.763559346505,615.1738070846875,602.0362440222272,607.6386108398438,8811790
2021-08-10 00:00:00+05:30,610.7634971073564,613.0642561551555,602.624906311127,605.3770141601562,7310090
2021-08-11 00:00:00+05:30,605.9657365141046,608.3057799614229,594.2803107283137,605.1514282226562,7919290
2021-08-12 00:00:00+05:30,606.4465011379876,613.6971866321181,603.5276148633968,608.2616577148438,7946020
2021-08-13 00:00:00+05:30,609.2918052458577,611.1412754600344,601.5407261206879,604.047607421875,6679320
2021-08-16 00:00:00+05:30,603.3067394812197,627.4429087328177,598.8768506243207,625.6915893554688,14233350
2021-08-17 00:00:00+05:30,628.9097679472969,631.5490534707247,618.6126439540718,628.9244995117188,16027760
2021-08-18 00:00:00+05:30,631.2694693565315,651.4810564927536,628.5271226962366,642.0718383789062,21537300
2021-08-20 00:00:00+05:30,634.9928517377527,660.576248044988,633.3935788181997,653.5512084960938,21647320
2021-08-23 00:00:00+05:30,661.2925323453259,669.0926565360735,657.0736157033876,662.489501953125,17383400
2021-08-24 00:00:00+05:30,664.7265950583568,691.610026694188,660.1102851102783,684.8499145507812,26229900
2021-08-25 00:00:00+05:30,687.292972311371,692.1006130593215,679.051319567575,681.4011840820312,15096670
2021-08-26 00:00:00+05:30,676.9909019805488,686.1401025965164,672.5757439241538,680.1256713867188,12345880
2021-08-27 00:00:00+05:30,681.8965922518307,689.1914116742851,674.2436640566779,683.5252685546875,9359060
2021-08-30 00:00:00+05:30,686.4049329559324,706.1309176234539,684.8400335435698,703.040283203125,15043820
2021-08-31 00:00:00+05:30,702.5006388229986,745.55333639525,699.5572003921759,738.263427734375,29464380
2021-09-01 00:00:00+05:30,738.3125122310161,752.980659832953,734.2260598844975,737.78271484375,22277890
2021-09-02 00:00:00+05:30,735.8596259317925,744.3367431947851,730.4682325298851,735.70751953125,11833780
2021-09-03 00:00:00+05:30,735.8596092481312,741.2559130492841,732.1067132640841,738.155517578125,8802470
2021-09-06 00:00:00+05:30,740.7654208627396,747.1428715059287,734.3977912635847,736.4827270507812,8970710
2021-09-07 00:00:00+05:30,738.6951450045036,742.3597115310639,726.7545531491426,731.6701049804688,8360130
2021-09-08 00:00:00+05:30,731.6407175973226,737.233262794047,727.132319765293,732.2490234375,8592560
2021-09-09 00:00:00+05:30,728.9916430220618,731.935081688369,724.0859119115499,729.055419921875,7004360
2021-09-13 00:00:00+05:30,729.05537475037,735.3690479030337,721.3386697731598,730.5172729492188,8025650
2021-09-14 00:00:00+05:30,733.8973951432553,738.8031263942129,726.8331301649935,727.7701416015625,7192580
2021-09-15 00:00:00+05:30,730.4633198799112,733.897331457587,724.0858698070846,727.4364624023438,6572830
2021-09-16 00:00:00+05:30,730.4633907249623,730.4633907249623,719.229254068696,727.1765747070312,5771290
2021-09-17 00:00:00+05:30,730.5124599428204,753.5154419515379,722.1236711206797,728.8739624023438,34749690
2021-09-20 00:00:00+05:30,722.1235892931684,743.8068959418213,718.2726025092139,730.213134765625,10838060
2021-09-21 00:00:00+05:30,734.0101999689997,769.9152772829464,726.1462985879955,766.6529541015625,19931330
2021-09-22 00:00:00+05:30,770.1997276083952,774.6148852825834,762.4486490710568,764.6709594726562,15005410
2021-09-23 00:00:00+05:30,771.5341226553146,784.8188807221105,765.7503064437867,775.0123291015625,21091470
2021-09-24 00:00:00+05:30,779.9964755213541,779.9964755213541,757.9991951029857,764.646484375,11293460
2021-09-27 00:00:00+05:30,770.1017352745279,771.180972223364,759.4121274443728,764.84765625,6507740
2021-09-28 00:00:00+05:30,766.7658210334006,767.7469673175125,728.5060264752129,740.1080932617188,15723010
2021-09-29 00:00:00+05:30,738.7050098344002,749.1885547549151,731.5573261169797,737.37060546875,9458790
2021-09-30 00:00:00+05:30,740.2748147299121,755.4825809702219,734.966840088081,752.3527221679688,14907070
2021-10-01 00:00:00+05:30,747.6334199142348,749.5172038896902,733.4067997190165,738.091796875,9377400
2021-10-04 00:00:00+05:30,744.4937007052606,762.2524822863371,741.7612349750391,754.9968872070312,10901980
2021-10-05 00:00:00+05:30,753.8146767364642,761.8600882284451,749.0168570436156,757.8569946289062,7732430
2021-10-06 00:00:00+05:30,766.2751389341504,773.2020283196641,754.0108121266255,758.9312744140625,17646310
2021-10-07 00:00:00+05:30,769.7975317482781,773.6337870827047,759.2109258095436,760.1822509765625,9405500
2021-10-08 00:00:00+05:30,760.38825353027,768.1393319393738,756.6599101995192,758.6417846679688,7565710
2021-10-11 00:00:00+05:30,762.7332430750138,775.5371887443208,760.584530545909,766.9718017578125,9086480
2021-10-12 00:00:00+05:30,766.2752209817199,777.5584028527695,760.388343483781,770.7639770507812,10994490
2021-10-13 00:00:00+05:30,775.8805574354287,785.8980813794393,771.3084426369683,777.980224609375,10524380
2021-10-14 00:00:00+05:30,781.8754612013655,781.8754612013655,766.5057670534261,771.4654541015625,11348490
2021-10-18 00:00:00+05:30,789.8226507550254,789.8226507550254,765.3725054645042,771.7254028320312,8550980
2021-10-19 00:00:00+05:30,774.1243819730003,776.5477844369395,752.6372554017331,759.3385009765625,12449890
2021-10-20 00:00:00+05:30,759.5052260990034,768.5857386913818,743.2182236338604,761.5018920898438,11028990
2021-10-21 00:00:00+05:30,768.2374561324348,768.2374561324348,754.0108365744267,759.1422119140625,6394610
2021-10-22 00:00:00+05:30,760.9769437337493,778.5394840897907,752.0485375612157,756.4833374023438,15173760
2021-10-25 00:00:00+05:30,760.3882750460938,768.9978565657019,721.1914739232874,750.2481079101562,11697290
2021-10-26 00:00:00+05:30,754.9919738223966,774.6099865970485,750.6847277866162,770.7540893554688,16605750
2021-10-27 00:00:00+05:30,772.1621309831219,777.0629519156985,732.0332237292156,734.1083984375,31122330
2021-10-28 00:00:00+05:30,739.784233083881,745.2786278373707,721.4760713834926,734.3143310546875,15723020
2021-10-29 00:00:00+05:30,733.897399048933,740.7359597046425,717.5171551286829,726.06787109375,9483340
2021-11-01 00:00:00+05:30,728.9916516945397,735.8793174186499,708.3875807852727,727.4169311523438,10373140
2021-11-02 00:00:00+05:30,732.5923702139444,741.2559073815509,726.0726948472538,731.478759765625,6871160
2021-11-03 00:00:00+05:30,734.4860492060808,739.6665300829585,731.0520373759185,737.4540405273438,6687040
2021-11-04 00:00:00+05:30,741.8446079357357,742.6295727927572,737.3313594299157,738.3223266601562,940330
2021-11-08 00:00:00+05:30,740.1668692686719,756.7727561227949,734.4859946512751,752.897216796875,9003010
2021-11-09 00:00:00+05:30,755.482603429922,760.8200413612192,740.7654098566119,743.4635620117188,8002470
2021-11-10 00:00:00+05:30,740.2747773045462,746.652227340967,736.3501926667487,743.85107421875,4649890
2021-11-11 00:00:00+05:30,742.7473403055303,745.7643170638117,727.0293584933104,731.2188720703125,6344000
2021-11-12 00:00:00+05:30,735.8596433754453,745.6956578956615,731.248244300077,743.6204833984375,4971280
2021-11-15 00:00:00+05:30,743.6107581214236,748.3643829024918,734.8785326449082,739.2200927734375,4025180
2021-11-16 00:00:00+05:30,738.3125199577778,750.5768475318273,735.9332523852946,741.3246459960938,5980490
2021-11-17 00:00:00+05:30,738.6068965770484,754.6977192825208,737.9446348248216,746.4217529296875,6455740
2021-11-18 00:00:00+05:30,747.6334415202642,755.2569670357866,729.9728090434076,734.383056640625,7725390
2021-11-22 00:00:00+05:30,735.0747681817228,737.2823472012915,685.8261259345921,692.5224609375,19352430
2021-11-23 00:00:00+05:30,686.8022915787475,704.2666807305827,679.355366096633,698.0167846679688,11875890
2021-11-24 00:00:00+05:30,702.5006343921502,718.1793305050986,693.2778367466467,704.197998046875,10993800
2021-11-25 00:00:00+05:30,701.5194985212307,706.9158023560094,695.3186476558651,699.1451416015625,6154860
2021-11-26 00:00:00+05:30,688.8626744975767,691.5019599848688,664.7265036330759,667.87109375,16890820
2021-11-29 00:00:00+05:30,663.9415902832862,684.8399906278568,655.2388290040258,677.5549926757812,14918150
2021-11-30 00:00:00+05:30,677.972054711786,706.4056537044139,672.0115793016555,686.5325317382812,21955390
2021-12-01 00:00:00+05:30,689.9616572347281,697.3693595450703,681.9947542439174,690.5994262695312,11367680
2021-12-02 00:00:00+05:30,695.6326024386352,707.406355935481,689.000045053907,704.511962890625,8477040
2021-12-03 00:00:00+05:30,702.5007159656851,709.7415800913918,692.1986803265236,693.5968017578125,8164110
2021-12-06 00:00:00+05:30,693.5968282689973,696.2116214548117,680.7291042722253,682.068359375,8582530
2021-12-07 00:00:00+05:30,691.5118160050537,703.4818113834392,682.6815003809937,696.9228515625,10796080
2021-12-08 00:00:00+05:30,698.5761668812135,724.7090082111489,698.5761668812135,722.2708740234375,14026910
2021-12-09 00:00:00+05:30,726.0481495445352,732.7297524172648,719.866940788808,730.002197265625,10769500
2021-12-10 00:00:00+05:30,723.4972448947245,732.6218927425653,722.1236162361623,731.19921875,6791450
2021-12-13 00:00:00+05:30,732.9162532974838,733.6030676536282,706.3272137112741,708.2649536132812,12985990
2021-12-14 00:00:00+05:30,704.4629173367945,704.4629173367945,690.2362985326392,693.26806640625,12764810
2021-12-15 00:00:00+05:30,693.9155866755852,693.9155866755852,670.2208841524125,671.8152465820312,18175280
2021-12-16 00:00:00+05:30,681.4060746688888,693.0277233245898,680.2188661409538,689.6329956054688,17683180
2021-12-17 00:00:00+05:30,686.8023046739642,689.2551700477998,673.556831655252,677.0987548828125,16805110
2021-12-20 00:00:00+05:30,672.0851674210635,673.5421552000747,637.0190107490969,650.9071044921875,22263190
2021-12-21 00:00:00+05:30,659.8356106368906,662.2737447917527,641.6696727315648,645.3538818359375,13755910
2021-12-22 00:00:00+05:30,650.990552314445,666.2719174975038,649.8916732791363,664.353759765625,12678980
2021-12-23 00:00:00+05:30,671.1039863801458,686.1645562727782,670.9322977757171,678.732421875,13393990
2021-12-24 00:00:00+05:30,685.3207831967492,685.6200255944327,663.0193497693873,672.2813720703125,9807740
2021-12-27 00:00:00+05:30,662.3718190497224,677.8543358443011,652.8596587159849,676.0833740234375,9123600
2021-12-28 00:00:00+05:30,684.8399777126872,684.8399777126872,673.2379131047852,677.6432495117188,8624640
2021-12-29 00:00:00+05:30,675.5093569497349,681.8917179537746,672.3844086088595,678.1339111328125,5323790
2021-12-30 00:00:00+05:30,676.9810402496752,681.4011085623479,672.7621236706738,674.1553344726562,6589920
2021-12-31 00:00:00+05:30,675.2248419220662,686.70426469575,674.591983445897,684.5751342773438,7699070
2022-01-03 00:00:00+05:30,684.3494701778985,710.7374162232536,684.3494701778985,708.3483276367188,12697250
2022-01-04 00:00:00+05:30,711.3310402134659,723.5953684930084,709.9083661561559,720.4556884765625,9591730
2022-01-05 00:00:00+05:30,732.9063620015487,754.6142208367072,727.5198791534488,752.6176147460938,25832620
2022-01-06 00:00:00+05:30,738.3125129532067,763.2679640687469,737.9200305207959,760.2166137695312,15359860
2022-01-07 00:00:00+05:30,761.7570741939041,763.8223679203868,744.199442604513,751.4942626953125,11659510
2022-01-10 00:00:00+05:30,754.108967705008,761.2713830847077,752.5146050827786,758.5535888671875,6390600
2022-01-11 00:00:00+05:30,759.3091400391771,761.3646127783096,742.825834410704,752.5244750976562,10379120
2022-01-12 00:00:00+05:30,758.0335193252206,772.0639576920936,754.6780161368445,762.7921142578125,14584040
2022-01-13 00:00:00+05:30,768.0412611024661,770.1556599842944,762.7431073618976,766.1133422851562,6163740
2022-01-14 00:00:00+05:30,762.8411199229193,769.8170545701496,758.278766441643,768.4532470703125,5696350
2022-01-17 00:00:00+05:30,767.2073034068087,776.0866647753328,765.4461626987533,770.4548950195312,6797740
2022-01-18 00:00:00+05:30,775.1006296950549,779.5206983575522,757.0573357220459,759.7996826171875,11300240
2022-01-19 00:00:00+05:30,770.1997289619227,789.3320789170277,733.2105070718378,742.9042358398438,50003170
2022-01-20 00:00:00+05:30,746.6522536624334,750.5768384385829,726.1462742532881,738.82763671875,29103830
2022-01-21 00:00:00+05:30,726.2935127585515,735.7615980404094,716.8107557950747,723.4727172851562,13704500
2022-01-24 00:00:00+05:30,721.1424706341361,721.1424706341361,668.9160765837399,680.1060180664062,25025820
2022-01-25 00:00:00+05:30,676.9908596484586,686.4098389593688,662.4894904610371,683.2456665039062,25259340
2022-01-27 00:00:00+05:30,669.4949909952086,677.2215182935098,658.162762934584,670.8097534179688,17610280
2022-01-28 00:00:00+05:30,682.9807438686804,691.2763516052539,671.5945615894054,673.777587890625,14675220
2022-01-31 00:00:00+05:30,684.8302382106261,694.2492778215621,679.9441492144887,686.826904296875,12512490
2022-02-01 00:00:00+05:30,694.2492329565221,698.1639965266489,675.6172172026171,688.2348022460938,13834490
2022-02-02 00:00:00+05:30,696.613814361901,714.2744462753012,696.1232412531954,711.080810546875,13398210
2022-02-03 00:00:00+05:30,711.6253547735344,714.9661864599876,696.6138293020766,697.6587524414062,8398560
2022-02-04 00:00:00+05:30,695.6326229248632,705.2871274257388,692.1986113871523,702.3436889648438,8232080
2022-02-07 00:00:00+05:30,702.9912958456094,702.9912958456094,675.1267180858206,679.9932250976562,11830120
2022-02-08 00:00:00+05:30,686.8023651360958,701.2252267808366,678.4331589992759,692.1986694335938,16405420
2022-02-09 00:00:00+05:30,699.4149800664749,702.2946418703233,693.6703880245597,698.3161010742188,6491660
2022-02-10 00:00:00+05:30,700.0478383660469,710.349873829037,693.1798147240535,700.2440795898438,12442000
2022-02-11 00:00:00+05:30,690.7269111897356,694.6465853907483,679.0561582076874,687.9404296875,12764610
2022-02-14 00:00:00+05:30,668.1605887696638,679.9343436378517,661.6899580678743,665.8009033203125,11697660
2022-02-15 00:00:00+05:30,667.1793811666589,705.9346540432516,665.8008420831146,700.739501953125,13468200
2022-02-16 00:00:00+05:30,704.9535766778451,708.873251133895,691.7081023770088,693.5330200195312,10540410
2022-02-17 00:00:00+05:30,698.5761156219563,699.3610206289185,685.0363096275146,694.8919067382812,9036160
2022-02-18 00:00:00+05:30,688.7645870210024,698.1835659666718,687.7834408856448,689.7555541992188,7625170
2022-02-21 00:00:00+05:30,686.8023166066218,694.7398154434014,678.0700917702882,687.4253540039062,8166640
2022-02-22 00:00:00+05:30,667.1794199486114,690.3491780172327,666.1001830759888,687.9159545898438,12587320
2022-02-23 00:00:00+05:30,692.6892550731511,698.3161144655438,689.4956192267845,691.1734008789062,7952280
2022-02-24 00:00:00+05:30,667.1794277698806,677.0105320303253,646.8157332388865,650.2841186523438,19300400
2022-02-25 00:00:00+05:30,667.1794294692068,685.8162971237002,663.1567539217605,683.800048828125,14132810
2022-02-28 00:00:00+05:30,673.066263455575,689.255175040148,667.8269166299733,687.0279541015625,15808910
2022-03-02 00:00:00+05:30,678.7569315865403,680.5573564283037,663.4510747661081,670.2749633789062,16080090
2022-03-03 00:00:00+05:30,678.9531067570497,681.3372846134349,659.8207576504566,662.1117553710938,13339990
2022-03-04 00:00:00+05:30,656.2298604472932,657.1717224871776,637.7450394171977,641.4635620117188,19965090
2022-03-07 00:00:00+05:30,623.0278783681441,624.9901708984376,598.4992217394771,600.9520874023438,28435880
2022-03-08 00:00:00+05:30,601.2464371654388,610.0129769095638,580.1419707937047,604.567626953125,28857830
2022-03-09 00:00:00+05:30,610.2239468815809,640.1979540562988,600.6430389899955,635.0469360351562,22801310
2022-03-10 00:00:00+05:30,666.5907517337566,666.5907517337566,637.8431201877909,646.074951171875,20915610
2022-03-11 00:00:00+05:30,642.6508426176052,655.8963179998001,636.7688751923396,650.3037719726562,12647710
2022-03-14 00:00:00+05:30,647.6545333798374,656.2886671903107,637.7449814677173,653.97802734375,12668460
2022-03-15 00:00:00+05:30,655.1309228016332,662.2736960007969,648.0470758644835,654.0860595703125,14792700
2022-03-16 00:00:00+05:30,665.2171589395412,676.932047585269,661.6212794838989,671.1629028320312,16335960
2022-03-17 00:00:00+05:30,681.6709328787738,692.3850321175531,679.9441060654653,686.2528686523438,16706780
2022-03-21 00:00:00+05:30,686.8023463498258,688.6419954918343,672.0851532137582,674.086669921875,9620190
2022-03-22 00:00:00+05:30,674.047429062949,687.7834756522959,663.9416353348117,685.4091186523438,12737960
2022-03-23 00:00:00+05:30,691.7080542743083,697.0062675799606,683.8588848641034,687.2732543945312,11767500
2022-03-24 00:00:00+05:30,683.7607974998208,690.2902941945507,675.1512158076915,686.5619506835938,7837160
2022-03-25 00:00:00+05:30,692.5911801094206,693.4202199680337,680.9155154724805,684.2023315429688,7023730
2022-03-28 00:00:00+05:30,685.8211762539825,690.2363340410252,674.0474221552016,686.939697265625,9369730
2022-03-29 00:00:00+05:30,690.7269849117392,692.6892774825112,685.2816350047303,690.6632080078125,7159500
2022-03-30 00:00:00+05:30,696.6137496400896,713.7298509987133,696.5156589812271,711.512451171875,12722540
2022-03-31 00:00:00+05:30,715.0544484379659,730.4633667157026,710.4136459427307,712.3072509765625,16330110
2022-04-01 00:00:00+05:30,709.363833572159,730.8558710848434,708.4170609690485,726.8429565429688,8715130
2022-04-04 00:00:00+05:30,730.8558084885368,744.7782750838709,728.9916068053916,734.9422607421875,10497590
2022-04-05 00:00:00+05:30,729.482242601466,733.8924902390835,719.1802068955946,724.9149780273438,10720820
2022-04-06 00:00:00+05:30,721.1424430826893,728.5010394406759,716.2367121773649,720.8432006835938,7670310
2022-04-07 00:00:00+05:30,717.2178577934982,721.7311062690776,713.29327307233,715.2752075195312,7182660
2022-04-08 00:00:00+05:30,719.0133714137547,728.5010382008705,712.3121262408512,722.7711181640625,8819730
2022-04-11 00:00:00+05:30,720.6567085902287,724.478291747083,715.746067653342,719.83251953125,5975080
2022-04-12 00:00:00+05:30,716.2318637609428,716.2318637609428,708.3876041538977,713.73486328125,8055980
2022-04-13 00:00:00+05:30,717.5122220226103,724.0859137038503,714.4756032022053,719.028076171875,6723170
2022-04-18 00:00:00+05:30,712.8516787291362,723.595240376695,709.5255791163679,712.454345703125,7582220
2022-04-19 00:00:00+05:30,716.2367249767888,730.2965667703382,701.617622663909,712.2680053710938,11911100
2022-04-20 00:00:00+05:30,713.7789113737174,715.7166510601506,682.8777182667526,689.9910278320312,15581810
2022-04-21 00:00:00+05:30,696.515673625766,705.1497477414517,691.4431049296086,700.3519287109375,8753430
2022-04-22 00:00:00+05:30,694.6515424171475,707.1121117226996,693.8077710175444,697.6685791015625,8079870
2022-04-25 00:00:00+05:30,686.8023005431959,694.1559860989736,681.8965698250303,687.3419189453125,6849530
2022-04-26 00:00:00+05:30,699.6553351455192,712.6015665124297,696.3194739776702,710.40380859375,10124190
2022-04-27 00:00:00+05:30,696.6138009219862,696.6138009219862,656.2739845529181,658.7513427734375,39843570
2022-04-28 00:00:00+05:30,662.0774778526325,667.6700234572988,645.5942328213117,660.0808715820312,24990940
2022-04-29 00:00:00+05:30,667.1794371222525,669.4949278552998,652.5603343256612,654.6011352539062,13375170
2022-05-02 00:00:00+05:30,642.6507735059253,652.4475041313099,640.2469532922647,650.1221923828125,12387410
2022-05-04 00:00:00+05:30,650.4900641025816,654.2086462667639,617.1409166764064,622.0220947265625,16491150
2022-05-05 00:00:00+05:30,627.9335264379265,637.4947907333263,617.1409189522745,619.0492553710938,14860280
2022-05-06 00:00:00+05:30,608.4086508745248,608.8060437753123,586.2347737621367,588.7171020507812,30648650
2022-05-09 00:00:00+05:30,584.8611526847759,601.9576709880827,572.2583600672332,592.31298828125,19356480
2022-05-10 00:00:00+05:30,588.6877324935665,599.7795833338365,578.8762702853404,581.6676025390625,11779330
2022-05-11 00:00:00+05:30,584.4687793095468,588.3540797759327,562.8835637961698,569.7515869140625,18613390
2022-05-12 00:00:00+05:30,564.1590338170366,565.6062004282822,540.2092827479609,548.7943115234375,24940440
2022-05-13 00:00:00+05:30,559.2532636642338,564.0609033933547,539.6303421321555,541.1756591796875,21053150
2022-05-16 00:00:00+05:30,546.9890529928191,560.4258585300463,538.4530683503976,553.8963012695312,14149550
2022-05-17 00:00:00+05:30,555.3287240930205,573.872410388406,554.5438191453891,572.7244262695312,14017700
2022-05-18 00:00:00+05:30,577.8901961701582,584.4393350203867,568.0836447785932,570.55615234375,16550940
2022-05-19 00:00:00+05:30,554.4456700946618,563.6684679363304,550.5210854615106,559.9401245117188,10650250
2022-05-20 00:00:00+05:30,572.9894012565227,573.1807319584829,560.4307414250434,566.0821533203125,10986100
2022-05-23 00:00:00+05:30,571.5176645363003,579.4894774536522,566.2390931615039,568.4761352539062,9680210
2022-05-24 00:00:00+05:30,567.396793834531,572.3025244744359,561.7061582691226,568.947021484375,10840690
2022-05-25 00:00:00+05:30,572.891275891945,576.6883068007996,569.2413809787857,571.7531127929688,8675980
2022-05-26 00:00:00+05:30,573.970541395594,576.4675417695853,554.6812329689453,570.811279296875,12595460
2022-05-27 00:00:00+05:30,578.8761740370172,596.2424712350083,575.0545909793063,588.0498657226562,16258050
2022-05-30 00:00:00+05:30,597.3218170403844,601.1483113180122,592.7202387940043,599.5980834960938,8174840
2022-05-31 00:00:00+05:30,599.4803295937429,605.2886983436116,590.3017260344151,596.7478637695312,15489660
2022-06-01 00:00:00+05:30,594.5745931514375,601.442616504672,586.4555844479567,589.68359375,8876200
2022-06-02 00:00:00+05:30,589.3744966437102,596.5368514690059,583.7034432256899,594.3635864257812,7508090
2022-06-03 00:00:00+05:30,600.9520783613557,605.170995261132,590.0613789358382,591.45458984375,10434650
2022-06-06 00:00:00+05:30,589.4922109983476,593.5933945381187,579.9554397015796,590.748046875,7376570
2022-06-07 00:00:00+05:30,586.7254485231684,587.701684236229,572.3663637926045,576.776611328125,8969820
2022-06-08 00:00:00+05:30,578.8762408993878,593.9859158867968,569.2855131239434,584.203857421875,13341460
2022-06-09 00:00:00+05:30,579.3668672906063,581.9766899964898,574.4611359841658,578.7340087890625,12376740
2022-06-10 00:00:00+05:30,571.5176896413728,572.4988358896842,554.5830958140123,556.0646362304688,21518910
2022-06-13 00:00:00+05:30,542.0882300440494,544.9286676867293,522.4603939283447,525.7227172851562,19327850
2022-06-14 00:00:00+05:30,524.6188411419154,535.8038709537091,518.457214777882,527.4396362304688,18845410
2022-06-15 00:00:00+05:30,531.5850875419295,539.6206786509629,529.4412851339682,538.1538696289062,16599430
2022-06-16 00:00:00+05:30,546.007797550277,550.9086174652994,515.5775372822035,518.4277954101562,21796860
2022-06-17 00:00:00+05:30,512.1583318045123,537.1775606570316,512.1583318045123,531.7371215820312,19379390
2022-06-20 00:00:00+05:30,532.5661184836838,540.6115288941998,525.109431694079,536.7310791015625,11194560
2022-06-21 00:00:00+05:30,542.0833121144091,545.90980650663,535.2152882505161,544.4527587890625,10023590
2022-06-22 00:00:00+05:30,542.7210823048589,542.7210823048589,530.3095580561611,533.704345703125,8983460
2022-06-23 00:00:00+05:30,534.2930157984918,539.139880816679,524.226445384994,534.543212890625,11018570
2022-06-24 00:00:00+05:30,540.6115545982128,551.0754572318209,535.2152505142016,548.239990234375,13049330
2022-06-27 00:00:00+05:30,559.2533980370335,561.7062638178977,548.2400546347208,553.4842529296875,10490080
2022-06-28 00:00:00+05:30,550.1286697518168,551.3060571332466,542.0832591771918,547.1116333007812,7395000
2022-06-29 00:00:00+05:30,538.1587371232523,544.9286704410125,535.7058714116605,540.8863525390625,7559820
2022-06-30 00:00:00+05:30,542.8556714034239,545.0614313402924,529.4831766580952,531.7972412109375,11982750
2022-07-01 00:00:00+05:30,528.203197142903,554.7856767826667,525.3524169367168,552.8605346679688,12218900
2022-07-04 00:00:00+05:30,552.712747441166,556.2626992882776,545.6326174565455,554.4262084960938,7898180
2022-07-05 00:00:00+05:30,557.3507407861828,566.7055677075056,554.0470290378064,557.4590454101562,12284530
2022-07-06 00:00:00+05:30,559.3202048995447,584.8096573043618,555.9623406778878,582.6284790039062,22229520
2022-07-07 00:00:00+05:30,584.4305271693245,589.541219440329,572.7123510250307,577.1140747070312,13352470
2022-07-08 00:00:00+05:30,583.7412713327121,583.7412713327121,571.2353310082624,578.3450317382812,8032820
2022-07-11 00:00:00+05:30,576.0603596695448,581.3729355526151,572.4956832777345,577.1928100585938,7613370
2022-07-12 00:00:00+05:30,576.0407485618722,586.8480727811435,569.5613425346622,578.3794555664062,9754460
2022-07-13 00:00:00+05:30,583.9332193749682,588.763293105838,577.6950052150438,578.90625,8869340
2022-07-14 00:00:00+05:30,583.445786859257,583.6378142039357,570.6148742923128,574.1746826171875,6929200
2022-07-15 00:00:00+05:30,576.5527486352939,583.765824505065,572.4021332312084,582.4807739257812,5698590
2022-07-18 00:00:00+05:30,587.8671765608831,597.5371209048901,584.0711054023504,596.7197875976562,9664320
2022-07-19 00:00:00+05:30,594.770062379936,600.4962037124106,591.0330719458227,597.3253784179688,9785600
2022-07-20 00:00:00+05:30,605.5035549042611,605.5626356223806,594.9719811566224,598.1575317382812,8270920
2022-07-21 00:00:00+05:30,598.6105594204656,618.7135713084547,594.37622066218,617.1134033203125,13254930
2022-07-22 00:00:00+05:30,617.5170769693327,622.8345820268304,612.2685695360636,616.2615966796875,9532950
2022-07-25 00:00:00+05:30,614.4644484189229,623.7208279328833,609.0484957485637,613.184326171875,7240230
2022-07-26 00:00:00+05:30,620.3727378351322,628.6148279724597,611.7564498096442,616.8720703125,15304060
2022-07-27 00:00:00+05:30,618.304875526415,633.1150226526149,610.0332146762623,629.8605346679688,14449890
2022-07-28 00:00:00+05:30,642.2335477032382,700.1300667998286,642.2335477032382,696.8460083007812,64857820
2022-07-29 00:00:00+05:30,706.5355687633352,714.9056765465941,701.6119759496534,709.8934326171875,26067620
2022-08-01 00:00:00+05:30,714.0244211447485,719.8293570117132,708.2096885770227,715.0042114257812,12270770
2022-08-02 00:00:00+05:30,709.1402245778991,724.359007892677,707.2445931130192,722.9705810546875,12491240
2022-08-03 00:00:00+05:30,721.4048254613749,726.3678456925636,710.769876555541,718.4851684570312,12186210
2022-08-04 00:00:00+05:30,722.6800942619888,727.2147042956642,709.489769052168,720.484130859375,9494810
2022-08-05 00:00:00+05:30,722.7786528419405,725.5358533929506,716.4862854416688,719.3074951171875,7580780
2022-08-08 00:00:00+05:30,718.8446380801798,728.4948691462439,715.2996748648775,723.0001220703125,9574820
2022-08-10 00:00:00+05:30,725.6391512947654,725.6391512947654,699.6425565393048,704.0147094726562,19065230
2022-08-11 00:00:00+05:30,713.3302317036953,721.3064289245398,710.7059179711133,720.710693359375,10270510
2022-08-12 00:00:00+05:30,719.0415814758921,723.0789039629386,716.0923538812965,719.770263671875,10369410
2022-08-16 00:00:00+05:30,722.6850301217966,727.1162639784033,716.0972600508763,717.475830078125,8044640
2022-08-17 00:00:00+05:30,718.8445988741365,752.1280765001466,718.4506873817165,741.2075805664062,23444140
2022-08-18 00:00:00+05:30,737.5542717517491,747.2832968602224,733.8517199967891,737.3819580078125,8353540
2022-08-19 00:00:00+05:30,739.5237309210277,742.3498687329952,715.9889303567252,719.0120239257812,11004270
2022-08-22 00:00:00+05:30,715.0042200003065,716.8554959540722,698.0523213326999,699.3668823242188,10608620
2022-08-23 00:00:00+05:30,697.6731592748505,713.9210169008703,694.2266440208464,709.7556762695312,10886030
2022-08-24 00:00:00+05:30,705.5508997091754,712.5818051650606,703.08910312959,706.7227172851562,9530960
2022-08-25 00:00:00+05:30,710.257912116801,712.8378702275278,691.7747234228714,693.946044921875,13542960
2022-08-26 00:00:00+05:30,701.1197125113813,703.2368817516622,691.83382240769,695.418212890625,7591390
2022-08-29 00:00:00+05:30,677.584889788876,690.8293678622837,675.6499512682612,685.7925415039062,9967350
2022-08-30 00:00:00+05:30,689.3030150636228,722.2910879273819,689.3030150636228,719.4600219726562,17313810
2022-09-01 00:00:00+05:30,711.8136443836806,722.1778312763295,703.2860080928496,707.1559448242188,14625790
2022-09-02 00:00:00+05:30,710.6813507659866,720.124769390479,706.3830031776934,708.0471801757812,9063700
2022-09-05 00:00:00+05:30,708.0816467435551,714.3149326256492,704.861597525834,708.6232299804688,7070250
2022-09-06 00:00:00+05:30,711.8284884112204,714.4133748467445,699.6425952151785,701.0556640625,7919050
2022-09-07 00:00:00+05:30,696.9838730124944,709.7802875120169,696.1961100852236,705.6986694335938,7919940
2022-09-08 00:00:00+05:30,710.9668364150369,716.8209957637405,706.5356026700679,714.67431640625,7722510
2022-09-09 00:00:00+05:30,718.8446107996414,721.2079595884584,705.5509090930726,707.1166381835938,6496070
2022-09-12 00:00:00+05:30,710.6567280484063,720.8042472601229,707.8010197153661,717.5546875,8347160
2022-09-13 00:00:00+05:30,721.7988249941549,733.0246424934386,720.0657104227956,729.0315551757812,13827000
2022-09-14 00:00:00+05:30,716.1021911841809,744.447290749998,716.1021911841809,736.9092407226562,14933880
2022-09-15 00:00:00+05:30,737.5493111882815,741.7737323923046,725.708045850819,727.3427124023438,7174200
2022-09-16 00:00:00+05:30,727.2147460728141,736.5843587491073,708.441082011467,716.294189453125,11870360
2022-09-19 00:00:00+05:30,716.3827338191003,740.9465448734801,708.1061456877945,738.1548461914062,16481170
2022-09-20 00:00:00+05:30,745.4271034575453,759.71045254859,744.9396725249621,751.8720703125,16134500
2022-09-21 00:00:00+05:30,752.3250805274548,761.6799080994584,747.0125039524615,757.3126831054688,12392620
2022-09-22 00:00:00+05:30,755.2792105227578,765.9141600063678,748.3861799182476,760.1585083007812,12810390
2022-09-23 00:00:00+05:30,759.6907405384765,761.335263991665,736.0772060572135,739.2431030273438,14123310
2022-09-26 00:00:00+05:30,732.3353246769528,734.600165714293,702.0060000969086,714.8565673828125,18752050
2022-09-27 00:00:00+05:30,721.306409077177,726.7174332353683,709.9870730357596,713.2169189453125,11428290
2022-09-28 00:00:00+05:30,706.9295874114501,718.5984801080896,705.0684546211121,709.24365234375,8690690
2022-09-29 00:00:00+05:30,720.0754727792514,720.5087513652612,697.9734566964883,699.617919921875,9696320
2022-09-30 00:00:00+05:30,697.2792467537571,724.9498766710876,691.9420885397849,722.364990234375,16186650
2022-10-03 00:00:00+05:30,722.4880914844904,728.4948512580509,703.5421141186192,706.2205200195312,8201980
2022-10-04 00:00:00+05:30,722.2910885182965,739.0313046121084,719.4698793635848,737.4262084960938,11914950
2022-10-06 00:00:00+05:30,743.4626075316881,748.2877531314865,723.4629734338413,729.1004638671875,15100600
2022-10-07 00:00:00+05:30,727.259095776919,729.4550594693203,716.1120722627115,723.2907104492188,9911960
2022-10-10 00:00:00+05:30,715.3980748327107,722.5865087121217,711.0652888794591,718.1947021484375,6531130
2022-10-11 00:00:00+05:30,719.5339450848548,724.0144030184387,706.2993237394878,709.273193359375,7322060
2022-10-12 00:00:00+05:30,709.4897329730901,714.7579533060247,703.5814215257083,711.5773315429688,7407310
2022-10-13 00:00:00+05:30,711.0161259974053,711.5577092624335,700.5977853127102,704.236328125,6086550
2022-10-14 00:00:00+05:30,718.8446340760893,723.2758681217638,711.0653324882551,716.1366577148438,8390120
2022-10-17 00:00:00+05:30,714.4084450289922,725.9641038465883,710.6714546183025,724.2802734375,6174010
2022-10-18 00:00:00+05:30,728.6918115154639,731.6459675080941,720.9125100272212,727.7464599609375,9069750
2022-10-19 00:00:00+05:30,730.3658839444104,732.6307249715453,723.7682565243089,726.7617797851562,6271770
2022-10-20 00:00:00+05:30,725.7327001622386,733.5169297628352,715.0041714814201,731.8822631835938,10260540
2022-10-21 00:00:00+05:30,737.5542451921583,737.5542451921583,704.3741441324008,708.2835083007812,23869600
2022-10-24 00:00:00+05:30,719.82932609364,719.82932609364,708.0127024094763,709.6375122070312,2278840
2022-10-25 00:00:00+05:30,713.187413461906,713.187413461906,698.1655255890258,699.435791015625,9098990
2022-10-27 00:00:00+05:30,707.6187459400635,709.9820945676774,682.5084222070874,686.4571533203125,16414580
2022-10-28 00:00:00+05:30,689.3030092361313,698.1654764977387,687.3335720668853,689.9775390625,8396690
2022-10-31 00:00:00+05:30,698.5594080866111,704.0344411706632,693.8327106623598,703.4927978515625,8189860
2022-11-01 00:00:00+05:30,708.6971565788954,712.5424519824304,705.0586136439541,709.9329833984375,7627420
2022-11-02 00:00:00+05:30,709.6867750027657,712.936334673465,703.0940761321297,704.6843872070312,5859140
2022-11-03 00:00:00+05:30,699.6426151323416,708.5050831635746,698.3723496847497,701.2772216796875,6323130
2022-11-04 00:00:00+05:30,701.2772426734904,711.449403669213,701.2772426734904,710.1791381835938,9219250
2022-11-07 00:00:00+05:30,713.7339237224849,713.985031786931,700.2334093672391,708.0176391601562,7224940
2022-11-09 00:00:00+05:30,712.4439479595002,712.4439479595002,700.5928853739074,703.4830322265625,6896340
2022-11-10 00:00:00+05:30,704.8616182519513,705.5509333475907,685.8122642600858,686.8511352539062,10081820
2022-11-11 00:00:00+05:30,703.9753809582971,704.8468064700963,688.8106898358674,694.3694458007812,12333420
2022-11-14 00:00:00+05:30,694.7091939694412,699.8396000918366,689.4064740930726,691.8436889648438,8550600
2022-11-15 00:00:00+05:30,692.7643219723592,695.4476561228415,687.4320322749442,691.8386840820312,7195210
2022-11-16 00:00:00+05:30,690.3862288436708,692.734792465384,674.7883189185437,678.9684448242188,13362040
2022-11-17 00:00:00+05:30,676.5017197714407,684.3794690555331,672.7598008819882,678.9684448242188,7339440
2022-11-18 00:00:00+05:30,680.4307642552582,682.2131026964798,664.685121873493,668.771728515625,13276890
2022-11-21 00:00:00+05:30,664.3896468540382,664.3896468540382,650.9334288123596,657.703369140625,10717480
2022-11-22 00:00:00+05:30,657.8167219409515,662.4941356829894,655.8522129774923,658.2893676757812,9587690
2022-11-23 00:00:00+05:30,661.583253453395,670.1010944927071,658.7768291192081,667.6442260742188,8936670
2022-11-24 00:00:00+05:30,670.9823866695864,673.5327743268097,663.4344797189164,666.7874755859375,7546110
2022-11-25 00:00:00+05:30,666.654581992173,667.4423449577866,657.2997540321647,664.43896484375,8590580
2022-11-28 00:00:00+05:30,662.6171896491579,672.8385738287511,662.5728340370748,667.3881225585938,6040540
2022-11-29 00:00:00+05:30,667.146864776057,670.4850753210754,661.8293601892585,663.124267578125,6818600
2022-11-30 00:00:00+05:30,663.208021465356,665.0986644751437,657.5951130493893,661.824462890625,14828310
2022-12-01 00:00:00+05:30,665.1380918939528,666.6545370029834,660.450821426549,664.4635620117188,9816160
2022-12-02 00:00:00+05:30,662.7353967090388,663.8924291575591,654.5425299374402,657.3735961914062,14386020
2022-12-05 00:00:00+05:30,657.2554915346714,659.6631361691994,653.0655083086423,655.8670043945312,10292500
2022-12-06 00:00:00+05:30,657.2406393991919,663.2080322069331,653.0654418046611,659.6187133789062,8409800
2022-12-07 00:00:00+05:30,662.2184193411691,662.2184193411691,650.0128114165228,652.3958740234375,9610270
2022-12-08 00:00:00+05:30,657.7919991038465,657.7919991038465,645.975376365454,648.1368408203125,11377840
2022-12-09 00:00:00+05:30,650.1605603103147,651.6868623655222,639.0824742770077,641.7855224609375,11312920
2022-12-12 00:00:00+05:30,640.8647428945579,643.9075499714252,629.4321737803,640.7072143554688,11000480
2022-12-13 00:00:00+05:30,640.7564499796543,654.6409591724566,640.7564499796543,651.8936157226562,9586360
2022-12-14 00:00:00+05:30,655.6256655548304,658.6339738201455,652.5336345673294,655.3499755859375,6782830
2022-12-15 00:00:00+05:30,653.0654753645289,661.1401809909034,650.3082749342321,652.41552734375,8577060
2022-12-16 00:00:00+05:30,648.9295505581281,659.2986661559809,645.9753947892747,649.6090087890625,8802330
2022-12-19 00:00:00+05:30,649.9241766617723,660.2538658564669,649.6189162792704,658.4813842773438,6595590
2022-12-20 00:00:00+05:30,655.8225467662718,659.648187905467,648.4371577261111,654.1337280273438,6077160
2022-12-21 00:00:00+05:30,659.1608157491514,659.1608157491514,640.5594664719038,642.6962890625,6223900
2022-12-22 00:00:00+05:30,646.9601017689865,647.4524610549599,630.9092010667456,639.1463623046875,8497060
2022-12-23 00:00:00+05:30,635.1435067207511,636.7190324638829,624.3165303562427,627.71875,9943030
2022-12-26 00:00:00+05:30,627.7237195981054,637.1031289607438,620.3727682090858,633.5384521484375,5305350
2022-12-27 00:00:00+05:30,636.7190508841862,643.0212742439455,633.1740878083567,640.5299072265625,7810350
2022-12-28 00:00:00+05:30,637.6053184212307,646.9601454868704,636.5270803612648,637.713623046875,7559340
2022-12-29 00:00:00+05:30,634.1588211400672,642.0857943838265,630.4562693381356,641.1405029296875,5218800
2022-12-30 00:00:00+05:30,644.9907187615337,661.7210790867565,641.5442034704415,647.4722290039062,15202660
2023-01-02 00:00:00+05:30,646.4677938329976,650.8990277587379,638.5654026244448,645.3599853515625,5793400
2023-01-03 00:00:00+05:30,646.4678205564096,655.8226481196783,643.0213051383632,650.52978515625,7420810
2023-01-04 00:00:00+05:30,649.4219425249626,653.6562206528525,644.9907086487498,647.05859375,6712530
2023-01-05 00:00:00+05:30,639.082451415914,639.082451415914,593.2979591846919,600.683349609375,51023000
2023-01-06 00:00:00+05:30,603.6325357687522,604.6123260226925,585.0804098556723,588.901123046875,29319220
2023-01-09 00:00:00+05:30,592.8006452463744,598.5120015687879,586.3999738276012,590.1763916015625,14005480
2023-01-10 00:00:00+05:30,590.7328032338178,592.3083291956806,578.5222666707604,581.3927001953125,11203750
2023-01-11 00:00:00+05:30,583.9382013556052,585.8091909658572,577.5916819886103,580.5655517578125,11088910
2023-01-12 00:00:00+05:30,581.6289640380263,587.3747583120893,576.7496667937663,580.826416015625,14769490
2023-01-13 00:00:00+05:30,582.9533785282215,589.3540490694942,578.2267415336179,588.6450805664062,11084900
2023-01-16 00:00:00+05:30,590.8311712760601,597.9408108545704,588.3250792199182,591.904541015625,9083390
2023-01-17 00:00:00+05:30,592.7956360030755,592.7956360030755,584.9228160398264,589.34912109375,8170050
2023-01-18 00:00:00+05:30,591.220171920138,595.6563342377351,589.3541108493245,590.6982421875,7962810
2023-01-19 00:00:00+05:30,589.1571254215723,593.7508761488294,586.9562937786649,592.05712890625,5481420
2023-01-20 00:00:00+05:30,592.0620643535365,592.7759613049145,574.7999182684042,577.08447265625,8330900
2023-01-23 00:00:00+05:30,579.113057855538,584.4305630089885,575.1741829574152,577.340576171875,8560640
2023-01-24 00:00:00+05:30,580.2307208525108,583.0519303703655,575.3366976607794,576.5577392578125,6081450
2023-01-25 00:00:00+05:30,576.065322969427,576.5576822810236,568.8719606392941,570.7330932617188,8278370
2023-01-27 00:00:00+05:30,572.6139220482943,577.1978164299509,559.3202196447655,567.2669067382812,16213520
2023-01-30 00:00:00+05:30,568.1875652988128,597.3499972625272,568.1875652988128,592.9778442382812,24481600
2023-01-31 00:00:00+05:30,595.7548201119877,595.7548201119877,578.423794840623,579.6448364257812,19967880
2023-02-01 00:00:00+05:30,585.3168531337257,588.9011837309168,562.1661055429536,572.83056640625,26348660
2023-02-02 00:00:00+05:30,573.0077816271294,573.0077816271294,555.8736538191793,563.0276489257812,20250440
2023-02-03 00:00:00+05:30,568.182693649431,593.7853800183829,565.9227810467066,592.2344360351562,14868920
2023-02-06 00:00:00+05:30,590.8311678260867,603.0417026688076,586.4590147800754,601.0919189453125,10738200
2023-02-07 00:00:00+05:30,602.9383172267305,608.7531099766406,600.678404647769,606.640869140625,14721930
2023-02-08 00:00:00+05:30,607.078990016185,627.9550354322034,606.862380782955,625.458740234375,19032080
2023-02-09 00:00:00+05:30,627.7483188344424,638.8658315007258,623.843942819029,635.6359252929688,18381540
2023-02-10 00:00:00+05:30,635.5324742606717,642.7849170668737,632.1893354114973,633.7156372070312,12912820
2023-02-13 00:00:00+05:30,633.6615260296352,637.4231585036655,620.0822774153853,624.8532104492188,7365570
2023-02-14 00:00:00+05:30,625.6706149272926,637.3444366762188,621.3575419200309,636.0003051757812,10340900
2023-02-15 00:00:00+05:30,635.1435682085827,639.6732502354428,629.9540813719826,639.0775146484375,6189790
2023-02-16 00:00:00+05:30,640.5594474361687,642.5042426245285,632.1893393605231,633.8928833007812,5290480
2023-02-17 00:00:00+05:30,631.2046962077198,637.6841621800075,627.0196416696812,631.8644409179688,6160440
2023-02-20 00:00:00+05:30,632.6817548647725,634.5083887919454,624.6070496304424,627.009765625,4657320
2023-02-21 00:00:00+05:30,629.7275796437405,631.0323438816329,625.4933014492701,628.1766357421875,4485090
2023-02-22 00:00:00+05:30,623.4253765550069,626.2810847876322,609.0485077691045,610.3926391601562,9347000
2023-02-23 00:00:00+05:30,611.9041937016673,616.6751267160316,602.9087792094288,610.7569580078125,8097680
2023-02-24 00:00:00+05:30,615.818411405972,618.9941049373014,610.525548785453,614.0951538085938,6077610
2023-02-27 00:00:00+05:30,612.0026088599851,614.5628531746529,604.1248600733722,609.9839477539062,5950040
2023-02-28 00:00:00+05:30,612.4949650316829,615.1142900447776,599.6936233188021,601.869873046875,9778520
2023-03-01 00:00:00+05:30,600.6882183748093,610.9145309173117,600.6882183748093,606.0795288085938,5448040
2023-03-02 00:00:00+05:30,607.0987519269909,611.4709050693656,597.729139692784,599.0043334960938,5822980
2023-03-03 00:00:00+05:30,602.8251008120409,604.7157439320706,598.0196686341835,600.683349609375,7120370
2023-03-06 00:00:00+05:30,604.6172519519292,608.8515301324042,602.6527430506077,604.110107421875,6084770
2023-03-08 00:00:00+05:30,603.5340793855903,603.5340793855903,589.3541069077302,590.52099609375,13427950
2023-03-09 00:00:00+05:30,590.8312294633503,594.7701043264393,580.009180393407,581.112060546875,9408580
2023-03-10 00:00:00+05:30,577.5375415865432,579.7433019499513,569.2658801213009,578.4385375976562,7708610
2023-03-13 00:00:00+05:30,577.931422785115,585.6614404550556,572.2200063052675,574.4405517578125,7933560
2023-03-14 00:00:00+05:30,575.0756678080952,576.0603864173556,562.879918216012,564.3964233398438,13725650
2023-03-15 00:00:00+05:30,571.1368254781421,573.1062628073771,561.3880866574459,563.135986328125,6794730
2023-03-16 00:00:00+05:30,564.2142622091911,566.7056294467311,557.8431608715432,562.776611328125,8849630
2023-03-17 00:00:00+05:30,565.2334723719929,572.7862481082019,560.117851421152,564.4752197265625,10471510
2023-03-20 00:00:00+05:30,565.1300057297744,565.272749051334,540.1870677716628,546.5975952148438,17127560
2023-03-21 00:00:00+05:30,551.6196603774727,562.7666821870683,550.0785733581116,562.2841796875,11301140
2023-03-22 00:00:00+05:30,566.1934891003622,576.7497038892943,564.7361247853146,574.5045166015625,12425340
2023-03-23 00:00:00+05:30,572.0723032332304,580.9839948627526,568.428832261905,574.3912963867188,10544190
2023-03-24 00:00:00+05:30,571.5208757687667,574.0663350315745,554.1208538255656,556.2921752929688,12780420
2023-03-27 00:00:00+05:30,561.09273623176,563.7514888985867,549.9211307725503,550.7581176757812,11187430
2023-03-28 00:00:00+05:30,553.5152467613651,553.845149139584,543.8305774925232,544.9876098632812,9481360
2023-03-29 00:00:00+05:30,547.7153063645889,555.9721216986222,547.0112060898874,553.9239501953125,11096120
2023-03-31 00:00:00+05:30,560.6987839734904,560.6987839734904,550.0834888228162,553.091796875,12678280
2023-04-03 00:00:00+05:30,556.8583664636167,564.6376674189438,554.613179213843,562.7716064453125,7453860
2023-04-05 00:00:00+05:30,574.2878953984564,585.6170876179413,565.5386610841674,567.325927734375,24333290
2023-04-06 00:00:00+05:30,567.2964062016387,586.7938841027408,561.8361579622914,584.15478515625,17405020
2023-04-10 00:00:00+05:30,585.4102751620987,587.8671432435414,572.2199503755209,573.9727783203125,9282570
2023-04-11 00:00:00+05:30,576.8481450843242,579.0145380294148,572.2347408376268,574.8541259765625,8116200
2023-04-12 00:00:00+05:30,574.7802422345154,578.694474515448,569.7581414581367,576.7447509765625,10230690
2023-04-13 00:00:00+05:30,576.7448273764676,584.6275053941237,576.099807777481,581.4222412109375,8330060
2023-04-17 00:00:00+05:30,590.6342104824885,590.6342104824885,580.9839801213035,587.0350952148438,6728570
2023-04-18 00:00:00+05:30,588.369326533777,590.2403157972075,578.0544238878259,582.5250244140625,6408890
2023-04-19 00:00:00+05:30,582.5251274878098,586.8923525730764,579.014602874109,585.6860961914062,5549280
2023-04-20 00:00:00+05:30,586.8923191521164,587.4781979034328,579.620162258981,582.234619140625,4367310
2023-04-21 00:00:00+05:30,582.2641854148159,585.4152974383406,573.8940760317613,584.7161254882812,6431010
2023-04-24 00:00:00+05:30,584.9228832436934,587.3551094814027,578.7191677146304,584.3074340820312,5448920
2023-04-25 00:00:00+05:30,586.8824478601811,599.9595401421169,583.8101305365852,598.2412109375,14944750
2023-04-26 00:00:00+05:30,600.6783515291369,602.6280751422986,592.1408580172377,596.3406372070312,9740070
2023-04-27 00:00:00+05:30,598.2166055237158,615.8873896679007,597.330334659734,610.530517578125,28271360
2023-04-28 00:00:00+05:30,614.8485310781757,619.9788771026875,601.7615809286756,618.4132080078125,14896680
2023-05-02 00:00:00+05:30,623.3268891949851,623.7848098003745,612.9676300343461,615.3654174804688,9912540
2023-05-03 00:00:00+05:30,614.2724534912477,615.9415589327853,606.1878911687692,608.580810546875,6682510
2023-05-04 00:00:00+05:30,610.230186906588,630.1215165528652,608.7678940700747,629.2598876953125,12451410
2023-05-05 00:00:00+05:30,628.2455970956864,634.9466005824656,623.4893889846277,629.220458984375,11600400
2023-05-08 00:00:00+05:30,629.673415517007,659.2789837175087,629.0382527638926,655.6207275390625,22247350
2023-05-09 00:00:00+05:30,654.8378675732911,663.6855497504256,644.2029187369524,645.2122192382812,21307700
2023-05-10 00:00:00+05:30,649.0230874379074,656.3149576394034,642.5288970138196,653.0161743164062,8353210
2023-05-11 00:00:00+05:30,655.7241455897466,657.7920306270836,652.3760782791061,656.1622924804688,5674940
2023-05-12 00:00:00+05:30,654.8378533230954,663.075014598504,650.3770493227098,661.179443359375,9120780
2023-05-15 00:00:00+05:30,661.1794687958885,664.6850646587312,658.3631879835532,660.97265625,7390760
2023-05-16 00:00:00+05:30,661.7309201270361,674.4338145097428,659.7614828647534,668.0922241210938,12651330
2023-05-17 00:00:00+05:30,668.1316099306416,670.6377020883552,656.0195824490743,660.2587890625,7407850
2023-05-18 00:00:00+05:30,665.650152309137,672.6269061945728,664.2075730174507,668.56494140625,11067180
2023-05-19 00:00:00+05:30,669.6086676725536,671.5781049304139,660.9431557584586,668.0527954101562,5928340
2023-05-22 00:00:00+05:30,668.0528307571432,671.3811847072285,665.8569273312282,668.92431640625,4197920
2023-05-23 00:00:00+05:30,670.5983525499395,676.8907193685205,665.3842839441708,667.6934204101562,7901960
2023-05-24 00:00:00+05:30,666.5561133817886,674.3895073819222,662.6910443947199,668.2251586914062,5539360
2023-05-25 00:00:00+05:30,667.4422661352725,674.3352964496577,664.3010113450472,673.6607666015625,5302600
2023-05-26 00:00:00+05:30,674.1974275107041,681.4252886650349,673.6657010899592,679.8989868164062,6940730
2023-05-29 00:00:00+05:30,683.4144866155344,686.5360280439613,679.6331403889623,682.6119384765625,6407280
2023-05-30 00:00:00+05:30,684.1825644457326,691.1494615101204,682.4150111466774,689.874267578125,8819230
2023-05-31 00:00:00+05:30,689.7855953248534,691.8633373656315,682.1441685656824,688.3035888671875,21476270
2023-06-01 00:00:00+05:30,691.6664489134719,694.9455189580734,684.487811021188,693.2911987304688,5900260
2023-06-02 00:00:00+05:30,696.7623190323002,699.1502497662922,689.7954224806869,691.6565551757812,6642090
2023-06-05 00:00:00+05:30,696.1961679884508,698.3231340792297,690.5881874003501,693.55712890625,5771620
2023-06-06 00:00:00+05:30,691.7648946471262,702.3013968779019,691.7648946471262,700.5239868164062,6905860
2023-06-07 00:00:00+05:30,701.1196450970233,703.187530121637,695.4082892220608,697.1758422851562,5344830
2023-06-08 00:00:00+05:30,697.1807809393324,700.233384611503,688.8254578974381,690.297607421875,4553600
2023-06-09 00:00:00+05:30,690.5586486504377,697.4270377236394,690.489711127319,692.9613647460938,4473610
2023-06-12 00:00:00+05:30,694.2414857831197,700.1350129230075,693.3995104042349,698.923828125,5132550
2023-06-13 00:00:00+05:30,699.1502207928239,708.9974070011735,699.1502207928239,705.7232055664062,8001340
2023-06-14 00:00:00+05:30,707.2249202744641,707.2249202744641,697.3826625401954,698.8400268554688,4015200
2023-06-15 00:00:00+05:30,698.6579076826313,703.2565271173365,694.8174807664366,701.7695922851562,4370180
2023-06-16 00:00:00+05:30,706.0432270779445,710.8289449875243,702.2028005465812,709.3125,14148580
2023-06-19 00:00:00+05:30,710.1742348513169,728.5786304009215,709.219026425691,727.3329467773438,11845900
2023-06-20 00:00:00+05:30,726.343171861735,726.343171861735,709.0958118387119,713.8027954101562,8638260
2023-06-21 00:00:00+05:30,716.3828249321817,717.4561947163365,706.7325940876074,709.60302734375,5468040
2023-06-22 00:00:00+05:30,709.0073383003473,709.4061181304094,691.2725444592927,692.2572631835938,8271940
2023-06-23 00:00:00+05:30,691.3659884883805,694.7189842281282,684.9801026823255,688.2838745117188,8152260
2023-06-26 00:00:00+05:30,688.3182874365443,692.7495210466509,683.8870538264379,689.1749877929688,5635390
2023-06-27 00:00:00+05:30,692.2571929401386,692.2571929401386,684.7733554358218,691.1986083984375,7097890
2023-06-28 00:00:00+05:30,694.655003675572,701.6120433941683,693.241934806308,698.1852416992188,7097820
2023-06-30 00:00:00+05:30,702.1210812170924,711.5156590643634,701.2508418089282,708.1138305664062,8879080
2023-07-03 00:00:00+05:30,708.1137994567265,727.3380740107673,708.0544676977694,725.1624755859375,12092270
2023-07-04 00:00:00+05:30,756.5106994484865,783.2110770760802,752.8171616958847,777.3221435546875,41622080
2023-07-05 00:00:00+05:30,779.250544696842,791.112430288278,769.3664649278425,775.17626953125,19786660
2023-07-06 00:00:00+05:30,768.970870050489,773.7176522515389,764.9163923080888,768.0067138671875,10459840
2023-07-07 00:00:00+05:30,763.4330800487938,766.2910240700928,752.1200278472285,753.7764282226562,10949150
2023-07-10 00:00:00+05:30,753.7763690621692,754.5279449050445,734.9822650786477,744.9652709960938,14515180
2023-07-11 00:00:00+05:30,748.3027748224132,759.4773645997745,729.9091461838095,736.1392822265625,16750430
2023-07-12 00:00:00+05:30,738.7006237969854,742.4683417182324,731.6052570214027,734.94775390625,11317550
2023-07-13 00:00:00+05:30,738.705538853855,743.9417629643731,733.3703882356988,739.1654052734375,7470520
2023-07-14 00:00:00+05:30,739.106067385201,743.5462318437566,731.778262939339,739.9317626953125,7266000
2023-07-17 00:00:00+05:30,743.6549958800384,745.8305943757243,735.941565175192,742.760009765625,5067440
2023-07-18 00:00:00+05:30,743.6549588843498,747.1161189323487,729.127973297149,733.7659301757812,13097090
2023-07-19 00:00:00+05:30,735.9365489007421,751.4672847479007,734.7548027758135,750.0531005859375,9759430
2023-07-20 00:00:00+05:30,746.7205248101284,755.2399736423955,741.8749370149387,751.2299194335938,6494360
2023-07-21 00:00:00+05:30,751.2299809896789,757.2722238262216,744.9504714625906,749.761474609375,6733940
2023-07-24 00:00:00+05:30,749.7515924098436,755.9965170288039,747.6452242722853,749.7466430664062,5843420
2023-07-25 00:00:00+05:30,756.451361440595,756.451361440595,745.7365771486303,752.2040405273438,8508690
2023-07-26 00:00:00+05:30,755.0273473940453,764.8175100299142,724.9646757580742,735.0663452148438,22288660
2023-07-27 00:00:00+05:30,749.380756168841,749.380756168841,718.7050272358173,720.3267822265625,21471720
2023-07-28 00:00:00+05:30,723.7780851969835,731.254189001507,712.9990190187492,729.9685668945312,10070500
2023-07-31 00:00:00+05:30,726.3492001211957,728.8115587529832,720.0251465864335,721.9288330078125,7493150
2023-08-01 00:00:00+05:30,721.9288720609418,724.8658849422148,716.3613434502885,718.9027709960938,7527650
2023-08-02 00:00:00+05:30,720.9103029859351,720.9103029859351,706.5712091679707,712.351318359375,8985360
2023-08-03 00:00:00+05:30,709.5377930936302,714.4130768889494,694.016955658906,702.94677734375,10818980
2023-08-04 00:00:00+05:30,705.9778048769389,712.5045398777197,699.2829129254101,706.93701171875,7313490
2023-08-07 00:00:00+05:30,708.2522871085881,710.3042727499725,699.3125660356488,704.3115234375,7184090
2023-08-08 00:00:00+05:30,705.5822024097894,712.5045225455547,700.65253605613,709.3993530273438,8073620
2023-08-09 00:00:00+05:30,712.0101166909211,713.3946049498472,701.1321843525876,704.6279296875,5115720
2023-08-10 00:00:00+05:30,702.1259979941526,709.4389541463732,701.3299384143273,706.4573974609375,6161300
2023-08-11 00:00:00+05:30,706.4574213516,707.9556237595651,695.3025674550223,698.2247924804688,6303960
2023-08-14 00:00:00+05:30,696.1876780306222,698.0567190953092,686.3530309325464,694.0170288085938,6937850
2023-08-16 00:00:00+05:30,691.6387165229881,691.6387165229881,684.3208108762607,690.402587890625,5987950
2023-08-17 00:00:00+05:30,694.209835394404,694.209835394404,682.6396593995953,684.6422119140625,7101180
2023-08-18 00:00:00+05:30,681.7002020625492,683.9054966119958,676.9040470556215,678.5950927734375,7455330
2023-08-21 00:00:00+05:30,672.5528834699409,698.4621532675251,672.5528834699409,696.9985961914062,12308310
2023-08-22 00:00:00+05:30,697.2803730605823,707.4116786323672,697.176557568646,699.1494140625,12487800
2023-08-23 00:00:00+05:30,702.121038197563,706.9666864071334,692.528668280197,703.747802734375,8032480
2023-08-24 00:00:00+05:30,707.0655408013581,710.620617590687,704.1976983808458,705.824462890625,9103600
2023-08-25 00:00:00+05:30,703.6044018944215,719.733405516507,702.2199137138255,713.1473388671875,13032760
2023-08-28 00:00:00+05:30,714.4774555576948,718.0424314953203,705.8888355684554,715.5306396484375,7036260
2023-08-29 00:00:00+05:30,716.9545396535817,722.9818733289762,715.5700515718052,721.241455078125,14183050
2023-08-30 00:00:00+05:30,724.4702328383768,724.9548459549089,717.7457052601033,718.7445068359375,4602680
2023-08-31 00:00:00+05:30,719.9213112563809,720.4157627064197,705.5822192052581,708.3511352539062,14129800
2023-09-01 00:00:00+05:30,708.899933520938,724.8064575987127,707.5599894731322,723.9362182617188,6760760
2023-09-04 00:00:00+05:30,728.821435581415,728.821435581415,717.7853058008894,718.9571533203125,5813630
2023-09-05 00:00:00+05:30,720.2179611617435,727.6792165505018,719.9213023669519,726.3590698242188,12213530
2023-09-06 00:00:00+05:30,723.4121799251719,731.4914998577635,720.9794570202578,730.5817260742188,6051570
2023-09-07 00:00:00+05:30,729.8103364368986,730.5817096666859,722.2650025201771,728.1489868164062,5496220
2023-09-08 00:00:00+05:30,730.7992826156731,736.7277509931089,728.8214767087295,732.8413696289062,6246420
2023-09-11 00:00:00+05:30,734.2604152981893,736.1393549821572,728.030338997531,730.96240234375,4068490
2023-09-12 00:00:00+05:30,733.8648238845564,737.6227032212357,722.4430073687112,734.8834228515625,9635170
2023-09-13 00:00:00+05:30,734.6856846544025,742.4930930062787,729.8746813076328,739.2940063476562,5798460
2023-09-14 00:00:00+05:30,739.2939777757487,742.8342068543316,734.4631772415403,741.113525390625,6503720
2023-09-15 00:00:00+05:30,741.5783298598583,748.119913071407,737.2815152515639,740.9058227539062,7874940
2023-09-18 00:00:00+05:30,740.5795491959524,747.6106347271459,738.2160566452571,746.4882202148438,7066180
2023-09-20 00:00:00+05:30,740.5547755441771,756.2140750115316,739.9960429800516,745.533935546875,8441900
2023-09-21 00:00:00+05:30,744.643938609928,749.9493934023966,734.2604573942517,740.11474609375,6757250
2023-09-22 00:00:00+05:30,741.0789244011612,749.2917559238169,737.0886673112819,738.843994140625,5263040
2023-09-25 00:00:00+05:30,749.0939769788454,776.2789091396079,742.6661078694559,773.3072509765625,23475330
2023-09-26 00:00:00+05:30,773.3121772402229,781.2283498665388,768.8720128298175,778.3308715820312,12468200
2023-09-27 00:00:00+05:30,776.7832479638334,776.7832479638334,765.6828367684684,775.0576171875,7441100
2023-09-28 00:00:00+05:30,771.8140002825958,774.2121382056094,763.240228667118,765.31201171875,7775050
2023-09-29 00:00:00+05:30,765.3119823606537,776.0909878109832,763.9274941504476,772.4073486328125,5730050
2023-10-03 00:00:00+05:30,769.445575239037,788.6994854777103,766.8941888903087,787.9182739257812,9445550
2023-10-04 00:00:00+05:30,793.5946599553811,795.3746732893186,773.3221483926579,776.6893920898438,11763840
2023-10-05 00:00:00+05:30,782.7018006462241,782.7018006462241,774.004416503966,776.3778076171875,7950610
2023-10-06 00:00:00+05:30,776.2887410418556,810.109230748623,775.7942896144405,807.7902221679688,21450340
2023-10-09 00:00:00+05:30,801.2141242531701,804.4725425437314,792.9023660618836,793.8616333007812,7478000
2023-10-10 00:00:00+05:30,796.5613394044323,804.4725631353267,793.1990451756633,799.3895874023438,9650240
2023-10-11 00:00:00+05:30,804.947194698199,808.2303596975008,800.5614125795436,801.2042236328125,7123720
2023-10-12 00:00:00+05:30,803.4836002525088,803.681392902601,791.418972890995,792.5364379882812,7640920
2023-10-13 00:00:00+05:30,791.077834997058,799.3203020262785,786.7760711742726,796.22998046875,6622820
2023-10-16 00:00:00+05:30,795.5031793817004,797.9458010130005,789.4066145268058,794.682373046875,4382460
2023-10-17 00:00:00+05:30,799.0335301194888,806.8458870447345,796.8134479739599,800.319091796875,8382830
2023-10-18 00:00:00+05:30,796.0668716495471,799.4884975720454,776.288812726577,777.9254760742188,15446420
2023-10-19 00:00:00+05:30,775.6262319718718,783.5077591488215,764.5208113112154,775.4531860351562,10614530
2023-10-20 00:00:00+05:30,772.333202844484,774.5433864486874,763.6803020443698,768.2984619140625,7711530
2023-10-23 00:00:00+05:30,771.3442995063751,779.7400758783622,767.5221992692816,771.2355346679688,8822300
2023-10-25 00:00:00+05:30,771.235531600071,776.976105947928,759.0818757874298,760.9064331054688,7087740
2023-10-26 00:00:00+05:30,754.0483204970762,757.1039964978623,731.9067712382689,733.9439086914062,13246300
2023-10-27 00:00:00+05:30,742.6611325983672,746.5228274156469,733.4297022478072,742.38916015625,9119440
2023-10-30 00:00:00+05:30,742.2507321976938,744.3323534221029,727.0908343181081,741.978759765625,7992760
2023-10-31 00:00:00+05:30,748.5796691627569,749.5586733388831,737.7709681240304,740.9503173828125,7494100
2023-11-01 00:00:00+05:30,743.6549971038137,746.5228397198252,737.4892018730178,738.8983764648438,4627780
2023-11-02 00:00:00+05:30,744.6439282549496,753.049603407894,732.8957562713833,736.6436767578125,8550300
2023-11-03 00:00:00+05:30,744.4460977124863,745.430051278167,729.0637202082291,732.9254150390625,11387550
2023-11-06 00:00:00+05:30,737.3259979125064,748.7923587322433,736.0009017912865,747.8133544921875,6340430
2023-11-07 00:00:00+05:30,755.5218259149593,755.5218259149593,736.3370852498974,741.2420654296875,15630070
2023-11-08 00:00:00+05:30,744.3472246116446,745.2372010065922,732.4457444143882,737.7166137695312,9167170
2023-11-09 00:00:00+05:30,740.1938329594809,740.1938329594809,728.495094557734,730.472900390625,7717910
2023-11-10 00:00:00+05:30,728.8214701136949,737.1282789908291,726.492622993853,736.2184448242188,4962610
2023-11-13 00:00:00+05:30,736.5152058458964,736.7327355342866,723.7781303680314,727.9166870117188,7322400
2023-11-15 00:00:00+05:30,735.6844589667159,739.3236145596386,704.0148180250579,714.4131469726562,19234400
2023-11-16 00:00:00+05:30,686.7485975995427,729.8795890110422,685.4333398092524,728.0748291015625,45570430
2023-11-17 00:00:00+05:30,706.1261353615141,717.9435376183999,702.9171501356352,714.0867919921875,20800340
2023-11-20 00:00:00+05:30,707.1644808897621,715.8668752035733,697.1864838472223,699.0159301757812,19029400
2023-11-21 00:00:00+05:30,700.6377558784516,704.9741050692668,695.1987895307713,702.4326171875,16662250
2023-11-22 00:00:00+05:30,700.7811160100655,709.8196426586155,698.709333045161,704.9246215820312,10414040
2023-11-23 00:00:00+05:30,705.5822490298951,708.0545063845899,697.7698916459213,699.5153198242188,6061580
2023-11-24 00:00:00+05:30,702.9121444415969,703.7823837915123,693.3197745785576,694.2889404296875,7264990
2023-11-28 00:00:00+05:30,695.693218478721,705.5822478814035,695.1888683219288,704.8455200195312,7281580
2023-11-29 00:00:00+05:30,705.4833428613379,708.9049082171309,703.5104864328264,705.09765625,6824300
2023-11-30 00:00:00+05:30,705.2855447281921,708.4104512655188,700.7019702309718,704.2867431640625,12719340
2023-12-01 00:00:00+05:30,708.0544637047503,719.9064502628647,706.2744505882342,717.8792114257812,9004770
2023-12-04 00:00:00+05:30,725.8547350703577,733.7659583408794,723.3874271414912,732.544677734375,11014260
2023-12-05 00:00:00+05:30,734.7548733124773,735.7437762375278,723.8818904801752,726.8238525390625,15222420
2023-12-06 00:00:00+05:30,730.7992879355251,737.6227425072904,728.3319798772798,734.4681396484375,7018000
2023-12-07 00:00:00+05:30,730.7992441952933,735.743758702704,724.4702414826704,730.9179077148438,6688620
2023-12-08 00:00:00+05:30,730.8536284894523,731.6002550106168,719.3279965291479,722.6506958007812,11443880
2023-12-11 00:00:00+05:30,724.3713776658078,727.1106580262348,718.9373610333108,721.1821899414062,5900550
2023-12-12 00:00:00+05:30,719.9213361571722,727.2392420139957,719.9213361571722,723.3380126953125,6333120
2023-12-13 00:00:00+05:30,721.8842224594443,722.344088835766,712.7022861819896,717.7456665039062,6829550
2023-12-14 00:00:00+05:30,728.6730824926539,742.7896956257157,721.90902041276,739.1257934570312,17295670
2023-12-15 00:00:00+05:30,744.5302182637156,744.5351676071671,736.2382572471354,743.16552734375,11739380
2023-12-18 00:00:00+05:30,746.4239493671085,752.5551598500715,744.2483507624639,750.3400268554688,10827980
2023-12-19 00:00:00+05:30,755.6207393006842,755.6800710648897,745.1383919054061,754.7950439453125,7914080
2023-12-20 00:00:00+05:30,756.5107291135232,760.9607922259556,737.73642177951,741.0789184570312,8745460
2023-12-21 00:00:00+05:30,734.4185863232649,739.4026954676187,722.4429869320222,728.5396118164062,9130820
2023-12-22 00:00:00+05:30,733.6621623421479,735.7437837059992,716.2623838131826,721.4343872070312,11294850
2023-12-26 00:00:00+05:30,724.3713912620949,726.2503309593596,706.5958853602687,708.2819213867188,12258440
2023-12-27 00:00:00+05:30,713.978060692493,724.2132428622983,711.1102782337936,715.2537841796875,16052790
2023-12-28 00:00:00+05:30,719.4268634656994,720.9102178233607,712.0100916773932,717.8099975585938,18560640
2023-12-29 00:00:00+05:30,715.13996851463,726.1514123416264,712.5194119543202,724.6433715820312,9128020
2024-01-01 00:00:00+05:30,725.5531572687302,725.5531572687302,719.2291035878752,721.8052368164062,3314890
2024-01-02 00:00:00+05:30,724.272530397351,736.2481303990959,719.9262827035571,734.7598266601562,11129900
2024-01-03 00:00:00+05:30,736.2332999340783,740.2779395735253,728.6434818334453,730.2850341796875,5534050
2024-01-04 00:00:00+05:30,747.6106144641175,764.8126002318069,747.6106144641175,762.0040893554688,29118790
2024-01-05 00:00:00+05:30,764.9115163170187,770.2565659699699,758.795153715029,762.5579223632812,10526010
2024-01-08 00:00:00+05:30,759.1807678976411,774.3109701860294,754.6614744046998,765.0152587890625,11212090
2024-01-09 00:00:00+05:30,768.7731495545083,772.3331759020847,761.2574511927395,763.9719848632812,12470830
2024-01-10 00:00:00+05:30,763.0375044660354,764.9411909619719,757.499671999258,759.5318603515625,5590720
2024-01-11 00:00:00+05:30,759.4774558061606,770.6817429853727,756.6145624883184,758.4638061523438,6517410
2024-01-12 00:00:00+05:30,759.8730302560147,763.3292411436346,753.247368599651,757.6034545898438,8086380
2024-01-15 00:00:00+05:30,761.2524388454392,761.2524388454392,737.1281952962291,739.5015258789062,9972200
2024-01-16 00:00:00+05:30,739.2049173383755,753.0001248572622,734.5471629531456,737.3902587890625,11947230
2024-01-17 00:00:00+05:30,722.2254627379597,739.5213645833167,722.116637548373,727.7188110351562,13802710
2024-01-18 00:00:00+05:30,721.5035631671136,727.0167091466525,715.3724132059621,718.4923706054688,16869960
2024-01-19 00:00:00+05:30,727.8326036705821,730.6806491222688,718.0671866036704,723.7879638671875,8308100
2024-01-23 00:00:00+05:30,727.1303822856321,727.3380736207916,696.4447570783,699.2235717773438,25332970
2024-01-24 00:00:00+05:30,702.516635830037,702.516635830037,691.9155654838189,697.70068359375,20636750
2024-01-25 00:00:00+05:30,697.7006880911647,704.6724414254495,695.7920523899799,700.6871337890625,11683490
2024-01-29 00:00:00+05:30,700.6871917710828,714.4774510182384,700.6476573808568,711.1843872070312,18603610
2024-01-30 00:00:00+05:30,691.0948200189839,691.0948200189839,672.9484745686839,674.1549072265625,41531470
2024-01-31 00:00:00+05:30,674.4317616899417,684.4196565982251,673.6406514604074,678.6741333007812,18105120
2024-02-01 00:00:00+05:30,678.9708833006581,680.3602605190216,665.8283248474089,666.846923828125,19111370
2024-02-02 00:00:00+05:30,668.0039265150391,683.3319218680859,667.8061338582696,677.2304077148438,13675080
2024-02-05 00:00:00+05:30,681.7497416377995,681.8486077931074,652.6759697511978,653.4868774414062,17712220
2024-02-06 00:00:00+05:30,657.4227090114159,662.4661505773942,646.2481170693912,652.4930419921875,24395330
2024-02-07 00:00:00+05:30,656.7304062751721,666.2832423008938,655.1729324594918,663.4747314453125,15382370
2024-02-08 00:00:00+05:30,665.7146029593122,666.2733355176964,646.4161481875257,650.2679443359375,21932090
2024-02-09 00:00:00+05:30,650.698151555211,660.3597528464613,649.9070412540689,658.0654907226562,12098740
2024-02-12 00:00:00+05:30,659.5439090235501,659.7812360828563,647.8798152077181,649.6251831054688,5447840
2024-02-13 00:00:00+05:30,652.6759253268659,656.532670846935,648.0379682310628,653.036865234375,9480140
2024-02-14 00:00:00+05:30,649.101055869035,658.2137625195079,647.7314156611072,657.2743530273438,6361260
2024-02-15 00:00:00+05:30,657.2248766772686,660.3300464273348,651.2568739291971,654.5944213867188,8808590
2024-02-16 00:00:00+05:30,657.6253721096629,658.6093256579569,652.8737009595312,654.5745849609375,10294310
2024-02-19 00:00:00+05:30,657.5117061219723,673.1363608792772,655.1779096131629,663.830810546875,13158810
2024-02-20 00:00:00+05:30,663.7417588779348,671.6628809910871,660.7107689882996,668.8543701171875,11067090
2024-02-21 00:00:00+05:30,671.4650283376205,671.4650283376205,659.1086921808595,661.4573364257812,8549440
2024-02-22 00:00:00+05:30,661.6798878153451,663.2423713736378,648.8192001458722,660.0877685546875,10223740
2024-02-23 00:00:00+05:30,659.9938730501269,664.4439364604978,655.8998002267024,662.3523559570312,12803110
2024-02-26 00:00:00+05:30,661.5759894916541,663.3560025039205,655.0689920072216,656.952880859375,8920560
2024-02-27 00:00:00+05:30,655.7415126068917,656.8293420510138,641.9067701918608,648.3494873046875,11503060
2024-02-28 00:00:00+05:30,649.9070003795892,652.3545109230957,640.314630142184,642.6583251953125,5353210
2024-02-29 00:00:00+05:30,642.6880266306442,646.6436382785132,629.5553669879544,642.3270263671875,16990980
2024-03-01 00:00:00+05:30,643.9488790194872,653.5363005506429,642.9946214544225,649.8526611328125,9190800
2024-03-04 00:00:00+05:30,651.4892409079214,656.6265988934682,648.4681496872132,652.918212890625,3971180
2024-03-05 00:00:00+05:30,652.9182080522155,656.260704773303,620.2399277375183,625.4069213867188,17175580
2024-03-06 00:00:00+05:30,626.2227565367214,627.5479129698282,611.9133606571849,624.121337890625,21047920
2024-03-07 00:00:00+05:30,627.9533562326668,639.6817304159486,625.5206333127682,634.9794921875,14694210
2024-03-11 00:00:00+05:30,647.7314089783794,647.9292016328424,633.2934505702432,636.2354125976562,12039710
2024-03-12 00:00:00+05:30,633.3923054097442,641.3035285842609,627.0979481287742,636.4628295898438,10946770
2024-03-13 00:00:00+05:30,636.7793131416424,644.2653156353725,632.0622871643352,638.4505615234375,11321830
2024-03-14 00:00:00+05:30,638.4504846087832,639.8201246720199,622.7912470798685,632.6456298828125,12198650
2024-03-15 00:00:00+05:30,630.430582741197,650.5003512995228,628.9422789662733,644.2059936523438,19705000
2024-03-18 00:00:00+05:30,644.2059719984294,648.2258647870518,638.4456004113996,643.2467651367188,6764250
2024-03-19 00:00:00+05:30,643.746070424422,659.3212905812494,643.2813150486486,652.3050537109375,14080870
2024-03-20 00:00:00+05:30,653.6648054287006,665.6305061655747,653.2692201325056,657.5709838867188,14908310
2024-03-21 00:00:00+05:30,663.3066405694403,669.6504311391669,658.3275408723007,664.1224975585938,18060920
2024-03-22 00:00:00+05:30,663.0594084585088,672.7506450116877,661.2101648250671,668.58740234375,11252380
2024-03-26 00:00:00+05:30,667.9544702939183,686.7930583099001,667.0150004752018,683.341796875,18503210
2024-03-27 00:00:00+05:30,686.8672470858751,697.0776816482081,682.8374556777577,694.4818115234375,15512750
2024-03-28 00:00:00+05:30,695.4064558074881,726.7744279861258,695.4064558074881,716.4849243164062,35745180
2024-04-01 00:00:00+05:30,718.0671830350213,726.1959366345027,713.992907548133,717.048583984375,11252380
2024-04-02 00:00:00+05:30,717.0485352348928,717.4490698900564,705.5822348264029,712.7418823242188,9676150
2024-04-03 00:00:00+05:30,711.713431823186,724.2082296679658,710.6404504439101,722.8138427734375,9589430
2024-04-04 00:00:00+05:30,726.3491221451417,726.8435735557239,717.4489967546634,720.2575073242188,10405890
2024-04-05 00:00:00+05:30,715.4465013976555,717.8446392163069,707.658891060555,709.6021118164062,12004940
2024-04-08 00:00:00+05:30,713.4934866243086,714.6752329060805,706.3536362150252,709.888916015625,5182100
2024-04-09 00:00:00+05:30,713.9879154868058,715.5058549269611,704.5439045765202,711.377197265625,7102810
2024-04-10 00:00:00+05:30,715.5603195008678,717.3502314444465,708.0545194757877,715.0015869140625,5679860
2024-04-12 00:00:00+05:30,714.3834781458953,718.339089740595,707.6885862073565,714.9323120117188,10925880
2024-04-15 00:00:00+05:30,706.5761181685301,711.891471607907,698.5066361699376,699.7724609375,7584480
2024-04-16 00:00:00+05:30,693.2159598796806,695.623935944621,685.4085524363373,687.707763671875,9632930
2024-04-18 00:00:00+05:30,685.1219162670461,691.7376800531335,678.980806628098,681.670654296875,13851330
2024-04-19 00:00:00+05:30,676.4145394281749,707.0655802789108,673.4478306997319,704.0494384765625,12183750
2024-04-22 00:00:00+05:30,708.7763589700576,722.4924374179874,708.7763589700576,721.1277465820312,11652720
2024-04-23 00:00:00+05:30,722.7891407017154,725.8448168071468,715.6492305065625,717.93359375,10815670
2024-04-24 00:00:00+05:30,720.2180217621519,733.7116221169778,716.9546540291749,724.7817993164062,8869290
2024-04-25 00:00:00+05:30,724.8658342679078,728.3121464292608,704.6032232646588,721.394775390625,11733540
2024-04-26 00:00:00+05:30,692.2320449443337,692.2320449443337,661.7244139638533,665.6503295898438,58147230
2024-04-29 00:00:00+05:30,671.460104304822,676.3700336477826,663.8554387645115,675.0844116210938,16810300
2024-04-30 00:00:00+05:30,675.4157579770705,689.7597999355404,674.624647697459,684.671875,17986750
2024-05-02 00:00:00+05:30,686.0860171647952,689.2604174119629,678.8818856206508,680.6322631835938,11395720
2024-05-03 00:00:00+05:30,724.7670236333023,731.7882107009423,683.0303561484652,685.4581298828125,68186010
2024-05-06 00:00:00+05:30,693.0182085002732,694.2049040819707,676.9040522358486,678.37255859375,12299880
2024-05-07 00:00:00+05:30,681.3491604221108,686.6051818399118,671.26728794106,679.6284790039062,12981260
2024-05-08 00:00:00+05:30,679.524659543034,680.3207191435722,670.970625218409,672.3995971679688,7259250
2024-05-09 00:00:00+05:30,672.4441023656302,675.6877329895308,651.192587783747,653.1852416992188,13811150
2024-05-10 00:00:00+05:30,656.5227482362066,662.3671377062071,652.7945650598544,660.9974975585938,8249080
2024-05-13 00:00:00+05:30,660.9827150224974,666.9457680559324,654.6537123909883,664.4191284179688,5122560
2024-05-14 00:00:00+05:30,663.5538560253485,666.7035093955961,658.3720144075322,660.1619262695312,7558400
2024-05-15 00:00:00+05:30,661.7737926476228,665.7244546650825,657.1308865705449,660.5870971679688,5950590
2024-05-16 00:00:00+05:30,662.5994817342189,668.7060050012014,654.9552821659904,667.2276000976562,10598510
2024-05-17 00:00:00+05:30,667.2128075714031,670.4761751132173,662.6687672994169,665.2745361328125,4801580
2024-05-21 00:00:00+05:30,663.0593972293242,670.9706204624854,663.0593972293242,666.8023681640625,7616240
2024-05-22 00:00:00+05:30,670.2239888204876,670.2239888204876,665.2596769650982,666.9705200195312,4160460
2024-05-23 00:00:00+05:30,668.4539162807214,677.7446185334336,665.5366404812819,675.0894165039062,7093170
2024-05-24 00:00:00+05:30,674.4318399096842,683.3319668293134,671.7617897622256,676.1030883789062,7420430
2024-05-27 00:00:00+05:30,678.2885507373569,688.2319625568224,673.4429021878743,681.8980102539062,6554710
2024-05-28 00:00:00+05:30,683.7225570003151,686.7930812672806,678.0808489141865,679.6779174804688,7528670
2024-05-29 00:00:00+05:30,680.167398577747,683.1341072604279,671.0051987768518,673.1165161132812,7213310
2024-05-30 00:00:00+05:30,670.4663246819454,672.3502138388423,652.0876013473786,654.302734375,11555750
2024-05-31 00:00:00+05:30,659.098843225669,669.6801164832647,656.8688623246592,662.3375244140625,28417330
2024-06-03 00:00:00+05:30,687.173739530603,691.1145027468531,675.7123293928037,683.8806762695312,11482120
2024-06-04 00:00:00+05:30,683.9202275712877,683.9202275712877,630.4947880961173,643.7312622070312,32993870
2024-06-05 00:00:00+05:30,653.0714680739336,678.5851496023271,646.3023966610452,676.0782470703125,12185170
2024-06-06 00:00:00+05:30,677.3985080589265,693.5126644270805,674.6592276242362,684.8944091796875,14657160
2024-06-07 00:00:00+05:30,691.7375999266702,721.80027315883,686.3974999585087,711.15966796875,29840520
2024-06-10 00:00:00+05:30,716.9545929818677,716.9545929818677,699.6735391769244,701.0184326171875,8723180
2024-06-11 00:00:00+05:30,700.4399291754343,708.9445305386997,697.275427746262,705.8887939453125,12052130
2024-06-12 00:00:00+05:30,706.8678076904008,719.624679727956,703.6044400680491,713.7654418945312,12685080
2024-06-13 00:00:00+05:30,717.1721351798792,724.3713772938959,715.1894403862633,721.3997192382812,13454950
2024-06-14 00:00:00+05:30,721.5085000408552,728.821456493451,716.657962574695,726.008056640625,11874880
2024-06-18 00:00:00+05:30,728.3270323916475,734.7005192323682,721.899163130893,725.3306274414062,9469040
2024-06-19 00:00:00+05:30,725.3305800576533,726.7398149744196,709.8245898506901,715.367431640625,5204000
2024-06-20 00:00:00+05:30,713.9879433741869,718.4281080462251,703.2088768726288,712.7122802734375,9001580
2024-06-21 00:00:00+05:30,719.4903860910783,722.0446324694118,703.1611527489454,709.0498046875,14998180
2024-06-24 00:00:00+05:30,703.2604847306948,706.3365356007052,697.7495074783413,703.8419189453125,6356540
2024-06-25 00:00:00+05:30,705.7451926619771,709.6212996555279,695.5083709195645,703.1065063476562,15608110
2024-06-26 00:00:00+05:30,702.6641976740269,713.5221860504696,699.1856620419774,711.4301147460938,9125520
2024-06-27 00:00:00+05:30,710.6151305701421,719.460573942277,703.9611816136837,712.2798461914062,11376060
2024-06-28 00:00:00+05:30,712.1059655688822,718.1685322186668,706.1726065291518,707.1912841796875,8295840
2024-07-01 00:00:00+05:30,703.1611409512669,725.9207272336754,703.1611409512669,723.21240234375,7727450
2024-07-02 00:00:00+05:30,723.0384996523459,723.1328879337183,707.8323412763633,712.1655883789062,12810270
2024-07-03 00:00:00+05:30,714.5856196463048,723.9975745885878,712.6028592214226,721.4284057617188,8363930
2024-07-04 00:00:00+05:30,725.6275490567873,728.0078809253473,705.6458641051147,706.3465576171875,18979770
2024-07-05 00:00:00+05:30,709.0249748175675,710.6051898962447,703.3599189257211,709.4224853515625,9310790
2024-07-08 00:00:00+05:30,710.1132674990514,710.3816311026244,700.3783535151017,705.471923828125,6777050
2024-07-09 00:00:00+05:30,706.6247561509977,709.8597991954725,699.8813929400646,702.4703979492188,9735030
2024-07-10 00:00:00+05:30,702.4654466729166,708.5628327082638,697.7942578905146,701.16845703125,8097140
2024-07-11 00:00:00+05:30,704.4432026593713,704.4432026593713,688.7500593640043,690.7676391601562,9718010
2024-07-12 00:00:00+05:30,695.4039825477894,700.1795076092436,687.2642069952807,696.1344604492188,10688330
2024-07-15 00:00:00+05:30,697.699834439601,704.1549978450303,695.2350628917839,702.0430297851562,5333730
2024-07-16 00:00:00+05:30,703.6580810261163,704.6519483721984,696.2239726888939,701.5808715820312,5582000
2024-07-18 00:00:00+05:30,700.3882449748814,707.4247817645261,692.8397913076371,706.6396484375,8646050
2024-07-19 00:00:00+05:30,706.6396797641813,706.6396797641813,686.7623329353718,688.9786376953125,9385980
2024-07-22 00:00:00+05:30,688.9488659071203,691.5925263932671,680.739511809894,684.203125,5751930
2024-07-23 00:00:00+05:30,689.1476517995588,690.225959062389,657.9401924261825,668.5845336914062,19322120
2024-07-24 00:00:00+05:30,658.9340461175844,661.3888693290506,650.0935767208703,656.6630859375,31006260
2024-07-25 00:00:00+05:30,651.9769710331029,662.5119405080181,651.1272338740966,660.6981811523438,9509650
2024-07-26 00:00:00+05:30,663.4114061836091,676.6646486516896,662.6212986541362,674.81103515625,11101840
2024-07-29 00:00:00+05:30,678.2001619771381,681.2960489782841,672.4257952648938,677.067138671875,7485650
2024-07-30 00:00:00+05:30,677.0671406076982,685.6690914182183,674.1401940578238,678.17529296875,11794130
2024-07-31 00:00:00+05:30,678.5082424088558,681.2960329009433,675.1340435200711,676.5205078125,8896590
2024-08-01 00:00:00+05:30,678.9605496192615,680.2028838894711,670.8605059131542,673.01220703125,8395230
2024-08-02 00:00:00+05:30,668.3757934570312,670.8604618341949,663.2176194796054,668.3757934570312,6222180
2024-08-05 00:00:00+05:30,660.9217805867173,660.9217805867173,649.2537877299146,655.6244506835938,9440410
2024-08-06 00:00:00+05:30,658.5364572427102,665.5929515605886,647.1567250390367,649.8252563476562,8918280
2024-08-07 00:00:00+05:30,655.9524096570016,661.8510095810441,654.0739859252901,659.6446533203125,4642840
2024-08-08 00:00:00+05:30,658.4420438172821,663.7095282421375,653.1049814038815,654.1832885742188,6903890
2024-08-09 00:00:00+05:30,665.8910572919083,665.8910572919083,655.0578800059565,657.76123046875,6994900
2024-08-12 00:00:00+05:30,657.8507067960495,660.4248499070777,652.3795228768091,656.762451171875,6748870
2024-08-13 00:00:00+05:30,660.4198862613507,660.4198862613507,641.2630686408131,642.5402221679688,10723270
2024-08-14 00:00:00+05:30,644.2744658986547,645.0148921712703,639.1510509400183,641.88916015625,7742760
2024-08-16 00:00:00+05:30,646.5106877500282,655.9524272329264,638.5597492381139,655.0480346679688,7534190
2024-08-19 00:00:00+05:30,659.7291546528827,661.5181038045527,655.3163810596429,657.5774536132812,5287300
2024-08-20 00:00:00+05:30,660.6583906747377,673.2358109601968,657.577426189841,668.0974731445312,9571590
2024-08-21 00:00:00+05:30,668.0726706662808,670.59209770796,665.3941908785135,669.4044189453125,6331110
2024-08-22 00:00:00+05:30,670.8604548909493,672.351255901818,668.2664756906412,670.224365234375,7282600
2024-08-23 00:00:00+05:30,671.3573967401463,672.0531160191972,666.3830857870794,669.4541625976562,6180450
2024-08-26 00:00:00+05:30,673.4444956552076,677.7181738114756,671.4617351343454,673.6781005859375,8983430
2024-08-27 00:00:00+05:30,673.6780743587665,683.1198138660923,668.872704045291,682.1507568359375,20359020
2024-08-28 00:00:00+05:30,683.3831268480939,687.4580191485584,680.9978817398458,685.7684326171875,8489860
2024-08-29 00:00:00+05:30,684.6801960962405,711.4102164531832,683.9347956052668,702.0231323242188,26391590
2024-08-30 00:00:00+05:30,702.7685046603781,717.0802177780471,702.7685046603781,715.599365234375,20443670
2024-09-02 00:00:00+05:30,722.9391132945083,740.431153873352,718.4667103516491,739.4422607421875,22963780
2024-09-03 00:00:00+05:30,741.4250446488375,741.4250446488375,716.1907380210192,730.8701782226562,18986560
2024-09-04 00:00:00+05:30,721.0457538886551,733.1759213026271,720.0817317222834,725.4734497070312,8867460
2024-09-05 00:00:00+05:30,727.5108894288851,728.1717893689445,714.8887621385913,720.0469360351562,6734470
2024-09-06 00:00:00+05:30,721.1054044009206,734.9648916174853,721.1054044009206,727.2276611328125,18428270
2024-09-09 00:00:00+05:30,727.9084848454536,733.2703580483353,721.8260214040064,730.2390747070312,8789380
2024-09-10 00:00:00+05:30,732.4752739711433,732.4752739711433,714.8887836644249,719.7438354492188,13089320
2024-09-11 00:00:00+05:30,720.5538365804458,738.642234679187,716.2106410666152,730.0502319335938,11048900
2024-09-12 00:00:00+05:30,737.449548240598,739.4372828719743,725.1851988742337,738.2744750976562,14467640
2024-09-13 00:00:00+05:30,738.2744828356314,761.3023717964473,730.6912702845822,755.1900634765625,22084380
2024-09-16 00:00:00+05:30,763.290133829076,763.290133829076,727.7096944103594,730.0701293945312,26795550
2024-09-17 00:00:00+05:30,729.2501426335814,740.9280835888721,724.146624263555,732.032958984375,15677860
2024-09-18 00:00:00+05:30,734.1946492042462,762.5447402196661,733.3250152548266,758.4301147460938,29749930
2024-09-19 00:00:00+05:30,762.7931795993721,770.0483990125776,751.3637052470688,754.3800659179688,17206440
2024-09-20 00:00:00+05:30,758.8176872075103,760.8054218170912,744.1332735148928,753.5949096679688,16450040
2024-09-23 00:00:00+05:30,757.898378593347,758.912082003566,748.5510273942898,754.8521728515625,5734970
2024-09-24 00:00:00+05:30,755.0410126782717,755.682015848209,743.8003757520975,750.7872314453125,10695400
2024-09-25 00:00:00+05:30,749.872910675352,759.3146504386599,745.206696218289,757.7145385742188,12720380
2024-09-26 00:00:00+05:30,759.3146444535706,773.1691575392751,754.1018151308377,772.075927734375,16681650
2024-09-27 00:00:00+05:30,773.2288118053768,776.2104139074542,766.3711027062591,770.843505859375,11781310
2024-09-30 00:00:00+05:30,769.8496061373972,777.6018198056745,762.907457426757,765.5759887695312,9619520
2024-10-01 00:00:00+05:30,761.3123197806568,776.6725562826821,760.4078665442956,765.5759887695312,7882880
2024-10-03 00:00:00+05:30,756.3330750056242,765.2778814117354,733.5734877746232,738.8261108398438,10406620
2024-10-04 00:00:00+05:30,737.449556481905,738.4434238087,711.112072321837,716.7125244140625,17681110
2024-10-07 00:00:00+05:30,716.7125409082319,727.9084711608403,714.6204695486533,722.48193359375,9362270
2024-10-08 00:00:00+05:30,722.0296801140275,725.0659374750487,711.6139700883193,714.2874755859375,9038050
2024-10-09 00:00:00+05:30,717.174654060494,738.1253947416064,716.1907350916989,725.56787109375,10543750
2024-10-10 00:00:00+05:30,727.510863202596,732.2814141078209,722.8396747629785,727.4810180664062,5594270
2024-10-11 00:00:00+05:30,728.0078677424524,728.5048014405701,718.1735304452302,725.7219848632812,3615870
2024-10-14 00:00:00+05:30,724.7976681440238,726.8996879020932,715.5844983167241,716.4591064453125,4451810
2024-10-15 00:00:00+05:30,720.0469431204706,721.1650438836688,693.6200443852651,697.3867797851562,14855670
2024-10-16 00:00:00+05:30,696.7009849013151,701.605717653894,687.7561791037233,691.368896484375,11256980
2024-10-17 00:00:00+05:30,693.8137578410425,695.5878449266954,682.8861918223154,685.71875,6897550
2024-10-18 00:00:00+05:30,685.0727426604419,689.6097494762975,677.8871012317123,685.7237548828125,7449290
2024-10-21 00:00:00+05:30,686.6679307028929,690.8123404474528,667.605502099843,673.9315185546875,22099660
2024-10-22 00:00:00+05:30,675.8297830258117,679.1095330759733,660.2906576471223,663.6946411132812,17006190
2024-10-23 00:00:00+05:30,656.5239332596005,705.5315295930252,656.0518098744292,695.2897338867188,26373910
2024-10-24 00:00:00+05:30,696.9494847393045,707.9167843431449,694.7729127990322,699.7720947265625,8951250
2024-10-25 00:00:00+05:30,699.7721108512147,701.6653966680313,685.1026186045988,686.7772827148438,10223240
2024-10-28 00:00:00+05:30,687.7561698816168,700.1795111005765,683.2837670427912,686.896484375,7149810
2024-10-29 00:00:00+05:30,686.6728767279247,701.670362006052,676.048432134572,697.943359375,14097500
2024-10-30 00:00:00+05:30,695.6077818107597,697.7395860249301,688.9488584404686,691.2347412109375,5660440
2024-10-31 00:00:00+05:30,690.638468631654,692.8050922470427,683.7558884764892,684.749755859375,7301530
2024-11-01 00:00:00+05:30,688.7500422704345,690.196136184048,685.9672259489859,688.1139526367188,450110
2024-11-04 00:00:00+05:30,693.222456410658,693.222456410658,671.148641372924,680.1729736328125,7162390
2024-11-05 00:00:00+05:30,680.3022197005025,697.1929909233248,667.0837957157746,688.7848510742188,12234300
2024-11-06 00:00:00+05:30,689.2469728959719,698.1023038526447,685.0031401113711,696.3233032226562,6962620
2024-11-07 00:00:00+05:30,696.3233118281388,699.578251541837,682.7868438809219,686.2156982421875,4590470
2024-11-08 00:00:00+05:30,686.2157035701208,690.8918662981018,679.9046096884491,685.3659057617188,4248400
2024-11-11 00:00:00+05:30,681.7930378072579,686.1859147392864,671.0742045669085,673.7228393554688,7623160
2024-11-12 00:00:00+05:30,677.7181618894114,679.4921883965568,657.4432439345728,659.7490234375,10572330
2024-11-13 00:00:00+05:30,659.4309507931689,666.1146840933884,648.6574026154368,652.5732421875,8673470
2024-11-14 00:00:00+05:30,653.1993647207028,659.8732101118493,648.9953255912069,650.8985595703125,5277030
2024-11-18 00:00:00+05:30,659.2322018151576,661.6175077220023,651.480048609186,652.76708984375,5965350
2024-11-19 00:00:00+05:30,655.390902622179,660.4049463345118,652.0763332271422,655.4853515625,8040460
2024-11-21 00:00:00+05:30,657.3438352373082,657.3438352373082,641.1437502422596,642.5997924804688,11010800
2024-11-22 00:00:00+05:30,643.0321489831416,668.1173501589124,641.6456846754861,664.2959594726562,9698550
2024-11-25 00:00:00+05:30,674.8259895279239,682.0911575081203,662.641165980151,664.4400634765625,11327510
2024-11-26 00:00:00+05:30,668.0776074763448,669.8466597168655,656.7922030982386,657.7363891601562,6632780
2024-11-27 00:00:00+05:30,660.9217917675545,669.2007238284175,657.1699182341583,666.407958984375,6420100
2024-11-28 00:00:00+05:30,667.2825453255184,668.5000085325825,645.5168266744654,646.947998046875,15768820
2024-11-29 00:00:00+05:30,647.9021433840127,656.8469494464103,647.0423971795695,653.5572509765625,7096430
2024-12-02 00:00:00+05:30,655.4555149510046,662.4125863758068,645.1192702841018,660.9863891601562,9202490
2024-12-03 00:00:00+05:30,665.5084845957932,668.1173864237712,659.0135880691056,663.451171875,13136660
2024-12-04 00:00:00+05:30,666.0650224975843,672.2916158482277,662.5964352385603,669.8665771484375,11304410
2024-12-05 00:00:00+05:30,671.8543281869296,684.7646553497561,664.4450301121973,680.8388671875,13482430
2024-12-06 00:00:00+05:30,683.3781910090415,689.2470068245896,673.707881110631,680.8289794921875,8332070
2024-12-09 00:00:00+05:30,680.8090438283174,688.2531001443601,678.6026268950453,682.6228637695312,8409100
2024-12-10 00:00:00+05:30,684.2577791941579,691.6173960970307,680.2078182391663,689.3662719726562,12045630
2024-12-11 00:00:00+05:30,691.7217649211524,712.1059950863745,685.0827379406123,707.1466064453125,19931040
2024-12-12 00:00:00+05:30,707.8174249530981,710.456171917063,703.1611587874203,708.2100219726562,9667960
2024-12-13 00:00:00+05:30,705.546447885423,717.298880634839,693.7790319064774,713.8750610351562,12504360
2024-12-16 00:00:00+05:30,713.8750745502272,720.3550484707322,711.2214050303072,716.4193725585938,7960740
2024-12-17 00:00:00+05:30,715.5844571636095,721.2892457691507,706.6396514490644,710.8934326171875,10318560
2024-12-18 00:00:00+05:30,710.5158045496859,713.4775098902775,701.7100935805659,703.1065063476562,7275140
2024-12-19 00:00:00+05:30,690.7377927037467,698.1371422372633,684.5608805717452,687.612060546875,9076750
2024-12-20 00:00:00+05:30,687.095330523432,698.0924755661163,676.296910429089,680.625244140625,27000190
2024-12-23 00:00:00+05:30,685.4703094309058,693.411299689527,681.3904427930831,682.4588623046875,5829280
2024-12-24 00:00:00+05:30,683.9795212743992,686.7623377176409,675.2335007409897,676.644775390625,6014270
2024-12-26 00:00:00+05:30,678.8511232785883,681.5942068314215,675.83476260489,677.3951416015625,3290960
2024-12-27 00:00:00+05:30,680.4860783453122,693.3914315964618,678.8511471088848,686.5387573242188,5554180
2024-12-30 00:00:00+05:30,685.7684289042008,695.210168142737,682.2898933952665,684.6006469726562,4908760
2024-12-31 00:00:00+05:30,682.7818759768597,683.4825694238581,675.0346971874478,678.1156616210938,6153980
2025-01-01 00:00:00+05:30,678.1156838285779,690.5340515699199,676.4260971937944,689.27685546875,4187210
2025-01-02 00:00:00+05:30,693.7193937288879,738.4434234105497,692.8248888709156,734.388427734375,31716510
2025-01-03 00:00:00+05:30,734.4430442828274,745.400455239181,731.4117612303569,736.1823120117188,15059280
2025-01-06 00:00:00+05:30,745.400531924833,755.3292573043357,727.1879001292994,730.4279174804688,19059760
2025-01-07 00:00:00+05:30,730.9844943110259,740.1231122808318,725.6673280159109,730.8851318359375,10425380
2025-01-08 00:00:00+05:30,731.6701775735115,734.3138378347966,721.2196486160832,731.0291137695312,8444660
2025-01-09 00:00:00+05:30,729.3445489309191,731.0291613513496,719.1623828865226,723.281982421875,6681410
2025-01-10 00:00:00+05:30,723.2820132551371,732.1870868381571,720.0618926423277,724.3355102539062,8089630
2025-01-13 00:00:00+05:30,719.5599514378315,721.0607008212897,709.0249819380257,710.7095336914062,6642740
2025-01-14 00:00:00+05:30,718.5661016983001,734.2691938632714,714.7049172967165,729.001708984375,9980110
2025-01-15 00:00:00+05:30,729.5483537950854,730.4925399584946,706.1626853860436,713.33837890625,6817500
2025-01-16 00:00:00+05:30,715.5844939800952,724.429937683911,714.9931720224164,721.5228271484375,8608490
2025-01-17 00:00:00+05:30,717.6715787903673,724.0273798131597,711.2412862460816,713.8054809570312,6652740
2025-01-20 00:00:00+05:30,713.8054998204258,742.4189193313131,713.8054998204258,739.447265625,10679710
2025-01-21 00:00:00+05:30,740.4312104015196,743.909746289312,723.2969461913872,724.6932983398438,10032060
2025-01-22 00:00:00+05:30,729.3992479941143,737.474419942342,721.5824305931181,735.1785888671875,7273680
2025-01-23 00:00:00+05:30,729.597985062582,747.7858057894387,728.0078215937472,739.7603149414062,10302950
2025-01-24 00:00:00+05:30,739.7603317495092,745.8974505394998,729.329698703094,739.2981567382812,6796870
2025-01-27 00:00:00+05:30,733.4840364742133,742.8661464773663,721.54768015869,725.0709228515625,6928100
2025-01-28 00:00:00+05:30,734.4679769227307,765.9536875174641,729.9955738156234,755.9951171875,24789330
2025-01-29 00:00:00+05:30,761.029046289582,773.924511450252,752.2532413343686,771.206298828125,15149200
2025-01-30 00:00:00+05:30,780.1858499375447,820.0051467305362,780.1858499375447,785.3191528320312,56488830
2025-01-31 00:00:00+05:30,787.6398985815254,793.1707729771786,774.3220514263428,783.6743774414062,18335460
2025-02-01 00:00:00+05:30,783.1674643353156,806.0214389778673,773.666094986311,795.1038208007812,16153780
2025-02-03 00:00:00+05:30,787.3615741954295,838.7544774391274,787.2472891542758,837.4127807617188,43369260
2025-02-04 00:00:00+05:30,837.33318519866,843.7933225325369,825.2079922244451,842.3372802734375,19663000
2025-02-05 00:00:00+05:30,844.7872285257307,853.6028268693608,839.3706394577197,845.7264404296875,18674930
2025-02-06 00:00:00+05:30,848.191174922836,860.9673801111533,841.010508058519,845.5126953125,17094730
2025-02-07 00:00:00+05:30,853.2351203824257,853.2351203824257,833.2484625229857,842.22802734375,9665400
2025-02-10 00:00:00+05:30,842.6802260548585,843.5945670019648,816.9589350238671,823.5979614257812,12438380
2025-02-11 00:00:00+05:30,824.8105377995666,830.3861190729097,808.9434188704632,814.0966186523438,9630590
2025-02-12 00:00:00+05:30,809.9671067816488,823.3197117935968,797.578523952474,816.3676147460938,14837310
2025-02-13 00:00:00+05:30,814.6780171593816,844.5884246202698,814.6780171593816,835.7430419921875,18003130
2025-02-14 00:00:00+05:30,835.6982863489014,840.3744490767868,823.1209269518953,834.083251953125,8633150
2025-02-17 00:00:00+05:30,816.9837868378191,843.5945472454296,816.9837868378191,837.4921875,8627990
2025-02-18 00:00:00+05:30,837.8301220767972,842.7994585066715,830.9426290642929,841.3981323242188,8689770
2025-02-19 00:00:00+05:30,840.7272987914766,847.6695085089755,834.8485951055148,838.7694091796875,8961980
2025-02-20 00:00:00+05:30,830.46063736798,840.3744395125794,829.446873301159,834.7938842773438,7900700
2025-02-21 00:00:00+05:30,830.8730927103885,836.8661418623368,823.7172357606174,834.5205688476562,6086470
2025-02-24 00:00:00+05:30,827.6927359711995,834.7492307148926,826.0081234949291,830.3712158203125,3552600
2025-02-25 00:00:00+05:30,830.3711488473276,847.4358332776582,828.6915106962595,843.674072265625,10985410
2025-02-27 00:00:00+05:30,849.0211644154252,868.5407344705976,849.0211644154252,865.2012939453125,18382830
2025-02-28 00:00:00+05:30,861.186070321473,861.6830040031357,845.7861003796137,847.7987060546875,17545800
2025-03-03 00:00:00+05:30,848.365105661526,859.7747435504854,838.635166602085,857.4937744140625,8749960
2025-03-04 00:00:00+05:30,846.9935637177676,856.6440370663474,846.1438265853014,853.3294677734375,7655060
2025-03-05 00:00:00+05:30,840.3148523637177,844.7872554809699,817.0583318896664,824.7807006835938,16300920
2025-03-06 00:00:00+05:30,831.3700372857354,840.7918803410525,822.4798865712621,835.9269409179688,8814220
2025-03-07 00:00:00+05:30,835.8324428661109,841.8055949872813,831.514118606434,835.2957763671875,4729460
2025-03-10 00:00:00+05:30,838.600399647079,858.4926074197267,827.4988583053935,829.1437377929688,10164530
2025-03-11 00:00:00+05:30,825.4068110389812,832.3638822939756,816.0893048938993,828.9300537109375,8135670
2025-03-12 00:00:00+05:30,828.9946504740712,847.2222036981539,822.1817094501092,843.2417602539062,20882230
2025-03-13 00:00:00+05:30,844.7872128755555,850.7504167311477,834.1528205342469,836.8809814453125,12173510
2025-03-17 00:00:00+05:30,834.7690517894611,857.7025531372367,833.4571396016174,852.77294921875,11020850
2025-03-18 00:00:00+05:30,852.77294921875,852.77294921875,852.77294921875,852.77294921875,0
2025-03-19 00:00:00+05:30,864.6645816925422,882.4548312583717,862.9352622348928,867.80517578125,12898200
2025-03-20 00:00:00+05:30,867.1492515262393,871.4278431326916,848.8769908298905,862.64208984375,7924330
2025-03-21 00:00:00+05:30,898.4510853028386,903.3260336366491,877.684208188832,886.1420288085938,27448010
2025-03-24 00:00:00+05:30,904.0167066294846,905.9100529720466,887.2253596781331,903.4303588867188,14332170
2025-03-25 00:00:00+05:30,906.9039145835608,920.3260973722652,892.1996648110484,901.164306640625,17482600
2025-03-26 00:00:00+05:30,904.6230299913868,907.0927757475704,879.5676127668488,881.167724609375,8862110
2025-03-27 00:00:00+05:30,880.6657918389074,899.9865746118563,876.8145560445273,894.8632202148438,20920440
2025-03-28 00:00:00+05:30,894.2420355740359,897.3528450203148,880.6657745285638,889.0739135742188,9770990
2025-04-01 00:00:00+05:30,872.9435387462231,887.0266223080821,861.7823669999043,864.4857177734375,11834240
2025-04-02 00:00:00+05:30,867.6462158906634,870.6128954379398,855.9185930314133,861.6084594726562,6464950
2025-04-03 00:00:00+05:30,859.6952119722814,871.1246858886759,840.8316300852158,854.189208984375,13966330
2025-04-04 00:00:00+05:30,860.2915347763417,874.3051004964104,853.1158417860235,866.5380249023438,18496580
2025-04-07 00:00:00+05:30,828.88536880857,854.7756011098094,825.6205412588924,851.5455322265625,13981240
2025-04-08 00:00:00+05:30,859.6952348126595,881.8584639941574,859.6952348126595,876.8145751953125,14775630
2025-04-09 00:00:00+05:30,876.0940686738069,878.777522649901,857.2105890313766,868.22265625,10487740
2025-04-11 00:00:00+05:30,877.0929006731593,891.8468322003135,875.6667034684273,886.6389770507812,10097220
2025-04-15 00:00:00+05:30,919.8739341683755,923.3027887344896,901.9843214695372,908.494140625,12633610
2025-04-16 00:00:00+05:30,909.338962713677,911.5254830608089,890.9027351242372,900.0960083007812,7198220
2025-04-17 00:00:00+05:30,898.4560458944406,913.3640555055209,889.7100257214428,910.6309204101562,11415130
2025-04-21 00:00:00+05:30,911.3763392226595,925.7874154699099,908.5438416039183,921.662841796875,7824150
2025-04-22 00:00:00+05:30,923.7997041075168,933.5395920294122,917.3395663165552,920.370849609375,11293580
2025-04-23 00:00:00+05:30,922.5076268883136,929.1168079429251,909.3885665824954,926.5824584960938,10818710
2025-04-24 00:00:00+05:30,956.1003887587165,960.0758581506445,921.61317965157,924.39599609375,18496710
2025-04-25 00:00:00+05:30,925.340181044901,928.7193542881375,893.486744714233,905.6119384765625,10893540
2025-04-28 00:00:00+05:30,902.4315563508615,906.9039594385034,894.5302987638576,903.7235717773438,9946560
2025-04-29 00:00:00+05:30,907.4008931149081,908.9910566150634,890.5051481171497,903.7235717773438,11768180
2025-04-30 00:00:00+05:30,878.5787472966435,883.3492984982109,850.3528899743571,858.15478515625,39690570
2025-05-02 00:00:00+05:30,852.2908939871758,886.0327010732856,851.3467079166783,881.4111938476562,18933030
2025-05-05 00:00:00+05:30,882.3057617507878,897.7603872927656,881.1627900057229,887.7223510742188,8930610
2025-05-06 00:00:00+05:30,885.6351674724266,891.8965802788989,869.6339274712942,874.3547973632812,12040870
2025-05-07 00:00:00+05:30,869.633928985005,894.232145833438,866.9504750148244,893.138916015625,11635570
2025-05-08 00:00:00+05:30,892.1947079369587,901.8849143356405,872.1185758813663,877.8333129882812,12018090
2025-05-09 00:00:00+05:30,860.8648380276228,873.9021887339279,856.3863504309473,859.9691162109375,12151340
2025-05-12 00:00:00+05:30,880.6697141980056,898.683161916931,878.3309120482104,897.5386352539062,10638220
2025-05-13 00:00:00+05:30,896.0956196341344,911.9693213122264,894.8017857507431,899.87744140625,13363000
2025-05-14 00:00:00+05:30,900.1760232176907,906.6946986887787,896.8918110693861,903.7587890625,7594000
2025-05-15 00:00:00+05:30,905.5999805101645,917.0947533876722,898.484136910891,914.4573974609375,10385000
2025-05-16 00:00:00+05:30,914.4573733738861,924.1607630754637,908.9836663627398,912.3176879882812,6251920
2025-05-19 00:00:00+05:30,912.3176982188571,924.5091366985775,912.3176982188571,921.1253662109375,7162740
2025-05-20 00:00:00+05:30,925.3550226969597,926.5492981730328,902.5645339784703,903.5597534179688,8106160
2025-05-21 00:00:00+05:30,905.6496987494479,923.5636488346017,898.5338553904952,915.3530883789062,7321500
2025-05-22 00:00:00+05:30,915.3530762980172,915.5023835107727,902.7137773116312,909.5310668945312,6159740
2025-05-23 00:00:00+05:30,909.5310964586229,924.2105836173697,906.7444333524313,919.9310913085938,4251690
2025-05-26 00:00:00+05:30,921.0755964137837,929.1866591884672,920.5779866912479,922.5186767578125,5476790
2025-05-27 00:00:00+05:30,922.5684564101424,924.5588953667985,909.9291568867003,912.7157592773438,7150000
2025-05-28 00:00:00+05:30,920.0803973123589,925.0067458230633,909.7300905574115,922.3196411132812,6507400
2025-05-29 00:00:00+05:30,920.5779851422767,923.5138946489728,911.6210101517032,916.0,7081750
2025-05-30 00:00:00+05:30,917.0,920.3499755859375,912.0999755859375,918.0499877929688,15041740
2025-06-02 00:00:00+05:30,913.0,916.5,904.0,911.8499755859375,6619630
2025-06-03 00:00:00+05:30,910.5999755859375,912.7999877929688,897.0,897.9000244140625,9080270
2025-06-04 00:00:00+05:30,897.5,903.9500122070312,896.4500122070312,898.7000122070312,5544930
2025-06-05 00:00:00+05:30,898.7000122070312,898.7000122070312,886.9500122070312,893.4000244140625,7853320
2025-06-06 00:00:00+05:30,894.5,943.4000244140625,887.5999755859375,937.1500244140625,19783860
2025-06-09 00:00:00+05:30,955.0,978.7999877929688,940.2999877929688,960.75,23496010
2025-06-10 00:00:00+05:30,970.0,970.0,948.5499877929688,949.75,9044040
2025-06-11 00:00:00+05:30,949.0,957.0,940.4000244140625,942.5,11860810
2025-06-12 00:00:00+05:30,944.9000244140625,953.2999877929688,935.5,936.8499755859375,12388330
2025-06-13 00:00:00+05:30,915.0,936.5499877929688,914.7000122070312,933.0999755859375,10182020
2025-06-16 00:00:00+05:30,956.0,956.0,925.0,938.0,7016290
2025-06-17 00:00:00+05:30,941.5,943.5,917.5,923.0,6110175
2025-06-18 00:00:00+05:30,927.0,932.5,915.0,919.0,5002923
2025-06-19 00:00:00+05:30,919.0,922.5,894.0,900.5,6585940
2025-06-20 00:00:00+05:30,897.0,907.5,886.0,905.0,14320241
2025-06-23 00:00:00+05:30,899.0,918.0,890.5,915.5,5870597
2025-06-24 00:00:00+05:30,920.0,936.0,914.5,916.5,11555634
2025-06-25 00:00:00+05:30,918.0,930.0,916.0,928.0,6623799
2025-06-26 00:00:00+05:30,930.0,953.5,928.5,951.5,11677790
2025-06-27 00:00:00+05:30,950.0,959.5,936.0,947.0,21637194
2025-06-30 00:00:00+05:30,956.0,956.0,934.0,936.5,6086081
2025-07-01 00:00:00+05:30,932.5,941.7999877929688,928.0,936.6500244140625,5381327
2025-07-02 00:00:00+05:30,933.0,939.8499755859375,914.0,923.0,9394493
2025-07-03 00:00:00+05:30,922.0,924.5,905.2000122070312,910.1500244140625,7606558
2025-07-04 00:00:00+05:30,922.0,940.7000122070312,919.0,925.2999877929688,10613046
2025-07-07 00:00:00+05:30,925.0,929.2999877929688,918.0999755859375,924.6500244140625,3383973
2025-07-08 00:00:00+05:30,918.7999877929688,929.5,918.7999877929688,927.6500244140625,3851432
2025-07-09 00:00:00+05:30,926.5,946.0,924.0,940.5999755859375,5341529
2025-07-10 00:00:00+05:30,943.0,951.7000122070312,942.25,947.6500244140625,5409906
2025-07-11 00:00:00+05:30,938.7000122070312,947.1500244140625,931.5499877929688,933.5,4278038
2025-07-14 00:00:00+05:30,932.0,932.0,911.2999877929688,918.8499755859375,6657978
2025-07-15 00:00:00+05:30,919.0,930.5999755859375,918.0,928.4000244140625,3892075
2025-07-16 00:00:00+05:30,924.0,927.0,919.4000244140625,921.75,3952491
2025-07-17 00:00:00+05:30,925.9500122070312,926.25,916.0,923.2999877929688,4583882
2025-07-18 00:00:00+05:30,920.5,944.9000244140625,920.0,942.0,7893820
2025-07-21 00:00:00+05:30,938.9000244140625,951.0,937.3499755859375,948.4500122070312,4660232
2025-07-22 00:00:00+05:30,955.0,962.0,940.0,952.5499877929688,6237382
2025-07-23 00:00:00+05:30,954.0,970.9500122070312,953.6500244140625,968.2999877929688,9694991
2025-07-24 00:00:00+05:30,970.0,970.0,954.0,958.9500122070312,5189112
2025-07-25 00:00:00+05:30,906.4000244140625,924.9000244140625,898.0,913.75,24415481
2025-07-28 00:00:00+05:30,909.25,913.75,879.0,880.5,14011284
2025-07-29 00:00:00+05:30,875.0499877929688,894.0,873.5,886.5499877929688,11323854
2025-07-30 00:00:00+05:30,890.9500122070312,892.5999755859375,875.0,884.8499755859375,5054496
2025-07-31 00:00:00+05:30,872.0,887.8499755859375,868.0,881.2000122070312,6999179
2025-08-01 00:00:00+05:30,884.7999877929688,895.8499755859375,873.0,875.5999755859375,5300299
2025-08-04 00:00:00+05:30,874.0,886.75,873.7000122070312,885.2999877929688,3969985
2025-08-05 00:00:00+05:30,889.0,893.5999755859375,882.4000244140625,891.9000244140625,4446791
2025-08-06 00:00:00+05:30,888.0,895.5,874.5999755859375,876.6500244140625,4212648
2025-08-07 00:00:00+05:30,871.0,882.0,867.25,879.0999755859375,5998002
2025-08-08 00:00:00+05:30,877.0,888.2999877929688,876.0,877.1500244140625,3736916
2025-08-11 00:00:00+05:30,877.1500244140625,888.2999877929688,872.75,877.7999877929688,5367926
2025-08-12 00:00:00+05:30,877.2000122070312,884.9000244140625,851.5,853.0,8257312
2025-08-13 00:00:00+05:30,854.5499877929688,864.0,849.0,860.0,10117225
2025-08-14 00:00:00+05:30,860.0,866.9000244140625,855.4500122070312,861.4500122070312,5379250
2025-08-18 00:00:00+05:30,875.0,919.6500244140625,875.0,905.2000122070312,16277779
2025-08-19 00:00:00+05:30,905.9500122070312,909.9000244140625,890.5,902.2999877929688,5764382
2025-08-20 00:00:00+05:30,900.5499877929688,902.0,886.0499877929688,887.7999877929688,5561646
2025-08-21 00:00:00+05:30,888.0,901.2999877929688,884.0,895.5999755859375,6697533
2025-08-22 00:00:00+05:30,895.0,903.9000244140625,892.0,894.5,6424895
2025-08-25 00:00:00+05:30,902.0999755859375,908.0,898.1500244140625,900.7999877929688,5837876
2025-08-26 00:00:00+05:30,899.9500122070312,901.9000244140625,873.5,876.25,6712926
2025-08-28 00:00:00+05:30,870.2000122070312,884.5,869.7000122070312,876.8499755859375,8349342
2025-08-29 00:00:00+05:30,870.8499755859375,888.0,870.8499755859375,877.8499755859375,5672446
2025-09-01 00:00:00+05:30,877.8499755859375,894.7999877929688,877.8499755859375,889.3499755859375,4101526
2025-09-02 00:00:00+05:30,895.0,899.5499877929688,886.1500244140625,890.0999755859375,6103185
2025-09-03 00:00:00+05:30,892.7000122070312,898.8499755859375,880.0499877929688,896.2999877929688,5493809
2025-09-04 00:00:00+05:30,915.0,948.0,912.25,934.75,21738706
2025-09-05 00:00:00+05:30,942.0,942.3499755859375,932.0,937.5999755859375,5467260
2025-09-08 00:00:00+05:30,937.5999755859375,949.6500244140625,935.6500244140625,944.2999877929688,5657331
2025-09-09 00:00:00+05:30,944.0,949.4000244140625,940.0,948.4000244140625,5417393
2025-09-10 00:00:00+05:30,951.0499877929688,969.6500244140625,947.7000122070312,967.9500122070312,6836239
2025-09-11 00:00:00+05:30,968.0,975.9000244140625,965.5999755859375,970.25,5982627
2025-09-12 00:00:00+05:30,972.25,1004.5999755859375,970.8499755859375,1003.25,11412561
2025-09-15 00:00:00+05:30,999.0,1025.699951171875,998.0999755859375,1009.8499755859375,9989753
2025-09-16 00:00:00+05:30,1005.8499755859375,1015.2999877929688,1000.0,1003.25,7602155
2025-09-17 00:00:00+05:30,1010.0,1011.7999877929688,1000.3499755859375,1007.5,6995023
2025-09-18 00:00:00+05:30,1007.0,1009.7999877929688,990.0,996.5,9738376
2025-09-19 00:00:00+05:30,991.0,996.0,988.5999755859375,992.4500122070312,6736440
2025-09-22 00:00:00+05:30,989.9500122070312,1010.9000244140625,989.0,1006.5,4250045
2025-09-23 00:00:00+05:30,999.0,1028.800048828125,999.0,1025.5,10230040
2025-09-24 00:00:00+05:30,1021.5,1036.0,1020.4000244140625,1029.75,6433184
2025-09-25 00:00:00+05:30,1020.0,1031.0999755859375,1008.0,1012.75,16731453
2025-09-26 00:00:00+05:30,1008.0499877929688,1010.5,981.0499877929688,985.0999755859375,9109737
2025-09-29 00:00:00+05:30,990.0,997.7999877929688,981.0999755859375,990.9500122070312,5804877
2025-09-30 00:00:00+05:30,990.0,1002.2999877929688,989.4500122070312,998.9000244140625,7182200
2025-10-01 00:00:00+05:30,991.5,1000.0,977.75,987.7000122070312,6932272
2025-10-03 00:00:00+05:30,975.0,992.2000122070312,972.0,989.75,7692197
2025-10-06 00:00:00+05:30,993.0,1023.0,992.0999755859375,1008.9000244140625,9299635
2025-10-07 00:00:00+05:30,1008.9000244140625,1029.5,1008.9000244140625,1016.5499877929688,7991437
2025-10-08 00:00:00+05:30,1012.0499877929688,1028.0,1012.0499877929688,1023.1500244140625,4448915
2025-10-09 00:00:00+05:30,1023.0,1029.0,1014.9500122070312,1024.0999755859375,4444154
2025-10-10 00:00:00+05:30,1018.0999755859375,1027.5,1017.0,1023.8499755859375,3714548
2025-10-13 00:00:00+05:30,1023.8499755859375,1040.0,1021.5,1036.75,7684523
2025-10-14 00:00:00+05:30,1040.0,1042.0999755859375,1011.3499755859375,1019.1500244140625,7668358
2025-10-15 00:00:00+05:30,1026.0,1063.0,1018.4000244140625,1059.9000244140625,10205158
2025-10-16 00:00:00+05:30,1062.0,1081.0999755859375,1058.8499755859375,1065.75,9901992
2025-10-17 00:00:00+05:30,1056.0999755859375,1076.449951171875,1056.0999755859375,1070.0999755859375,5761670
2025-10-20 00:00:00+05:30,1081.5,1086.5,1072.199951171875,1081.0,5700858
2025-10-21 00:00:00+05:30,1084.9000244140625,1089.0,1081.0,1086.5,911624
2025-10-23 00:00:00+05:30,1090.0,1102.5,1083.9000244140625,1094.1500244140625,11143407
2025-10-24 00:00:00+05:30,1093.5,1098.5999755859375,1087.4000244140625,1089.75,6440277
2025-10-27 00:00:00+05:30,1090.949951171875,1094.0,1075.75,1084.4000244140625,7366175
2025-10-28 00:00:00+05:30,1078.0,1092.4000244140625,1063.050048828125,1072.75,12324341
2025-10-29 00:00:00+05:30,1072.0,1079.1500244140625,1061.25,1062.949951171875,5386803
2025-10-30 00:00:00+05:30,1063.0,1066.800048828125,1045.0,1052.300048828125,4271927
2025-10-31 00:00:00+05:30,1052.0,1069.449951171875,1041.4000244140625,1042.800048828125,5315632
2025-11-03 00:00:00+05:30,1037.0,1048.0,1031.0,1043.0999755859375,4135617
2025-11-04 00:00:00+05:30,1040.0,1060.4000244140625,1035.0,1057.0,6202540
2025-11-05 00:00:00+05:30,1057.0,1057.0,1057.0,1057.0,0
2025-11-06 00:00:00+05:30,1037.0,1052.800048828125,1035.0,1041.9000244140625,5776277
2025-11-07 00:00:00+05:30,1039.0,1076.9000244140625,1034.199951171875,1066.5999755859375,6940923
2025-11-10 00:00:00+05:30,1066.5999755859375,1088.0,1062.9000244140625,1085.0,5692236
2025-11-11 00:00:00+05:30,1043.699951171875,1043.699951171875,997.0,1005.2000122070312,23762890
2025-11-12 00:00:00+05:30,1011.0,1018.4000244140625,1008.7999877929688,1013.2000122070312,11131278
2025-11-13 00:00:00+05:30,1012.5,1019.4000244140625,1003.5,1005.4000244140625,8503994
2025-11-14 00:00:00+05:30,1004.9000244140625,1019.9000244140625,1002.5999755859375,1018.5,4381122
2025-11-17 00:00:00+05:30,1021.0,1033.0,1017.0,1026.800048828125,6011603
2025-11-18 00:00:00+05:30,1021.2000122070312,1024.0999755859375,1011.7000122070312,1013.5999755859375,4562185
2025-11-19 00:00:00+05:30,1009.0,1016.0999755859375,1004.5999755859375,1005.5999755859375,5158832
2025-11-20 00:00:00+05:30,1015.0,1031.699951171875,1007.2999877929688,1028.5999755859375,5459073
2025-11-21 00:00:00+05:30,1020.0,1027.5999755859375,1001.5,1004.0999755859375,6304584
2025-11-24 00:00:00+05:30,1005.0,1009.2999877929688,990.0,994.0,9574900
2025-11-25 00:00:00+05:30,995.0,996.9000244140625,984.5,986.2000122070312,6376983
2025-11-26 00:00:00+05:30,986.2000122070312,1012.7999877929688,981.2999877929688,1010.7000122070312,9772235
2025-11-27 00:00:00+05:30,1015.5999755859375,1044.9000244140625,1010.9000244140625,1033.800048828125,12076038
2025-11-28 00:00:00+05:30,1038.0,1043.5,1031.0,1037.5,4983147
2025-12-01 00:00:00+05:30,1041.9000244140625,1042.0,1018.7999877929688,1021.0999755859375,6459837
2025-12-02 00:00:00+05:30,1014.5,1036.0,1013.9000244140625,1025.5,6706145
2025-12-03 00:00:00+05:30,1021.0,1026.300048828125,1014.2000122070312,1021.4000244140625,5895670
2025-12-04 00:00:00+05:30,1018.0,1032.300048828125,1016.0,1029.0999755859375,5404918
2025-12-05 00:00:00+05:30,1028.9000244140625,1061.0,1026.5,1048.0,13123572
2025-12-08 00:00:00+05:30,1048.0,1049.800048828125,1023.0,1026.4000244140625,5189635
2025-12-09 00:00:00+05:30,1025.0,1026.0,1013.7000122070312,1016.7000122070312,5968501
2025-12-10 00:00:00+05:30,1016.0,1021.7000122070312,1007.2999877929688,1010.2999877929688,4990527
2025-12-11 00:00:00+05:30,1011.9000244140625,1020.5,1000.0999755859375,1006.4000244140625,4670539
2025-12-12 00:00:00+05:30,1000.0,1020.7999877929688,1000.0,1017.2999877929688,4381711
2025-12-15 00:00:00+05:30,1015.0,1016.5,1008.0,1012.7000122070312,3958977
2025-12-16 00:00:00+05:30,1007.5,1010.5999755859375,996.5,998.4000244140625,3861617
2025-12-17 00:00:00+05:30,1000.0,1011.2000122070312,995.2999877929688,999.5999755859375,4695550
2025-12-18 00:00:00+05:30,1002.0999755859375,1009.7000122070312,995.0,1000.2999877929688,3103997
2025-12-19 00:00:00+05:30,1003.2000122070312,1014.0,1002.5,1008.2999877929688,5126009
2025-12-22 00:00:00+05:30,1008.2999877929688,1015.4000244140625,1005.0,1007.7999877929688,3921237
2025-12-23 00:00:00+05:30,1013.5,1018.0,1005.7000122070312,1011.4000244140625,4712043
2025-12-24 00:00:00+05:30,1011.0,1037.4000244140625,1006.0,1011.7000122070312,5984816
2025-12-25 00:00:00+05:30,1011.7000122070312,1011.7000122070312,1011.7000122070312,1011.7000122070312,0
2025-12-26 00:00:00+05:30,1011.7000122070312,1011.7000122070312,998.0,1000.0,5211460
2025-12-29 00:00:00+05:30,1003.0,1003.9000244140625,989.5999755859375,998.0,6715489
2025-12-30 00:00:00+05:30,994.0999755859375,997.5999755859375,987.0999755859375,989.2999877929688,7473887
2025-12-31 00:00:00+05:30,990.0,994.2000122070312,978.4000244140625,986.7999877929688,9895270
2026-01-01 00:00:00+05:30,988.2000122070312,989.0,969.0,973.0999755859375,7118751
2026-01-02 00:00:00+05:30,972.9000244140625,994.2000122070312,960.5999755859375,990.4500122070312,6206869
