Date,Open,High,Low,Close,Volume
2021-01-04 00:00:00+05:30,495.9829966149415,499.34073267015054,490.8025236459427,496.0789489746094,13489114
2021-01-05 00:00:00+05:30,493.10491943359375,495.8870305666335,490.32280830055396,493.10491943359375,10689423
2021-01-06 00:00:00+05:30,494.06425425604414,510.1333348480027,492.24148771144587,503.945556640625,30837593
2021-01-07 00:00:00+05:30,510.37324863779025,531.9106010552654,505.67238839838797,523.0845947265625,39444841
2021-01-08 00:00:00+05:30,526.9699041753314,527.4016151964311,515.4577097015273,518.287841796875,14538362
2021-01-11 00:00:00+05:30,519.4870098846723,531.8146655458463,519.4870098846723,524.9073486328125,19892197
2021-01-12 00:00:00+05:30,526.6821683863027,545.8691205651879,522.844730227873,542.751220703125,25857074
2021-01-13 00:00:00+05:30,564.0967432104779,577.2398007341314,543.9504458662902,554.7431030273438,85239439
2021-01-14 00:00:00+05:30,559.0121579383903,561.0267696515594,546.8764070884642,556.9495849609375,16974338
2021-01-15 00:00:00+05:30,584.7706123767297,585.8259391050469,569.6609058780044,578.151123046875,57451072
2021-01-18 00:00:00+05:30,578.1511001076736,578.4868885830567,560.2592831914147,563.08935546875,21359539
2021-01-19 00:00:00+05:30,567.0706745049511,573.1625306701333,562.6577012327377,568.221923828125,11034273
2021-01-20 00:00:00+05:30,568.2219107167824,578.0072612980542,565.0560497177476,571.9154052734375,13333007
2021-01-21 00:00:00+05:30,575.8486629004337,579.4941959192588,551.0495296349707,557.7169799804688,17380638
2021-01-22 00:00:00+05:30,560.163336657322,561.7462969610498,549.4666029045735,553.3999633789062,12662954
2021-01-25 00:00:00+05:30,555.4625356286857,563.9528126436778,546.3967234542322,557.1414184570312,12503932
2021-01-27 00:00:00+05:30,556.4219542989828,558.1008373509028,539.4894785840388,547.595947265625,15567653
2021-01-28 00:00:00+05:30,543.470705624369,552.4405948951204,539.8731338024901,547.6918334960938,15201598
2021-01-29 00:00:00+05:30,554.9828433494745,554.9828433494745,528.2170591599357,531.0950927734375,25521965
2021-02-01 00:00:00+05:30,536.2755519427019,557.4771730803315,526.8739518431702,555.6064453125,14212955
2021-02-02 00:00:00+05:30,561.1226359050754,581.0291236788659,555.7023573981699,574.9852294921875,21711996
2021-02-03 00:00:00+05:30,584.6267546547767,597.1942165506853,575.0812103320161,584.09912109375,30641248
2021-02-04 00:00:00+05:30,589.903161083638,597.6739001597336,571.4357474849079,576.1845092773438,51976676
2021-02-05 00:00:00+05:30,579.2543291047465,581.269000306183,552.8243340640802,557.4771728515625,35465208
2021-02-08 00:00:00+05:30,565.0560320368514,579.1104715566557,560.9308265797117,573.0186157226562,21646080
2021-02-09 00:00:00+05:30,574.5536622636821,583.0439407277295,570.8122058621205,574.6016235351562,20927436
2021-02-10 00:00:00+05:30,580.3576358714838,583.0438244582953,556.6617301692098,566.2072143554688,31642664
2021-02-11 00:00:00+05:30,567.9340831118093,579.0145667746046,565.0560493521176,573.7861328125,19253595
2021-02-12 00:00:00+05:30,573.5461676108522,573.5461676108522,560.8348242113938,562.417724609375,15905053
2021-02-15 00:00:00+05:30,568.0300033863429,578.4869309223815,566.0153916932136,569.5650024414062,17972742
2021-02-16 00:00:00+05:30,570.8121154183088,577.143837396162,568.8934262500657,569.8048095703125,15064854
2021-02-17 00:00:00+05:30,572.6828798094347,574.4576852991299,566.0633898265922,569.7089233398438,16436661
2021-02-18 00:00:00+05:30,572.7308611031094,573.6902057818983,561.4105700320735,565.1040649414062,22193564
2021-02-19 00:00:00+05:30,566.0153517936766,571.7714188844684,552.104796670954,557.7169799804688,19465126
2021-02-22 00:00:00+05:30,558.3405757746699,561.1226270467596,544.9096933881585,547.1161499023438,20227667
2021-02-23 00:00:00+05:30,551.6252000839853,553.5438893774503,541.0723493166104,542.5593872070312,23764401
2021-02-24 00:00:00+05:30,545.0056692170823,550.7617366657897,542.2235580195445,549.6585083007812,8888950
2021-02-25 00:00:00+05:30,556.3259238714227,560.6909950985688,553.5917741102368,555.6064453125,16230241
2021-02-26 00:00:00+05:30,551.1455333440923,562.1300952791096,529.320352929848,533.6854248046875,198547005
2021-03-01 00:00:00+05:30,535.3162048167061,536.3714718464087,499.82033866147185,510.5650329589844,55091122
2021-03-02 00:00:00+05:30,518.5276417683671,521.8853477165972,507.35123592622574,519.19921875,30622757
2021-03-03 00:00:00+05:30,526.4422580116764,528.3609471024429,518.0479634129173,524.0918579101562,24669015
2021-03-04 00:00:00+05:30,518.0479953779627,523.8040630054282,516.1293061688075,517.6642456054688,17678275
2021-03-05 00:00:00+05:30,513.2512799886063,516.6089861545667,503.08217930618827,511.14068603515625,16658703
2021-03-08 00:00:00+05:30,509.4138651639473,513.6829543785215,503.4179318973437,504.3293151855469,15293359
2021-03-09 00:00:00+05:30,508.55046078000146,510.37322741964135,493.39273284334195,500.53985595703125,20181762
2021-03-10 00:00:00+05:30,499.05289685517863,508.93413988804605,495.35940239189716,504.47320556640625,19013738
2021-03-12 00:00:00+05:30,508.98217447662876,511.0927087104481,500.34801352499585,502.8902587890625,11624491
2021-03-15 00:00:00+05:30,506.3439151893727,506.3439151893727,495.40734580859987,501.59515380859375,10875944
2021-03-16 00:00:00+05:30,502.6983786402922,512.0520175538363,502.6983786402922,507.7829284667969,13252045
2021-03-17 00:00:00+05:30,507.3032722290637,509.4138660355232,497.90167175781505,501.64312744140625,8482758
2021-03-18 00:00:00+05:30,508.3105862725043,510.56506390227355,494.4000602161689,505.7683410644531,12465338
2021-03-19 00:00:00+05:30,506.53579672776505,513.0114025874835,504.1374352340386,508.4065246582031,49597558
2021-03-22 00:00:00+05:30,511.38054102819405,512.2919243618456,501.7390741279815,506.5357971191406,13581706
2021-03-23 00:00:00+05:30,508.16672691062774,510.80489477158795,500.9236213893662,507.7350158691406,15239339
2021-03-24 00:00:00+05:30,506.5357765924721,511.7642700596035,500.30003695666005,502.36260986328125,10801499
2021-03-25 00:00:00+05:30,502.12285477622754,502.36266111387545,479.242377325387,487.1090393066406,17572322
2021-03-26 00:00:00+05:30,491.2821738831966,503.56183836938976,489.8431569927813,501.2593994140625,11148490
2021-03-30 00:00:00+05:30,506.34394355680433,506.43986608435364,495.26345994534006,500.300048828125,10691124
2021-03-31 00:00:00+05:30,501.11549634338684,504.5211635543576,495.26344682483847,496.2707824707031,7712521
2021-04-01 00:00:00+05:30,498.81304871785005,502.60249566887194,493.6325759621795,499.6285095214844,7111516
2021-04-05 00:00:00+05:30,499.628452029166,507.49508278651706,493.68048041882486,506.7756042480469,9376649
2021-04-06 00:00:00+05:30,507.01542248213747,515.9853711945351,503.2260057045894,510.5650329589844,13115141
2021-04-07 00:00:00+05:30,515.1699129085804,524.66743552756,513.4910301824758,519.5828857421875,21391503
2021-04-08 00:00:00+05:30,524.5715587227451,526.2504415951628,518.5276638966814,520.926025390625,11367448
2021-04-09 00:00:00+05:30,517.5683333144588,527.4016455325636,514.6902994437913,523.0845947265625,11641539
2021-04-12 00:00:00+05:30,515.697607909544,516.9447797877235,497.42203905151973,501.2114562988281,9869735
2021-04-13 00:00:00+05:30,505.00085262200105,518.047986749601,501.83499161829826,514.3544921875,6657701
2021-04-15 00:00:00+05:30,518.0479945725741,523.948005638874,508.6943548658271,517.4244384765625,9989813
2021-04-16 00:00:00+05:30,518.0959400960993,522.0293005718968,516.1292896848569,518.7675170898438,6273393
2021-04-19 00:00:00+05:30,510.6130507570735,513.251278276758,501.9789492162585,505.048828125,7368743
2021-04-20 00:00:00+05:30,507.4951435083362,515.1699599745896,504.5211871739852,508.6463928222656,7369109
2021-04-22 00:00:00+05:30,508.4544367359622,511.7162199825552,504.665019977123,509.2698974609375,6675147
2021-04-23 00:00:00+05:30,507.4951334210851,510.80487819621015,497.99761012318817,501.3553161621094,7123670
2021-04-26 00:00:00+05:30,501.49927709416676,507.0154788095173,501.49927709416676,506.1040954589844,5929161
2021-04-27 00:00:00+05:30,506.0081832642224,516.6569564420116,504.8569935628316,512.5797119140625,9875033
2021-04-28 00:00:00+05:30,514.1626120736713,525.7227672660614,513.8268235945627,522.1731567382812,12195400
2021-04-29 00:00:00+05:30,527.3536201017414,527.6414473151135,517.1845206067076,518.8634033203125,8846896
2021-04-30 00:00:00+05:30,511.8122138262687,524.7633649348438,511.8122138262687,514.9300537109375,8331737
2021-05-03 00:00:00+05:30,508.45442718892434,539.6332423123936,507.5430439612548,536.1316528320312,14556346
2021-05-04 00:00:00+05:30,542.94309654838,542.94309654838,524.4756816188799,529.991943359375,14196229
2021-05-05 00:00:00+05:30,534.2608950938493,541.9836118122386,531.4787843081839,537.1868896484375,12095639
2021-05-06 00:00:00+05:30,537.1869562021776,541.4560454222014,530.1357558518041,536.0357666015625,9169742
2021-05-07 00:00:00+05:30,538.3862254795514,549.610593750513,534.2610195960384,545.3894653320312,12894499
2021-05-10 00:00:00+05:30,548.7471467017602,553.5438697654757,545.9650353941423,549.2747802734375,8365615
2021-05-11 00:00:00+05:30,542.5114067585849,551.481296784383,541.1203511046742,545.2935180664062,8033470
2021-05-12 00:00:00+05:30,544.9097518350457,546.0129802104702,535.5081510520664,538.913818359375,6815070
2021-05-14 00:00:00+05:30,541.0722807033699,546.2047918085316,533.5414082855125,537.61865234375,7697716
2021-05-17 00:00:00+05:30,541.0243771303816,541.0243771303816,523.6122303862849,527.3057250976562,13677009
2021-05-18 00:00:00+05:30,525.2430607740416,530.4235930339753,512.8195426321055,514.54638671875,34968901
2021-05-19 00:00:00+05:30,516.0333698582725,518.5756150965178,504.8090024924743,506.7276916503906,19583966
2021-05-20 00:00:00+05:30,509.4139137331758,509.4139137331758,498.8610630194118,499.484619140625,14036583
2021-05-21 00:00:00+05:30,501.978975692949,511.6203836233933,500.7797650334818,509.36590576171875,10492773
2021-05-24 00:00:00+05:30,509.41386542522974,511.3325545269972,504.6170830174998,505.38458251953125,6386039
2021-05-25 00:00:00+05:30,508.35857663967005,509.2219987305721,503.17810374757346,504.7130432128906,9412913
2021-05-26 00:00:00+05:30,507.49509815072213,509.22194214062165,503.6577200872201,504.37725830078125,6908901
2021-05-27 00:00:00+05:30,504.71302386014133,505.57644591793627,497.6138619952801,498.6691589355469,22783169
2021-05-28 00:00:00+05:30,501.01953365013316,507.0154671893806,499.2447580818692,502.3146667480469,10248988
2021-05-31 00:00:00+05:30,504.13742387544806,514.2106015754571,503.75367411443517,513.1553344726562,12803471
2021-06-01 00:00:00+05:30,515.6016744375572,516.5130577804827,508.74231873308275,511.2366027832031,8435896
2021-06-02 00:00:00+05:30,508.35863385605285,512.8675898812228,506.5358669375085,507.9748840332031,10567595
2021-06-03 00:00:00+05:30,508.4544630712547,511.716246486791,507.0154462396926,510.4211730957031,6290021
2021-06-04 00:00:00+05:30,512.2439493117048,514.0186950133517,509.6057219109105,511.04473876953125,4878809
2021-06-07 00:00:00+05:30,512.2918729540787,519.0072844678194,511.33252845211575,514.6422729492188,9674473
2021-06-08 00:00:00+05:30,516.225199818249,525.7227824561999,512.2918990901934,524.571533203125,12822963
2021-06-09 00:00:00+05:30,527.5454967501335,529.0804957756774,513.5869796514575,518.0479736328125,12674395
2021-06-10 00:00:00+05:30,521.7894369115497,525.5788539607121,518.3837696243239,522.9886474609375,7018193
2021-06-11 00:00:00+05:30,523.3243373810747,527.401581361752,518.0959038535259,518.8634033203125,7777365
2021-06-14 00:00:00+05:30,518.8634553811917,518.8634553811917,507.78297152756386,517.4244384765625,5714387
2021-06-15 00:00:00+05:30,519.0073332095689,521.5496381358429,516.5130492008801,520.4463500976562,7264778
2021-06-16 00:00:00+05:30,521.6934863111721,521.6934863111721,513.1553080941162,514.9300537109375,10045600
2021-06-17 00:00:00+05:30,517.5683308399346,519.2472137497882,505.6244247151221,507.159423828125,10214732
2021-06-18 00:00:00+05:30,509.79755455126315,519.8707319696543,497.9016702123159,516.8487548828125,15000348
2021-06-21 00:00:00+05:30,513.2512723550748,519.870762057323,511.33258314591956,517.6642456054688,5742834
2021-06-22 00:00:00+05:30,525.7707666136325,526.6821499420122,513.7309382874855,514.5943603515625,9114558
2021-06-23 00:00:00+05:30,516.129322055207,517.2805117548078,511.0447716331181,512.3399047851562,4767421
2021-06-24 00:00:00+05:30,513.2513050813338,513.6830161462522,505.96023789899476,507.25537109375,6419922
2021-06-25 00:00:00+05:30,509.70169540288936,514.1147285999051,507.83096733429585,513.3472290039062,5504204
2021-06-28 00:00:00+05:30,515.1699968750404,515.1699968750404,508.88623559637216,509.60577392578125,5265796
2021-06-29 00:00:00+05:30,509.6536970785148,510.6130416771014,502.69841891210507,503.60980224609375,8713975
2021-06-30 00:00:00+05:30,505.5764747131915,508.8382584210185,503.03422931227954,504.2813415527344,5760552
2021-07-01 00:00:00+05:30,507.4951150520253,509.4138638009862,500.77970321725087,501.40325927734375,6575188
2021-07-02 00:00:00+05:30,504.2333096166211,511.33253054416224,498.8609923143101,503.65771484375,13309063
2021-07-05 00:00:00+05:30,506.53576051935,507.01543278380717,502.0268650947768,502.6504211425781,6373586
2021-07-06 00:00:00+05:30,502.2187591250858,506.24804233152344,499.91632010045225,504.7130432128906,10494366
2021-07-07 00:00:00+05:30,501.9308935644311,509.03011481293237,501.9308935644311,508.0707702636719,6669192
2021-07-08 00:00:00+05:30,508.45445208745895,511.1406406430049,502.26667388008127,503.945556640625,5400962
2021-07-09 00:00:00+05:30,504.1373949915168,515.6495888957627,501.7390336892384,514.4503784179688,7303645
2021-07-12 00:00:00+05:30,517.0406101762884,517.0406101762884,507.15933840394774,508.1186828613281,8932790
2021-07-13 00:00:00+05:30,511.8602085035748,513.7309364178287,506.7276970554088,508.50250244140625,8138019
2021-07-14 00:00:00+05:30,507.4951369347734,509.7975758794946,505.24071890749406,508.50250244140625,6666859
2021-07-15 00:00:00+05:30,510.8528797602108,510.8528797602108,503.65773601036096,504.0894470214844,6886797
2021-07-16 00:00:00+05:30,505.57647664709725,521.3098003928728,504.56917073621645,519.1512451171875,11251138
2021-07-19 00:00:00+05:30,517.0885465467716,522.5568454826386,507.7828699660729,516.5609130859375,9130551
2021-07-20 00:00:00+05:30,514.6422804126346,514.9780092358747,501.7390310554691,504.37725830078125,7646460
2021-07-22 00:00:00+05:30,509.50982322021906,525.7228188364644,502.3626402027326,524.4756469726562,20220601
2021-07-23 00:00:00+05:30,525.4349642722435,537.8585420389364,511.0926973707166,526.0105590820312,33200836
2021-07-26 00:00:00+05:30,522.8447941161927,531.335072645526,520.0626824293655,521.9334106445312,5214592
2021-07-27 00:00:00+05:30,523.6122114972549,523.6122114972549,514.354494419775,518.5756225585938,5835018
2021-07-28 00:00:00+05:30,517.5683233688662,547.499970493946,515.985422666411,544.8137817382812,32532037
2021-07-29 00:00:00+05:30,550.7616884577335,553.2560318564941,542.0316655219935,544.09423828125,15844335
2021-07-30 00:00:00+05:30,542.8950555612336,545.3893990873551,535.124376719537,538.81787109375,10125413
2021-08-02 00:00:00+05:30,542.9910589311802,546.7804759766144,537.2349318144198,542.1755981445312,6372299
2021-08-03 00:00:00+05:30,544.9097302793779,558.3406135751804,539.2495855279512,556.61376953125,21680353
2021-08-04 00:00:00+05:30,551.6252164564913,563.0414896754295,547.1162606910301,551.0496215820312,21816567
2021-08-05 00:00:00+05:30,554.0235537084562,593.8365349334643,554.0235537084562,574.3617553710938,72423461
2021-08-06 00:00:00+05:30,570.3324548648322,591.8698664936028,564.5763872416313,583.187744140625,29055626
2021-08-09 00:00:00+05:30,585.2022649422313,587.7925307621534,573.2584205147378,574.8892822265625,10078649
2021-08-10 00:00:00+05:30,577.7194801768686,602.4706560166278,574.0739465932377,596.9064331054688,34514358
2021-08-11 00:00:00+05:30,596.9063404275245,603.6697729449315,588.7519120516172,595.6112670898438,18731287
2021-08-12 00:00:00+05:30,597.673865236109,603.3819713065418,591.9177979032335,597.8177490234375,8430316
2021-08-13 00:00:00+05:30,597.8177490550958,612.8315331064593,592.973065015,611.1527099609375,21079044
2021-08-16 00:00:00+05:30,612.7835536186888,617.8201422120799,606.3079482348016,608.274658203125,10506327
2021-08-17 00:00:00+05:30,608.2746842790358,612.0641012884536,597.6738731132937,600.8876953125,11311229
2021-08-18 00:00:00+05:30,600.4560493102413,608.2267888761219,595.6113646819571,597.6259765625,7136872
2021-08-20 00:00:00+05:30,594.3161755604162,607.2673870672172,582.3243086353551,588.751953125,12770173
2021-08-23 00:00:00+05:30,593.2608295636071,604.8689463489603,582.8998845554062,597.3380737304688,12790616
2021-08-24 00:00:00+05:30,602.4225959036959,602.4225959036959,591.965728853759,594.8917236328125,5885050
2021-08-25 00:00:00+05:30,597.050317185712,597.050317185712,586.1616787855507,587.552734375,8127668
2021-08-26 00:00:00+05:30,585.2023507488303,586.6413676420176,560.5470992002511,563.0414428710938,26316897
2021-08-27 00:00:00+05:30,564.8641987268874,580.789366429486,561.266626736086,570.9560546875,16444274
2021-08-30 00:00:00+05:30,571.7715568077817,599.5926737642648,566.1114108724952,595.2276611328125,40506274
2021-08-31 00:00:00+05:30,600.5998423758666,640.9404527335275,599.5925365877798,637.0550537109375,60781970
2021-09-01 00:00:00+05:30,640.8446305539551,645.9291812048521,627.4137454187547,639.3096313476562,30796359
2021-09-02 00:00:00+05:30,642.7153235344391,646.3607973169829,637.0551186636848,639.4055786132812,18951106
2021-09-03 00:00:00+05:30,640.8445332223014,642.3794725421541,627.4136501269875,631.6827392578125,7920313
2021-09-06 00:00:00+05:30,637.3907963273996,638.6859292417372,626.8380072890251,627.9891967773438,10223448
2021-09-07 00:00:00+05:30,631.2030441367671,652.8363162283679,621.6575007746226,643.2908325195312,28185127
2021-09-08 00:00:00+05:30,650.438011809454,656.002234238517,637.9664726077632,640.7006225585938,20876941
2021-09-09 00:00:00+05:30,640.700683881577,660.2234255155663,639.9332439355958,658.2567749023438,19784500
2021-09-13 00:00:00+05:30,663.8689170107858,668.665640068769,657.968905892146,665.1160888671875,19704664
2021-09-14 00:00:00+05:30,666.7469320631694,671.2558874026442,661.0867870835337,665.9794921875,11694600
2021-09-15 00:00:00+05:30,668.6656393695804,705.072892613565,667.8502382078964,696.007080078125,56796797
2021-09-16 00:00:00+05:30,705.120896049818,707.0395852234345,686.3176347724132,689.3875732421875,45001991
2021-09-17 00:00:00+05:30,691.6900204248157,704.8810384772969,691.6900204248157,698.54931640625,26649321
2021-09-20 00:00:00+05:30,695.5273924164829,703.8737261363591,691.0184370542565,695.4794311523438,14330899
2021-09-21 00:00:00+05:30,693.5127781569445,710.6370969109249,692.6493560989883,697.1102905273438,14216876
2021-09-22 00:00:00+05:30,697.4461051569226,702.290849185106,694.6639938229766,697.206298828125,16348622
2021-09-23 00:00:00+05:30,703.5858735571933,710.0135178667405,693.800523305637,697.2542114257812,26497345
2021-09-24 00:00:00+05:30,699.4126865761509,722.3891132710593,698.4053807880745,709.3419799804688,72175065
2021-09-27 00:00:00+05:30,714.4500478490968,715.3296955723421,701.8909976818836,706.1913452148438,11282248
2021-09-28 00:00:00+05:30,707.9995155199855,710.3451434220631,670.4688725536182,680.3890991210938,21944239
2021-09-29 00:00:00+05:30,681.219804392034,686.1066035627086,673.5475535553991,678.3854370117188,16729859
2021-09-30 00:00:00+05:30,680.046996012066,693.7300344012556,671.2507570475868,672.716796875,13911568
2021-10-01 00:00:00+05:30,671.7883186003401,671.7883186003401,652.5343758574439,660.5975952148438,14952128
2021-10-04 00:00:00+05:30,659.7179560514644,670.6643992529075,654.5379603272052,665.9730834960938,8917898
2021-10-05 00:00:00+05:30,668.9051141715344,687.5238076330542,664.9956747191077,683.4188842773438,25598885
2021-10-06 00:00:00+05:30,689.7717334451634,691.9219371060128,672.6190795281992,675.7466430664062,10406502
2021-10-07 00:00:00+05:30,679.9981359158182,686.3021190669724,675.648872522956,676.8217163085938,8121590
2021-10-08 00:00:00+05:30,679.4117320892324,683.7120796910492,673.3032329503063,679.7537841796875,6297352
2021-10-11 00:00:00+05:30,677.4081663616329,680.2913901825832,669.4915745242067,675.2091064453125,8792050
2021-10-12 00:00:00+05:30,675.3556602761828,682.5881470695534,668.7096251882083,670.8109130859375,8579567
2021-10-13 00:00:00+05:30,673.4009308944751,681.0243257286561,667.6344839674362,674.2805786132812,7062149
2021-10-14 00:00:00+05:30,677.3103793497896,678.2877392045511,666.4127931078732,670.2733764648438,9820591
2021-10-18 00:00:00+05:30,684.1519063398185,686.0577700095705,664.2626569239787,665.1911010742188,8574445
2021-10-19 00:00:00+05:30,683.1745131480538,683.1745131480538,660.157701352483,665.6797485351562,7328862
2021-10-20 00:00:00+05:30,667.9277905622099,697.7372680049622,665.9730707298983,692.41064453125,21217306
2021-10-21 00:00:00+05:30,694.853944281031,696.2222121746655,673.5963691651712,680.291259765625,8908979
2021-10-22 00:00:00+05:30,682.685867694061,689.3319028647867,668.7584895771814,678.7764282226562,6587256
2021-10-25 00:00:00+05:30,677.3103767187831,688.0613350793986,659.7178994014121,675.453369140625,9540441
2021-10-26 00:00:00+05:30,679.2650835165542,693.7788531663393,673.4009245221667,680.4379272460938,10953878
2021-10-27 00:00:00+05:30,683.5655055876232,698.4702433576061,678.287738515944,686.4486694335938,11878571
2021-10-28 00:00:00+05:30,686.8396505125626,690.0649261616816,668.9051207105571,674.1339721679688,8884507
2021-10-29 00:00:00+05:30,676.5285696164802,685.1293252495776,661.7215425061789,669.8336181640625,8602343
2021-11-01 00:00:00+05:30,674.329443691216,706.4356910572762,673.9873319500789,696.368896484375,17121001
2021-11-02 00:00:00+05:30,696.3688880744598,706.7288785479977,693.4856646072087,697.7860717773438,7725455
2021-11-03 00:00:00+05:30,709.3188794989093,715.9160581921475,680.2424252583409,683.272216796875,23261507
2021-11-04 00:00:00+05:30,688.0612959789923,688.8431718846705,683.3699808916152,685.2269287109375,1064714
2021-11-08 00:00:00+05:30,691.4332852116582,698.7146285239644,688.0613815673483,692.9481811523438,7565546
2021-11-09 00:00:00+05:30,695.5871216259512,700.2295816105692,689.1854255778263,697.0531616210938,5278131
2021-11-10 00:00:00+05:30,701.2556950999174,721.2915721027721,691.3354687225452,718.79931640625,15180490
2021-11-11 00:00:00+05:30,718.3594970823585,721.8779687169474,707.8528785876166,712.1043701171875,7421118
2021-11-12 00:00:00+05:30,716.404774730608,728.1330930072346,708.83023584362,726.6670532226562,9207508
2021-11-15 00:00:00+05:30,723.2462891691912,729.110448270563,719.5323336689846,720.8517456054688,5454742
2021-11-16 00:00:00+05:30,724.5658072067622,725.2499711327694,710.5895712325585,713.7659912109375,4639931
2021-11-17 00:00:00+05:30,708.1460439843404,715.7694386317436,700.0339694280868,703.7479248046875,8002927
2021-11-18 00:00:00+05:30,704.2855011640725,707.071012596252,691.9707906161274,698.177001953125,4469597
2021-11-22 00:00:00+05:30,723.2463351352454,738.83523766781,716.5025278787394,725.2987670898438,36884348
2021-11-23 00:00:00+05:30,728.1331184837996,743.7708767331161,719.0436834320471,741.7184448242188,18240414
2021-11-24 00:00:00+05:30,746.7029564048629,764.0999505265648,739.1284172528502,741.7184448242188,21653712
2021-11-25 00:00:00+05:30,741.865034038544,751.1010971969378,735.7565345493041,747.8269653320312,8483653
2021-11-26 00:00:00+05:30,745.7256368311125,745.7256368311125,716.502550661463,722.024658203125,11142921
2021-11-29 00:00:00+05:30,734.9747117061859,737.9067916730988,710.6384241194803,722.611083984375,15885643
2021-11-30 00:00:00+05:30,723.2463076349553,733.2153902924781,706.2891376618663,711.7623291015625,14272616
2021-12-01 00:00:00+05:30,716.404812367493,720.7052198228394,701.9887537284474,705.898193359375,10488561
2021-12-02 00:00:00+05:30,707.5107783635148,719.0436119959502,697.9815203770576,715.9649047851562,11507427
2021-12-03 00:00:00+05:30,713.4726919176994,718.0174390905545,700.0828500154311,702.08642578125,11024093
2021-12-06 00:00:00+05:30,701.7443783521873,705.5561056613859,678.1411139097967,681.8062133789062,8804487
2021-12-07 00:00:00+05:30,686.4487138108994,689.7229053246825,678.3854944960339,683.0279541015625,10238693
2021-12-08 00:00:00+05:30,689.0387571308672,702.7217962795653,686.3998733643836,698.958984375,8296393
2021-12-09 00:00:00+05:30,700.5715234683173,707.559670206459,694.9028483100926,697.7860717773438,9069515
2021-12-10 00:00:00+05:30,694.9028762097641,702.6240431400868,690.9934366811578,694.6096801757812,4251339
2021-12-13 00:00:00+05:30,698.812307990128,702.1353554139237,682.5392422714106,687.1817016601562,9896899
2021-12-14 00:00:00+05:30,685.1292844854381,690.3092799838379,672.8145737040867,675.9420776367188,9275631
2021-12-15 00:00:00+05:30,676.0886291091877,679.1673362834038,668.6118029165526,669.9312744140625,7674319
2021-12-16 00:00:00+05:30,674.2806429426678,674.2806429426678,662.2590680208547,665.9730834960938,9633006
2021-12-17 00:00:00+05:30,665.5821241994204,670.1757278830021,646.1326373842486,650.9705810546875,13850460
2021-12-20 00:00:00+05:30,644.2267546403264,646.1814742967899,630.4948013310214,643.3471069335938,11812939
2021-12-21 00:00:00+05:30,648.9181121121394,655.7107752910306,644.2756526259401,651.8990478515625,8084499
2021-12-22 00:00:00+05:30,651.8990541355764,670.4688922593784,651.8990541355764,669.2471923828125,8522226
2021-12-23 00:00:00+05:30,673.4009340289767,673.4009340289767,660.2065761053321,663.3829956054688,5602466
2021-12-24 00:00:00+05:30,666.6572135488924,667.3902335284521,657.4212095290952,661.7215576171875,3756020
2021-12-27 00:00:00+05:30,659.6690517742679,662.9920395180511,653.5116965651204,660.450927734375,3658572
2021-12-28 00:00:00+05:30,664.4580805494065,668.0254679190041,659.7667651267241,664.653564453125,3892590
2021-12-29 00:00:00+05:30,664.5559136657266,668.0255295770507,659.7179699553902,661.5260620117188,3847574
2021-12-30 00:00:00+05:30,662.1613294407155,670.2734046456363,658.9360537150618,663.9694213867188,5701612
2021-12-31 00:00:00+05:30,665.0933889231097,678.3854592415854,664.6047089900288,668.3186645507812,4598628
2022-01-03 00:00:00+05:30,672.2280444823166,676.9193594937639,667.6344415875072,675.6488037109375,2939833
2022-01-04 00:00:00+05:30,676.5773846044389,687.3283434063874,674.7692926672548,681.65966796875,6473875
2022-01-05 00:00:00+05:30,685.0315031442472,686.8395949009487,676.088637172154,684.15185546875,4586105
2022-01-06 00:00:00+05:30,686.1066206130769,704.1877779939058,684.1519008962305,694.3164672851562,21642414
2022-01-07 00:00:00+05:30,697.7372057555272,698.9589055417265,685.5690639543191,688.7454833984375,4315015
2022-01-10 00:00:00+05:30,689.4296920463602,695.2449356842152,687.7193122344466,688.9898681640625,3565324
2022-01-11 00:00:00+05:30,687.0839798443861,693.4856749805527,678.8741331798,687.5238037109375,10642484
2022-01-12 00:00:00+05:30,691.9219550552933,716.1116126474038,688.2568554201251,713.668212890625,12366953
2022-01-13 00:00:00+05:30,712.4953379165026,718.994804846613,709.7098861769192,715.23193359375,5829874
2022-01-14 00:00:00+05:30,713.4238733488368,714.3523771876403,702.1842344608184,704.2855224609375,5344096
2022-01-17 00:00:00+05:30,703.6990991827186,718.1151571173646,703.259275315067,712.1043701171875,4340924
2022-01-18 00:00:00+05:30,710.5406282174076,714.1568716809511,696.4177661110347,698.177001953125,4312058
2022-01-19 00:00:00+05:30,697.8348598771786,698.8122196249057,685.8133469107958,687.76806640625,5879490
2022-01-20 00:00:00+05:30,690.0161010293049,703.3570877504752,689.2830810919509,699.2033081054688,4812496
2022-01-21 00:00:00+05:30,693.5345509459607,697.8349583038363,673.7430132629737,679.5094604492188,6704622
2022-01-24 00:00:00+05:30,674.6714867579535,690.993408044113,662.0146648779685,674.2805786132812,11091633
2022-01-25 00:00:00+05:30,668.5141337311744,704.1389119988268,666.7060418799217,695.7335815429688,14128764
2022-01-27 00:00:00+05:30,690.5047120694012,699.7896303491738,685.6179129747841,691.2377319335938,8937312
2022-01-28 00:00:00+05:30,698.7146501207525,736.9294001952818,685.7646308202386,699.59423828125,21450677
2022-01-31 00:00:00+05:30,711.5179573333035,718.359476153816,703.2592548264513,712.7885131835938,10745370
2022-02-01 00:00:00+05:30,716.4047965082539,718.3595162804455,702.0375942519822,706.6800537109375,4814511
2022-02-02 00:00:00+05:30,709.6609815633582,715.1830887198898,704.1877901232397,708.634765625,3286577
2022-02-03 00:00:00+05:30,709.5632591123078,712.4953386954165,702.2330601545361,705.311767578125,3651578
2022-02-04 00:00:00+05:30,704.7742414900695,706.8755892600161,700.2784095469084,703.8946533203125,3284198
2022-02-07 00:00:00+05:30,701.7444614807258,703.7968935652333,683.6633019578937,690.5048217773438,6833983
2022-02-08 00:00:00+05:30,695.0983797288978,698.5191394129444,685.129296719014,692.8504638671875,7167684
2022-02-09 00:00:00+05:30,691.0911236183185,709.6609607023423,686.2532401006558,703.0637817382812,10185173
2022-02-10 00:00:00+05:30,706.5823376605576,710.4917771832351,692.557187580965,707.6574096679688,6074014
2022-02-11 00:00:00+05:30,705.360680046049,708.9769237517254,694.8052046334309,698.958984375,5646980
2022-02-14 00:00:00+05:30,688.061378870615,688.061378870615,669.4915405204139,674.0851440429688,7441445
2022-02-15 00:00:00+05:30,680.2424950688517,696.9553256122347,671.0552880844695,695.4404296875,4650249
2022-02-16 00:00:00+05:30,701.1579655305535,711.7134397582796,691.9707592721138,705.4583129882812,5433910
2022-02-17 00:00:00+05:30,708.0483717917305,711.0293074731547,698.8123090629631,700.7670288085938,5107708
2022-02-18 00:00:00+05:30,695.9291056939487,703.259304952687,695.2449418324703,696.4177856445312,4099366
2022-02-21 00:00:00+05:30,692.0196403447637,700.3271991956092,687.0839849581591,693.8766479492188,4307430
2022-02-22 00:00:00+05:30,678.4832288993174,686.5953038324404,671.9349058858403,683.4188842773438,9148804
2022-02-23 00:00:00+05:30,684.2496362862022,692.8993071193354,683.6632442125348,688.4523315429688,4124469
2022-02-24 00:00:00+05:30,666.5594249868041,672.961120143625,630.8369340094494,655.7107543945312,14139461
2022-02-25 00:00:00+05:30,662.1613125044205,679.4117380863403,662.1613125044205,673.0588989257812,6452099
2022-02-28 00:00:00+05:30,665.5821010425676,674.3783402633945,651.3615262328939,670.9575805664062,8301523
2022-03-02 00:00:00+05:30,668.514183511193,668.514183511193,650.9217049977406,658.9849243164062,10220908
2022-03-03 00:00:00+05:30,659.7178791642838,664.4091943743457,653.4627524486616,656.8346557617188,6517030
2022-03-04 00:00:00+05:30,649.9443629594572,652.8275867258053,635.2839637949581,638.9002075195312,7094874
2022-03-07 00:00:00+05:30,625.5103231103818,663.9694105215466,624.5329632305219,660.10888671875,12615451
2022-03-08 00:00:00+05:30,659.7178647668261,671.2995545314093,652.4853783880591,667.5367431640625,8462985
2022-03-09 00:00:00+05:30,666.5594414457927,682.1971996028788,659.0337584020324,675.8443603515625,9896395
2022-03-10 00:00:00+05:30,684.1030846035682,691.4821400329744,674.9647336040762,681.952880859375,5989327
2022-03-11 00:00:00+05:30,680.9266207563014,686.4975838428502,675.8443375957075,679.1184692382812,3353880
2022-03-14 00:00:00+05:30,672.5701887991551,688.8920501871107,672.5701887991551,684.5428466796875,4016137
2022-03-15 00:00:00+05:30,683.1745500490903,693.4368286978963,679.7537904994882,687.1817016601562,6006439
2022-03-16 00:00:00+05:30,693.9254683591007,699.3009473393472,689.0386692861492,695.8801879882812,3843706
2022-03-17 00:00:00+05:30,703.6991406783894,711.469163954043,698.8123410903451,706.5335083007812,8168953
2022-03-21 00:00:00+05:30,705.6538760296881,707.9506480252448,690.7979930247157,692.1663208007812,6317305
2022-03-22 00:00:00+05:30,692.459446180103,704.676444171989,689.869418744499,702.966064453125,3000133
2022-03-23 00:00:00+05:30,702.9661026964646,703.5524947706524,687.0840044429818,688.9898681640625,7974713
2022-03-24 00:00:00+05:30,682.1972228419685,692.8015540921543,682.0505949929255,690.358154296875,3597143
2022-03-25 00:00:00+05:30,696.1734458076419,698.2747934568903,689.8694625132108,693.2902221679688,2930336
2022-03-28 00:00:00+05:30,699.0566201934657,720.314196550275,694.0231931947823,716.45361328125,7960258
2022-03-29 00:00:00+05:30,723.637334737841,745.7256458654513,720.3142870286207,737.85791015625,15833573
2022-03-30 00:00:00+05:30,745.4812066483449,752.4693532596336,727.7421019601874,732.5311889648438,9938988
2022-03-31 00:00:00+05:30,735.9520463128241,741.8162060444005,722.9531708384935,737.85791015625,7371181
2022-04-01 00:00:00+05:30,742.5979483605178,749.2928986405179,732.2868146198552,741.327392578125,5920139
2022-04-04 00:00:00+05:30,740.6921278187525,757.4538728667407,739.0795198814095,750.4168701171875,5783224
2022-04-05 00:00:00+05:30,750.4168622762433,756.2810212307124,743.7708273918402,749.2440185546875,3990794
2022-04-06 00:00:00+05:30,746.702966655519,763.0248889829714,745.7256067515196,758.0892333984375,7490027
2022-04-07 00:00:00+05:30,757.4538701843751,760.2393218456646,742.3536488416504,745.13916015625,5818505
2022-04-08 00:00:00+05:30,750.9544465695792,750.9544465695792,740.447827766778,744.845947265625,5583587
2022-04-11 00:00:00+05:30,739.861479299617,747.8758427894045,738.8841193533824,740.8876953125,4927865
2022-04-12 00:00:00+05:30,742.7446834008083,742.7446834008083,723.3440531898673,724.8590087890625,3904026
2022-04-13 00:00:00+05:30,725.2010648704018,739.3727837930713,721.2427691019744,723.8816528320312,6343030
2022-04-18 00:00:00+05:30,719.9721555603825,723.392915026814,707.0221375803208,712.9840087890625,8950327
2022-04-19 00:00:00+05:30,722.268951184023,722.268951184023,700.6204059847734,707.119873046875,9957060
2022-04-20 00:00:00+05:30,713.5216480176086,727.6445117889034,707.5597759462134,722.611083984375,6632292
2022-04-21 00:00:00+05:30,727.0579744422168,727.0579744422168,713.4726494475769,719.0924682617188,6111830
2022-04-22 00:00:00+05:30,714.4501186416032,724.1260059428093,712.4953987547589,722.024658203125,5182247
2022-04-25 00:00:00+05:30,713.4239358800394,726.178471805447,712.6420598195266,722.611083984375,3571031
2022-04-26 00:00:00+05:30,728.1330916675753,741.718417507664,722.3666446641853,739.17724609375,4987848
2022-04-27 00:00:00+05:30,733.0198573115656,744.3083511835019,729.5013858577936,735.4632568359375,4571399
2022-04-28 00:00:00+05:30,733.9972579709132,737.2225335919205,727.7421309790773,730.4298706054688,6101866
2022-04-29 00:00:00+05:30,734.9746609121279,743.7709002049592,718.897078274012,722.2689819335938,7219115
2022-05-02 00:00:00+05:30,717.3821634907417,726.1295464884919,713.8147760098777,724.5657348632812,3938533
2022-05-04 00:00:00+05:30,720.3142301637016,722.6110020159242,700.767032601593,706.0447998046875,6785271
2022-05-05 00:00:00+05:30,709.5632879675043,716.5025194017286,698.0793091333195,702.6729125976562,4836692
2022-05-06 00:00:00+05:30,695.1472818494808,707.5109093879906,691.7265219387979,694.169921875,5912312
2022-05-09 00:00:00+05:30,690.1137734209767,704.187779269081,688.5011654436453,695.3915405273438,4819274
2022-05-10 00:00:00+05:30,694.9028086093958,712.0066048831854,694.0720766517062,703.3569946289062,6746893
2022-05-11 00:00:00+05:30,703.3570542443963,718.3595043862397,700.6693146021348,706.4845581054688,6919703
2022-05-12 00:00:00+05:30,699.0566585165326,706.4357137257508,685.3736201114554,689.4296875,6754953
2022-05-13 00:00:00+05:30,696.8575670939923,696.8575670939923,669.2471515674772,674.2805786132812,11938252
2022-05-16 00:00:00+05:30,670.322228691617,682.1971747203517,664.2626453494147,677.505859375,5412233
2022-05-17 00:00:00+05:30,679.2651226353031,693.9255209655614,675.2090552359396,691.0422973632812,4847812
2022-05-18 00:00:00+05:30,704.6764680920681,710.687255169435,673.5964360763676,680.3890991210938,18992703
2022-05-19 00:00:00+05:30,669.491543428607,677.3104227679192,652.7297969836304,658.9849243164062,7322668
2022-05-20 00:00:00+05:30,672.9122587496586,675.8443383084807,667.5367795584849,672.3258666992188,5577407
2022-05-23 00:00:00+05:30,666.3640306231713,678.1901223185093,664.2138267100808,670.3223266601562,3788601
2022-05-24 00:00:00+05:30,673.6453353734182,673.6453353734182,660.5486883796959,662.8455200195312,4053608
2022-05-25 00:00:00+05:30,665.8263560921501,674.2805421262394,664.1648325205981,672.6190185546875,4188088
2022-05-26 00:00:00+05:30,674.3783521379506,679.7538317564415,660.5976009773276,677.9457397460938,5780597
2022-05-27 00:00:00+05:30,681.2686563677111,684.1518797917813,660.6952439132059,668.9050903320312,7131633
2022-05-30 00:00:00+05:30,671.8860983376915,687.8170533259818,667.5368347021606,683.2234497070312,4675033
2022-05-31 00:00:00+05:30,681.7084676558569,690.602418067893,676.9193807242629,684.3473510742188,44593174
2022-06-01 00:00:00+05:30,685.6667817516261,690.2115288552319,675.5999873606753,678.9230346679688,3749781
2022-06-02 00:00:00+05:30,673.3032888803643,681.1710244941969,667.5856974193927,680.1936645507812,3466993
2022-06-03 00:00:00+05:30,681.2687157223793,684.9338153977237,669.7358806746248,670.9575805664062,6673615
2022-06-06 00:00:00+05:30,666.7549561267735,674.1828677328914,661.1839925955272,667.4879760742188,6407024
2022-06-07 00:00:00+05:30,662.7966414956144,671.6905927437365,658.0564101782608,669.7847290039062,8349903
2022-06-08 00:00:00+05:30,667.0481597113303,672.2281554678026,645.4973849436276,648.2828369140625,13904149
2022-06-09 00:00:00+05:30,645.0575427940972,664.0183489739164,640.2684553574817,661.037353515625,6774925
2022-06-10 00:00:00+05:30,652.8763733250569,661.135075906313,652.8763733250569,658.105224609375,3221484
2022-06-13 00:00:00+05:30,645.1553018493845,658.1053216428505,643.1028697434459,656.1017456054688,5982102
2022-06-14 00:00:00+05:30,653.9515142058458,673.7919687776454,653.9515142058458,666.6083374023438,8878530
2022-06-15 00:00:00+05:30,666.5105363122435,669.4914718108123,658.2518339628936,666.6571044921875,6005970
2022-06-16 00:00:00+05:30,667.6345838739777,668.4165195869543,635.2839921357761,639.388916015625,9525587
2022-06-17 00:00:00+05:30,641.1480681636502,646.7678873586823,623.5555906835501,629.0776977539062,11085830
2022-06-20 00:00:00+05:30,630.3482490870431,632.7916487194037,619.8416306678927,626.3899536132812,3883001
2022-06-21 00:00:00+05:30,627.5627695246385,643.2494436821829,625.9990175419874,639.486572265625,3515991
2022-06-22 00:00:00+05:30,633.915595689446,635.625975483177,626.9275083241906,628.2957763671875,4348884
2022-06-23 00:00:00+05:30,633.4758762756962,649.5533997514013,633.0849084338621,645.2530517578125,4336533
2022-06-24 00:00:00+05:30,647.1099565323132,660.4020867712933,647.1099565323132,656.0039672851562,5621332
2022-06-27 00:00:00+05:30,659.7179487797297,671.4462678691472,656.003992998744,668.46533203125,5284297
2022-06-28 00:00:00+05:30,667.5368518279902,669.3938596109471,660.9885281736845,665.728759765625,3216376
2022-06-29 00:00:00+05:30,661.6726140005493,673.4986442447001,659.7178943136939,672.2280883789062,5011798
2022-06-30 00:00:00+05:30,674.1828597308378,675.9420956531621,663.6273845435766,669.4426879882812,6505666
2022-07-01 00:00:00+05:30,669.3448073596392,670.2733110617246,650.921599756385,658.2029418945312,4488771
2022-07-04 00:00:00+05:30,655.3198043813914,669.9802026896999,650.9705409525972,666.4617309570312,4229588
2022-07-05 00:00:00+05:30,667.8299917727344,673.694151032533,664.6535721736768,668.9539794921875,3494504
2022-07-06 00:00:00+05:30,669.0028891322066,679.2163125916234,668.7096930763987,678.2389526367188,4697006
2022-07-07 00:00:00+05:30,676.3330155677864,680.7311348886752,669.9313204869328,671.250732421875,3485283
2022-07-08 00:00:00+05:30,672.4235961738952,680.8288672647437,671.1041841997047,679.4117431640625,2732170
2022-07-11 00:00:00+05:30,659.7178933866275,665.582052438953,644.0312798523187,645.5950317382812,18687521
2022-07-12 00:00:00+05:30,648.2339640023301,651.8013515554896,645.0575442767251,647.9896240234375,7416645
2022-07-13 00:00:00+05:30,654.8310649311626,654.8310649311626,626.4876307774257,628.9310302734375,12030163
2022-07-14 00:00:00+05:30,635.2839169111465,637.4341205605853,614.515019627513,627.1229858398438,11379990
2022-07-15 00:00:00+05:30,634.2577000850195,642.6141150496798,628.6867368908083,637.0431518554688,5567877
2022-07-18 00:00:00+05:30,642.1254368448363,654.8311151994525,634.4531856997199,648.0384521484375,8982417
2022-07-19 00:00:00+05:30,659.7179593559753,661.6726792355486,648.0873522111877,657.66552734375,7836419
2022-07-20 00:00:00+05:30,664.6047217264762,664.6047217264762,653.0718870154147,655.4664306640625,4458819
2022-07-21 00:00:00+05:30,656.2971739646428,664.555877064332,656.0039779248076,662.9920654296875,3550107
2022-07-22 00:00:00+05:30,664.3115656699243,666.4617694767484,659.9134459232322,663.4807739257812,2415220
2022-07-25 00:00:00+05:30,664.604706508539,671.006401677334,661.2328030522084,663.0409545898438,2913348
2022-07-26 00:00:00+05:30,667.1458376051921,669.8335773049181,655.0754668150211,668.6118774414062,5016687
2022-07-27 00:00:00+05:30,668.4653346754056,668.4653346754056,654.5379557016319,659.6202392578125,6237523
2022-07-28 00:00:00+05:30,663.4318422988727,664.0182939902955,649.1624126072338,651.7523803710938,7374170
2022-07-29 00:00:00+05:30,657.5677080662081,665.2400188314051,655.808472232313,662.6011352539062,7669970
2022-08-01 00:00:00+05:30,665.5462084682874,685.0330080132875,664.6626509411503,681.7443237304688,8812526
2022-08-02 00:00:00+05:30,687.1928191088742,687.4873183333721,668.687722161683,674.2343139648438,6236599
2022-08-03 00:00:00+05:30,675.4124007512831,684.1004578110045,674.4306966804238,680.4682006835938,5237250
2022-08-04 00:00:00+05:30,685.425776679139,685.7202759091517,668.2459558796971,681.5971069335938,6352142
2022-08-05 00:00:00+05:30,685.2294102962354,697.0098586107839,683.6095746856015,690.7760620117188,5811092
2022-08-08 00:00:00+05:30,694.9973661895152,696.8625678583164,686.2111033121982,691.4631958007812,5918607
2022-08-10 00:00:00+05:30,700.8385418656821,704.8635044837906,693.0830559408861,702.163818359375,12201239
2022-08-11 00:00:00+05:30,705.6488124274136,706.2378707694816,692.7885141914218,696.8134765625,7142902
2022-08-12 00:00:00+05:30,696.8626127263797,699.4641524889864,693.7212076254089,696.7153930664062,4540159
2022-08-16 00:00:00+05:30,701.9183711752471,702.9000751908768,687.6836629486162,691.2177734375,6679663
2022-08-17 00:00:00+05:30,694.0647100127288,711.3918091310653,689.4506893486137,709.722900390625,8812954
2022-08-18 00:00:00+05:30,711.7354154323878,722.5341596665343,707.7104529124982,719.785400390625,10354897
2022-08-19 00:00:00+05:30,716.8403009551149,724.1048748895344,712.7171320093852,718.90185546875,13743828
2022-08-22 00:00:00+05:30,718.4600840034419,720.96347726215,711.1464367761102,714.287841796875,8118490
2022-08-23 00:00:00+05:30,711.7354117614154,729.0133784795506,709.3302249379783,724.1048583984375,8229797
2022-08-24 00:00:00+05:30,709.6247679306166,740.4012266886416,704.8635271256345,725.23388671875,14922081
2022-08-25 00:00:00+05:30,731.1731513276063,740.2539136270551,721.7978898021373,727.4426879882812,9849958
2022-08-26 00:00:00+05:30,727.9335039133153,727.9335039133153,714.6805001333696,717.4783325195312,5928897
2022-08-29 00:00:00+05:30,704.5689878449049,711.6372687796913,702.0165214392679,707.4158935546875,5878942
2022-08-30 00:00:00+05:30,708.7902769464008,716.7420552550099,698.7768843188685,713.3060913085938,8894800
2022-09-01 00:00:00+05:30,713.2079443852264,732.351172073474,713.2079443852264,721.6015014648438,11869518
2022-09-02 00:00:00+05:30,711.7353893461682,727.3445066799011,706.4832969921686,721.5524291992188,5693707
2022-09-05 00:00:00+05:30,721.5524729212148,728.3753280162025,719.8344908428309,726.8536987304688,3660135
2022-09-06 00:00:00+05:30,726.8536398463845,751.0035334244151,726.8536398463845,747.3221435546875,10166270
2022-09-07 00:00:00+05:30,741.6773414978292,747.9602708068206,673.6452690794029,739.3212280273438,126794211
2022-09-08 00:00:00+05:30,745.1133676112315,761.8023363192565,743.199032746325,755.7157592773438,10648073
2022-09-09 00:00:00+05:30,758.8572224496511,760.624277736864,748.9420356191805,751.7398681640625,4627905
2022-09-12 00:00:00+05:30,752.9669492040553,757.2864706636119,750.5126892653196,755.07763671875,2654087
2022-09-13 00:00:00+05:30,759.8389613571386,774.4663761826906,755.9121450193755,769.9014282226562,8335652
2022-09-14 00:00:00+05:30,761.8023216656852,773.9754755153552,761.5568956599939,769.017822265625,6645392
2022-09-15 00:00:00+05:30,773.5827443478147,776.1842838894634,767.69252040608,770.7357788085938,5485310
2022-09-16 00:00:00+05:30,773.5827019491323,773.5827019491323,762.2440334664366,765.385498046875,20211162
2022-09-19 00:00:00+05:30,759.3480103747679,771.6193098313737,758.0718072149718,768.4287719726562,5760313
2022-09-20 00:00:00+05:30,772.3065614799156,782.369027645336,770.6376526687884,777.6568603515625,7936714
2022-09-21 00:00:00+05:30,777.6568509083098,782.418091361382,764.7474192854662,765.9254760742188,9966193
2022-09-22 00:00:00+05:30,776.7242237692295,780.258334233631,762.1458832870437,769.7540893554688,7721133
2022-09-23 00:00:00+05:30,773.5827614905697,773.5827614905697,754.6358860418146,757.2373657226562,9271829
2022-09-26 00:00:00+05:30,755.8630093195823,757.041066107226,739.4194672644148,741.235595703125,13144297
2022-09-27 00:00:00+05:30,744.9660999309376,751.0036038508482,743.3463241874337,746.68408203125,5965026
2022-09-28 00:00:00+05:30,741.6773430962862,756.8937545032915,741.1864911154152,747.5184936523438,5546932
2022-09-29 00:00:00+05:30,749.9727683740435,754.9303614950991,745.4078208943696,750.6599731445312,5413233
2022-09-30 00:00:00+05:30,751.9361535165759,794.1984966382976,747.5184857355223,785.2650146484375,7469164
2022-10-03 00:00:00+05:30,788.7009886017112,800.6286558125839,783.4488364435264,788.65185546875,12619046
2022-10-04 00:00:00+05:30,798.125368035496,801.8067581094604,792.7259959270148,793.904052734375,5772140
2022-10-06 00:00:00+05:30,795.7201677828828,800.9231870159736,772.2574780582787,774.1717529296875,6503205
2022-10-07 00:00:00+05:30,777.5096270244687,782.2217945985004,770.3431992641223,778.5894775390625,6025982
2022-10-10 00:00:00+05:30,770.5886361463896,780.2583974494073,765.4346896824694,777.8532104492188,3519416
2022-10-11 00:00:00+05:30,782.9090038003244,782.9090038003244,761.8023660803157,766.023681640625,3699862
2022-10-12 00:00:00+05:30,766.0236901348346,767.0544674465726,755.1267986933824,761.360595703125,5984299
2022-10-13 00:00:00+05:30,760.8206461867753,764.7474624251587,753.6051453161302,754.832275390625,2842056
2022-10-14 00:00:00+05:30,765.6800747639609,765.6800747639609,749.0892525902992,751.9362182617188,3608210
2022-10-17 00:00:00+05:30,747.0767703541887,756.8938107004988,745.9477867469794,751.9852905273438,4566333
2022-10-18 00:00:00+05:30,755.7648217009248,771.2266601360432,754.5868248025399,768.821533203125,4391263
2022-10-19 00:00:00+05:30,773.5336968872532,774.2209016870277,765.2382859094183,769.0669555664062,5219180
2022-10-20 00:00:00+05:30,767.692590044365,779.4730389964525,764.0602729671124,778.3931884765625,4756732
2022-10-21 00:00:00+05:30,775.5462169952274,788.1610903549171,775.3007909771909,782.8599243164062,4807736
2022-10-24 00:00:00+05:30,785.3632501233106,792.7260305932167,785.3632501233106,787.4248046875,522406
2022-10-25 00:00:00+05:30,791.4007513645015,791.5970442415911,784.0870441390944,787.6211547851562,3184277
2022-10-27 00:00:00+05:30,791.7443512039634,807.157117451639,789.4864437731871,802.150390625,8159181
2022-10-28 00:00:00+05:30,804.0155948434127,809.3168205350383,796.4564618825607,801.9049072265625,3905093
2022-10-31 00:00:00+05:30,807.9424345309918,818.5448263054221,804.9973223759579,816.7777709960938,5487233
2022-11-01 00:00:00+05:30,812.85096369513,826.0548953185559,806.0281084775233,820.2628173828125,10488759
2022-11-02 00:00:00+05:30,814.8143185157238,814.8143185157238,792.4805525564074,795.032958984375,11729925
2022-11-03 00:00:00+05:30,794.9348075735631,809.3167950246786,789.486362401301,803.6719970703125,5897840
2022-11-04 00:00:00+05:30,800.7759909945963,806.7643616232242,794.3949147857317,801.4631958007812,3768226
2022-11-07 00:00:00+05:30,802.0521634317738,808.9731646086626,794.1985314765055,807.6478881835938,7171570
2022-11-09 00:00:00+05:30,809.1204357161992,810.3966389118967,799.5488218707831,804.0646362304688,3969171
2022-11-10 00:00:00+05:30,804.8009995700797,815.501598099475,802.5921653714996,810.6421508789062,4425290
2022-11-11 00:00:00+05:30,815.550654860189,821.5881588485065,808.7277996008081,811.7711181640625,4325441
2022-11-14 00:00:00+05:30,803.0338792262891,815.5996785556739,802.0521752174549,806.862548828125,10406576
2022-11-15 00:00:00+05:30,807.5988153507167,823.40422570081,807.5988153507167,819.96826171875,6229710
2022-11-16 00:00:00+05:30,822.1770705534326,828.6072195394431,812.8999561020044,825.8093872070312,3445345
2022-11-17 00:00:00+05:30,826.3984358198002,833.8594223568892,823.0606780876585,830.6688842773438,4545534
2022-11-18 00:00:00+05:30,834.3993538966938,836.2645556062275,815.8941969443124,821.9807739257812,7405949
2022-11-21 00:00:00+05:30,821.6861959086511,837.1971061416351,819.7227880331227,835.6264038085938,5527122
2022-11-22 00:00:00+05:30,837.7862777350957,844.8054258881192,829.6380860151473,832.0923461914062,7601660
2022-11-23 00:00:00+05:30,836.2645298611011,836.2645298611011,826.2020638439127,827.8218994140625,4596816
2022-11-24 00:00:00+05:30,830.5216327133195,835.4301530012232,822.4225742382782,832.82861328125,3455310
2022-11-25 00:00:00+05:30,836.4118176923758,844.2654497833842,826.2020720066821,831.3560180664062,2991065
2022-11-28 00:00:00+05:30,824.8768120130362,836.9517596101363,820.7536430993179,822.0789794921875,3668846
2022-11-29 00:00:00+05:30,823.6496424932342,829.3435136161709,819.7228265576288,820.5572509765625,2680296
2022-11-30 00:00:00+05:30,819.5265299782925,836.4118516430412,817.3667690819071,833.2213134765625,6874390
2022-12-01 00:00:00+05:30,837.3934960947137,837.5898488746756,826.2020467398991,833.073974609375,4506664
2022-12-02 00:00:00+05:30,835.8227938594199,836.3627190655815,823.7477869515849,833.1231079101562,3505272
2022-12-05 00:00:00+05:30,835.4300925093714,836.0190909338875,825.4657730790394,828.6563110351562,3311316
2022-12-06 00:00:00+05:30,829.4418186771492,829.5399651198372,814.5199043623068,818.1030883789062,5567349
2022-12-07 00:00:00+05:30,822.2261871778288,826.2020764616485,816.7777418690048,818.7411499023438,3771882
2022-12-08 00:00:00+05:30,817.7594658375385,824.8277469137038,811.182036781684,817.3667602539062,4822179
2022-12-09 00:00:00+05:30,815.1088204662198,821.2935436920121,808.8750240240435,819.6246948242188,4615843
2022-12-12 00:00:00+05:30,817.3667000406972,821.6371482538832,810.2984794036884,813.2435913085938,3149823
2022-12-13 00:00:00+05:30,806.9607034967344,824.631375836079,806.9607034967344,822.717041015625,3832999
2022-12-14 00:00:00+05:30,825.2695147993394,826.5947912692641,812.9982144538931,814.0289916992188,7491333
2022-12-15 00:00:00+05:30,813.8326186775043,815.796026683964,809.267671095103,811.2310791015625,2996482
2022-12-16 00:00:00+05:30,809.9058556361098,817.4649889390724,804.899188859562,807.697021484375,4309644
2022-12-19 00:00:00+05:30,807.6479351906609,829.5889967753319,806.9607303708866,825.0241088867188,6397169
2022-12-20 00:00:00+05:30,824.3858990678287,824.3858990678287,806.9606538061985,813.7835083007812,2828863
2022-12-21 00:00:00+05:30,817.7594316562212,817.8085048725092,797.4872200973607,799.1070556640625,5079337
2022-12-22 00:00:00+05:30,804.0155984965888,809.6113234368502,794.6894102356393,801.6594848632812,3626834
2022-12-23 00:00:00+05:30,799.1070730131855,802.984815879435,790.2717368250791,793.85498046875,2804496
2022-12-26 00:00:00+05:30,790.3208362032854,800.2851563126455,786.4922263461145,796.1619873046875,6023206
2022-12-27 00:00:00+05:30,800.0887478002287,804.4573425173077,790.2717079499191,799.8923950195312,1782053
2022-12-28 00:00:00+05:30,798.1253780432439,799.0089356394576,786.7867084569486,789.0936889648438,2907741
2022-12-29 00:00:00+05:30,792.2842243662966,809.6603976577076,746.1932082358582,805.7335815429688,6110313
2022-12-30 00:00:00+05:30,809.6113551115242,809.7095015507273,790.2226998104757,791.3516235351562,3113243
2023-01-02 00:00:00+05:30,791.4989173668766,801.2668849819494,790.8607857451805,798.6162719726562,1626846
2023-01-03 00:00:00+05:30,795.5237597525653,803.8191699869298,793.7076314402133,802.64111328125,1717603
2023-01-04 00:00:00+05:30,803.9665345044845,805.4390905625847,791.4498080106325,796.9473266601562,2970216
2023-01-05 00:00:00+05:30,809.9057770219532,809.9057770219532,789.044567613812,792.333251953125,5297349
2023-01-06 00:00:00+05:30,792.7751327562731,797.3891540028941,777.5096460083621,781.4364624023438,3199618
2023-01-09 00:00:00+05:30,788.0138555224498,806.4698797397402,786.3940198672135,804.4083251953125,4340729
2023-01-10 00:00:00+05:30,810.9856522122543,810.9856522122543,775.8406609188231,778.343994140625,8392344
2023-01-11 00:00:00+05:30,760.820633255602,765.3855810225194,737.8978678210268,751.5435180664062,28389020
2023-01-12 00:00:00+05:30,751.0035976792288,755.2249131073286,739.7630743315797,743.0518188476562,12732671
2023-01-13 00:00:00+05:30,743.1499180940611,751.9361807606347,738.2413981594901,750.3163452148438,12279288
2023-01-16 00:00:00+05:30,752.3779741606388,754.0468230360615,740.8429520902176,745.2606201171875,5779293
2023-01-17 00:00:00+05:30,745.2606464159657,754.8322608121636,744.8679408323276,751.6907958984375,6594428
2023-01-18 00:00:00+05:30,754.1450801221298,765.7291761884682,751.9853191799572,762.34228515625,5800899
2023-01-19 00:00:00+05:30,761.8023656341079,762.2932176738205,751.6417523794397,757.8755493164062,4169463
2023-01-20 00:00:00+05:30,761.6550125207739,761.6550125207739,744.4261195739152,750.463623046875,6289718
2023-01-23 00:00:00+05:30,753.8505766052888,761.8023555762649,749.8746272013396,758.562744140625,2685320
2023-01-24 00:00:00+05:30,758.8572006373812,763.3239419045307,747.0767525032951,761.458740234375,5012125
2023-01-25 00:00:00+05:30,760.7715226474331,766.219967834119,753.9486679008371,762.2931518554688,6560514
2023-01-27 00:00:00+05:30,760.7715517474065,764.649294658341,751.788935885271,760.3297729492188,6745926
2023-01-30 00:00:00+05:30,757.4828091700936,760.7715536372532,749.0401784394701,756.1084594726562,5420851
2023-01-31 00:00:00+05:30,760.8205635312756,764.7473793430499,754.3413414092297,756.20654296875,8537557
2023-02-01 00:00:00+05:30,761.7532731784574,770.2941104374823,742.7572637701757,755.028564453125,4472974
2023-02-02 00:00:00+05:30,751.1017445100825,766.7108628687771,751.0526712912862,763.5203247070312,2841909
2023-02-03 00:00:00+05:30,765.6310354451344,780.4056698555185,764.1584793261235,778.3931884765625,5493687
2023-02-06 00:00:00+05:30,775.2516542682598,780.1111010111111,764.5510567908078,774.8098754882812,2407975
2023-02-07 00:00:00+05:30,779.3748110122416,781.2890858319015,768.6742136996157,771.5211791992188,4126502
2023-02-08 00:00:00+05:30,763.7657278334337,766.7108398944881,751.0035755688649,760.9187622070312,9951783
2023-02-09 00:00:00+05:30,755.9120362932471,760.9187024363794,747.3712000033859,752.6233520507812,5913945
2023-02-10 00:00:00+05:30,754.8813040108374,759.0535460176199,747.0767452144588,757.826416015625,2954992
2023-02-13 00:00:00+05:30,756.893772222126,765.3364025233691,752.6724570715045,754.5376586914062,3705892
2023-02-14 00:00:00+05:30,754.9304514168589,763.3730826928872,752.1816919259518,761.0170288085938,3502010
2023-02-15 00:00:00+05:30,760.8206492791339,772.7483776190879,758.0718898847854,771.0303955078125,3602838
2023-02-16 00:00:00+05:30,775.2026515251795,776.0370760266405,766.3181816574041,770.0977783203125,3399428
2023-02-17 00:00:00+05:30,771.5702619489032,773.0428179320419,756.2065705574408,762.587646484375,3093216
2023-02-20 00:00:00+05:30,766.9562688387239,779.2766423576574,762.8821731712691,764.8947143554688,3381774
2023-02-21 00:00:00+05:30,768.723324889558,773.5827717976128,763.9130111175261,764.7965087890625,2769616
2023-02-22 00:00:00+05:30,762.7840065367651,767.348954095391,752.4761145565385,758.0227661132812,3261898
2023-02-23 00:00:00+05:30,759.8389681486808,763.2749324749345,747.9112394487292,748.9911499023438,4062194
2023-02-24 00:00:00+05:30,761.5078390836892,761.605985520727,741.186553384682,743.2481079101562,4357223
2023-02-27 00:00:00+05:30,739.2230853939284,740.5974949118436,724.9393046917207,739.1249389648438,6719439
2023-02-28 00:00:00+05:30,741.1865259043975,743.2480803534373,726.1173933517374,728.6697998046875,10562614
2023-03-01 00:00:00+05:30,728.817085888614,739.6649032883136,727.4426762979957,736.474365234375,3744982
2023-03-02 00:00:00+05:30,737.259679239255,738.0450304291877,722.3377669567135,726.55908203125,4910541
2023-03-03 00:00:00+05:30,731.3695289737326,751.887167915011,729.9460460947224,750.4146118164062,5759333
2023-03-06 00:00:00+05:30,752.6724861384948,761.7041751304351,751.1017237512027,752.5742797851562,4597345
2023-03-08 00:00:00+05:30,750.0218742423356,755.8139519505957,746.7822629472319,752.5252075195312,3546995
2023-03-09 00:00:00+05:30,780.4547225536338,780.4547225536338,756.1084740098667,759.2499389648438,5240056
2023-03-10 00:00:00+05:30,758.8572278246163,764.6983788840605,754.1450603858527,759.593505859375,4113931
2023-03-13 00:00:00+05:30,763.2258238497783,763.5693962990811,749.1874679516965,751.298095703125,3447889
2023-03-14 00:00:00+05:30,750.021919355618,762.538646412927,750.021919355618,757.67919921875,3753502
2023-03-15 00:00:00+05:30,744.1316729899942,751.5435266145797,738.7323006925733,742.806396484375,8101060
2023-03-16 00:00:00+05:30,736.2780133116287,745.1133494713682,729.8969371962612,732.3021240234375,7465693
2023-03-17 00:00:00+05:30,736.2780314382841,745.5551466180983,725.6265665508607,743.3953857421875,9306857
2023-03-20 00:00:00+05:30,741.1374529084437,745.8986933804077,735.099949291167,740.9901733398438,3566109
2023-03-21 00:00:00+05:30,746.0950764759731,751.9853007639413,741.3338358105827,743.1008911132812,5332221
2023-03-22 00:00:00+05:30,747.0767841934193,749.2365450933078,739.3704313461932,742.85546875,2680654
2023-03-23 00:00:00+05:30,744.1316934935986,751.78897334269,743.0027098329189,749.5801391601562,2454948
2023-03-24 00:00:00+05:30,749.5800945982828,752.9669854605127,744.9660737075972,748.500244140625,2336818
2023-03-27 00:00:00+05:30,749.040118225919,755.6175467130353,745.456874820104,747.81298828125,2258853
2023-03-28 00:00:00+05:30,751.5925347752342,751.5925347752342,729.2096962634555,734.75634765625,4166723
2023-03-29 00:00:00+05:30,737.2597512201696,741.0884210327719,725.3320228888372,729.9951171875,4891868
2023-03-31 00:00:00+05:30,738.3887786676632,739.2232032032293,728.4735310932743,735.29638671875,5796532
2023-04-03 00:00:00+05:30,741.1865036344628,747.9602850522793,738.2904649147165,746.6349487304688,2120667
2023-04-05 00:00:00+05:30,753.9487362257178,753.9487362257178,742.1682872221909,749.4819946289062,3197932
2023-04-06 00:00:00+05:30,748.6474737904638,754.6359043603734,745.2115096649032,751.9362182617188,1777379
2023-04-10 00:00:00+05:30,754.8812747893783,762.0967749544129,752.4270148803929,755.6666259765625,1701065
2023-04-11 00:00:00+05:30,761.8023345601598,761.8023345601598,754.0959818183976,759.9862060546875,3485481
2023-04-12 00:00:00+05:30,759.838908975374,760.3788342009026,751.1017192587907,756.991943359375,3794841
2023-04-13 00:00:00+05:30,755.9120298023123,757.0410132947229,751.4452888826256,753.0159912109375,4292170
2023-04-17 00:00:00+05:30,774.5644531711364,774.5644531711364,740.548385727987,745.75146484375,9083437
2023-04-18 00:00:00+05:30,751.0035553430405,751.0035553430405,738.7813286351388,745.849609375,4051481
2023-04-19 00:00:00+05:30,747.4203020720113,752.8196739682701,742.1682097403054,750.6599731445312,3429794
2023-04-20 00:00:00+05:30,750.0219121193314,759.593526835514,748.6475024491103,758.1700439453125,2355441
2023-04-21 00:00:00+05:30,755.5193516554225,761.0660030555864,750.4636121589158,751.1998901367188,4524208
2023-04-24 00:00:00+05:30,751.1999622403409,753.3597231662242,741.8247004067945,746.3405151367188,5271105
2023-04-25 00:00:00+05:30,750.9545384090085,762.7840604385525,747.8130734093531,758.4645385742188,5773233
2023-04-26 00:00:00+05:30,765.631014351457,765.631014351457,753.0651545473258,759.2990112304688,5057352
2023-04-27 00:00:00+05:30,757.8754609648164,774.7607811461692,757.2373294201973,772.1101684570312,4129769
2023-04-28 00:00:00+05:30,775.3988499366408,787.3756502492918,772.7973703900296,784.6759643554688,6572656
2023-05-02 00:00:00+05:30,785.6086674477704,792.0388170033259,774.122718058094,775.7425537109375,6301210
2023-05-03 00:00:00+05:30,779.9638442468628,779.9638442468628,762.9803766767839,765.0419311523438,3908267
2023-05-04 00:00:00+05:30,765.0419707764087,778.1968292991446,759.4953787246694,774.6626586914062,2457671
2023-05-05 00:00:00+05:30,774.6626241134201,776.4788125153248,765.9745674376467,772.8955688476562,1438467
2023-05-08 00:00:00+05:30,775.4480026829336,780.7491682574505,770.8339819640062,779.2275390625,2489174
2023-05-09 00:00:00+05:30,782.3199323269688,783.7433551753904,776.0370028337971,779.0802612304688,2486331
2023-05-10 00:00:00+05:30,782.4181044360955,782.9580296637462,773.6318414678328,781.4854736328125,2737334
2023-05-11 00:00:00+05:30,780.0129037322193,780.0129037322193,769.3614392652462,774.1717529296875,4808171
2023-05-12 00:00:00+05:30,773.0919153832868,779.1784922880913,770.1468033246839,777.4605102539062,2576010
2023-05-15 00:00:00+05:30,778.491334585152,787.817523334911,775.1044435291786,782.4672241210938,7569060
2023-05-16 00:00:00+05:30,786.1976454678745,786.5903510457644,769.6559565926731,772.9446411132812,4846217
2023-05-17 00:00:00+05:30,773.5828235321671,783.0562919755489,769.557860727367,777.7550659179688,6529233
2023-05-18 00:00:00+05:30,783.3507479561426,788.3083413570749,780.111136619189,784.72509765625,11383252
2023-05-19 00:00:00+05:30,784.7250660571056,793.5604020303593,778.7366956426163,791.0079956054688,3432240
2023-05-22 00:00:00+05:30,786.3448968640175,789.290008837291,784.8723408773808,787.1793212890625,9996762
2023-05-23 00:00:00+05:30,794.1495459091905,794.1495459091905,783.3508007788605,785.314208984375,6516636
2023-05-24 00:00:00+05:30,788.2102270132323,788.2102270132323,780.4547408412615,786.7376708984375,9104329
2023-05-25 00:00:00+05:30,784.9704899616826,810.3966473842463,783.2525079714676,807.6478881835938,9570396
2023-05-26 00:00:00+05:30,812.7527690719038,814.1761919432759,798.518061010525,802.9848022460938,6150206
2023-05-29 00:00:00+05:30,814.2253379983717,814.2253379983717,803.0338882051465,806.2244262695312,3684829
2023-05-30 00:00:00+05:30,806.2244061759269,811.2310725847966,797.9289954315822,803.4756469726562,5148256
2023-05-31 00:00:00+05:30,804.0156022056248,872.4894584374225,803.0338981736277,834.3502807617188,47342125
2023-06-01 00:00:00+05:30,822.6189203792087,822.6189203792087,807.9424328534044,812.8018798828125,9713155
2023-06-02 00:00:00+05:30,817.5631176160166,823.9441939157261,811.820172913662,821.1954345703125,6834131
2023-06-05 00:00:00+05:30,823.1588106606805,825.9566431159367,816.9250141776218,819.2319946289062,5298053
2023-06-06 00:00:00+05:30,819.2320073961848,822.9133974833456,811.0348027694902,814.2744140625,2722174
2023-06-07 00:00:00+05:30,813.7345165987763,831.9941880867473,812.1146809377718,828.8036499023438,4110739
2023-06-08 00:00:00+05:30,832.1904773796779,833.8593861324775,819.2810460512513,820.7045288085938,4050621
2023-06-09 00:00:00+05:30,823.2078371154346,824.4349670556576,813.7835031419045,818.250244140625,3332436
2023-06-12 00:00:00+05:30,819.5756006659927,827.6746590635796,816.5323420839804,821.0481567382812,1569715
2023-06-13 00:00:00+05:30,822.7661068344682,828.5581844609981,817.5140143482182,819.084716796875,3224345
2023-06-14 00:00:00+05:30,816.777769300161,818.6921041806503,804.015616654846,812.8018798828125,5108720
2023-06-15 00:00:00+05:30,811.8692235911873,818.5447989356941,809.1204643220914,814.5198364257812,3865201
2023-06-16 00:00:00+05:30,807.4515590810923,824.6313794870731,805.7826502579626,822.4716186523438,4907797
2023-06-19 00:00:00+05:30,824.6313989627378,824.6313989627378,812.3600983829351,812.9982299804688,3017364
2023-06-20 00:00:00+05:30,812.9491130849568,818.4466918056181,811.7219830024602,815.992431640625,2691557
2023-06-21 00:00:00+05:30,816.7777301847437,825.3676402077203,815.2070277479253,823.649658203125,3022724
2023-06-22 00:00:00+05:30,821.3918170579097,828.0673928290933,819.428408894711,827.3801879882812,4380046
2023-06-23 00:00:00+05:30,828.5581920740979,846.9651424311943,825.956652456245,839.1605834960938,7667340
2023-06-26 00:00:00+05:30,841.6639589864734,841.6639589864734,830.8652142352138,836.36279296875,4431992
2023-06-27 00:00:00+05:30,840.8294681734377,855.4077484703582,837.9825026325549,849.0758056640625,5533649
2023-06-28 00:00:00+05:30,853.5916357274691,857.6165981965239,847.7995581076513,856.2422485351562,6272649
2023-06-30 00:00:00+05:30,863.8994932432432,866.844605152027,851.1864148533023,862.67236328125,5217511
2023-07-03 00:00:00+05:30,863.8994878781538,867.973583294052,858.5982625078832,863.0650634765625,3333167
2023-07-04 00:00:00+05:30,857.8129932062891,857.8129932062891,837.6880600334869,849.3212890625,7397493
2023-07-05 00:00:00+05:30,852.1190997179135,855.0642118137127,847.259652776153,850.7938232421875,4284477
2023-07-06 00:00:00+05:30,848.5358732272798,861.8380110642725,847.6523755317137,853.7389526367188,6365222
2023-07-07 00:00:00+05:30,849.173993000573,867.4336641427969,846.7197329051955,854.5242919921875,18763997
2023-07-10 00:00:00+05:30,851.1373670810265,873.3238534896889,849.1739590831463,869.2007446289062,4310681
2023-07-11 00:00:00+05:30,873.7165865205309,876.8089781817791,870.0842696265852,875.5818481445312,3353977
2023-07-12 00:00:00+05:30,873.66748046875,879.312278427949,866.9427721662826,873.66748046875,3033186
2023-07-13 00:00:00+05:30,875.0418399403195,876.9561747316848,867.0900614758267,868.8571166992188,4228714
2023-07-14 00:00:00+05:30,868.8080835745823,873.9620298330756,863.5559908785493,870.2806396484375,3860080
2023-07-17 00:00:00+05:30,869.7897261307073,880.2448974832952,859.9726863323924,862.0342407226562,5614592
2023-07-18 00:00:00+05:30,861.0035639116006,864.0959557759929,847.357912952075,859.432861328125,4731911
2023-07-19 00:00:00+05:30,859.4328075592721,860.954436826528,851.3337492880989,854.8187866210938,6641825
2023-07-20 00:00:00+05:30,855.0641900723869,870.4769549655347,852.1190780514717,868.6607666015625,3779959
2023-07-21 00:00:00+05:30,862.0342484095111,875.5818113867556,858.7946372308703,869.7897338867188,7001587
2023-07-24 00:00:00+05:30,868.8080600215098,876.2689866260627,864.6848911428009,871.9004516601562,4125577
2023-07-25 00:00:00+05:30,871.7531153036368,878.330543810452,863.0159261040452,867.4827270507812,3652262
2023-07-26 00:00:00+05:30,870.2806587390963,880.0976994468132,867.1391937289347,873.1276245117188,2845581
2023-07-27 00:00:00+05:30,873.0784685062312,884.9080501839653,871.9004715869277,878.7723999023438,3445446
2023-07-28 00:00:00+05:30,883.4355553141999,883.4355553141999,874.2565859059677,878.7233276367188,2314339
2023-07-31 00:00:00+05:30,877.6434319273872,881.3738953814177,869.0535213799994,873.6184692382812,4424817
2023-08-01 00:00:00+05:30,878.134197080197,880.981162547336,871.9004008670768,875.3363647460938,2087412
2023-08-02 00:00:00+05:30,867.0409669708703,874.3546736043062,856.6348688335829,862.0342407226562,3328903
2023-08-03 00:00:00+05:30,858.9910763479985,865.9120781794528,849.2721819167905,855.75146484375,4642067
2023-08-04 00:00:00+05:30,853.1007743125596,876.6125970497444,850.352015101688,873.3729858398438,7066276
2023-08-07 00:00:00+05:30,868.9553531806273,884.073559414361,867.9245160059864,875.0910034179688,4086452
2023-08-08 00:00:00+05:30,875.6799670545278,877.9378742683986,864.3412978504615,869.2007446289062,3282856
2023-08-09 00:00:00+05:30,868.8080636025412,881.0302907182687,862.7214866534983,867.5318603515625,3185159
2023-08-10 00:00:00+05:30,865.8628972317402,867.7281587328414,852.3153944968394,858.7946166992188,3439922
2023-08-11 00:00:00+05:30,859.9781172257823,861.6546921077359,853.0746231654836,858.548095703125,2812690
2023-08-14 00:00:00+05:30,858.49882301156,858.5974202807814,845.7766452099597,855.0963745117188,2665905
2023-08-16 00:00:00+05:30,858.005693480659,861.9505472437885,841.4373197142536,845.1356201171875,3962408
2023-08-17 00:00:00+05:30,845.3822058603738,847.9956354623415,838.281456776003,844.8890991210938,3013019
2023-08-18 00:00:00+05:30,844.8891206153813,850.1160401459854,840.5004584854014,844.4453125,4929835
2023-08-21 00:00:00+05:30,843.8535657509539,861.9505585491952,842.3248867427377,859.9288330078125,3220142
2023-08-22 00:00:00+05:30,858.9918886146853,867.8185107603136,854.2580762385547,865.5502319335938,3333869
2023-08-23 00:00:00+05:30,864.9091781574083,864.9091781574083,854.8497891321188,856.1812133789062,1860153
2023-08-24 00:00:00+05:30,860.9643023842145,862.6408772111002,852.2856364607746,857.4632568359375,2842728
2023-08-25 00:00:00+05:30,857.4632452641665,863.87363230881,849.2283273290653,861.4573974609375,3124339
2023-08-28 00:00:00+05:30,861.9998317881169,863.6764066487824,853.9128696671406,858.350830078125,3094455
2023-08-29 00:00:00+05:30,858.0056755843035,858.0056755843035,836.8020870497488,843.4097290039062,14064286
2023-08-30 00:00:00+05:30,847.9955846502774,850.7076715538085,844.6424951403073,845.924560546875,3261665
2023-08-31 00:00:00+05:30,843.7055845242102,847.6504382215765,835.3720690497859,844.5932006835938,12528190
2023-09-01 00:00:00+05:30,841.3880157216618,855.5894530622558,840.9935062703851,854.0115356445312,4427899
2023-09-04 00:00:00+05:30,853.8142914881948,857.463293279756,847.8477121743447,853.3704833984375,3102649
2023-09-05 00:00:00+05:30,851.2007735241998,855.8359886086195,846.56561863347,853.9622192382812,2216754
2023-09-06 00:00:00+05:30,855.1950254138994,870.234780670061,853.8636011274664,868.1636962890625,4235096
2023-09-07 00:00:00+05:30,868.1636721404094,871.5168218866454,861.1122822179088,863.2326049804688,4532834
2023-09-08 00:00:00+05:30,869.6429936291222,878.3710186318876,866.0433507130305,873.6371459960938,3741470
2023-09-11 00:00:00+05:30,875.7575353033365,879.9982410594229,871.4181720869694,878.5189208984375,2733894
2023-09-12 00:00:00+05:30,882.5624724042685,884.1403899038642,872.7989348186501,878.12451171875,4106031
2023-09-13 00:00:00+05:30,875.8067842822528,905.3438871940422,873.3412508203954,902.533203125,5222561
2023-09-14 00:00:00+05:30,907.6122163591562,907.9080683522764,897.5528272372292,902.3359985351562,5513106
2023-09-15 00:00:00+05:30,900.0183987790812,935.6207415631934,897.4542678056854,923.2437744140625,14003428
2023-09-18 00:00:00+05:30,916.5867864397319,922.8985162790999,905.3439292538741,907.5136108398438,2977375
2023-09-20 00:00:00+05:30,898.4404442785624,906.6260037958198,892.3259089088394,898.1445922851562,5241903
2023-09-21 00:00:00+05:30,897.651462729919,907.4642982518225,890.8958647182594,905.2946166992188,4896202
2023-09-22 00:00:00+05:30,905.2946469856972,909.6339500423854,891.3397026135427,898.8349609375,6112928
2023-09-25 00:00:00+05:30,899.4266723357491,900.7580364245587,889.6138364047512,897.8487548828125,5278045
2023-09-26 00:00:00+05:30,897.4542161101915,908.2532651449808,895.4817892615977,900.1170043945312,5355047
2023-09-27 00:00:00+05:30,902.3359473168656,908.3518248790391,894.9393469402484,907.5628662109375,4713145
2023-09-28 00:00:00+05:30,913.2336393937695,919.1509199945931,905.9356359086107,912.8884887695312,7386917
2023-09-29 00:00:00+05:30,919.1509451291062,923.4903084325146,909.0915557938903,913.628173828125,5608557
2023-10-03 00:00:00+05:30,905.5904812892251,915.4526155804227,903.4207997064234,912.5432739257812,4338272
2023-10-04 00:00:00+05:30,905.6397695897889,913.184326313958,905.6397695897889,911.5077514648438,5603669
2023-10-05 00:00:00+05:30,912.2967733498577,916.784032673227,906.7247032691707,916.0443725585938,7063132
2023-10-06 00:00:00+05:30,916.3895554485728,916.3895554485728,911.5570854361968,913.282958984375,2420855
2023-10-09 00:00:00+05:30,905.3439637249619,915.2553970407287,903.9139421574639,911.8036499023438,2248103
2023-10-10 00:00:00+05:30,911.8036443363156,940.8969414679625,908.3518972190016,935.2755126953125,7897875
2023-10-11 00:00:00+05:30,935.4234457782845,943.6090052735049,934.9303390593714,942.425537109375,5645289
2023-10-12 00:00:00+05:30,942.4255453988175,943.609013573357,933.9441338363861,937.2479248046875,5544735
2023-10-13 00:00:00+05:30,933.2537507159111,942.7707343311474,933.2537507159111,941.0448608398438,4421671
2023-10-16 00:00:00+05:30,944.7431622956171,945.5321209966937,930.8375168901686,933.5003051757812,1881721
2023-10-17 00:00:00+05:30,933.5003506681002,947.0114872846042,932.9579452967827,940.5025024414062,3863410
2023-10-18 00:00:00+05:30,939.8613960329486,945.680079330356,937.5438185567234,939.7134399414062,2334392
2023-10-19 00:00:00+05:30,932.7606353255136,938.1848091048574,928.3719735925793,929.949951171875,4306963
2023-10-20 00:00:00+05:30,924.8709418589913,934.437224160907,924.0819831543746,932.1689453125,3125104
2023-10-23 00:00:00+05:30,928.6185596560593,936.015160524795,924.0820018673782,926.3502807617188,2180066
2023-10-25 00:00:00+05:30,911.8529200386376,926.695480424769,906.3301488673036,909.8804931640625,6365249
2023-10-26 00:00:00+05:30,908.9436679922419,911.8529495715125,887.6414209406829,893.0162963867188,6595332
2023-10-27 00:00:00+05:30,898.1938860436366,905.7384428998489,893.9531803113205,901.9907836914062,3508393
2023-10-30 00:00:00+05:30,902.1880683635893,919.1016534149405,897.7994063928543,913.480224609375,3686768
2023-10-31 00:00:00+05:30,907.6122636166848,910.8174574620398,899.8212131549619,901.7936401367188,5697563
2023-11-01 00:00:00+05:30,890.5507468445904,901.9415001724689,883.1048473233325,900.856689453125,4821458
2023-11-02 00:00:00+05:30,907.3163835051998,913.1843656329122,903.7660391254826,911.11328125,6611573
2023-11-03 00:00:00+05:30,912.2474246213361,920.827493518675,909.4860390504098,917.9181518554688,3895154
2023-11-06 00:00:00+05:30,921.3206416028502,927.7310291988325,917.1785329636305,926.251708984375,2760800
2023-11-07 00:00:00+05:30,923.1451095320351,926.0051526817365,919.594765106062,924.22998046875,3616946
2023-11-08 00:00:00+05:30,928.815815102141,928.815815102141,921.5178716888993,923.83544921875,1808553
2023-11-09 00:00:00+05:30,923.8354570439095,924.3778624072252,917.7209215638343,919.49609375,3914416
2023-11-10 00:00:00+05:30,916.1922738561013,924.0819812735921,916.1922738561013,922.6026611328125,1345614
2023-11-13 00:00:00+05:30,925.0681983988553,927.3364772517135,920.926089949376,922.1095581054688,1656368
2023-11-15 00:00:00+05:30,934.9303441097862,939.5655593313472,923.2930375193099,936.9027709960938,4816316
2023-11-16 00:00:00+05:30,935.9165790075699,940.749049067278,930.2458515794418,936.458984375,5310736
2023-11-17 00:00:00+05:30,935.7193104110979,940.8476323958093,932.9579247866202,934.239990234375,3249469
2023-11-20 00:00:00+05:30,935.9165590901432,951.0056127564409,928.9637663432277,948.1456298828125,4646962
2023-11-21 00:00:00+05:30,953.668373421375,962.8894447849433,947.7510929244481,957.4652709960938,5704644
2023-11-22 00:00:00+05:30,960.8677523229487,962.8401792230035,952.6328940926968,956.3804931640625,3309732
2023-11-23 00:00:00+05:30,956.6270204282941,967.4753680826356,950.4138879013639,963.1853637695312,2749555
2023-11-24 00:00:00+05:30,961.5581133824509,963.6784963766171,957.6132595839587,959.733642578125,2322104
2023-11-28 00:00:00+05:30,960.6211428146819,974.378831677202,957.8104587238577,971.3215942382812,5096984
2023-11-29 00:00:00+05:30,982.1699866016216,993.2155289479946,977.2882180466725,981.6768798828125,5647918
2023-11-30 00:00:00+05:30,981.2823382714245,1004.1625013130739,979.0140594779771,1000.7107543945312,9934052
2023-12-01 00:00:00+05:30,1001.0066063773827,1008.4525055486441,994.3003672600947,1000.7107543945312,5544950
2023-12-04 00:00:00+05:30,1021.7171497734981,1029.6068574937567,1011.0659961961945,1018.659912109375,5164902
2023-12-05 00:00:00+05:30,1024.4786206887675,1031.529950826312,1008.0087831874522,1016.8847045898438,4266159
2023-12-06 00:00:00+05:30,1014.9122104438597,1020.7308937222647,999.4780064762542,1010.3262939453125,4121251
2023-12-07 00:00:00+05:30,1001.0066415405273,1005.6418567469901,984.2410130615234,986.2134399414062,13805235
2023-12-08 00:00:00+05:30,984.9313421944802,990.158261215946,977.633338900871,986.4599609375,6630766
2023-12-11 00:00:00+05:30,982.367182940045,990.7499971752111,978.3730305490866,987.0516967773438,6195119
2023-12-12 00:00:00+05:30,985.4737231617027,987.051640497346,973.3926092175137,981.5288696289062,7119331
2023-12-13 00:00:00+05:30,979.5071652807429,988.1858312006535,977.8305904545389,986.1148071289062,4153219
2023-12-14 00:00:00+05:30,992.1306945323441,997.2590163241321,985.375156723591,991.3417358398438,6541673
2023-12-15 00:00:00+05:30,985.8683015288926,996.9138440381273,974.6254440967956,978.8661499023438,10119597
2023-12-18 00:00:00+05:30,981.2823531014303,985.0299520594615,968.609534729305,976.5978393554688,5750263
2023-12-19 00:00:00+05:30,981.7261869940402,984.1917206093783,972.3078606221873,974.8226928710938,3912964
2023-12-20 00:00:00+05:30,979.2113323582611,979.9509924259523,955.6408074570255,958.1556396484375,3990591
2023-12-21 00:00:00+05:30,954.654614673378,968.0177948131771,946.7649071140938,964.4181518554688,4294277
2023-12-22 00:00:00+05:30,968.3629742106023,985.1779008619243,962.1004829224306,975.907470703125,4605120
2023-12-26 00:00:00+05:30,981.2823795830698,988.6789804341984,976.0061617200747,986.0654907226562,2460643
2023-12-27 00:00:00+05:30,986.2134182789054,1009.9318991434651,984.2409914423476,1007.1211547851562,4791379
2023-12-28 00:00:00+05:30,1009.7838897772814,1027.5849688056066,1008.1073150159249,1022.4073486328125,5288328
2023-12-29 00:00:00+05:30,1018.9064574386966,1028.8671892794778,1010.2770896877305,1017.969482421875,4631749
2024-01-01 00:00:00+05:30,1017.7228936715331,1017.7228936715331,993.1169169235629,999.08349609375,3804406
2024-01-02 00:00:00+05:30,1003.3736129464141,1011.3125591830157,1001.992890004757,1007.6143188476562,6865791
2024-01-03 00:00:00+05:30,1017.7229677631221,1022.7033940666183,1007.269128796139,1020.9281616210938,3604276
2024-01-04 00:00:00+05:30,1020.9775004580986,1044.2028759598666,1013.3837048520998,1033.453125,4664043
2024-01-05 00:00:00+05:30,1039.2718299091878,1048.9860087642198,1024.6264631883344,1032.1710205078125,4008221
2024-01-08 00:00:00+05:30,1035.524134907209,1044.4000560635563,1030.839620963581,1034.5872802734375,4489695
2024-01-09 00:00:00+05:30,1042.4276178663692,1053.1773685613894,1033.6010556335234,1049.82421875,3371125
2024-01-10 00:00:00+05:30,1052.2403572179799,1058.5029087264575,1040.7510672186897,1048.0489501953125,3111573
2024-01-11 00:00:00+05:30,1051.0569423823747,1059.0946057565116,1042.7727256555797,1048.1968994140625,2604325
2024-01-12 00:00:00+05:30,1043.5123480923305,1063.6804838450962,1037.101961154325,1061.5107421875,3394013
2024-01-15 00:00:00+05:30,1063.1875076729355,1089.4700010352597,1059.7357604364315,1087.2017822265625,3312897
2024-01-16 00:00:00+05:30,1091.7383274373713,1101.6004622832372,1077.9313386531587,1080.7913818359375,5025540
2024-01-17 00:00:00+05:30,1076.9450263476158,1093.6612952225112,1063.9270577005625,1070.2880859375,4568700
2024-01-18 00:00:00+05:30,1060.3767498063035,1080.8900395884882,1060.3767498063035,1072.0634765625,4407330
2024-01-19 00:00:00+05:30,1075.9588555772568,1120.6836106935739,1074.775447612418,1109.4901123046875,11753391
2024-01-23 00:00:00+05:30,1129.214381611615,1156.384609865607,1119.3522472743955,1142.03515625,18194595
2024-01-24 00:00:00+05:30,1124.3819600280942,1177.538890467549,1124.3819600280942,1173.544677734375,9546592
2024-01-25 00:00:00+05:30,1169.6491325650616,1184.0971834486747,1141.098301809594,1144.550048828125,11424697
2024-01-29 00:00:00+05:30,1142.0351199900256,1153.6231274683355,1142.0351199900256,1146.1279296875,4015858
2024-01-30 00:00:00+05:30,1146.1280167017399,1164.5701605719744,1138.6328183518679,1142.67626953125,3902023
2024-01-31 00:00:00+05:30,1143.021409175492,1158.8501834885712,1130.3978286327495,1154.56005859375,5981966
2024-02-01 00:00:00+05:30,1148.988009796964,1154.066912673751,1133.109877194679,1135.328857421875,3606209
2024-02-02 00:00:00+05:30,1139.0764964379189,1158.99795930292,1129.510274449626,1134.9344482421875,4969983
2024-02-05 00:00:00+05:30,1138.4354332057546,1143.6624124679106,1094.6968922635126,1098.197998046875,7809331
2024-02-06 00:00:00+05:30,1109.4901254427007,1140.1613394996843,1107.5176985530247,1118.4154052734375,9863065
2024-02-07 00:00:00+05:30,1123.0998253656078,1132.4194934862473,1116.1963318281346,1118.661865234375,2770694
2024-02-08 00:00:00+05:30,1128.6226667278795,1130.6936908412158,1100.8113759331113,1126.4036865234375,6519392
2024-02-09 00:00:00+05:30,1130.1511777731437,1130.1511777731437,1100.860688461307,1104.8055419921875,4203171
2024-02-12 00:00:00+05:30,1107.4191464085875,1113.4350245897435,1095.979094059811,1103.2769775390625,3887976
2024-02-13 00:00:00+05:30,1095.683061082551,1109.4900483509177,1088.582372928055,1102.4385986328125,3211554
2024-02-14 00:00:00+05:30,1094.6968622727188,1105.693165642393,1089.4698831537632,1100.4661865234375,4653070
2024-02-15 00:00:00+05:30,1106.8274275131657,1115.8511844698764,1094.1052496499617,1105.2493896484375,5056712
2024-02-16 00:00:00+05:30,1108.5039358956474,1111.5119351222047,1101.4524855355598,1104.55908203125,3091952
2024-02-19 00:00:00+05:30,1105.5946838741286,1129.2144488635233,1102.9318352120604,1126.4530029296875,4711035
2024-02-20 00:00:00+05:30,1129.2142831075255,1135.7232671248194,1119.352149630604,1128.1787109375,5397418
2024-02-21 00:00:00+05:30,1139.0764908260933,1143.1693005632474,1116.985286320475,1124.1846923828125,4570259
2024-02-22 00:00:00+05:30,1121.9164408102838,1123.0506103999107,1082.5172600866651,1119.894775390625,8642368
2024-02-23 00:00:00+05:30,1111.4626252854,1116.2457367293362,1099.9239753783875,1110.2298583984375,6709844
2024-02-26 00:00:00+05:30,1102.6851613345705,1110.3776738900342,1089.1247272952041,1094.7462158203125,3186134
2024-02-27 00:00:00+05:30,1097.655593148039,1115.4074356248268,1086.1169436930818,1111.9556884765625,7149094
2024-02-28 00:00:00+05:30,1117.7742707941488,1136.7588783901397,1108.0107342387355,1113.1883544921875,5302711
2024-02-29 00:00:00+05:30,1103.4249542734735,1122.261608112162,1083.8486403071868,1107.8629150390625,13818650
2024-03-01 00:00:00+05:30,1112.4487368474558,1125.0229579421414,1101.9948986815073,1113.1390380859375,5927490
2024-03-04 00:00:00+05:30,1116.3936046571737,1133.4057863535838,1116.3936046571737,1117.8729248046875,5855090
2024-03-05 00:00:00+05:30,1117.4291844237036,1163.4853038374815,1117.4291844237036,1152.784912109375,5375008
2024-03-06 00:00:00+05:30,1157.7652047342087,1180.1029629382997,1141.394085919773,1177.242919921875,5464839
2024-03-07 00:00:00+05:30,1193.1702462395453,1196.8685464533642,1173.051468998895,1183.16015625,8903981
2024-03-11 00:00:00+05:30,1169.6490675331627,1201.5038078308794,1169.6490675331627,1180.1029052734375,6679208
2024-03-12 00:00:00+05:30,1183.4561757188085,1191.3458835569338,1181.286554218279,1187.6475830078125,4249548
2024-03-13 00:00:00+05:30,1195.2905677640374,1195.2905677640374,1135.821855222809,1152.6368408203125,7528096
2024-03-14 00:00:00+05:30,1157.765282516524,1183.160279973648,1147.5087584942378,1178.130615234375,8569080
2024-03-15 00:00:00+05:30,1173.5940161533042,1205.9418657618958,1171.4736331390798,1203.180419921875,10115416
2024-03-18 00:00:00+05:30,1208.1114364526068,1213.5849690747523,1198.4464968060338,1208.4073486328125,4141080
2024-03-19 00:00:00+05:30,1199.432765550153,1223.299203587274,1197.8548480868242,1211.415283203125,7703719
2024-03-20 00:00:00+05:30,1211.3166431983411,1221.9184375515933,1206.7800855060536,1214.8177490234375,6596032
2024-03-21 00:00:00+05:30,1220.9321825847028,1225.764652295995,1197.3616583749379,1203.9693603515625,9952250
2024-03-22 00:00:00+05:30,1210.0345941630235,1227.8357958236961,1205.152885539403,1219.0584716796875,7840007
2024-03-26 00:00:00+05:30,1208.1114521799027,1216.987373053061,1193.3182507246386,1196.37548828125,10898138
2024-03-27 00:00:00+05:30,1193.860764688126,1211.3166949583808,1193.860764688126,1207.914306640625,5779169
2024-03-28 00:00:00+05:30,1210.034466998073,1221.4252797726228,1203.4762442845683,1211.6617431640625,10518377
2024-04-01 00:00:00+05:30,1211.0700916347114,1214.9163480879006,1191.345823041312,1200.56689453125,5461473
2024-04-02 00:00:00+05:30,1208.1114826009014,1210.8235696026586,1186.6119811229273,1191.5924072265625,3625577
2024-04-03 00:00:00+05:30,1178.5250535458156,1223.4963620555268,1173.0515208325537,1208.8017578125,9532291
2024-04-04 00:00:00+05:30,1214.9656032702455,1216.0011755406229,1184.7382575442073,1190.211669921875,7327626
2024-04-05 00:00:00+05:30,1189.2748044431585,1194.6496195048844,1172.558414500141,1174.5802001953125,4227519
2024-04-08 00:00:00+05:30,1171.6214715679616,1193.8606309887841,1166.7890020269492,1188.0911865234375,4827733
2024-04-09 00:00:00+05:30,1198.1999676555577,1198.1999676555577,1181.7796102321865,1187.8447265625,3372798
2024-04-10 00:00:00+05:30,1196.52343481367,1213.7328108808472,1192.0854744125477,1212.4508056640625,6442196
2024-04-12 00:00:00+05:30,1209.196275824134,1214.8670031093752,1202.7366500185933,1208.6539306640625,7877073
2024-04-15 00:00:00+05:30,1193.909974792086,1217.973606974979,1193.66342143035,1207.667724609375,4281602
2024-04-16 00:00:00+05:30,1207.0266838354057,1216.938056925768,1195.340078353171,1199.6793212890625,5235632
2024-04-18 00:00:00+05:30,1203.1804169804218,1264.177695190026,1199.038368617902,1248.2996826171875,19939924
2024-04-19 00:00:00+05:30,1262.3532050038789,1278.6257267871322,1236.0705927128452,1271.2291259765625,13103862
2024-04-22 00:00:00+05:30,1286.022283205372,1287.4030060531604,1270.4894220393564,1279.6612548828125,7894656
2024-04-23 00:00:00+05:30,1291.9396462393458,1332.374398526226,1284.148535745616,1323.8436279296875,12074766
2024-04-24 00:00:00+05:30,1333.3604905976906,1335.3329173589298,1315.1649018802093,1317.9755859375,6277492
2024-04-25 00:00:00+05:30,1312.6501010793654,1325.2736813859462,1306.0917575637384,1320.243896484375,8512627
2024-04-26 00:00:00+05:30,1319.5535551735718,1327.147350348094,1303.774140462976,1307.718994140625,5289771
2024-04-29 00:00:00+05:30,1306.2397292639869,1327.443318678238,1301.8017686889111,1314.080078125,3195888
2024-04-30 00:00:00+05:30,1304.9083256985014,1316.3977362505912,1301.752370485921,1304.070068359375,5272565
2024-05-02 00:00:00+05:30,1297.1171973947226,1301.7031138636721,1275.7656528279133,1286.0716552734375,7995432
2024-05-03 00:00:00+05:30,1287.9947425863597,1292.4327030317183,1240.8044539281873,1259.7890625,11290875
2024-05-06 00:00:00+05:30,1257.422082209037,1280.548738232754,1255.646849938026,1265.706298828125,5555467
2024-05-07 00:00:00+05:30,1268.615651566955,1276.6039564611576,1253.4772991363725,1268.41845703125,5767030
2024-05-08 00:00:00+05:30,1258.5562857465543,1281.485747866059,1257.1262040486083,1270.8345947265625,2682816
2024-05-09 00:00:00+05:30,1265.311804121669,1277.4422772109124,1252.5403886262889,1257.8658447265625,4809145
2024-05-10 00:00:00+05:30,1257.471522645904,1290.4603147887597,1254.2169700669508,1283.211669921875,5532513
2024-05-13 00:00:00+05:30,1283.2117087114548,1284.9375823218068,1263.7339922517683,1268.22119140625,3703942
2024-05-14 00:00:00+05:30,1272.7578282622558,1281.9789000307385,1263.0435293766575,1266.593994140625,3262908
2024-05-15 00:00:00+05:30,1263.881816880964,1300.0758001038328,1262.8462446675198,1291.8409423828125,6891004
2024-05-16 00:00:00+05:30,1309.6914384431557,1338.1436718951106,1303.0838565999388,1326.5556640625,11932181
2024-05-17 00:00:00+05:30,1334.9385503242647,1341.2503407109705,1320.78641088027,1325.9146728515625,6614017
2024-05-21 00:00:00+05:30,1337.3054954067675,1343.9624364790357,1317.334672189963,1325.766845703125,5422220
2024-05-22 00:00:00+05:30,1323.6464113115976,1332.374376301678,1311.2201458691625,1329.317138671875,3026723
2024-05-23 00:00:00+05:30,1332.1277470594475,1358.311760925617,1325.7667187986788,1355.1065673828125,7147341
2024-05-24 00:00:00+05:30,1356.53664658917,1378.4798965976097,1355.1066851930134,1369.357421875,5622368
2024-05-27 00:00:00+05:30,1376.7539368084301,1387.602284448038,1359.0020952163445,1365.2645263671875,6553974
2024-05-28 00:00:00+05:30,1365.708383659235,1367.8286461891164,1348.0551394737822,1352.14794921875,2068963
2024-05-29 00:00:00+05:30,1336.8123157610053,1371.0832327456567,1336.8123157610053,1358.114501953125,4445083
2024-05-30 00:00:00+05:30,1359.7910945593974,1367.3355308176651,1344.7019812681042,1358.163818359375,7100303
2024-05-31 00:00:00+05:30,1360.9745101359042,1368.8642174410397,1319.5535467839418,1353.824462890625,24825643
2024-06-03 00:00:00+05:30,1395.7879465562285,1400.8668495233412,1365.9056308102631,1371.9215087890625,6017122
2024-06-04 00:00:00+05:30,1371.9214220157578,1377.7401050911126,1202.2434805896828,1281.781494140625,19924421
2024-06-05 00:00:00+05:30,1307.3737761313134,1330.1552808679628,1262.2051556955462,1325.81591796875,12175520
2024-06-06 00:00:00+05:30,1340.2641709020031,1357.2763540867415,1310.6777653633274,1351.7042236328125,10279789
2024-06-07 00:00:00+05:30,1351.7040019431797,1410.9261621385056,1344.3567605943686,1405.6005859375,12280748
2024-06-10 00:00:00+05:30,1401.4585815033724,1416.8434862603754,1401.4585815033724,1406.3896484375,5318477
2024-06-11 00:00:00+05:30,1406.3403533278047,1414.8217647612814,1393.5195787182245,1407.5731201171875,4416792
2024-06-12 00:00:00+05:30,1405.354052697814,1427.8890041320199,1402.4940098464278,1418.5693359375,4876138
2024-06-13 00:00:00+05:30,1429.023335528587,1435.8774710740622,1400.8668924603528,1406.0938720703125,7990376
2024-06-14 00:00:00+05:30,1414.2300538746206,1414.2300538746206,1401.3599205013531,1407.7210693359375,3978442
2024-06-18 00:00:00+05:30,1424.0922235735738,1424.0922235735738,1398.4506738416396,1408.657958984375,8671131
2024-06-19 00:00:00+05:30,1414.1807530299523,1415.019130786918,1369.1602045655725,1373.154296875,8640918
2024-06-20 00:00:00+05:30,1386.5667865883688,1387.5530000630608,1357.276294544969,1362.1087646484375,8742855
2024-06-21 00:00:00+05:30,1365.8562536401241,1404.3185777456931,1353.923095110488,1396.527587890625,43929578
2024-06-24 00:00:00+05:30,1382.6713039856756,1404.1708060827762,1370.1956793408522,1400.2259521484375,6195831
2024-06-25 00:00:00+05:30,1414.2300407116736,1414.2300407116736,1390.4129626012916,1395.442626953125,6353748
2024-06-26 00:00:00+05:30,1395.4426823885688,1459.546557073419,1389.525401648429,1439.3785400390625,9579826
2024-06-27 00:00:00+05:30,1443.8164905588649,1468.4718268047473,1420.1967265902633,1455.453857421875,19675528
2024-06-28 00:00:00+05:30,1515.0704348342108,1515.0704348342108,1416.8435978477416,1424.1416015625,29145832
2024-07-01 00:00:00+05:30,1430.0094919322773,1446.5779259247906,1429.2698318502432,1433.954345703125,6011806
2024-07-02 00:00:00+05:30,1441.8441118310177,1453.0869696122393,1397.4645051057128,1399.3875732421875,7792632
2024-07-03 00:00:00+05:30,1408.2634513723176,1412.6521734684666,1389.0322890481596,1400.275146484375,8261388
2024-07-04 00:00:00+05:30,1398.4506044369582,1421.2321099522144,1392.0402173221203,1403.4310302734375,9570938
2024-07-05 00:00:00+05:30,1402.8885694472265,1413.8355141717643,1397.3164396281854,1409.9892578125,4881198
2024-07-08 00:00:00+05:30,1411.2714479147253,1419.0131994250407,1403.52969640441,1415.3642578125,3261797
2024-07-09 00:00:00+05:30,1416.20253696718,1421.7746671267357,1408.4607853376988,1415.7587890625,2897480
2024-07-10 00:00:00+05:30,1421.1335949517859,1428.7767492619014,1406.4883491576225,1425.1278076171875,3416762
2024-07-11 00:00:00+05:30,1430.0095308143189,1430.8477881859396,1408.3128344847223,1418.1256103515625,4178558
2024-07-12 00:00:00+05:30,1422.1197237007784,1427.642494666801,1401.8529901629902,1413.4903564453125,6342135
2024-07-15 00:00:00+05:30,1413.490391187128,1420.1473318049636,1406.3897026830555,1417.7803955078125,3324806
2024-07-16 00:00:00+05:30,1431.9818878121805,1452.9882818420633,1425.0783938626726,1446.281982421875,6967651
2024-07-18 00:00:00+05:30,1445.788865795556,1465.4637752617646,1438.934730719076,1463.195556640625,6470342
2024-07-19 00:00:00+05:30,1459.5958063429964,1459.5958063429964,1431.9324728043157,1441.597412109375,3858596
2024-07-22 00:00:00+05:30,1430.0095538719172,1451.7062505513532,1429.0726992157151,1445.197265625,3560584
2024-07-23 00:00:00+05:30,1449.7336856607312,1449.7336856607312,1408.7564710845538,1445.492919921875,2936143
2024-07-24 00:00:00+05:30,1445.7889711918415,1455.2565965846513,1416.7450321697165,1435.1378173828125,4529339
2024-07-25 00:00:00+05:30,1425.0783329768756,1433.9542533898803,1420.2458633412089,1429.171142578125,4277756
2024-07-26 00:00:00+05:30,1430.2559923593205,1499.0443774426253,1429.1711816899629,1493.5216064453125,9564987
2024-07-29 00:00:00+05:30,1503.975486556938,1503.975486556938,1456.6866005608056,1460.92724609375,4589313
2024-07-30 00:00:00+05:30,1463.9352039310047,1464.4283106340004,1443.8657851965568,1450.078857421875,4263689
2024-07-31 00:00:00+05:30,1457.475619018746,1483.413082617375,1452.840463653351,1470.98681640625,5634305
2024-08-01 00:00:00+05:30,1464.5268881451605,1490.1684363551094,1464.5268881451605,1484.7442626953125,4531379
2024-08-02 00:00:00+05:30,1473.5014802768655,1484.399186970816,1463.1462391312123,1473.2056884765625,3335905
2024-08-05 00:00:00+05:30,1461.5682463600026,1467.4855267096382,1431.4887379160214,1445.492919921875,5111901
2024-08-06 00:00:00+05:30,1462.6531062177266,1472.3180459355494,1411.370008129027,1423.6484375,8249573
2024-08-07 00:00:00+05:30,1439.9620182043307,1442.8379996148785,1410.8057382521752,1429.7969970703125,5700734
2024-08-08 00:00:00+05:30,1423.1030271553045,1454.34187409286,1418.1444800223592,1439.7637939453125,5986360
2024-08-09 00:00:00+05:30,1452.8542325699207,1469.7132919239743,1445.2181188152174,1451.961669921875,3615910
2024-08-12 00:00:00+05:30,1453.8459980796479,1465.2506563183356,1433.0201004263924,1446.50732421875,4028226
2024-08-13 00:00:00+05:30,1455.8293808709282,1466.1431827127315,1438.3256859696467,1447.59814453125,4495208
2024-08-14 00:00:00+05:30,1441.0528868298818,1467.829040293595,1441.0528868298818,1459.4986572265625,5891784
2024-08-16 00:00:00+05:30,1467.7298715848824,1478.6386746844998,1455.9285058381872,1471.25048828125,7176426
2024-08-19 00:00:00+05:30,1474.671955092678,1476.7545207301773,1452.1601989560693,1457.4658203125,4404075
2024-08-20 00:00:00+05:30,1467.7299538379389,1472.440573622216,1434.5076879909316,1437.1357421875,10046892
2024-08-21 00:00:00+05:30,1440.9538233962949,1454.4410476348723,1435.6977149151705,1451.317138671875,6175510
2024-08-22 00:00:00+05:30,1461.4820737350453,1487.4649322833907,1452.8542505000953,1474.0272216796875,6781325
2024-08-23 00:00:00+05:30,1480.6221740935323,1497.4812343477788,1467.085316207143,1494.2581787109375,6238112
2024-08-26 00:00:00+05:30,1496.489504800467,1508.0924565137798,1492.5226671469204,1501.0018310546875,4307432
2024-08-27 00:00:00+05:30,1505.414868633024,1513.6956179082501,1489.547518239,1510.12548828125,3965066
2024-08-28 00:00:00+05:30,1515.282328261828,1551.5293552301443,1509.034631681102,1543.4468994140625,6225319
2024-08-29 00:00:00+05:30,1552.0252839660698,1558.6696888351357,1533.1331705845757,1552.9178466796875,8036748
2024-08-30 00:00:00+05:30,1562.9339985302859,1595.0654069756854,1548.6533591036334,1575.8758544921875,37820442
2024-09-02 00:00:00+05:30,1591.6935546081613,1591.6935546081613,1552.5210341053435,1558.322509765625,4890314
2024-09-03 00:00:00+05:30,1565.9092212522494,1565.9092212522494,1545.6783242644397,1547.6617431640625,4546295
2024-09-04 00:00:00+05:30,1545.0832368835377,1553.0169120408345,1529.2158865689444,1548.950927734375,5213811
2024-09-05 00:00:00+05:30,1546.0750225923184,1550.0418603667697,1528.7201073290948,1534.372802734375,5652812
2024-09-06 00:00:00+05:30,1539.9264809899037,1542.7031948124218,1517.5137505935581,1526.48876953125,5497805
2024-09-09 00:00:00+05:30,1510.6214083067318,1533.9265802057687,1510.6214083067318,1529.860595703125,3912508
2024-09-10 00:00:00+05:30,1532.3398273000187,1572.8511327043614,1532.3398273000187,1564.7686767578125,6163457
2024-09-11 00:00:00+05:30,1565.3636304646234,1585.644160024583,1561.3967929242822,1564.7191162109375,5994914
2024-09-12 00:00:00+05:30,1582.916941982038,1639.097302247129,1576.917051844284,1633.097412109375,12204496
2024-09-13 00:00:00+05:30,1637.3122533966011,1641.1799443485638,1617.527698879112,1620.8994140625,5609618
2024-09-16 00:00:00+05:30,1620.8994038668964,1639.2460280324376,1616.5854921261139,1621.89111328125,3762063
2024-09-17 00:00:00+05:30,1636.3205587342034,1652.2375435015663,1624.9159002945407,1647.97314453125,4223072
2024-09-18 00:00:00+05:30,1641.477371829532,1657.0967950829047,1634.1883318562805,1641.179931640625,3171195
2024-09-19 00:00:00+05:30,1634.0395229327034,1697.5089242598776,1634.0395229327034,1651.04736328125,8498240
2024-09-20 00:00:00+05:30,1657.1464350262888,1709.1120326642626,1652.187887943625,1697.55859375,21646275
2024-09-23 00:00:00+05:30,1704.7485306163608,1739.7062884431361,1704.7485306163608,1735.937744140625,5001827
2024-09-24 00:00:00+05:30,1737.4748308899004,1752.8959601467361,1731.623721345911,1742.0863037109375,7579205
2024-09-25 00:00:00+05:30,1740.9955313468167,1752.2514091209669,1730.5329484785486,1745.8052978515625,4017103
2024-09-26 00:00:00+05:30,1755.3256477718326,1764.2510324215198,1731.6734026618167,1756.41650390625,7417423
2024-09-27 00:00:00+05:30,1740.6483058195895,1748.8299084418002,1708.2194565766843,1720.2191162109375,7116861
2024-09-30 00:00:00+05:30,1699.7898894037503,1718.6323677577009,1690.07108898735,1695.3768310546875,6907288
2024-10-01 00:00:00+05:30,1690.8645168244616,1708.5665052962765,1681.9391322781742,1684.61669921875,3649090
2024-10-03 00:00:00+05:30,1651.1961537838697,1680.9474358340296,1651.1961537838697,1659.5760498046875,7200276
2024-10-04 00:00:00+05:30,1656.2043744726727,1672.716239560555,1616.6351441837319,1627.2960205078125,8576527
2024-10-07 00:00:00+05:30,1637.31219276775,1656.1546710612615,1628.8330291123602,1648.2706298828125,5387707
2024-10-08 00:00:00+05:30,1648.8160679915902,1665.5759815080908,1638.3039722842311,1643.708740234375,5224335
2024-10-09 00:00:00+05:30,1652.9316226564424,1690.467798785298,1647.278927567443,1664.1875,3414614
2024-10-10 00:00:00+05:30,1672.617029799058,1684.86461653074,1651.1961312272244,1664.1875,5047657
2024-10-11 00:00:00+05:30,1664.187576305186,1676.236870135029,1644.8988762450629,1673.4105224609375,2367678
2024-10-14 00:00:00+05:30,1672.0220941797384,1695.8727543260768,1665.4272022775158,1681.54248046875,2069815
2024-10-15 00:00:00+05:30,1693.8396276523147,1718.3844349031313,1685.8563186888402,1703.012939453125,5891334
2024-10-16 00:00:00+05:30,1705.7401652065914,1727.8056993204557,1702.864183739646,1719.574462890625,3299887
2024-10-17 00:00:00+05:30,1722.351340028693,1723.541342912728,1680.352470185237,1687.0465087890625,4373392
2024-10-18 00:00:00+05:30,1695.8231174450298,1701.8725207283533,1671.228675271638,1693.69091796875,4154915
2024-10-21 00:00:00+05:30,1691.4100446873852,1694.7817598587612,1648.2210511511773,1678.517822265625,3836168
2024-10-22 00:00:00+05:30,1677.9722874963065,1698.6990379542221,1673.3608146222061,1678.22021484375,3070057
2024-10-23 00:00:00+05:30,1675.9888614644642,1687.2447387780294,1666.1709143365383,1671.82373046875,2764757
2024-10-24 00:00:00+05:30,1673.0138321388245,1678.9640888032186,1643.6592568061362,1664.53466796875,3669575
2024-10-25 00:00:00+05:30,1667.1626539919503,1670.7824175263368,1642.1219915538793,1652.1878662109375,3434386
2024-10-28 00:00:00+05:30,1644.4029739708797,1663.9396008243875,1632.0066064094465,1649.559814453125,2811651
2024-10-29 00:00:00+05:30,1636.8163962480994,1654.121677188332,1596.6521647739714,1623.5274658203125,6990747
2024-10-30 00:00:00+05:30,1614.3046789789096,1637.3122896223679,1604.3875845535772,1619.80859375,4622628
2024-10-31 00:00:00+05:30,1620.453196677562,1625.2134503297918,1588.8672757765003,1599.2305908203125,4921681
2024-11-01 00:00:00+05:30,1606.5692007178998,1612.866531089306,1592.0406340429627,1603.048583984375,279441
2024-11-04 00:00:00+05:30,1605.726334262962,1610.3873201213667,1560.008554136931,1578.0576171875,6094029
2024-11-05 00:00:00+05:30,1570.123975571089,1580.6857053503006,1553.016987679978,1565.314208984375,6473278
2024-11-06 00:00:00+05:30,1569.8759869347814,1597.3959229028424,1553.5127817645832,1585.5450439453125,6631728
2024-11-07 00:00:00+05:30,1582.718565296283,1595.214200557558,1556.6366807641537,1562.7357177734375,5160994
2024-11-08 00:00:00+05:30,1557.9754997056518,1566.4050297804436,1545.9262060341464,1556.8846435546875,3096384
2024-11-11 00:00:00+05:30,1548.0584034325336,1568.4875932572072,1538.9347251988436,1547.6121826171875,3664301
2024-11-12 00:00:00+05:30,1555.79381090626,1581.7765496942259,1537.2487718266007,1542.7528076171875,4479934
2024-11-13 00:00:00+05:30,1546.967551869879,1559.4630663776882,1533.5298407760313,1537.5958251953125,5816699
2024-11-14 00:00:00+05:30,1537.1495310547505,1555.0002998024831,1523.811088386004,1537.6453857421875,5139154
2024-11-18 00:00:00+05:30,1555.942390635251,1555.942390635251,1516.7698699412754,1524.25732421875,4816078
2024-11-19 00:00:00+05:30,1524.2573190174585,1545.0832160242032,1506.7041113922262,1512.8526611328125,6238241
2024-11-21 00:00:00+05:30,1525.2490568094568,1529.2655283017389,1498.472903016313,1512.505615234375,7356679
2024-11-22 00:00:00+05:30,1520.2905717507851,1561.9423682371082,1507.5966424935457,1556.2896728515625,7640321
2024-11-25 00:00:00+05:30,1568.8346766198333,1595.908392348482,1549.5956106194408,1565.6612548828125,12155641
2024-11-26 00:00:00+05:30,1576.8180013485198,1591.544862243798,1553.0169749130705,1564.1737060546875,4030593
2024-11-27 00:00:00+05:30,1556.1409042638131,1570.619837990379,1541.2652625464616,1564.5704345703125,4982785
2024-11-28 00:00:00+05:30,1557.9754743817023,1575.3303889594742,1544.0419088259516,1547.46337890625,6714728
2024-11-29 00:00:00+05:30,1538.290116988543,1635.229714428469,1538.290116988543,1613.6600341796875,10775801
2024-12-02 00:00:00+05:30,1613.6599398846556,1632.5519309153465,1603.7923589308846,1629.9735107421875,3790108
2024-12-03 00:00:00+05:30,1639.1965215609926,1639.1965215609926,1599.776072187385,1607.11474609375,9131055
2024-12-04 00:00:00+05:30,1616.238354059703,1616.9821360910237,1569.2809393606492,1570.966796875,8772014
2024-12-05 00:00:00+05:30,1586.7350485118698,1608.6022893224847,1572.2064815122776,1601.957763671875,10324005
2024-12-06 00:00:00+05:30,1604.585874710944,1611.1807667018509,1581.5782641149153,1584.6029052734375,4296866
2024-12-09 00:00:00+05:30,1582.6690244241763,1592.5861182283777,1575.875839379953,1589.263916015625,4264409
2024-12-10 00:00:00+05:30,1597.1976891795864,1598.4868388183645,1557.033456805162,1565.5621337890625,14645786
2024-12-11 00:00:00+05:30,1574.8344929756463,1574.8344929756463,1558.173726994408,1572.85107421875,3853182
2024-12-12 00:00:00+05:30,1565.413296958698,1604.486671756462,1565.413296958698,1597.1976318359375,13120939
2024-12-13 00:00:00+05:30,1604.5857779575313,1671.0303064638074,1593.4786813171052,1667.8072509765625,12900707
2024-12-16 00:00:00+05:30,1667.807251180467,1673.0137254297294,1646.386352766584,1648.7664794921875,4375126
2024-12-17 00:00:00+05:30,1636.8163247292393,1644.8987803535226,1595.1645309463686,1601.908203125,6182486
2024-12-18 00:00:00+05:30,1607.957718950532,1609.5444298514833,1582.8674215591093,1588.619384765625,3905144
2024-12-19 00:00:00+05:30,1573.2478079753505,1596.4041981301114,1572.3056114154133,1587.0325927734375,5865855
2024-12-20 00:00:00+05:30,1596.6521560714723,1608.850230283404,1560.3556157413789,1565.0166015625,9738879
2024-12-23 00:00:00+05:30,1572.8510896827163,1594.1232076362628,1565.2644886513433,1573.74365234375,4363599
2024-12-24 00:00:00+05:30,1576.8179578613504,1585.545049070309,1561.9423167494508,1570.7685546875,3610076
2024-12-26 00:00:00+05:30,1570.7686146769386,1593.5282980240522,1567.9917798066892,1586.2392578125,3400479
2024-12-27 00:00:00+05:30,1586.2392296228948,1614.949169131801,1583.0658078775332,1586.5863037109375,2559578
2024-12-30 00:00:00+05:30,1591.6935680584866,1599.676877056794,1567.991689468889,1573.74365234375,4438130
2024-12-31 00:00:00+05:30,1569.876050062244,1583.9582757456174,1550.388935273378,1574.586669921875,2249626
2025-01-01 00:00:00+05:30,1579.793136063459,1593.2308473829798,1570.9173850092022,1582.470703125,1405565
2025-01-02 00:00:00+05:30,1586.6359345201176,1606.1725617847092,1575.2312761236258,1596.3546142578125,3728040
2025-01-03 00:00:00+05:30,1601.6107360644885,1603.5941549326797,1580.090689767925,1585.5946044921875,3669685
2025-01-06 00:00:00+05:30,1582.9169968001856,1596.5033672751379,1554.1077900561047,1575.28076171875,4584188
2025-01-07 00:00:00+05:30,1580.7847975210407,1589.7101821996414,1570.9173373274543,1577.660888671875,2830856
2025-01-08 00:00:00+05:30,1585.4954295765262,1600.0735095752789,1564.7686785607114,1585.941650390625,3674564
2025-01-09 00:00:00+05:30,1586.7350846801287,1606.7675667009034,1579.198117239554,1593.7266845703125,4684859
2025-01-10 00:00:00+05:30,1594.668767171449,1611.5278275208984,1578.603122791168,1602.5032958984375,4145892
2025-01-13 00:00:00+05:30,1566.9008981935704,1601.3131669647628,1565.016626066365,1583.958251953125,3705039
2025-01-14 00:00:00+05:30,1591.3960676641,1619.8582008285803,1565.4133291231879,1586.834228515625,7284572
2025-01-15 00:00:00+05:30,1594.7184135262914,1600.470255643723,1579.7931380299403,1594.123291015625,2960985
2025-01-16 00:00:00+05:30,1605.6272288932903,1621.4449461526285,1587.2806041203096,1616.6846923828125,5299325
2025-01-17 00:00:00+05:30,1616.5855003569166,1625.4117384012577,1609.544387690812,1614.007080078125,2678801
2025-01-20 00:00:00+05:30,1624.4200364154299,1631.3620023830172,1604.6849946673472,1627.5439453125,3933044
2025-01-21 00:00:00+05:30,1640.2874187370853,1642.9649858098971,1606.8668589309905,1612.6683349609375,7958844
2025-01-22 00:00:00+05:30,1614.0070368382655,1627.3951136415324,1609.0981237670446,1618.2218017578125,3262136
2025-01-23 00:00:00+05:30,1611.0319869360887,1631.7587384650515,1603.7924595933343,1622.4366455078125,2457080
2025-01-24 00:00:00+05:30,1620.5028200642591,1648.1219030954665,1620.5028200642591,1631.1636962890625,3620058
2025-01-27 00:00:00+05:30,1625.362089411334,1633.5436920454204,1580.4872386001332,1589.3134765625,6622807
2025-01-28 00:00:00+05:30,1594.3216193165626,1616.783861131008,1583.7598901393571,1604.932861328125,5216471
2025-01-29 00:00:00+05:30,1606.5692417735918,1613.4120609039126,1579.9418683669626,1587.1812744140625,5009227
2025-01-30 00:00:00+05:30,1593.3794629145157,1631.3123479015524,1581.974804683119,1627.147216796875,4283637
2025-01-31 00:00:00+05:30,1625.5108240580212,1625.5108240580212,1561.1984948377387,1612.8170166015625,8340866
2025-02-01 00:00:00+05:30,1613.511268821351,1630.370329405225,1595.858792257276,1609.7923583984375,2741589
2025-02-03 00:00:00+05:30,1606.4700794072216,1647.229311488262,1594.7678600774923,1638.6510009765625,4146970
2025-02-04 00:00:00+05:30,1648.369806325564,1654.4688433579638,1615.544249339391,1647.675537109375,6385876
2025-02-05 00:00:00+05:30,1656.1547111591876,1661.3115516568514,1635.4279603228454,1646.683837890625,3920893
2025-02-06 00:00:00+05:30,1652.0887017540035,1653.477119115643,1599.8751780090004,1606.3212890625,5229162
2025-02-07 00:00:00+05:30,1621.494520867708,1693.3934531647135,1621.4448869738474,1662.8487548828125,14873255
2025-02-10 00:00:00+05:30,1684.7655138415037,1685.906003879313,1664.1380306643002,1679.013671875,6782878
2025-02-11 00:00:00+05:30,1691.8562956698006,1692.500931014039,1672.2204004385974,1682.6829833984375,8965266
2025-02-12 00:00:00+05:30,1689.872896818191,1699.492430025827,1670.5345626116448,1697.3603515625,7148192
2025-02-13 00:00:00+05:30,1695.823048734932,1714.070525634729,1689.7736456967139,1700.3848876953125,5356002
2025-02-14 00:00:00+05:30,1699.7899351304422,1709.8061759974432,1691.112477760319,1702.814697265625,5125863
2025-02-17 00:00:00+05:30,1697.5585223514956,1702.6658498434836,1652.4357457970964,1661.65869140625,4906462
2025-02-18 00:00:00+05:30,1677.9723057142642,1681.889509423088,1642.0724738380143,1655.0638427734375,7529598
2025-02-19 00:00:00+05:30,1656.1547449752838,1659.5760940790167,1624.8662640945047,1631.560302734375,7776555
2025-02-20 00:00:00+05:30,1626.254626147329,1636.122207256284,1613.7591119899116,1629.8743896484375,5524503
2025-02-21 00:00:00+05:30,1629.8744330069487,1644.9483677790772,1615.6929398668744,1625.65966796875,5447583
2025-02-24 00:00:00+05:30,1613.511174849537,1623.973757319966,1584.7516025873142,1588.0242919921875,4673190
2025-02-25 00:00:00+05:30,1583.7599475515622,1635.4776181406846,1583.7599475515622,1627.7918701171875,6286808
2025-02-27 00:00:00+05:30,1629.7753190712936,1642.270833812559,1625.0646992279303,1636.71728515625,7568745
2025-02-28 00:00:00+05:30,1628.3372818952935,1634.7833933159038,1546.5708862217894,1557.18212890625,13640211
2025-03-03 00:00:00+05:30,1565.9091795525883,1589.4622783583984,1559.7109956563227,1582.5699462890625,6993525
2025-03-04 00:00:00+05:30,1575.8262866626471,1577.3138508099057,1555.0003886010263,1562.2894287109375,5219668
2025-03-05 00:00:00+05:30,1564.9174367927353,1612.6186348305923,1564.0248741190308,1604.833740234375,6295425
2025-03-06 00:00:00+05:30,1604.5858711625117,1618.221875939078,1577.2642277141515,1613.412109375,5174009
2025-03-07 00:00:00+05:30,1615.494684360612,1628.7836151225642,1602.2057535986596,1617.1805419921875,3035558
2025-03-10 00:00:00+05:30,1626.4034856746728,1641.1799805793491,1613.1145549337234,1617.428466796875,3778450
2025-03-11 00:00:00+05:30,1616.4863098758956,1662.5016499024227,1610.5856874134624,1649.1630859375,6078564
2025-03-12 00:00:00+05:30,1675.9888579676951,1702.417937247302,1620.4531324965762,1629.229736328125,9907628
2025-03-13 00:00:00+05:30,1637.1139063985204,1643.163309454644,1616.0895947345548,1618.965576171875,8317331
2025-03-17 00:00:00+05:30,1598.833904929244,1634.7338591616337,1598.833904929244,1625.560546875,6405522
2025-03-18 00:00:00+05:30,1625.560546875,1625.560546875,1625.560546875,1625.560546875,0
2025-03-19 00:00:00+05:30,1621.444827000761,1628.4364265129727,1614.0070066934181,1623.5770263671875,6283464
2025-03-20 00:00:00+05:30,1646.2375771399904,1695.4759722582721,1632.4527924932477,1691.1124267578125,12074465
2025-03-21 00:00:00+05:30,1695.4760559490876,1717.045736111863,1677.9723602490183,1711.4921875,14715349
2025-03-24 00:00:00+05:30,1725.5743618261117,1725.5743618261117,1700.6328461202454,1704.5501708984375,4120999
2025-03-25 00:00:00+05:30,1710.6986746006844,1726.0701699376762,1691.9553431716658,1716.153076171875,4857399
2025-03-26 00:00:00+05:30,1724.7314760545662,1750.3671405587422,1711.8392534895443,1724.136474609375,7142394
2025-03-27 00:00:00+05:30,1725.5246911253353,1731.9212892754517,1699.0460990440622,1710.401123046875,6222339
2025-03-28 00:00:00+05:30,1718.9300280719228,1731.2767622290205,1646.237677388042,1719.0291748046875,4133264
2025-04-01 00:00:00+05:30,1700.781669480624,1750.3671408940534,1694.2859243021528,1709.8558349609375,6773056
2025-04-02 00:00:00+05:30,1705.7402225998721,1745.8053078539904,1702.7154604097407,1740.0533447265625,6431226
2025-04-03 00:00:00+05:30,1733.5080770555912,1740.4004091446,1721.0620753330531,1731.524658203125,2341989
2025-04-04 00:00:00+05:30,1739.954164975184,1756.1190768291567,1725.5743784877857,1728.9957275390625,7817334
2025-04-07 00:00:00+05:30,1715.657327978495,1760.036325335164,1655.5597602389971,1672.666748046875,14870388
2025-04-08 00:00:00+05:30,1706.4342809992186,1727.8553004445048,1692.6496174698434,1706.1368408203125,7206935
2025-04-09 00:00:00+05:30,1705.3931328586782,1712.5333922783918,1697.409823583095,1701.3271484375,5600666
2025-04-11 00:00:00+05:30,1745.4085794041125,1752.3505453449245,1717.9877897262502,1742.0367431640625,8340002
2025-04-15 00:00:00+05:30,1793.2089346430635,1804.9111542864744,1766.3336334255087,1783.886962890625,10313411
2025-04-16 00:00:00+05:30,1787.4570207876448,1811.3571927685562,1779.2257844639905,1807.489501953125,6180958
2025-04-17 00:00:00+05:30,1818.79506784495,1881.9669091826656,1810.5638312738126,1873.438232421875,10894325
2025-04-21 00:00:00+05:30,1882.6611635747417,1888.5122732911605,1853.1081748053396,1867.7855224609375,3501123
2025-04-22 00:00:00+05:30,1872.3473614239613,1872.3473614239613,1821.5718881815376,1836.8441162109375,6155127
2025-04-23 00:00:00+05:30,1851.521433311533,1870.2647650162721,1820.8775889127721,1866.0003662109375,6855027
2025-04-24 00:00:00+05:30,1858.959253741363,1862.2319431555222,1824.2494250505401,1830.298828125,5180688
2025-04-25 00:00:00+05:30,1831.3897047100984,1846.2653457438348,1791.0271804618708,1802.13427734375,4570083
2025-04-28 00:00:00+05:30,1820.7785145534906,1823.6544961138422,1798.3659056339327,1806.6962890625,3301891
2025-04-29 00:00:00+05:30,1808.5804197114385,1832.4807135652707,1802.5310164648379,1808.6796875,4684155
2025-04-30 00:00:00+05:30,1821.7702269427543,1861.3394574990027,1811.8531326208015,1849.042236328125,9139821
2025-05-02 00:00:00+05:30,1836.645863591673,1867.9838573549073,1816.9108217312728,1832.8773193359375,3866806
2025-05-05 00:00:00+05:30,1852.5132040042204,1857.9676058361385,1833.869018409988,1850.52978515625,3548839
2025-05-06 00:00:00+05:30,1872.644962701827,1896.148427739512,1866.9921463230748,1885.2396240234375,8597920
2025-05-07 00:00:00+05:30,1885.239594001668,1901.1069446087308,1869.8680981010757,1881.074462890625,5554616
2025-05-08 00:00:00+05:30,1881.272710309228,1889.9998013528443,1846.9595896728601,1859.35595703125,5500724
2025-05-09 00:00:00+05:30,1839.6209414378845,1855.5874386047467,1821.2743174936254,1833.07568359375,3686209
2025-05-12 00:00:00+05:30,1853.4057669450206,1867.7855535947258,1838.6292723140127,1855.2900390625,3936019
2025-05-13 00:00:00+05:30,1854.496571926845,1868.0829422390414,1801.5392659286156,1805.506103515625,8817763
2025-05-14 00:00:00+05:30,1814.8282769743653,1855.1908027985153,1805.1094760295505,1818.993408203125,7401614
2025-05-15 00:00:00+05:30,1834.5632267321403,1854.3974145533252,1809.8696386831102,1851.7197265625,8788351
2025-05-16 00:00:00+05:30,1818.7950030308969,1818.7950030308969,1795.0931246357968,1798.9608154296875,100662047
2025-05-19 00:00:00+05:30,1806.8944960207482,1813.5389004642545,1794.0022740403588,1803.2252197265625,5799804
2025-05-20 00:00:00+05:30,1794.7957609339292,1809.770548999271,1784.581105460745,1793.9031982421875,12512596
2025-05-21 00:00:00+05:30,1797.9691415627142,1811.3572184579689,1790.3330276087313,1807.390380859375,6849562
2025-05-22 00:00:00+05:30,1804.812016356604,1821.4726621501404,1801.241886619295,1816.2166748046875,6496923
2025-05-23 00:00:00+05:30,1809.8696336077833,1826.5303997541675,1806.3986507488094,1816.5140380859375,3460945
2025-05-26 00:00:00+05:30,1818.79505409742,1834.6624046238971,1815.7207791445708,1832.083984375,3254715
2025-05-27 00:00:00+05:30,1828.7122094805422,1842.1994336685257,1818.4975538133851,1828.513916015625,5847725
2025-05-28 00:00:00+05:30,1832.678970068801,1851.5214486571706,1829.8029885989208,1840.7117919921875,3713699
2025-05-29 00:00:00+05:30,1842.5961096408364,1851.5214944561042,1835.1582889614467,1848.149658203125,5786774
2025-05-30 00:00:00+05:30,1838.6292008609764,1851.521422873486,1827.7203976196222,1840.8109130859375,16712960
2025-06-02 00:00:00+05:30,1828.7121527216095,1843.5877938771541,1816.3157850919893,1838.7283935546875,3199499
2025-06-03 00:00:00+05:30,1851.5214287655804,1854.0007022374143,1816.8116001599053,1826.0345458984375,5596977
2025-06-04 00:00:00+05:30,1839.6209109553906,1868.9754845681452,1834.6623640255916,1859.851806640625,5892170
2025-06-05 00:00:00+05:30,1868.3804731686369,1873.3390200719505,1853.1081244947754,1863.2236328125,8999675
2025-06-06 00:00:00+05:30,1856.5792184367435,1866.2980193721837,1851.8190857596499,1854.6949462890625,4644174
2025-06-09 00:00:00+05:30,1858.463445042735,1859.4551544584463,1833.373148401931,1849.63720703125,3649505
2025-06-10 00:00:00+05:30,1851.1247304530432,1860.050114998196,1834.959939967343,1841.7034912109375,7925901
2025-06-11 00:00:00+05:30,1842.4969729787406,1851.0256498593915,1832.4807319540828,1844.77783203125,8907265
2025-06-12 00:00:00+05:30,1856.3808230050638,1867.3887729729095,1816.4148863444686,1828.910400390625,7346031
2025-06-13 00:00:00+05:30,1799.952525301367,1829.3070987475194,1799.952525301367,1825.1419677734375,4613000
2025-06-16 00:00:00+05:30,1826.827881095153,1854.4965978631628,1823.5553126750672,1845.8687744140625,5722187
2025-06-17 00:00:00+05:30,1863.4219260072807,1863.4219260072807,1832.2822272471274,1839.422607421875,6561555
2025-06-18 00:00:00+05:30,1832.2823329288224,1855.4883579832406,1827.8196404590603,1850.4306640625,5069427
2025-06-19 00:00:00+05:30,1856.4800514867475,1863.4220174912384,1848.6455227843087,1861.4385986328125,4712312
2025-06-20 00:00:00+05:30,1864.4136798927684,1932.8416287824498,1858.4634234675787,1920.6435546875,16228526
2025-06-23 00:00:00+05:30,1913.9991306359723,1932.8416091240983,1911.1231491813926,1920.2469482421875,2946463
2025-06-24 00:00:00+05:30,1934.7259575561889,1946.7256174869638,1913.1066434878355,1917.5693359375,6837210
2025-06-25 00:00:00+05:30,1925.8996376580956,1953.6675006109415,1921.9328000934033,1949.303955078125,4152765
2025-06-26 00:00:00+05:30,1953.6675658769398,2001.6663262248617,1949.9982894303303,1997.600341796875,9413241
2025-06-27 00:00:00+05:30,1993.3358611340732,2022.095433259888,1991.9474437853098,2010.2940673828125,6405854
2025-06-30 00:00:00+05:30,2001.2695922519854,2007.1207019910378,1983.6171163053416,1992.939208984375,5597484
2025-07-01 00:00:00+05:30,1992.3441571547958,2013.9634702002932,1990.261591655139,2002.657958984375,3769165
2025-07-02 00:00:00+05:30,2020.11202533933,2028.8391163856081,2001.5671081888327,2016.4427490234375,6513288
2025-07-03 00:00:00+05:30,2024.8722993688673,2027.9465742942143,1996.2118735251586,2002.558837890625,5558647
2025-07-04 00:00:00+05:30,2010.1949970414346,2019.6162365440955,1988.4765365025921,2000.4761962890625,2178315
2025-07-07 00:00:00+05:30,2001.2696375863966,2019.1204073963843,1993.9309635639677,2017.037841796875,4165432
2025-07-08 00:00:00+05:30,2009.2032064202972,2018.1285908515817,1998.0961097735637,2013.1700439453125,3624619
2025-07-09 00:00:00+05:30,2018.128646712418,2023.7813419187191,1981.931253294726,2002.9554443359375,2937734
2025-07-10 00:00:00+05:30,2011.7816836964873,2011.7816836964873,1946.0314224882566,1948.213134765625,5695845
2025-07-11 00:00:00+05:30,1925.8996432020544,1942.8578496282753,1898.3300736247704,1905.96630859375,13103980
2025-07-14 00:00:00+05:30,1899.1234997073275,1911.5198671988896,1884.4461521740072,1904.974609375,5269381
2025-07-15 00:00:00+05:30,1908.8423349640334,1926.8913979367326,1907.2555030496296,1918.164306640625,4163140
2025-07-16 00:00:00+05:30,1927.8831074944278,1927.8831074944278,1912.809172772721,1920.54443359375,4211258
2025-07-17 00:00:00+05:30,1927.585541707482,1928.7756656405695,1911.6190443360201,1913.9000244140625,6256455
2025-07-18 00:00:00+05:30,1915.0999755859375,1916.0,1891.800048828125,1901.0,4643961
2025-07-21 00:00:00+05:30,1894.800048828125,1919.9000244140625,1892.5999755859375,1909.199951171875,5109654
2025-07-22 00:00:00+05:30,1909.199951171875,1911.300048828125,1883.0,1906.800048828125,4513541
2025-07-23 00:00:00+05:30,1920.0,1949.0,1907.300048828125,1943.800048828125,5194282
2025-07-24 00:00:00+05:30,1943.800048828125,1970.4000244140625,1933.699951171875,1936.0999755859375,4150685
2025-07-25 00:00:00+05:30,1936.0999755859375,1952.699951171875,1925.0,1937.9000244140625,3896884
2025-07-28 00:00:00+05:30,1930.0,1930.0,1885.0,1890.300048828125,3575044
2025-07-29 00:00:00+05:30,1880.0,1923.5999755859375,1880.0,1918.300048828125,3748040
2025-07-30 00:00:00+05:30,1934.0,1939.199951171875,1922.0999755859375,1932.5999755859375,5044683
2025-07-31 00:00:00+05:30,1913.0,1926.5,1895.5999755859375,1914.300048828125,4674966
2025-08-01 00:00:00+05:30,1914.0,1919.699951171875,1878.0,1884.4000244140625,5192594
2025-08-04 00:00:00+05:30,1892.0,1919.9000244140625,1878.5,1914.5999755859375,3074380
2025-08-05 00:00:00+05:30,1920.0,1937.5999755859375,1912.0999755859375,1931.800048828125,5167672
2025-08-06 00:00:00+05:30,1930.0,1964.800048828125,1921.5999755859375,1929.699951171875,5461349
2025-08-07 00:00:00+05:30,1928.0999755859375,1933.300048828125,1909.0999755859375,1922.5999755859375,4268534
2025-08-08 00:00:00+05:30,1886.300048828125,1893.800048828125,1856.0,1858.5999755859375,93801105
2025-08-11 00:00:00+05:30,1863.0,1866.0,1845.699951171875,1857.4000244140625,5266532
2025-08-12 00:00:00+05:30,1857.4000244140625,1865.0,1847.0999755859375,1850.300048828125,4645011
2025-08-13 00:00:00+05:30,1853.0,1872.5,1851.800048828125,1867.4000244140625,6697206
2025-08-14 00:00:00+05:30,1873.0,1883.0,1866.800048828125,1873.800048828125,3958631
2025-08-18 00:00:00+05:30,1892.5,1912.5999755859375,1870.300048828125,1892.300048828125,7146376
2025-08-19 00:00:00+05:30,1901.0999755859375,1931.800048828125,1900.0,1909.699951171875,5706265
2025-08-20 00:00:00+05:30,1937.0,1952.0,1926.0,1928.4000244140625,6962619
2025-08-21 00:00:00+05:30,1930.0,1940.9000244140625,1927.699951171875,1929.9000244140625,3376913
2025-08-22 00:00:00+05:30,1934.0,1947.699951171875,1917.4000244140625,1933.300048828125,3271920
2025-08-25 00:00:00+05:30,1940.0,1940.0999755859375,1913.199951171875,1930.699951171875,2451388
2025-08-26 00:00:00+05:30,1922.0999755859375,1925.800048828125,1896.199951171875,1904.699951171875,5984656
2025-08-28 00:00:00+05:30,1893.0,1899.800048828125,1878.199951171875,1881.0999755859375,5494113
2025-08-29 00:00:00+05:30,1872.5,1900.0999755859375,1872.5,1888.800048828125,4339042
2025-09-01 00:00:00+05:30,1889.0,1904.800048828125,1884.199951171875,1900.5999755859375,3421488
2025-09-02 00:00:00+05:30,1904.5,1917.5,1878.0,1887.199951171875,4423049
2025-09-03 00:00:00+05:30,1891.0,1892.0999755859375,1870.0,1883.9000244140625,3803044
2025-09-04 00:00:00+05:30,1899.0,1903.5,1876.5999755859375,1880.4000244140625,5205333
2025-09-05 00:00:00+05:30,1887.0,1910.699951171875,1875.699951171875,1895.300048828125,2620140
2025-09-08 00:00:00+05:30,1898.0,1899.0,1884.0999755859375,1887.699951171875,2547552
2025-09-09 00:00:00+05:30,1892.0,1904.0,1883.0,1893.699951171875,4517793
2025-09-10 00:00:00+05:30,1904.0,1905.0,1883.0,1891.4000244140625,3566139
2025-09-11 00:00:00+05:30,1884.0,1916.0,1882.0999755859375,1913.0,4718266
2025-09-12 00:00:00+05:30,1925.0,1925.0,1901.5999755859375,1902.5999755859375,3192824
2025-09-15 00:00:00+05:30,1904.0,1913.0,1898.4000244140625,1904.5,3553258
2025-09-16 00:00:00+05:30,1903.300048828125,1942.0,1902.5,1939.5,5427586
2025-09-17 00:00:00+05:30,1938.0999755859375,1950.0999755859375,1932.5999755859375,1941.300048828125,4234637
2025-09-18 00:00:00+05:30,1944.5,1949.800048828125,1920.5,1941.0999755859375,5080814
2025-09-19 00:00:00+05:30,1930.199951171875,1976.800048828125,1927.800048828125,1962.4000244140625,11287603
2025-09-22 00:00:00+05:30,1954.0,1966.0,1944.0,1956.199951171875,4469137
2025-09-23 00:00:00+05:30,1950.0,1955.0,1930.0999755859375,1938.699951171875,4348633
2025-09-24 00:00:00+05:30,1926.0,1937.300048828125,1918.800048828125,1931.0999755859375,5237977
2025-09-25 00:00:00+05:30,1930.0,1950.0,1928.800048828125,1935.5999755859375,7133365
2025-09-26 00:00:00+05:30,1931.0999755859375,1944.699951171875,1911.9000244140625,1916.5999755859375,3239306
2025-09-29 00:00:00+05:30,1928.0,1928.0,1897.5,1902.199951171875,5072608
2025-09-30 00:00:00+05:30,1896.0,1907.5999755859375,1875.199951171875,1878.4000244140625,5945625
2025-10-01 00:00:00+05:30,1868.0,1877.0,1855.9000244140625,1867.5999755859375,5675393
2025-10-03 00:00:00+05:30,1851.199951171875,1900.300048828125,1848.0999755859375,1896.699951171875,5828332
2025-10-06 00:00:00+05:30,1892.5999755859375,1907.0,1887.5,1903.0999755859375,2809218
2025-10-07 00:00:00+05:30,1900.0,1946.0,1900.0,1929.0,5713060
2025-10-08 00:00:00+05:30,1929.0,1962.5999755859375,1927.5999755859375,1943.5,4957406
2025-10-09 00:00:00+05:30,1945.0,1948.800048828125,1931.300048828125,1942.0,3945737
2025-10-10 00:00:00+05:30,1937.0,1947.5999755859375,1935.4000244140625,1939.9000244140625,2512581
2025-10-13 00:00:00+05:30,1937.9000244140625,1965.9000244140625,1936.0,1954.9000244140625,3672419
2025-10-14 00:00:00+05:30,1964.0,1964.0,1939.199951171875,1946.5999755859375,4454239
2025-10-15 00:00:00+05:30,1957.199951171875,1976.0,1951.5999755859375,1968.5,3447352
2025-10-16 00:00:00+05:30,1962.300048828125,1986.9000244140625,1962.0,1967.4000244140625,3700674
2025-10-17 00:00:00+05:30,1973.5999755859375,2034.300048828125,1970.300048828125,2012.0,6743801
2025-10-20 00:00:00+05:30,2026.0,2057.0,2019.699951171875,2051.5,7387180
2025-10-21 00:00:00+05:30,2051.800048828125,2058.5,2038.5,2043.5,240850
2025-10-23 00:00:00+05:30,2063.89990234375,2067.0,2003.5999755859375,2007.9000244140625,8790128
2025-10-24 00:00:00+05:30,2008.0,2033.0,2006.9000244140625,2029.300048828125,3236799
2025-10-27 00:00:00+05:30,2030.0,2094.0,2030.0,2080.10009765625,5796831
2025-10-28 00:00:00+05:30,2092.0,2102.60009765625,2071.699951171875,2090.199951171875,9891522
2025-10-29 00:00:00+05:30,2083.0,2110.39990234375,2081.60009765625,2100.60009765625,2742750
2025-10-30 00:00:00+05:30,2070.0,2088.0,2058.60009765625,2066.300048828125,4222189
2025-10-31 00:00:00+05:30,2056.0,2073.800048828125,2051.699951171875,2054.5,4659723
2025-11-03 00:00:00+05:30,2055.0,2081.0,2047.199951171875,2074.0,2979629
2025-11-04 00:00:00+05:30,2107.0,2135.60009765625,2103.5,2113.300048828125,12263078
2025-11-05 00:00:00+05:30,2113.300048828125,2113.300048828125,2113.300048828125,2113.300048828125,0
2025-11-06 00:00:00+05:30,2115.0,2123.300048828125,2080.5,2094.89990234375,9546299
2025-11-07 00:00:00+05:30,2048.0,2048.0,1995.5999755859375,2001.199951171875,70392750
2025-11-10 00:00:00+05:30,1995.0,2028.800048828125,1992.199951171875,2019.800048828125,7457061
2025-11-11 00:00:00+05:30,2020.0999755859375,2056.89990234375,2017.4000244140625,2042.300048828125,14825625
2025-11-12 00:00:00+05:30,2060.0,2079.800048828125,2054.89990234375,2073.800048828125,8210277
2025-11-13 00:00:00+05:30,2099.89990234375,2107.0,2079.0,2091.800048828125,5958875
2025-11-14 00:00:00+05:30,2090.0,2107.89990234375,2081.89990234375,2100.699951171875,6312655
2025-11-17 00:00:00+05:30,2112.0,2122.0,2100.89990234375,2112.199951171875,5998770
2025-11-18 00:00:00+05:30,2122.0,2159.0,2110.300048828125,2149.199951171875,10972556
2025-11-19 00:00:00+05:30,2155.0,2166.199951171875,2146.699951171875,2159.800048828125,7419461
2025-11-20 00:00:00+05:30,2153.10009765625,2169.300048828125,2149.89990234375,2158.300048828125,7452899
2025-11-21 00:00:00+05:30,2150.10009765625,2174.5,2148.60009765625,2162.699951171875,6720938
2025-11-24 00:00:00+05:30,2162.10009765625,2165.800048828125,2140.39990234375,2152.10009765625,9686848
2025-11-25 00:00:00+05:30,2159.0,2170.699951171875,2138.699951171875,2161.60009765625,7102592
2025-11-26 00:00:00+05:30,2104.0,2134.89990234375,2097.5,2126.800048828125,43174047
2025-11-27 00:00:00+05:30,2132.0,2136.89990234375,2103.800048828125,2115.60009765625,4444877
2025-11-28 00:00:00+05:30,2118.0,2129.5,2096.39990234375,2101.60009765625,6263457
2025-12-01 00:00:00+05:30,2114.699951171875,2119.0,2083.10009765625,2089.699951171875,5058900
2025-12-02 00:00:00+05:30,2089.800048828125,2114.800048828125,2087.10009765625,2104.0,6591396
2025-12-03 00:00:00+05:30,2100.10009765625,2109.89990234375,2081.60009765625,2086.0,4357641
2025-12-04 00:00:00+05:30,2094.800048828125,2108.5,2074.10009765625,2103.800048828125,4611819
2025-12-05 00:00:00+05:30,2092.60009765625,2111.89990234375,2090.0,2108.800048828125,2938290
2025-12-08 00:00:00+05:30,2114.39990234375,2114.39990234375,2078.89990234375,2086.199951171875,4327091
2025-12-09 00:00:00+05:30,2086.800048828125,2100.39990234375,2080.39990234375,2089.699951171875,5139229
2025-12-10 00:00:00+05:30,2072.0,2096.89990234375,2062.199951171875,2067.0,3987451
2025-12-11 00:00:00+05:30,2066.0,2069.199951171875,2038.0,2053.199951171875,3254850
2025-12-12 00:00:00+05:30,2053.10009765625,2087.10009765625,2050.60009765625,2083.39990234375,2706420
2025-12-15 00:00:00+05:30,2070.10009765625,2078.89990234375,2061.5,2069.699951171875,3233614
2025-12-16 00:00:00+05:30,2070.10009765625,2106.60009765625,2070.10009765625,2102.0,5756692
2025-12-17 00:00:00+05:30,2117.60009765625,2128.0,2096.39990234375,2108.0,6412516
2025-12-18 00:00:00+05:30,2099.0,2116.60009765625,2088.10009765625,2092.0,3760341
2025-12-19 00:00:00+05:30,2113.89990234375,2115.0,2082.0,2097.699951171875,10127415
2025-12-22 00:00:00+05:30,2118.0,2151.699951171875,2101.699951171875,2147.60009765625,7670853
2025-12-23 00:00:00+05:30,2157.0,2164.0,2119.199951171875,2122.89990234375,4110853
2025-12-24 00:00:00+05:30,2111.0,2137.199951171875,2111.0,2123.699951171875,3145464
2025-12-25 00:00:00+05:30,2123.699951171875,2123.699951171875,2123.699951171875,2123.699951171875,0
2025-12-26 00:00:00+05:30,2123.0,2123.0,2101.800048828125,2105.39990234375,1297870
2025-12-29 00:00:00+05:30,2105.39990234375,2112.699951171875,2079.39990234375,2081.60009765625,2371034
2025-12-30 00:00:00+05:30,2077.0,2102.800048828125,2071.60009765625,2099.800048828125,6983390
2025-12-31 00:00:00+05:30,2096.0,2121.0,2090.10009765625,2105.60009765625,2991434
2026-01-01 00:00:00+05:30,2114.800048828125,2123.89990234375,2107.0,2110.39990234375,2097756
2026-01-02 00:00:00+05:30,2108.0,2125.0,2098.0,2106.300048828125,2927138
