Date,Open,High,Low,Close,Volume
2021-01-04 00:00:00+05:30,133.84998944433758,138.0230211377702,133.7108905104035,137.4840087890625,16477784
2021-01-05 00:00:00+05:30,137.2579824702686,137.2753658586619,135.27578801524882,136.3190460205078,9064136
2021-01-06 00:00:00+05:30,136.52769629366406,138.04042248557292,133.03277569683064,134.68460083007812,16144720
2021-01-07 00:00:00+05:30,135.97130336199123,137.36231413807297,134.78894632483573,136.38861083984375,13121606
2021-01-08 00:00:00+05:30,137.36231969442,141.18759948337853,137.10150516335466,139.1532440185547,24755912
2021-01-11 00:00:00+05:30,140.49206869603688,140.7528831800023,137.48401043681613,139.70962524414062,13668006
2021-01-12 00:00:00+05:30,139.62270267182524,142.23084780268124,138.21430854619086,139.9878387451172,16662142
2021-01-13 00:00:00+05:30,141.18758027164125,147.79488082622547,140.71811205709122,143.23931884765625,42362294
2021-01-14 00:00:00+05:30,143.27407959859553,149.53362676552445,142.9263269782106,148.38604736328125,25200192
2021-01-15 00:00:00+05:30,149.32498823309257,149.35976562117585,143.030663042492,144.17825317382812,17655902
2021-01-18 00:00:00+05:30,143.96957668231926,144.97805710178343,139.7965454741361,142.4220733642578,16787164
2021-01-19 00:00:00+05:30,143.62184263573846,145.36060586377403,141.97001756910464,143.77833557128906,11094214
2021-01-20 00:00:00+05:30,144.31734811283238,144.97807601782318,142.31777039801602,143.9174346923828,9874786
2021-01-21 00:00:00+05:30,144.31735864261876,147.09938001404274,140.87460931799544,141.98741149902344,17536476
2021-01-22 00:00:00+05:30,142.2308490536815,143.60447641304205,137.34492804393136,137.72744750976562,15404838
2021-01-25 00:00:00+05:30,139.10106385242005,140.09216105488233,133.78045240509257,134.68460083007812,12060426
2021-01-27 00:00:00+05:30,134.07602927531627,135.71047096696702,132.0590681606809,132.3546600341797,12066876
2021-01-28 00:00:00+05:30,131.10275200587768,135.5192150054799,130.84193751249728,133.64134216308594,16311766
2021-01-29 00:00:00+05:30,135.58877166116844,137.90132492634743,132.615490407734,133.39793395996094,16517910
2021-02-01 00:00:00+05:30,134.92804560770517,138.37079516435682,132.35467778821655,136.66680908203125,27876736
2021-02-02 00:00:00+05:30,137.97085484336404,142.9263297810274,136.7537206481485,141.88307189941406,17753676
2021-02-03 00:00:00+05:30,140.83984317392233,145.01287556426078,139.91830064356995,144.2825927734375,17018506
2021-02-04 00:00:00+05:30,143.83051048537322,146.9255072130272,142.76985844445932,145.5518798828125,15198682
2021-02-05 00:00:00+05:30,146.23000736466375,146.85595796685666,143.65663955971397,144.31736755371094,7722568
2021-02-08 00:00:00+05:30,146.05613345579596,147.58624320758074,144.66512266097885,146.07351684570312,12645654
2021-02-09 00:00:00+05:30,149.88141011949338,152.33306235089796,144.89115687119116,145.83009338378906,45154044
2021-02-10 00:00:00+05:30,146.82117603198813,147.77749583874828,142.24822010233441,144.59555053710938,19160592
2021-02-11 00:00:00+05:30,144.31736747039625,147.04722823060328,144.07393634047844,146.7342529296875,11459318
2021-02-12 00:00:00+05:30,147.09938704996335,148.09048433345225,144.17826659276173,145.39540100097656,10941890
2021-02-15 00:00:00+05:30,147.02981457524314,147.76009725481117,145.01285347221574,145.70835876464844,11037552
2021-02-16 00:00:00+05:30,145.29105981114424,146.96027897779925,144.73466403482843,145.34323120117188,10795324
2021-02-17 00:00:00+05:30,146.26529909449448,149.6642927131736,145.19858854370625,148.86878967285156,17178862
2021-02-18 00:00:00+05:30,150.18862575093942,157.0589371686228,148.50720963729864,156.28150939941406,41510988
2021-02-19 00:00:00+05:30,158.01712873591933,160.83756735198372,153.1355927223383,155.4859619140625,48892610
2021-02-22 00:00:00+05:30,155.2328364190723,157.38433257068877,151.14681450786424,152.7920684814453,19380682
2021-02-23 00:00:00+05:30,154.76281773338778,160.07827406487226,153.96730350860273,157.38438415527344,28795656
2021-02-24 00:00:00+05:30,159.10193594272184,160.9099124875255,157.6917164447776,158.63186645507812,11981366
2021-02-25 00:00:00+05:30,159.8070580940003,169.15428840532164,159.77089635454368,166.89431762695312,37621658
2021-02-26 00:00:00+05:30,164.50778877918225,168.62997305808582,159.19233337019276,162.6636505126953,36883078
2021-03-01 00:00:00+05:30,164.88745318291805,167.7259784326528,162.75404316672052,164.6162567138672,12185500
2021-03-02 00:00:00+05:30,171.5769853896932,174.4335863114124,167.057043730323,169.5882110595703,53200666
2021-03-03 00:00:00+05:30,173.5657481204058,173.5657481204058,167.1655067444606,168.62997436523438,17675284
2021-03-04 00:00:00+05:30,167.0570202436341,170.90800778900112,166.06263321837437,167.74404907226562,12556622
2021-03-05 00:00:00+05:30,167.4186294818316,171.5589002188757,165.64681465976088,166.98471069335938,17793026
2021-03-08 00:00:00+05:30,167.05704354446982,171.01651684767867,166.9847200639948,168.7565460205078,11349538
2021-03-09 00:00:00+05:30,161.3438367798993,164.16427587206599,158.14371597935525,161.2353515625,399581906
2021-03-10 00:00:00+05:30,163.07947229456016,163.40490584158235,159.84319010442152,161.0906982421875,23491604
2021-03-12 00:00:00+05:30,165.24904875595928,167.78021580473765,163.07947699986354,165.4479217529297,52792772
2021-03-15 00:00:00+05:30,167.94292998629805,168.14180297365994,163.18794328924835,166.53269958496094,33839076
2021-03-16 00:00:00+05:30,167.9790786459188,168.3587603012881,163.45913776065555,164.11001586914062,30782874
2021-03-17 00:00:00+05:30,159.8251268911116,161.52462926074634,155.5221449125843,156.2272491455078,57699598
2021-03-18 00:00:00+05:30,157.29394468762158,158.55952815062545,153.24407319200444,154.36502075195312,26361962
2021-03-19 00:00:00+05:30,154.03958185103926,158.52336089979488,151.58073847962828,156.55267333984375,26622950
2021-03-22 00:00:00+05:30,158.4691253246161,159.8251075721171,157.05890599421744,158.86688232421875,27343862
2021-03-23 00:00:00+05:30,159.78896191313476,159.8974471248554,157.3301182709803,157.8363494873047,17089478
2021-03-24 00:00:00+05:30,157.27587191313646,157.836340184782,154.99781502142093,155.4678955078125,10317086
2021-03-25 00:00:00+05:30,156.01667046123745,156.29105784427526,151.86427249829507,153.27279663085938,20898974
2021-03-26 00:00:00+05:30,155.81546533343473,157.9739774433658,154.16914083461145,155.1935272216797,19204862
2021-03-30 00:00:00+05:30,156.9130112405265,158.7422606398445,154.20572436250632,157.60812377929688,17153798
2021-03-31 00:00:00+05:30,157.49837293071286,157.73617311912446,155.6691235354665,156.56546020507812,10018670
2021-04-01 00:00:00+05:30,157.53496087272092,160.9556594904607,156.60203697796334,160.02273559570312,9156394
2021-04-05 00:00:00+05:30,158.8154185047252,159.8763808126167,154.0593705629311,156.60202026367188,11510442
2021-04-06 00:00:00+05:30,157.3154433271616,158.66909230545238,155.23009461246545,156.62033081054688,9190874
2021-04-07 00:00:00+05:30,156.94959682161073,157.86422151171334,156.40082200754915,156.65692138671875,7430944
2021-04-08 00:00:00+05:30,157.15079749145153,159.510533473223,157.05933502959763,157.5166473388672,6708234
2021-04-09 00:00:00+05:30,157.31545631415207,158.13861858556334,155.30328187292454,155.70571899414062,8179184
2021-04-12 00:00:00+05:30,152.9069788466639,153.43745453285058,147.07166814463557,147.7850799560547,12368094
2021-04-13 00:00:00+05:30,148.16919351074327,150.91306746464593,147.14481836722697,149.7789306640625,8064312
2021-04-15 00:00:00+05:30,149.6325781266195,152.3398645932508,147.54722966233763,148.1143035888672,14440358
2021-04-16 00:00:00+05:30,148.16921241636243,154.73622271655975,147.91311301538056,151.38868713378906,22292626
2021-04-19 00:00:00+05:30,148.1692157710364,150.87650291264762,146.3399661936162,149.54115295410156,11256462
2021-04-20 00:00:00+05:30,150.6935390630855,151.62646280570772,148.5716145668574,149.30331420898438,7026888
2021-04-22 00:00:00+05:30,148.1691860658936,154.1325340268027,147.6204113026866,153.05328369140625,15611348
2021-04-23 00:00:00+05:30,152.6691596936023,155.4679203767919,152.1935592867723,154.77279663085938,47680532
2021-04-26 00:00:00+05:30,155.8520685694803,156.71181812906673,152.76063222698457,153.25453186035156,12888196
2021-04-27 00:00:00+05:30,152.74231408616896,154.79107550209147,152.3947522588347,153.7849884033203,10816330
2021-04-28 00:00:00+05:30,154.38866471159244,155.24841424805186,151.79112807233668,152.74234008789062,19805066
2021-04-29 00:00:00+05:30,154.38864622404697,154.7544960966158,152.5593968612028,153.4923095703125,13265608
2021-04-30 00:00:00+05:30,152.74234054347914,160.05933889286737,151.69966604572065,154.31549072265625,33702940
2021-05-03 00:00:00+05:30,153.29110743449283,156.96789444758906,151.97404556724024,152.1935577392578,16118782
2021-05-04 00:00:00+05:30,153.98623006744998,157.1142536021155,153.10819248687588,154.1874542236328,19987878
2021-05-05 00:00:00+05:30,154.40693773011498,157.9008107907663,154.02279982120493,155.41302490234375,13778662
2021-05-06 00:00:00+05:30,156.58377004878312,159.14471955892677,155.17524558523334,158.77886962890625,12787288
2021-05-07 00:00:00+05:30,159.16297202818987,163.5348821810741,156.58373506375776,162.12635803222656,24054728
2021-05-10 00:00:00+05:30,164.26661539821302,166.46171493582835,162.80321570646947,165.98611450195312,19405820
2021-05-11 00:00:00+05:30,164.48609168377135,169.75432719121824,163.49829264150267,169.1140899658203,21695878
2021-05-12 00:00:00+05:30,169.7543328507582,171.21773227188544,163.3519603833266,164.35804748535156,15235594
2021-05-14 00:00:00+05:30,165.91289924375752,165.91289924375752,160.64466388221808,161.79708862304688,9799430
2021-05-17 00:00:00+05:30,162.80319522108408,163.37025806434025,160.27883330343548,162.30929565429688,6063462
2021-05-18 00:00:00+05:30,163.60805634275962,165.51046885171883,161.96173202825673,164.06536865234375,9934246
2021-05-19 00:00:00+05:30,164.63244177393904,166.20559175161586,161.7971052767212,163.33367919921875,16215214
2021-05-20 00:00:00+05:30,163.90074459403365,167.50436810881487,161.52272039791487,166.38851928710938,18799814
2021-05-21 00:00:00+05:30,169.38849106342295,171.21774042695884,167.94337960028878,168.67507934570312,23987738
2021-05-24 00:00:00+05:30,170.83359923168405,173.61404927875031,168.5104503518297,172.9921112060547,22941220
2021-05-25 00:00:00+05:30,174.43721102631056,175.2420851946065,171.58358654753746,173.55917358398438,21199352
2021-05-26 00:00:00+05:30,175.11404327034012,175.8640422251416,171.4006692119524,172.7543182373047,25944614
2021-05-27 00:00:00+05:30,177.4371956599745,178.53474532385064,170.486047788759,171.16287231445312,102988808
2021-05-28 00:00:00+05:30,173.77868927422662,175.57135141482192,171.4006651052109,172.4982147216797,29313704
2021-05-31 00:00:00+05:30,173.21163916328953,173.21163916328953,171.32750325138537,172.68115234375,13495562
2021-06-01 00:00:00+05:30,173.19334984148895,174.40066127602785,171.9860495718036,172.26043701171875,8869530
2021-06-02 00:00:00+05:30,171.94943514029245,173.94332135413654,171.58358527829185,173.650634765625,12676710
2021-06-03 00:00:00+05:30,173.59576337575035,175.02257563627927,173.0835757905415,173.37625122070312,12184524
2021-06-04 00:00:00+05:30,173.70554094651195,176.63234036373947,173.43115350114687,174.9677276611328,17759466
2021-06-07 00:00:00+05:30,175.9005898027267,177.5835012154719,175.15060213420193,176.12010192871094,12523390
2021-06-08 00:00:00+05:30,176.99818077590984,179.15670416196124,174.23601844032984,178.3335418701172,15198964
2021-06-09 00:00:00+05:30,179.99812043675527,180.69323289652866,176.15669713475137,177.45545959472656,18980362
2021-06-10 00:00:00+05:30,177.8945069209994,178.35181927812278,176.61403232105388,176.90670776367188,7388634
2021-06-11 00:00:00+05:30,177.69329002773787,179.0835150967668,176.22989051724338,176.9250030517578,7438508
2021-06-14 00:00:00+05:30,177.0530408323943,177.4371787121191,174.144530034987,176.96157836914062,7237652
2021-06-15 00:00:00+05:30,177.43716095581385,178.2603230427223,175.90058726097803,176.3030242919922,6507360
2021-06-16 00:00:00+05:30,176.8701360751766,177.40061172362948,175.26038760646404,176.0652618408203,7994924
2021-06-17 00:00:00+05:30,174.85796501373204,176.66891532854882,174.25430374394017,174.47381591796875,6651076
2021-06-18 00:00:00+05:30,175.6079071118199,175.64449432543822,170.76039717592073,172.8091583251953,10583776
2021-06-21 00:00:00+05:30,172.5713633375073,174.07133865700166,171.4006394558601,173.7969512939453,5397088
2021-06-22 00:00:00+05:30,174.69329889965977,175.15061120044422,172.9738001827698,173.28477478027344,5553420
2021-06-23 00:00:00+05:30,173.41283777535438,173.77868764407876,171.63846367907075,171.8031005859375,4927558
2021-06-24 00:00:00+05:30,171.76653149494555,172.13238140228302,170.15679413563126,170.52264404296875,8462210
2021-06-25 00:00:00+05:30,171.36409281125506,172.7177419220802,170.55922972131697,171.96774291992188,5904240
2021-06-28 00:00:00+05:30,172.31529306641792,172.68114294553982,170.68725663838453,170.90676879882812,4334320
2021-06-29 00:00:00+05:30,171.58357116862854,171.76649608458655,170.12017184096433,170.57748413085938,5921594
2021-06-30 00:00:00+05:30,170.85191161233274,172.18726157932997,170.4860616945333,171.2543487548828,5924634
2021-07-01 00:00:00+05:30,171.25432662819807,171.5470020586815,169.0226401849929,169.29702758789062,5757026
2021-07-02 00:00:00+05:30,169.3884900555232,170.33970195187234,168.67507834204832,169.29702758789062,4769492
2021-07-05 00:00:00+05:30,170.1018946006707,171.03480726526791,167.74215856925207,168.18118286132812,11190174
2021-07-06 00:00:00+05:30,168.29095694946002,169.3885066686956,167.41291940704215,167.57754516601562,7749392
2021-07-07 00:00:00+05:30,167.5775250652006,168.80312433764115,165.52877476692288,168.47386169433594,6000580
2021-07-08 00:00:00+05:30,168.3458009990557,170.26651265170838,167.02873934712366,167.6324005126953,6426778
2021-07-09 00:00:00+05:30,166.86413912551694,167.7421766394048,165.83975272193717,167.1568145751953,7058662
2021-07-12 00:00:00+05:30,167.41291786749804,168.03485600376695,164.65074440057774,164.99830627441406,7393710
2021-07-13 00:00:00+05:30,165.63853216515457,166.46169439016086,164.54098253181286,164.72390747070312,7409874
2021-07-14 00:00:00+05:30,164.998310685124,165.76659773503206,163.97393539514883,164.1568603515625,4936524
2021-07-15 00:00:00+05:30,164.37635440768068,164.9068412247608,162.82149234399742,163.55319213867188,6617550
2021-07-16 00:00:00+05:30,164.28486417972766,165.01656385079175,163.09585221424848,163.90072631835938,6726604
2021-07-19 00:00:00+05:30,163.16905319868127,167.92510183451725,162.87637774857092,166.05926513671875,14737948
2021-07-20 00:00:00+05:30,167.12020886390656,167.55923315470665,164.26658446826045,166.0226593017578,7689016
2021-07-22 00:00:00+05:30,166.44339357480013,169.73604222185966,165.72998190199667,168.6201934814453,13532496
2021-07-23 00:00:00+05:30,170.04701113853986,170.41286099999527,168.03483690053503,168.7848358154297,6954808
2021-07-26 00:00:00+05:30,168.986026311138,169.22382645650455,166.49825204986456,166.8275146484375,5177476
2021-07-27 00:00:00+05:30,166.82752067594586,168.4372576775682,165.45558382828185,165.8397216796875,4635256
2021-07-28 00:00:00+05:30,165.94948278470264,166.64459521894656,164.74217166378892,165.8946075439453,4411220
2021-07-29 00:00:00+05:30,165.36412389987055,166.15069880491967,164.08364948914146,164.30316162109375,5979220
2021-07-30 00:00:00+05:30,164.33976346544094,166.1690127864505,162.76660235046162,162.98611450195312,13531870
2021-08-02 00:00:00+05:30,163.91900256783526,168.2543250403996,163.3519398294402,167.4860382080078,9965680
2021-08-03 00:00:00+05:30,168.54703264715286,170.10189453074338,167.01045879036985,169.53482055664062,7855132
2021-08-04 00:00:00+05:30,169.3884844021896,170.1201841188297,166.86412261275146,167.24826049804688,5192276
2021-08-05 00:00:00+05:30,166.8641299975198,167.77875468379776,165.0531686527486,165.9129180908203,7099910
2021-08-06 00:00:00+05:30,166.0958209070995,169.38846933917856,166.0958209070995,166.68118286132812,8118604
2021-08-09 00:00:00+05:30,167.3763227936971,167.9250976225289,164.88854803560065,165.5470733642578,4555246
2021-08-10 00:00:00+05:30,166.27875979708932,166.42509750673472,161.98002398275312,162.6934356689453,7098198
2021-08-11 00:00:00+05:30,163.16904676649307,165.19950913811724,161.17516045105125,164.6324462890625,10635072
2021-08-12 00:00:00+05:30,165.3641363736373,166.60802366206158,161.74222500019388,163.9556121826172,12567714
2021-08-13 00:00:00+05:30,164.63244766610967,167.87022136984697,164.0104983978745,166.42510986328125,14232032
2021-08-16 00:00:00+05:30,167.74215928439435,171.07139521308548,166.4799728129332,169.75433349609375,17964436
2021-08-17 00:00:00+05:30,170.43116811110227,171.85798040410523,168.65679396762644,170.1201934814453,14363500
2021-08-18 00:00:00+05:30,170.83358225100017,170.83358225100017,168.67505932633264,169.57139587402344,7947234
2021-08-20 00:00:00+05:30,168.94945107822244,170.30309994761328,165.72997696298347,166.53485107421875,12114818
2021-08-23 00:00:00+05:30,167.81532818467178,168.1628788381325,163.9373175989251,165.25437927246094,7925892
2021-08-24 00:00:00+05:30,165.729989639135,168.0165513063416,165.6751143920924,166.973876953125,7248688
2021-08-25 00:00:00+05:30,167.55921337383973,169.90064993037313,167.2848260156948,168.54701232910156,9704266
2021-08-26 00:00:00+05:30,168.5104473521978,172.46162136495374,167.77874763392063,170.7604217529297,14847298
2021-08-27 00:00:00+05:30,171.60185620308434,173.30306682372077,170.5408939419916,172.42501831054688,12536762
2021-08-30 00:00:00+05:30,173.74208884471136,173.74208884471136,172.53478882432555,172.88233947753906,9029840
2021-08-31 00:00:00+05:30,173.04700017670623,174.089674609473,171.34580039948295,172.5531005859375,18002472
2021-09-01 00:00:00+05:30,173.13845419733778,175.38842870670993,172.75431629263483,174.51039123535156,10439002
2021-09-02 00:00:00+05:30,174.87624943662058,176.17501209515646,174.5103995424017,175.53477478027344,8362628
2021-09-03 00:00:00+05:30,176.70550048767254,180.7298493600626,175.68112524064165,179.74205017089844,16372070
2021-09-06 00:00:00+05:30,181.44321748199835,181.64443041127723,179.26640664959888,179.55908203125,13979558
2021-09-07 00:00:00+05:30,179.52252093859352,180.5468960245655,175.97377302495644,176.3213348388672,13420280
2021-09-08 00:00:00+05:30,177.0713442458951,180.3639932091452,176.3030572548329,179.101806640625,13609662
2021-09-09 00:00:00+05:30,179.229836741833,179.99812364891446,178.44326180845127,179.68714904785156,9084984
2021-09-13 00:00:00+05:30,180.72985626962222,182.6505683048763,179.8152314909298,182.22984313964844,21460684
2021-09-14 00:00:00+05:30,183.2908009833703,184.02250078769512,179.44937701066493,180.4005889892578,24182782
2021-09-15 00:00:00+05:30,180.72985662375623,181.0774185062817,178.57134437478325,179.2481689453125,22748506
2021-09-16 00:00:00+05:30,181.5512529202136,183.43938088497967,180.7420479844508,182.1944580078125,34750954
2021-09-17 00:00:00+05:30,183.003659591019,183.41863387580588,179.3103909892177,181.03253173828125,24016408
2021-09-20 00:00:00+05:30,178.87465848970695,179.95359415148195,173.8534798283868,174.45518493652344,14744276
2021-09-21 00:00:00+05:30,174.24770004588177,175.907597188808,171.3013800843856,171.7163543701172,22963476
2021-09-22 00:00:00+05:30,172.006838290972,174.9116582379848,172.006838290972,174.3514404296875,9640070
2021-09-23 00:00:00+05:30,175.59635792727482,176.07357579983528,173.10651233407984,174.26844787597656,11769116
2021-09-24 00:00:00+05:30,174.70417809052657,175.6378702537182,170.99015308689337,172.13133239746094,12674828
2021-09-27 00:00:00+05:30,173.64600053868512,175.326641384578,172.85753923911994,174.53819274902344,9778866
2021-09-28 00:00:00+05:30,176.07356291517786,178.54266468001688,175.534101475066,178.27293395996094,18266942
2021-09-29 00:00:00+05:30,178.23145419719384,181.75873559574134,176.77904420955664,181.30226135253906,15251714
2021-09-30 00:00:00+05:30,182.50567722678733,182.7546643193333,178.85390874947836,179.3518829345703,8934732
2021-10-01 00:00:00+05:30,179.22740243635184,181.59276107529305,178.02397946693003,179.70462036132812,5489980
2021-10-04 00:00:00+05:30,180.09884166239962,181.7587388205784,179.89135451762726,180.86654663085938,5362228
2021-10-05 00:00:00+05:30,180.86654602676182,184.87104537469102,180.80430241634008,184.18634033203125,18020292
2021-10-06 00:00:00+05:30,185.49350764474866,187.5476354460161,184.72580267538555,185.57650756835938,16248822
2021-10-07 00:00:00+05:30,187.36091479970702,187.56840197002785,185.90850460746123,186.40647888183594,7445114
2021-10-08 00:00:00+05:30,187.36090039720042,187.56838755157162,184.49758019967993,186.5102081298828,6019304
2021-10-11 00:00:00+05:30,186.7384314434754,188.8755465149709,186.5309442974271,188.56431579589844,11833332
2021-10-12 00:00:00+05:30,188.54356365061207,189.72624286259477,187.19489726207266,188.9170379638672,10923204
2021-10-13 00:00:00+05:30,189.64326730584244,191.0541774838495,188.10785723141595,190.32797241210938,14072722
2021-10-14 00:00:00+05:30,190.88817383684705,191.80112234254045,190.0582252549477,190.59768676757812,7894780
2021-10-18 00:00:00+05:30,195.0379051414696,195.0379051414696,191.3238803928527,191.92559814453125,8784646
2021-10-19 00:00:00+05:30,192.5065627512409,192.96303698443614,186.71767924011368,188.00408935546875,10805314
2021-10-20 00:00:00+05:30,187.56838334671488,187.94185768340844,181.07403809328673,183.045166015625,13086926
2021-10-21 00:00:00+05:30,184.7673027416227,188.3983277814637,183.85435423743,187.1741485595703,19775152
2021-10-22 00:00:00+05:30,187.153428565463,187.9833772508974,183.62614665236669,185.59727478027344,7829992
2021-10-25 00:00:00+05:30,185.49347926253924,186.07444064689093,178.37667381021217,179.14437866210938,14550354
2021-10-26 00:00:00+05:30,178.85392065755133,181.32302277167622,177.62974142503353,178.87466430664062,9945226
2021-10-27 00:00:00+05:30,179.87061454272117,180.3063324900388,177.19402525488277,177.48451232910156,6737796
2021-10-28 00:00:00+05:30,178.0239486121101,178.85389709048823,173.89494986657536,174.62115478515625,7242482
2021-10-29 00:00:00+05:30,173.87422407397747,176.36406976477429,171.63336548506234,173.3347625732422,12075018
2021-11-01 00:00:00+05:30,177.60901224300258,177.60901224300258,174.24771765606872,174.9739227294922,11652400
2021-11-02 00:00:00+05:30,175.53413543146237,175.9076097825569,172.46332803000263,172.69155883789062,8099346
2021-11-03 00:00:00+05:30,173.45924380691383,174.9323973908663,171.8823466560912,172.17282104492188,10516486
2021-11-04 00:00:00+05:30,174.22695528337553,174.39294246380496,173.50075028798787,174.18545532226562,1975024
2021-11-08 00:00:00+05:30,175.9490951953351,179.5801201551445,174.89091584408038,179.16514587402344,11870418
2021-11-09 00:00:00+05:30,179.5594024735175,179.58014612496936,177.1940436634591,178.64645385742188,5867180
2021-11-10 00:00:00+05:30,179.2688875679348,180.09883612149005,178.5011826230942,178.95765686035156,6565108
2021-11-11 00:00:00+05:30,178.83169965611336,179.37748911470317,177.19430565522262,178.5587921142578,6633538
2021-11-12 00:00:00+05:30,179.69238424833503,180.53206828687865,178.99964747904886,179.56643676757812,4288924
2021-11-15 00:00:00+05:30,179.65039905840158,180.55305684523478,178.28591248380945,178.99964904785156,3839888
2021-11-16 00:00:00+05:30,178.85269530396317,179.08360328320433,175.556932980568,176.29165649414062,5533442
2021-11-17 00:00:00+05:30,176.5435524681848,176.64851296311238,173.05886916161342,173.73060607910156,7538798
2021-11-18 00:00:00+05:30,173.6046974332254,174.50735532895078,170.03603980763307,170.1619873046875,9990796
2021-11-22 00:00:00+05:30,170.45584690482255,171.253544118466,165.0398878292258,166.08949279785156,10565788
2021-11-23 00:00:00+05:30,165.83759218307907,168.4825916928733,165.43873715280412,166.92918395996094,6765412
2021-11-24 00:00:00+05:30,168.39864763048683,171.84134472868206,167.43300323475603,169.34329223632812,8482816
2021-11-25 00:00:00+05:30,169.6161561474842,169.78409037323698,167.09710432351164,167.97877502441406,6323818
2021-11-26 00:00:00+05:30,166.74027224833472,166.7612720389583,157.44077314381906,158.2174835205078,20046662
2021-11-29 00:00:00+05:30,159.12010462599793,159.53994659071031,154.0820010494492,154.27093505859375,15037552
2021-11-30 00:00:00+05:30,155.34153747558594,159.3300364107699,154.50185348923142,155.34153747558594,18393470
2021-12-01 00:00:00+05:30,156.49610999155854,157.83960955514243,153.57820288278793,154.81674194335938,13057566
2021-12-02 00:00:00+05:30,155.3415250024629,159.51895762417467,154.9426700159462,159.05712890625,12449776
2021-12-03 00:00:00+05:30,160.58953829094128,163.06660311644663,160.08572284971083,162.01699829101562,17313246
2021-12-06 00:00:00+05:30,162.62578438789998,163.4864552735694,159.95978540202103,160.9884033203125,8919812
2021-12-07 00:00:00+05:30,162.01703051970813,163.21358282123137,161.74413577332317,162.81472778320312,7275406
2021-12-08 00:00:00+05:30,163.52845468703273,164.68302015658176,163.3815074283962,164.22119140625,7187328
2021-12-09 00:00:00+05:30,165.52272619822668,168.5665810236855,164.70402908566453,165.31280517578125,12970082
2021-12-10 00:00:00+05:30,165.2078205491119,167.05512271446787,164.15821559009595,166.65628051757812,4565918
2021-12-13 00:00:00+05:30,167.4959812947129,168.14673130958792,164.17921904130327,164.7250213623047,5199416
2021-12-14 00:00:00+05:30,164.97692413059957,164.97692413059957,163.36052981806446,164.43112182617188,6582798
2021-12-15 00:00:00+05:30,164.15822241097294,164.74599864993223,160.8414731651816,161.34527587890625,11115184
2021-12-16 00:00:00+05:30,162.26895351978777,164.57808481178992,161.40828243597568,164.17922973632812,7909366
2021-12-17 00:00:00+05:30,164.99792858077797,165.6486786448119,160.42165271700432,161.51324462890625,16049722
2021-12-20 00:00:00+05:30,159.8968199923725,159.8968199923725,150.72327020433215,151.1431121826172,22510560
2021-12-21 00:00:00+05:30,152.99042433666227,153.6201873453032,150.05153029633783,152.90646362304688,12855558
2021-12-22 00:00:00+05:30,153.66219184785345,156.9369547458154,153.32632332949524,156.37017822265625,10045244
2021-12-23 00:00:00+05:30,157.356778620716,158.80523866549183,156.1812261297104,158.42738342285156,10693866
2021-12-24 00:00:00+05:30,159.204095522004,159.204095522004,155.46749137814396,156.24420166015625,6287570
2021-12-27 00:00:00+05:30,155.7403955560355,157.50372427451111,154.29193552607245,157.1888427734375,4632660
2021-12-28 00:00:00+05:30,157.77662515667654,160.12774301875652,157.44075666747722,159.70790100097656,6449486
2021-12-29 00:00:00+05:30,159.95979851672243,160.73650876232102,158.34340428940874,160.0017852783203,8260658
2021-12-30 00:00:00+05:30,161.21931427137397,161.76510369987287,157.86057855738702,158.6792755126953,12171414
2021-12-31 00:00:00+05:30,158.0705185834587,162.64679398259236,158.0705185834587,161.82810974121094,7780656
2022-01-03 00:00:00+05:30,161.21931199105262,162.4788378659827,161.21931199105262,162.10098266601562,6468384
2022-01-04 00:00:00+05:30,162.89869587666772,165.31278737483998,161.53420937770076,162.03802490234375,11799296
2022-01-05 00:00:00+05:30,161.61816509952425,166.46733453666556,160.98840216937293,165.7116241455078,13483996
2022-01-06 00:00:00+05:30,166.25742017432492,166.53031489240206,163.99027609809616,166.17344665527344,8237148
2022-01-07 00:00:00+05:30,167.09712592513628,169.1543492848178,165.83759985032367,166.34141540527344,11914426
2022-01-10 00:00:00+05:30,167.51694859827936,167.81084310680922,166.0894884409063,166.90817260742188,4179728
2022-01-11 00:00:00+05:30,167.43298005902875,167.43298005902875,163.80134941732308,164.22119140625,6854016
2022-01-12 00:00:00+05:30,165.6276440257701,166.23641995900002,162.28989550402943,163.19256591796875,9246820
2022-01-13 00:00:00+05:30,163.8223698915411,166.90819864977902,162.5838307427816,165.627685546875,8491424
2022-01-14 00:00:00+05:30,165.8375964373055,167.91581954300017,164.7879913965631,167.2860565185547,6915504
2022-01-17 00:00:00+05:30,168.35665865308795,169.7841190317737,167.34904031593103,168.167724609375,9671610
2022-01-18 00:00:00+05:30,168.69252220031922,170.83371911166,166.40439082881426,167.1391143798828,13220496
2022-01-19 00:00:00+05:30,166.25743401149398,168.56656503943142,164.9979079962554,165.564697265625,10347976
2022-01-20 00:00:00+05:30,165.83758739301376,166.90817935115953,163.82235094971793,165.01889038085938,6495234
2022-01-21 00:00:00+05:30,165.33377045333455,166.27841493035666,159.5399561192899,160.25369262695312,10310538
2022-01-24 00:00:00+05:30,160.12773458650807,161.15635260092702,155.38352516044714,156.64305114746094,10668074
2022-01-25 00:00:00+05:30,156.22322361221504,161.13536772871305,154.5018687081176,160.61056518554688,9905300
2022-01-27 00:00:00+05:30,161.6391755623035,161.7441360659154,157.4407554178281,160.463623046875,11474790
2022-01-28 00:00:00+05:30,161.6181871430303,165.20783120946945,160.106753342007,160.58956909179688,8089918
2022-01-31 00:00:00+05:30,163.73839152182376,167.85283828632174,162.8777204862851,166.69827270507812,13928184
2022-02-01 00:00:00+05:30,165.8375739891158,165.8375739891158,157.8605767592596,159.05712890625,25515398
2022-02-02 00:00:00+05:30,161.63918547219544,161.89109325882038,159.2670805076484,160.42164611816406,11701576
2022-02-03 00:00:00+05:30,161.21931362520672,161.59716882900383,158.07049890596443,158.30140686035156,10658294
2022-02-04 00:00:00+05:30,158.3434012799813,159.53995349369612,157.04188857054692,157.71363830566406,8957710
2022-02-07 00:00:00+05:30,158.70029649860274,158.86823075778184,155.38354683270532,156.37017822265625,8189026
2022-02-08 00:00:00+05:30,157.18883828944746,158.91019300872517,155.61443082899112,158.4483642578125,6909612
2022-02-09 00:00:00+05:30,159.53997514231176,160.37965922200814,157.31481745614127,157.6926727294922,9292356
2022-02-10 00:00:00+05:30,158.58622380570665,158.92662369575845,156.79909191937614,157.28842163085938,12283058
2022-02-11 00:00:00+05:30,157.2884180998211,159.3521264736675,155.30981618928877,157.24586486816406,11262552
2022-02-14 00:00:00+05:30,155.30983609268367,155.67151912998446,153.41632741738374,153.90567016601562,10196386
2022-02-15 00:00:00+05:30,154.0545780473035,157.33098233264656,151.7355760922079,156.96929931640625,11049572
2022-02-16 00:00:00+05:30,157.86285823993768,161.01160268052288,157.56499859625896,159.1819305419922,10889816
2022-02-17 00:00:00+05:30,159.96913148286245,160.52228459212478,157.86286967177813,158.71388244628906,5224320
2022-02-18 00:00:00+05:30,158.05434168566117,159.96912029438835,158.05434168566117,158.77769470214844,4420434
2022-02-21 00:00:00+05:30,158.71388928429556,158.71388928429556,155.33110816570158,156.90548706054688,6207542
2022-02-22 00:00:00+05:30,153.1822886380639,155.07579712234272,148.62936542048539,151.18240356445312,14106162
2022-02-23 00:00:00+05:30,152.54402476769337,153.52268416757067,151.56536536781607,151.9483184814453,5636142
2022-02-24 00:00:00+05:30,148.50172123545204,149.77824032916652,140.885159906707,141.7148895263672,14094970
2022-02-25 00:00:00+05:30,144.6721599213611,145.3104194504259,141.33193245550382,143.1190643310547,11679020
2022-02-28 00:00:00+05:30,142.69355829070705,149.48037684003233,141.2681094089239,148.8421173095703,19146282
2022-03-02 00:00:00+05:30,147.43794487888553,151.778114684208,144.58704724405686,145.5657196044922,15469204
2022-03-03 00:00:00+05:30,147.82090736240283,150.62925194490097,146.09761179279587,147.39540100097656,12825706
2022-03-04 00:00:00+05:30,148.05494348532352,149.5654858725123,145.94868180447145,148.2251434326172,15557860
2022-03-07 00:00:00+05:30,147.65069336298654,147.65069336298654,141.18299209066947,143.82113647460938,19936000
2022-03-08 00:00:00+05:30,143.73603444794975,145.94867257917932,141.56596253263257,145.35296630859375,12880560
2022-03-09 00:00:00+05:30,146.58694831338386,147.92729081698744,143.69351011559127,145.7997589111328,13563906
2022-03-10 00:00:00+05:30,149.7782433627328,150.62925610911196,147.01245193700052,148.50172424316406,18109208
2022-03-11 00:00:00+05:30,149.35271015483372,154.75664531756757,149.03358043228064,154.0332794189453,16557604
2022-03-14 00:00:00+05:30,153.09719433326381,153.6078071967858,149.92717951062363,153.0333709716797,16449824
2022-03-15 00:00:00+05:30,153.6290796378179,153.820562710881,148.11877958092361,149.0548858642578,12130866
2022-03-16 00:00:00+05:30,150.41648240918087,152.2036141270232,148.99103365630927,151.60789489746094,9444984
2022-03-17 00:00:00+05:30,153.01208953514274,155.82043410606278,152.2674534057167,154.96942138671875,22827672
2022-03-21 00:00:00+05:30,153.18228784431594,156.2884790425452,151.6079091361911,151.99087524414062,12369650
2022-03-22 00:00:00+05:30,152.6929801949126,157.30972741213537,151.77814399630213,156.75656127929688,14934378
2022-03-23 00:00:00+05:30,157.82031865910716,158.11817832855155,155.3098335360208,155.9906463623047,12475458
2022-03-24 00:00:00+05:30,155.73530832390074,156.5012144821446,153.52267033387326,154.28858947753906,9696758
2022-03-25 00:00:00+05:30,154.03328719981096,155.1183231171324,152.37381515579247,153.30992126464844,7259104
2022-03-28 00:00:00+05:30,153.18230370800862,154.394999542782,151.60792483683974,153.05465698242188,11624382
2022-03-29 00:00:00+05:30,154.03330855828818,154.2035085120965,152.31001292466482,152.52276611328125,11417328
2022-03-30 00:00:00+05:30,153.39505057077747,154.20351009875358,152.84189746885284,153.2035675048828,8247132
2022-03-31 00:00:00+05:30,153.6077988525187,155.09707114056252,152.67167964872164,152.9057159423828,11007364
2022-04-01 00:00:00+05:30,153.84182600848948,159.5648919955668,153.84182600848948,159.30958557128906,12772330
2022-04-04 00:00:00+05:30,159.3095821214592,162.22430334921177,158.3734758999443,161.77752685546875,14714720
2022-04-05 00:00:00+05:30,162.11791968094676,162.5434260318154,160.22441122541204,161.69241333007812,6622344
2022-04-06 00:00:00+05:30,161.26691645255053,164.43694414690881,160.60738676413058,164.1603546142578,11686350
2022-04-07 00:00:00+05:30,163.75613025729527,164.79861307996194,161.47966856450535,162.03282165527344,6693770
2022-04-08 00:00:00+05:30,162.88382762330272,164.5858530445929,162.16047461050846,163.6284637451172,8380548
2022-04-11 00:00:00+05:30,163.88376634615065,166.01129807331193,163.73483652816472,165.24539184570312,4778320
2022-04-12 00:00:00+05:30,164.6496758613164,164.9262523724724,160.52225935955906,161.9477081298828,4891948
2022-04-13 00:00:00+05:30,161.69242838756392,163.3731838241834,160.71376888359845,161.2669219970703,6523924
2022-04-18 00:00:00+05:30,161.26691273097313,161.26691273097313,157.88413192674759,158.18199157714844,5585346
2022-04-19 00:00:00+05:30,159.09683207607992,163.33062572972534,158.71387893311166,159.92657470703125,11592654
2022-04-20 00:00:00+05:30,161.60730860008854,166.92613804302752,160.13931946509146,165.92620849609375,17136378
2022-04-21 00:00:00+05:30,168.07501979383716,169.69193884072212,165.94748789771265,169.22389221191406,15955692
2022-04-22 00:00:00+05:30,168.07500831398445,169.0323976018489,166.5857360884175,167.39419555664062,8821478
2022-04-25 00:00:00+05:30,163.81994980324953,164.22418604238806,156.92674152644983,157.30970764160156,20815928
2022-04-26 00:00:00+05:30,158.88407824433435,159.7350909965648,157.0756761458447,158.65005493164062,6278956
2022-04-27 00:00:00+05:30,156.5863338538114,158.11815928207457,155.01195519426417,155.9480743408203,6163612
2022-04-28 00:00:00+05:30,158.16072443650413,158.16072443650413,155.37364989508214,157.16078186035156,6573278
2022-04-29 00:00:00+05:30,157.43733355148436,158.5862057742721,153.67160013837122,154.28858947753906,6718850
2022-05-02 00:00:00+05:30,153.22482073664224,156.5650477780352,152.18232511081035,155.92678833007812,6400476
2022-05-04 00:00:00+05:30,155.92681821281946,158.03306700347875,152.96954367636675,154.65029907226562,5737094
2022-05-05 00:00:00+05:30,155.75660537186124,156.90547779326295,153.22485019940075,153.60780334472656,3695092
2022-05-06 00:00:00+05:30,151.90577003462417,153.0971826446479,150.20374460006255,152.03341674804688,4697742
2022-05-09 00:00:00+05:30,151.3526195765845,152.4589257398178,148.84212162890825,150.3739471435547,5048780
2022-05-10 00:00:00+05:30,150.41650327883715,152.33128196272617,149.52293729593745,150.39523315429688,5909904
2022-05-11 00:00:00+05:30,151.0547656437314,152.94827423822395,146.69332522725747,147.69326782226562,7774130
2022-05-12 00:00:00+05:30,146.79969611692897,147.41668554115512,143.05524529420288,144.65089416503906,7716626
2022-05-13 00:00:00+05:30,145.26786991615614,146.92734213688524,142.97013815011405,143.37437438964844,4515592
2022-05-16 00:00:00+05:30,144.31048456278742,144.52323775040335,141.99148260902842,143.0126953125,3884304
2022-05-17 00:00:00+05:30,142.97013938187047,145.92741382813523,142.182950005451,145.71466064453125,9596420
2022-05-18 00:00:00+05:30,143.16160164190055,147.7357944248196,140.84258708336816,141.2255401611328,15314616
2022-05-19 00:00:00+05:30,140.3319959134882,140.39583225745545,137.86406415670442,138.9916534423828,10187938
2022-05-20 00:00:00+05:30,141.26812059212173,142.48081639308478,139.56609504281906,141.6085205078125,6393394
2022-05-23 00:00:00+05:30,141.6085156148945,143.03396456026763,139.1405838478484,141.3106689453125,8792862
2022-05-24 00:00:00+05:30,141.31065315307114,142.3531358582409,139.77882778573203,140.4596405029297,5891438
2022-05-25 00:00:00+05:30,141.43831496220508,141.9063745668567,138.35339377596907,138.77890014648438,8163646
2022-05-26 00:00:00+05:30,138.28954646655188,138.50229961496197,132.8430710614225,138.01296997070312,16061314
2022-05-27 00:00:00+05:30,138.11936131613214,139.9915866252823,135.3961233223298,137.16197204589844,9751704
2022-05-30 00:00:00+05:30,138.07681788668526,140.75750283946826,137.01305195535485,140.055419921875,7101016
2022-05-31 00:00:00+05:30,140.41708976826664,140.7149493952775,138.28955810511107,138.8001708984375,20841502
2022-06-01 00:00:00+05:30,139.5660699949674,141.20427188924884,137.90659797930678,138.71505737304688,13381064
2022-06-02 00:00:00+05:30,139.14057567446534,142.22549669477075,137.24706723334995,140.14051818847656,16113808
2022-06-03 00:00:00+05:30,140.67240913531444,141.26811545883922,139.18313683379054,139.62991333007812,9938986
2022-06-06 00:00:00+05:30,139.35335764068498,139.52355761781743,135.43869323950912,135.88548278808594,9345428
2022-06-07 00:00:00+05:30,135.11952981513917,137.26834457158566,134.88550652795058,136.26840209960938,7910152
2022-06-08 00:00:00+05:30,136.5875368809037,138.24700903097025,135.8216306533109,137.82150268554688,5381610
2022-06-09 00:00:00+05:30,137.43855111325206,142.35314426384454,135.94927888756666,141.62979125976562,13918892
2022-06-10 00:00:00+05:30,140.73622900049492,141.35321841855165,138.9703801981781,140.8426055908203,5453434
2022-06-13 00:00:00+05:30,139.52352953577866,139.52352953577866,135.01315962973288,135.2897491455078,7503680
2022-06-14 00:00:00+05:30,135.01318308987572,136.48118544628974,132.6090743922717,133.73666381835938,10098392
2022-06-15 00:00:00+05:30,134.82168922150228,134.82168922150228,131.05595543733827,133.60899353027344,9987308
2022-06-16 00:00:00+05:30,135.3110225499104,136.07692880413668,132.03461838204817,132.6090545654297,8720718
2022-06-17 00:00:00+05:30,131.48144287920474,132.54520859829216,127.5455097185813,128.077392578125,13905510
2022-06-20 00:00:00+05:30,129.3539183623569,129.56667151755815,125.09885525833201,125.97113800048828,7456818
2022-06-21 00:00:00+05:30,126.22645962495152,128.6944043145297,124.82229382524699,128.1625213623047,5603658
2022-06-22 00:00:00+05:30,128.99224162315642,130.80064352959224,126.26900370231404,130.16238403320312,13204868
2022-06-23 00:00:00+05:30,131.24743349099185,132.11971627869497,129.16244207281272,131.01339721679688,8697024
2022-06-24 00:00:00+05:30,131.14107623965023,132.0984656291776,129.94965054142807,130.86448669433594,6549900
2022-06-27 00:00:00+05:30,131.906983390687,134.31109194249683,131.20490043101506,134.03451538085938,5569614
2022-06-28 00:00:00+05:30,132.75797041825652,135.94926778408,132.75797041825652,135.56631469726562,6481036
2022-06-29 00:00:00+05:30,133.43880581416238,136.09822073797213,133.43880581416238,134.63021850585938,4503176
2022-06-30 00:00:00+05:30,134.46000124088988,135.20463732371124,130.69426759639433,131.2261505126953,9158568
2022-07-01 00:00:00+05:30,131.26870564058967,135.84289878689873,130.07729308502255,135.45994567871094,8833390
2022-07-04 00:00:00+05:30,134.50257115744915,135.50251376123083,133.03456893217134,134.60894775390625,4431040
2022-07-05 00:00:00+05:30,135.22591579873668,136.7364711655881,132.82180746564543,133.22604370117188,6138608
2022-07-06 00:00:00+05:30,134.71530747178582,137.01303907028998,134.2472479089332,136.71517944335938,8353864
2022-07-07 00:00:00+05:30,138.24701036751281,140.41709534723657,137.48110413251538,140.1617889404297,9279814
2022-07-08 00:00:00+05:30,140.41710626177948,141.37449562265525,138.07682115741648,138.41722106933594,5034654
2022-07-11 00:00:00+05:30,138.86401215336664,138.86401215336664,134.24726525205116,134.41746520996094,11830842
2022-07-12 00:00:00+05:30,134.03450276022676,134.24725593921124,131.07722837817298,131.33253479003906,10690702
2022-07-13 00:00:00+05:30,132.75799531061293,134.2047144572975,131.69422932254713,132.11973571777344,9645842
2022-07-14 00:00:00+05:30,132.33247673452038,133.05584273399103,129.4177555984278,130.26876831054688,11835382
2022-07-15 00:00:00+05:30,131.05595844211922,133.2473135917128,130.24749895790515,132.800537109375,10024354
2022-07-18 00:00:00+05:30,133.39626412356083,134.56640679131138,131.75806179162498,134.3749237060547,7029760
2022-07-19 00:00:00+05:30,133.99194787680307,135.22591370262813,132.97073522734175,134.69403076171875,5009030
2022-07-20 00:00:00+05:30,135.906744876842,136.5237343660565,134.56640228124425,134.92808532714844,6723570
2022-07-21 00:00:00+05:30,135.289757794689,137.8640661820043,134.4600151651647,137.3109130859375,7298344
2022-07-22 00:00:00+05:30,138.37466426526467,138.45975774035242,135.54503677107536,136.2896728515625,6293178
2022-07-25 00:00:00+05:30,136.2896678602284,136.54497424698704,134.26851285864117,134.94932556152344,6529228
2022-07-26 00:00:00+05:30,134.82168968387072,135.80034909534953,133.67281734394055,135.50250244140625,4397264
2022-07-27 00:00:00+05:30,135.31102488385974,138.31083958098333,135.11954182428852,138.11936950683594,6514864
2022-07-28 00:00:00+05:30,136.94923952656632,139.9490544981656,136.94923952656632,138.73635864257812,6933530
2022-07-29 00:00:00+05:30,139.16185827454166,140.90643705331652,138.37468184919175,140.5447540283203,9605766
2022-08-01 00:00:00+05:30,140.84259527918675,142.62972705997993,139.48096982854216,142.1829376220703,6221584
2022-08-02 00:00:00+05:30,142.75737402677697,145.3104120123527,141.39574857363417,142.6084442138672,7663472
2022-08-03 00:00:00+05:30,142.60845154451818,143.544570714852,140.5447431363436,142.07656860351562,4079330
2022-08-04 00:00:00+05:30,143.35309058940356,143.71477359375606,140.2894525779189,142.0978546142578,5023836
2022-08-05 00:00:00+05:30,142.54462878368307,143.50201808148393,141.3532161850336,143.1403350830078,5115246
2022-08-08 00:00:00+05:30,140.20434897284662,140.41710215793438,136.24714492438346,138.56614685058594,18945812
2022-08-10 00:00:00+05:30,139.26821924789272,140.523468139294,138.71506620260362,139.6937255859375,5743378
2022-08-11 00:00:00+05:30,140.39583968192298,141.09792263387516,139.22569710019448,139.71502685546875,3377190
2022-08-12 00:00:00+05:30,139.71501353963365,142.31060488881076,139.4809772543385,142.07656860351562,5285940
2022-08-16 00:00:00+05:30,142.31060766181432,147.75708388963875,141.71488836794484,147.18264770507812,10721280
2022-08-17 00:00:00+05:30,147.9060078499277,151.16112878616948,147.6507014463077,150.26756286621094,14146800
2022-08-18 00:00:00+05:30,150.43777324081896,150.43777324081896,146.9911820018822,147.67198181152344,7118970
2022-08-19 00:00:00+05:30,148.2781670419754,148.62455547640081,145.91835453910292,146.4595947265625,7463376
2022-08-22 00:00:00+05:30,145.98330706340704,146.11321264236625,143.66679631762779,144.46783447265625,4227956
2022-08-23 00:00:00+05:30,143.29875827397584,145.0307268854087,143.1472083777011,144.48948669433594,3118316
2022-08-24 00:00:00+05:30,144.18639420655867,144.70599010186106,142.04307765577704,142.69256591796875,5188148
2022-08-25 00:00:00+05:30,142.88743075479837,145.05239182684076,142.15133870475447,142.8008270263672,6420988
2022-08-26 00:00:00+05:30,144.57608358037066,144.57608358037066,142.15132477452457,142.4977264404297,4127464
2022-08-29 00:00:00+05:30,140.7224390822573,141.89152309248902,139.87809916221542,141.24203491210938,3250026
2022-08-30 00:00:00+05:30,141.263708303205,142.84412722458873,141.2420639782865,142.30288696289062,6339262
2022-09-01 00:00:00+05:30,140.93896256538116,144.1864040991457,140.376077985078,143.4719696044922,6741662
2022-09-02 00:00:00+05:30,143.96990250774007,144.6626926513038,138.77399625182164,139.40184020996094,9679250
2022-09-05 00:00:00+05:30,139.42346839816688,140.76574666837692,139.098724294755,140.61419677734375,4784578
2022-09-06 00:00:00+05:30,141.15544134300308,141.3502930966633,139.01212490822778,140.397705078125,5099528
2022-09-07 00:00:00+05:30,140.00802588524547,142.0214369059238,139.3585376067123,141.52349853515625,5529460
2022-09-08 00:00:00+05:30,142.8874140696943,147.58538169021475,142.73586416957323,147.1523895263672,17335416
2022-09-09 00:00:00+05:30,147.86683240070653,147.88847672458644,145.5070196873862,146.56785583496094,6934262
2022-09-12 00:00:00+05:30,146.56785379835614,149.3823029850306,146.43796142913564,148.34312438964844,5406378
2022-09-13 00:00:00+05:30,148.53796619561416,149.64210421365368,147.23898961947808,147.67198181152344,10351084
2022-09-14 00:00:00+05:30,145.3554849271967,147.56373454725818,145.2039350164013,145.55032348632812,6863114
2022-09-15 00:00:00+05:30,145.81011738539678,146.7843497955442,143.0389700615298,143.4936065673828,4993238
2022-09-16 00:00:00+05:30,143.4936000728627,143.58020379094967,138.6224382425944,139.12037658691406,11937446
2022-09-19 00:00:00+05:30,139.83483123739754,140.59256756009682,138.14615114714087,138.9471893310547,5473706
2022-09-20 00:00:00+05:30,139.66162148191162,141.54514009566262,139.35853488617002,139.81317138671875,5591400
2022-09-21 00:00:00+05:30,140.07296028051954,140.28945635514165,137.82139581890067,138.57913208007812,4507332
2022-09-22 00:00:00+05:30,138.12449698172122,138.53584481314033,135.61314777669324,136.7605743408203,5353540
2022-09-23 00:00:00+05:30,136.60903161305964,137.1719161566611,134.66056681984642,135.07191467285156,5516760
2022-09-26 00:00:00+05:30,135.0935492404486,136.80387349875292,131.1533180781612,132.01930236816406,10934478
2022-09-27 00:00:00+05:30,132.92859913163662,135.093560029546,132.19250714079837,134.50901794433594,6266672
2022-09-28 00:00:00+05:30,134.2275741676879,134.2275741676879,132.1492170145114,132.49560546875,4451088
2022-09-29 00:00:00+05:30,133.16673158077248,133.68632745074518,130.9801264902038,131.30487060546875,6532502
2022-09-30 00:00:00+05:30,131.45643048802322,133.7512837913404,130.2657019749322,131.97601318359375,11182546
2022-10-03 00:00:00+05:30,132.64716954062925,134.76882878066655,131.9760236697827,133.70799255371094,7084402
2022-10-04 00:00:00+05:30,134.6605407289375,136.0461207100887,134.33579665965547,134.8553924560547,4266520
2022-10-06 00:00:00+05:30,135.54818332286453,136.30591956328848,133.9677646641831,135.1584930419922,6973606
2022-10-07 00:00:00+05:30,134.31419279274093,134.6172794203644,132.58222390161015,133.101806640625,6436838
2022-10-10 00:00:00+05:30,132.49561389317654,132.75541185731038,130.80694694711661,131.91107177734375,4731232
2022-10-11 00:00:00+05:30,132.58221846002093,132.58221846002093,129.52961548636694,129.78941345214844,5305338
2022-10-12 00:00:00+05:30,130.35228911677052,133.90283024054915,129.6162103469245,130.98013305664062,14791710
2022-10-13 00:00:00+05:30,131.6512781854669,132.17087413099085,129.68116888528013,130.02755737304688,6058154
2022-10-14 00:00:00+05:30,131.19662761557464,132.0626119562715,128.64197645329335,128.9667205810547,5155460
2022-10-17 00:00:00+05:30,128.98836592993308,129.61620986748082,126.23886298357787,128.40382385253906,5344642
2022-10-18 00:00:00+05:30,129.05332616341576,129.16157421864892,127.3213572796853,128.0574493408203,6574926
2022-10-19 00:00:00+05:30,128.66363355206605,129.44302746440746,126.32547824278915,126.49867248535156,6029504
2022-10-20 00:00:00+05:30,126.47700706777168,129.4646501988162,124.72338096785946,128.6419677734375,10261122
2022-10-21 00:00:00+05:30,129.29147559076043,130.1791043291339,128.75023533227085,129.1832275390625,4378164
2022-10-24 00:00:00+05:30,129.89765271878898,130.65538902631522,129.70280095416177,130.22239685058594,785990
2022-10-25 00:00:00+05:30,130.63373196383122,132.06260071884728,128.75021354031276,131.02342224121094,5684662
2022-10-27 00:00:00+05:30,131.02344162025207,132.7554104104368,131.00178408205082,132.32241821289062,6769606
2022-10-28 00:00:00+05:30,132.71208766806052,133.57807192690592,130.8069249413748,131.32650756835938,4980844
2022-10-31 00:00:00+05:30,131.99765370378395,132.49559201137927,130.5038255671268,131.47805786132812,8168120
2022-11-01 00:00:00+05:30,131.47805866832746,132.4089891123929,130.85022800320021,131.78115844726562,6729148
2022-11-02 00:00:00+05:30,131.84611589339806,132.45230228921392,131.4131237229764,132.1492156982422,4907332
2022-11-03 00:00:00+05:30,132.14921311385262,133.23169351873716,131.41312115298228,132.1059112548828,4588148
2022-11-04 00:00:00+05:30,132.30075217773805,132.30075217773805,129.37805503201005,130.48219299316406,7678230
2022-11-07 00:00:00+05:30,130.98013051966683,134.29251795449716,130.76363443616324,134.11932373046875,7732442
2022-11-09 00:00:00+05:30,134.70386414816969,135.02860826944595,132.4739571581804,132.8636474609375,5580594
2022-11-10 00:00:00+05:30,132.49559458031786,133.3399345372116,131.71621401539397,132.2790985107422,2795742
2022-11-11 00:00:00+05:30,132.95024356263215,134.46571619239484,132.25746664583878,133.75128173828125,4580064
2022-11-14 00:00:00+05:30,134.01107538134573,134.22757146435276,132.95023928906244,133.2100372314453,2600014
2022-11-15 00:00:00+05:30,133.27498769758128,134.05438154978285,132.36571469082182,133.75128173828125,4035358
2022-11-16 00:00:00+05:30,133.75126774783678,134.0976693838724,132.40898948767537,132.69044494628906,2926810
2022-11-17 00:00:00+05:30,132.92859631945225,133.27498477024062,131.8677602163702,132.1492156982422,3816246
2022-11-18 00:00:00+05:30,132.82036991097317,132.82036991097317,130.936851020072,131.67294311523438,4065720
2022-11-21 00:00:00+05:30,132.34405666489047,134.63892313838215,131.75951458136558,134.3574676513672,7671706
2022-11-22 00:00:00+05:30,134.33581816794882,134.8121121885951,132.3873534402912,132.8636474609375,7471030
2022-11-23 00:00:00+05:30,132.53892820556425,134.55233949244294,132.53892820556425,134.29254150390625,5713460
2022-11-24 00:00:00+05:30,134.85542362212635,139.42348596685773,134.46572007782862,138.99049377441406,16914922
2022-11-25 00:00:00+05:30,138.99048570212247,141.26369458042822,136.99871908978488,140.48431396484375,8593556
2022-11-28 00:00:00+05:30,141.58842668652272,148.04000678879189,141.58842668652272,147.5420684814453,26418498
2022-11-29 00:00:00+05:30,147.86682055969447,148.23486653329093,145.57196742952908,146.8059844970703,10055668
2022-11-30 00:00:00+05:30,146.8059999929228,148.84106861664884,145.39877534418358,147.7152862548828,10029732
2022-12-01 00:00:00+05:30,148.08331569064046,148.84105195513933,145.93999925693774,146.61114501953125,4289334
2022-12-02 00:00:00+05:30,147.00084390809297,148.6678664302376,146.48124801079223,147.69363403320312,5595618
2022-12-05 00:00:00+05:30,147.60703184398318,147.99672216406603,146.1348610715187,146.52455139160156,4976546
2022-12-06 00:00:00+05:30,147.17404664940884,147.69364257676642,142.06474395717717,142.25958251953125,10051146
2022-12-07 00:00:00+05:30,143.21216059976737,145.9183616693019,143.103912556986,144.77093505859375,14328596
2022-12-08 00:00:00+05:30,145.8101131413645,146.0482535491422,143.9915407431393,145.3771209716797,5220452
2022-12-09 00:00:00+05:30,147.2173515125339,147.2173515125339,144.98744427210406,146.5462188720703,10392346
2022-12-12 00:00:00+05:30,146.32971469655814,151.48231907254672,144.87918822917376,151.11427307128906,13477930
2022-12-13 00:00:00+05:30,151.1142640652624,151.1142640652624,149.42559728151954,149.88023376464844,7750970
2022-12-14 00:00:00+05:30,150.11838334299438,151.89364058278687,149.68539119399685,151.00601196289062,9635850
2022-12-15 00:00:00+05:30,151.0060354925165,152.1751197625242,149.815306897235,151.17922973632812,5908812
2022-12-16 00:00:00+05:30,151.17920640321623,151.98024452282027,147.5637193109674,147.97506713867188,9481326
2022-12-19 00:00:00+05:30,148.27816393547164,148.927652146816,145.3554669844219,147.78021240234375,5444230
2022-12-20 00:00:00+05:30,147.93176314017265,148.12661489023853,144.72762392199624,147.32557678222656,5614312
2022-12-21 00:00:00+05:30,147.65034816619138,148.49468828729545,143.79672002105093,144.66270446777344,5170900
2022-12-22 00:00:00+05:30,144.61938911420563,145.44207161908673,140.59256709807178,141.97813415527344,6135896
2022-12-23 00:00:00+05:30,140.72247572181675,142.41114278770368,139.4884452150198,140.76577758789062,5802076
2022-12-26 00:00:00+05:30,139.85649125583635,142.1946466712086,139.4884452150198,140.76577758789062,3377562
2022-12-27 00:00:00+05:30,140.89562811999315,142.15130257989892,139.72655736650998,141.15542602539062,2819074
2022-12-28 00:00:00+05:30,141.15544614466762,141.41524408709483,139.4884236624546,140.332763671875,9481554
2022-12-29 00:00:00+05:30,140.33277040606563,142.0214372920687,138.62244598239553,141.675048828125,6195112
2022-12-30 00:00:00+05:30,142.0214319272409,144.18639277979034,141.82658016496254,143.10391235351562,4199128
2023-01-02 00:00:00+05:30,142.90905004574014,144.9224740611351,141.82656969934348,144.55442810058594,4405586
2023-01-03 00:00:00+05:30,144.5544323595294,146.3513471447153,143.580200019069,145.85340881347656,5264652
2023-01-04 00:00:00+05:30,146.58949729787335,147.56372970316858,144.68433434807054,145.61526489257812,5848474
2023-01-05 00:00:00+05:30,145.9183526658867,148.49466121066982,145.31216630648817,148.23486328125,7428290
2023-01-06 00:00:00+05:30,148.08331156879115,150.05342051610222,147.3255753253836,149.2523956298828,7364410
2023-01-09 00:00:00+05:30,150.6163239210116,151.26581215420796,149.42559549348493,150.14002990722656,4519436
2023-01-10 00:00:00+05:30,150.68126830472596,151.11426045502688,148.60291126883016,150.3998260498047,4762962
2023-01-11 00:00:00+05:30,151.04931154732745,155.01118700825577,149.75033511988397,152.62973022460938,14348024
2023-01-12 00:00:00+05:30,153.25757123067189,153.25757123067189,148.68949628519684,149.4039306640625,5863672
2023-01-13 00:00:00+05:30,149.55549243453368,152.04519740469732,148.10496602653345,151.59056091308594,5433700
2023-01-16 00:00:00+05:30,152.41325705586146,152.58645129610477,148.9926212590302,151.09263610839844,5698298
2023-01-17 00:00:00+05:30,151.8503515383115,152.13179379164293,149.57714276207253,150.85446166992188,3477566
2023-01-18 00:00:00+05:30,151.02765774252532,151.24415381911373,148.47300668155646,149.83692932128906,4099580
2023-01-19 00:00:00+05:30,149.79365820960297,151.50396948651093,148.94931812653402,151.39572143554688,3279112
2023-01-20 00:00:00+05:30,151.20088837886445,151.98026908864125,149.6204562061313,149.96685791015625,3993550
2023-01-23 00:00:00+05:30,150.24827175448922,151.54724816735225,149.79363529553572,151.37405395507812,3362750
2023-01-24 00:00:00+05:30,151.54727264077133,152.60810883480613,150.61634203732416,151.09263610839844,4752342
2023-01-25 00:00:00+05:30,150.9843698959306,151.76375049021746,149.68539342953787,150.14002990722656,3866394
2023-01-27 00:00:00+05:30,150.2049823818037,151.35240899909013,143.53690555101664,145.7235107421875,5251902
2023-01-30 00:00:00+05:30,145.8750685353086,146.8926028410945,143.88330178621402,145.09568786621094,6395210
2023-01-31 00:00:00+05:30,148.49468037936475,152.19675840640363,147.7585883533008,148.62457275390625,17988324
2023-02-01 00:00:00+05:30,148.6245631391071,149.25240707447895,142.8874168562428,144.9224853515625,8358226
2023-02-02 00:00:00+05:30,144.83588835362173,145.485376642203,142.6709273916842,143.8400115966797,9029328
2023-02-03 00:00:00+05:30,143.7317506765726,144.0781391139123,139.5100771788697,141.4585418701172,5653818
2023-02-06 00:00:00+05:30,140.31110951815094,144.90082923211577,140.31110951815094,144.51113891601562,6611800
2023-02-07 00:00:00+05:30,144.619397603302,145.57198574731626,143.55856140718942,143.818359375,3480708
2023-02-08 00:00:00+05:30,143.66680183624155,145.39877057791475,142.47607332634124,144.70599365234375,2499180
2023-02-09 00:00:00+05:30,143.79669660698843,146.2214553057688,143.47195249234477,144.48948669433594,4275406
2023-02-10 00:00:00+05:30,144.66270188875302,145.3987807270201,143.55856381054176,144.61940002441406,2551682
2023-02-13 00:00:00+05:30,144.61938865881484,146.22146501633284,143.77504861911996,145.0090789794922,3587566
2023-02-14 00:00:00+05:30,144.18641425408228,144.94415066532744,143.10393366658914,143.3853759765625,2385346
2023-02-15 00:00:00+05:30,143.3853759765625,144.03486432905837,142.23794919659466,143.3853759765625,3529300
2023-02-16 00:00:00+05:30,143.38537344115198,144.2513578958337,140.2028779274218,141.02557373046875,7507670
2023-02-17 00:00:00+05:30,141.02555168082222,144.18638916065714,140.96059228577832,143.62350463867188,6702378
2023-02-20 00:00:00+05:30,144.12143529081027,144.38123321550978,141.1337921914441,141.2203826904297,3546252
2023-02-21 00:00:00+05:30,141.5667825920071,142.2595594308821,139.48841243376847,139.96470642089844,2962498
2023-02-22 00:00:00+05:30,139.63996318367896,139.8564592506304,136.91211802563933,138.75233459472656,8178548
2023-02-23 00:00:00+05:30,139.42348298926996,140.13791744876963,137.691514256484,138.79563903808594,5490782
2023-02-24 00:00:00+05:30,138.90388287797416,139.48842495036445,137.08532369193725,137.4966583251953,3794754
2023-02-27 00:00:00+05:30,137.77810229344507,139.0554211601358,136.2409722897671,138.75233459472656,3962002
2023-02-28 00:00:00+05:30,137.32343048132313,139.27189476969912,135.9811524398903,137.4100341796875,7852658
2023-03-01 00:00:00+05:30,137.17190157816316,138.9904738107684,136.63066141534864,136.78221130371094,6991434
2023-03-02 00:00:00+05:30,137.12862537101148,139.35853240124027,136.1760373125291,139.0121307373047,6768720
2023-03-03 00:00:00+05:30,139.72657878054758,140.24616145710175,138.66574267670688,139.16368103027344,4226202
2023-03-06 00:00:00+05:30,139.59667262893117,141.37194316442896,139.05543241773506,140.52760314941406,3629924
2023-03-08 00:00:00+05:30,140.26781522823362,141.7832877851078,139.76986367416302,141.19874572753906,4785062
2023-03-09 00:00:00+05:30,141.1987567205139,141.54514518921854,140.09461870050578,140.6575164794922,3895532
2023-03-10 00:00:00+05:30,140.72245700723118,141.97813167313657,138.7956365411216,141.17709350585938,3517038
2023-03-13 00:00:00+05:30,141.15545943475126,141.415257401639,139.09874645218972,139.68328857421875,3910894
2023-03-14 00:00:00+05:30,140.37605067160317,142.41110570847022,139.35851654623423,141.24203491210938,5894652
2023-03-15 00:00:00+05:30,142.45443414975327,144.35959719165615,141.73999966077386,143.01731872558594,5511946
2023-03-16 00:00:00+05:30,145.05239235117637,152.73800418470884,144.684346324824,151.9369659423828,36574630
2023-03-17 00:00:00+05:30,151.9802634030053,153.69058789209274,149.57716195953276,152.15345764160156,23389012
2023-03-20 00:00:00+05:30,153.64728963300325,156.31018910376918,151.76377086113877,155.72564697265625,18492346
2023-03-21 00:00:00+05:30,155.96379155405995,156.5699779750719,154.0369710300464,155.2493438720703,10250562
2023-03-22 00:00:00+05:30,155.14107855000626,155.44417833369855,151.87199317700492,152.32662963867188,11934054
2023-03-23 00:00:00+05:30,151.54724381201032,152.26167817577846,150.46476349906737,150.8328094482422,5146176
2023-03-24 00:00:00+05:30,150.63797666499948,151.4390148401666,148.9493098070545,149.5554962158203,5875488
2023-03-27 00:00:00+05:30,148.99260816779673,150.20498095684837,148.3864217732709,149.31735229492188,4245926
2023-03-28 00:00:00+05:30,148.083320035865,148.47301034055337,145.2039247890532,147.1523895263672,6854316
2023-03-29 00:00:00+05:30,147.21733570816988,148.2565142586296,145.61525941638504,147.1523895263672,5971840
2023-03-31 00:00:00+05:30,149.33899105002288,149.98847928005824,147.6286799725862,149.07919311523438,10137510
2023-04-03 00:00:00+05:30,146.35135003397212,146.35135003397212,142.5193667764029,142.8657684326172,18864744
2023-04-05 00:00:00+05:30,143.7100980526784,144.14309022108895,141.58843907024132,142.04307556152344,8249158
2023-04-06 00:00:00+05:30,142.58430341225542,144.4028756474874,142.47605537953618,143.75338745117188,4767830
2023-04-10 00:00:00+05:30,143.75339305860484,145.8317500823372,143.58019884227244,145.3987579345703,4930618
2023-04-11 00:00:00+05:30,145.55030462540395,147.0008309312703,145.1173124871675,146.82763671875,2729894
2023-04-12 00:00:00+05:30,146.82767277714817,146.89261897105905,145.0957037988601,146.04827880859375,4260174
2023-04-13 00:00:00+05:30,146.74104384883842,146.74104384883842,143.1688584444247,143.8616485595703,8347294
2023-04-17 00:00:00+05:30,143.86167076416123,145.48539165314725,143.0173306163387,145.35549926757812,2905562
2023-04-18 00:00:00+05:30,145.3554780637407,146.37299910130744,144.09979018833303,144.9657745361328,5806422
2023-04-19 00:00:00+05:30,145.03073860822812,148.64621280573516,144.48949837340695,148.0833282470703,9852864
2023-04-20 00:00:00+05:30,148.9276602725756,149.38229675977382,147.80187800204632,148.8194122314453,4865018
2023-04-21 00:00:00+05:30,148.86270941953308,151.07097222808986,148.34312672061398,149.9019012451172,6552688
2023-04-24 00:00:00+05:30,149.90189247950514,150.59466937088666,148.4080642279853,150.3348846435547,4245824
2023-04-25 00:00:00+05:30,149.49056546876756,150.919434523687,149.49056546876756,150.4647979736328,3084392
2023-04-26 00:00:00+05:30,150.1616849755484,151.3307691645144,149.42560618690595,151.11427307128906,2639794
2023-04-27 00:00:00+05:30,151.54724938924085,154.3616983064696,151.0493110697362,153.99365234375,7271052
2023-04-28 00:00:00+05:30,154.14519215449064,155.14106872836746,152.60807543962193,154.83798217773438,6742936
2023-05-02 00:00:00+05:30,155.14109902650583,157.99885017181904,155.0112066528488,156.35348510742188,6425960
2023-05-03 00:00:00+05:30,157.28440789383535,159.2545170086083,155.8122371385671,156.22357177734375,8712958
2023-05-04 00:00:00+05:30,157.52255338901944,159.83906424759653,156.37512672863954,159.49267578125,8282286
2023-05-05 00:00:00+05:30,158.95144930286006,160.0555741970522,157.6308150811189,158.2370147705078,3300230
2023-05-08 00:00:00+05:30,158.2369798615932,159.64420429002976,156.9380034661133,159.21121215820312,2400728
2023-05-09 00:00:00+05:30,158.4101963497929,160.20711130681087,157.9122579709382,158.92977905273438,4179678
2023-05-10 00:00:00+05:30,159.34113125871747,161.5060922812544,158.2153488842236,161.13804626464844,5561956
2023-05-11 00:00:00+05:30,161.57103147474027,162.32876779982575,160.85659701100565,161.3112335205078,3387368
2023-05-12 00:00:00+05:30,161.02979688734402,161.02979688734402,155.4442001379742,156.6998748779297,7791814
2023-05-15 00:00:00+05:30,156.74316209638152,157.54420023605732,154.29675903240303,154.5782012939453,4809530
2023-05-16 00:00:00+05:30,155.11944908357134,158.60503086047234,154.5782088564828,156.87306213378906,7572742
2023-05-17 00:00:00+05:30,158.79988329274923,159.99061179733016,157.5875104645432,157.93389892578125,7759756
2023-05-18 00:00:00+05:30,158.47513583156126,158.47513583156126,155.92048464535705,156.18028259277344,3426890
2023-05-19 00:00:00+05:30,155.9204743185138,156.95965282548062,154.83799395420016,156.00706481933594,2315526
2023-05-22 00:00:00+05:30,156.7215267142309,157.0679151768319,155.24934271349449,156.56997680664062,3206888
2023-05-23 00:00:00+05:30,158.90813380850628,160.64010256936191,158.04214942807846,158.7349395751953,11943178
2023-05-24 00:00:00+05:30,158.71327004408388,159.81740797401824,156.67821483218265,157.30604553222656,3750960
2023-05-25 00:00:00+05:30,157.176153170527,157.69574904506928,156.02872659594078,157.30604553222656,3352570
2023-05-26 00:00:00+05:30,158.04214399773753,158.90812834841006,157.21946150737313,157.73904418945312,2185592
2023-05-29 00:00:00+05:30,157.73905037895014,159.03802695592927,156.3101814298223,156.61328125,2341038
2023-05-30 00:00:00+05:30,157.17613613414252,157.60912824470492,155.8771598024554,156.05035400390625,2722688
2023-05-31 00:00:00+05:30,156.0503911725085,158.67000199368087,155.96380065809396,157.39266967773438,23214480
2023-06-01 00:00:00+05:30,158.17203416605045,159.7308086183671,157.65245149119315,157.8472900390625,3537282
2023-06-02 00:00:00+05:30,157.86894118873568,158.82151599437066,155.48748435384047,155.89881896972656,6932474
2023-06-05 00:00:00+05:30,155.92048981726586,156.7431723331459,153.71222701178672,154.49160766601562,5858136
2023-06-06 00:00:00+05:30,154.59983431614896,155.444174252932,153.53901152881792,154.21014404296875,4213074
2023-06-07 00:00:00+05:30,154.57818431771244,159.99058572939705,154.46993628947874,159.3843994140625,12830856
2023-06-08 00:00:00+05:30,159.16793439022499,159.16793439022499,156.00708342121447,156.35348510742188,7164382
2023-06-09 00:00:00+05:30,156.35347251124108,157.60914713963408,155.3575826092333,155.6390380859375,3085970
2023-06-12 00:00:00+05:30,156.09366439383993,161.28957000473056,155.96377203911618,160.92152404785156,9434298
2023-06-13 00:00:00+05:30,162.1555594310628,163.19473794352092,161.2462732774601,161.765869140625,7974634
2023-06-14 00:00:00+05:30,161.72257259638218,163.88753340757873,160.59679033178557,161.7442169189453,6714368
2023-06-15 00:00:00+05:30,162.41538013169105,164.73189109108986,161.5060938506153,164.0607452392578,12210880
2023-06-16 00:00:00+05:30,163.23804720052235,163.97413917106036,162.11226492188223,163.1514434814453,4278588
2023-06-19 00:00:00+05:30,163.23805689795802,163.97414891222485,162.00402650409805,162.26382446289062,3034770
2023-06-20 00:00:00+05:30,162.37208448366587,162.39372880938075,160.85661169515166,161.26795959472656,2415876
2023-06-21 00:00:00+05:30,161.2679426782607,162.26381940641343,160.79164863762878,161.4194793701172,2680298
2023-06-22 00:00:00+05:30,160.81329116263925,163.97414196866745,160.70504311888223,161.6792755126953,4024128
2023-06-23 00:00:00+05:30,160.2937146249718,160.64010309272226,155.14109697354078,155.70399475097656,10934896
2023-06-26 00:00:00+05:30,156.67824365141706,157.1112358885558,153.9936864956073,155.14111328125,5281280
2023-06-27 00:00:00+05:30,156.3101745696903,157.47925872321204,155.01119804972058,156.0287322998047,6784532
2023-06-28 00:00:00+05:30,156.1153324765634,158.82153372746674,155.5308035774669,158.21534729003906,7166772
2023-06-30 00:00:00+05:30,158.41018504742897,159.68750399649733,156.41841846024724,157.91224670410156,8391660
2023-07-03 00:00:00+05:30,158.12874285957614,164.51537724954576,157.34934903959555,162.501953125,12429962
2023-07-04 00:00:00+05:30,162.5019447848894,163.82257873963067,161.57101432707364,163.08648681640625,5390328
2023-07-05 00:00:00+05:30,163.08650319705296,167.61127679808382,162.37206873738302,167.3731231689453,12565366
2023-07-06 00:00:00+05:30,167.3731248764648,171.96284470903979,166.70199227105257,170.2958221435547,13080534
2023-07-07 00:00:00+05:30,170.16593248637344,172.28759159724572,168.56385608072347,169.58139038085938,6527978
2023-07-10 00:00:00+05:30,169.7329220493209,170.2308603768443,166.31228672222372,167.22157287597656,7264538
2023-07-11 00:00:00+05:30,168.00096291587226,169.62468356261073,166.87518062469246,169.2566375732422,6249314
2023-07-12 00:00:00+05:30,169.0834338271934,170.05766616038466,166.72362133458145,167.22157287597656,3379704
2023-07-13 00:00:00+05:30,167.438083035062,167.84941768202157,163.9524880214433,164.34217834472656,4556112
2023-07-14 00:00:00+05:30,164.5370301133046,165.2947664361948,162.63186714424089,164.34217834472656,6358916
2023-07-17 00:00:00+05:30,164.5370329511501,166.1823979951124,164.10404075917342,165.29476928710938,3944706
2023-07-18 00:00:00+05:30,166.24735843435602,167.87107916441988,163.8442438255376,164.0823974609375,4545860
2023-07-19 00:00:00+05:30,164.53701685922647,166.91847368218896,163.90917295671494,166.5071258544922,4894862
2023-07-20 00:00:00+05:30,167.11335514638571,168.47727801743815,165.94427084898413,167.97933959960938,5790108
2023-07-21 00:00:00+05:30,167.97932077114413,170.16592598489206,167.13498073834182,169.1483917236328,4677570
2023-07-24 00:00:00+05:30,169.04013459741492,169.689622829639,167.84940617167075,168.67208862304688,2997768
2023-07-25 00:00:00+05:30,167.91436819385353,169.2566466431938,166.39889550902137,167.3081817626953,4256186
2023-07-26 00:00:00+05:30,167.9576734066808,171.0319207000127,166.16075840159462,167.6545867919922,12787834
2023-07-27 00:00:00+05:30,168.866946095295,169.58138053215447,157.24110370211366,164.2122802734375,16459384
2023-07-28 00:00:00+05:30,164.45041738432442,164.45041738432442,161.11638567452755,161.700927734375,7259444
2023-07-31 00:00:00+05:30,161.8091942132062,163.86590721135008,160.92155225410414,163.45455932617188,10035348
2023-08-01 00:00:00+05:30,163.45455932617188,164.4504361239342,162.04733464323132,163.45455932617188,9122844
2023-08-02 00:00:00+05:30,163.58442167975335,163.97412516844895,159.12460801945056,159.81739807128906,9528240
2023-08-03 00:00:00+05:30,159.96895412871683,160.9648307821025,157.73903399870133,159.3411102294922,6404888
2023-08-04 00:00:00+05:30,159.40604286076467,160.5751268448313,155.8988041224353,156.05035400390625,6557502
2023-08-07 00:00:00+05:30,157.17616465835079,157.37101642901362,155.0545055743322,156.15863037109375,4002256
2023-08-08 00:00:00+05:30,156.9596695948816,157.54421169683715,154.31841458099314,154.94625854492188,6307980
2023-08-09 00:00:00+05:30,155.87718239636706,156.61327437656556,155.03284237283773,156.0287322998047,6443716
2023-08-10 00:00:00+05:30,156.67822396611743,158.04214669896405,155.6823340174989,157.0246124267578,8137376
2023-08-11 00:00:00+05:30,157.3091865366905,158.27239873378718,156.25841809701407,156.54299926757812,5578802
2023-08-14 00:00:00+05:30,156.7400097402903,157.13404619867345,153.80660197886533,156.10516357421875,5111068
2023-08-16 00:00:00+05:30,156.19273624498376,158.27238725315104,155.0543982840538,156.69622802734375,3864088
2023-08-17 00:00:00+05:30,157.17786288558204,157.74702528969394,155.14199630318532,156.28033447265625,4778606
2023-08-18 00:00:00+05:30,156.28031004163677,156.89325715668568,154.13497509709802,154.5071258544922,4777304
2023-08-21 00:00:00+05:30,154.5071453110939,155.38278797464358,153.52204731460048,154.13499450683594,5180764
2023-08-22 00:00:00+05:30,154.15687930583906,155.29521733522344,151.70507740283705,151.8802032470703,8015338
2023-08-23 00:00:00+05:30,152.86529486396984,152.99664926267545,150.71997329756073,150.9607696533203,6414210
2023-08-24 00:00:00+05:30,152.12099834304848,154.4852304159203,151.5518227024766,153.7847137451172,8741756
2023-08-25 00:00:00+05:30,153.80661558457447,155.05440894753767,152.7996319506017,153.34690856933594,5113762
2023-08-28 00:00:00+05:30,155.53600612670678,156.69622981965352,154.2444280360476,155.55789184570312,10985570
2023-08-29 00:00:00+05:30,155.86437844124623,157.0027164616617,155.3389875514405,156.21463012695312,6253738
2023-08-30 00:00:00+05:30,154.63849368434748,155.33899709881533,153.32502974035103,154.09121704101562,9709432
2023-08-31 00:00:00+05:30,153.67527449691025,154.11309579177325,148.46520376028974,149.10003662109375,13575650
2023-09-01 00:00:00+05:30,149.31894188154996,151.00455647820974,149.10003124201612,150.69808959960938,9980752
2023-09-04 00:00:00+05:30,150.8950931079679,152.690162928625,150.0851211126568,150.9169921875,6898572
2023-09-05 00:00:00+05:30,151.4423878239394,154.3757959331804,151.15780664587777,153.3250274658203,8363178
2023-09-06 00:00:00+05:30,153.2155571164056,154.9230573786057,152.38368602344752,154.6165771484375,6751054
2023-09-07 00:00:00+05:30,154.98873887616654,155.97383679275234,154.6165881020961,155.25143432617188,7249346
2023-09-08 00:00:00+05:30,155.31710275169982,159.58586033261335,155.01062250395657,158.46942138671875,10344130
2023-09-11 00:00:00+05:30,159.89233827176938,161.44659848557305,157.92214249364034,159.2574920654297,10452850
2023-09-12 00:00:00+05:30,159.8047779368768,160.02368859158486,151.9458800883594,152.5369415283203,18168222
2023-09-13 00:00:00+05:30,153.50016333579558,155.93006641024346,152.01157346310467,155.68927001953125,9713718
2023-09-14 00:00:00+05:30,156.74002392067726,158.60076442811547,155.90816613077754,157.06838989257812,10116738
2023-09-15 00:00:00+05:30,156.7181361365569,156.98081822162183,153.78472814837443,154.22254943847656,12383408
2023-09-18 00:00:00+05:30,154.2225654091155,158.0972869000183,153.52204860016042,157.7689208984375,10007488
2023-09-20 00:00:00+05:30,154.98872801552722,156.21462221465498,153.76283381639945,154.3538818359375,18292152
2023-09-21 00:00:00+05:30,154.55091285571342,156.95892991153897,154.0255219717625,155.5360107421875,9879542
2023-09-22 00:00:00+05:30,155.64547736357963,156.5211199929106,153.82852157996712,154.09121704101562,3982102
2023-09-25 00:00:00+05:30,154.72602201464255,154.76980681045862,152.38367573154244,154.0692901611328,4959752
2023-09-26 00:00:00+05:30,154.06932471823427,155.36090299766315,153.63150338435963,153.95986938476562,3788360
2023-09-27 00:00:00+05:30,153.95984526276908,154.63847624069683,151.74885321761292,152.79962158203125,5969046
2023-09-28 00:00:00+05:30,151.94588901437663,153.23746729752594,149.7348966164396,150.58865356445312,9701978
2023-09-29 00:00:00+05:30,151.37670483726495,152.42747321811632,151.0483388831711,151.7488555908203,2669870
2023-10-03 00:00:00+05:30,152.58073729787972,152.88721758099692,149.23140671237078,149.4503173828125,10514554
2023-10-04 00:00:00+05:30,149.4503173828125,151.0264768822423,148.66223095247412,149.4503173828125,6049760
2023-10-05 00:00:00+05:30,151.26724787980584,152.25234573141094,150.08512511338182,150.8075408935547,7115506
2023-10-06 00:00:00+05:30,151.0483387609266,152.79962384800982,150.6105174891558,152.0115509033203,3717076
2023-10-09 00:00:00+05:30,149.29707426183364,149.5816554554793,147.17363812867552,148.8592529296875,8740080
2023-10-10 00:00:00+05:30,148.8811379140167,149.99759032220481,148.50900047253398,149.0343780517578,3572978
2023-10-11 00:00:00+05:30,149.82246597098617,151.17970141858171,149.51598569241807,149.97569274902344,4799512
2023-10-12 00:00:00+05:30,151.00457535814078,153.39070697189328,150.63242455215462,152.66830444335938,7703802
2023-10-13 00:00:00+05:30,151.96778853470312,153.5001632120831,151.94588945113532,152.23048400878906,3981804
2023-10-16 00:00:00+05:30,151.0483493351782,152.5588381730283,149.73488542791577,152.033447265625,3262470
2023-10-17 00:00:00+05:30,152.75584037689316,156.60867561872598,151.79264158736868,155.2952117919922,10443728
2023-10-18 00:00:00+05:30,155.42656440054049,156.0832963627963,152.7339660275409,153.3250274658203,9162228
2023-10-19 00:00:00+05:30,153.01855172310852,155.22954405014556,152.86531158847558,154.85740661621094,5743188
2023-10-20 00:00:00+05:30,153.50014008064227,154.46333885881398,150.8513133778692,151.66128540039062,4400690
2023-10-23 00:00:00+05:30,151.28915268012025,152.05533999467121,149.58165219422742,150.08514404296875,7813800
2023-10-25 00:00:00+05:30,149.975681260588,151.70508074343132,148.2025103366566,148.8373565673828,5429774
2023-10-26 00:00:00+05:30,147.80847355028087,148.39953497752214,145.11587522756588,146.67013549804688,7743878
2023-10-27 00:00:00+05:30,146.67014011572172,148.0930593855011,146.23231880194345,146.64825439453125,2996088
2023-10-30 00:00:00+05:30,147.9835964275871,152.75584582948207,147.5895599377509,151.8802032470703,21873188
2023-10-31 00:00:00+05:30,152.51505163930887,154.96685357728364,150.89510749424184,152.90908813476562,10673186
2023-11-01 00:00:00+05:30,153.4782398737806,157.06837960934934,153.4782398737806,156.25840759277344,13929780
2023-11-02 00:00:00+05:30,158.0315997760705,158.4913067855082,156.41165566056023,157.85646057128906,10130432
2023-11-03 00:00:00+05:30,158.11917501915616,159.23562745820283,157.70325276093044,158.2724151611328,5627900
2023-11-06 00:00:00+05:30,158.8415468399359,161.62171449666977,158.2067140334537,160.35203552246094,9072020
2023-11-07 00:00:00+05:30,160.59284458645251,163.59192310937502,160.33016250020742,163.2197723388672,10702176
2023-11-08 00:00:00+05:30,164.3800162937317,169.83088359012285,163.76705577032567,168.21095275878906,24020912
2023-11-09 00:00:00+05:30,168.60499214326674,171.0348951123599,167.5979950956612,167.92636108398438,12843896
2023-11-10 00:00:00+05:30,167.16018092358397,169.04282068719627,166.59101853065863,168.14527893066406,4932486
2023-11-13 00:00:00+05:30,167.90447716357286,170.18115338486564,167.90447716357286,169.4806365966797,4838906
2023-11-15 00:00:00+05:30,169.874663435921,172.2388957702543,169.5025126607839,171.8667449951172,11266250
2023-11-16 00:00:00+05:30,172.50160901473885,175.69769947178213,172.06378767206184,174.5374755859375,15416172
2023-11-17 00:00:00+05:30,175.1285296384529,178.23706371178474,170.42195040441948,170.85977172851562,16380696
2023-11-20 00:00:00+05:30,171.03489983615546,172.23890849326057,169.63387959736295,171.62596130371094,4506882
2023-11-21 00:00:00+05:30,171.62594950567816,172.1513404098877,169.26171715922663,169.87466430664062,4477214
2023-11-22 00:00:00+05:30,171.62594542066708,176.35441000102404,171.23190893251157,176.04794311523438,25730664
2023-11-23 00:00:00+05:30,176.68276713526427,181.03909409089744,175.41308813190597,180.0758819580078,16239092
2023-11-24 00:00:00+05:30,180.82019286276656,180.82019286276656,178.19326512141885,179.76942443847656,10975546
2023-11-28 00:00:00+05:30,181.27991022677045,186.4680954845034,180.863987994049,185.8551483154297,23186856
2023-11-29 00:00:00+05:30,186.51186490562475,190.2114600586968,183.31577491253813,187.67208862304688,25208812
2023-11-30 00:00:00+05:30,190.23335238843293,192.09409288935547,187.84722098981052,190.7587432861328,32721308
2023-12-01 00:00:00+05:30,192.64135909407105,193.69212747142612,189.75173603541103,191.76571655273438,19278842
2023-12-04 00:00:00+05:30,194.83048328469917,203.49933989309298,194.39266197394704,202.05453491210938,41482794
2023-12-05 00:00:00+05:30,205.7979159816134,208.59998325286205,203.5869235541797,206.73924255371094,38376064
2023-12-06 00:00:00+05:30,210.59204462220387,211.24877657009017,205.03170878560167,207.0238037109375,27408826
2023-12-07 00:00:00+05:30,208.84076970254523,209.71641234280747,206.43275244182405,207.8337860107422,23850564
2023-12-08 00:00:00+05:30,208.79697711252356,209.037786846364,203.937157968035,205.97303771972656,18940478
2023-12-11 00:00:00+05:30,207.89946407305277,207.89946407305277,199.88732560745828,203.8058319091797,27693108
2023-12-12 00:00:00+05:30,204.26432290796558,206.99243786815273,204.26432290796558,205.20425415039062,19940320
2023-12-13 00:00:00+05:30,206.09834700429906,208.32210282386598,204.47065709102588,205.18133544921875,26664018
2023-12-14 00:00:00+05:30,206.30468290528248,206.30468290528248,202.68247602124922,204.3560333251953,12555568
2023-12-15 00:00:00+05:30,204.0350717319412,207.9094511629466,202.75126114725145,205.8690948486328,22079148
2023-12-18 00:00:00+05:30,205.86909654594922,206.4422287746406,203.62242100797616,205.06671142578125,16831064
2023-12-19 00:00:00+05:30,205.06671768536233,207.01536732239484,204.05799933508032,206.21298217773438,12644672
2023-12-20 00:00:00+05:30,207.88651897408758,208.78061084690145,200.98601254488568,201.49037170410156,17347978
2023-12-21 00:00:00+05:30,199.4041696819305,206.53394326958306,198.28083886708202,206.12127685546875,18554414
2023-12-22 00:00:00+05:30,206.19006178924116,207.8636051439609,204.05799864663305,204.79161071777344,11559264
2023-12-26 00:00:00+05:30,205.4105794764965,209.3078784174568,203.80580932433637,207.0612030029297,22976450
2023-12-27 00:00:00+05:30,208.1387103768512,209.26204117446576,205.5481414518208,208.4825897216797,12398088
2023-12-28 00:00:00+05:30,209.0786248928314,215.8874381730358,208.5054926974015,213.5719757080078,45183336
2023-12-29 00:00:00+05:30,208.3908756503312,209.9956458698607,205.7086140563347,206.62562561035156,17088440
2024-01-01 00:00:00+05:30,210.63753712481514,210.63753712481514,206.64854552611192,207.26751708984375,7006288
2024-01-02 00:00:00+05:30,207.26753789682505,210.63755827010291,205.45644841199257,209.19326782226562,9458818
2024-01-03 00:00:00+05:30,210.88974357043398,213.34273835135073,208.64305400690512,211.3940887451172,15058884
2024-01-04 00:00:00+05:30,209.4454291950679,209.76638882961564,206.78610133804733,207.54263305664062,17904916
2024-01-05 00:00:00+05:30,209.0327729317914,210.7521695297045,206.90072394887622,207.74896240234375,8080468
2024-01-08 00:00:00+05:30,209.51422432519618,212.88423065533965,206.99244250441689,208.62013244628906,18232610
2024-01-09 00:00:00+05:30,210.91265968233589,212.63205636452884,208.91815673249485,210.88973999023438,12301290
2024-01-10 00:00:00+05:30,208.71182968589656,209.14740176686496,204.08091866398576,206.90072631835938,15261992
2024-01-11 00:00:00+05:30,208.11575339939213,211.4628537099405,207.79480777563094,210.31658935546875,15751252
2024-01-12 00:00:00+05:30,210.45415460614643,211.41701954990054,208.6659848491666,210.1102752685547,11990812
2024-01-15 00:00:00+05:30,210.91265968233589,212.5174299190493,208.91815673249485,210.88973999023438,10408382
2024-01-16 00:00:00+05:30,211.37116238313723,219.99106536055282,211.14190949551994,216.80445861816406,42369500
2024-01-17 00:00:00+05:30,216.4147217601108,218.7760236587844,213.73246022793435,216.25424194335938,22429284
2024-01-18 00:00:00+05:30,214.12220899922855,220.49543683261405,211.37117419409927,216.96495056152344,19802302
2024-01-19 00:00:00+05:30,218.24874715811208,222.37529910017722,217.35465530700367,220.5183563232422,12973856
2024-01-23 00:00:00+05:30,223.9800578117159,223.9800578117159,210.95849737202923,212.3110809326172,18419550
2024-01-24 00:00:00+05:30,213.20518903086366,219.39501709950164,212.42572360300372,218.77603149414062,15161312
2024-01-25 00:00:00+05:30,218.7989612833989,223.91129787279658,215.95621988327025,217.51513671875,21346674
2024-01-29 00:00:00+05:30,217.3317433921684,229.89479917794418,215.22261397003408,225.88287353515625,27869484
2024-01-30 00:00:00+05:30,227.80859911038561,237.4372064775649,226.11212213097406,231.17861938476562,44271876
2024-01-31 00:00:00+05:30,231.98100692103267,235.00713390025984,228.58805292677127,230.33038330078125,20707736
2024-02-01 00:00:00+05:30,231.33907465021957,236.26801154974896,228.84022666408887,233.12725830078125,14008198
2024-02-02 00:00:00+05:30,237.20794693645007,262.44871175233965,236.58897534610276,256.0066833496094,77556082
2024-02-05 00:00:00+05:30,259.51425870453187,269.9681843769076,255.41062657855267,263.52618408203125,45025890
2024-02-06 00:00:00+05:30,265.9104499089999,281.8435267946662,261.6692711696499,279.3675842285156,45260656
2024-02-07 00:00:00+05:30,282.8063561713251,284.2735802470137,274.7825051159659,276.04339599609375,28791718
2024-02-08 00:00:00+05:30,278.77151585163176,291.31163781313984,278.03791779337945,284.5028381347656,37522588
2024-02-09 00:00:00+05:30,285.6491011000735,285.97006074324776,271.57296804919105,281.66009521484375,29524266
2024-02-12 00:00:00+05:30,281.8893355013988,283.63165179148,267.6527372579488,270.7247314453125,17042236
2024-02-13 00:00:00+05:30,271.4124874486188,273.52160272902455,266.09380389612147,267.9049072265625,12659942
2024-02-14 00:00:00+05:30,266.8503664458055,288.5606041370553,266.8503664458055,285.9471435546875,47987362
2024-02-15 00:00:00+05:30,288.85866548676273,301.21540288513575,285.6949641469656,299.2896728515625,51245018
2024-02-16 00:00:00+05:30,305.36485560886626,315.42906327885566,298.8999351751,300.13787841796875,55744810
2024-02-19 00:00:00+05:30,302.56797123918017,305.68580490314554,298.4184715994845,299.19793701171875,24997270
2024-02-20 00:00:00+05:30,299.1979485673278,304.4478454756111,292.1828155562247,301.5133972167969,20913510
2024-02-21 00:00:00+05:30,304.2644256781465,306.21307525124257,288.85864260012846,290.32586669921875,17722264
2024-02-22 00:00:00+05:30,288.4001470636133,289.24837159628174,280.0782556324149,286.9787902832031,27653580
2024-02-23 00:00:00+05:30,285.2135111613263,288.6293847751191,282.09567749466567,283.3336486816406,12564690
2024-02-26 00:00:00+05:30,282.89803552739374,290.50921945456463,276.9833004139518,287.5518798828125,23264196
2024-02-27 00:00:00+05:30,287.52895098667324,290.0966000344117,282.5770943742093,286.5890197753906,14881202
2024-02-28 00:00:00+05:30,286.4973439717255,286.8183036354819,277.9003600406106,279.3675842285156,12645922
2024-02-29 00:00:00+05:30,279.23002941938114,280.5138400496021,272.5587756928092,276.86871337890625,20515464
2024-03-01 00:00:00+05:30,280.147006109489,287.5977243570818,279.2299946328622,285.78662109375,15763236
2024-03-04 00:00:00+05:30,286.65781145917094,294.9338349661631,284.6632945794159,293.6500244140625,14804172
2024-03-05 00:00:00+05:30,293.92510079586884,297.7994799191395,289.8214688012209,295.78204345703125,12317936
2024-03-06 00:00:00+05:30,294.8192274565755,299.4042854263512,286.6807495602237,292.6871643066406,18258188
2024-03-07 00:00:00+05:30,292.068173688836,293.97098381659004,285.1905871812496,286.4285583496094,11968574
2024-03-11 00:00:00+05:30,282.8980426462676,292.8476228387623,280.6284336277193,287.2080078125,15353008
2024-03-12 00:00:00+05:30,287.4831087440654,291.31162060910907,282.7375853678765,286.7724304199219,14074364
2024-03-13 00:00:00+05:30,287.9416065862218,287.9416065862218,272.44411807077256,274.0718078613281,14910184
2024-03-14 00:00:00+05:30,274.0718235023702,281.52254225086625,271.6188288314692,279.1153869628906,19372474
2024-03-15 00:00:00+05:30,269.71602134830607,275.1034641886675,256.3047274691085,268.8907165527344,57039318
2024-03-18 00:00:00+05:30,268.8907252552731,271.80222581817736,266.0709034620882,266.9879150390625,10980494
2024-03-19 00:00:00+05:30,265.93336836899334,266.3230871114068,255.11264250520998,255.7086944580078,21665634
2024-03-20 00:00:00+05:30,257.2217479890659,262.44872518497175,256.9007883393221,259.81231689453125,17528566
2024-03-21 00:00:00+05:30,263.1823301246091,270.3808768068936,262.5174911152788,269.50970458984375,16625332
2024-03-22 00:00:00+05:30,270.0599295645222,277.14385012208055,268.01957305655594,271.80224609375,21445540
2024-03-26 00:00:00+05:30,268.8678177398564,276.8458020298716,268.3863642521619,275.0346984863281,13567050
2024-03-27 00:00:00+05:30,277.3960000233804,280.49091407322805,272.0314767399834,272.90264892578125,10893576
2024-03-28 00:00:00+05:30,275.5161292822184,280.26165282314946,274.0030378483249,276.2038879394531,12168632
2024-04-01 00:00:00+05:30,276.47896558062297,279.20708037364466,274.25522390053794,275.4244079589844,6260114
2024-04-02 00:00:00+05:30,277.3959827805132,284.4111152604478,275.1034539972032,282.34783935546875,18944588
2024-04-03 00:00:00+05:30,281.0640462526493,283.97554679390396,279.1383163583283,280.1241149902344,12456516
2024-04-04 00:00:00+05:30,281.52251876027964,282.4853696011399,273.0172430494506,274.4156799316406,15187270
2024-04-05 00:00:00+05:30,272.1460881065699,272.48996742638735,266.0479670988005,270.7247314453125,17546990
2024-04-08 00:00:00+05:30,273.246529250785,276.7540817289542,270.7935065003288,271.4125061035156,11628512
2024-04-09 00:00:00+05:30,273.81966001140705,273.81966001140705,267.538125168804,268.56976318359375,9089852
2024-04-10 00:00:00+05:30,270.19742239312836,279.09244479194945,268.2258533416281,277.2813415527344,22286674
2024-04-12 00:00:00+05:30,277.2813764808157,280.99526218553626,274.6449681885219,275.6536865234375,13419366
2024-04-15 00:00:00+05:30,270.6101127002112,275.0117569250482,263.36572708705495,270.31207275390625,16619074
2024-04-16 00:00:00+05:30,268.2259110782778,275.1034985418234,265.26854287195823,271.572998046875,11546770
2024-04-18 00:00:00+05:30,277.16673863867163,283.1731530462821,268.478048679059,270.3349914550781,25834400
2024-04-19 00:00:00+05:30,265.01631226578485,270.47254165347977,258.6889387810004,268.5926513671875,20996084
2024-04-22 00:00:00+05:30,272.7421665432748,279.13832811141316,271.89394199915546,276.6853332519531,17525618
2024-04-23 00:00:00+05:30,278.9090535640842,279.4592660836385,271.3207886874374,271.8939208984375,11440602
2024-04-24 00:00:00+05:30,274.1864453086506,274.5761640118401,271.43541074033635,272.05438232421875,9778936
2024-04-25 00:00:00+05:30,272.0543788029429,277.7627810553036,269.62430389604594,276.6623840332031,14346756
2024-04-26 00:00:00+05:30,276.1580431217678,281.84352634649383,274.69081893619585,279.4363708496094,9905056
2024-04-29 00:00:00+05:30,281.9581221756244,286.3368465783472,278.4047025423463,283.7233581542969,15908852
2024-04-30 00:00:00+05:30,286.10761281831793,286.3597854056985,276.6624047429842,278.4734802246094,12520696
2024-05-02 00:00:00+05:30,283.3565600312211,292.0910891730534,281.75178986923197,290.9906921386719,31766132
2024-05-03 00:00:00+05:30,293.4437008440944,294.22316627145597,286.611953489829,288.78985595703125,8997336
2024-05-06 00:00:00+05:30,291.15118005636134,291.2428868124288,277.92329905408906,279.80316162109375,9472036
2024-05-07 00:00:00+05:30,285.4198536822744,288.14796872410346,276.0204850067939,277.0750427246094,19902238
2024-05-08 00:00:00+05:30,278.7715172545101,286.2451559523323,276.6853215299453,284.4111328125,13939168
2024-05-09 00:00:00+05:30,286.5661152492953,286.5661152492953,270.5413324875603,271.50421142578125,19938848
2024-05-10 00:00:00+05:30,281.9810448184395,285.167665474764,275.81413669655427,283.65460205078125,44164342
2024-05-13 00:00:00+05:30,286.5432054949174,286.5432054949174,271.34372702095993,278.2671813964844,22898652
2024-05-14 00:00:00+05:30,280.7889412631824,283.21901621708093,276.0892571789086,277.8315734863281,12813314
2024-05-15 00:00:00+05:30,279.23000792221796,287.94161736478304,278.33591609296053,286.5890197753906,18835012
2024-05-16 00:00:00+05:30,289.7756719539141,290.39464360349706,280.16996963629515,283.7004699707031,26886936
2024-05-17 00:00:00+05:30,284.1360242667774,288.6293751050969,283.51702470154265,288.07916259765625,10203386
2024-05-21 00:00:00+05:30,288.85862930961275,297.57023876498204,286.5661005055682,295.2777099609375,21247760
2024-05-22 00:00:00+05:30,297.98290850950883,298.3497075253049,289.34005802965476,293.6729431152344,14673810
2024-05-23 00:00:00+05:30,295.7362134032993,299.9086045999623,293.7187768775677,296.85955810546875,14982550
2024-05-24 00:00:00+05:30,296.65322022280213,304.1497780406268,294.1772779790411,299.9085998535156,16208524
2024-05-27 00:00:00+05:30,301.1465831838311,303.4161923351267,296.42397936480455,300.8027038574219,12493582
2024-05-28 00:00:00+05:30,301.67387738360895,302.15530284577716,294.6357970134415,296.4239807128906,8950082
2024-05-29 00:00:00+05:30,293.4436651421766,294.79626263318505,289.95903281260075,290.4862976074219,10753416
2024-05-30 00:00:00+05:30,290.7155652736253,291.9764560864858,285.87833520673627,286.90997314453125,9645688
2024-05-31 00:00:00+05:30,288.858632833862,290.87606940002337,283.17315013647686,287.84991455078125,18484104
2024-06-03 00:00:00+05:30,304.9063009828845,314.9934267296867,298.8081805602204,305.43359375,33828234
2024-06-04 00:00:00+05:30,307.19886772528963,307.19886772528963,259.8352269998624,266.0250549316406,45748526
2024-06-05 00:00:00+05:30,276.04341589000705,276.04341589000705,244.93380803592228,266.4377136230469,47388174
2024-06-06 00:00:00+05:30,270.99982407872284,278.51932974302963,266.047967463556,267.8361511230469,37934232
2024-06-07 00:00:00+05:30,268.2258993807241,276.0204981661469,266.48358289627146,275.01177978515625,21620630
2024-06-10 00:00:00+05:30,277.5335339064069,279.6197295397786,275.2180853905774,276.2955627441406,14828594
2024-06-11 00:00:00+05:30,277.9920577119009,280.926505991783,272.1690285225874,278.40472412109375,27027544
2024-06-12 00:00:00+05:30,284.9613203178068,286.03879762381376,280.81184892545855,281.2244873046875,23479388
2024-06-13 00:00:00+05:30,283.8150590839257,284.961323458255,281.2932774604013,283.97552490234375,12050324
2024-06-14 00:00:00+05:30,285.328145390915,288.53768589696574,283.4712025522658,287.3226623535156,14628644
2024-06-18 00:00:00+05:30,291.15116373112954,291.15116373112954,287.2080253060823,289.27130126953125,15884950
2024-06-19 00:00:00+05:30,290.7843564720378,290.7843564720378,281.9810403471332,282.34783935546875,19648006
2024-06-20 00:00:00+05:30,284.2735905142839,288.30843587942763,280.9723432209945,287.1392517089844,18076646
2024-06-21 00:00:00+05:30,291.60966827809926,292.526679813565,279.7802250675857,282.07275390625,30004484
2024-06-24 00:00:00+05:30,283.9984674194338,283.9984674194338,278.1295715414909,279.9177551269531,7557297
2024-06-25 00:00:00+05:30,279.91777479571346,281.01819984639286,270.33499293304277,271.71051025390625,15630568
2024-06-26 00:00:00+05:30,273.2694619364283,275.88295064254663,271.66469160626474,273.6362609863281,7973173
2024-06-27 00:00:00+05:30,274.003027930277,281.5225335045161,271.4812462783636,279.55096435546875,12487595
2024-06-28 00:00:00+05:30,280.4679631653629,281.1557217665605,276.5247970608487,278.72564697265625,9077880
2024-07-01 00:00:00+05:30,280.3304340290539,281.38499168446515,278.1295839838834,279.2758483886719,4793023
2024-07-02 00:00:00+05:30,278.77153712452423,282.66883657445595,277.1209273750135,279.1383361816406,5553786
2024-07-03 00:00:00+05:30,280.14704336332767,281.93522717452964,277.8545143669011,281.15576171875,4355165
2024-07-04 00:00:00+05:30,281.155708395667,282.8980245055145,276.8916108680231,277.8544616699219,6607472
2024-07-05 00:00:00+05:30,277.85451240691594,281.70597228773363,276.9375008148139,281.20159912109375,7684768
2024-07-08 00:00:00+05:30,279.32175402291966,282.39374864561006,274.00306966505906,274.6449890136719,11488688
2024-07-09 00:00:00+05:30,276.2497161214742,277.07502087969783,271.8022047213626,275.286865234375,18094862
2024-07-10 00:00:00+05:30,275.8370463405108,276.75405783497393,269.0511668784779,275.4244079589844,12134270
2024-07-11 00:00:00+05:30,276.9375027683305,282.43957235975427,274.7366805287556,281.15576171875,19246022
2024-07-12 00:00:00+05:30,283.99848012437695,285.14474452916545,278.5422503635956,279.2758483886719,10426157
2024-07-15 00:00:00+05:30,280.6055568072197,283.3565916778788,278.90907970665194,282.2103271484375,8687357
2024-07-16 00:00:00+05:30,282.4395744249279,292.75595498428,282.4395744249279,289.7298278808594,28132502
2024-07-18 00:00:00+05:30,292.0681825441368,292.52668832521084,286.74952667766723,291.7472229003906,19588548
2024-07-19 00:00:00+05:30,291.74722589702685,291.74722589702685,276.754081104913,278.5881042480469,19823046
2024-07-22 00:00:00+05:30,279.2758691577001,290.83022081422934,275.1951843641656,282.6688232421875,27102699
2024-07-23 00:00:00+05:30,285.60325384623326,286.3826912632151,271.5271211832189,280.60552978515625,24287234
2024-07-24 00:00:00+05:30,280.9723097719079,289.6380793870318,279.55095318253467,288.8127746582031,16934157
2024-07-25 00:00:00+05:30,286.97877725642013,300.0003245430422,285.0071800257067,299.08331298828125,30554549
2024-07-26 00:00:00+05:30,300.7339597594308,302.06360976344615,296.56154026689893,301.5133972167969,21839106
2024-07-29 00:00:00+05:30,305.73163300370584,310.8210636946098,303.57665034998814,309.8581848144531,20234464
2024-07-30 00:00:00+05:30,310.4542523402762,329.25298931399476,309.3079878906592,319.3034362792969,45785745
2024-07-31 00:00:00+05:30,322.7880616241507,324.7137914524254,317.4235385257324,320.9998779296875,17224023
2024-08-01 00:00:00+05:30,321.8710394133072,322.69634417378313,316.00217135718117,320.12872314453125,16959971
2024-08-02 00:00:00+05:30,318.11129475162363,321.8252082460133,311.82976016244714,318.2947082519531,15120989
2024-08-05 00:00:00+05:30,313.61795726753274,318.15717573776226,306.64866373125983,313.3428649902344,23868328
2024-08-06 00:00:00+05:30,314.5349827899831,320.6331044103452,305.7316657213154,306.9237976074219,13702018
2024-08-07 00:00:00+05:30,312.88435046776345,318.8907648958242,309.39968980444667,315.1310119628906,14250381
2024-08-08 00:00:00+05:30,315.40611288761886,315.40611288761886,305.1814123956047,310.2249755859375,15378854
2024-08-09 00:00:00+05:30,315.2881840031543,318.6478683700045,312.1177882050829,315.5247802734375,11351617
2024-08-12 00:00:00+05:30,314.0105583673487,318.7424837730133,312.49636534264056,315.5247802734375,12253716
2024-08-13 00:00:00+05:30,314.15253433259045,314.9096308331308,303.7896063033358,304.45208740234375,9757429
2024-08-14 00:00:00+05:30,304.4521000421723,309.89381439969577,303.45837835240434,307.6224670410156,8457477
2024-08-16 00:00:00+05:30,308.56880950980957,315.9032930651946,308.56880950980957,314.6730041503906,8214443
2024-08-19 00:00:00+05:30,319.6888768708106,327.02336143351357,318.3166357975853,325.3671875,17875728
2024-08-20 00:00:00+05:30,330.24107520808093,335.1149524460649,328.7741610497186,330.66693115234375,22888866
2024-08-21 00:00:00+05:30,330.61960434327034,336.53451057210594,329.4839307947827,332.37042236328125,14795459
2024-08-22 00:00:00+05:30,335.58813939846124,336.06133191625906,329.8624926042806,331.32940673828125,10244576
2024-08-23 00:00:00+05:30,331.04548622101646,338.80585535430976,330.80888995331094,333.31683349609375,15872017
2024-08-26 00:00:00+05:30,336.39256246059165,336.8184183851297,330.28836760980744,332.3230895996094,6672007
2024-08-27 00:00:00+05:30,329.3420005997725,331.94455951255804,325.0832678333961,330.335693359375,9683173
2024-08-28 00:00:00+05:30,329.8151882960462,336.67647987465836,328.06437018591754,329.48394775390625,7295981
2024-08-29 00:00:00+05:30,331.04544517687253,338.3799285663895,328.53753082640986,337.33892822265625,13054801
2024-08-30 00:00:00+05:30,340.65128161797617,345.90370665068184,335.73006821977947,338.4745788574219,20312502
2024-09-02 00:00:00+05:30,341.64499020491775,347.5125888468611,338.33264265445456,339.2317199707031,14344785
2024-09-03 00:00:00+05:30,340.2254298929901,340.41471845800004,334.5471195192545,336.3452453613281,9289259
2024-09-04 00:00:00+05:30,336.34522080467593,344.4368298253067,335.63543205978084,338.0960388183594,19416507
2024-09-05 00:00:00+05:30,340.2254408381191,344.8154143141585,336.67649674036403,341.3611145019531,15927510
2024-09-06 00:00:00+05:30,342.9226087164491,345.6671194256889,332.2284409440623,333.26947021484375,19044553
2024-09-09 00:00:00+05:30,333.2221830186555,334.5944240170116,328.4902577525042,329.1527099609375,9200270
2024-09-10 00:00:00+05:30,330.2884101131872,332.65437293634756,326.1716290246117,327.4019470214844,8137710
2024-09-11 00:00:00+05:30,331.1874536924792,333.8846279301357,320.39864121633667,322.00750732421875,12194591
2024-09-12 00:00:00+05:30,325.0359279157701,327.6384865705928,322.1494364425041,325.84033203125,15970391
2024-09-13 00:00:00+05:30,327.44920681931933,330.9981505348467,323.3324263330321,323.94757080078125,11006109
2024-09-16 00:00:00+05:30,326.40821454765177,326.40821454765177,321.7709333433909,322.3860778808594,4850244
2024-09-17 00:00:00+05:30,321.72359745191505,322.575338189272,317.0862877725898,320.2566833496094,7237522
2024-09-18 00:00:00+05:30,320.8245279241283,321.6762686821643,316.5184875532146,318.08001708984375,4111826
2024-09-19 00:00:00+05:30,319.8308240340099,319.8308240340099,305.63504895715863,307.05462646484375,12549677
2024-09-20 00:00:00+05:30,308.947389828238,315.2408442006324,307.0546198587132,313.4427185058594,14642546
2024-09-23 00:00:00+05:30,315.14620898303536,321.2977115607823,313.53734291015013,319.9727783203125,6110287
2024-09-24 00:00:00+05:30,320.398624415612,324.79933769130037,318.64783530230886,320.9664611816406,7068491
2024-09-25 00:00:00+05:30,322.7173081555222,323.4744046572939,317.18094973200334,321.5816345214844,6087353
2024-09-26 00:00:00+05:30,321.7709038110892,328.34829119154375,317.18093073044946,326.59747314453125,9517367
2024-09-27 00:00:00+05:30,328.39560379026176,350.63565188556765,327.78045930007164,347.6072082519531,40756678
2024-09-30 00:00:00+05:30,347.4652474895052,355.84076052821354,340.84055247967143,350.1151428222656,23860696
2024-10-01 00:00:00+05:30,350.1624604203793,353.33285604100183,344.6261022293489,348.50628662109375,9440793
2024-10-03 00:00:00+05:30,334.78370420843385,342.2128324667908,328.3956052588736,330.14642333984375,20754875
2024-10-04 00:00:00+05:30,324.13687364745016,329.29468362738464,316.42384140846553,322.00750732421875,18185208
2024-10-07 00:00:00+05:30,323.6636970178405,324.89398606798767,314.95694273849256,317.03900146484375,7847806
2024-10-08 00:00:00+05:30,313.72664055457483,321.2504131702001,310.65088917658875,319.8781433105469,9565667
2024-10-09 00:00:00+05:30,326.5028490727691,331.23477442164983,319.6415573168921,320.6825866699219,13523561
2024-10-10 00:00:00+05:30,323.6636847474706,324.89397375097644,316.61310462366544,317.4648742675781,5706365
2024-10-11 00:00:00+05:30,317.4648757418702,321.2030793507315,316.0926058704198,319.5469055175781,4046559
2024-10-14 00:00:00+05:30,321.77089363708274,326.1242703272717,319.1683349385475,322.4806823730469,7967181
2024-10-15 00:00:00+05:30,325.7457478771767,332.654347234473,325.4618150315057,330.0517883300781,17183945
2024-10-16 00:00:00+05:30,333.1275308490734,336.8184266930004,329.3892984247779,331.9445495605469,17073700
2024-10-17 00:00:00+05:30,330.43030709612225,331.802576857652,323.52170835519325,324.3261413574219,11023063
2024-10-18 00:00:00+05:30,324.32615989560304,325.4618045977405,316.37650257374577,324.1368713378906,7328694
2024-10-21 00:00:00+05:30,324.1841824212824,326.97602982910433,312.4963503356783,313.86859130859375,8609636
2024-10-22 00:00:00+05:30,314.1998480831341,314.72034832710506,304.7359972372566,305.5877380371094,6372285
2024-10-23 00:00:00+05:30,304.73598255458165,308.37957073096663,299.5781725395378,305.72967529296875,6639274
2024-10-24 00:00:00+05:30,305.6823392233032,307.9536573298017,302.843184369836,304.2154541015625,5706821
2024-10-25 00:00:00+05:30,306.10824203808875,306.25019401284976,286.8493013711632,289.8777160644531,11583887
2024-10-28 00:00:00+05:30,290.82410471824363,298.58447342478314,288.9313346806856,293.7579040527344,13299872
2024-10-29 00:00:00+05:30,295.2721176249026,296.1711949202219,286.04486394912436,294.7516174316406,8437903
2024-10-30 00:00:00+05:30,292.4329756316198,298.0166415583425,290.87144610112483,294.6096496582031,6248318
2024-10-31 00:00:00+05:30,293.8525760862392,299.24698275535076,291.29732474163234,294.08917236328125,11375689
2024-11-01 00:00:00+05:30,295.2248131590434,297.0229388879844,295.08283230352896,296.218505859375,710149
2024-11-04 00:00:00+05:30,296.2185387365552,296.6917312904475,282.1174064068421,287.1805725097656,14063318
2024-11-05 00:00:00+05:30,284.8619125973426,292.4803010328587,284.10481607654657,291.4393005371094,9542018
2024-11-06 00:00:00+05:30,295.0828450583451,301.89682892519596,290.7768046622773,300.0040588378906,10787602
2024-11-07 00:00:00+05:30,299.3888925822186,300.6665180745934,294.42037146405454,298.11126708984375,7387875
2024-11-08 00:00:00+05:30,298.11127704337025,298.20592132029464,290.3509084376264,293.80523681640625,9304376
2024-11-11 00:00:00+05:30,291.4865926719925,297.1649029188495,287.7483602069266,295.7926330566406,5277147
2024-11-12 00:00:00+05:30,297.25953633355346,301.47093228387286,292.4802747216502,293.1900634765625,7192998
2024-11-13 00:00:00+05:30,291.4392881637348,292.4329809152639,285.8082855547239,289.4518737792969,7306795
2024-11-14 00:00:00+05:30,289.40453947576344,289.59382804010636,280.5085256978662,282.2120361328125,11061057
2024-11-18 00:00:00+05:30,282.16467785817787,283.5842553374725,272.8427799678679,273.6945495605469,7940666
2024-11-19 00:00:00+05:30,276.95960150229865,281.92812341657344,271.1393387504246,272.0857238769531,9912544
2024-11-21 00:00:00+05:30,272.0383864514972,272.0383864514972,264.37266198786205,267.2591247558594,8273120
2024-11-22 00:00:00+05:30,267.4484185366268,271.61250694345614,265.9815043932961,270.524169921875,6539977
2024-11-25 00:00:00+05:30,276.39174934419435,288.0796107858525,276.3444416430405,280.6504821777344,16903527
2024-11-26 00:00:00+05:30,281.9754297399477,284.8618925135299,277.62205284884715,278.0952453613281,5160007
2024-11-27 00:00:00+05:30,281.0290530073704,281.07636070746287,275.4453580902328,277.7167053222656,5995425
2024-11-28 00:00:00+05:30,278.6630861603964,282.73253027370896,273.97846866690793,275.3507385253906,13130411
2024-11-29 00:00:00+05:30,276.7229908847603,278.4738090544117,273.88383565225996,276.4390869140625,8125467
2024-12-02 00:00:00+05:30,276.95954248574793,280.0352934915623,274.92482067356127,278.3791198730469,5193026
2024-12-03 00:00:00+05:30,281.54956749565235,281.8334714733476,276.39175714359965,278.47381591796875,9198285
2024-12-04 00:00:00+05:30,278.4265044690757,283.48964158526064,277.14887882387603,277.9059753417969,9840659
2024-12-05 00:00:00+05:30,279.27825951524494,282.2593669184932,275.6819786682587,281.0763854980469,9287638
2024-12-06 00:00:00+05:30,281.928079864775,287.60638974676993,280.5085023942762,284.2467346191406,9586531
2024-12-09 00:00:00+05:30,284.8146097403043,287.890361340604,283.06379151462664,287.1805725097656,11637358
2024-12-10 00:00:00+05:30,286.09217069862655,290.25628775644196,284.7199297930364,287.22784423828125,8649367
2024-12-11 00:00:00+05:30,287.18055477336173,292.38567254470615,285.9029291804831,290.9660949707031,10867782
2024-12-12 00:00:00+05:30,290.58750661634133,290.9660837265494,285.14579279295384,285.9502258300781,7454904
2024-12-13 00:00:00+05:30,285.8082875097637,288.7893946661227,280.1299771618876,285.5243835449219,7726611
2024-12-16 00:00:00+05:30,284.81458846084,285.52437723864773,279.9406824147906,281.9754333496094,8696443
2024-12-17 00:00:00+05:30,283.77354495813785,283.77354495813785,276.4390612874377,277.2908020019531,8415828
2024-12-18 00:00:00+05:30,276.10784399705557,277.29082533380387,272.22765943624506,272.8428039550781,6535229
2024-12-19 00:00:00+05:30,266.9278779198318,279.9880082595394,266.9278779198318,278.7576904296875,11822064
2024-12-20 00:00:00+05:30,277.8113454213026,283.1584445506029,271.61253432633805,273.5526123046875,9979749
2024-12-23 00:00:00+05:30,276.34445615111804,279.08896723387676,272.55891565589724,273.5999450683594,6819725
2024-12-24 00:00:00+05:30,274.4043436795346,279.60946120565427,271.9437368909114,276.34442138671875,7937629
2024-12-26 00:00:00+05:30,279.04164551895803,283.25304177959873,276.8649425146738,279.7514343261719,11310555
2024-12-27 00:00:00+05:30,279.2308873380454,281.4548979012823,276.81761710049,277.8113098144531,3708404
2024-12-30 00:00:00+05:30,277.8113032796167,279.4201693210614,274.2150518569942,277.57470703125,8236910
2024-12-31 00:00:00+05:30,275.8239396389701,278.6157582609223,275.2087662396262,276.77032470703125,4161509
2025-01-01 00:00:00+05:30,276.62831337027677,280.03530501628256,274.7355434426488,279.46746826171875,3545200
2025-01-02 00:00:00+05:30,279.46746773758707,281.7388147515825,276.15512037045033,280.981689453125,6846413
2025-01-03 00:00:00+05:30,280.1299966486262,283.11110401236056,278.56846697061127,280.508544921875,4806469
2025-01-06 00:00:00+05:30,280.5085251642193,281.31295823907635,268.86800051377503,269.5777893066406,7361716
2025-01-07 00:00:00+05:30,271.70713759862184,274.9248408024785,265.6502794122955,267.6376647949219,8306436
2025-01-08 00:00:00+05:30,267.6376776154739,272.46424709315335,265.4610035771966,271.4232177734375,6037032
2025-01-09 00:00:00+05:30,271.61251907348634,272.41695217106025,264.0887461040901,264.9878234863281,6215902
2025-01-10 00:00:00+05:30,265.46099701748784,268.3001520658032,260.82371621484845,262.7637939453125,9073218
2025-01-13 00:00:00+05:30,256.7069612117308,259.9720013953635,250.08226543852487,251.07595825195312,10488655
2025-01-14 00:00:00+05:30,252.7794573498965,256.9435458713514,251.7384279991877,255.7132568359375,6710730
2025-01-15 00:00:00+05:30,259.2148500264532,261.10762005787143,251.02862541684496,252.68479919433594,13448052
2025-01-16 00:00:00+05:30,253.01603372530104,254.53025549079842,249.37244572496056,252.59014892578125,13754046
2025-01-17 00:00:00+05:30,254.38827344548295,260.44516047910986,252.92138826534455,258.9309387207031,9300647
2025-01-20 00:00:00+05:30,260.25591240959454,263.4736160958367,254.3883130136253,262.4325866699219,9623368
2025-01-21 00:00:00+05:30,263.6155654594562,271.6125313317056,263.2370171850961,265.1771240234375,15304149
2025-01-22 00:00:00+05:30,266.88058008022296,268.34746533307674,259.3568074934948,262.71649169921875,6301894
2025-01-23 00:00:00+05:30,267.8269638131841,269.719733875468,255.8078623651291,256.7069396972656,18806324
2025-01-24 00:00:00+05:30,259.30949557148045,264.4199689050076,248.89926034780785,249.65635681152344,18480516
2025-01-27 00:00:00+05:30,249.56172173061302,249.56172173061302,244.49855649490414,247.29037475585938,10083126
2025-01-28 00:00:00+05:30,248.18948957056838,249.7510191910184,240.66573100175313,244.21466064453125,13321189
2025-01-29 00:00:00+05:30,247.97850620678847,248.94359083191387,242.71878321903688,248.02674865722656,9435973
2025-01-30 00:00:00+05:30,250.82549154375255,251.79057618182168,247.54420966472676,248.1715087890625,9410974
2025-01-31 00:00:00+05:30,248.89531427825003,252.85216705773036,245.3727613527784,251.9835968017578,8790578
2025-02-01 00:00:00+05:30,252.610899019343,252.90041262422042,239.34098550829825,246.723876953125,11464565
2025-02-03 00:00:00+05:30,242.18798085485943,243.00830866688653,233.74349048526167,240.8368682861328,21517136
2025-02-04 00:00:00+05:30,241.8984609008436,247.68896878333916,241.46417575486103,247.01341247558594,7000612
2025-02-05 00:00:00+05:30,251.16327231375223,256.37472337048735,251.16327231375223,252.12835693359375,10088345
2025-02-06 00:00:00+05:30,253.81726496465635,257.8706323076481,252.51439478640566,253.38296508789062,14058587
2025-02-07 00:00:00+05:30,252.94868514198825,255.65091030090466,250.97024399702684,255.0718536376953,6557480
2025-02-10 00:00:00+05:30,255.31312279313298,256.51947856035065,248.50928804684327,250.8254852294922,8052376
2025-02-11 00:00:00+05:30,250.43945696291783,250.6807281160613,244.8902204406181,246.2413330078125,6819100
2025-02-12 00:00:00+05:30,246.24132881303152,247.83371250624273,240.35432161223105,246.67562866210938,6568833
2025-02-13 00:00:00+05:30,247.25468864888754,251.01851273422199,246.09657533707156,246.8203887939453,5514711
2025-02-14 00:00:00+05:30,247.44768756428786,249.5708854823926,238.81018326916654,242.23623657226562,5205573
2025-02-17 00:00:00+05:30,242.23624699594484,244.69721579708434,237.7486092667081,243.49085998535156,5899597
2025-02-18 00:00:00+05:30,243.44258283696237,244.69719572344744,238.23113204820524,243.9251251220703,5534272
2025-02-19 00:00:00+05:30,242.23623362948675,247.49595645923168,240.83686391029775,246.67562866210938,6887175
2025-02-20 00:00:00+05:30,245.13149712555338,250.5842194192363,244.35942647286677,249.57089233398438,8155780
2025-02-21 00:00:00+05:30,248.99182054838496,250.34293306405266,241.8984430260745,242.5257568359375,9845416
2025-02-24 00:00:00+05:30,242.47750772423004,244.6489480919097,240.06479620458595,242.23623657226562,6773845
2025-02-25 00:00:00+05:30,243.10482298667577,244.06990765867693,239.05147030947572,239.77528381347656,4172676
2025-02-27 00:00:00+05:30,239.77526253902195,240.69208995087132,233.64698425117038,236.20445251464844,7376510
2025-02-28 00:00:00+05:30,235.52890870485405,235.52890870485405,227.90473123370975,229.01458740234375,14066882
2025-03-03 00:00:00+05:30,230.65522489356113,235.13321695517345,225.83944732349474,233.9461669921875,6864635
2025-03-04 00:00:00+05:30,232.58540113880437,242.17834493612872,227.85649223427527,241.19395446777344,7201075
2025-03-05 00:00:00+05:30,241.17463691113912,247.95918050654623,241.17463691113912,246.90724182128906,7802519
2025-03-06 00:00:00+05:30,250.92200642706808,256.6642718165059,249.95692178696396,255.78604125976562,12828381
2025-03-07 00:00:00+05:30,255.70881114861726,256.50984787160104,250.9219997084442,252.1380157470703,7057204
2025-03-10 00:00:00+05:30,252.13801560988935,256.6738956232317,247.11956383763282,247.9591827392578,8487911
2025-03-11 00:00:00+05:30,247.05202780961167,255.71848394697608,245.46928955372306,255.3420867919922,12306539
2025-03-12 00:00:00+05:30,257.1950704807985,262.50303628809456,254.20330204445852,257.0213623046875,10648004
2025-03-13 00:00:00+05:30,257.0213240553005,257.35910953772395,252.86181200693878,255.17800903320312,4545159
2025-03-17 00:00:00+05:30,251.9932161231656,254.48315078900035,249.29099112741986,252.29241943359375,6482574
2025-03-18 00:00:00+05:30,252.29241943359375,252.29241943359375,252.29241943359375,252.29241943359375,0
2025-03-19 00:00:00+05:30,254.30946914814908,257.1854025965737,253.82692681631443,255.9983673095703,4955027
2025-03-20 00:00:00+05:30,257.29156230144406,263.40053490924294,255.5061498868025,262.62847900390625,10789615
2025-03-21 00:00:00+05:30,262.6960458161125,275.8694450123374,261.5958352103569,269.89556884765625,26173451
2025-03-24 00:00:00+05:30,272.15387566927234,275.33864328458344,270.22370633828456,270.6483459472656,11376607
2025-03-25 00:00:00+05:30,270.77379080227405,274.04541225114696,267.5021399013567,269.36474609375,12143699
2025-03-26 00:00:00+05:30,268.29351535302067,273.4374032460334,262.6284735361311,263.4777526855469,9475308
2025-03-27 00:00:00+05:30,263.84450514034336,270.0789436982685,262.6767315148327,266.4212646484375,107524873
2025-03-28 00:00:00+05:30,267.31876506669687,274.40248226159895,266.6528543586108,268.7471008300781,12687883
2025-04-01 00:00:00+05:30,265.39826778970496,276.97928311143755,265.39826778970496,274.6630859375,20780255
2025-04-02 00:00:00+05:30,273.16718758857047,277.99261064755984,268.00400847708784,276.7862548828125,12058406
2025-04-03 00:00:00+05:30,273.1189451387986,281.22564998749175,273.1189451387986,276.7862548828125,6663148
2025-04-04 00:00:00+05:30,281.9494582855925,285.37552626599194,267.376675023773,269.6929016113281,18852567
2025-04-07 00:00:00+05:30,252.8521455183316,269.3550967841732,252.8521455183316,264.1436462402344,15010047
2025-04-08 00:00:00+05:30,269.74115825472757,277.4618354140757,265.49479170749527,275.9176940917969,18994276
2025-04-09 00:00:00+05:30,278.6199622002224,280.50185967730647,269.8376856176876,277.8961486816406,14519066
2025-04-11 00:00:00+05:30,286.0993546849302,286.0993546849302,276.49675068992417,282.96282958984375,14955235
2025-04-15 00:00:00+05:30,286.43710787804827,286.43710787804827,280.9361431299511,284.12091064453125,8516322
2025-04-16 00:00:00+05:30,283.73487880818516,290.0561713001344,282.335494325762,288.31903076171875,9064723
2025-04-17 00:00:00+05:30,287.5951979131644,291.21426500099784,285.134244074255,287.9329833984375,7510897
2025-04-21 00:00:00+05:30,289.38062232443406,294.88158685655543,287.59520992942964,293.4339599609375,6455955
2025-04-22 00:00:00+05:30,294.3508155550914,297.72861179916623,292.08286075794626,295.41241455078125,7096150
2025-04-23 00:00:00+05:30,295.4124084997762,295.94319326072593,287.88473078165885,289.9596862792969,7400827
2025-04-24 00:00:00+05:30,292.37237799761584,294.8333318344015,289.81488036278586,291.4555358886719,5773985
2025-04-25 00:00:00+05:30,291.79332529147575,294.3025510609742,283.05929227187954,285.3755187988281,7773037
2025-04-28 00:00:00+05:30,282.86631445462604,300.09308120437083,282.86631445462604,299.1762390136719,14414879
2025-04-29 00:00:00+05:30,300.67210827339073,304.5807187426268,298.98321015079443,300.81689453125,9522966
2025-04-30 00:00:00+05:30,307.86200679979504,311.19156066042336,298.211160191651,299.2244873046875,21424437
2025-05-02 00:00:00+05:30,299.7070159353959,306.41436580227963,299.07971682494986,300.52734375,6850147
2025-05-05 00:00:00+05:30,305.93184242530015,314.472847702031,304.9667577488796,309.8404235839844,16037327
2025-05-06 00:00:00+05:30,309.8886834333332,310.9502824265054,299.70702282196913,300.57562255859375,5444873
2025-05-07 00:00:00+05:30,296.28096520678235,306.41435326760063,296.28096520678235,305.8352966308594,7970668
2025-05-08 00:00:00+05:30,304.4841919050678,309.02010131489936,295.0263745870912,297.19781494140625,5918739
2025-05-09 00:00:00+05:30,291.98634880636416,296.61877279330326,290.82826489866403,296.13623046875,4955934
2025-05-12 00:00:00+05:30,304.0016648645446,304.91850706320855,296.42574446878086,298.2593994140625,6844271
2025-05-13 00:00:00+05:30,298.2594049058433,299.75530381267833,293.8682814466545,296.1844787597656,7241358
2025-05-14 00:00:00+05:30,297.92161863628627,302.60225524066686,297.63207559396625,301.58892822265625,7733320
2025-05-15 00:00:00+05:30,303.0365698781299,309.0201062871149,302.5540275694068,305.93182373046875,7055032
2025-05-16 00:00:00+05:30,304.96673126427146,309.7921542273137,304.77370256493197,308.923583984375,6861786
2025-05-19 00:00:00+05:30,307.4276880626496,308.39277266426154,305.11149090919,306.1248474121094,2956007
2025-05-20 00:00:00+05:30,305.9318284691655,308.4892968546027,300.86513414909257,301.9749755859375,5016433
2025-05-21 00:00:00+05:30,301.39592280634594,305.6905612567541,298.54894077526126,304.8219909667969,5232094
2025-05-22 00:00:00+05:30,303.90513284881393,307.7654712259397,297.92162603549576,302.1197204589844,4876801
2025-05-23 00:00:00+05:30,301.106424433585,308.82710198316414,301.106424433585,307.7655029296875,4257721
2025-05-26 00:00:00+05:30,307.8620065947071,312.6391874433746,307.8620065947071,311.6741027832031,5050848
2025-05-27 00:00:00+05:30,311.6258170829927,311.6258170829927,304.4841968042993,305.93182373046875,4716473
2025-05-28 00:00:00+05:30,305.9318032235744,311.33628260941526,302.7952784271182,310.46771240234375,7112876
2025-05-29 00:00:00+05:30,309.9852162007857,311.2880569790198,306.5109054040503,308.00677490234375,4000772
2025-05-30 00:00:00+05:30,306.46263110859,311.1432977390834,305.93184631063656,307.282958984375,9148638
2025-06-02 00:00:00+05:30,307.2829474785202,308.34454648672414,304.6289646840335,305.5458068847656,3086437
2025-06-03 00:00:00+05:30,304.0499038487925,309.74392678263905,298.21115356149744,298.9349670410156,7853488
2025-06-04 00:00:00+05:30,298.9349785039872,301.7337181750356,297.8251370165771,300.672119140625,5925942
2025-06-05 00:00:00+05:30,300.23784305892957,304.38769530840557,297.4873458926274,298.98321533203125,5900170
2025-06-06 00:00:00+05:30,298.2111402935508,306.75214486227014,298.2111402935508,305.6423034667969,5825337
2025-06-09 00:00:00+05:30,306.7038783627565,310.22646076336065,304.00165322601003,309.2131042480469,3787426
2025-06-10 00:00:00+05:30,309.9851829266532,313.3629790007828,308.2480129887313,308.923583984375,6489933
2025-06-11 00:00:00+05:30,309.11659745990596,322.820811086551,309.11659745990596,322.1935119628906,21739121
2025-06-12 00:00:00+05:30,318.9604904380329,319.4430327836275,306.65566062537044,307.52423095703125,13568848
2025-06-13 00:00:00+05:30,294.3507988413678,303.4225880627913,288.84980491826883,301.3959045410156,13958229
2025-06-16 00:00:00+05:30,299.1279748674719,305.7870525237575,297.7285904572766,305.3527526855469,6893567
2025-06-17 00:00:00+05:30,303.0365617771222,309.26136917406234,300.8168789971521,301.8784484863281,7219608
2025-06-18 00:00:00+05:30,301.1064091937089,305.7870756116485,298.8867262913686,304.8219909667969,10011198
2025-06-19 00:00:00+05:30,305.931837100689,305.931837100689,299.2727588396953,302.50579833984375,5399948
2025-06-20 00:00:00+05:30,300.04479031252305,304.8702132170411,299.17622008011864,302.55401611328125,8522458
2025-06-23 00:00:00+05:30,299.17624448332367,304.48421011125356,297.43910387681973,302.50579833984375,6848410
2025-06-24 00:00:00+05:30,314.135050487593,316.3547333799589,305.9318310432165,308.103271484375,11172373
2025-06-25 00:00:00+05:30,311.23977945225533,311.72232174597974,305.54578627671594,308.4410400390625,6658747
2025-06-26 00:00:00+05:30,307.71724700787365,319.4430196326822,307.71724700787365,318.2366638183594,15528180
2025-06-27 00:00:00+05:30,318.4779151710304,322.5312822358431,315.9686893429104,321.3731689453125,9911738
2025-06-30 00:00:00+05:30,322.33824433882626,325.9090690060319,318.8156915710412,320.3598327636719,5840638
2025-07-01 00:00:00+05:30,319.9737870461601,323.78588299336786,319.3464879471631,320.4563293457031,3921773
2025-07-02 00:00:00+05:30,322.0487416682339,323.2550974139914,317.3198035832289,320.2150573730469,3799017
2025-07-03 00:00:00+05:30,321.37319462979,323.834148753794,319.0087254110044,319.9255676269531,5049883
2025-07-04 00:00:00+05:30,322.3382606320964,335.55993160650644,320.31157705507843,334.1123046875,13743465
2025-07-07 00:00:00+05:30,333.7262366798078,339.27547302639135,331.45831147370893,338.26214599609375,8603937
2025-07-08 00:00:00+05:30,337.77960250082793,346.12757821508245,336.5250043294996,343.18408203125,12905482
2025-07-09 00:00:00+05:30,343.1840765027428,343.9078899250129,335.51164244586226,336.33197021484375,8039090
2025-07-10 00:00:00+05:30,339.5167705648131,340.5301271259298,335.89770310092416,338.69647216796875,6580919
2025-07-11 00:00:00+05:30,339.51673777194986,340.3370655416077,331.3135189794583,332.8094177246094,4803470
2025-07-14 00:00:00+05:30,333.7745371323374,336.04249198448895,330.87928313862403,332.3751525878906,5372218
2025-07-15 00:00:00+05:30,335.5116771034472,338.26217428260236,334.06405010937044,335.897705078125,6270256
2025-07-16 00:00:00+05:30,337.827849828789,339.420262968073,335.27038154903516,335.7046813964844,8426412
2025-07-17 00:00:00+05:30,337.3935940218304,337.68310763128505,332.2303853382202,334.6430969238281,4026086
2025-07-18 00:00:00+05:30,335.3668996930296,339.17899565740856,330.1554487248994,331.5065612792969,5631392
2025-07-21 00:00:00+05:30,331.5065707658175,332.66468410389626,327.59798979088157,330.63800048828125,5051058
2025-07-22 00:00:00+05:30,330.6379931057542,332.32689117238255,328.08052478098324,328.466552734375,4447293
2025-07-23 00:00:00+05:30,329.9141750388529,332.9541856258978,325.0404801577398,332.42340087890625,5089227
2025-07-24 00:00:00+05:30,332.4233839375045,332.8576543123536,327.8392323400469,329.4798583984375,3270996
2025-07-25 00:00:00+05:30,328.2252935866547,329.4798918440754,319.4912598799933,321.27667236328125,3514659
2025-07-28 00:00:00+05:30,320.74588920726177,326.53639710526426,319.443019039802,321.75921630859375,5630809
2025-07-29 00:00:00+05:30,324.26845409134154,325.52305240075697,321.5662287547326,323.255126953125,7809814
2025-07-30 00:00:00+05:30,322.3382724035068,331.5548190102736,318.477933811848,325.2817687988281,11366010
2025-07-31 00:00:00+05:30,323.2735427879074,324.4980637833161,316.51419287235757,322.5877990722656,6867024
2025-08-01 00:00:00+05:30,322.29393751063935,322.5878106018279,310.09769600225144,311.3712158203125,4105518
2025-08-04 00:00:00+05:30,313.6243225741797,314.21209865208994,308.4813342096482,311.3712158203125,3536322
2025-08-05 00:00:00+05:30,310.5385426544404,311.5181595082399,303.2403851354206,308.6772766113281,6730701
2025-08-06 00:00:00+05:30,309.06912166205836,311.66510038153933,307.9915371288207,309.31402587890625,3601019
2025-08-07 00:00:00+05:30,306.91392997765865,307.648642574058,300.88929266629077,304.0240783691406,5018154
2025-08-08 00:00:00+05:30,304.1710163169923,314.70189691411844,302.30975037660664,312.9385986328125,10028343
2025-08-11 00:00:00+05:30,315.681509885527,323.2735399913853,310.7344570650837,314.40802001953125,7957794
2025-08-12 00:00:00+05:30,314.45701226416287,319.844904997661,314.1631391641857,317.10198974609375,4392686
2025-08-13 00:00:00+05:30,318.375464151072,319.6489540494632,314.50596578240743,315.9264221191406,2707971
2025-08-14 00:00:00+05:30,320.33469038450136,324.6449982821283,310.68545902225327,311.5671081542969,10549386
2025-08-18 00:00:00+05:30,314.4569879033763,314.5059567844009,306.0812763520131,307.59967041015625,8091527
2025-08-19 00:00:00+05:30,308.7752222489542,315.63253973637546,306.3261802891609,314.8978271484375,4343312
2025-08-20 00:00:00+05:30,313.4773746432939,315.92641663269467,312.4977578475336,313.42840576171875,3670375
2025-08-21 00:00:00+05:30,314.50596032062936,317.1999065089702,312.25285364859354,313.42840576171875,3790333
2025-08-22 00:00:00+05:30,313.6733189487394,313.82025549320736,308.2854264176716,309.999755859375,3007303
2025-08-25 00:00:00+05:30,312.44879293650337,312.44879293650337,308.0894861817599,309.36297607421875,2841339
2025-08-26 00:00:00+05:30,310.83239264404534,311.8120094250168,304.70978776297346,305.7384033203125,10819770
2025-08-28 00:00:00+05:30,309.1670595684428,309.1670595684428,303.6811996599947,304.366943359375,8888325
2025-08-29 00:00:00+05:30,304.3669496985932,305.9343126517672,300.7423556044312,301.91790771484375,4334416
2025-09-01 00:00:00+05:30,302.21177623648794,309.11806256828254,300.54641575444373,308.3343811035156,3672180
2025-09-02 00:00:00+05:30,309.46095252958526,310.8324101209508,306.37516547512945,308.53033447265625,3405312
2025-09-03 00:00:00+05:30,308.5303407115679,313.96720230338167,307.648661624866,308.432373046875,6616690
2025-09-04 00:00:00+05:30,313.3304435333035,313.3304435333035,306.13025398057385,306.5220947265625,5225640
2025-09-05 00:00:00+05:30,306.620057421875,309.9997473293066,305.1506322265625,306.1302490234375,6159420
2025-09-08 00:00:00+05:30,307.50171502128745,311.6650865225671,307.15884315384017,309.999755859375,2002604
2025-09-09 00:00:00+05:30,311.3222211488327,313.6243267119594,307.15884956071136,307.55072021484375,6476251
2025-09-10 00:00:00+05:30,309.0691040991551,311.7630503313981,308.33439149036155,311.46917724609375,5214899
2025-09-11 00:00:00+05:30,311.714088133903,319.9428635497548,311.0283443927765,313.4773864746094,7529271
2025-09-12 00:00:00+05:30,314.5059773900001,316.6121775316215,310.58750999428963,311.5181579589844,4705998
2025-09-15 00:00:00+05:30,311.8120317043492,314.16313606309524,309.26505180826393,311.27325439453125,4653626
2025-09-16 00:00:00+05:30,312.84064603412565,314.55497551618697,310.0487320413762,311.7630615234375,5381837
2025-09-17 00:00:00+05:30,313.3304527138342,318.1305692577857,312.7426766298632,316.95501708984375,7035565
2025-09-18 00:00:00+05:30,318.2775068486761,319.5020279044925,314.4570071336359,319.06121826171875,5615664
2025-09-19 00:00:00+05:30,318.9632342361531,327.19200933001713,318.17952286331285,322.83270263671875,10022009
2025-09-22 00:00:00+05:30,322.2939299560609,325.52665346549225,315.877451819404,318.7673034667969,4768219
2025-09-23 00:00:00+05:30,322.00007454511234,328.3675841490516,320.1877773710382,323.6654052734375,7992615
2025-09-24 00:00:00+05:30,323.7143922222875,325.6246270963308,320.33470221320107,323.6164245605469,5489995
2025-09-25 00:00:00+05:30,322.3918867941909,325.7225778517643,320.33468558654715,322.9306640625,5798602
2025-09-26 00:00:00+05:30,323.07760200849754,323.27353732266334,316.36725098352815,317.73870849609375,5692665
2025-09-29 00:00:00+05:30,319.9918405969988,332.0901147690182,318.865287189721,331.2084655761719,12616059
2025-09-30 00:00:00+05:30,332.82480481643137,335.3228156758253,330.2777951801573,332.7268371582031,6762730
2025-10-01 00:00:00+05:30,334.0493383067012,340.612783011703,331.69826389889846,332.7758483886719,9814406
2025-10-03 00:00:00+05:30,336.9881773531059,337.86982648916756,330.7186358465732,334.5881042480469,5833883
2025-10-06 00:00:00+05:30,335.02895110925976,338.4576099656411,331.6492611354708,336.5963439941406,5914399
2025-10-07 00:00:00+05:30,336.5963603825417,339.1923390925184,334.0983194425182,334.9309997558594,5934834
2025-10-08 00:00:00+05:30,334.2942347025447,342.8658817461997,332.5799052938137,338.0657653808594,7955678
2025-10-09 00:00:00+05:30,340.1719443964404,343.8455075108728,336.10654052890845,336.9881896972656,7028656
2025-10-10 00:00:00+05:30,338.4576166538211,340.2209149994482,330.326808877659,331.7962341308594,5737637
2025-10-13 00:00:00+05:30,333.5595344243145,335.0289596860956,328.31857834485515,331.0615234375,6785828
2025-10-14 00:00:00+05:30,331.25741227977704,333.3635824037509,323.91028633879927,325.6736145019531,4343927
2025-10-15 00:00:00+05:30,328.1226605715507,333.80442607850375,325.2817479225418,331.01251220703125,16271995
2025-10-16 00:00:00+05:30,332.0411329282051,332.0411329282051,326.75117818647146,329.05328369140625,6279302
2025-10-17 00:00:00+05:30,329.24920717458485,331.4043461626751,325.9185160871496,329.0043029785156,7824777
2025-10-20 00:00:00+05:30,329.39616349233864,333.1186955379048,328.6614508600137,330.8166198730469,6134873
2025-10-21 00:00:00+05:30,332.4819404672899,333.31462073773247,330.8166098219375,332.1390686035156,404063
2025-10-23 00:00:00+05:30,333.0697055408244,333.2166420788684,323.3225066116376,324.5470275878906,8457356
2025-10-24 00:00:00+05:30,323.42048300676794,327.583854438511,320.530631362054,323.7143859863281,8260920
2025-10-27 00:00:00+05:30,325.9185339661027,336.49838385846107,324.4980775927663,336.0085754394531,11767585
2025-10-28 00:00:00+05:30,336.98817362078955,338.4575987964616,332.6778657512579,333.7064514160156,6156249
2025-10-29 00:00:00+05:30,334.9309721412546,341.8862572799239,333.9023864772784,341.0046081542969,9756868
2025-10-30 00:00:00+05:30,342.86588045216877,352.4661131466166,338.2616695278839,350.31097412109375,14807100
2025-10-31 00:00:00+05:30,350.7028349017784,353.200845929597,347.8619519948093,349.52728271484375,7532962
2025-11-03 00:00:00+05:30,354.5723065494807,361.96840130259295,348.9884789284134,359.813232421875,20107281
2025-11-04 00:00:00+05:30,362.3112958174532,366.32773085790154,360.64593522404925,365.3481140136719,12649509
2025-11-05 00:00:00+05:30,365.3481140136719,365.3481140136719,365.3481140136719,365.3481140136719,0
2025-11-06 00:00:00+05:30,372.2543826458785,372.2543826458785,359.7642684913128,360.45001220703125,11803637
2025-11-07 00:00:00+05:30,360.0,367.8500061035156,359.75,367.1499938964844,11711108
2025-11-10 00:00:00+05:30,366.29998779296875,369.79998779296875,363.6499938964844,365.1499938964844,6934285
2025-11-11 00:00:00+05:30,365.0,374.8500061035156,360.04998779296875,374.1499938964844,10689646
2025-11-12 00:00:00+05:30,375.20001220703125,379.1000061035156,373.6000061035156,375.45001220703125,9316462
2025-11-13 00:00:00+05:30,377.1000061035156,378.75,372.1000061035156,374.95001220703125,9719258
2025-11-14 00:00:00+05:30,374.0,379.75,369.45001220703125,371.1499938964844,6848609
2025-11-17 00:00:00+05:30,372.6000061035156,381.54998779296875,372.0,374.25,9063998
2025-11-18 00:00:00+05:30,375.8500061035156,376.8999938964844,370.6499938964844,371.8500061035156,7729409
2025-11-19 00:00:00+05:30,371.8500061035156,372.8999938964844,364.8500061035156,365.6499938964844,7056032
2025-11-20 00:00:00+05:30,367.0,368.79998779296875,363.29998779296875,365.04998779296875,9025414
2025-11-21 00:00:00+05:30,365.04998779296875,367.8500061035156,363.3999938964844,364.54998779296875,7177944
2025-11-24 00:00:00+05:30,364.54998779296875,367.25,357.79998779296875,359.6499938964844,13807356
2025-11-25 00:00:00+05:30,358.95001220703125,358.95001220703125,353.70001220703125,355.8500061035156,4113590
2025-11-26 00:00:00+05:30,356.79998779296875,368.0,356.1000061035156,367.6499938964844,7651793
2025-11-27 00:00:00+05:30,368.95001220703125,368.95001220703125,361.5,364.70001220703125,5180488
2025-11-28 00:00:00+05:30,365.79998779296875,367.0,358.6000061035156,359.1000061035156,3459790
2025-12-01 00:00:00+05:30,361.5,361.5,352.3999938964844,354.0,4470807
2025-12-02 00:00:00+05:30,355.75,361.1499938964844,354.25,358.75,9468149
2025-12-03 00:00:00+05:30,359.0,361.0,355.79998779296875,358.3999938964844,6169622
2025-12-04 00:00:00+05:30,360.0,361.6000061035156,353.5,356.0,5798181
2025-12-05 00:00:00+05:30,356.0,361.6000061035156,353.29998779296875,360.29998779296875,3479044
2025-12-08 00:00:00+05:30,363.0,363.0,355.1499938964844,357.54998779296875,6762135
2025-12-09 00:00:00+05:30,357.54998779296875,358.75,352.95001220703125,355.04998779296875,5612269
2025-12-10 00:00:00+05:30,355.04998779296875,359.95001220703125,352.75,355.1499938964844,8521964
2025-12-11 00:00:00+05:30,355.1499938964844,356.3500061035156,349.1000061035156,351.29998779296875,4491115
2025-12-12 00:00:00+05:30,352.5,366.6499938964844,352.5,365.04998779296875,6101145
2025-12-15 00:00:00+05:30,365.1000061035156,369.45001220703125,361.1000061035156,367.0,6128925
2025-12-16 00:00:00+05:30,366.75,369.04998779296875,361.70001220703125,368.1499938964844,4332510
2025-12-17 00:00:00+05:30,370.0,372.8500061035156,366.0,368.3500061035156,6872112
2025-12-18 00:00:00+05:30,368.0,369.20001220703125,361.5,363.3500061035156,3880069
2025-12-19 00:00:00+05:30,363.95001220703125,367.45001220703125,362.1000061035156,365.95001220703125,6515994
2025-12-22 00:00:00+05:30,365.95001220703125,370.70001220703125,364.54998779296875,369.8999938964844,3949754
2025-12-23 00:00:00+05:30,369.8999938964844,373.5,368.54998779296875,370.0,3379297
2025-12-24 00:00:00+05:30,369.8999938964844,371.45001220703125,364.79998779296875,365.8999938964844,2339154
2025-12-25 00:00:00+05:30,365.8999938964844,365.8999938964844,365.8999938964844,365.8999938964844,0
2025-12-26 00:00:00+05:30,365.45001220703125,368.20001220703125,361.70001220703125,366.0,2997958
2025-12-29 00:00:00+05:30,366.0,372.0,364.79998779296875,371.6000061035156,4666863
2025-12-30 00:00:00+05:30,371.79998779296875,376.1499938964844,368.20001220703125,369.5,8567519
2025-12-31 00:00:00+05:30,369.5,386.0,369.0,384.0,12051156
2026-01-01 00:00:00+05:30,386.3999938964844,388.1499938964844,379.1499938964844,381.5,6554899
2026-01-02 00:00:00+05:30,382.0,385.6000061035156,377.8999938964844,381.45001220703125,3614573
