Date,Open,High,Low,Close,Volume
2021-01-04 00:00:00+05:30,800.4188033310492,806.4869485660049,796.1325536974023,801.622802734375,3487801
2021-01-05 00:00:00+05:30,801.6227600521895,812.6995539730068,794.9285119683244,796.8067626953125,4559213
2021-01-06 00:00:00+05:30,798.4924102323281,803.6937112090447,785.2484166971115,794.4469604492188,3318460
2021-01-07 00:00:00+05:30,799.45561853156,799.8890700825467,787.8972240467665,796.132568359375,2879675
2021-01-08 00:00:00+05:30,800.1298530583977,815.0594456190804,796.9513064000589,807.83544921875,5072916
2021-01-11 00:00:00+05:30,808.12435679265,828.3515456992599,802.1043600942543,825.3174438476562,5332109
2021-01-12 00:00:00+05:30,828.3515926038264,832.7822869091171,810.0508016044395,812.1217041015625,4338010
2021-01-13 00:00:00+05:30,816.1670171161669,820.6459180011506,801.8635290328143,810.7249755859375,3596529
2021-01-14 00:00:00+05:30,810.725015601083,816.3597090540856,798.4923704242325,809.9544677734375,3652930
2021-01-15 00:00:00+05:30,808.1243919732954,813.8072926195908,790.786800727146,793.387451171875,3137877
2021-01-18 00:00:00+05:30,791.750030146457,796.2289315698338,766.8994935128059,772.2452392578125,3742440
2021-01-19 00:00:00+05:30,772.967569586719,795.0248608201326,772.967569586719,792.1834106445312,3791378
2021-01-20 00:00:00+05:30,792.2315838249505,804.1752810663131,792.0389321683417,802.1525268554688,3056546
2021-01-21 00:00:00+05:30,804.2715192200477,808.4132649863694,779.2283341904414,782.84033203125,3326213
2021-01-22 00:00:00+05:30,785.7781959802546,792.2316448450059,768.874055316141,778.55419921875,3883231
2021-01-25 00:00:00+05:30,783.0811742790787,825.4619512388321,778.505976766378,806.0053100585938,10704200
2021-01-27 00:00:00+05:30,808.991310201908,824.9322506939621,794.8322653279106,811.49560546875,7410174
2021-01-28 00:00:00+05:30,804.753102831802,817.6117913722114,795.3137604211432,810.9176025390625,4489853
2021-01-29 00:00:00+05:30,816.7450690520733,819.5383124697937,790.546029570457,795.5065307617188,7185812
2021-02-01 00:00:00+05:30,785.0076134997288,800.4188059119934,751.2474818794184,776.72412109375,13856367
2021-02-02 00:00:00+05:30,777.301995885327,795.9398826799758,772.0043986395162,791.3646850585938,8486828
2021-02-03 00:00:00+05:30,795.6027441779971,846.5560185011342,793.8689969291197,817.9971313476562,15674616
2021-02-04 00:00:00+05:30,816.3596490221938,824.9802955083113,801.9598060701687,803.7417602539062,4639606
2021-02-05 00:00:00+05:30,808.7023208117993,823.4393209971597,799.9372283991387,816.5042724609375,7381183
2021-02-08 00:00:00+05:30,820.6459371657384,827.6291332273013,810.0988913563306,816.0707397460938,4244906
2021-02-09 00:00:00+05:30,816.7931903400653,825.3174825491096,808.1243946878712,810.773193359375,4200281
2021-02-10 00:00:00+05:30,816.4078658401081,835.0939594990678,810.050772709015,831.62646484375,5665209
2021-02-11 00:00:00+05:30,836.0571217515088,842.7032214653755,824.498728363239,828.1588745117188,5347864
2021-02-12 00:00:00+05:30,827.3883837051703,832.5414775968012,814.3851902476385,817.3229370117188,2473012
2021-02-15 00:00:00+05:30,818.8157928529299,825.0765890020836,811.0139011672875,813.229248046875,2531913
2021-02-16 00:00:00+05:30,818.7195516687596,820.8867504820004,810.2915562839341,817.1302490234375,2808115
2021-02-17 00:00:00+05:30,818.1897933612097,823.2465905281034,802.3451504804701,804.94580078125,2539649
2021-02-18 00:00:00+05:30,804.2715410398847,812.410588153124,792.231547910545,795.072998046875,4114251
2021-02-19 00:00:00+05:30,793.4836805037362,795.0729830825078,769.5963463425247,777.6390380859375,3834443
2021-02-22 00:00:00+05:30,781.5401183482783,787.4156119370268,757.1229751083706,763.2874755859375,4090429
2021-02-23 00:00:00+05:30,765.7435362115299,773.5936349725796,759.38644357746,761.8425903320312,3264477
2021-02-24 00:00:00+05:30,764.7804226474816,768.7295171833225,747.683631083259,760.0125732421875,1587082
2021-02-25 00:00:00+05:30,765.7435679439733,784.044357618106,761.3610221745527,779.3728637695312,5478169
2021-02-26 00:00:00+05:30,775.375625037466,789.8236180505864,751.2956366822651,758.086181640625,7549015
2021-03-01 00:00:00+05:30,765.743573283108,771.0411703309786,753.2219802608685,760.7349243164062,2748271
2021-03-02 00:00:00+05:30,763.4319711618907,785.0076654834306,761.6982236585078,781.9254150390625,4275166
2021-03-03 00:00:00+05:30,787.8490585126143,788.0417101742671,777.879908215156,782.599609375,3265559
2021-03-04 00:00:00+05:30,777.6873825540991,787.8972748247211,774.1235322671333,777.061279296875,3640996
2021-03-05 00:00:00+05:30,776.820437479125,782.1180350068809,770.8004402884932,775.5201416015625,3832170
2021-03-08 00:00:00+05:30,778.2170296830226,788.8603721526732,776.5314305972263,779.4691772460938,2915298
2021-03-09 00:00:00+05:30,782.6959334604975,786.6450869022697,762.9503426187423,767.6700439453125,2783825
2021-03-10 00:00:00+05:30,776.3387350396631,784.7667299920167,771.5227379240324,782.5032348632812,2512573
2021-03-12 00:00:00+05:30,786.4524542236335,788.5715050497715,772.4860603641813,776.2907104492188,2082799
2021-03-15 00:00:00+05:30,778.1690024258667,779.1322020531848,760.9277055812578,775.8572998046875,2651062
2021-03-16 00:00:00+05:30,775.4718860528251,778.7467878351532,758.0379987956284,763.1429443359375,3671229
2021-03-17 00:00:00+05:30,765.5509926998974,765.5509926998974,741.6636555516261,743.7345581054688,3246092
2021-03-18 00:00:00+05:30,747.4428556903127,749.8027063610596,723.2183633337046,727.3601684570312,2894624
2021-03-19 00:00:00+05:30,723.3627559981994,739.01474639097,710.937460109251,732.6576538085938,5262000
2021-03-22 00:00:00+05:30,733.9580607870215,755.72634721076,730.7795140138611,744.4087524414062,3563266
2021-03-23 00:00:00+05:30,746.4795666307161,750.7176676859083,740.1224738369563,747.5390625,2118532
2021-03-24 00:00:00+05:30,749.1765472634083,769.3074400044558,744.2161051918035,763.76904296875,6904173
2021-03-25 00:00:00+05:30,767.5737073115599,772.7749493533597,754.474158799811,758.27880859375,5292130
2021-03-26 00:00:00+05:30,761.8907819126973,769.5963776842543,752.4995870661122,758.471435546875,2934548
2021-03-30 00:00:00+05:30,761.1683681474944,785.8744576460016,761.1683681474944,782.3106079101562,4453933
2021-03-31 00:00:00+05:30,781.1547874372558,793.6282326072845,775.3755904895079,785.1038818359375,3075406
2021-04-01 00:00:00+05:30,789.3420695356248,793.6764677209943,781.7327692056944,788.1862182617188,1910949
2021-04-05 00:00:00+05:30,794.6395608774588,796.5659598129193,776.435067421745,789.582763671875,2920638
2021-04-06 00:00:00+05:30,793.6764353571908,813.9036260641095,791.6055327930112,805.3793334960938,4569120
2021-04-07 00:00:00+05:30,805.3792595268852,813.8072548807077,799.6963591441242,809.90625,2404472
2021-04-08 00:00:00+05:30,811.9771765484662,819.1530245640259,807.5464823747279,811.0139770507812,2459821
2021-04-09 00:00:00+05:30,809.9544611388982,859.4628788252098,805.8608633747182,850.5532836914062,11189432
2021-04-12 00:00:00+05:30,857.2475262297629,905.4074996134575,846.7968355211133,869.1912231445312,30141861
2021-04-13 00:00:00+05:30,888.0217244903167,898.2797631261157,845.9780459383435,852.6241455078125,11667200
2021-04-15 00:00:00+05:30,865.7236508081825,891.3447913600323,851.3720143278912,880.5569458007812,13218002
2021-04-16 00:00:00+05:30,885.9027574383284,909.5011456495151,877.3784652123496,903.529296875,13746268
2021-04-19 00:00:00+05:30,910.4643602540966,919.8555557182357,889.9963701399474,911.4757080078125,17805574
2021-04-20 00:00:00+05:30,929.5838361154844,930.7878355192133,906.4670475638873,914.3652954101562,10205616
2021-04-22 00:00:00+05:30,923.5156564555024,927.7056094977236,904.2998149304292,909.597412109375,8522208
2021-04-23 00:00:00+05:30,909.5974292646638,917.7846250592657,888.7923434669352,901.16943359375,7972589
2021-04-26 00:00:00+05:30,901.1693870724708,905.4074881923874,868.9504123164227,872.080810546875,10255697
2021-04-27 00:00:00+05:30,879.401138368515,885.661935081982,867.8427444359606,878.8232421875,5669049
2021-04-28 00:00:00+05:30,880.7014050939433,884.2171066479704,869.720966493955,876.7041625976562,7251009
2021-04-29 00:00:00+05:30,878.3897686951434,883.6392175660679,870.7323211484763,873.1403198242188,4953091
2021-04-30 00:00:00+05:30,867.6018808261975,887.1066691545134,867.6018808261975,876.8485717773438,6459737
2021-05-03 00:00:00+05:30,885.2766025411959,890.381606724091,873.0440163976601,876.7041625976562,6330144
2021-05-04 00:00:00+05:30,879.3048544399991,879.3048544399991,843.7627690763087,846.1226196289062,8347795
2021-05-05 00:00:00+05:30,852.4315639079587,865.9163570093275,837.0203717921086,855.947265625,10491085
2021-05-06 00:00:00+05:30,873.6219650918657,882.9650121985048,848.482481122476,851.75732421875,17973153
2021-05-07 00:00:00+05:30,860.1371660884838,862.5451648737259,844.7259738629342,850.4088745117188,5479029
2021-05-10 00:00:00+05:30,859.6555045948065,873.0921486093042,845.2075129209443,867.1203002929688,8379304
2021-05-11 00:00:00+05:30,866.8313844609722,872.6105813454869,855.5137905621309,858.1144409179688,5864464
2021-05-12 00:00:00+05:30,856.5733230983491,873.381166513909,851.7573254886777,865.5310668945312,5224240
2021-05-14 00:00:00+05:30,875.5483056085438,887.106699081924,867.650058310595,870.7804565429688,15048471
2021-05-17 00:00:00+05:30,862.0635028818193,871.6954973274262,837.983516767802,848.7713623046875,14122085
2021-05-18 00:00:00+05:30,854.3579328102603,855.6582285835927,846.1225890714173,851.8536376953125,5129966
2021-05-19 00:00:00+05:30,855.176656801223,872.6106031111178,848.578763709109,870.6842041015625,7242643
2021-05-20 00:00:00+05:30,872.6587226745999,893.7528146522139,871.6955232014491,890.18896484375,12378690
2021-05-21 00:00:00+05:30,895.7755066563152,900.5915040039298,888.3588589831827,892.7896118164062,6740711
2021-05-24 00:00:00+05:30,896.7388143613675,910.7052083551804,892.0673198859483,896.9796142578125,6420035
2021-05-25 00:00:00+05:30,905.0704386212274,905.407534932451,895.775539879978,901.16943359375,3695242
2021-05-26 00:00:00+05:30,906.370801270208,916.9178483881734,904.4925503386738,910.3681030273438,5445187
2021-05-27 00:00:00+05:30,911.1867834513923,913.8355822404952,899.6765369554836,907.6710815429688,6249606
2021-05-28 00:00:00+05:30,905.6000837706033,912.4869241777787,896.7386375706394,899.96533203125,2156991
2021-05-31 00:00:00+05:30,899.9654591690719,916.0027548917813,889.9963675289231,914.4134521484375,3183414
2021-06-01 00:00:00+05:30,916.9659236880311,922.7451206860649,908.8268761579938,911.6201782226562,2904962
2021-06-02 00:00:00+05:30,911.6201933512991,925.1531347884722,911.6201933512991,919.5665893554688,2449102
2021-06-03 00:00:00+05:30,919.8555396170783,924.382589109126,911.1867439557656,913.3539428710938,2258695
2021-06-04 00:00:00+05:30,913.113178292174,916.4843767352357,902.0363834078279,911.5720825195312,3057699
2021-06-07 00:00:00+05:30,916.7250890929498,916.7250890929498,903.0476449578181,905.21484375,2028426
2021-06-08 00:00:00+05:30,905.2149051127903,919.8555497035754,897.5574571035245,918.6515502929688,2278534
2021-06-09 00:00:00+05:30,919.6628625055093,939.1195039869425,915.2321683612861,923.3712158203125,5498857
2021-06-10 00:00:00+05:30,925.5865449760109,939.1194858085746,924.6714937192119,938.3489379882812,4754350
2021-06-11 00:00:00+05:30,939.1195663511476,946.1509113465337,929.9691705764441,932.232666015625,3480545
2021-06-14 00:00:00+05:30,936.9041229692788,942.9722677866064,921.7818797464579,940.2271728515625,2377279
2021-06-15 00:00:00+05:30,939.1195331065522,942.8278277473083,931.5584403812563,934.0145874023438,1289684
2021-06-16 00:00:00+05:30,933.340331776073,935.4112342527993,918.6996873629555,921.5411376953125,1684500
2021-06-17 00:00:00+05:30,919.8554748236002,924.4306722114662,908.7786811477139,915.9545288085938,2429291
2021-06-18 00:00:00+05:30,915.9545446613376,932.0399875138269,910.5605923741336,925.5383911132812,4978288
2021-06-21 00:00:00+05:30,922.7451375612815,927.2721870503386,915.5211411816264,924.8160400390625,1625660
2021-06-22 00:00:00+05:30,921.0114104829936,925.538460071807,914.2208654942908,920.6742553710938,2344400
2021-06-23 00:00:00+05:30,920.8187343484893,930.4507294776575,919.0849869830456,922.5043334960938,1807471
2021-06-24 00:00:00+05:30,922.5524129405777,923.4193159531911,909.260272411019,915.9063720703125,1769651
2021-06-25 00:00:00+05:30,916.0027413209995,925.6347364978765,914.0281940675463,921.8782348632812,2134441
2021-06-28 00:00:00+05:30,926.5979661961373,935.6038584642384,921.8782648901272,927.6093139648438,1759671
2021-06-29 00:00:00+05:30,928.5243428471169,952.6043309914924,924.7196929624989,943.5502319335938,4300755
2021-06-30 00:00:00+05:30,955.6865438067575,960.309889591619,933.4848073648778,936.1336059570312,7195632
2021-07-01 00:00:00+05:30,941.2385634380049,943.9355102810014,931.6065684351375,942.1054077148438,2291137
2021-07-02 00:00:00+05:30,945.7174214718715,949.5220713186943,939.2158247374767,943.1649780273438,1421148
2021-07-05 00:00:00+05:30,943.2611992768645,947.6437449684694,937.2893509945874,938.8305053710938,1286458
2021-07-06 00:00:00+05:30,939.1195462778253,939.1195462778253,929.2467510477251,933.4366455078125,1157576
2021-07-07 00:00:00+05:30,932.3771838548734,933.2922352042738,925.6347868641874,929.6802368164062,1740439
2021-07-08 00:00:00+05:30,929.9690768164002,932.3770754617042,910.0308362754773,915.6655883789062,1662518
2021-07-09 00:00:00+05:30,916.9659373840846,930.0654272596727,914.9913901380704,924.4788818359375,1301555
2021-07-12 00:00:00+05:30,924.6714809735764,932.3289284331947,920.6741797016725,924.5269775390625,1122802
2021-07-13 00:00:00+05:30,926.7905973324879,934.1590384461455,920.8668967213804,930.1136474609375,1317621
2021-07-14 00:00:00+05:30,925.7309704064199,942.3943679681304,925.7309704064199,941.1903686523438,1729994
2021-07-15 00:00:00+05:30,942.9722968339829,944.8986958060647,936.2780486481929,937.77099609375,979315
2021-07-16 00:00:00+05:30,937.7709635642864,953.4711616733674,937.7709635642864,941.1903686523438,2087320
2021-07-19 00:00:00+05:30,936.3262084733764,947.4030027001775,935.5075124157038,938.1563110351562,854347
2021-07-20 00:00:00+05:30,936.2299497136527,938.2526452251982,917.5920621933002,920.0000610351562,1520300
2021-07-22 00:00:00+05:30,922.8414262489014,923.660181105141,911.8128388997875,914.9432373046875,1783069
2021-07-23 00:00:00+05:30,916.9658960269976,922.4561447673183,912.1017504581899,913.1130981445312,1056183
2021-07-26 00:00:00+05:30,913.1130670585383,924.6714603124437,912.1498676207127,915.5692138671875,1306026
2021-07-27 00:00:00+05:30,917.4475201918688,923.2267171694554,875.548342104366,879.4974365234375,3366104
2021-07-28 00:00:00+05:30,887.684684966249,887.684684966249,854.0209076035525,857.1513061523438,5094903
2021-07-29 00:00:00+05:30,861.437434619909,866.8313870013491,839.9099496776147,850.6014404296875,4929314
2021-07-30 00:00:00+05:30,852.5278175447395,895.6792003340737,845.4483250375363,886.191650390625,6280365
2021-08-02 00:00:00+05:30,894.1381037551296,899.2430494595857,879.7864661629427,887.1549072265625,2981630
2021-08-03 00:00:00+05:30,890.9595503593456,895.342096389793,884.6987535189826,893.99365234375,2014511
2021-08-04 00:00:00+05:30,893.9936403095462,907.8155296323679,892.8859373678567,905.0704345703125,2517694
2021-08-05 00:00:00+05:30,909.4529745323016,917.9291183267252,897.7019289407218,910.6088256835938,4022548
2021-08-06 00:00:00+05:30,904.4443720434735,904.4443720434735,875.548385716206,877.7637329101562,9727673
2021-08-09 00:00:00+05:30,883.3811040908358,891.032384077721,869.1440035055077,889.7249145507812,3310964
2021-08-10 00:00:00+05:30,891.0323181361631,894.7126571927479,876.5046172969865,883.8652954101562,2552532
2021-08-11 00:00:00+05:30,884.155917494283,885.2212586021772,862.9938639732455,881.201904296875,2174054
2021-08-12 00:00:00+05:30,883.2842175947509,887.3519856826632,875.2455682265949,876.795166015625,2127392
2021-08-13 00:00:00+05:30,877.4731968731767,882.2673503343963,864.2529644669909,866.2384643554688,2919925
2021-08-16 00:00:00+05:30,867.7880224458204,872.7274172318056,858.1513021149594,860.2820434570312,1954152
2021-08-17 00:00:00+05:30,862.9454782979595,877.7637221632305,861.8801371552851,876.1657104492188,3767678
2021-08-18 00:00:00+05:30,871.8557928195147,882.0251837331637,871.6620783127715,880.2333984375,2323095
2021-08-20 00:00:00+05:30,880.2818234387917,880.4270649759098,859.0713570434442,862.8001098632812,2354874
2021-08-23 00:00:00+05:30,869.7250698199811,879.410204227776,860.6694927940406,870.0640258789062,2081206
2021-08-24 00:00:00+05:30,874.5676026609772,890.5964876534081,869.3860796017433,888.75634765625,2588128
2021-08-25 00:00:00+05:30,888.1267779683277,894.5189426922191,877.4247168394742,883.8652954101562,1697757
2021-08-26 00:00:00+05:30,883.8653178223459,887.8846721351167,877.7636951378461,882.6062622070312,1522032
2021-08-27 00:00:00+05:30,885.0275493251177,896.3107542873522,878.9259266159122,894.8095703125,1878603
2021-08-30 00:00:00+05:30,894.9064255385143,907.0128436329206,891.4682146223769,905.26953125,2016968
2021-08-31 00:00:00+05:30,905.5600107671221,919.7971692831392,901.0079860561009,917.9569702148438,2463088
2021-09-01 00:00:00+05:30,919.1192525860164,924.8335055150916,891.0323628863383,893.7926025390625,4434153
2021-09-02 00:00:00+05:30,897.8119800271118,929.7729242999216,894.3253552063352,925.1724853515625,3688123
2021-09-03 00:00:00+05:30,925.9956578529515,932.6784241008907,901.3470385877084,911.4679565429688,3110583
2021-09-06 00:00:00+05:30,916.0684251553613,927.8358872454189,912.9692293988909,920.281494140625,1699875
2021-09-07 00:00:00+05:30,920.2814792760701,927.1579010305531,914.3250979956579,920.572021484375,1113880
2021-09-08 00:00:00+05:30,918.1506547492284,923.1385221413656,910.4025479580956,921.8309936523438,1600457
2021-09-09 00:00:00+05:30,921.2015142038636,922.1215546133564,896.8433793378409,919.4097290039062,3769007
2021-09-13 00:00:00+05:30,916.2136631798272,923.8649425747725,912.8722801753671,920.5235595703125,865538
2021-09-14 00:00:00+05:30,924.7365614102274,928.1747720791514,919.7002800223981,923.1385498046875,1373821
2021-09-15 00:00:00+05:30,924.93026479695,926.4798625376515,918.4412134202043,922.94482421875,2509424
2021-09-16 00:00:00+05:30,924.4460486965859,934.42172498452,920.281452861433,923.9617919921875,3574908
2021-09-17 00:00:00+05:30,929.772859395227,932.1941428832354,918.1991124998735,924.0101928710938,2006356
2021-09-20 00:00:00+05:30,922.9932509338099,922.9932509338099,900.5237287001563,908.5623779296875,2308294
2021-09-21 00:00:00+05:30,905.559997094111,928.8043178751363,903.622970362359,925.99560546875,2438464
2021-09-22 00:00:00+05:30,922.2668829671942,943.5741777167644,921.6857985739161,933.1626586914062,2267730
2021-09-23 00:00:00+05:30,935.0512728124377,939.457996954862,929.2886062661753,937.6177978515625,1297533
2021-09-24 00:00:00+05:30,939.07062181663,952.436154779124,930.2087591761773,937.1820678710938,1803409
2021-09-27 00:00:00+05:30,934.6154474545132,939.5064283879487,922.315315235288,932.3878784179688,1217035
2021-09-28 00:00:00+05:30,930.2571229473078,946.2375940859133,920.8625311219391,940.426513671875,1542732
2021-09-29 00:00:00+05:30,939.9422291354749,973.3559405266897,934.7607062317485,956.5037841796875,4052980
2021-09-30 00:00:00+05:30,956.8912563933947,968.2712890478707,945.6080514353116,952.5813598632812,2312926
2021-10-01 00:00:00+05:30,949.1430935243384,960.6684261624796,942.4603276898927,955.1478881835938,1948517
2021-10-04 00:00:00+05:30,954.9542567160983,965.5594907609235,924.8335122236462,927.3516235351562,4097873
2021-10-05 00:00:00+05:30,931.5161344728285,931.6130212764983,899.2162376784205,905.1241455078125,4986700
2021-10-06 00:00:00+05:30,906.0927216495749,908.9982619204495,882.4610295811489,884.6885986328125,2615582
2021-10-07 00:00:00+05:30,891.0323659900018,893.2115212329122,869.7250702815453,887.2067260742188,7008049
2021-10-08 00:00:00+05:30,893.9378856292584,900.1848090037291,882.9452819702805,888.2236328125,2075219
2021-10-11 00:00:00+05:30,893.7440988508482,894.0831139880639,881.3471399142869,884.9790649414062,1449593
2021-10-12 00:00:00+05:30,884.7369936212782,895.5843555573159,879.2648692491003,887.10986328125,1164581
2021-10-13 00:00:00+05:30,892.6304074438972,895.3422331676197,883.332643245376,884.7369995117188,1821818
2021-10-14 00:00:00+05:30,888.5626302915565,891.5165843376826,881.2503659472015,882.6546630859375,913675
2021-10-18 00:00:00+05:30,882.6546231713038,887.0614062309265,871.1777635503113,875.2939453125,1913667
2021-10-19 00:00:00+05:30,877.4731556111561,888.4173453982023,874.8097437149854,877.6668701171875,1360282
2021-10-20 00:00:00+05:30,876.5046570382177,883.9622222964653,871.6620898722607,877.3763427734375,1941581
2021-10-21 00:00:00+05:30,885.657101211341,888.9984843046044,873.211668402138,882.848388671875,2723509
2021-10-22 00:00:00+05:30,882.8484305398043,886.1898137915284,861.3474199562867,868.1270141601562,1360319
2021-10-25 00:00:00+05:30,867.6911888798402,884.2527445686933,861.9769361074885,873.4537963867188,1901039
2021-10-26 00:00:00+05:30,880.2818457145829,885.3665410230475,871.6620528796487,878.9259033203125,1405411
2021-10-27 00:00:00+05:30,888.0784363911606,897.7151572213668,874.0349911038024,893.4536743164062,5111161
2021-10-28 00:00:00+05:30,893.3567729598088,899.3130948294778,858.3934041762514,863.6718139648438,2224983
2021-10-29 00:00:00+05:30,864.882464920717,888.1267864863354,857.3764860818194,876.5530395507812,2783659
2021-11-01 00:00:00+05:30,888.1267672505456,889.6279511631379,873.7927810848784,880.6207885742188,986133
2021-11-02 00:00:00+05:30,881.347243277046,884.1074829760272,872.1463654626152,874.955078125,1038025
2021-11-03 00:00:00+05:30,880.9113912147923,885.8992590970076,875.245611212436,883.913818359375,1275433
2021-11-04 00:00:00+05:30,883.9137593969683,885.4633571587361,880.2333612643802,882.025146484375,96347
2021-11-08 00:00:00+05:30,889.0469071392658,889.0469071392658,870.4030237743283,884.9307250976562,860650
2021-11-09 00:00:00+05:30,884.2527020983702,895.8748624764429,881.008205971504,885.3665161132812,843911
2021-11-10 00:00:00+05:30,881.3472230425723,895.3906678053385,881.3472230425723,883.7200927734375,1597922
2021-11-11 00:00:00+05:30,883.7200400307756,883.7200400307756,867.7879832039672,876.4077758789062,1180372
2021-11-12 00:00:00+05:30,882.1219956105616,888.1267905317045,876.5046296959571,887.10986328125,936613
2021-11-15 00:00:00+05:30,886.189731728977,910.2572652786749,881.443992580383,908.61083984375,2615304
2021-11-16 00:00:00+05:30,913.4534444647218,914.1798295207727,890.0638220145316,892.7272338867188,1925000
2021-11-17 00:00:00+05:30,892.7272100073254,892.7272100073254,872.6305573274751,876.8435668945312,1996857
2021-11-18 00:00:00+05:30,876.7951415768101,878.4416261276165,862.9454122157732,864.2044677734375,1009418
2021-11-22 00:00:00+05:30,864.8825142802767,880.3787295417374,855.1973797418638,867.2069702148438,1443344
2021-11-23 00:00:00+05:30,863.6234755578303,889.628038658348,861.9769908313209,881.9283447265625,1820473
2021-11-24 00:00:00+05:30,882.3156964767389,886.5771790293275,863.284384757004,865.3182983398438,1392190
2021-11-25 00:00:00+05:30,865.8509808996146,874.0349309645718,856.1658468850775,871.6136474609375,1325422
2021-11-26 00:00:00+05:30,863.9139964338599,945.31753999265,862.60652692317,936.261962890625,14458893
2021-11-29 00:00:00+05:30,943.3320379543799,966.5763592181428,925.8987970065576,934.6154174804688,8303735
2021-11-30 00:00:00+05:30,934.615418499905,953.0171728537891,928.4169091774609,940.717041015625,4771579
2021-12-01 00:00:00+05:30,949.8695005231209,955.632166975529,892.8240386103142,898.9257202148438,3879683
2021-12-02 00:00:00+05:30,908.4172289044352,908.4172289044352,888.6111164481216,892.2430419921875,2749084
2021-12-03 00:00:00+05:30,900.7174690911017,900.7174690911017,879.7007163229692,883.3326416015625,2388529
2021-12-06 00:00:00+05:30,886.286566175017,886.9645373604639,864.3981875365251,866.7710571289062,1573419
2021-12-07 00:00:00+05:30,870.0155838488787,870.0155838488787,856.1658539170123,861.2505493164062,2471419
2021-12-08 00:00:00+05:30,866.8195093356701,873.599103263435,862.2674844472114,869.6766357421875,1663728
2021-12-09 00:00:00+05:30,871.6620285861515,873.5990553163429,862.0253087807761,866.335205078125,1645541
2021-12-10 00:00:00+05:30,866.8194914834145,872.6305718732474,862.9454378901925,865.754150390625,947538
2021-12-13 00:00:00+05:30,867.0131877332819,874.5675802583554,858.6355233689604,863.2359619140625,1785608
2021-12-14 00:00:00+05:30,865.3667801364501,879.2649247003442,862.9454964763032,867.400634765625,2651452
2021-12-15 00:00:00+05:30,867.9817542772138,873.4538197295988,863.6234438096335,867.4974975585938,1192775
2021-12-16 00:00:00+05:30,875.0518666850858,875.0518666850858,850.5969030616232,853.2603149414062,2280037
2021-12-17 00:00:00+05:30,854.2288145677193,856.6500980557231,823.2363859212714,833.115234375,2824703
2021-12-20 00:00:00+05:30,836.7955403499545,870.160837317368,833.986827969638,865.6572265625,8501360
2021-12-21 00:00:00+05:30,865.6572925316883,869.143976350208,854.2772597210329,858.8292846679688,2301316
2021-12-22 00:00:00+05:30,861.0084301506945,865.7056965910963,853.2119089444444,861.6864013671875,1271710
2021-12-23 00:00:00+05:30,863.9139291250171,883.7684532809172,863.1875440949233,881.1050415039062,1970110
2021-12-24 00:00:00+05:30,881.540943807952,884.1559419153547,873.4054072767811,879.7007446289062,1114033
2021-12-27 00:00:00+05:30,884.1559108002824,903.7683072455529,881.4924989373445,900.9595947265625,4596248
2021-12-28 00:00:00+05:30,902.6544576297446,906.8190532832604,893.9862511763997,903.9135131835938,1907169
2021-12-29 00:00:00+05:30,908.4655820886817,917.7632872152444,903.8651433734138,906.0927124023438,2687014
2021-12-30 00:00:00+05:30,907.4970733234182,924.9303148600474,906.6253876012397,922.7511596679688,1729705
2021-12-31 00:00:00+05:30,924.9302937898003,927.1094489322371,912.3396196334994,914.3734741210938,2039044
2022-01-03 00:00:00+05:30,917.2306061830454,918.0538780433413,896.6496963761487,901.2017211914062,2013140
2022-01-04 00:00:00+05:30,907.9328870748044,907.9328870748044,891.2744449845578,895.1484985351562,1238138
2022-01-05 00:00:00+05:30,897.3276696940709,902.4607789176778,890.063819156882,899.3131103515625,1407995
2022-01-06 00:00:00+05:30,899.3131728070847,906.4801961468602,890.3544231890509,892.9694213867188,1384402
2022-01-07 00:00:00+05:30,897.2308365809165,897.472964930694,884.5916894318367,885.9476318359375,1546099
2022-01-10 00:00:00+05:30,885.9476334920855,888.9500013895926,880.0397253918168,887.3519897460938,1637506
2022-01-11 00:00:00+05:30,888.611047233194,892.7272291958545,884.2527369197887,887.10986328125,1578147
2022-01-12 00:00:00+05:30,889.4827456246912,889.4827456246912,872.8243030332408,877.6668701171875,2090537
2022-01-13 00:00:00+05:30,883.2841985952766,899.8942266330668,880.0881162782956,894.9547729492188,2739659
2022-01-14 00:00:00+05:30,896.8918316152292,903.6230116382087,887.4488258665984,892.485107421875,2321761
2022-01-17 00:00:00+05:30,886.7708303579852,891.2260273904601,880.3786656717217,881.5408935546875,1058857
2022-01-18 00:00:00+05:30,881.5409057889509,885.8023292678126,870.160873373983,873.744384765625,1830577
2022-01-19 00:00:00+05:30,871.7105203992401,873.2117044267344,857.23123247333,867.4490966796875,1413292
2022-01-20 00:00:00+05:30,866.8194668085921,871.5652059705437,852.3401800934181,854.5677490234375,1614683
2022-01-21 00:00:00+05:30,852.2917323521364,852.2917323521364,832.9214657077697,840.1369018554688,1669132
2022-01-24 00:00:00+05:30,844.0593906774184,866.8194545683184,840.136923404,864.0107421875,4992078
2022-01-25 00:00:00+05:30,863.3328998558236,880.3787126714413,853.3571641817227,877.1342163085938,2322693
2022-01-27 00:00:00+05:30,872.6305726000569,902.1702312729778,859.0713850124866,898.3930053710938,7859401
2022-01-28 00:00:00+05:30,897.3761289700622,912.3396736568533,888.5626801841179,902.8966674804688,2428175
2022-01-31 00:00:00+05:30,909.4340977260044,920.0877453031994,901.3470343468445,915.2451782226562,2008278
2022-02-01 00:00:00+05:30,918.150794237363,928.8044426937038,909.2404582512036,916.6011962890625,2033319
2022-02-02 00:00:00+05:30,915.7293713769994,928.3200449125901,915.0029863653307,921.8309936523438,1735750
2022-02-03 00:00:00+05:30,922.9932880226442,926.8673416974507,914.8093378119419,922.7511596679688,1116446
2022-02-04 00:00:00+05:30,921.2984147632183,927.5937521571326,910.4026385045206,916.310546875,1428601
2022-02-07 00:00:00+05:30,916.4073592575058,917.1821581280774,897.8603046426218,903.9135131835938,949273
2022-02-08 00:00:00+05:30,903.9135243465723,921.0562229689835,901.7827830911634,918.1990966796875,1812035
2022-02-09 00:00:00+05:30,924.7365449989932,941.8792433065252,920.3298210303603,937.7630615234375,2513281
2022-02-10 00:00:00+05:30,938.4894439944767,946.5765068892279,932.6783638459041,944.3489379882812,2044733
2022-02-11 00:00:00+05:30,926.383041612668,945.3174662390568,922.9932448059305,928.320068359375,1292417
2022-02-14 00:00:00+05:30,917.182216366779,932.581603518179,909.2888082827947,924.83349609375,2346622
2022-02-15 00:00:00+05:30,887.6909265535672,909.2403492570437,883.5747446888582,892.8240356445312,8304774
2022-02-16 00:00:00+05:30,908.465526680887,910.6446817288956,891.1291139869403,903.7197875976562,2480569
2022-02-17 00:00:00+05:30,905.3662856849793,925.4145242496381,896.5528376708048,898.97412109375,2843010
2022-02-18 00:00:00+05:30,898.2961331733301,900.5721159031408,874.6159699155221,880.4754638671875,3643338
2022-02-21 00:00:00+05:30,874.6644226243408,884.9307000705011,867.7880011711216,878.6837768554688,1860041
2022-02-22 00:00:00+05:30,865.0761548018327,889.0952745800141,862.7032852202043,884.64013671875,1884736
2022-02-23 00:00:00+05:30,886.4319125965111,892.291406997502,881.5893454695157,886.0929565429688,1399309
2022-02-24 00:00:00+05:30,871.4683529495345,880.1365597763325,860.1852072110687,867.5942993164062,2003438
2022-02-25 00:00:00+05:30,874.5676180833489,897.5213979553861,862.8970431973797,894.5674438476562,2825642
2022-02-28 00:00:00+05:30,891.0807726762108,900.6690793132859,882.3157379256386,895.92333984375,1534018
2022-03-02 00:00:00+05:30,882.4125075317777,901.976489423354,882.4125075317777,894.03466796875,3276260
2022-03-03 00:00:00+05:30,895.8748895537245,915.2451574359673,890.5964797331402,905.4631958007812,2622469
2022-03-04 00:00:00+05:30,899.7489583811946,911.3711193075394,891.2744660390681,901.8796997070312,2453781
2022-03-07 00:00:00+05:30,892.8725353351857,916.2136848449805,888.1752098338693,911.5164184570312,2604231
2022-03-08 00:00:00+05:30,908.4656288434192,946.2376539232629,905.9475174834445,939.022216796875,5826939
2022-03-09 00:00:00+05:30,939.0221869509023,956.4554287413457,929.8213093392794,950.6443481445312,3501351
2022-03-10 00:00:00+05:30,951.1285634180833,961.6369691741354,944.3005558370121,955.9711303710938,4146797
2022-03-11 00:00:00+05:30,953.2593254233669,1020.571007533526,950.4506128842148,1011.0795288085938,11106725
2022-03-14 00:00:00+05:30,1012.0966159174376,1024.687291522152,1004.1063794759841,1015.6317138671875,5590771
2022-03-15 00:00:00+05:30,1012.0964953746892,1048.900004297405,1012.0964953746892,1034.4207763671875,7945333
2022-03-16 00:00:00+05:30,1043.089080338171,1044.0575938760896,1016.1160019524923,1022.556640625,3379138
2022-03-17 00:00:00+05:30,1022.7501788268955,1032.8227421122047,1012.774443238931,1015.486328125,3712730
2022-03-21 00:00:00+05:30,1034.1785357550846,1037.2777309846122,1016.0672663415436,1017.2295532226562,2039889
2022-03-22 00:00:00+05:30,1012.0964421101686,1016.2126238125305,991.757661933792,1000.0868530273438,2269544
2022-03-23 00:00:00+05:30,1011.9996674760788,1011.9996674760788,979.4091681728663,982.5084228515625,2781735
2022-03-24 00:00:00+05:30,982.0725798759794,1007.3507557718193,970.2082908192923,996.6002807617188,3344649
2022-03-25 00:00:00+05:30,1000.7649924548083,1000.7649924548083,974.324528050999,981.58837890625,1680031
2022-03-28 00:00:00+05:30,989.8207517855978,1011.3701761762335,977.1332491605043,985.0750122070312,3847112
2022-03-29 00:00:00+05:30,988.0773970115379,1008.2224642046734,988.0773970115379,1006.14013671875,3194089
2022-03-30 00:00:00+05:30,1010.1594794521588,1021.5879848996457,992.9198935859635,996.5518188476562,3083750
2022-03-31 00:00:00+05:30,997.5687413663925,1002.4113080720547,981.6850989264756,985.9949951171875,1976418
2022-04-01 00:00:00+05:30,990.7892824704815,993.5979951863718,974.3245534362701,982.8958740234375,1285646
2022-04-04 00:00:00+05:30,985.9466922842491,997.2298976242056,971.8548334067897,995.4381713867188,1665075
2022-04-05 00:00:00+05:30,1002.4113696582887,1003.3798830589246,984.9781284468401,989.2880249023438,1596381
2022-04-06 00:00:00+05:30,982.0725798759794,1001.297547069428,982.0725798759794,996.6002807617188,1487844
2022-04-07 00:00:00+05:30,1003.3798881997437,1029.1907941042828,999.796435889724,1004.0578002929688,3496357
2022-04-08 00:00:00+05:30,1005.7526684208651,1005.7526684208651,973.3559432713324,979.7481079101562,3001682
2022-04-11 00:00:00+05:30,980.1355791096569,995.9223951152596,979.7481500970728,993.2105102539062,2094493
2022-04-12 00:00:00+05:30,989.3364434278224,999.2152328703287,981.1040794834889,994.9053955078125,2746930
2022-04-13 00:00:00+05:30,998.5373148397085,1001.2491996488802,980.3292747525986,984.5906982421875,1890795
2022-04-18 00:00:00+05:30,984.5907350789361,1002.4114059410127,978.2953977469393,995.4865112304688,2092141
2022-04-19 00:00:00+05:30,1002.1207178789374,1006.1885448927862,949.4820408506873,968.8038940429688,1813890
2022-04-20 00:00:00+05:30,970.353584566249,983.0410862708017,958.876665480191,980.1839599609375,1796999
2022-04-21 00:00:00+05:30,984.058054781227,987.883694637054,965.3173436312537,967.1090698242188,1526774
2022-04-22 00:00:00+05:30,966.5763436823374,967.1090142133972,928.8043222358333,936.5524291992188,2455188
2022-04-25 00:00:00+05:30,926.964130356758,932.6783829318006,916.5041976979529,923.1385498046875,1309361
2022-04-26 00:00:00+05:30,927.9811100960532,949.7241879849452,926.9157099199032,947.593505859375,1806747
2022-04-27 00:00:00+05:30,934.809218002959,949.3853339807545,933.6469900101478,946.9640502929688,1033333
2022-04-28 00:00:00+05:30,956.8912381770047,959.4093493689659,947.157690340084,950.3053588867188,1840948
2022-04-29 00:00:00+05:30,950.4021865812686,963.5740042752069,945.753334088912,950.3053588867188,1972427
2022-05-02 00:00:00+05:30,948.1746756718211,958.5861953485035,941.2013669494155,945.8502197265625,1767117
2022-05-04 00:00:00+05:30,946.7218791931592,952.0487030658574,917.2306333843661,927.4000244140625,2086372
2022-05-05 00:00:00+05:30,929.724465099825,936.746187362713,914.2766642987979,918.5381469726562,2161283
2022-05-06 00:00:00+05:30,908.2718862789451,916.5526643142036,896.2623551693805,905.3179321289062,1828238
2022-05-09 00:00:00+05:30,905.3178927981182,912.3396148872183,892.969347055218,908.756103515625,2047297
2022-05-10 00:00:00+05:30,900.7174614384223,910.0151664272787,889.627971192663,896.9887084960938,1662201
2022-05-11 00:00:00+05:30,883.2842060202174,912.9206919189705,875.7782272958132,908.078125,5296875
2022-05-12 00:00:00+05:30,905.5601061889085,907.4971331540185,886.6740932790864,891.7587890625,2242769
2022-05-13 00:00:00+05:30,895.0031562889907,910.499369771243,893.1630164059911,905.1725463867188,1734146
2022-05-16 00:00:00+05:30,896.8918280079765,915.2451688785317,896.8918280079765,904.0104370117188,1456551
2022-05-17 00:00:00+05:30,905.5600359495769,911.4195302418713,887.3519957125155,908.465576171875,2301253
2022-05-18 00:00:00+05:30,916.0199825195695,930.9351128606986,911.7100859698679,926.9641723632812,2580102
2022-05-19 00:00:00+05:30,910.4026029867404,923.9133768431,904.9789515504641,908.465576171875,1198917
2022-05-20 00:00:00+05:30,920.0877024768271,951.6612147270016,909.4340553955165,947.593505859375,2594816
2022-05-23 00:00:00+05:30,947.9809009129394,956.6006937893311,936.0197841084649,939.5064086914062,1220231
2022-05-24 00:00:00+05:30,946.2375625462528,946.9155337279661,931.4677336528748,939.8453979492188,1622192
2022-05-25 00:00:00+05:30,941.7824855380182,954.8574168785685,938.9253590890762,941.249755859375,1950710
2022-05-26 00:00:00+05:30,941.4918295991924,946.5765248255415,930.0149697336366,934.1795654296875,1630614
2022-05-27 00:00:00+05:30,939.5548991668251,947.0124647526719,929.7729367072329,935.9229736328125,1249374
2022-05-30 00:00:00+05:30,937.9084528491737,960.7653467267608,937.5210238220811,955.7290649414062,2171285
2022-05-31 00:00:00+05:30,957.7628964387878,973.2591103782105,947.8840482297329,961.6853637695312,4874664
2022-06-01 00:00:00+05:30,963.1865936065091,967.2059479340754,949.4821051049205,952.5813598632812,1285579
2022-06-02 00:00:00+05:30,946.7218869132485,975.1477327112807,946.7218869132485,956.0195922851562,2639988
2022-06-03 00:00:00+05:30,958.8766474719691,967.3027255901458,927.0125931558421,930.6929321289062,1057504
2022-06-06 00:00:00+05:30,930.692975992682,948.8526024854107,930.257133134183,945.3175048828125,1412548
2022-06-07 00:00:00+05:30,940.9591710365843,948.804164953639,931.7098799965064,942.1213989257812,1759986
2022-06-08 00:00:00+05:30,941.3950394666962,945.3175069751339,926.7705105441964,932.6300048828125,1874689
2022-06-09 00:00:00+05:30,932.5815841333242,943.6226015156133,924.9303045653944,941.3466186523438,1405851
2022-06-10 00:00:00+05:30,929.7729458068032,941.0076785899533,929.7729458068032,936.3588256835938,776457
2022-06-13 00:00:00+05:30,924.9302386862971,953.7435105197184,917.956930823267,924.6881103515625,3016612
2022-06-14 00:00:00+05:30,924.9302983206317,940.2327982398075,920.8625302121503,934.3248901367188,1570434
2022-06-15 00:00:00+05:30,934.6154372452683,944.2037436146857,933.6469238387964,938.2957763671875,1112618
2022-06-16 00:00:00+05:30,945.2690756185327,946.9639740635454,898.5867180532229,911.3226928710938,1898194
2022-06-17 00:00:00+05:30,902.8482024730815,914.8093193067443,882.1219920867794,885.9476318359375,2715476
2022-06-20 00:00:00+05:30,885.9476448742005,898.9257482586174,873.5990988538167,896.6981201171875,942685
2022-06-21 00:00:00+05:30,897.9087673361785,914.7125106280903,897.9087673361785,908.6593017578125,521963
2022-06-22 00:00:00+05:30,901.6859217080523,915.2451085006546,884.0589670549967,888.0299072265625,1698830
2022-06-23 00:00:00+05:30,888.1267443918084,907.787553628191,885.6086333202306,903.9619140625,615616
2022-06-24 00:00:00+05:30,903.6229931595783,913.7923837578372,900.7174529886472,904.3009643554688,722838
2022-06-27 00:00:00+05:30,906.5285668891257,916.6011301665744,901.2501568938604,902.9934692382812,846797
2022-06-28 00:00:00+05:30,905.5600184003144,917.9569779525333,892.8240436940439,915.3419799804688,931109
2022-06-29 00:00:00+05:30,907.5455501941052,931.6131457881803,893.8411198358251,917.8118286132812,2455089
2022-06-30 00:00:00+05:30,914.2766427071074,914.2766427071074,882.7031297504924,888.3204956054688,2433648
2022-07-01 00:00:00+05:30,882.5093933050063,925.94719424206,882.5093933050063,919.4097290039062,1793834
2022-07-04 00:00:00+05:30,914.8576989855701,920.0876947907792,899.2646574876195,901.3469848632812,1004832
2022-07-05 00:00:00+05:30,905.560004706231,919.7487492809314,900.9595661796485,907.8844604492188,1532205
2022-07-06 00:00:00+05:30,910.4025816012821,920.0877154481043,903.7682885615553,915.8262329101562,1390651
2022-07-07 00:00:00+05:30,920.4267142006131,920.4267142006131,903.9135720481476,905.8021850585938,1390277
2022-07-08 00:00:00+05:30,912.5817902238443,912.5817902238443,898.6351730213479,905.9959106445312,1072803
2022-07-11 00:00:00+05:30,908.4656131899579,920.0877745527292,897.8603791237553,917.7149047851562,1037956
2022-07-12 00:00:00+05:30,912.2428192009573,917.5211700796842,904.5915394935129,906.2864379882812,672406
2022-07-13 00:00:00+05:30,910.8384873336413,928.7075723374279,902.7998375084435,923.332275390625,1511059
2022-07-14 00:00:00+05:30,923.3807544013549,938.1505846342363,915.3905183737306,921.2015991210938,1713101
2022-07-15 00:00:00+05:30,932.678431121315,937.5209982610935,921.5405266998248,935.6323852539062,1046876
2022-07-18 00:00:00+05:30,941.0560733882274,944.6879986561077,929.8212824248978,936.8914184570312,846036
2022-07-19 00:00:00+05:30,928.029535174743,943.3320347995367,925.3177095257131,930.4024047851562,1162631
2022-07-20 00:00:00+05:30,935.2933865886065,952.0002424596973,928.6590344413423,950.5958862304688,1627220
2022-07-21 00:00:00+05:30,953.9857204833102,958.3440308814572,935.9229215211977,938.0052490234375,1681422
2022-07-22 00:00:00+05:30,942.8477636494667,945.7533037531631,937.036683442074,941.4918212890625,977238
2022-07-25 00:00:00+05:30,945.2690296561041,948.9493685636497,924.978663149727,929.5791015625,1024751
2022-07-26 00:00:00+05:30,929.7244583534952,931.7098990183348,914.7609143688328,925.6082763671875,988405
2022-07-27 00:00:00+05:30,926.7705832945966,945.5112957023492,921.8311290218797,943.3805541992188,904733
2022-07-28 00:00:00+05:30,946.237572205797,948.1261851193619,933.8406127651803,936.98828125,1043837
2022-07-29 00:00:00+05:30,943.0414886760867,952.9687508079008,922.9932499140425,946.625,2941566
2022-08-01 00:00:00+05:30,958.8283072618743,998.5373583706994,957.1818225883468,972.920166015625,4647912
2022-08-02 00:00:00+05:30,972.0485062057455,974.4213167661682,960.765301349988,972.5811767578125,1184696
2022-08-03 00:00:00+05:30,978.1985082774615,996.3581340499392,972.8716847175348,979.990234375,4052763
2022-08-04 00:00:00+05:30,985.7529835922973,1013.9367606270079,983.0411577384514,1011.6123046875,2865077
2022-08-05 00:00:00+05:30,1007.2539607934972,1013.0165683746501,999.5058534027779,1001.6365356445312,1561405
2022-08-08 00:00:00+05:30,1008.448980956194,1011.6606495864277,996.6730606471517,1001.9771728515625,767289
2022-08-10 00:00:00+05:30,1007.8165022515531,1018.2786015112309,1001.490581768957,1010.5414428710938,1293683
2022-08-11 00:00:00+05:30,1012.6339452444597,1020.9063032786528,1007.2812429870407,1010.5902099609375,838963
2022-08-12 00:00:00+05:30,1015.6508774731766,1015.6508774731766,994.9699828284758,999.6414794921875,1140717
2022-08-16 00:00:00+05:30,999.641481549651,1008.2544421650698,997.792342499747,1006.8433227539062,776409
2022-08-17 00:00:00+05:30,1011.9039904050295,1015.0182422539561,996.7703943865897,998.2789306640625,1102323
2022-08-18 00:00:00+05:30,1000.9552911841862,1006.356701724626,980.3716948342294,1004.55615234375,1201720
2022-08-19 00:00:00+05:30,1001.4905819546105,1008.8383106204874,992.7802047770747,1002.5123901367188,654004
2022-08-22 00:00:00+05:30,988.7900422235194,1002.2690953184149,988.3034329507716,995.1646118164062,993053
2022-08-23 00:00:00+05:30,983.1454497654836,1018.7652864616487,983.1454497654836,1012.7799682617188,1868332
2022-08-24 00:00:00+05:30,1013.1205700160662,1025.6264053573896,998.5709993600025,1009.5682983398438,1562062
2022-08-25 00:00:00+05:30,1015.9914608068824,1015.9914608068824,993.2181823087369,998.2789306640625,1112617
2022-08-26 00:00:00+05:30,1003.2910914790496,1007.9624695388205,991.2231569227159,993.4615478515625,1264070
2022-08-29 00:00:00+05:30,973.2185674791268,996.5758130986259,964.7515540619489,990.0552368164062,1305557
2022-08-30 00:00:00+05:30,991.223130659028,1014.2883636458243,988.887382290481,1010.6387939453125,1571042
2022-09-01 00:00:00+05:30,998.5222558164177,1016.2834947722165,992.0990369953615,995.6026000976562,1528731
2022-09-02 00:00:00+05:30,996.5758165916347,1003.5829427816067,984.9458427893866,988.4007568359375,1655229
2022-09-05 00:00:00+05:30,985.3837927905143,1002.8530184360914,984.8971835101239,998.181640625,1275368
2022-09-06 00:00:00+05:30,997.5489371960336,1014.0936512763582,997.4516391087191,1012.9744262695312,1369910
2022-09-07 00:00:00+05:30,1006.1620834699867,1033.4122058305281,1005.3348713728342,1023.3394165039062,2471263
2022-09-08 00:00:00+05:30,1030.1519162396912,1031.3684395229218,1016.040246154216,1027.767578125,1755391
2022-09-09 00:00:00+05:30,1031.6116994636657,1037.402302520405,1026.7456065416673,1029.957275390625,1092235
2022-09-12 00:00:00+05:30,1029.9571633340047,1039.8839442944352,1028.789229879135,1036.234375,936787
2022-09-13 00:00:00+05:30,1028.7407071531604,1034.5313099565635,1024.4585218089262,1030.5411376953125,1144685
2022-09-14 00:00:00+05:30,1012.1473250943499,1039.3974453853516,1012.1473250943499,1031.56298828125,998799
2022-09-15 00:00:00+05:30,1031.6116576493177,1034.48260483649,1000.9552734833239,1005.6267700195312,927244
2022-09-16 00:00:00+05:30,1010.6874959641343,1031.6116954472627,1006.3080123513865,1015.5535888671875,2850439
2022-09-19 00:00:00+05:30,1015.9914132593402,1015.9914132593402,987.8167849911124,1008.54638671875,2073673
2022-09-20 00:00:00+05:30,1013.6071991977758,1068.1561507172903,1011.6607619453557,1063.0467529296875,2491392
2022-09-21 00:00:00+05:30,1070.54039946779,1072.3408300157673,1035.7478364850867,1041.733154296875,2283817
2022-09-22 00:00:00+05:30,1032.730901507706,1043.0957029600615,1022.8527093366716,1033.4608154296875,1634304
2022-09-23 00:00:00+05:30,1038.6675389362706,1063.7279175988228,1034.7746645809227,1039.4947509765625,3268298
2022-09-26 00:00:00+05:30,1037.1590632844388,1052.2439522939871,1022.7067901548667,1037.1104736328125,1219450
2022-09-27 00:00:00+05:30,1042.2684513879587,1075.3092953825103,1040.3707225669543,1069.2752685546875,2343041
2022-09-28 00:00:00+05:30,1071.5137136755575,1087.7664173071435,1058.5212687004748,1067.766845703125,3450534
2022-09-29 00:00:00+05:30,1071.0757692023085,1091.610657738202,1058.9591264483506,1085.9659423828125,2093772
2022-09-30 00:00:00+05:30,1089.7615849379274,1097.790638812219,1075.455318282359,1085.090087890625,1834565
2022-10-03 00:00:00+05:30,1086.8905671561895,1114.2379857327937,1085.1387261764523,1100.4669189453125,2601710
2022-10-04 00:00:00+05:30,1108.3499138369145,1116.7682779933355,1102.6566091210884,1113.99462890625,1911413
2022-10-06 00:00:00+05:30,1119.5906563522888,1119.5906563522888,1093.8976625812645,1104.0677490234375,1561938
2022-10-07 00:00:00+05:30,1104.6031165344427,1116.476335993492,1098.8125133558692,1100.2236328125,1182984
2022-10-10 00:00:00+05:30,1080.2726591624635,1101.1968593174122,1080.2726591624635,1088.8856201171875,1583891
2022-10-11 00:00:00+05:30,1091.7567245555526,1096.9634205512043,1074.238788928318,1080.3699951171875,1538943
2022-10-12 00:00:00+05:30,1081.8297002327856,1088.107031067016,1069.761766633135,1078.7640380859375,1231143
2022-10-13 00:00:00+05:30,1078.7155619673483,1097.6446169533385,1071.6110183905087,1074.0927734375,1438932
2022-10-14 00:00:00+05:30,1085.2360563440586,1090.0048513288425,1075.7958832770973,1079.2021484375,1131139
2022-10-17 00:00:00+05:30,1078.326161424945,1083.240962659458,1069.372598218749,1078.47216796875,1076392
2022-10-18 00:00:00+05:30,1083.8736113026478,1099.9317197435037,1080.5647627860262,1095.6982421875,960283
2022-10-19 00:00:00+05:30,1101.196747750947,1114.3351976799242,1089.1288144263356,1091.951171875,1300144
2022-10-20 00:00:00+05:30,1091.9512972976804,1111.4156697985304,1087.085204172468,1106.35498046875,1633570
2022-10-21 00:00:00+05:30,1106.355009034542,1117.2550103960125,1102.1701213183658,1104.35986328125,1349759
2022-10-24 00:00:00+05:30,1114.9192165279846,1119.2014021747864,1110.9777524357683,1116.1844482421875,129688
2022-10-25 00:00:00+05:30,1116.2816904145288,1133.6536179829059,1116.1843923185652,1124.943359375,2210622
2022-10-27 00:00:00+05:30,1138.6171234710703,1148.4953166279015,1125.3327838061691,1134.6756591796875,2359658
2022-10-28 00:00:00+05:30,1137.6925492302025,1140.4176088446068,1120.1746143404305,1124.2620849609375,1087865
2022-10-31 00:00:00+05:30,1129.906753403439,1146.3054624553201,1128.00902472307,1136.1353759765625,1554670
2022-11-01 00:00:00+05:30,1136.2327179327986,1153.5073481197853,1132.437141624452,1141.9747314453125,1491658
2022-11-02 00:00:00+05:30,1142.1206861800974,1146.840772425843,1125.2352491591237,1128.20361328125,1479828
2022-11-03 00:00:00+05:30,1121.3424547268557,1144.5051055743975,1120.2719379971682,1131.9505615234375,1992697
2022-11-04 00:00:00+05:30,1136.573265282285,1143.7751063468788,1110.4423708502777,1115.40576171875,1712836
2022-11-07 00:00:00+05:30,1115.4057899232914,1121.147803301112,1086.5985437375793,1100.6129150390625,2006468
2022-11-09 00:00:00+05:30,1110.5396859147772,1124.0187393423582,1094.8708907057844,1099.153076171875,2068940
2022-11-10 00:00:00+05:30,1099.7370218586664,1121.147831133791,1089.0316172211042,1092.2432861328125,2028565
2022-11-11 00:00:00+05:30,1099.7370883760088,1113.2161430883607,1086.7446429947968,1091.367431640625,1513809
2022-11-14 00:00:00+05:30,1094.3842733990255,1103.2405385564866,1088.2529489355786,1099.2503662109375,1501491
2022-11-15 00:00:00+05:30,1104.5543003485857,1104.5543003485857,1081.0997580189812,1088.7882080078125,1262746
2022-11-16 00:00:00+05:30,1090.929424823749,1106.0143142669313,1087.3285632513036,1091.1727294921875,1649021
2022-11-17 00:00:00+05:30,1094.870890608426,1102.1213214302393,1086.549824319364,1089.5181884765625,1270387
2022-11-18 00:00:00+05:30,1093.8977189439634,1096.8660832284418,1070.0051545195427,1072.876220703125,1486381
2022-11-21 00:00:00+05:30,1075.3578251115166,1078.5207855043434,1064.4578245089833,1074.8712158203125,1488424
2022-11-22 00:00:00+05:30,1077.7908982199076,1079.9806400844757,1067.8154075035425,1074.5306396484375,1302811
2022-11-23 00:00:00+05:30,1079.2020923452258,1094.4329866738956,1069.2266020368152,1078.326171875,2192276
2022-11-24 00:00:00+05:30,1083.727665195122,1087.7178378629612,1063.1440671779578,1066.0150146484375,2933085
2022-11-25 00:00:00+05:30,1063.7765537638738,1077.3529046351823,1049.6161767380704,1075.7470703125,1454838
2022-11-28 00:00:00+05:30,1070.5403978223565,1080.2725832571052,1064.7983846556365,1072.2435302734375,673339
2022-11-29 00:00:00+05:30,1076.379738342838,1095.6981031957341,1075.4065197729078,1091.1240234375,1899345
2022-11-30 00:00:00+05:30,1091.1239969327066,1118.2281096866511,1090.0047718442552,1109.1285400390625,2680903
2022-12-01 00:00:00+05:30,1114.3352284670264,1114.529824654619,1087.085109342942,1094.7735595703125,1360439
2022-12-02 00:00:00+05:30,1094.773607080179,1094.773607080179,1069.5672220363017,1084.506103515625,2586376
2022-12-05 00:00:00+05:30,1084.5061514917538,1092.4866155009706,1078.4722435345059,1085.4793701171875,1236554
2022-12-06 00:00:00+05:30,1085.1388274802987,1087.8638873029347,1073.8495145600077,1079.8834228515625,1180968
2022-12-07 00:00:00+05:30,1081.2459071161256,1092.5839280121725,1073.849469225507,1075.6986083984375,1031921
2022-12-08 00:00:00+05:30,1079.4940237091034,1083.1923019099181,1073.6061224591651,1077.839599609375,808315
2022-12-09 00:00:00+05:30,1085.138709950741,1085.9659219783769,1071.6109480126606,1078.2288818359375,994866
2022-12-12 00:00:00+05:30,1075.4066149908303,1080.2727082713318,1063.8252892230157,1067.42626953125,1544297
2022-12-13 00:00:00+05:30,1067.5721621050418,1082.7057597961177,1059.0564988257465,1080.1754150390625,1282727
2022-12-14 00:00:00+05:30,1084.1655002315902,1089.0315931410678,1076.5257581239298,1082.9002685546875,1013627
2022-12-15 00:00:00+05:30,1081.440518687244,1088.1557511469189,1069.9079014201425,1072.2923583984375,710477
2022-12-16 00:00:00+05:30,1066.9395973259436,1078.3262074108354,1057.012696338073,1060.224365234375,1309491
2022-12-19 00:00:00+05:30,1061.1488269544657,1071.027019041143,1055.4068137236948,1067.2801513671875,779326
2022-12-20 00:00:00+05:30,1066.647576644526,1068.010106433306,1059.2997287557782,1061.927490234375,795748
2022-12-21 00:00:00+05:30,1066.744831755282,1099.7369644489695,1056.5747454009474,1097.79052734375,3224730
2022-12-22 00:00:00+05:30,1104.603100996073,1116.6223268370002,1087.1338748047237,1092.38916015625,2070809
2022-12-23 00:00:00+05:30,1090.9780429418295,1116.2330179141115,1083.3868903946766,1089.1776123046875,2773210
2022-12-26 00:00:00+05:30,1096.817321471194,1104.6030699820808,1064.7011088637853,1067.1341552734375,1279529
2022-12-27 00:00:00+05:30,1064.7498647018047,1075.309262829449,1060.905579922798,1066.5015869140625,1209316
2022-12-28 00:00:00+05:30,1064.7010473672815,1073.6060204724813,1055.0661603813455,1056.720703125,872940
2022-12-29 00:00:00+05:30,1056.9154138245704,1068.5940371817478,1041.3439160150003,1058.4239501953125,1625961
2022-12-30 00:00:00+05:30,1065.625550946899,1065.67425939242,1044.750061605263,1047.1343994140625,1185711
2023-01-02 00:00:00+05:30,1051.3194132953663,1053.0225458788116,1035.3586041817148,1042.2684326171875,895053
2023-01-03 00:00:00+05:30,1041.392753737182,1052.0007428958718,1037.8404815982,1047.0860595703125,952230
2023-01-04 00:00:00+05:30,1050.054116651486,1052.9737723283163,1035.455838267336,1038.326904296875,1369415
2023-01-05 00:00:00+05:30,1046.2099486045108,1063.922478818587,1038.8135113327348,1059.202392578125,1605744
2023-01-06 00:00:00+05:30,1059.2024267700297,1063.8252150642536,1044.7501544946224,1047.5238037109375,824772
2023-01-09 00:00:00+05:30,1052.7791180561246,1067.571991815517,1048.059032065871,1058.326416015625,893437
2023-01-10 00:00:00+05:30,1057.4019431439983,1061.0515126670448,1046.0639233988488,1049.810791015625,594426
2023-01-11 00:00:00+05:30,1049.810899178201,1054.92029703689,1015.0670412595568,1019.5438232421875,2168577
2023-01-12 00:00:00+05:30,1024.604605356505,1035.6019044249592,1015.2130219618645,1032.73095703125,1188988
2023-01-13 00:00:00+05:30,1035.5046050032192,1041.9278240935832,1025.0425049056773,1039.1541748046875,1089004
2023-01-16 00:00:00+05:30,1041.8305186847879,1045.9179893133216,1022.8527558502682,1031.222412109375,825308
2023-01-17 00:00:00+05:30,1034.336811466184,1042.414454845618,1025.1398240966182,1040.468017578125,762941
2023-01-18 00:00:00+05:30,1040.2733564484188,1043.2903102645244,1030.9790715557547,1034.920654296875,1299797
2023-01-19 00:00:00+05:30,1035.0179657790427,1040.9545753909458,1030.200581300792,1036.331787109375,376954
2023-01-20 00:00:00+05:30,1038.4242197615674,1038.4242197615674,1022.31740482121,1025.237060546875,954230
2023-01-23 00:00:00+05:30,1025.188531608541,1035.7479300147857,1022.5607700191739,1034.093505859375,750581
2023-01-24 00:00:00+05:30,1036.4778730540033,1046.1127615496562,1026.794394906007,1033.7042236328125,712627
2023-01-25 00:00:00+05:30,1036.3805536072819,1039.6408122914104,992.6830129063783,1007.5245971679688,2226483
2023-01-27 00:00:00+05:30,995.8459394704928,1044.2148567110435,995.8459394704928,1019.2031860351562,2947920
2023-01-30 00:00:00+05:30,1028.6921052584996,1028.6921052584996,1000.9553739435826,1006.6973876953125,2118395
2023-01-31 00:00:00+05:30,1015.0669797800025,1015.0669797800025,980.5177201614118,990.6878662109375,2705095
2023-02-01 00:00:00+05:30,991.709728390167,1008.1571460756008,987.9141521856675,1004.4102783203125,1598213
2023-02-02 00:00:00+05:30,998.6195680418183,1005.1402038532958,990.055256359061,997.841064453125,1291262
2023-02-03 00:00:00+05:30,994.6293719946245,1000.2740871839163,983.4373585132761,994.9213256835938,1617105
2023-02-06 00:00:00+05:30,992.6829306166981,1005.9186792647021,983.0967515665498,1002.2205200195312,979035
2023-02-07 00:00:00+05:30,1002.2205310315366,1007.135213529993,993.9481137849565,1003.6803588867188,965322
2023-02-08 00:00:00+05:30,1007.2812508406946,1013.3151586393009,991.8557597933539,1011.2714233398438,746863
2023-02-09 00:00:00+05:30,997.8410392870549,1016.6240862557847,992.6829333872522,994.1427612304688,1331902
2023-02-10 00:00:00+05:30,993.6561994401211,1009.0816906271352,987.8655368384943,1005.5294189453125,1106858
2023-02-13 00:00:00+05:30,1008.2544588153501,1012.7312405672451,991.7097427923183,994.5807495117188,1042379
2023-02-14 00:00:00+05:30,999.2034917174481,1004.7994986821094,990.3472261944646,1000.809326171875,759416
2023-02-15 00:00:00+05:30,999.3495018465968,1005.7727208862065,988.8874018317229,1003.1937866210938,662924
2023-02-16 00:00:00+05:30,1004.1182526533642,1010.2008686737989,1000.8092857780289,1007.767822265625,667265
2023-02-17 00:00:00+05:30,1007.7678115550931,1008.0111161933246,993.8021490808205,998.2789306640625,1509783
2023-02-20 00:00:00+05:30,971.2721087823764,971.2721087823764,929.6670159462576,938.1826782226562,5829572
2023-02-21 00:00:00+05:30,943.8273731683465,952.8782941413515,937.6961079544108,940.0805053710938,2042234
2023-02-22 00:00:00+05:30,940.7130688342131,946.7470359947755,933.3652803324813,936.7715454101562,1602953
2023-02-23 00:00:00+05:30,939.1559262989198,941.5403236913945,930.3969591106397,934.581787109375,1216409
2023-02-24 00:00:00+05:30,935.3603610849123,940.1291559259154,929.4237514588501,936.0416259765625,1585383
2023-02-27 00:00:00+05:30,939.739850034084,942.6595058143066,923.2438423962657,924.7523193359375,1377270
2023-02-28 00:00:00+05:30,920.5675010595731,920.5675010595731,878.9136972980801,882.1253662109375,5380673
2023-03-01 00:00:00+05:30,883.4877892570878,885.8721865886027,872.0038222283857,875.5073852539062,3496231
2023-03-02 00:00:00+05:30,877.7945443399408,878.8164120086781,860.8118675766066,862.7096557617188,1887367
2023-03-03 00:00:00+05:30,867.1377559930319,868.1109745743933,853.5126958539719,855.1185302734375,1892639
2023-03-06 00:00:00+05:30,861.2984610743434,861.8337194242797,845.7756125228937,857.3082885742188,4090356
2023-03-08 00:00:00+05:30,860.0332530351081,860.1305511308535,847.7706635432999,853.7559814453125,2933956
2023-03-09 00:00:00+05:30,853.7559536359855,872.8310130234055,853.5126490040004,858.1354370117188,6176157
2023-03-10 00:00:00+05:30,855.6051944221205,860.9091885101727,847.9653924282707,857.6002807617188,1718841
2023-03-13 00:00:00+05:30,858.9626748979498,865.2885955202906,848.7925884947775,851.37158203125,1697362
2023-03-14 00:00:00+05:30,849.619882098316,860.0333335413726,830.9827211763737,848.6953125,2444217
2023-03-15 00:00:00+05:30,851.5663100263321,859.7413703628056,849.2305615300392,854.4373168945312,1286900
2023-03-16 00:00:00+05:30,857.4055805939364,866.1645479325805,853.26940157291,859.7899780273438,2023997
2023-03-17 00:00:00+05:30,863.5855194093832,864.6074464816669,846.7002000986702,850.6417236328125,2205087
2023-03-20 00:00:00+05:30,850.641719493657,853.4154281897795,838.7197914468305,843.4885864257812,997827
2023-03-21 00:00:00+05:30,843.5858393726065,849.0358989711895,837.5518723958579,839.2550048828125,888443
2023-03-22 00:00:00+05:30,840.8608849489458,842.8073221826239,829.1822615468772,840.2769775390625,1622488
2023-03-23 00:00:00+05:30,844.753702104326,847.5760596618976,838.1844768863488,845.82421875,1865868
2023-03-24 00:00:00+05:30,845.8242264240173,855.4591139246847,842.953279193513,853.7559814453125,3166046
2023-03-27 00:00:00+05:30,857.4542230353082,867.4783625877266,852.5881301068965,865.4832763671875,3986238
2023-03-28 00:00:00+05:30,867.9163083099771,870.3007056851143,862.6609636755506,865.6779174804688,3623017
2023-03-29 00:00:00+05:30,870.0087636008274,872.5877572038116,861.63904815201,863.9261474609375,3049688
2023-03-31 00:00:00+05:30,864.9966921536733,878.5244546470949,862.9529568247045,876.3833618164062,2320879
2023-04-03 00:00:00+05:30,885.6288757186753,885.6288757186753,863.2934982366501,867.57568359375,2623264
2023-04-05 00:00:00+05:30,865.1913335461076,873.317685078475,862.5636314516281,871.7605590820312,1612376
2023-04-06 00:00:00+05:30,874.9234520668191,875.6533659589771,865.1912668380447,869.4247436523438,1512783
2023-04-10 00:00:00+05:30,872.9284689057689,880.276257739794,870.252117652276,877.6972045898438,919722
2023-04-11 00:00:00+05:30,880.7628418732313,883.8285042543359,877.8431860438172,882.8552856445312,1778775
2023-04-12 00:00:00+05:30,884.6557094616227,896.2370345888318,883.8771464599181,893.3660278320312,3449942
2023-04-13 00:00:00+05:30,897.2102325774349,898.3293983040003,887.867298569989,891.2249145507812,1068355
2023-04-17 00:00:00+05:30,890.4949567636507,892.879354047116,876.967195408881,882.1739501953125,2604979
2023-04-18 00:00:00+05:30,880.7627961517574,900.7137766170734,872.9770476774877,899.4972534179688,1949777
2023-04-19 00:00:00+05:30,901.1517981874599,901.1517981874599,884.6557306046557,887.4780883789062,1538261
2023-04-20 00:00:00+05:30,887.5752990182522,889.2297823987242,874.8748090867514,879.78955078125,4446158
2023-04-21 00:00:00+05:30,878.8163682544078,893.9499051299529,878.8163682544078,890.5436401367188,3481218
2023-04-24 00:00:00+05:30,891.468248200443,892.63612241444,877.0159755788108,878.81640625,1784945
2023-04-25 00:00:00+05:30,880.3735285897794,887.5753700455443,872.295826027589,885.288330078125,2440358
2023-04-26 00:00:00+05:30,887.4293157718465,889.7164150168247,875.9453487009459,886.6994018554688,1400796
2023-04-27 00:00:00+05:30,886.7967934017673,892.7334030560365,878.8163890628367,889.47314453125,2457652
2023-04-28 00:00:00+05:30,894.2418891638075,894.3878957144051,880.9088418297451,883.7311401367188,2695819
2023-05-02 00:00:00+05:30,886.0181970858272,896.3342900185472,881.8333097748581,893.1226806640625,1857324
2023-05-03 00:00:00+05:30,896.2856670740811,899.7405811681704,892.4414417860597,895.9937133789062,2566561
2023-05-04 00:00:00+05:30,895.9937373712363,910.3487118737753,895.9937373712363,908.4995727539062,3393228
2023-05-05 00:00:00+05:30,909.9593731435937,910.1540287398838,896.1883064636078,900.0325317382812,2262141
2023-05-08 00:00:00+05:30,902.3682611468275,909.862055942547,895.0204728953971,908.3048706054688,3877794
2023-05-09 00:00:00+05:30,909.9594059678111,917.7451548958779,904.2173923731417,914.0469360351562,2657968
2023-05-10 00:00:00+05:30,918.2317455188214,921.3460569067852,908.2076058580262,919.107666015625,1618668
2023-05-11 00:00:00+05:30,921.10274915752,921.638007503521,909.9593843883761,918.3290405273438,1537103
2023-05-12 00:00:00+05:30,923.4384059320936,927.4772867120975,888.548544352723,912.34375,3850078
2023-05-15 00:00:00+05:30,914.8254303894629,914.8254303894629,872.8310265001963,898.0860595703125,5487301
2023-05-16 00:00:00+05:30,902.5628908995008,917.4044735217501,893.8039241060421,897.40478515625,2964696
2023-05-17 00:00:00+05:30,900.1785408492989,907.0397199840903,892.4414412289816,899.205322265625,1866976
2023-05-18 00:00:00+05:30,904.1200307571803,904.7526465733645,887.1373552207602,890.0083618164062,1881606
2023-05-19 00:00:00+05:30,892.4414618061477,897.3075548367156,888.5485873816934,891.7115478515625,1168086
2023-05-22 00:00:00+05:30,891.711514396398,906.1151373463749,890.9329514208272,900.1785278320312,1402783
2023-05-23 00:00:00+05:30,901.5897305986105,907.3316846715221,894.8744985296852,905.4826049804688,1577827
2023-05-24 00:00:00+05:30,898.7673589059792,914.7281673830995,898.7673589059792,912.8790283203125,1034319
2023-05-25 00:00:00+05:30,916.2366422889222,921.6379935176011,909.95937057968,920.1295166015625,2178211
2023-05-26 00:00:00+05:30,920.5674662911925,927.2339897149648,915.3120622691413,925.8714599609375,1130476
2023-05-29 00:00:00+05:30,926.5040798611111,933.511265454456,919.7888479590416,930.6402587890625,1744868
2023-05-30 00:00:00+05:30,931.9541179888708,935.7496943314022,925.5308989174869,934.1438598632812,1337311
2023-05-31 00:00:00+05:30,934.4845379227912,939.155975454267,917.0639007318647,927.5260009765625,3561991
2023-06-01 00:00:00+05:30,924.5576841221415,940.6157912674207,921.3947236238289,938.9126586914062,1132919
2023-06-02 00:00:00+05:30,940.0318627469645,943.6814324707458,929.0831535756208,939.983154296875,1098485
2023-06-05 00:00:00+05:30,944.0220440353506,950.7372761500486,933.4626459628038,948.6934814453125,1469770
2023-06-06 00:00:00+05:30,946.8443612604942,948.8394474293884,938.2313413598337,946.01708984375,2079735
2023-06-07 00:00:00+05:30,946.8930771025398,951.7105211968965,932.8300560313467,934.7278442382812,1614117
2023-06-08 00:00:00+05:30,939.0586177679501,943.8760021475415,937.2094787329725,939.5452270507812,1481632
2023-06-09 00:00:00+05:30,940.1291538540593,944.9952467829105,933.4626303017525,943.2921142578125,717024
2023-06-12 00:00:00+05:30,947.1849446118442,947.1849446118442,929.5697127877065,934.2411499023438,1239721
2023-06-13 00:00:00+05:30,937.209506298654,957.5010902293243,931.3701947329304,955.2140502929688,2158120
2023-06-14 00:00:00+05:30,955.2140749612988,955.6033861692872,946.5524054882354,952.4890747070312,1831109
2023-06-15 00:00:00+05:30,955.6519949754137,973.2185784360753,954.3381142541962,971.466796875,1804458
2023-06-16 00:00:00+05:30,973.2186066924332,980.177143490504,967.1359904006055,979.1065673828125,1572197
2023-06-19 00:00:00+05:30,979.3012044220537,990.2985625891183,972.4400252550325,984.1672973632812,1015057
2023-06-20 00:00:00+05:30,986.6976500135631,991.515093944943,975.748940806131,984.0700073242188,1413571
2023-06-21 00:00:00+05:30,983.1454212972006,986.3083816818825,975.4083217068694,981.8802490234375,1140198
2023-06-22 00:00:00+05:30,976.2355855003224,980.031161923404,963.5837432907848,971.5641479492188,2852669
2023-06-23 00:00:00+05:30,973.1699714213408,973.1699714213408,959.2529570286978,962.9025268554688,1776614
2023-06-26 00:00:00+05:30,962.8537917522302,997.549058371922,962.8537917522302,994.5321044921875,2313439
2023-06-27 00:00:00+05:30,996.57579886054,998.6195340628284,978.0846463426197,982.2208251953125,1651238
2023-06-28 00:00:00+05:30,980.0310969852779,991.2231105059639,977.1600903324709,982.8534545898438,1653212
2023-06-30 00:00:00+05:30,982.8534466330283,994.0941091109553,978.0846519330365,987.7681884765625,1963457
2023-07-03 00:00:00+05:30,993.1695357800482,1002.3178139609748,972.2453368390674,974.9703369140625,1454455
2023-07-04 00:00:00+05:30,980.9557037878319,988.7901016699692,969.8123388918547,984.751220703125,1112255
2023-07-05 00:00:00+05:30,989.763337446826,991.5151190843209,978.4740252047029,983.7293701171875,748219
2023-07-06 00:00:00+05:30,984.8972032301866,996.1378659521606,984.3132958422457,993.8994750976562,1236819
2023-07-07 00:00:00+05:30,982.4155523191519,1001.1986598906971,971.3208362403371,993.3156127929688,1914093
2023-07-10 00:00:00+05:30,996.5757970244596,998.522234128023,985.8703929548609,989.4713134765625,1142988
2023-07-11 00:00:00+05:30,991.6610887716946,1005.8214072991344,990.7365192361092,1000.2741088867188,814514
2023-07-12 00:00:00+05:30,997.5490357645591,1005.2374862394513,992.6342938587065,994.8240356445312,1163653
2023-07-13 00:00:00+05:30,1000.3227353086609,1008.2544908258607,990.7852047079858,993.3642578125,1419223
2023-07-14 00:00:00+05:30,998.6682883186346,1007.0866529534147,992.0503543303325,1003.2910766601562,787233
2023-07-17 00:00:00+05:30,1008.4490563772171,1011.1741159521952,997.9383668760818,1004.9942016601562,1047614
2023-07-18 00:00:00+05:30,1004.9942172820382,1007.4758534467674,992.196368852461,1003.1937866210938,780402
2023-07-19 00:00:00+05:30,1002.415099382766,1014.0937218998467,995.3106158983177,1008.059814453125,1069988
2023-07-20 00:00:00+05:30,1011.1255281758546,1029.5680939552415,999.4956121469747,1028.2542724609375,1280545
2023-07-21 00:00:00+05:30,1029.0881012339833,1041.9406407402864,1025.310845086294,1029.1370849609375,879139
2023-07-24 00:00:00+05:30,1029.1370849609375,1033.110635310284,1018.3939595936132,1029.1370849609375,936947
2023-07-25 00:00:00+05:30,1038.0161275165176,1041.695296210456,1029.5785912646732,1034.8275146484375,599999
2023-07-26 00:00:00+05:30,1039.9784214874824,1061.6119827837044,1022.4656012672433,1048.31787109375,1854416
2023-07-27 00:00:00+05:30,1093.9395351522292,1196.3676196162658,1087.6114126529328,1149.3232421875,14590950
2023-07-28 00:00:00+05:30,1149.3233113740769,1167.915450891181,1133.8708013150401,1155.553466796875,4454009
2023-07-31 00:00:00+05:30,1159.4778820356664,1162.3721137123919,1143.3876258270918,1152.8062744140625,2221571
2023-08-01 00:00:00+05:30,1152.8061954142336,1164.873916684838,1146.0365010371777,1156.0928955078125,1362536
2023-08-02 00:00:00+05:30,1162.617304727735,1162.617304727735,1131.7613912549382,1146.2327880859375,1861901
2023-08-03 00:00:00+05:30,1144.0253957698599,1156.6816414421899,1128.2785043897045,1143.8291015625,2574025
2023-08-04 00:00:00+05:30,1148.8818232234191,1215.3030387097385,1148.8818232234191,1186.89990234375,8359856
2023-08-07 00:00:00+05:30,1172.4284794078615,1205.2957212992117,1152.0213081784323,1200.537353515625,2468250
2023-08-08 00:00:00+05:30,1201.8617783663003,1245.0306912219062,1200.929770199124,1242.52880859375,5064238
2023-08-09 00:00:00+05:30,1246.01194024152,1247.630798604994,1228.5972064310579,1242.1365966796875,2105178
2023-08-10 00:00:00+05:30,1242.0874176477444,1253.7626708818739,1224.5254941877963,1235.1705322265625,2102129
2023-08-11 00:00:00+05:30,1234.5329161150125,1235.02347197141,1221.484082429002,1226.5858154296875,1286301
2023-08-14 00:00:00+05:30,1226.5858035953602,1228.3518525671961,1208.386253357385,1212.2615966796875,830936
2023-08-16 00:00:00+05:30,1208.2881828348866,1222.4651992380213,1202.892068392022,1220.0615234375,1665083
2023-08-17 00:00:00+05:30,1211.6729003512792,1222.3179379115654,1202.891998898301,1217.5595703125,1855386
2023-08-18 00:00:00+05:30,1215.597375211888,1233.257385505523,1207.74848174805,1213.0465087890625,1292509
2023-08-21 00:00:00+05:30,1214.0766896222142,1221.7785126872081,1207.0618364070183,1210.4957275390625,1101408
2023-08-22 00:00:00+05:30,1210.495655514074,1216.8237780321826,1195.0431463393054,1197.9373779296875,1379445
2023-08-23 00:00:00+05:30,1228.400965940242,1236.102668920405,1201.910949737272,1207.4051513671875,2562635
2023-08-24 00:00:00+05:30,1211.8691943360616,1216.2352135134668,1194.0130082645753,1197.4468994140625,848018
2023-08-25 00:00:00+05:30,1194.9449517635944,1196.8581914448137,1182.2396031049504,1186.5565185546875,887533
2023-08-28 00:00:00+05:30,1189.1072997926226,1213.6350906299292,1188.1261881591304,1205.6881103515625,1666004
2023-08-29 00:00:00+05:30,1208.7295960179915,1222.1217944722491,1204.1184190039617,1206.5220947265625,1209087
2023-08-30 00:00:00+05:30,1211.3785856868099,1233.061250383572,1207.895710959967,1212.80126953125,1282450
2023-08-31 00:00:00+05:30,1216.7257178080276,1242.1855189168498,1200.0958023732048,1233.8460693359375,3103295
2023-09-01 00:00:00+05:30,1241.008265874832,1244.9327128411435,1216.2351943999895,1221.8765869140625,1167597
2023-09-04 00:00:00+05:30,1226.683996041258,1231.6876417160179,1209.269263513542,1215.4501953125,1126182
2023-09-05 00:00:00+05:30,1231.2952311439071,1242.087460261503,1211.7710836055146,1215.54833984375,2179947
2023-09-06 00:00:00+05:30,1222.6123252650937,1243.0684795269606,1219.129330948579,1233.0120849609375,2721714
2023-09-07 00:00:00+05:30,1235.2196163359442,1237.1818397137615,1221.4840526912237,1225.702880859375,849621
2023-09-08 00:00:00+05:30,1225.8990238396086,1238.1629196363235,1215.5973513703682,1221.091552734375,787710
2023-09-11 00:00:00+05:30,1221.0916156372984,1229.0877000615858,1213.1446347045705,1223.7896728515625,1162138
2023-09-12 00:00:00+05:30,1224.378411573366,1236.1027693336396,1211.6239582914,1216.3824462890625,1132283
2023-09-13 00:00:00+05:30,1218.540784898695,1226.3896788432921,1200.1940432090462,1205.2957763671875,1627384
2023-09-14 00:00:00+05:30,1206.7673644091944,1220.7482058261303,1201.8618060172873,1210.446533203125,1713142
2023-09-15 00:00:00+05:30,1211.4768438955782,1218.491697137436,1205.0996174832578,1212.16357421875,1938487
2023-09-18 00:00:00+05:30,1217.5105129297538,1233.846046643676,1213.6842731217494,1217.1181640625,1864030
2023-09-20 00:00:00+05:30,1219.767051860536,1228.9404217824558,1212.6539924388678,1216.2840576171875,1701959
2023-09-21 00:00:00+05:30,1208.7295943297206,1216.8237657203215,1181.2584671858633,1183.6131591796875,1895731
2023-09-22 00:00:00+05:30,1184.5942673480884,1186.2621092996008,1146.4781025020188,1163.5003662109375,2796199
2023-09-25 00:00:00+05:30,1163.5985136475824,1174.5379334075633,1154.76850806341,1157.0740966796875,1267600
2023-09-26 00:00:00+05:30,1158.6929183484795,1162.6173651506758,1139.561240187772,1141.670654296875,1056359
2023-09-27 00:00:00+05:30,1164.5796187973185,1166.5418422493779,1147.9988066744927,1158.202392578125,2165043
2023-09-28 00:00:00+05:30,1158.202349741996,1162.617352345841,1137.0103611964623,1142.0631103515625,1303811
2023-09-29 00:00:00+05:30,1147.802661583429,1176.5491640323544,1142.9951900500373,1163.7457275390625,1878381
2023-10-03 00:00:00+05:30,1161.6361483329683,1163.3039901671332,1148.8325938935593,1160.4588623046875,1581125
2023-10-04 00:00:00+05:30,1155.8476822695932,1162.6173770254486,1139.365077390785,1145.0064697265625,999123
2023-10-05 00:00:00+05:30,1147.9987059312612,1150.7948501521457,1133.429222031195,1139.168701171875,1446743
2023-10-06 00:00:00+05:30,1142.9950601933645,1159.3795766696937,1138.5309543271107,1141.0328369140625,928951
2023-10-09 00:00:00+05:30,1137.1084431808229,1144.8101459569511,1129.897296247309,1137.5989990234375,822110
2023-10-10 00:00:00+05:30,1138.1876966862114,1141.621587749255,1128.7690480090719,1133.233154296875,822199
2023-10-11 00:00:00+05:30,1129.2595999589191,1152.8062814524153,1124.8445971788888,1149.8138427734375,1465239
2023-10-12 00:00:00+05:30,1156.7798339312153,1163.9418777062062,1130.6821660841767,1136.029296875,2533930
2023-10-13 00:00:00+05:30,1134.1651743303094,1147.115801425466,1128.2785038753077,1145.6932373046875,940547
2023-10-16 00:00:00+05:30,1144.2706303344928,1147.9987829576157,1136.9122925412878,1142.406494140625,802207
2023-10-17 00:00:00+05:30,1145.9384803073071,1155.7987009247008,1138.7273331726797,1151.3345947265625,877856
2023-10-18 00:00:00+05:30,1162.6174493192912,1196.4167019442864,1153.9346340937548,1187.73388671875,7367540
2023-10-19 00:00:00+05:30,1187.6356922782472,1201.8618116818282,1167.179537640503,1200.1939697265625,2157683
2023-10-20 00:00:00+05:30,1198.7712424874649,1198.7712424874649,1175.6170315604963,1177.5301513671875,692067
2023-10-23 00:00:00+05:30,1177.3340249069624,1187.3413162128275,1156.191020137164,1161.4400634765625,957929
2023-10-25 00:00:00+05:30,1162.1268897986993,1166.2966148148616,1132.2520843534537,1135.5877685546875,1433911
2023-10-26 00:00:00+05:30,1132.9877675165278,1133.1839419382943,1110.6183742633327,1129.1123046875,2016469
2023-10-27 00:00:00+05:30,1130.2405790930381,1175.2736261191967,1127.542522155099,1152.0703125,1775011
2023-10-30 00:00:00+05:30,1163.5984805572245,1189.4998534871374,1155.2590310759965,1170.90771484375,2853500
2023-10-31 00:00:00+05:30,1177.2850029516965,1183.3188642001523,1168.602187869586,1177.3341064453125,1720955
2023-11-01 00:00:00+05:30,1177.3340351847035,1185.869659033948,1164.1381307795195,1178.5604248046875,1051902
2023-11-02 00:00:00+05:30,1182.7301268824183,1188.9601620798103,1172.0850891375596,1185.6734619140625,1556467
2023-11-03 00:00:00+05:30,1192.0506042093539,1196.710884349267,1181.2583765169236,1183.56396484375,772013
2023-11-06 00:00:00+05:30,1189.0582702316387,1194.0129321946592,1174.6359762284762,1181.3565673828125,1262938
2023-11-07 00:00:00+05:30,1182.2395856643718,1194.503481781222,1178.0698609846427,1193.4732666015625,1210644
2023-11-08 00:00:00+05:30,1198.918448768634,1218.9331505897062,1196.9562254482273,1217.5595703125,1107006
2023-11-09 00:00:00+05:30,1218.5406836785246,1221.4840186632555,1208.7295670627557,1214.763427734375,751433
2023-11-10 00:00:00+05:30,1214.46913434366,1218.5407719872007,1206.7674311950539,1216.6766357421875,576673
2023-11-13 00:00:00+05:30,1219.5218398151808,1219.5218398151808,1207.40513430574,1217.1181640625,689808
2023-11-15 00:00:00+05:30,1236.2006980445944,1236.2006980445944,1214.3218600066923,1218.29541015625,1323010
2023-11-16 00:00:00+05:30,1217.6087549254423,1222.7595914846888,1209.367392477725,1211.476806640625,1251094
2023-11-17 00:00:00+05:30,1212.6539834305236,1232.3743033829048,1212.1634276119837,1225.8009033203125,992848
2023-11-20 00:00:00+05:30,1218.0502317730695,1232.2763520797225,1217.5596759004263,1223.54443359375,848916
2023-11-21 00:00:00+05:30,1223.3971954089973,1231.295192557943,1218.687931073121,1229.5782470703125,594738
2023-11-22 00:00:00+05:30,1233.20829743611,1259.3059643413953,1230.3140658409727,1247.4835205078125,1735497
2023-11-23 00:00:00+05:30,1246.0118769985083,1246.0118769985083,1142.5536946449106,1148.5384521484375,7643376
2023-11-24 00:00:00+05:30,1167.5721063107858,1182.2396793226756,1155.749661611711,1176.0096435546875,5331201
2023-11-28 00:00:00+05:30,1177.3340532850252,1180.0321104904701,1165.560712752175,1169.779541015625,1691543
2023-11-29 00:00:00+05:30,1176.1076976222323,1184.0056950303597,1169.2399154463362,1178.8548583984375,2173427
2023-11-30 00:00:00+05:30,1177.334132702699,1194.6507795241253,1175.4699963729954,1189.40185546875,3219799
2023-12-01 00:00:00+05:30,1190.5298848253842,1194.8468000420717,1180.767871805209,1182.92626953125,1078680
2023-12-04 00:00:00+05:30,1189.4017177855728,1196.073205239835,1183.4659443144635,1193.5223388671875,2097408
2023-12-05 00:00:00+05:30,1199.507110907338,1205.7862495855222,1193.0317977998332,1201.3221435546875,2132150
2023-12-06 00:00:00+05:30,1201.8618508785273,1206.6202187433687,1178.3151697184583,1182.435791015625,1416770
2023-12-07 00:00:00+05:30,1183.220645575031,1201.8617668568932,1174.390640757307,1199.703369140625,1269290
2023-12-08 00:00:00+05:30,1201.8618251349496,1207.944669731829,1181.2584795612077,1196.0732421875,1453955
2023-12-11 00:00:00+05:30,1194.601512449576,1195.925989214578,1172.4775167608057,1179.590576171875,1565455
2023-12-12 00:00:00+05:30,1187.733881265359,1191.3149631680985,1172.6247360995146,1176.0096435546875,899911
2023-12-13 00:00:00+05:30,1176.009519623414,1194.944902873681,1172.6246125249522,1193.5223388671875,1809563
2023-12-14 00:00:00+05:30,1196.0242727494963,1199.4581637194754,1178.4132457732658,1181.896240234375,1809248
2023-12-15 00:00:00+05:30,1192.050733256187,1194.601599761261,1180.1302019707025,1184.2999267578125,1976112
2023-12-18 00:00:00+05:30,1182.8282494885793,1195.9260668183742,1169.5832414498764,1193.8167724609375,1995091
2023-12-19 00:00:00+05:30,1196.4166306774207,1216.7257149980967,1189.3035707571871,1213.7332763671875,1738507
2023-12-20 00:00:00+05:30,1215.5975027031832,1224.4275087760875,1207.748608416157,1212.850341796875,2484819
2023-12-21 00:00:00+05:30,1212.8502918999056,1212.8502918999056,1183.0735743764462,1198.7713623046875,1580136
2023-12-22 00:00:00+05:30,1206.816498584982,1219.031291385576,1198.5751363241006,1212.2615966796875,1969524
2023-12-26 00:00:00+05:30,1216.57848161959,1226.389598406845,1208.5823974850557,1221.4349365234375,820163
2023-12-27 00:00:00+05:30,1223.4463119060672,1226.7330122072626,1213.3408133084554,1216.333251953125,2528609
2023-12-28 00:00:00+05:30,1216.333267939678,1239.929052965064,1216.333267939678,1236.9857177734375,2592699
2023-12-29 00:00:00+05:30,1240.1251501269871,1243.6571281839208,1218.589796889407,1222.759521484375,1794218
2024-01-01 00:00:00+05:30,1228.7932915876,1233.0612232624342,1223.1518993547065,1227.3707275390625,343584
2024-01-02 00:00:00+05:30,1231.3932736151585,1260.7285374671214,1228.4499385082315,1257.34375,2589484
2024-01-03 00:00:00+05:30,1266.6152111727642,1282.3129984529844,1249.985415678626,1275.5924072265625,2357093
2024-01-04 00:00:00+05:30,1279.369716715729,1283.2941636995197,1262.347451876461,1272.1585693359375,1248143
2024-01-05 00:00:00+05:30,1275.445313800566,1276.9660849651768,1252.0458218041492,1262.5927734375,1013196
2024-01-08 00:00:00+05:30,1272.1584641731674,1272.5018293029414,1242.2835421198965,1247.728759765625,740848
2024-01-09 00:00:00+05:30,1259.7474142840304,1270.5396429110742,1249.3476542872559,1264.996337890625,1133466
2024-01-10 00:00:00+05:30,1271.5207672907388,1306.3502327527922,1269.8529253012177,1304.0936279296875,3625567
2024-01-11 00:00:00+05:30,1314.5425790503748,1314.6897697685715,1298.0599731986156,1300.61083984375,1097204
2024-01-12 00:00:00+05:30,1299.1880285684076,1300.6107123520237,1275.8376426261705,1283.2940673828125,2051301
2024-01-15 00:00:00+05:30,1291.1430683743404,1302.6711314848255,1281.9205939330284,1288.346923828125,762036
2024-01-16 00:00:00+05:30,1288.3467861394022,1289.5731757009398,1273.7281986129528,1277.750732421875,1030845
2024-01-17 00:00:00+05:30,1274.8073950401251,1288.1015057676518,1257.8832191232204,1269.5584716796875,2073596
2024-01-18 00:00:00+05:30,1260.7777510397332,1302.13151709107,1243.9516599230826,1297.9617919921875,1723297
2024-01-19 00:00:00+05:30,1305.8105224947042,1305.8105224947042,1291.7315940562903,1302.8671875,1135846
2024-01-23 00:00:00+05:30,1358.8397922881366,1398.084262823534,1342.8476226391142,1382.386474609375,7556815
2024-01-24 00:00:00+05:30,1382.3864760715571,1396.1711442675437,1368.5037206520522,1390.5787353515625,1808713
2024-01-25 00:00:00+05:30,1386.6541964454618,1386.7522836624833,1327.934685187118,1343.7796630859375,1801468
2024-01-29 00:00:00+05:30,1339.2174387468353,1339.2174387468353,1300.267353086196,1311.59912109375,2480508
2024-01-30 00:00:00+05:30,1319.5952077554086,1326.4629895058085,1289.3279364226394,1292.22216796875,1908926
2024-01-31 00:00:00+05:30,1292.222222335995,1327.3460698144952,1287.2185765173945,1325.48193359375,1723379
2024-02-01 00:00:00+05:30,1334.0175529324647,1368.5036537181202,1326.5121441134188,1361.439697265625,2784507
2024-02-02 00:00:00+05:30,1360.8019098593172,1378.1675388132496,1358.8396864853312,1366.34521484375,1161705
2024-02-05 00:00:00+05:30,1374.1941964257833,1419.6687020799116,1367.9641607669535,1406.816162109375,2369316
2024-02-06 00:00:00+05:30,1417.559225833372,1418.5894410315143,1385.869389557664,1398.525634765625,979752
2024-02-07 00:00:00+05:30,1408.8764057069939,1417.2158551836717,1394.012539451522,1411.574462890625,890299
2024-02-08 00:00:00+05:30,1420.6497083875768,1430.1664437492466,1390.8729929416293,1393.374755859375,1447767
2024-02-09 00:00:00+05:30,1401.125566961503,1420.2082610058897,1390.2843547508025,1412.5555419921875,1215784
2024-02-12 00:00:00+05:30,1412.8008608860428,1425.310035175138,1398.0841852518133,1407.6500244140625,453460
2024-02-13 00:00:00+05:30,1411.8197318547955,1435.906071919803,1402.9897265825973,1430.215576171875,981536
2024-02-14 00:00:00+05:30,1427.3214252711068,1427.3214252711068,1383.8090232412728,1398.4276123046875,1113254
2024-02-15 00:00:00+05:30,1398.427465808183,1410.789448640255,1385.329649238909,1395.484130859375,1402161
2024-02-16 00:00:00+05:30,1402.989701762737,1421.63082367427,1398.967167829486,1413.487548828125,857301
2024-02-19 00:00:00+05:30,1417.6572543705086,1445.766127564039,1411.7705843724755,1442.5775146484375,888909
2024-02-20 00:00:00+05:30,1447.1397693912597,1451.0642162235072,1408.8764127768468,1424.2308349609375,1550412
2024-02-21 00:00:00+05:30,1424.5741897839473,1434.8758626439553,1406.374519825422,1419.9630126953125,1074054
2024-02-22 00:00:00+05:30,1428.0572328476135,1428.498685222227,1393.718322145156,1425.8497314453125,1582836
2024-02-23 00:00:00+05:30,1428.6457540185372,1454.3508313592142,1422.3666155015808,1438.7021484375,1308103
2024-02-26 00:00:00+05:30,1445.6681178598708,1453.2226301898725,1433.943880724369,1442.0870361328125,898290
2024-02-27 00:00:00+05:30,1445.618928934075,1462.8374864897469,1441.9397602054792,1459.3544921875,1231196
2024-02-28 00:00:00+05:30,1463.278944359511,1465.7317235211747,1442.234147058279,1449.1019287109375,1083605
2024-02-29 00:00:00+05:30,1448.071756469622,1461.8564236725126,1423.985536247073,1452.388671875,4923680
2024-03-01 00:00:00+05:30,1465.7808432519782,1465.7808432519782,1432.423046283727,1443.1171875,1982189
2024-03-04 00:00:00+05:30,1454.988594659202,1467.0563160069248,1441.9888651384774,1443.705810546875,1147249
2024-03-05 00:00:00+05:30,1437.475863122661,1451.7509668158286,1425.3591573115689,1445.6190185546875,1306046
2024-03-06 00:00:00+05:30,1448.1208836764645,1461.7583603957169,1420.796946511237,1457.1961669921875,1158132
2024-03-07 00:00:00+05:30,1457.1961749066768,1462.2979079195418,1447.6303356840947,1455.1358642578125,1569074
2024-03-11 00:00:00+05:30,1464.7998688805264,1490.3087748355792,1460.4339694209905,1475.690185546875,2183994
2024-03-12 00:00:00+05:30,1483.440868582637,1485.403091953778,1432.4230609329695,1438.064453125,1855916
2024-03-13 00:00:00+05:30,1442.2341816787914,1451.0641868727432,1421.6308362262373,1443.4605712890625,1720173
2024-03-14 00:00:00+05:30,1439.3889605442744,1473.090123707076,1426.8797862873462,1468.380859375,1748907
2024-03-15 00:00:00+05:30,1466.5658635599514,1467.9393241718044,1438.3589012907144,1459.943359375,1537072
2024-03-18 00:00:00+05:30,1460.8753527118236,1467.5959440484075,1443.215341732097,1460.335693359375,996530
2024-03-19 00:00:00+05:30,1454.5472105808456,1458.7169353397871,1404.068941346186,1408.58203125,1647925
2024-03-20 00:00:00+05:30,1408.6801639751234,1417.6082560942389,1388.8616366597503,1390.627685546875,1728210
2024-03-21 00:00:00+05:30,1400.0463504876661,1427.6155644105004,1393.3747432382238,1421.33642578125,1699939
2024-03-22 00:00:00+05:30,1425.555202811841,1461.4638646283029,1423.642083033248,1453.2716064453125,1746930
2024-03-26 00:00:00+05:30,1445.1774841401873,1453.2716553853716,1432.423032481109,1444.441650390625,1635695
2024-03-27 00:00:00+05:30,1455.969696431269,1467.7430362945947,1430.4607933940636,1435.709716796875,1642266
2024-03-28 00:00:00+05:30,1444.1963608620197,1485.5992249319768,1433.5513233235329,1468.675048828125,2110407
2024-04-01 00:00:00+05:30,1481.4786109992708,1481.4786109992708,1465.5846499659162,1470.343017578125,563831
2024-04-02 00:00:00+05:30,1474.5128305086903,1474.5128305086903,1455.2830647161259,1461.267822265625,614238
2024-04-03 00:00:00+05:30,1465.1430764073746,1473.188263894059,1439.2908080681384,1443.705810546875,1465540
2024-04-04 00:00:00+05:30,1451.0641412123177,1453.2225389526327,1417.8044320754225,1431.9815673828125,1474799
2024-04-05 00:00:00+05:30,1411.8197298434284,1446.1586391863889,1410.3480623001587,1422.0233154296875,1211684
2024-04-08 00:00:00+05:30,1429.6268403587305,1445.030245095082,1422.0232252009603,1434.82666015625,1039235
2024-04-09 00:00:00+05:30,1440.0267236381412,1442.2342250029417,1419.766742714939,1422.9063720703125,1225255
2024-04-10 00:00:00+05:30,1425.7025218198344,1427.8119359736406,1379.4430802056756,1396.0728759765625,2493253
2024-04-12 00:00:00+05:30,1396.121948744803,1397.9369814364188,1361.7830392535393,1370.4168701171875,2190583
2024-04-15 00:00:00+05:30,1363.6961725140416,1372.575281389562,1349.5682597110003,1355.3077392578125,1125072
2024-04-16 00:00:00+05:30,1358.8396737938854,1365.6583520489569,1345.643769632922,1349.2247314453125,1433760
2024-04-18 00:00:00+05:30,1350.0096637861348,1357.5151920471699,1317.0443354838137,1321.851806640625,2974196
2024-04-19 00:00:00+05:30,1321.5574442980217,1332.055291458242,1309.7841040370147,1320.3310546875,1173025
2024-04-22 00:00:00+05:30,1324.746065431887,1336.2250243511144,1322.5385641193734,1329.2591552734375,974434
2024-04-23 00:00:00+05:30,1343.8777338239834,1343.8777338239834,1319.104663716989,1321.2630615234375,1031497
2024-04-24 00:00:00+05:30,1327.8856543223767,1375.4205906186648,1326.6592646310064,1371.7904052734375,4415480
2024-04-25 00:00:00+05:30,1380.424219525174,1383.8090071256258,1357.956736704357,1379.6392822265625,2027213
2024-04-26 00:00:00+05:30,1386.4089126263907,1390.431446624056,1374.78276299042,1382.5335693359375,695034
2024-04-29 00:00:00+05:30,1392.1975021362305,1393.2767010531811,1366.0999548722227,1381.4052734375,1082487
2024-04-30 00:00:00+05:30,1388.3221756524274,1392.1484155166575,1368.6999414169363,1373.556396484375,1327606
2024-05-02 00:00:00+05:30,1373.5564447844718,1399.065350187612,1371.7414120067872,1393.227783203125,1540210
2024-05-03 00:00:00+05:30,1401.0274801500263,1406.9141502346904,1388.4692027302326,1397.8388671875,804513
2024-05-06 00:00:00+05:30,1403.9708291922134,1404.8047501762678,1378.5110287280102,1396.514404296875,929301
2024-05-07 00:00:00+05:30,1396.5143608265168,1401.8613714677874,1351.7265895936464,1360.998046875,1085239
2024-05-08 00:00:00+05:30,1349.0777464465214,1371.7414036952196,1349.0777464465214,1358.594482421875,1497782
2024-05-09 00:00:00+05:30,1361.635866959092,1365.9036789577976,1327.4441477133378,1333.1346435546875,1152636
2024-05-10 00:00:00+05:30,1345.4474478006355,1370.514898560092,1292.369331073302,1314.2481689453125,5080539
2024-05-13 00:00:00+05:30,1345.1041379302608,1399.0161778284044,1343.6815738740347,1387.9296875,7910590
2024-05-14 00:00:00+05:30,1383.3674679351273,1383.3674679351273,1324.598854386947,1331.7119140625,3721994
2024-05-15 00:00:00+05:30,1368.6508019222322,1401.4689399119427,1360.5075270228724,1380.1297607421875,7893092
2024-05-16 00:00:00+05:30,1382.3863848864735,1398.9671965644359,1361.096308908687,1394.2578125,3226214
2024-05-17 00:00:00+05:30,1390.333384205061,1393.0805449066459,1370.02441965669,1372.6243896484375,3443452
2024-05-21 00:00:00+05:30,1383.367419017442,1418.6383347383212,1370.0243246025352,1415.057373046875,2939271
2024-05-22 00:00:00+05:30,1423.5439331418415,1466.5657757876306,1410.1027511360041,1454.3018798828125,4216347
2024-05-23 00:00:00+05:30,1454.0074885747879,1476.1316045422784,1435.0719855208386,1461.0224609375,4389470
2024-05-24 00:00:00+05:30,1461.0224864884335,1465.6827669820332,1451.1132824444387,1458.3734130859375,758326
2024-05-27 00:00:00+05:30,1462.8376537106394,1464.358424864812,1447.3360397896147,1450.720947265625,1393334
2024-05-28 00:00:00+05:30,1454.9395060863746,1466.5166717218165,1447.3358906283756,1451.505615234375,784496
2024-05-29 00:00:00+05:30,1447.3849643347592,1469.3127857998224,1444.7849945045377,1465.33935546875,1607691
2024-05-30 00:00:00+05:30,1466.8110136047162,1468.2826810730608,1426.5363326485156,1438.8983154296875,1732140
2024-05-31 00:00:00+05:30,1439.241825110152,1444.8832176387602,1412.8009115123475,1419.8648681640625,3270743
2024-06-03 00:00:00+05:30,1454.0075893972682,1454.9887011310047,1418.736670475293,1424.9176025390625,1335614
2024-06-04 00:00:00+05:30,1432.4230440831936,1449.0528390521515,1391.7560131005107,1434.9249267578125,2049577
2024-06-05 00:00:00+05:30,1461.8563707095173,1485.4030505061808,1439.1436118693978,1468.675048828125,1834280
2024-06-06 00:00:00+05:30,1471.667496998244,1472.6486086629093,1436.347477070286,1449.1019287109375,1605122
2024-06-07 00:00:00+05:30,1455.9697524889382,1475.0033432870662,1451.3585754374387,1468.969482421875,1591055
2024-06-10 00:00:00+05:30,1478.4372487666164,1511.745943167776,1473.629777470415,1505.2706298828125,2751606
2024-06-11 00:00:00+05:30,1515.817589101556,1517.2401531725377,1498.1575783547419,1501.34619140625,1699446
2024-06-12 00:00:00+05:30,1513.3157838485477,1519.7421137719589,1503.0632138790452,1511.8441162109375,1578793
2024-06-13 00:00:00+05:30,1520.7232319030006,1521.7043436655188,1491.68234768539,1515.376220703125,1525789
2024-06-14 00:00:00+05:30,1515.8175028739863,1537.40195922559,1506.7913235782491,1535.1944580078125,1845043
2024-06-18 00:00:00+05:30,1540.3453036340024,1547.1639817538007,1534.0661650675413,1545.0546875,2068897
2024-06-19 00:00:00+05:30,1547.6055539304248,1552.118643606194,1524.0588741285608,1530.3380126953125,1881544
2024-06-20 00:00:00+05:30,1528.5720531715642,1529.700355597624,1510.9120422876822,1515.67041015625,1705002
2024-06-21 00:00:00+05:30,1520.6249977302348,1533.379449410411,1504.534742426937,1512.4327392578125,2613883
2024-06-24 00:00:00+05:30,1499.1387097336954,1499.1387097336954,1466.8111264316058,1475.9844970703125,1283529
2024-06-25 00:00:00+05:30,1483.0484221311006,1489.1313865313607,1467.2525477101458,1471.3731689453125,1199626
2024-06-26 00:00:00+05:30,1475.2976784138452,1478.7315695105526,1447.1398193266912,1451.162353515625,1930909
2024-06-27 00:00:00+05:30,1453.0264319439266,1458.1281648929828,1437.6230261147819,1452.9283447265625,2792582
2024-06-28 00:00:00+05:30,1458.2263143481973,1464.0147773550607,1448.1699197905482,1452.8302001953125,2087765
2024-07-01 00:00:00+05:30,1456.9018332529126,1465.4865609946812,1444.3926585434785,1451.162353515625,1313651
2024-07-02 00:00:00+05:30,1452.045342111342,1464.5545165112878,1451.3095083231099,1460.531982421875,1191962
2024-07-03 00:00:00+05:30,1465.7808822464722,1471.6675524562975,1446.7472912817816,1455.7244873046875,1061247
2024-07-04 00:00:00+05:30,1449.8377928739462,1460.82619584287,1439.2908422575395,1452.7811279296875,1498413
2024-07-05 00:00:00+05:30,1458.9131328137753,1487.365372794676,1457.9320210902958,1481.380615234375,2188675
2024-07-08 00:00:00+05:30,1487.3652931714998,1495.8519330782035,1455.1847824582521,1458.962158203125,1524489
2024-07-09 00:00:00+05:30,1468.6261240630888,1486.3842218363966,1459.2074757192258,1483.489990234375,1791406
2024-07-10 00:00:00+05:30,1483.5389651544883,1488.5917143199645,1464.0639220260123,1484.6181640625,671042
2024-07-11 00:00:00+05:30,1488.3464277655005,1490.3086511376368,1466.7619706719995,1477.55419921875,1314312
2024-07-12 00:00:00+05:30,1477.6033200488844,1486.3842218363966,1474.0222383997884,1483.489990234375,1192685
2024-07-15 00:00:00+05:30,1487.9539594802081,1503.0139999118956,1484.6672592840462,1488.5426025390625,1825510
2024-07-16 00:00:00+05:30,1488.5427038825546,1495.6557640924584,1474.709052116907,1481.8712158203125,963199
2024-07-18 00:00:00+05:30,1468.724264424394,1484.422052153713,1457.5395667143312,1478.1920166015625,2169744
2024-07-19 00:00:00+05:30,1473.2372804058798,1477.5541957674184,1452.2414664201406,1457.44140625,868261
2024-07-22 00:00:00+05:30,1447.188873179807,1478.5844478442366,1442.8719577105253,1461.8564453125,1328847
2024-07-23 00:00:00+05:30,1461.8564931030967,1475.592057467824,1447.287007712006,1469.6072998046875,1241630
2024-07-24 00:00:00+05:30,1467.1053561245856,1482.7541595928328,1456.9508739860898,1475.1014404296875,2266300
2024-07-25 00:00:00+05:30,1469.7053478847142,1480.2031953209023,1461.6602797340477,1471.7166748046875,2200932
2024-07-26 00:00:00+05:30,1476.3277608235676,1569.7786458333333,1472.6485921223957,1545.2508544921875,4687416
2024-07-29 00:00:00+05:30,1558.0054127437027,1558.9865244645741,1499.9236467739647,1524.5985107421875,3983153
2024-07-30 00:00:00+05:30,1524.6476086666487,1534.5078293312458,1497.1764805825649,1500.021728515625,2988651
2024-07-31 00:00:00+05:30,1501.1990012552326,1519.3005841362149,1494.7727914231868,1515.130859375,1645138
2024-08-01 00:00:00+05:30,1516.7495951201915,1523.1759247051468,1506.546129181844,1516.994873046875,1529481
2024-08-02 00:00:00+05:30,1512.8393172909782,1525.1082803184222,1507.5952870419596,1512.6414794921875,1353707
2024-08-05 00:00:00+05:30,1456.4417113773025,1511.8003001247496,1456.4417113773025,1499.0367431640625,1719770
2024-08-06 00:00:00+05:30,1497.0083574216144,1526.0481186524596,1489.7854664068827,1515.7086181640625,1775016
2024-08-07 00:00:00+05:30,1515.906524997955,1540.4444510066314,1515.906524997955,1537.1298828125,1359682
2024-08-08 00:00:00+05:30,1528.670201375784,1572.848299636288,1528.670201375784,1553.3564453125,3541556
2024-08-09 00:00:00+05:30,1558.1552327287104,1564.487491438816,1544.9957584878305,1558.105712890625,956684
2024-08-12 00:00:00+05:30,1558.0562814521074,1576.162909325133,1554.444956469761,1569.4842529296875,1731555
2024-08-13 00:00:00+05:30,1583.0888689170868,1589.7180052436388,1563.300258055623,1566.7137451171875,2281463
2024-08-14 00:00:00+05:30,1580.1205290910298,1580.1205290910298,1538.5644475494998,1547.271484375,896638
2024-08-16 00:00:00+05:30,1550.4376127442615,1563.7454048224038,1543.5115991582948,1559.44140625,909870
2024-08-19 00:00:00+05:30,1561.766550031154,1568.1978483866487,1553.1090330141417,1558.8477783203125,742635
2024-08-20 00:00:00+05:30,1559.8372944122593,1562.3108708385396,1541.7306666598492,1546.33154296875,1413845
2024-08-21 00:00:00+05:30,1549.1020048283988,1579.2796373838917,1544.5011284958857,1577.7459716796875,1074905
2024-08-22 00:00:00+05:30,1582.099497847489,1582.099497847489,1559.3921143423934,1569.0390625,906819
2024-08-23 00:00:00+05:30,1563.3498271427045,1569.0390529445945,1551.8723358574207,1557.907958984375,770573
2024-08-26 00:00:00+05:30,1553.4059697473615,1579.1311641508212,1549.992482648172,1577.102783203125,658120
2024-08-27 00:00:00+05:30,1569.7315746821573,1602.6796604583726,1569.7315746821573,1581.1595458984375,1570234
2024-08-28 00:00:00+05:30,1587.0465703310442,1612.771764114465,1578.3395333538488,1601.096435546875,1433847
2024-08-29 00:00:00+05:30,1604.8563581921692,1624.941846745454,1591.9937609933418,1601.44287109375,2749546
2024-08-30 00:00:00+05:30,1597.9303870983874,1646.1156080443607,1597.9303870983874,1637.40869140625,3296701
2024-09-02 00:00:00+05:30,1651.3595983856012,1663.8263992383647,1624.644973366781,1629.245849609375,1306971
2024-09-03 00:00:00+05:30,1625.9312965260633,1642.3062999163028,1625.9312965260633,1635.7265625,1264708
2024-09-04 00:00:00+05:30,1617.7684274349772,1640.4758096607652,1613.5633477057502,1634.4403076171875,1019049
2024-09-05 00:00:00+05:30,1633.648710759833,1642.4051467237375,1606.2415336117713,1610.5455322265625,1081756
2024-09-06 00:00:00+05:30,1610.5455361728334,1614.7010960634846,1591.0538031532137,1594.0220947265625,913336
2024-09-09 00:00:00+05:30,1594.0220853427813,1619.499921197374,1592.9831349861881,1603.02587890625,1003511
2024-09-10 00:00:00+05:30,1615.7400408726112,1626.970053130496,1607.1320436515243,1614.7506103515625,1248269
2024-09-11 00:00:00+05:30,1609.902372008499,1634.8360935352146,1607.0825191876452,1611.13916015625,1243738
2024-09-12 00:00:00+05:30,1617.7189351034517,1642.4546986371436,1613.3160175064927,1639.7337646484375,1728200
2024-09-13 00:00:00+05:30,1641.36636494145,1651.557427147025,1626.1291103025228,1642.1578369140625,747149
2024-09-16 00:00:00+05:30,1643.6419865119124,1654.179446058538,1636.666573580555,1641.861083984375,683436
2024-09-17 00:00:00+05:30,1642.4546763413605,1665.2115784834396,1639.1895072871987,1654.1300048828125,958137
2024-09-18 00:00:00+05:30,1655.3172700300158,1655.3172700300158,1620.7367214576843,1634.1434326171875,1084127
2024-09-19 00:00:00+05:30,1642.4547306738398,1650.370175159015,1615.492747896212,1620.390380859375,2048750
2024-09-20 00:00:00+05:30,1628.5038160421007,1635.1329526171357,1592.7853962543286,1621.3304443359375,2504382
2024-09-23 00:00:00+05:30,1629.4436542082396,1647.253403857908,1620.6872181198382,1640.624267578125,1129445
2024-09-24 00:00:00+05:30,1607.8246635621376,1642.0589368579642,1607.7751437219888,1620.2420654296875,1476260
2024-09-25 00:00:00+05:30,1620.6872847036059,1631.5710210477691,1601.1460308129488,1625.832275390625,759761
2024-09-26 00:00:00+05:30,1625.8322872080412,1634.9845201094292,1585.3646729492277,1604.6585693359375,2613098
2024-09-27 00:00:00+05:30,1612.9202712635556,1661.303450395227,1612.7718325217209,1654.8226318359375,3866952
2024-09-30 00:00:00+05:30,1657.2961882933675,1661.1549916340703,1628.89957952838,1636.6170654296875,1313437
2024-10-01 00:00:00+05:30,1642.454703983612,1649.430237634858,1634.0940641940472,1647.25341796875,945740
2024-10-03 00:00:00+05:30,1643.6915351346286,1660.2644971894097,1623.0124120565238,1639.041259765625,1533472
2024-10-04 00:00:00+05:30,1627.7122142553471,1638.8928280613072,1560.6288937598842,1606.1427001953125,2371220
2024-10-07 00:00:00+05:30,1605.8458089644155,1627.4648426801596,1595.0115925764178,1607.4783935546875,1553239
2024-10-08 00:00:00+05:30,1607.4783548409118,1635.7265243579307,1606.686762094966,1623.358642578125,1239808
2024-10-09 00:00:00+05:30,1613.266509673809,1684.0603137461426,1613.266509673809,1662.738037109375,1671718
2024-10-10 00:00:00+05:30,1676.0458768740684,1676.0953967149371,1597.0398694907215,1601.7891845703125,2288313
2024-10-11 00:00:00+05:30,1585.1666488548105,1596.7430586764829,1557.1163171155315,1578.8837890625,1894245
2024-10-14 00:00:00+05:30,1583.0888414084018,1588.975904725352,1554.444875996206,1581.55517578125,2301224
2024-10-15 00:00:00+05:30,1584.9688061074912,1587.9864967862923,1551.4270866470495,1555.137451171875,2206500
2024-10-16 00:00:00+05:30,1544.8968825214772,1556.3742527275942,1534.0131464884173,1545.6883544921875,2519123
2024-10-17 00:00:00+05:30,1545.6883487035159,1562.013952691966,1535.7446441967902,1542.225341796875,1498368
2024-10-18 00:00:00+05:30,1532.6774221064982,1545.5400190913135,1520.1115818148141,1535.29931640625,1879293
2024-10-21 00:00:00+05:30,1535.5961879614438,1544.7484203961367,1501.114558025674,1507.644775390625,1297970
2024-10-22 00:00:00+05:30,1506.9026726961354,1510.5635172855928,1485.6299166469123,1494.3863525390625,1757792
2024-10-23 00:00:00+05:30,1488.8455677407665,1498.0967189018281,1466.6329009866595,1469.89794921875,1925211
2024-10-24 00:00:00+05:30,1480.1880663124066,1492.0612326197254,1466.385558792186,1476.5272216796875,1178365
2024-10-25 00:00:00+05:30,1476.5272961205092,1490.8245196243458,1463.1699833513512,1473.1632080078125,1175088
2024-10-28 00:00:00+05:30,1480.979713330285,1497.2062779209978,1456.1449096030813,1487.2625732421875,928896
2024-10-29 00:00:00+05:30,1494.04007736228,1501.114529699186,1434.6742464737126,1461.93310546875,3475282
2024-10-30 00:00:00+05:30,1424.7800023135906,1424.7800023135906,1388.1710716985888,1403.2598876953125,5064434
2024-10-31 00:00:00+05:30,1543.561198942439,1549.3987426431702,1502.0051152743022,1535.348876953125,17447689
2024-11-01 00:00:00+05:30,1548.557673134037,1556.8193937690046,1535.3487999296171,1543.06640625,538362
2024-11-04 00:00:00+05:30,1567.2579283498253,1586.007588208388,1546.4798876330663,1567.8515625,4190449
2024-11-05 00:00:00+05:30,1566.8621698009974,1592.9336402211134,1560.975106434553,1584.276123046875,2238168
2024-11-06 00:00:00+05:30,1593.180988637348,1595.3082884295868,1564.289665517935,1577.2017822265625,2074821
2024-11-07 00:00:00+05:30,1583.088860974761,1585.0677220509795,1542.0770134821717,1559.490966796875,1512145
2024-11-08 00:00:00+05:30,1558.452054998217,1580.8626813971694,1552.1196752415453,1575.76708984375,1718495
2024-11-11 00:00:00+05:30,1573.2935046947257,1582.8415337267968,1528.1754954468122,1536.3878173828125,1725382
2024-11-12 00:00:00+05:30,1534.6563047286036,1540.493848356522,1505.8637790650228,1509.030029296875,2782808
2024-11-13 00:00:00+05:30,1500.471462901967,1509.7721344376628,1485.3331268336465,1489.6866455078125,1552443
2024-11-14 00:00:00+05:30,1481.177503542257,1500.966114144024,1474.4988474641607,1483.8984375,1469143
2024-11-18 00:00:00+05:30,1481.6721956194149,1489.2413632121536,1445.4095431031617,1449.7630615234375,1760344
2024-11-19 00:00:00+05:30,1449.5157635816959,1470.1453665046376,1441.4518803996075,1455.99658203125,1116002
2024-11-21 00:00:00+05:30,1454.462935604849,1462.4772990531826,1438.4836077685447,1450.010498046875,1363706
2024-11-22 00:00:00+05:30,1450.5051267067672,1480.336480719681,1444.6180634881725,1470.7884521484375,704859
2024-11-25 00:00:00+05:30,1480.0892004343798,1491.5665707865687,1471.7779595655197,1487.4110107421875,2453548
2024-11-26 00:00:00+05:30,1498.9873238068274,1498.9873238068274,1474.3010792284513,1476.9229736328125,873585
2024-11-27 00:00:00+05:30,1471.382162215215,1486.1247017211983,1452.9787779477895,1475.389404296875,1676606
2024-11-28 00:00:00+05:30,1469.4032444580378,1489.0929360071073,1458.32167092072,1476.972412109375,4358321
2024-11-29 00:00:00+05:30,1474.2514759811802,1531.341568718884,1474.2514759811802,1517.6875,3256635
2024-12-02 00:00:00+05:30,1515.8076151733476,1532.1332193837657,1488.4004370230487,1491.764404296875,5328936
2024-12-03 00:00:00+05:30,1501.015619880661,1533.0236730722875,1492.5559406158459,1517.6875,1951182
2024-12-04 00:00:00+05:30,1513.8287410868988,1520.5073972975763,1476.4777378345914,1484.98681640625,2971135
2024-12-05 00:00:00+05:30,1491.071823866125,1491.071823866125,1454.561812781997,1482.414306640625,4084059
2024-12-06 00:00:00+05:30,1497.255727798576,1497.255727798576,1460.3994410908297,1461.78466796875,3768932
2024-12-09 00:00:00+05:30,1464.3572470377383,1469.0570422562714,1451.7915270812784,1453.4735107421875,2144057
2024-12-10 00:00:00+05:30,1461.3394511157762,1463.3678321227803,1436.9500838711435,1439.8193359375,3397465
2024-12-11 00:00:00+05:30,1440.7098181566023,1452.385147108219,1432.6954547549456,1438.73095703125,2448702
2024-12-12 00:00:00+05:30,1444.5685865138066,1445.9042935850434,1423.3947488294345,1430.1229248046875,2651833
2024-12-13 00:00:00+05:30,1429.8261099389686,1434.179628655931,1408.751311009739,1432.0029296875,1318852
2024-12-16 00:00:00+05:30,1432.695429566662,1442.1445395861324,1420.9211819218008,1433.140625,2076469
2024-12-17 00:00:00+05:30,1454.462877574711,1467.3254744512221,1432.6954059375385,1435.5152587890625,3500888
2024-12-18 00:00:00+05:30,1439.6214091791999,1467.275943950708,1437.8403859279717,1456.8375244140625,2499842
2024-12-19 00:00:00+05:30,1434.674243120333,1494.0895937078012,1434.5753242251014,1490.6265869140625,3426222
2024-12-20 00:00:00+05:30,1490.6266880039093,1490.676087064829,1453.5230412690214,1456.4913330078125,2196991
2024-12-23 00:00:00+05:30,1458.3710738829836,1475.240912644782,1443.3812980546315,1460.448974609375,760728
2024-12-24 00:00:00+05:30,1460.3994572410215,1471.876827193401,1445.854876812244,1460.152099609375,909994
2024-12-26 00:00:00+05:30,1460.1521556991613,1479.1491742273213,1450.7525653355212,1474.7957763671875,1254464
2024-12-27 00:00:00+05:30,1472.8662756947272,1496.761047359409,1468.3149193729057,1490.676025390625,1446303
2024-12-30 00:00:00+05:30,1493.0507388527396,1510.5636117320141,1479.2976296933712,1505.3197021484375,1501086
2024-12-31 00:00:00+05:30,1501.8567001965796,1519.715849681568,1498.591530973456,1512.83935546875,1664122
2025-01-01 00:00:00+05:30,1515.7580853381512,1531.4900552659242,1502.6481305283564,1512.938232421875,1578715
2025-01-02 00:00:00+05:30,1518.6769720283692,1527.136530744303,1511.10780418141,1521.645263671875,1448048
2025-01-03 00:00:00+05:30,1522.7335520704094,1522.7335520704094,1489.1918336874992,1495.27685546875,1581838
2025-01-06 00:00:00+05:30,1484.1457971643904,1493.2980295802374,1463.8624712698104,1475.63671875,981443
2025-01-07 00:00:00+05:30,1474.2514716180094,1494.0400819752983,1472.2230907443504,1481.6226806640625,1045516
2025-01-08 00:00:00+05:30,1488.9940367987763,1497.008399979063,1471.8274411665357,1479.0997314453125,1277871
2025-01-09 00:00:00+05:30,1474.3504011378827,1483.5521533323663,1465.3466075164538,1472.470458984375,995821
2025-01-10 00:00:00+05:30,1467.4244191101263,1481.8700809305656,1449.6641891154911,1453.275634765625,930723
2025-01-13 00:00:00+05:30,1444.5686071312068,1448.476809502845,1421.1685504007676,1423.9884033203125,873093
2025-01-14 00:00:00+05:30,1420.8223108190512,1436.6036802351198,1419.2886451102358,1432.4481201171875,1028726
2025-01-15 00:00:00+05:30,1439.5718951685287,1439.621415006855,1414.737213127522,1431.90380859375,1126634
2025-01-16 00:00:00+05:30,1436.4058442758283,1438.9289405664483,1415.7267210012515,1428.2430419921875,1080833
2025-01-17 00:00:00+05:30,1428.2430545269947,1434.328076802406,1418.8434639360653,1427.0557861328125,658778
2025-01-20 00:00:00+05:30,1427.0557536224971,1434.2291252258397,1413.7973598823687,1430.17236328125,738447
2025-01-21 00:00:00+05:30,1435.16904827727,1449.3179538043148,1409.9385686281348,1412.9068603515625,820225
2025-01-22 00:00:00+05:30,1415.9740792390764,1425.719946298514,1405.1892617583364,1424.1864013671875,808605
2025-01-23 00:00:00+05:30,1417.408750138049,1442.7875465381878,1417.408750138049,1435.8121337890625,1070838
2025-01-24 00:00:00+05:30,1429.9744997033001,1435.663725355121,1393.118211784983,1396.4822998046875,1615412
2025-01-27 00:00:00+05:30,1393.2171609764962,1399.945337162196,1369.5697462056996,1381.343994140625,1448841
2025-01-28 00:00:00+05:30,1380.3050838285176,1457.431143912961,1351.6609980432322,1405.5849609375,5627159
2025-01-29 00:00:00+05:30,1424.7799442400246,1439.6214019925249,1395.6906628891056,1408.8995361328125,3775947
2025-01-30 00:00:00+05:30,1415.8751420293934,1454.2650963587216,1410.9279891921137,1442.0455322265625,1773294
2025-01-31 00:00:00+05:30,1444.5685733723512,1475.2409197932711,1436.7520480316464,1463.7635498046875,2083385
2025-02-01 00:00:00+05:30,1463.7635814655507,1470.7885142224,1412.1647540692366,1424.2852783203125,1306859
2025-02-03 00:00:00+05:30,1419.8328679557685,1424.0874677188253,1391.2878201671724,1405.53564453125,1757831
2025-02-04 00:00:00+05:30,1410.8290337998303,1447.78424038243,1408.4543763433378,1433.734375,1750660
2025-02-05 00:00:00+05:30,1442.4413326365964,1442.589771378149,1414.1931623249259,1421.6138916015625,2516488
2025-02-06 00:00:00+05:30,1428.6881621346927,1459.706905801605,1422.949537542192,1455.947021484375,2918537
2025-02-07 00:00:00+05:30,1457.9258750673262,1466.1875957751097,1439.6214103990226,1456.6890869140625,1445335
2025-02-10 00:00:00+05:30,1460.5973826427355,1461.9826096190623,1416.4194036048932,1443.4307861328125,1282801
2025-02-11 00:00:00+05:30,1449.5157433864756,1452.4840350111579,1428.1440678447827,1437.791015625,1938792
2025-02-12 00:00:00+05:30,1437.7910135312181,1446.844327129334,1419.9812638090602,1433.8826904296875,1791670
2025-02-13 00:00:00+05:30,1433.882706345087,1477.2198127953966,1431.804926343792,1456.5902099609375,1879916
2025-02-14 00:00:00+05:30,1462.3783996639627,1464.5056995705088,1423.3454115303036,1444.0244140625,1703559
2025-02-17 00:00:00+05:30,1442.0454435216739,1465.049702799957,1435.9605425302009,1459.063720703125,1113888
2025-02-18 00:00:00+05:30,1459.0637275268837,1468.1664399180727,1450.6040483439142,1466.4349365234375,967394
2025-02-19 00:00:00+05:30,1439.5719709033935,1458.4206717231168,1411.2742805334426,1448.6748046875,1210464
2025-02-20 00:00:00+05:30,1446.5474307155876,1467.3254717860577,1446.052715452005,1464.060302734375,1652209
2025-02-21 00:00:00+05:30,1473.2620540866403,1486.1246509322589,1453.1271670266326,1460.152099609375,1413123
2025-02-24 00:00:00+05:30,1444.5686394320298,1473.2621261056797,1442.1939818961216,1461.1416015625,1403090
2025-02-25 00:00:00+05:30,1455.4523466137928,1466.7318790984302,1439.2256613534455,1447.8831787109375,992994
2025-02-27 00:00:00+05:30,1436.6531438811828,1448.8231878335368,1420.8222552433738,1425.9178466796875,1260808
2025-02-28 00:00:00+05:30,1424.7800288632327,1433.3880265589082,1385.2028058392539,1392.62353515625,3340343
2025-03-03 00:00:00+05:30,1385.2027249114317,1403.1113931274824,1381.2450028402561,1392.6729736328125,854264
2025-03-04 00:00:00+05:30,1387.626797868576,1390.14989403099,1374.6158830289448,1386.9837646484375,1456530
2025-03-05 00:00:00+05:30,1380.3545314246426,1416.7656238520622,1378.3756703314154,1404.7440185546875,2187830
2025-03-06 00:00:00+05:30,1409.888957727051,1448.9714628946317,1404.7439673841152,1446.300048828125,1525159
2025-03-07 00:00:00+05:30,1450.4556411046512,1455.5512325040932,1436.2079380577964,1443.034912109375,678497
2025-03-10 00:00:00+05:30,1442.9360321638137,1466.5339268497924,1441.6003250646258,1447.28955078125,905854
2025-03-11 00:00:00+05:30,1432.6954570508387,1443.5791932577165,1422.8011514082223,1430.46923828125,1231247
2025-03-12 00:00:00+05:30,1426.7587894734986,1441.6002470616418,1422.5537098235247,1438.9288330078125,1254797
2025-03-13 00:00:00+05:30,1441.0066185246183,1450.2082497970384,1430.3702405450367,1446.448486328125,804032
2025-03-17 00:00:00+05:30,1444.4201249781497,1481.1279732288015,1440.3139641513042,1476.823974609375,1329884
2025-03-18 00:00:00+05:30,1476.823974609375,1476.823974609375,1476.823974609375,1476.823974609375,0
2025-03-19 00:00:00+05:30,1498.9872593820864,1498.9872593820864,1480.6827944985428,1483.3048095703125,1015731
2025-03-20 00:00:00+05:30,1483.7995187152699,1501.559748419662,1479.643838020528,1496.0684814453125,984355
2025-03-21 00:00:00+05:30,1497.898988394789,1512.7404471857142,1494.0401849531283,1507.7437744140625,2846648
2025-03-24 00:00:00+05:30,1508.9310809224833,1518.7758664024352,1499.185093559604,1507.941650390625,826040
2025-03-25 00:00:00+05:30,1513.828759869949,1517.786482117975,1489.142515659926,1495.2274169921875,1092805
2025-03-26 00:00:00+05:30,1491.0717984657279,1496.365227608841,1456.7386076226485,1460.5972900390625,1375794
2025-03-27 00:00:00+05:30,1449.218854319582,1473.262064599223,1446.9432365602524,1467.2265625,1848444
2025-03-28 00:00:00+05:30,1459.4100348029904,1463.021480401064,1419.2885784155214,1426.9566650390625,1495932
2025-04-01 00:00:00+05:30,1423.3454014584745,1450.5052224202657,1413.8962911586354,1428.985107421875,1080262
2025-04-02 00:00:00+05:30,1425.7693774174415,1448.5262793470745,1413.3025770380957,1436.9993896484375,1054143
2025-04-03 00:00:00+05:30,1466.3360850367435,1507.1996153406972,1464.3572239233335,1479.8912353515625,3488899
2025-04-04 00:00:00+05:30,1479.8912676908885,1479.8912676908885,1375.358023714775,1400.2916259765625,2768438
2025-04-07 00:00:00+05:30,1321.8792329890116,1386.5384961652014,1320.889802425397,1370.064453125,1604721
2025-04-08 00:00:00+05:30,1380.0578094034336,1422.4053653944447,1368.0362038040096,1417.4088134765625,1324180
2025-04-09 00:00:00+05:30,1401.528329005195,1407.9596273733798,1381.2945232204045,1400.6378173828125,1701314
2025-04-11 00:00:00+05:30,1444.5686142681714,1472.7673851631323,1433.2396826943402,1447.58642578125,2311803
2025-04-15 00:00:00+05:30,1466.5338591751783,1470.1948245441258,1446.6463300047271,1466.13818359375,1720323
2025-04-16 00:00:00+05:30,1451.5934995996029,1483.1563575146047,1448.9220854931682,1480.5838623046875,1023697
2025-04-17 00:00:00+05:30,1482.166902154744,1505.913234365501,1470.2937360493656,1499.18505859375,1211601
2025-04-21 00:00:00+05:30,1508.8815261996372,1508.8815261996372,1489.0929160199698,1495.12841796875,570266
2025-04-22 00:00:00+05:30,1498.8883755469517,1518.479028115226,1486.8172502787286,1512.0477294921875,954974
2025-04-23 00:00:00+05:30,1516.7970709332246,1522.7336543811043,1499.9767511642326,1517.4896240234375,819016
2025-04-24 00:00:00+05:30,1517.4895667349674,1539.55391602865,1508.7826504748418,1535.29931640625,1590469
2025-04-25 00:00:00+05:30,1539.5539300136086,1550.1407885467795,1497.503131796656,1509.7720947265625,1353813
2025-04-28 00:00:00+05:30,1509.772127874733,1548.458838927706,1509.772127874733,1538.6634521484375,1207247
2025-04-29 00:00:00+05:30,1538.5644653993422,1544.10525217981,1514.8181328144005,1525.2071533203125,1385331
2025-04-30 00:00:00+05:30,1525.7019451004096,1554.1975939435076,1521.7442228044295,1533.71630859375,2315010
2025-05-02 00:00:00+05:30,1521.249456144316,1536.0909142530409,1497.5031231703558,1498.4925537109375,1578868
2025-05-05 00:00:00+05:30,1515.8075901640238,1532.6279093760268,1512.1467454710967,1526.5924072265625,786898
2025-05-06 00:00:00+05:30,1513.8286762494904,1515.7086183694785,1479.198608492149,1495.42529296875,1788719
2025-05-07 00:00:00+05:30,1484.1458678698941,1501.757780480657,1483.5522336787662,1492.8529052734375,1424662
2025-05-08 00:00:00+05:30,1484.1457615379347,1492.7537586428182,1462.2793714739607,1471.0853271484375,2773328
2025-05-09 00:00:00+05:30,1454.3639535828822,1470.6895572535693,1448.2294118567497,1464.357177734375,1042380
2025-05-12 00:00:00+05:30,1462.3783272054563,1500.8671990802113,1446.7452764780962,1495.6231689453125,1706217
2025-05-13 00:00:00+05:30,1498.9872536459884,1523.6240980104462,1481.2764229947463,1504.0333251953125,4042184
2025-05-14 00:00:00+05:30,1479.1986922928295,1489.983509589981,1459.014284643316,1479.0008544921875,3417567
2025-05-15 00:00:00+05:30,1479.198658185399,1496.909489018019,1459.410047373554,1486.322509765625,3918531
2025-05-16 00:00:00+05:30,1493.7432217187368,1494.237936983369,1476.230349662791,1484.046875,1660861
2025-05-19 00:00:00+05:30,1484.046916662043,1495.7221247670702,1473.2620994342751,1475.8345947265625,1857648
2025-05-20 00:00:00+05:30,1479.5944850310332,1481.9691425333815,1435.8615817680864,1439.02783203125,3573210
2025-05-21 00:00:00+05:30,1443.5791134437834,1475.24088974961,1439.225595045714,1466.7318115234375,2001251
2025-05-22 00:00:00+05:30,1467.3255027118978,1473.9546390715852,1444.6675190062476,1452.978759765625,1804507
2025-05-23 00:00:00+05:30,1452.9788056009236,1473.262132475162,1445.5580762566901,1468.5128173828125,915286
2025-05-26 00:00:00+05:30,1470.3927596393717,1478.1103664694144,1462.873111393235,1468.5128173828125,885022
2025-05-27 00:00:00+05:30,1469.9969192569179,1476.1314611326136,1460.2016534397667,1464.8519287109375,881728
2025-05-28 00:00:00+05:30,1469.3043638079353,1470.293794355954,1449.515752847559,1452.978759765625,1090511
2025-05-29 00:00:00+05:30,1459.4100968156667,1463.862534399172,1447.5369299263189,1461.2900390625,1384536
2025-05-30 00:00:00+05:30,1460.3994345305168,1473.262031176111,1441.6991737128274,1450.208251953125,7040777
2025-06-02 00:00:00+05:30,1452.4840676732197,1459.2122438191675,1442.5897620351186,1454.6607666015625,962897
2025-06-03 00:00:00+05:30,1456.837556353598,1463.7635701578515,1444.9643898320203,1457.6290283203125,870331
2025-06-04 00:00:00+05:30,1457.6290827943265,1472.2727036969002,1450.4063120251637,1456.3428955078125,1297075
2025-06-05 00:00:00+05:30,1460.3995207646526,1482.9585860641137,1459.410090195029,1474.0537109375,1570159
2025-06-06 00:00:00+05:30,1474.0536882424224,1489.9834960120838,1468.314942714921,1488.3013916015625,861882
2025-06-09 00:00:00+05:30,1495.722096981777,1495.722096981777,1481.1775163754985,1490.676025390625,689631
2025-06-10 00:00:00+05:30,1492.9517229112535,1497.206201642514,1489.092919760507,1494.8316650390625,929786
2025-06-11 00:00:00+05:30,1496.5137421158074,1511.7509971006427,1493.4465314945983,1505.616455078125,1046396
2025-06-12 00:00:00+05:30,1510.8604304562334,1521.645247468816,1478.7039379940018,1486.916259765625,1199034
2025-06-13 00:00:00+05:30,1464.357170674123,1494.5348015562586,1464.357170674123,1489.290771484375,874315
2025-06-16 00:00:00+05:30,1486.0257905929031,1524.7125015508607,1483.9480105612156,1510.8604736328125,2679763
2025-06-17 00:00:00+05:30,1510.8605055001872,1517.1928854094497,1479.693442027197,1487.60888671875,1334810
2025-06-18 00:00:00+05:30,1487.6088182174117,1496.90948945773,1480.089170262721,1482.265869140625,1075494
2025-06-19 00:00:00+05:30,1486.5204877468213,1493.8422979988018,1464.5550569908798,1468.31494140625,1124204
2025-06-20 00:00:00+05:30,1468.3149871613316,1492.2591589903318,1465.4456143107238,1483.8489990234375,1917041
2025-06-23 00:00:00+05:30,1483.8488831716736,1488.993994276599,1466.4349304028979,1483.2552490234375,657381
2025-06-24 00:00:00+05:30,1490.7749867819562,1502.2524779816574,1484.34368809734,1486.5205078125,1351552
2025-06-25 00:00:00+05:30,1493.9412422318037,1501.9556056951055,1484.1458554299463,1494.0401611328125,1032762
2025-06-26 00:00:00+05:30,1495.029594913334,1506.3091275948416,1487.1141503340443,1497.800048828125,1440423
2025-06-27 00:00:00+05:30,1502.0,1508.699951171875,1492.0,1502.4000244140625,1851991
2025-06-30 00:00:00+05:30,1509.4000244140625,1514.699951171875,1500.199951171875,1505.9000244140625,1053681
2025-07-01 00:00:00+05:30,1505.9000244140625,1517.699951171875,1496.199951171875,1515.699951171875,1112637
2025-07-02 00:00:00+05:30,1515.699951171875,1525.0,1493.300048828125,1497.5999755859375,1273704
2025-07-03 00:00:00+05:30,1504.0,1513.199951171875,1498.800048828125,1508.699951171875,869963
2025-07-04 00:00:00+05:30,1508.4000244140625,1521.0,1503.9000244140625,1513.300048828125,1118483
2025-07-07 00:00:00+05:30,1516.0,1519.199951171875,1506.5,1510.5,1061434
2025-07-08 00:00:00+05:30,1505.5,1510.5,1477.0999755859375,1488.300048828125,2197699
2025-07-09 00:00:00+05:30,1486.0,1501.699951171875,1486.0,1491.699951171875,1364142
2025-07-10 00:00:00+05:30,1489.0,1490.9000244140625,1463.199951171875,1477.800048828125,2178068
2025-07-11 00:00:00+05:30,1480.0,1490.5,1470.0,1485.0,920651
2025-07-14 00:00:00+05:30,1488.9000244140625,1492.5,1476.0,1484.0,1554680
2025-07-15 00:00:00+05:30,1483.800048828125,1492.4000244140625,1469.4000244140625,1490.9000244140625,1203850
2025-07-16 00:00:00+05:30,1485.0,1485.0,1468.199951171875,1475.800048828125,1569604
2025-07-17 00:00:00+05:30,1475.0,1489.0,1472.0,1482.4000244140625,1349535
2025-07-18 00:00:00+05:30,1481.0999755859375,1484.800048828125,1470.0,1482.300048828125,1001794
2025-07-21 00:00:00+05:30,1481.0999755859375,1482.5,1468.5,1473.9000244140625,1198993
2025-07-22 00:00:00+05:30,1475.0,1479.4000244140625,1454.5,1464.4000244140625,1908949
2025-07-23 00:00:00+05:30,1465.300048828125,1476.5,1462.4000244140625,1473.5,1268156
2025-07-24 00:00:00+05:30,1470.5,1490.0,1470.300048828125,1487.9000244140625,1389152
2025-07-25 00:00:00+05:30,1485.0,1553.699951171875,1469.0,1532.5,5226395
2025-07-28 00:00:00+05:30,1541.199951171875,1577.0,1520.5,1572.0,3843168
2025-07-29 00:00:00+05:30,1563.4000244140625,1579.4000244140625,1559.5999755859375,1574.0,1303888
2025-07-30 00:00:00+05:30,1574.300048828125,1579.9000244140625,1551.199951171875,1559.4000244140625,1390012
2025-07-31 00:00:00+05:30,1540.0,1564.699951171875,1536.5999755859375,1554.5999755859375,2457841
2025-08-01 00:00:00+05:30,1544.0,1549.699951171875,1494.0,1502.800048828125,2109707
2025-08-04 00:00:00+05:30,1510.0,1519.300048828125,1505.0,1515.0999755859375,549494
2025-08-05 00:00:00+05:30,1513.5,1517.300048828125,1491.0999755859375,1499.800048828125,1156528
2025-08-06 00:00:00+05:30,1498.800048828125,1498.800048828125,1475.0,1486.699951171875,1157300
2025-08-07 00:00:00+05:30,1476.0999755859375,1499.800048828125,1464.0999755859375,1491.0,1882304
2025-08-08 00:00:00+05:30,1483.0,1493.800048828125,1478.300048828125,1485.800048828125,920270
2025-08-11 00:00:00+05:30,1488.0,1514.0,1480.199951171875,1504.800048828125,898160
2025-08-12 00:00:00+05:30,1504.0,1524.9000244140625,1501.0999755859375,1521.5999755859375,910349
2025-08-13 00:00:00+05:30,1521.5999755859375,1567.800048828125,1520.4000244140625,1561.0,1859765
2025-08-14 00:00:00+05:30,1562.5,1574.800048828125,1552.0,1564.0,2535958
2025-08-18 00:00:00+05:30,1566.199951171875,1572.800048828125,1557.5,1565.199951171875,1783835
2025-08-19 00:00:00+05:30,1565.199951171875,1568.699951171875,1546.0999755859375,1548.9000244140625,898746
2025-08-20 00:00:00+05:30,1539.199951171875,1556.9000244140625,1533.4000244140625,1546.0999755859375,936556
2025-08-21 00:00:00+05:30,1540.0999755859375,1596.0,1538.699951171875,1592.800048828125,1698280
2025-08-22 00:00:00+05:30,1590.0,1602.0,1585.0,1592.800048828125,1574526
2025-08-25 00:00:00+05:30,1594.0,1607.800048828125,1592.0,1601.199951171875,1298471
2025-08-26 00:00:00+05:30,1604.0,1604.0999755859375,1573.0,1579.800048828125,2332380
2025-08-28 00:00:00+05:30,1594.0,1594.0,1568.699951171875,1580.300048828125,1903230
2025-08-29 00:00:00+05:30,1578.5,1596.4000244140625,1567.800048828125,1589.4000244140625,1342344
2025-09-01 00:00:00+05:30,1589.4000244140625,1598.0,1583.0,1587.199951171875,783524
2025-09-02 00:00:00+05:30,1587.0,1593.0,1563.300048828125,1569.199951171875,1161872
2025-09-03 00:00:00+05:30,1570.0,1596.4000244140625,1569.0,1578.4000244140625,1160380
2025-09-04 00:00:00+05:30,1599.0,1599.0,1573.699951171875,1577.800048828125,614470
2025-09-05 00:00:00+05:30,1577.800048828125,1585.5999755859375,1550.0,1553.4000244140625,701865
2025-09-08 00:00:00+05:30,1554.5,1564.9000244140625,1538.9000244140625,1541.199951171875,588546
2025-09-09 00:00:00+05:30,1541.199951171875,1555.199951171875,1533.0999755859375,1551.5999755859375,788242
2025-09-10 00:00:00+05:30,1555.0,1571.0,1553.9000244140625,1563.800048828125,718311
2025-09-11 00:00:00+05:30,1563.5,1570.5,1554.0999755859375,1560.800048828125,732911
2025-09-12 00:00:00+05:30,1562.0999755859375,1578.300048828125,1562.0999755859375,1574.5999755859375,785508
2025-09-15 00:00:00+05:30,1568.0,1579.800048828125,1546.0999755859375,1548.300048828125,758979
2025-09-16 00:00:00+05:30,1556.0,1560.199951171875,1550.0,1559.0,471395
2025-09-17 00:00:00+05:30,1556.0,1562.5,1549.0999755859375,1559.5999755859375,785651
2025-09-18 00:00:00+05:30,1560.0,1580.0,1556.4000244140625,1578.199951171875,874860
2025-09-19 00:00:00+05:30,1581.0,1584.9000244140625,1557.5,1575.800048828125,1464121
2025-09-22 00:00:00+05:30,1575.0,1583.199951171875,1540.0,1542.199951171875,1257495
2025-09-23 00:00:00+05:30,1542.199951171875,1550.699951171875,1517.5,1527.0999755859375,1487350
2025-09-24 00:00:00+05:30,1527.0,1542.5,1520.300048828125,1538.0,943785
2025-09-25 00:00:00+05:30,1538.0,1544.800048828125,1505.4000244140625,1509.699951171875,2502680
2025-09-26 00:00:00+05:30,1495.5999755859375,1504.9000244140625,1475.199951171875,1499.4000244140625,2653841
2025-09-29 00:00:00+05:30,1506.9000244140625,1527.300048828125,1485.300048828125,1488.0,1778220
2025-09-30 00:00:00+05:30,1488.0999755859375,1506.5999755859375,1488.0999755859375,1503.300048828125,1040806
2025-10-01 00:00:00+05:30,1505.0,1517.4000244140625,1498.4000244140625,1513.0,1000285
2025-10-03 00:00:00+05:30,1522.0,1537.800048828125,1509.5,1517.699951171875,1070489
2025-10-06 00:00:00+05:30,1511.0,1520.0,1497.800048828125,1513.0999755859375,772031
2025-10-07 00:00:00+05:30,1514.9000244140625,1522.0,1506.199951171875,1513.300048828125,834623
2025-10-08 00:00:00+05:30,1512.0,1519.300048828125,1490.800048828125,1494.5999755859375,1068066
2025-10-09 00:00:00+05:30,1510.0,1516.699951171875,1499.300048828125,1513.0999755859375,878167
2025-10-10 00:00:00+05:30,1513.0,1569.0,1506.9000244140625,1561.800048828125,1495524
2025-10-13 00:00:00+05:30,1559.0,1566.9000244140625,1550.0999755859375,1563.5999755859375,671620
2025-10-14 00:00:00+05:30,1563.0,1566.0999755859375,1537.0999755859375,1552.300048828125,1056222
2025-10-15 00:00:00+05:30,1550.0,1564.800048828125,1546.0,1558.699951171875,1638237
2025-10-16 00:00:00+05:30,1559.0,1572.0,1555.0999755859375,1569.4000244140625,989785
2025-10-17 00:00:00+05:30,1565.300048828125,1582.0999755859375,1558.4000244140625,1577.5999755859375,1222051
2025-10-20 00:00:00+05:30,1590.0,1647.0,1577.9000244140625,1639.0999755859375,3372906
2025-10-21 00:00:00+05:30,1646.699951171875,1669.0,1642.0999755859375,1663.5999755859375,709223
2025-10-23 00:00:00+05:30,1665.0,1673.0,1638.0999755859375,1645.0999755859375,2150725
2025-10-24 00:00:00+05:30,1625.0999755859375,1625.0999755859375,1581.0999755859375,1584.4000244140625,2941997
2025-10-27 00:00:00+05:30,1585.0,1593.800048828125,1575.199951171875,1584.0,1213749
2025-10-28 00:00:00+05:30,1585.800048828125,1589.9000244140625,1562.0999755859375,1568.0999755859375,1489133
2025-10-29 00:00:00+05:30,1575.0,1588.0,1571.699951171875,1581.0999755859375,898965
2025-10-30 00:00:00+05:30,1587.0,1593.300048828125,1504.0,1540.0999755859375,4053965
2025-10-31 00:00:00+05:30,1510.0999755859375,1529.4000244140625,1500.0,1501.300048828125,3365093
2025-11-03 00:00:00+05:30,1502.9000244140625,1514.9000244140625,1490.300048828125,1511.5,1505905
2025-11-04 00:00:00+05:30,1511.5,1524.0,1498.0999755859375,1503.300048828125,1590643
2025-11-05 00:00:00+05:30,1503.300048828125,1503.300048828125,1503.300048828125,1503.300048828125,0
2025-11-06 00:00:00+05:30,1510.800048828125,1512.9000244140625,1498.0,1501.5,1596245
2025-11-07 00:00:00+05:30,1500.0,1510.0,1491.5999755859375,1505.699951171875,1037508
2025-11-10 00:00:00+05:30,1510.0,1516.699951171875,1503.9000244140625,1511.5,1143959
2025-11-11 00:00:00+05:30,1511.300048828125,1517.5,1506.0999755859375,1514.9000244140625,850772
2025-11-12 00:00:00+05:30,1514.9000244140625,1528.0999755859375,1514.0999755859375,1519.300048828125,1179131
2025-11-13 00:00:00+05:30,1520.0,1534.9000244140625,1515.4000244140625,1525.800048828125,1217362
2025-11-14 00:00:00+05:30,1526.9000244140625,1534.4000244140625,1522.0,1532.0999755859375,810970
2025-11-17 00:00:00+05:30,1537.5,1538.4000244140625,1526.5,1535.5999755859375,912322
2025-11-18 00:00:00+05:30,1530.0,1535.0,1512.0999755859375,1514.5,747913
2025-11-19 00:00:00+05:30,1511.4000244140625,1529.5999755859375,1505.4000244140625,1526.800048828125,1171078
2025-11-20 00:00:00+05:30,1526.9000244140625,1534.800048828125,1519.4000244140625,1529.199951171875,896750
2025-11-21 00:00:00+05:30,1521.0999755859375,1527.0,1507.699951171875,1511.800048828125,1126820
2025-11-24 00:00:00+05:30,1515.0,1524.800048828125,1500.0,1504.0,2801854
2025-11-25 00:00:00+05:30,1500.199951171875,1522.699951171875,1500.199951171875,1507.5,908386
2025-11-26 00:00:00+05:30,1505.0,1525.5,1505.0,1523.800048828125,1087736
2025-11-27 00:00:00+05:30,1523.800048828125,1531.5,1520.0999755859375,1525.199951171875,810411
2025-11-28 00:00:00+05:30,1525.199951171875,1535.800048828125,1520.5999755859375,1531.300048828125,991042
2025-12-01 00:00:00+05:30,1532.0,1536.300048828125,1517.5,1523.0999755859375,1010599
2025-12-02 00:00:00+05:30,1520.0,1531.5,1513.199951171875,1516.5999755859375,1760512
2025-12-03 00:00:00+05:30,1516.699951171875,1522.800048828125,1495.0999755859375,1508.0,1034323
2025-12-04 00:00:00+05:30,1503.0999755859375,1525.699951171875,1503.0999755859375,1521.0,726473
2025-12-05 00:00:00+05:30,1525.0,1528.0,1513.5999755859375,1520.800048828125,813485
2025-12-08 00:00:00+05:30,1515.0999755859375,1520.5,1494.300048828125,1497.5999755859375,1263559
2025-12-09 00:00:00+05:30,1497.5999755859375,1502.4000244140625,1486.5,1490.5999755859375,1646840
2025-12-10 00:00:00+05:30,1492.0,1505.699951171875,1484.800048828125,1490.9000244140625,1316274
2025-12-11 00:00:00+05:30,1492.0,1513.4000244140625,1492.0,1512.300048828125,606130
2025-12-12 00:00:00+05:30,1520.0,1524.699951171875,1510.199951171875,1517.4000244140625,1054050
2025-12-15 00:00:00+05:30,1505.0,1515.5,1498.0,1508.0,855508
2025-12-16 00:00:00+05:30,1500.0,1508.9000244140625,1496.0999755859375,1499.5999755859375,789492
2025-12-17 00:00:00+05:30,1497.5999755859375,1505.300048828125,1491.0,1496.9000244140625,1000116
2025-12-18 00:00:00+05:30,1494.800048828125,1511.0,1493.699951171875,1498.9000244140625,974170
2025-12-19 00:00:00+05:30,1495.5,1520.0999755859375,1495.5,1517.0999755859375,769045
2025-12-22 00:00:00+05:30,1513.0,1522.5,1508.199951171875,1512.9000244140625,757496
2025-12-23 00:00:00+05:30,1520.4000244140625,1522.0,1498.300048828125,1500.699951171875,826988
2025-12-24 00:00:00+05:30,1502.5,1508.0,1490.199951171875,1496.300048828125,1022767
2025-12-25 00:00:00+05:30,1496.300048828125,1496.300048828125,1496.300048828125,1496.300048828125,0
2025-12-26 00:00:00+05:30,1496.300048828125,1510.9000244140625,1494.0,1506.0,951555
2025-12-29 00:00:00+05:30,1506.0,1514.5,1492.0,1494.0,1077645
2025-12-30 00:00:00+05:30,1494.0,1498.699951171875,1475.9000244140625,1492.5,1993298
2025-12-31 00:00:00+05:30,1492.5,1513.5999755859375,1490.0999755859375,1511.300048828125,883966
2026-01-01 00:00:00+05:30,1512.0,1512.0,1499.0,1500.9000244140625,228078
2026-01-02 00:00:00+05:30,1500.9000244140625,1517.800048828125,1498.5999755859375,1511.5999755859375,964611
