Date,Open,High,Low,Close,Volume
2021-01-04 00:00:00+05:30,88.44791496930839,89.02959257309989,87.76928452358418,88.70643615722656,11669647
2021-01-05 00:00:00+05:30,88.38326352658123,88.38326352658123,86.86442470584196,87.34915924072266,12371842
2021-01-06 00:00:00+05:30,87.51073467319205,88.73873470686182,86.47664028172962,87.31684875488281,14133415
2021-01-07 00:00:00+05:30,88.22167205810545,88.86798467391576,87.57535944229517,88.22167205810547,17298525
2021-01-08 00:00:00+05:30,88.60947180514881,91.09776969003951,88.60947180514881,90.28987884521484,27964099
2021-01-11 00:00:00+05:30,90.80693103317941,92.42271272416126,90.67767047029062,91.58250427246094,24790683
2021-01-12 00:00:00+05:30,92.09956719246802,95.36344856360861,91.58251501829574,94.7817611694336,28433070
2021-01-13 00:00:00+05:30,95.97743363290306,96.17132941061183,92.74587021091979,94.23239135742188,21154236
2021-01-14 00:00:00+05:30,94.74945342138216,95.78354790777674,93.61840610498342,94.7817611694336,14755992
2021-01-15 00:00:00+05:30,94.87867803570049,95.39573001388435,92.0025893508572,92.58426666259766,10647008
2021-01-18 00:00:00+05:30,92.61661232528593,93.00439402997081,88.28631918696813,89.64356994628906,17085592
2021-01-19 00:00:00+05:30,91.03316601881683,91.71178660052136,90.22527498159606,90.54843139648438,8951075
2021-01-20 00:00:00+05:30,90.80694194564549,91.74409346664473,89.61125940585167,91.45325469970703,11820498
2021-01-21 00:00:00+05:30,91.77640736910048,91.87335033351336,88.2540049741552,88.77105712890625,10828875
2021-01-22 00:00:00+05:30,88.77104775423014,89.0618864787043,85.63642740991787,86.0888442993164,14810848
2021-01-25 00:00:00+05:30,87.1875850879645,87.57537667855351,84.57002636831297,85.21633911132812,10157077
2021-01-27 00:00:00+05:30,85.31328593400688,85.66875993112197,83.18045181326666,83.4712905883789,11638766
2021-01-28 00:00:00+05:30,82.72802398081821,83.9883317487612,82.59876341573798,82.85728454589844,11970139
2021-01-29 00:00:00+05:30,83.535919964683,83.79444111070296,80.95066905668507,81.37077331542969,15268785
2021-02-01 00:00:00+05:30,81.69392425033612,83.8590707557146,81.33845030171787,83.37433624267578,12808349
2021-02-02 00:00:00+05:30,84.66696643647694,85.86264891490163,83.79444031849681,84.82854461669922,15485139
2021-02-03 00:00:00+05:30,84.82855916674671,89.19117078103655,84.82855916674671,88.70643615722656,25483402
2021-02-04 00:00:00+05:30,89.126511079708,93.230600379132,88.41557307717484,92.81050109863281,30751754
2021-02-05 00:00:00+05:30,93.13368165078597,93.26294224287322,90.06369574444645,91.03316497802734,19930467
2021-02-08 00:00:00+05:30,91.16239362879114,92.03490971613263,90.67765918184111,91.48554992675781,11810439
2021-02-09 00:00:00+05:30,91.4532344414045,92.71354206025691,89.64355715851366,89.99903106689453,8579689
2021-02-10 00:00:00+05:30,90.41914230999315,90.83925147995461,88.41557886769301,89.38504791259766,8709612
2021-02-11 00:00:00+05:30,89.38504251192893,90.16061572860248,87.898521427168,88.64177703857422,14150298
2021-02-12 00:00:00+05:30,88.22168936162062,88.54484573290861,85.79801657696072,86.50896453857422,16453706
2021-02-15 00:00:00+05:30,86.9290648317968,87.15527823896434,85.31328295759982,85.47486114501953,10557047
2021-02-16 00:00:00+05:30,85.50717681472528,87.51074037609848,85.50717681472528,86.44432830810547,11735144
2021-02-17 00:00:00+05:30,86.15350218293219,87.73696664351891,85.8949711338469,87.3814926147461,8950258
2021-02-18 00:00:00+05:30,87.25220849034149,91.25934498195267,86.63821344002137,90.45145416259766,22069738
2021-02-19 00:00:00+05:30,90.4514479221303,92.55196390753359,88.7064058451079,89.99903106689453,22944780
2021-02-22 00:00:00+05:30,89.74052131572105,90.0959854071054,87.31684871837838,88.06010437011719,20401387
2021-02-23 00:00:00+05:30,88.93262848559473,89.57894116394368,88.0277848187369,88.4802017211914,19178437
2021-02-24 00:00:00+05:30,90.45146316465707,93.71534437207438,90.16062441313363,93.32755279541016,38775957
2021-02-25 00:00:00+05:30,94.94332746124797,101.9235062830938,94.20007183409464,100.88941192626953,85580477
2021-02-26 00:00:00+05:30,100.92172283185928,105.34896871336625,97.27006006970319,98.36878967285156,94115857
2021-03-01 00:00:00+05:30,100.50160973545304,101.53571384471266,99.3382450780229,99.75835418701172,22306110
2021-03-02 00:00:00+05:30,99.75836067608397,100.92171554724024,98.56267833834764,99.14435577392578,17565134
2021-03-03 00:00:00+05:30,100.1784734137508,101.66499466905445,99.40290010809879,100.11383819580078,17610904
2021-03-04 00:00:00+05:30,99.53215841161679,100.11383591209973,98.04563719022225,98.2718505859375,17162557
2021-03-05 00:00:00+05:30,98.23951430397808,98.69193114746216,96.7529933651468,97.6578369140625,17323282
2021-03-08 00:00:00+05:30,99.46752262085776,100.82478326341423,98.46574580491537,98.9827880859375,18727656
2021-03-09 00:00:00+05:30,100.1461554077896,100.1461554077896,95.97744027722916,98.04563903808594,14621175
2021-03-10 00:00:00+05:30,98.91816614594529,99.04742672066226,96.55911874407455,97.56090545654297,10788943
2021-03-12 00:00:00+05:30,98.2395498079319,98.88586263561565,96.3006113248806,97.27008056640625,14835735
2021-03-15 00:00:00+05:30,97.90516043737584,98.67396776545854,96.76867373591472,98.20599365234375,15783310
2021-03-16 00:00:00+05:30,98.27284443418115,98.97479536316627,96.66839391151318,97.40376281738281,11857531
2021-03-17 00:00:00+05:30,96.96922861271945,97.23663363702714,93.25892524557538,93.49291229248047,15554810
2021-03-18 00:00:00+05:30,94.59595651562526,94.76308718084721,91.05278437275061,91.62103271484375,14401450
2021-03-19 00:00:00+05:30,90.91910054422266,93.5931917366998,89.24779354892445,91.11965942382812,33294812
2021-03-22 00:00:00+05:30,91.98875507331428,91.98875507331428,90.45115036393034,90.68512725830078,11414253
2021-03-23 00:00:00+05:30,90.65168111433246,91.35362178024573,89.6488970763458,90.41769409179688,8887103
2021-03-24 00:00:00+05:30,89.5152023002562,90.35085583256199,88.27844119295291,88.44557189941406,10865477
2021-03-25 00:00:00+05:30,88.2449984884151,88.9803775561574,84.93581308526896,85.63776397705078,18629600
2021-03-26 00:00:00+05:30,86.3062949455761,87.17536639856772,86.03887971316877,86.64055633544922,9505615
2021-03-30 00:00:00+05:30,87.57650168236904,89.88290369413927,87.00825312546401,88.88011932373047,20582346
2021-03-31 00:00:00+05:30,88.91353388387495,88.91353388387495,86.90796545040408,87.14195251464844,14900610
2021-04-01 00:00:00+05:30,87.87731959075536,88.51241420748474,87.30908133403891,88.34528350830078,6226087
2021-04-05 00:00:00+05:30,88.17814548118243,88.31185819009623,85.60433904815145,86.77425384521484,9012457
2021-04-06 00:00:00+05:30,87.47621007796833,88.14473285976145,86.43999772601939,87.1085205078125,6689423
2021-04-07 00:00:00+05:30,87.10851960085598,88.0444474052824,86.74083003452846,87.74361419677734,5657926
2021-04-08 00:00:00+05:30,87.77705521957316,89.41493421740431,87.71019885196802,88.01103210449219,9330363
2021-04-09 00:00:00+05:30,88.01101209079617,88.21157094715505,86.2060027852606,86.57369232177734,10149401
2021-04-12 00:00:00+05:30,85.5709191701421,85.77147805211682,82.62941780358362,83.36479187011719,11334755
2021-04-13 00:00:00+05:30,83.43164064811475,85.87174458796002,83.43164064811475,85.53748321533203,7809483
2021-04-15 00:00:00+05:30,85.53749348034948,87.44278761331486,84.86897065486673,85.73805236816406,8924391
2021-04-16 00:00:00+05:30,86.13917001474938,86.87453900116951,84.9692499714828,85.47064208984375,10358366
2021-04-19 00:00:00+05:30,83.96645056010928,84.23386066165955,82.49570265221794,83.29792785644531,7131534
2021-04-20 00:00:00+05:30,83.5653557834855,84.40100934132036,82.93026111970083,83.23109436035156,7738871
2021-04-22 00:00:00+05:30,83.3313676322201,83.89961098935399,82.89682679426211,83.5987777709961,8514980
2021-04-23 00:00:00+05:30,83.53190668796076,85.06951088959224,83.06394285290244,84.33413696289062,8992991
2021-04-26 00:00:00+05:30,85.40378541478485,85.57091611031281,84.56813193714508,84.86896514892578,4967884
2021-04-27 00:00:00+05:30,84.90238719267003,85.50405867317528,84.63497707906508,85.23664855957031,3982954
2021-04-28 00:00:00+05:30,85.5709204766537,86.54027652000856,85.23665906854177,85.90518188476562,6206074
2021-04-29 00:00:00+05:30,86.74083395744817,86.94139283913799,85.33693708689225,85.6043472290039,8345584
2021-04-30 00:00:00+05:30,85.16982022551555,89.98318826441346,84.90241003995038,88.94697570800781,27396950
2021-05-03 00:00:00+05:30,88.91353581585295,89.2143690472406,87.7101926894536,88.37871551513672,10262391
2021-05-04 00:00:00+05:30,88.61270023063592,90.78539935639236,88.41214134808871,88.77983093261719,9926789
2021-05-05 00:00:00+05:30,88.91352724086472,89.91631138267898,88.57926586025997,89.01380157470703,4877341
2021-05-06 00:00:00+05:30,89.7157619319944,90.55141547122841,89.41492869803992,89.9831771850586,7632817
2021-05-07 00:00:00+05:30,90.51798423043634,92.25614761364146,90.25057918725796,91.48735046386719,12644960
2021-05-10 00:00:00+05:30,91.65447495732465,99.27563038097995,91.65447495732465,98.3062744140625,45098431
2021-05-11 00:00:00+05:30,97.90516104855428,104.79094786041294,97.03607937700639,104.08899688720703,66582000
2021-05-12 00:00:00+05:30,104.22269084845466,106.76307929484234,101.4817537412014,102.61824035644531,42959024
2021-05-14 00:00:00+05:30,104.25613228134686,104.25613228134686,97.67118859059006,98.13915252685547,23140309
2021-05-17 00:00:00+05:30,98.2728592942869,99.71017934648272,96.26729073726064,99.04165649414062,17076463
2021-05-18 00:00:00+05:30,99.67675824983371,100.14472219168033,97.67118975547768,97.90516662597656,10295029
2021-05-19 00:00:00+05:30,97.90516092439438,101.94972585931045,97.00266127500126,101.51519012451172,23999878
2021-05-20 00:00:00+05:30,101.88287021990494,101.88287021990494,97.63775657790377,98.03886413574219,22983457
2021-05-21 00:00:00+05:30,98.27285265451623,100.01101603350693,98.1725783137796,98.40655517578125,13009821
2021-05-24 00:00:00+05:30,99.00821976522697,100.1112781823902,97.37033092643993,99.54302978515625,14192862
2021-05-25 00:00:00+05:30,100.14471735069095,100.2784198703484,98.33970783319435,98.57368469238281,10434892
2021-05-26 00:00:00+05:30,98.80766467535304,98.94136718543409,97.06950144175634,97.40376281738281,9948786
2021-05-27 00:00:00+05:30,97.43720462157096,97.80489422635047,96.33414600808148,96.63497924804688,24064196
2021-05-28 00:00:00+05:30,97.33692218706939,99.47619307232239,96.76867373591472,98.20599365234375,16465504
2021-05-31 00:00:00+05:30,98.30628607091178,99.20878578815483,96.96924038535255,98.7408218383789,11767444
2021-06-01 00:00:00+05:30,99.30905237029064,99.87729056335084,98.20598375873756,98.67395782470703,9307143
2021-06-02 00:00:00+05:30,98.60712475405309,100.21157558496564,98.27286331420885,99.67676544189453,10714318
2021-06-03 00:00:00+05:30,100.2784127501845,100.5458177705126,99.34248497818851,99.64331817626953,9282774
2021-06-04 00:00:00+05:30,99.60989033605414,103.2199091269546,99.075070092738,102.35083770751953,29422387
2021-06-07 00:00:00+05:30,104.2895724609375,106.19486680739075,103.92188282555267,104.45670318603516,31071589
2021-06-08 00:00:00+05:30,105.22548626475962,105.2923426261315,102.15028745777538,104.28955841064453,12874065
2021-06-09 00:00:00+05:30,104.95808647558057,107.89958290793237,103.75474331658245,104.55696868896484,30443113
2021-06-10 00:00:00+05:30,105.0249275426431,106.12798599389414,104.12241775463946,104.62380981445312,11459484
2021-06-11 00:00:00+05:30,104.95807238285724,110.30625441510475,104.72408533860734,108.73522186279297,61728565
2021-06-14 00:00:00+05:30,109.63773290120369,109.63773290120369,103.98871760591489,106.52910614013672,30836595
2021-06-15 00:00:00+05:30,107.69903836353399,108.20043051569039,104.79095980068709,105.05836486816406,30153988
2021-06-16 00:00:00+05:30,105.15863865684841,106.1614228585332,103.52075983426626,103.98872375488281,14098443
2021-06-17 00:00:00+05:30,103.62102261068816,103.88842762095749,101.2143367148752,101.71572875976562,15784276
2021-06-18 00:00:00+05:30,102.28398124127753,102.81880148401584,97.00265557124997,97.8717269897461,24823176
2021-06-21 00:00:00+05:30,97.6043249097921,98.94137045650159,95.93301797640525,98.60710906982422,15038290
2021-06-22 00:00:00+05:30,99.54305006640304,99.94416786392239,98.80768103874999,99.40934753417969,12494441
2021-06-23 00:00:00+05:30,100.17814075345436,100.67953282889538,99.04164388844308,99.24220275878906,7983220
2021-06-24 00:00:00+05:30,99.2422006739981,99.67674658409383,97.60432196880078,97.8717269897461,12929173
2021-06-25 00:00:00+05:30,98.10571871204536,99.77702567477186,98.10571871204536,99.44276428222656,7400514
2021-06-28 00:00:00+05:30,98.33970901557299,99.60989826886339,98.27285265451623,98.40655517578125,8217659
2021-06-29 00:00:00+05:30,98.33972618241624,98.87453636083636,96.23387285169846,96.6015625,21576435
2021-06-30 00:00:00+05:30,97.33692335931288,98.54025623367646,97.00266196069003,98.03886413574219,12919448
2021-07-01 00:00:00+05:30,98.00543555993968,98.47339942724446,97.2700564821413,97.37033081054688,5668038
2021-07-02 00:00:00+05:30,98.27284648510447,99.37590496735322,97.63775189832948,98.70738220214844,20805994
2021-07-05 00:00:00+05:30,98.94137387739994,100.61268086857224,98.67396883915171,100.21156311035156,10401054
2021-07-06 00:00:00+05:30,100.31184418204839,100.74637990438978,98.20599132547217,98.60710906982422,9579038
2021-07-07 00:00:00+05:30,98.60711289652556,99.44276639564866,97.97201827736168,98.64054107666016,6067804
2021-07-08 00:00:00+05:30,98.27286893404448,99.04166620931088,97.13638201375278,97.77147674560547,12349670
2021-07-09 00:00:00+05:30,97.77146291224865,98.60711644141317,97.37034513791019,98.07229614257812,4963821
2021-07-12 00:00:00+05:30,98.13914221153908,98.84109314258014,97.67117832446094,97.8717269897461,4010172
2021-07-13 00:00:00+05:30,98.27284537355801,99.27562951002288,98.03885832804377,99.00822448730469,5717442
2021-07-14 00:00:00+05:30,98.90795396384205,99.87731005956823,98.43999000737242,99.04165649414062,7216739
2021-07-15 00:00:00+05:30,98.94137785307898,99.20878290207213,97.37034513791019,98.07229614257812,7257500
2021-07-16 00:00:00+05:30,98.10572264858186,98.97480434424158,97.13636661147429,97.30349731445312,10819800
2021-07-19 00:00:00+05:30,96.93581246847494,97.87174037058955,96.26728962386477,96.56812286376953,5158738
2021-07-20 00:00:00+05:30,96.60153899683228,96.9692285556749,94.72967322523621,95.53189849853516,6271740
2021-07-22 00:00:00+05:30,96.26727325011898,97.20320099304509,95.76588120194128,96.73523712158203,4772582
2021-07-23 00:00:00+05:30,96.73522152808319,96.93578035519411,95.83272210735258,96.33411407470703,3419739
2021-07-26 00:00:00+05:30,96.26726531982422,97.27004933357239,95.76587331295013,96.26726531982422,4423596
2021-07-27 00:00:00+05:30,96.60153752253603,97.1029295858018,94.99708700042467,95.23106384277344,4245486
2021-07-28 00:00:00+05:30,95.89959482008956,96.467843287541,94.29514416034795,96.30071258544922,8834228
2021-07-29 00:00:00+05:30,96.30069389988677,96.70180138656961,94.86336402027858,95.0304946899414,8237916
2021-07-30 00:00:00+05:30,95.13078605015146,96.86893901907355,94.42883514694277,95.79930877685547,9526451
2021-08-02 00:00:00+05:30,96.46783942749157,96.86894697595285,95.66561412972088,96.20042419433594,6164197
2021-08-03 00:00:00+05:30,96.20042304410737,96.76867148202668,95.59875662818524,96.43441009521484,5648929
2021-08-04 00:00:00+05:30,96.36754757941559,98.50682847898499,96.36754757941559,96.73523712158203,8839351
2021-08-05 00:00:00+05:30,96.93582291663498,97.53748946129471,95.06395670979889,97.23665618896484,6237158
2021-08-06 00:00:00+05:30,97.33691934027644,99.24220311324859,97.10293229056242,97.67118072509766,10812438
2021-08-09 00:00:00+05:30,98.60708253337866,98.84106952142308,95.16419525746659,95.76586151123047,12986298
2021-08-10 00:00:00+05:30,96.06671846505732,96.43440802281822,94.09457836541881,95.06393432617188,14022502
2021-08-11 00:00:00+05:30,95.53189763864118,96.50126379436848,94.36198281703017,96.23384857177734,8356558
2021-08-12 00:00:00+05:30,96.30070638019627,98.07228762787567,96.06671933200563,96.53468322753906,7685737
2021-08-13 00:00:00+05:30,96.96922503078599,97.80487845193919,95.7324538871403,96.10014343261719,9455100
2021-08-16 00:00:00+05:30,96.13358761274836,96.36756448911234,94.76311373374831,94.93024444580078,5259207
2021-08-17 00:00:00+05:30,94.99708308788315,95.29791627328298,91.72131562228708,93.09178924560547,13714266
2021-08-18 00:00:00+05:30,93.09179396477695,93.76031672215417,92.25614051805545,92.49012756347656,7654460
2021-08-20 00:00:00+05:30,91.92188448399527,92.28957406210091,90.25057749337718,90.65169525146484,8877297
2021-08-23 00:00:00+05:30,91.11965470592394,91.18650086176575,88.74639685531103,89.54862213134766,7768805
2021-08-24 00:00:00+05:30,89.81604198386682,91.52076695794061,89.58205492424773,91.05280303955078,7452062
2021-08-25 00:00:00+05:30,91.25336907673835,93.02495054990314,91.25336907673835,92.82440185546875,7817617
2021-08-26 00:00:00+05:30,92.82439752959588,93.19207691949016,91.15309048153581,91.7881851196289,6845692
2021-08-27 00:00:00+05:30,92.18929437110539,93.12523245558877,91.62105608491618,92.62384033203125,4418540
2021-08-30 00:00:00+05:30,92.65725657397145,96.23384714062693,92.65725657397145,95.99987030029297,11333690
2021-08-31 00:00:00+05:30,95.99987495866165,97.70459988112891,95.76588790612597,97.5040512084961,14301855
2021-09-01 00:00:00+05:30,98.005438801873,98.0388567785488,96.20041922408619,96.4009780883789,8415876
2021-09-02 00:00:00+05:30,98.52495771004432,98.52495771004432,96.74355655595302,97.01762390136719,7787657
2021-09-03 00:00:00+05:30,97.22317185859822,100.82022382626772,97.12040312707678,100.27210998535156,12734022
2021-09-06 00:00:00+05:30,101.26557939026382,101.29983911897143,98.86754474515082,100.27210998535156,9712271
2021-09-07 00:00:00+05:30,100.71744847748484,101.47112064112942,99.72397913784475,100.85447692871094,9475870
2021-09-08 00:00:00+05:30,100.9572321293331,102.6701134993279,100.23781986301563,102.19049835205078,7873034
2021-09-09 00:00:00+05:30,102.19053783213046,103.4238149859081,101.40261627936816,101.84796142578125,9519564
2021-09-13 00:00:00+05:30,102.49883561131183,106.81528873162758,102.29328773543983,105.92459869384766,35672746
2021-09-14 00:00:00+05:30,106.43846614272346,106.54123485624336,105.06816087126052,105.99311065673828,8804432
2021-09-15 00:00:00+05:30,106.54123470935299,111.16601499416413,105.68479391586945,110.34383392333984,24591822
2021-09-16 00:00:00+05:30,111.09749244134241,111.6798763464612,107.94579668223862,111.20027160644531,18440504
2021-09-17 00:00:00+05:30,111.47434241651459,111.88543821915665,106.47272560583865,107.3634262084961,17317065
2021-09-20 00:00:00+05:30,106.81529298704119,107.94580112207586,104.69132606401182,105.6505355834961,12541523
2021-09-21 00:00:00+05:30,106.6782930612918,108.25414665413963,105.1366992007107,107.15789794921875,13645046
2021-09-22 00:00:00+05:30,107.74026057934825,111.33731220441393,106.19866702574866,111.0632553100586,18861877
2021-09-23 00:00:00+05:30,112.19374746408691,116.47595156576962,111.74840241935185,114.6603012084961,31399318
2021-09-24 00:00:00+05:30,115.1741611544447,116.09911093113784,111.61135911879877,113.8038558959961,17259638
2021-09-27 00:00:00+05:30,114.42050559249908,115.89357977607112,113.29000777297645,114.45476531982422,9099672
2021-09-28 00:00:00+05:30,115.44823072355156,120.79242391028001,115.20842309510454,119.5934066772461,41551332
2021-09-29 00:00:00+05:30,119.55914128431019,134.975076406929,118.39438383263234,127.23284912109375,100988643
2021-09-30 00:00:00+05:30,128.53465920709291,131.20675073206738,126.13662459841282,126.82177734375,48957916
2021-10-01 00:00:00+05:30,127.02729378414823,130.1104806279829,124.97183588825845,129.28829956054688,25492957
2021-10-04 00:00:00+05:30,131.8919171634509,132.4743012392603,129.01427742535063,130.144775390625,23341448
2021-10-05 00:00:00+05:30,130.86415260608482,136.27685421266423,130.45305684537774,135.62596130371094,42359592
2021-10-06 00:00:00+05:30,137.03053609184167,139.6341183685067,131.3437667531102,132.13169860839844,41926821
2021-10-07 00:00:00+05:30,133.4335011640128,133.57052962627762,129.66516095142194,130.65863037109375,16517664
2021-10-08 00:00:00+05:30,130.932680516806,131.34376584949322,126.13661178658747,129.1170196533203,28978175
2021-10-11 00:00:00+05:30,131.54931964483958,136.82499339384273,131.3095120157301,134.872314453125,34952223
2021-10-12 00:00:00+05:30,136.48243013317878,137.7157072140759,131.03546768503492,132.44003295898438,25216411
2021-10-13 00:00:00+05:30,132.9196387316153,133.29647484986754,129.733682500559,130.21328735351562,17378156
2021-10-14 00:00:00+05:30,130.17902095858568,131.41229798490303,124.90334693697375,125.93107604980469,29542941
2021-10-18 00:00:00+05:30,126.61620969147661,128.6374078842236,125.65698972477325,126.95878601074219,15468914
2021-10-19 00:00:00+05:30,128.32909698338565,129.45959470529667,125.7940341992276,126.4106674194336,17403803
2021-10-20 00:00:00+05:30,125.17740845960667,125.65701330566155,121.54609670301699,123.67007446289062,15921230
2021-10-21 00:00:00+05:30,124.69781347568625,125.38296629698122,122.57383554783085,124.97187042236328,15586097
2021-10-22 00:00:00+05:30,125.65698568837124,126.27362931600095,120.10725576729922,120.51834106445312,13603152
2021-10-25 00:00:00+05:30,120.75815396441907,121.4433066110257,118.5314078629475,119.28507995605469,11744666
2021-10-26 00:00:00+05:30,118.53140909008891,120.58686705118873,117.674968272964,119.93597412109375,11602891
2021-10-27 00:00:00+05:30,120.38132690473343,121.03221987668113,118.39438826308248,118.94251251220703,9535881
2021-10-28 00:00:00+05:30,118.5314153770295,118.5314153770295,113.70108682132296,114.1121826171875,24509136
2021-10-29 00:00:00+05:30,113.05016819927263,116.13335460470735,111.88541098147246,112.67333221435547,14826816
2021-11-01 00:00:00+05:30,113.05020177346896,117.81201121179484,112.22802057876395,116.98983001708984,13585170
2021-11-02 00:00:00+05:30,117.46943484712774,119.0452882355546,115.3454676319447,115.92784118652344,14278962
2021-11-03 00:00:00+05:30,115.24267589262946,117.22962488924374,114.66030240150111,116.3046646118164,8974463
2021-11-04 00:00:00+05:30,117.2981427638867,117.43517121602123,116.30467341766041,116.95556640625,973260
2021-11-08 00:00:00+05:30,117.16111935172628,119.35360604399624,115.44823748985894,117.6407241821289,8761953
2021-11-09 00:00:00+05:30,117.88053132121144,118.12032850808806,116.20190919467038,116.81854248046875,5723308
2021-11-10 00:00:00+05:30,116.40743706381164,117.0583404786006,114.04366239017904,114.21495056152344,9212143
2021-11-11 00:00:00+05:30,113.66682955181551,114.86584678529289,113.18722474934467,114.42050170898438,6453205
2021-11-12 00:00:00+05:30,115.68804989834341,115.68804989834341,113.52981239071725,114.3862533569336,7027513
2021-11-15 00:00:00+05:30,112.53631946402537,114.83158495609032,109.28184447191505,109.45313262939453,19400018
2021-11-16 00:00:00+05:30,110.30958696123308,110.75493204352199,108.66522462936555,108.97354125976562,8505431
2021-11-17 00:00:00+05:30,108.97353751848384,109.11056596566821,106.67827182339416,106.95233917236328,7477627
2021-11-18 00:00:00+05:30,106.91805458443858,108.08281179655636,104.8283372733637,105.1023941040039,12981172
2021-11-22 00:00:00+05:30,104.28021677210548,104.75982146964914,102.15625012452689,103.14971923828125,11522286
2021-11-23 00:00:00+05:30,102.77291375374718,107.3976948726658,102.77291375374718,107.02085876464844,13305061
2021-11-24 00:00:00+05:30,108.45967299788673,110.75492823831878,106.60976282444288,109.00779724121094,18809310
2021-11-25 00:00:00+05:30,110.65216462592197,111.54286525562665,106.88382465414134,108.63096618652344,22402592
2021-11-26 00:00:00+05:30,108.08283664374358,109.21333439827222,106.43847437268366,106.81529998779297,11829847
2021-11-29 00:00:00+05:30,106.81530462736279,107.329169166214,104.07469375348971,105.68480682373047,18176163
2021-11-30 00:00:00+05:30,108.59670395600168,108.59670395600168,103.69786628746078,104.1432113647461,56643275
2021-12-01 00:00:00+05:30,105.23946239919594,107.05511293269407,104.52004994936806,106.57550811767578,16283427
2021-12-02 00:00:00+05:30,107.50046353403945,109.31612461525843,106.30144620769917,109.14483642578125,15647910
2021-12-03 00:00:00+05:30,108.93926815695606,110.10402553689671,108.42540368451759,109.45313262939453,20414051
2021-12-06 00:00:00+05:30,110.36069968762368,110.68742322752699,107.52908090345606,107.85580444335938,24185368
2021-12-07 00:00:00+05:30,108.98120864627062,109.59835072375115,108.29144532621069,109.38053131103516,7866368
2021-12-08 00:00:00+05:30,109.81618966432887,110.17921839049194,108.94492293728901,109.56206512451172,7313306
2021-12-09 00:00:00+05:30,110.17919446785159,111.44979473354346,109.38052701220037,110.8326416015625,9423435
2021-12-10 00:00:00+05:30,110.8326410940271,111.63130854602097,109.56204083415369,109.85247039794922,7419042
2021-12-13 00:00:00+05:30,110.94156875472201,110.94156875472201,107.42018606592886,108.18254852294922,9888293
2021-12-14 00:00:00+05:30,108.1825192067069,108.72706208861986,106.54889056096803,108.10990905761719,8474759
2021-12-15 00:00:00+05:30,108.29144218561112,109.3442341367468,107.42017563877057,107.52909088134766,5410912
2021-12-16 00:00:00+05:30,107.52909117845667,108.98120578678825,107.12975744541443,108.72708129882812,7539061
2021-12-17 00:00:00+05:30,108.2551669243254,108.47297528967546,106.00438446647948,106.33110809326172,8758284
2021-12-20 00:00:00+05:30,105.53243064679623,105.75023896896316,101.03086662359397,102.15625762939453,8858645
2021-12-21 00:00:00+05:30,102.9549284999209,106.00436697805921,102.66449892944014,105.02418518066406,8097050
2021-12-22 00:00:00+05:30,105.60501636931713,108.4729400622018,104.87895917725753,105.53241729736328,6798820
2021-12-23 00:00:00+05:30,106.18590449702454,107.42019997457174,106.00439013036296,107.23868560791016,4857807
2021-12-24 00:00:00+05:30,107.45649529759451,107.56539947619073,105.56874162437732,105.93177032470703,4568316
2021-12-27 00:00:00+05:30,105.2783250603639,106.36741118167801,104.62487781907821,106.04068756103516,3534825
2021-12-28 00:00:00+05:30,106.18587791441834,108.36404976907308,106.18587791441834,108.0736312866211,4907497
2021-12-29 00:00:00+05:30,108.36405535410373,108.36405535410373,106.22218846905346,106.54891204833984,4216568
2021-12-30 00:00:00+05:30,106.54890034956405,108.1825291453836,104.47963277669089,106.14956665039062,24782255
2021-12-31 00:00:00+05:30,105.96807738811144,107.12977368234927,105.53244958683996,106.04068756103516,5320232
2022-01-03 00:00:00+05:30,106.91192077888404,113.22861608962768,106.7304064821457,112.75668334960938,29486720
2022-01-04 00:00:00+05:30,113.26491771024816,113.73685043587294,110.61481349019553,111.08674621582031,13744440
2022-01-05 00:00:00+05:30,111.08677853202505,112.03065533661052,110.43333132510391,111.59501647949219,8454060
2022-01-06 00:00:00+05:30,112.1758629775488,112.72040600171167,111.12308201325186,112.2847671508789,12446900
2022-01-07 00:00:00+05:30,112.5388946006052,114.31773297692799,112.5025895156279,113.95470428466797,11679683
2022-01-10 00:00:00+05:30,114.57184456501591,116.89522571756427,114.02730158807073,116.67740631103516,14655298
2022-01-11 00:00:00+05:30,116.64111554771345,116.64111554771345,114.78967806184228,115.11640167236328,7670386
2022-01-12 00:00:00+05:30,116.45957872923057,116.71370319880127,115.08007438264387,115.69722747802734,6334581
2022-01-13 00:00:00+05:30,115.69723035586497,120.85223032337824,115.44310587997322,119.61793518066406,20271714
2022-01-14 00:00:00+05:30,119.61793518066406,120.63441092672169,118.52884927613601,119.61793518066406,10211720
2022-01-17 00:00:00+05:30,120.23509877080834,120.59812743729175,117.65759302302497,118.85558319091797,8384625
2022-01-18 00:00:00+05:30,119.07340416840124,120.16249018213661,116.38699421693848,116.7500228881836,6574122
2022-01-19 00:00:00+05:30,116.89522411056339,119.69054911862237,116.75001486779196,119.00078582763672,11503199
2022-01-20 00:00:00+05:30,119.43644349297482,122.1591587701703,118.96451060976366,119.83577728271484,17462235
2022-01-21 00:00:00+05:30,118.56516746723526,118.56516746723526,114.35403262160895,115.26160430908203,14466758
2022-01-24 00:00:00+05:30,114.86226972124712,116.45959366391185,112.39367918065216,113.4827651977539,10854431
2022-01-25 00:00:00+05:30,112.53889429024898,117.3308774463686,112.03065633823785,117.00414276123047,7267866
2022-01-27 00:00:00+05:30,115.37051821646497,117.11306265072427,114.71707097784078,116.56851959228516,9269062
2022-01-28 00:00:00+05:30,116.60478294825808,119.79942998296943,116.60478294825808,117.36713409423828,10310726
2022-01-31 00:00:00+05:30,118.63776367749551,118.63776367749551,115.55202001492978,116.02396392822266,5811200
2022-02-01 00:00:00+05:30,117.62129688942501,118.67407788657289,115.15270620102612,118.38365936279297,7248713
2022-02-02 00:00:00+05:30,118.34732448295664,119.5090204431252,117.80278157889396,118.9644775390625,5369074
2022-02-03 00:00:00+05:30,118.41995009488903,119.18230139709982,116.60480684437728,117.11304473876953,4654885
2022-02-04 00:00:00+05:30,117.11305299003963,118.20213901707889,116.16917621752108,116.4595947265625,6402287
2022-02-07 00:00:00+05:30,116.6410902209634,118.34732915251669,115.91503298689888,116.8589096069336,5871041
2022-02-08 00:00:00+05:30,117.51238145849092,117.98431428412523,114.97118084314053,116.13286590576172,14158927
2022-02-09 00:00:00+05:30,116.53220029739252,122.95781203501265,116.16917163602993,122.41326904296875,35079516
2022-02-10 00:00:00+05:30,122.70367581997262,123.64755246510792,119.79944680648215,122.01392364501953,17724098
2022-02-11 00:00:00+05:30,121.94133075540354,122.92151261775479,119.94467302589669,120.8885498046875,10097767
2022-02-14 00:00:00+05:30,120.59809728102373,120.70700142223436,117.00410551853231,117.36713409423828,9478670
2022-02-15 00:00:00+05:30,118.16582775180827,119.69055254139828,116.06026597452244,118.81927490234375,16850616
2022-02-16 00:00:00+05:30,119.98095319514469,120.52549609920737,118.202115257624,118.9644775390625,10653203
2022-02-17 00:00:00+05:30,119.58164962183079,120.16249774814716,118.12953484541814,118.38365936279297,6906440
2022-02-18 00:00:00+05:30,118.34735706924727,122.1591584472445,118.05693853861686,121.46940612792969,23740696
2022-02-21 00:00:00+05:30,122.10555247812391,122.36750583539836,119.63575874410039,120.64612579345703,14870901
2022-02-22 00:00:00+05:30,119.37381412771158,120.23449850167353,116.38011345993199,119.67317962646484,11654816
2022-02-23 00:00:00+05:30,120.00994935383058,121.46937577161066,118.40082880494785,118.62535858154297,7627472
2022-02-24 00:00:00+05:30,115.25746378580729,117.35305632047044,111.51533833821614,112.26376342773438,12115340
2022-02-25 00:00:00+05:30,113.94771943880143,123.41529221659553,113.94771943880143,122.330078125,17079977
2022-02-28 00:00:00+05:30,121.58164723605388,127.1948351178667,120.15964420735196,126.89546966552734,20872239
2022-03-02 00:00:00+05:30,127.98067723756142,138.94509911123518,127.98067723756142,138.30894470214844,72648396
2022-03-03 00:00:00+05:30,141.90136952507288,148.00102806042497,139.84320099325913,141.41488647460938,74050073
2022-03-04 00:00:00+05:30,141.4148962922505,142.94916977013014,135.09070755763608,135.4649200439453,36095156
2022-03-07 00:00:00+05:30,139.16964470102658,143.69761882832714,135.98883803425372,141.22781372070312,41642776
2022-03-08 00:00:00+05:30,141.45233126715152,143.4730765726703,139.6561157555925,141.56459045410156,22940456
2022-03-09 00:00:00+05:30,142.2007711717851,142.64983080666775,138.90770524951552,139.69354248046875,13870658
2022-03-10 00:00:00+05:30,137.7102129519878,137.7102129519878,132.50866099678075,133.9306640625,30890343
2022-03-11 00:00:00+05:30,135.4649415573687,136.58757919458444,134.15519764728364,136.02626037597656,14663558
2022-03-14 00:00:00+05:30,135.46495690396938,136.32564128864942,133.1074221667593,134.97848510742188,8306420
2022-03-15 00:00:00+05:30,134.641654504549,134.71650157344686,128.3548889991452,129.40267944335938,14074860
2022-03-16 00:00:00+05:30,129.4775246396243,133.06996691363727,129.40267757180897,132.39637756347656,11846738
2022-03-17 00:00:00+05:30,133.96811522455482,134.71654044927303,131.34862693804118,132.1344757080078,20052773
2022-03-21 00:00:00+05:30,133.10740734890712,139.469020638969,132.8454539983509,136.43789672851562,20271556
2022-03-22 00:00:00+05:30,137.44827329022905,139.05739420377012,135.09073865186377,137.2237548828125,12372751
2022-03-23 00:00:00+05:30,136.66241755729195,137.89731431146018,134.1926126288956,136.99920654296875,13731315
2022-03-24 00:00:00+05:30,137.48568184471353,141.07812443257905,137.18631638741647,140.25485229492188,16323203
2022-03-25 00:00:00+05:30,140.25486492054782,141.37750261656095,138.15928369070562,139.28192138671875,10044811
2022-03-28 00:00:00+05:30,139.28192189371129,144.96994605551237,138.83286224564696,143.1363067626953,19132062
2022-03-29 00:00:00+05:30,143.6976121471774,143.84729487581868,138.83284923594485,139.20706176757812,10622472
2022-03-30 00:00:00+05:30,140.66644966948908,140.66644966948908,136.2133240518068,136.88690185546875,10298319
2022-03-31 00:00:00+05:30,137.82246723906096,138.38378602187558,135.95140462967885,136.99920654296875,9435203
2022-04-01 00:00:00+05:30,137.56052863560964,140.14259281467167,137.18631610472934,139.31932067871094,13505929
2022-04-04 00:00:00+05:30,138.8328436027354,141.45233121788138,138.15926564115034,140.5167999267578,9490374
2022-04-05 00:00:00+05:30,140.70393644287813,141.41493809301855,139.84325203798113,140.62908935546875,7637664
2022-04-06 00:00:00+05:30,141.22780327470528,147.43973341318122,140.92843782564663,145.0821990966797,46157039
2022-04-07 00:00:00+05:30,145.94289157212484,147.47716528035673,142.12591907067585,142.7620849609375,21712301
2022-04-08 00:00:00+05:30,145.7183688193006,148.78691638436447,143.95957663644876,145.60610961914062,20151959
2022-04-11 00:00:00+05:30,145.56867383715826,148.18816154116882,144.70798958815024,146.9906768798828,12393619
2022-04-12 00:00:00+05:30,146.50420613442697,146.50420613442697,137.934741444037,139.20706176757812,18907630
2022-04-13 00:00:00+05:30,140.70391849942487,143.17372360816097,138.98253848909,139.6561279296875,14216953
2022-04-18 00:00:00+05:30,139.656118993238,142.87433757438413,138.15926889221748,141.78912353515625,13052104
2022-04-19 00:00:00+05:30,143.28598755498462,152.11740629290207,142.68724517240253,148.00106811523438,59341710
2022-04-20 00:00:00+05:30,149.6475985837845,153.838783771262,147.5145938705636,149.01144409179688,38356653
2022-04-21 00:00:00+05:30,150.58313074298502,155.5975767257764,150.43344800410756,154.84915161132812,43683145
2022-04-22 00:00:00+05:30,154.21299314111755,156.42084488781865,150.6205504003517,151.29412841796875,24007670
2022-04-25 00:00:00+05:30,149.42306944200246,151.3315557667137,139.76839003943155,141.04071044921875,26465084
2022-04-26 00:00:00+05:30,143.84729274077756,143.92213981401738,141.04069879518462,143.24855041503906,20819291
2022-04-27 00:00:00+05:30,142.79953265510625,143.5479578666948,139.65614905044686,140.32972717285156,12214126
2022-04-28 00:00:00+05:30,141.45233186378428,144.0718194908914,140.0677409785752,142.3878631591797,12706800
2022-04-29 00:00:00+05:30,144.0718467381742,144.44605932710454,136.1385352848266,136.84954833984375,21654415
2022-05-02 00:00:00+05:30,136.73726872233604,141.37750223602143,133.85583882902822,140.4419708251953,21289439
2022-05-04 00:00:00+05:30,141.26524361936674,142.72467034228305,139.5812870729107,140.2174530029297,18239949
2022-05-05 00:00:00+05:30,141.82653421638628,143.66017313992145,138.23409201554782,139.09478759765625,12651103
2022-05-06 00:00:00+05:30,138.0844241793678,141.41491342705328,136.99921012159078,140.25485229492188,14257553
2022-05-09 00:00:00+05:30,139.16963460182802,139.16963460182802,135.8765689773395,136.99920654296875,10549451
2022-05-10 00:00:00+05:30,136.21335286242942,137.59794370954933,126.33414493883654,127.2696762084961,19965511
2022-05-11 00:00:00+05:30,128.5045822744713,130.0014324149312,123.67724285550013,127.12000274658203,20641617
2022-05-12 00:00:00+05:30,125.62316408680955,127.38195631054961,123.22819450714947,125.02442169189453,10406343
2022-05-13 00:00:00+05:30,127.23227043097171,129.96401755161227,125.73542019060734,126.25931549072266,11590435
2022-05-16 00:00:00+05:30,126.85805988892633,129.32786510882917,125.62316298900552,128.5045928955078,7437937
2022-05-17 00:00:00+05:30,129.7768955025775,138.45863040981112,129.58978924526693,138.12184143066406,28092052
2022-05-18 00:00:00+05:30,139.4690427462465,140.32972717154027,136.06370574953795,138.87030029296875,15425248
2022-05-19 00:00:00+05:30,135.53978836647414,137.33600401444264,135.24041147843903,135.6146240234375,9396007
2022-05-20 00:00:00+05:30,138.0844330889985,139.84323666926755,137.37343151699687,139.16964721679688,6365038
2022-05-23 00:00:00+05:30,139.16961952073953,139.76836177487118,136.51270861932062,137.93472290039062,7794071
2022-05-24 00:00:00+05:30,137.29857197528617,139.76837690337382,135.61461562705276,136.47531127929688,8572565
2022-05-25 00:00:00+05:30,137.85987430303538,138.87025255940034,134.75391531060143,135.24038696289062,7926434
2022-05-26 00:00:00+05:30,137.67280585026703,139.20707971174753,133.03257214388776,137.14891052246094,23140556
2022-05-27 00:00:00+05:30,138.08442662112776,141.1903861207333,135.09072631497864,136.10110473632812,16408080
2022-05-30 00:00:00+05:30,137.71023575400062,140.6290894438051,136.62502150625596,140.10519409179688,10577525
2022-05-31 00:00:00+05:30,139.20707182009278,146.1300041552318,138.6083294422307,144.37120056152344,21380248
2022-06-01 00:00:00+05:30,145.56868330700956,147.6642758905571,144.5957283839274,146.72874450683594,30867456
2022-06-02 00:00:00+05:30,147.0655396564925,149.08628524562286,145.4190066364626,148.33786010742188,17646759
2022-06-03 00:00:00+05:30,149.68503380789974,150.43345897693925,146.8410158815373,147.43975830078125,25335178
2022-06-06 00:00:00+05:30,147.06552422180962,147.29005402371752,144.59571924094277,145.83062744140625,22020642
2022-06-07 00:00:00+05:30,144.93249972247267,149.64757960540078,144.89508760773518,147.8513641357422,12961285
2022-06-08 00:00:00+05:30,148.18816183503833,151.14443853712933,147.06552424537895,147.92620849609375,13059792
2022-06-09 00:00:00+05:30,147.4023138043945,149.98437798651605,147.06552481021524,148.74948120117188,10562238
2022-06-10 00:00:00+05:30,147.70167848793204,149.16110495559903,146.8784064189613,148.56236267089844,6741014
2022-06-13 00:00:00+05:30,147.1778074678171,147.7391263543001,141.86399552781526,142.98663330078125,8516696
2022-06-14 00:00:00+05:30,141.52719428566454,145.56868535209418,141.52719428566454,143.84730529785156,6727598
2022-06-15 00:00:00+05:30,143.80984466904135,145.08217617668817,141.56456989562895,142.2381591796875,5805589
2022-06-16 00:00:00+05:30,143.36083757254588,144.2963689957287,134.04294688165737,134.6416778564453,14490962
2022-06-17 00:00:00+05:30,134.7164922745329,138.3463578843979,134.26743273226103,136.69981384277344,15215695
2022-06-20 00:00:00+05:30,136.13854713006185,136.13854713006185,130.78731121077905,132.3590087890625,23276003
2022-06-21 00:00:00+05:30,133.2196523291575,138.94509911123518,133.2196523291575,138.30894470214844,7564329
2022-06-22 00:00:00+05:30,138.271516614681,138.271516614681,133.96807293113883,134.2300262451172,6560404
2022-06-23 00:00:00+05:30,134.94104190759583,136.2133622378938,130.8621275751435,132.58349609375,9304799
2022-06-24 00:00:00+05:30,133.70616182787842,135.01590597113523,130.82473156475098,132.1344757080078,8171322
2022-06-27 00:00:00+05:30,134.716489524743,136.81208164580622,132.80800363913082,136.25076293945312,7063839
2022-06-28 00:00:00+05:30,135.57719246027764,139.91806000934153,135.27782701002218,139.5064239501953,9844211
2022-06-29 00:00:00+05:30,139.20707441923633,142.38788122720277,137.44827079268924,141.26524353027344,16856241
2022-06-30 00:00:00+05:30,140.77874682291417,141.4523247537177,136.62498579613444,138.90768432617188,8693744
2022-07-01 00:00:00+05:30,138.45865455200695,139.31933891768395,132.17188777821076,137.14891052246094,17248729
2022-07-04 00:00:00+05:30,137.1488705856064,138.98250940901485,134.04291164514262,136.25076293945312,8780396
2022-07-05 00:00:00+05:30,136.9617764191364,138.6083091521852,136.02624515944285,136.55014038085938,5313753
2022-07-06 00:00:00+05:30,136.58760354793304,136.84955694468016,133.2196900357922,135.98886108398438,9367397
2022-07-07 00:00:00+05:30,137.67278810386966,139.65612137356212,135.80172544570328,139.20706176757812,6322630
2022-07-08 00:00:00+05:30,139.99293243614284,143.62278771315047,139.99293243614284,142.0511016845703,14647592
2022-07-11 00:00:00+05:30,141.41493028926737,145.41900942340496,140.55424593186584,144.7080078125,9048841
2022-07-12 00:00:00+05:30,144.2963529387077,146.1674155768651,143.77245768403566,145.11961364746094,6942704
2022-07-13 00:00:00+05:30,145.11961063914816,146.80356697858156,144.4460326713987,144.78282165527344,7842930
2022-07-14 00:00:00+05:30,145.1944667498271,146.27968084100698,142.4252962143837,143.69761657714844,6795141
2022-07-15 00:00:00+05:30,144.44601118357238,145.1195890511202,141.7516768732649,144.74537658691406,5610793
2022-07-18 00:00:00+05:30,145.56868034569737,147.36489599787708,145.08220860408304,146.39195251464844,7600779
2022-07-19 00:00:00+05:30,145.9054695677745,149.38565310157958,145.1944680135758,148.37527465820312,9913955
2022-07-20 00:00:00+05:30,149.38564102339456,149.98437191322003,147.73909681619543,148.07589721679688,5519522
2022-07-21 00:00:00+05:30,148.07588829082997,149.2733614183573,146.91582727661674,148.63720703125,6167419
2022-07-22 00:00:00+05:30,148.63722501904329,149.5727563662929,147.29005759499177,147.51458740234375,4844223
2022-07-25 00:00:00+05:30,147.81395605043284,150.95733916091092,145.64352784607098,150.3585968017578,10207034
2022-07-26 00:00:00+05:30,150.77023667405163,152.15482770061368,149.34823352790215,151.40640258789062,12853314
2022-07-27 00:00:00+05:30,151.48124117618335,153.20262125274337,151.0321929519032,152.26708984375,7343180
2022-07-28 00:00:00+05:30,152.67870790819723,153.4271329469629,150.6953861234921,151.81802368164062,5096403
2022-07-29 00:00:00+05:30,152.37933539157214,159.00288982533425,152.1173820721327,158.1047821044922,12477455
2022-08-01 00:00:00+05:30,159.04031074425308,159.93841845032645,157.0195655505732,159.2274169921875,7849924
2022-08-02 00:00:00+05:30,159.41453908461727,162.59534561564837,158.40416067732448,161.09849548339844,12615631
2022-08-03 00:00:00+05:30,160.8739714599363,160.8739714599363,156.27116170590762,158.740966796875,9949919
2022-08-04 00:00:00+05:30,158.77833350119474,159.75128812784104,154.28778422749542,155.0362091064453,8058280
2022-08-05 00:00:00+05:30,155.29822990724165,157.35639921926534,153.98848579959022,156.0092315673828,31999040
2022-08-08 00:00:00+05:30,156.79503623927084,161.77205788122882,154.9613972880263,161.2107391357422,16358151
2022-08-10 00:00:00+05:30,161.54757440205537,164.99032326573092,161.24819748778256,164.54127502441406,14267910
2022-08-11 00:00:00+05:30,171.48410217106178,172.0911278571892,165.41386846589145,165.869140625,28800337
2022-08-12 00:00:00+05:30,166.17263525249183,168.63866751080508,165.22416130698676,168.1833953857422,8861089
2022-08-16 00:00:00+05:30,170.27003517032912,170.27003517032912,167.27285986911167,169.13186645507812,7844356
2022-08-17 00:00:00+05:30,169.58713095968724,169.58713095968724,167.04521631184537,168.03163146972656,6119157
2022-08-18 00:00:00+05:30,168.03164128201522,168.9421739509033,167.38668594815954,168.25927734375,4233196
2022-08-19 00:00:00+05:30,168.18338103452623,168.18338103452623,163.66864775477785,164.7688751220703,8783707
2022-08-22 00:00:00+05:30,163.59277824216878,167.65223947167712,162.41666832406816,165.6414794921875,10390480
2022-08-23 00:00:00+05:30,164.65508543894575,169.7389037336623,164.35157839193795,169.0939483642578,9344364
2022-08-24 00:00:00+05:30,169.01806162408647,171.4840939485681,168.4489772415138,169.70095825195312,10825973
2022-08-25 00:00:00+05:30,169.73888146289232,172.35666702853322,169.73888146289232,170.6494140625,13077805
2022-08-26 00:00:00+05:30,172.77402423899613,176.0367771658705,171.86349150030028,174.4812774658203,12673156
2022-08-29 00:00:00+05:30,167.99370943601937,175.7332665010165,167.99370943601937,174.9744873046875,8757016
2022-08-30 00:00:00+05:30,175.88500898938074,178.69248952404212,175.16417111370498,178.16134643554688,12991363
2022-09-01 00:00:00+05:30,177.8198837919482,179.67889024076655,174.17774185623367,174.746826171875,9682321
2022-09-02 00:00:00+05:30,175.27798991243,176.37821740362935,173.15340590091148,173.98806762695312,4599518
2022-09-05 00:00:00+05:30,174.5191946469323,176.3023301799798,173.38102598619145,175.73324584960938,4909470
2022-09-06 00:00:00+05:30,176.56787109375,178.04748782905668,175.2779491085608,176.56787109375,5307321
2022-09-07 00:00:00+05:30,176.75758668142663,181.57583853364338,176.30232617430426,181.23439025878906,12751679
2022-09-08 00:00:00+05:30,182.48638799193623,182.48638799193623,178.35104388527597,179.413330078125,7677716
2022-09-09 00:00:00+05:30,180.21005190043203,180.5894414833803,177.0611229931818,180.2859344482422,8436280
2022-09-12 00:00:00+05:30,180.96881765938218,181.38614848531788,173.00163700771128,175.65736389160156,19053188
2022-09-13 00:00:00+05:30,176.5679013860612,178.54073175696496,175.0124018526237,175.505615234375,9884429
2022-09-14 00:00:00+05:30,174.63298997935885,177.40254039926512,174.1777295059566,175.99879455566406,7705022
2022-09-15 00:00:00+05:30,176.87141196643427,178.2751463476614,176.2264451034041,177.74400329589844,5386854
2022-09-16 00:00:00+05:30,177.4404863763788,177.554298603238,174.17773412917094,175.31590270996094,8750965
2022-09-19 00:00:00+05:30,175.24006464054176,176.5299870438118,173.53281133614104,174.44334411621094,4011597
2022-09-20 00:00:00+05:30,175.2779869153481,177.4025708905383,173.53279252222572,174.4053955078125,6890375
2022-09-21 00:00:00+05:30,174.40539027527996,176.567903881356,172.35667733113831,175.6953125,5673523
2022-09-22 00:00:00+05:30,174.48126238832126,175.50561886711853,171.10469750265943,172.2808074951172,7677219
2022-09-23 00:00:00+05:30,170.72531900351518,172.20493611926864,167.69020222123046,169.0939483642578,5495315
2022-09-26 00:00:00+05:30,167.6901764128435,168.52483803073372,161.24055424311874,163.5168914794922,7832594
2022-09-27 00:00:00+05:30,163.8962973002857,166.70377785509706,161.43026504923972,162.3028564453125,5795048
2022-09-28 00:00:00+05:30,160.63354970531424,161.92347199261172,158.50896569079706,159.95065307617188,6134706
2022-09-29 00:00:00+05:30,160.70942716839036,163.2513303880225,159.83682419426654,162.3028564453125,8962595
2022-09-30 00:00:00+05:30,161.6199571589278,163.89629458370143,157.71224921095342,161.05087280273438,12875386
2022-10-03 00:00:00+05:30,161.6199769247637,165.4138730967065,161.08883377630215,163.09959411621094,11397506
2022-10-04 00:00:00+05:30,165.6414762715739,169.96651473264276,165.48972277045834,169.39743041992188,10862095
2022-10-06 00:00:00+05:30,170.72530415635038,177.63019886678305,170.45972682977578,177.1749267578125,12795784
2022-10-07 00:00:00+05:30,176.79553840176237,177.21286924149686,172.84988921656068,174.29156494140625,14641624
2022-10-10 00:00:00+05:30,172.24287025880525,176.03676607948378,171.93936322437148,174.4053955078125,10850668
2022-10-11 00:00:00+05:30,175.2400268997769,175.2400268997769,169.9665145886411,171.06674194335938,19154740
2022-10-12 00:00:00+05:30,171.1426199446979,176.7955216474285,171.1426199446979,176.1126251220703,9256951
2022-10-13 00:00:00+05:30,176.18851356403673,178.76836958059502,175.35386345889646,177.97164916992188,7231841
2022-10-14 00:00:00+05:30,181.31023601524217,181.31023601524217,178.5786386181036,179.33741760253906,6241886
2022-10-17 00:00:00+05:30,179.33745083757753,181.0067625970848,176.71965359370301,180.5894317626953,5623812
2022-10-18 00:00:00+05:30,180.96882074432713,183.7383599106616,179.71683982322813,183.39691162109375,6674374
2022-10-19 00:00:00+05:30,183.62457433775285,184.38335357055348,179.8306781737497,180.7412109375,13886387
2022-10-20 00:00:00+05:30,179.83066694964018,184.00395246956853,177.2508223503596,182.86578369140625,10755972
2022-10-21 00:00:00+05:30,182.8657692555277,183.13134658068753,180.62737315079008,181.12057495117188,3285505
2022-10-24 00:00:00+05:30,182.7898961948986,183.39692184243452,182.1069995777027,182.48638916015625,730136
2022-10-25 00:00:00+05:30,182.486361554897,182.82780981184305,180.55147266147011,182.06903076171875,6976548
2022-10-27 00:00:00+05:30,182.82784300840365,183.32105642736826,181.34822590761294,182.78990173339844,6422639
2022-10-28 00:00:00+05:30,183.62455236617998,188.0254737054424,182.5243249258771,185.44561767578125,14076967
2022-10-31 00:00:00+05:30,186.65967589326578,187.79784464871253,184.80066924164637,186.62173461914062,8365329
2022-11-01 00:00:00+05:30,187.41844520234216,187.41844520234216,184.57302346344022,186.3940887451172,8813106
2022-11-02 00:00:00+05:30,186.39406499206393,189.39125143753594,183.7383383741869,186.5078887939453,14974441
2022-11-03 00:00:00+05:30,185.14212000362193,187.8737296840763,182.86578246259378,186.81143188476562,6754654
2022-11-04 00:00:00+05:30,187.19080310596382,188.70836131773177,186.28027049451313,186.69760131835938,5511411
2022-11-07 00:00:00+05:30,187.64606437103453,190.71912188811825,187.22873357127384,189.3533172607422,10513106
2022-11-09 00:00:00+05:30,193.86806707114587,199.8624175470178,193.14722921565,194.095703125,40391668
2022-11-10 00:00:00+05:30,195.72706992093836,197.66194728256977,191.2882077403786,192.42637634277344,20832572
2022-11-11 00:00:00+05:30,196.3720272367035,196.44790978001768,191.5158454939109,192.1608123779297,20165337
2022-11-14 00:00:00+05:30,193.14722142287334,194.43714357193565,186.84935260327475,187.5701904296875,18762693
2022-11-15 00:00:00+05:30,189.34732565892045,192.9420267361015,186.2777115596431,187.52978515625,20225373
2022-11-16 00:00:00+05:30,188.4991622833966,190.23591839139488,186.11615471876638,189.75123596191406,9764275
2022-11-17 00:00:00+05:30,189.63006025186456,189.63006025186456,186.60082606253766,187.7317352294922,5737884
2022-11-18 00:00:00+05:30,187.77212243299186,188.66070270168666,184.33899044410262,185.4295196533203,6413585
2022-11-21 00:00:00+05:30,184.98523398749836,186.1161431513509,183.12730122461025,185.34873962402344,6430876
2022-11-22 00:00:00+05:30,184.6217346201071,186.35849067913765,183.89471099638425,185.06602478027344,5885877
2022-11-23 00:00:00+05:30,185.79305800549767,186.6816384307015,184.98526210112593,186.27774047851562,5693274
2022-11-24 00:00:00+05:30,186.39888519687779,187.24707327185493,183.65238434322285,184.5813446044922,8198891
2022-11-25 00:00:00+05:30,185.5103074923307,188.74149081343194,184.01589260191307,186.9239501953125,10046363
2022-11-28 00:00:00+05:30,186.23732961136892,188.01447795823665,184.5005611948956,185.671875,8146840
2022-11-29 00:00:00+05:30,185.9545916358973,186.8431719507886,182.84458518574934,183.5312042236328,6628470
2022-11-30 00:00:00+05:30,183.53121723880432,184.86408780566217,183.00615485930635,183.5716094970703,12154948
2022-12-01 00:00:00+05:30,184.50057509253725,186.11616686156466,181.67328949673924,182.6426544189453,22435771
2022-12-02 00:00:00+05:30,182.64264139318905,184.17744853391054,181.99640226646935,183.04653930664062,6325649
2022-12-05 00:00:00+05:30,183.04654953554675,187.24708560497777,182.96576501794763,186.80279541015625,8732711
2022-12-06 00:00:00+05:30,187.40863374123123,187.81253165877698,185.38914415350243,187.1259002685547,7394839
2022-12-07 00:00:00+05:30,187.52978464575756,187.52978464575756,184.74289168111304,185.59107971191406,4519547
2022-12-08 00:00:00+05:30,185.5103334624013,186.80281190217366,184.98527102961197,186.11618041992188,3135706
2022-12-09 00:00:00+05:30,186.23734048100408,187.69137551366384,184.0159018362699,184.8640899658203,4197165
2022-12-12 00:00:00+05:30,184.46017216580748,188.78187221365593,184.25822321985237,187.7317352294922,7881379
2022-12-13 00:00:00+05:30,188.5395350759359,189.38772313242117,186.6816145939029,187.0451202392578,4878457
2022-12-14 00:00:00+05:30,187.20667177505828,188.37797318935995,186.8835583938666,187.52978515625,4730078
2022-12-15 00:00:00+05:30,187.32783109312,187.89329798373325,183.93509137936593,184.3389892578125,5221433
2022-12-16 00:00:00+05:30,184.17744970304963,185.7122568535139,180.38081175770154,181.47132873535156,7757065
2022-12-19 00:00:00+05:30,181.4713481905375,184.05630499095355,181.35018373313756,183.6120147705078,4073907
2022-12-20 00:00:00+05:30,183.28888126576666,183.28888126576666,180.4212157365326,182.6426544189453,3784271
2022-12-21 00:00:00+05:30,182.9657578059082,183.93511034895417,179.37106878220354,180.82510375976562,3675466
2022-12-22 00:00:00+05:30,181.02703965431456,182.35989776405637,176.98806074481166,179.8961181640625,4755089
2022-12-23 00:00:00+05:30,177.71507850027783,180.05768142284168,173.02986032916422,173.71649169921875,6561011
2022-12-26 00:00:00+05:30,173.71650412151038,179.00756952950638,173.07026496100937,178.32093811035156,3116608
2022-12-27 00:00:00+05:30,179.33068516618113,180.05769652700062,177.43235991983806,178.72483825683594,2961726
2022-12-28 00:00:00+05:30,178.7248341068122,181.14822168792153,178.1593794697507,180.30003356933594,3015714
2022-12-29 00:00:00+05:30,178.36132404640577,181.2290017453589,178.07859057183813,179.04794311523438,4784105
2022-12-30 00:00:00+05:30,179.53264826535607,182.9253887595038,179.53264826535607,181.7944793701172,4102247
2023-01-02 00:00:00+05:30,183.16771578337912,183.5312214641686,181.06744156506025,181.5521240234375,4210225
2023-01-03 00:00:00+05:30,181.75406516326632,182.35991204714387,180.13847347292617,181.0270538330078,3643132
2023-01-04 00:00:00+05:30,181.22899680961254,181.3501612519923,174.68584574941352,175.41285705566406,9550461
2023-01-05 00:00:00+05:30,175.1301555259295,176.82651953913566,173.8376771412118,176.22067260742188,8815728
2023-01-06 00:00:00+05:30,176.90731273815817,177.63432416148143,171.2527410981257,173.07028198242188,12237065
2023-01-09 00:00:00+05:30,173.9588832599548,175.85719657053465,172.86835366856573,173.63575744628906,6967190
2023-01-10 00:00:00+05:30,173.6761094459613,175.53404238430147,173.02987029445342,175.08975219726562,5400260
2023-01-11 00:00:00+05:30,175.53403227575222,176.50338478419823,171.4142687073743,172.3836212158203,7637956
2023-01-12 00:00:00+05:30,174.08001498057877,175.29170882035078,171.89896853418657,172.78753662109375,7161675
2023-01-13 00:00:00+05:30,173.0298732923685,174.2415671001946,172.50481090603859,173.75689697265625,3671193
2023-01-16 00:00:00+05:30,174.08000934444672,174.40312276086306,171.6162294848152,172.66636657714844,3987352
2023-01-17 00:00:00+05:30,172.66635874607843,173.7972679782314,170.52570472593672,172.14129638671875,5871758
2023-01-18 00:00:00+05:30,172.7471748103558,175.57446073310476,172.22210002910938,175.17056274414062,6441530
2023-01-19 00:00:00+05:30,175.08977072093504,181.59253053009354,173.79729228118117,180.90589904785156,12938871
2023-01-20 00:00:00+05:30,181.6329032627636,185.18720010093656,179.93652703373445,183.36965942382812,13444947
2023-01-23 00:00:00+05:30,184.581346817213,186.1161539610098,183.5312097749375,185.8738250732422,8736715
2023-01-24 00:00:00+05:30,185.95461683808193,187.40865194770123,183.5312290973789,183.85435485839844,4252051
2023-01-25 00:00:00+05:30,184.01591511218695,184.17747183280764,180.7443391341698,182.68304443359375,3855827
2023-01-27 00:00:00+05:30,183.36965920070014,183.89472157638681,177.14963357847282,179.65379333496094,6171667
2023-01-30 00:00:00+05:30,179.65379870017676,183.2081079661579,178.32094042917566,182.44070434570312,6172517
2023-01-31 00:00:00+05:30,181.75408377030857,184.46020505906156,180.86550331925866,181.63291931152344,7424552
2023-02-01 00:00:00+05:30,184.17744703198045,184.17744703198045,172.98946999021354,178.24014282226562,24008324
2023-02-02 00:00:00+05:30,178.52284717163806,179.0883016884329,175.29166441740028,175.8167266845703,6806578
2023-02-03 00:00:00+05:30,176.0994810338614,178.2805271869736,173.352980296755,176.8264923095703,8776614
2023-02-06 00:00:00+05:30,177.06885727943603,177.99782995197324,174.20117939410426,177.39198303222656,5742881
2023-02-07 00:00:00+05:30,177.3920061160944,178.64408005237914,175.29173159060412,177.4727783203125,4907167
2023-02-08 00:00:00+05:30,177.72101132775683,179.70717823096356,177.22446328808454,178.34169006347656,6316867
2023-02-09 00:00:00+05:30,178.75550328079964,179.41756322590678,176.4382997867962,177.55552673339844,4383159
2023-02-10 00:00:00+05:30,177.10034713564755,177.4313707707855,174.57625087755832,175.0314178466797,4954439
2023-02-13 00:00:00+05:30,175.03142447472487,176.85207979241224,173.08662581835307,176.3141632080078,6142208
2023-02-14 00:00:00+05:30,176.31415752948007,177.34862217981998,174.70039520049832,175.23831176757812,6758731
2023-02-15 00:00:00+05:30,174.61762132887787,176.93482451661035,174.03832368888013,176.19000244140625,9612884
2023-02-16 00:00:00+05:30,176.68656116748966,179.1692763127003,176.3555375325585,178.30032348632812,13093683
2023-02-17 00:00:00+05:30,177.80378151720325,180.6175201942181,177.26585234547804,179.99684143066406,7243093
2023-02-20 00:00:00+05:30,180.2865002890336,181.19682158437246,178.71410647896136,180.65890502929688,8479587
2023-02-21 00:00:00+05:30,181.07268917945817,181.40371280597367,176.56242597253942,177.1417236328125,4655766
2023-02-22 00:00:00+05:30,177.55550112384287,178.6313468010005,175.11416726689302,175.32106018066406,6003852
2023-02-23 00:00:00+05:30,176.23137639400454,178.71409128838658,175.8175905782742,177.8451385498047,6219715
2023-02-24 00:00:00+05:30,178.75546745146733,179.83131306815852,177.6796218347761,179.62442016601562,5154174
2023-02-27 00:00:00+05:30,179.58306812439272,180.41063986690145,178.01068686472323,179.54168701171875,4841279
2023-02-28 00:00:00+05:30,179.25205315042876,179.5416956976737,175.4452178996227,178.2589569091797,6054079
2023-03-01 00:00:00+05:30,178.25894076363528,181.23820396205355,177.51413127790178,181.03131103515625,4510175
2023-03-02 00:00:00+05:30,181.03131309185576,185.74846935315796,179.8727177391648,184.4243621826172,11354939
2023-03-03 00:00:00+05:30,185.29330119626005,187.4036115866176,184.05194362872527,184.50711059570312,7089438
2023-03-06 00:00:00+05:30,184.50711775211394,186.61742822432333,183.5140341851162,186.12088012695312,4771341
2023-03-08 00:00:00+05:30,186.07952880859375,186.32779025243937,184.2588607021003,186.07952880859375,4271464
2023-03-09 00:00:00+05:30,186.07948230250238,187.8173751137964,185.08638626434504,186.03810119628906,4263468
2023-03-10 00:00:00+05:30,184.50710252687566,186.45190101539413,183.26574501362768,185.66571044921875,3670173
2023-03-13 00:00:00+05:30,185.5415521390975,186.82429065808986,181.52783741367438,182.72781372070312,3877606
2023-03-14 00:00:00+05:30,182.72782997981287,184.38297334443484,181.1140677248548,182.93472290039062,5723922
2023-03-15 00:00:00+05:30,183.67954152669472,184.71400618119034,181.73475555288837,181.98301696777344,2992144
2023-03-16 00:00:00+05:30,180.8657934234201,184.09331792849682,179.0451382506142,182.7692108154297,4988245
2023-03-17 00:00:00+05:30,183.72092957936133,186.9898354855176,182.1485482962207,183.4312744140625,15720256
2023-03-20 00:00:00+05:30,182.06575388575374,183.38987351056457,178.50719344334772,179.62442016601562,4244575
2023-03-21 00:00:00+05:30,180.53474135880003,181.19680117120544,178.7140863454906,179.62442016601562,3998751
2023-03-22 00:00:00+05:30,179.50029391276766,179.50029391276766,176.3555316034227,177.0589599609375,9675449
2023-03-23 00:00:00+05:30,176.3968992671798,177.72101901172826,175.7762205046243,176.5624237060547,4730918
2023-03-24 00:00:00+05:30,176.4796554295267,177.01757195418253,172.13490424075758,172.50730895996094,6611089
2023-03-27 00:00:00+05:30,172.54868934027115,173.95555862229347,171.8038799050068,172.46592712402344,4002212
2023-03-28 00:00:00+05:30,173.29351609171255,174.8245288510913,172.50732546976502,172.87973022460938,6157526
2023-03-29 00:00:00+05:30,173.74866927190268,177.84514650533214,172.4659306602098,176.23138427734375,16734166
2023-03-31 00:00:00+05:30,175.61072295008074,177.34862867742112,174.74177008641055,176.81069946289062,5139018
2023-04-03 00:00:00+05:30,177.18309719644145,182.7692058932237,176.93482317325842,182.1898956298828,7754066
2023-04-05 00:00:00+05:30,182.3140342542284,185.5829396965798,182.3140342542284,184.1346893310547,6491910
2023-04-06 00:00:00+05:30,184.0933197581824,184.67261741514068,182.3140456772943,183.47264099121094,4589598
2023-04-10 00:00:00+05:30,183.26575051268912,185.74846561368128,183.01747647704153,183.76229858398438,3498235
2023-04-11 00:00:00+05:30,184.34161622135198,185.62435502139266,183.72093737885584,185.08642578125,3995959
2023-04-12 00:00:00+05:30,185.37606696765639,188.6863538777931,185.08641181192246,188.43807983398438,5136012
2023-04-13 00:00:00+05:30,188.603583389792,190.05183384951798,185.74846358045195,186.61741638183594,3478451
2023-04-17 00:00:00+05:30,186.61743349168535,190.3001253299416,186.5346712638734,190.01048278808594,6265943
2023-04-18 00:00:00+05:30,190.0104762079439,192.32766697351627,189.72082104837608,192.1621551513672,8004952
2023-04-19 00:00:00+05:30,193.3207554285598,194.1483271339428,189.5139205327013,190.67251586914062,7424582
2023-04-20 00:00:00+05:30,190.25871292879552,191.58283258958232,189.59666572614307,189.9690704345703,2589165
2023-04-21 00:00:00+05:30,190.3414924242982,190.71389716653647,188.23118204795867,190.38287353515625,2459508
2023-04-24 00:00:00+05:30,189.96907846963768,191.99662652593656,189.96907846963768,191.6242218017578,2587030
2023-04-25 00:00:00+05:30,191.29319510564622,192.24491014575787,190.25873047144364,190.5483856201172,2570946
2023-04-26 00:00:00+05:30,190.34147542760473,190.8793919374994,188.68633216301686,190.13458251953125,3439487
2023-04-27 00:00:00+05:30,190.13459055220554,192.41041263716122,189.63804250075498,191.78973388671875,3349374
2023-04-28 00:00:00+05:30,192.41041909496988,194.27245540879218,191.66560962053774,192.90696716308594,4771074
2023-05-02 00:00:00+05:30,192.9897135032889,196.5068931478968,192.90696391182553,195.38967895507812,3773537
2023-05-03 00:00:00+05:30,195.34831414274964,197.74826716701742,194.14833763061574,196.05174255371094,4523385
2023-05-04 00:00:00+05:30,196.0103463107533,196.96204863752732,193.7758927996474,196.5068817138672,7248108
2023-05-05 00:00:00+05:30,196.83793250127334,196.96206320429692,195.30691981602553,196.46551513671875,3043479
2023-05-08 00:00:00+05:30,192.4104333351813,193.15524286473646,190.34150394448042,192.70008850097656,9711437
2023-05-09 00:00:00+05:30,194.31381907946485,197.6241055624958,193.23797344693162,195.5965576171875,7318928
2023-05-10 00:00:00+05:30,196.09309329983944,196.34136731197808,194.10692645821183,195.76206970214844,3650159
2023-05-11 00:00:00+05:30,195.76209706271453,197.08620426628232,195.05865603462914,195.43106079101562,2675726
2023-05-12 00:00:00+05:30,195.43104268596434,196.34137656412324,193.858661581226,194.52072143554688,2348435
2023-05-15 00:00:00+05:30,194.148311136118,198.28616932207328,193.5276324082247,196.71377563476562,4217892
2023-05-16 00:00:00+05:30,197.5827414100996,200.02407537527287,196.50689568525016,199.4033966064453,6016484
2023-05-17 00:00:00+05:30,199.40338555079472,201.6792075769825,199.23787374716565,199.94131469726562,4968232
2023-05-18 00:00:00+05:30,200.27234555985171,201.0171550170355,197.74824942290857,198.2861785888672,3512113
2023-05-19 00:00:00+05:30,198.6171860400713,199.94130566476798,195.5551736141683,198.534423828125,3810543
2023-05-22 00:00:00+05:30,198.1206642542472,199.61029587231704,196.50690192956415,197.54136657714844,2891415
2023-05-23 00:00:00+05:30,197.7482324604381,198.78269696653763,195.96895856104314,198.0378875732422,3213453
2023-05-24 00:00:00+05:30,197.2103373920207,199.85856428977365,196.96206335803782,199.4447784423828,2422138
2023-05-25 00:00:00+05:30,199.65168342167073,200.4378740536376,196.879313025651,198.65859985351562,3810138
2023-05-26 00:00:00+05:30,198.45168176318245,200.64474155770625,197.872384140831,199.85855102539062,2646742
2023-05-29 00:00:00+05:30,199.89993644649894,204.9481159819129,199.27925770321303,203.66539001464844,8069985
2023-05-30 00:00:00+05:30,203.7895282579591,204.53433772638385,201.34819430285373,202.17576599121094,4657906
2023-05-31 00:00:00+05:30,205.15501910997025,205.15501910997025,198.0379100759451,199.65167236328125,15727646
2023-06-01 00:00:00+05:30,190.67250251338095,191.91385998450383,189.63803795411187,190.63113403320312,35509867
2023-06-02 00:00:00+05:30,189.10013664844027,193.15523299593136,188.76911301393812,191.0863037109375,36400588
2023-06-05 00:00:00+05:30,190.75527582437152,191.33457348570843,189.8863230184952,190.0932159423828,19807347
2023-06-06 00:00:00+05:30,190.17598697364087,190.8794153708025,187.6518906597256,188.52084350585938,13495524
2023-06-07 00:00:00+05:30,189.3070141816788,191.5828362100924,188.76909766242295,190.9207763671875,21853324
2023-06-08 00:00:00+05:30,191.50008042755368,191.50008042755368,188.39668664818922,188.76910400390625,8538256
2023-06-09 00:00:00+05:30,189.47252841933042,189.8863142479936,188.148421344253,188.3966827392578,5137982
2023-06-12 00:00:00+05:30,188.89325246019655,189.72082421248658,187.5691326054354,189.51393127441406,4261576
2023-06-13 00:00:00+05:30,190.34148697184645,190.58976100214068,188.68634360687386,189.4725341796875,5574798
2023-06-14 00:00:00+05:30,190.2587247525011,190.2587247525011,188.3139388753034,189.4725341796875,7034468
2023-06-15 00:00:00+05:30,189.67942727901766,190.05183201093902,188.60358156522352,189.18289184570312,6363240
2023-06-16 00:00:00+05:30,189.10014415566354,190.09322772633732,188.6863582822376,189.1415252685547,8518319
2023-06-19 00:00:00+05:30,189.10012167398358,189.34839569407097,187.5277405929988,187.98289489746094,8210198
2023-06-20 00:00:00+05:30,188.479459689133,188.479459689133,186.6174233145971,188.065673828125,5024593
2023-06-21 00:00:00+05:30,188.5208298010633,189.3484014747925,187.4036029904322,189.05874633789062,4705567
2023-06-22 00:00:00+05:30,189.01735917543013,190.01045525429487,187.52774031261544,187.8173828125,6566989
2023-06-23 00:00:00+05:30,187.94152134652433,188.31392605273726,186.03810408086395,186.94842529296875,3881707
2023-06-26 00:00:00+05:30,187.03119793057354,187.40360265754185,184.75537583186082,185.62432861328125,6145625
2023-06-27 00:00:00+05:30,187.32085490772573,187.6932596383536,185.29329418857307,186.3277587890625,6282912
2023-06-28 00:00:00+05:30,186.32776816079456,188.39669746583445,185.50019643877863,188.065673828125,19512531
2023-06-30 00:00:00+05:30,188.60358999887265,191.45872253600461,187.65188757165686,191.1690673828125,7850296
2023-07-03 00:00:00+05:30,191.58283951679337,193.44487575399762,190.21735132727346,191.70697021484375,7860203
2023-07-04 00:00:00+05:30,192.203535737196,192.65870271766576,190.58977337711468,191.8311309814453,3662791
2023-07-05 00:00:00+05:30,191.83112781840975,192.70008065266185,190.42425841558088,191.50009155273438,4859892
2023-07-06 00:00:00+05:30,191.50007602991775,195.30691069628077,191.16905241881722,194.1483154296875,7254947
2023-07-07 00:00:00+05:30,191.9966357630542,195.1827918817707,191.74836172574322,193.6517791748047,6393850
2023-07-10 00:00:00+05:30,194.47936522131934,194.9759133325561,192.7000909735832,193.4449005126953,6223180
2023-07-11 00:00:00+05:30,193.48626735917804,195.1414107709285,193.23799332186707,193.6517791748047,10775084
2023-07-12 00:00:00+05:30,194.4793514207274,196.38276887507442,193.36212456359658,193.98280334472656,11313272
2023-07-13 00:00:00+05:30,194.47936432905198,194.72763838353126,189.51393375043787,190.2587432861328,20205328
2023-07-14 00:00:00+05:30,190.34146600473264,192.0793713976111,190.1345731069014,191.21041870117188,7390502
2023-07-17 00:00:00+05:30,191.16907898491533,192.53456735513893,190.09323315772002,190.50701904296875,4963515
2023-07-18 00:00:00+05:30,190.0932106525369,192.3690327519698,188.3139366077133,188.8932342529297,6168942
2023-07-19 00:00:00+05:30,189.67942727901766,190.25872493175552,188.8518555957517,189.18289184570312,5247533
2023-07-20 00:00:00+05:30,189.22424867291153,190.9207730446623,188.47943925494337,190.13458251953125,3195629
2023-07-21 00:00:00+05:30,190.0104793768852,190.7552889028491,189.14152651143212,189.51393127441406,3903407
2023-07-24 00:00:00+05:30,189.5139232240094,191.99663837541564,189.14151847684693,191.127685546875,3456895
2023-07-25 00:00:00+05:30,192.24490840911062,192.2862895196533,189.38978857005165,190.30010986328125,11024983
2023-07-26 00:00:00+05:30,190.79666065214778,191.33457721363945,189.43115975123925,190.75527954101562,7574284
2023-07-27 00:00:00+05:30,191.16904473053498,191.91385413942777,188.81046055613984,189.55528259277344,7837850
2023-07-28 00:00:00+05:30,190.01047288918528,190.30011541595158,187.7346506480932,187.94154357910156,8817344
2023-07-31 00:00:00+05:30,189.1001311690103,190.30010759398738,187.73464293157807,189.72080993652344,19422170
2023-08-01 00:00:00+05:30,190.3414737240929,199.69303561086826,189.472520992413,198.90684509277344,22409256
2023-08-02 00:00:00+05:30,199.56891461103817,201.22405804593043,192.24491248828525,194.10694885253906,25003960
2023-08-03 00:00:00+05:30,194.10694621302295,194.5621131769773,189.88632546034387,190.38287353515625,13949266
2023-08-04 00:00:00+05:30,192.65870985968965,195.7207228716682,190.7552922702728,193.4449005126953,6725977
2023-08-07 00:00:00+05:30,194.27245321505868,195.3069178221676,192.2449051106735,192.78282165527344,6744074
2023-08-08 00:00:00+05:30,192.8242078153629,194.81037486193503,189.76219502367167,190.5483856201172,13828141
2023-08-09 00:00:00+05:30,193.0311033596246,195.05865154460597,190.83804335647497,194.2724609375,35271302
2023-08-10 00:00:00+05:30,194.2724452310794,195.96896964256464,194.02417121002816,194.39657592773438,10749822
2023-08-11 00:00:00+05:30,193.65176649232194,194.975886186101,193.4448735794028,194.39657592773438,6132454
2023-08-14 00:00:00+05:30,195.30690572755853,195.4724175288981,190.92077353948466,193.56900024414062,6092872
2023-08-16 00:00:00+05:30,193.65176058793313,194.31382041463664,192.0793795487856,192.86557006835938,4576249
2023-08-17 00:00:00+05:30,193.40348351325125,193.56899531037217,191.25180489519784,192.24488830566406,5602132
2023-08-18 00:00:00+05:30,192.4133218588848,192.79225143279135,191.15021471320287,191.52914428710938,6904019
2023-08-21 00:00:00+05:30,191.52915352701294,194.3500980947224,191.1502239348258,193.76065063476562,4955953
2023-08-22 00:00:00+05:30,194.01325325693688,195.40267883245212,193.42380582292606,194.3079833984375,4280368
2023-08-23 00:00:00+05:30,194.72901052400493,194.93952837322007,193.92904526678535,194.4342803955078,2524601
2023-08-24 00:00:00+05:30,195.23423610128577,195.9078828622907,192.4132921058713,193.0448455810547,6378317
2023-08-25 00:00:00+05:30,192.8343652728988,193.7606490229763,191.5712580767881,191.7396697998047,3890957
2023-08-28 00:00:00+05:30,192.41332206353096,193.7185353519219,191.57125063218072,193.21328735351562,3360861
2023-08-29 00:00:00+05:30,193.2133026299419,194.0132679831759,192.6238551511901,193.63433837890625,3112560
2023-08-30 00:00:00+05:30,193.76064190637382,194.30798319832223,192.41332247374487,192.62384033203125,4086281
2023-08-31 00:00:00+05:30,192.8343436104145,194.05534452635942,192.32909564913206,193.71852111816406,10403460
2023-09-01 00:00:00+05:30,194.2658843420251,199.78145500576537,194.22377819899071,199.48672485351562,14869577
2023-09-04 00:00:00+05:30,201.0445790166037,209.6337061053157,200.53933095591808,208.6653289794922,24785966
2023-09-05 00:00:00+05:30,209.97052053468923,215.48607823559644,208.41268321750758,215.02294921875,19654487
2023-09-06 00:00:00+05:30,215.52817630031072,217.08600071011847,212.6651386262386,215.40187072753906,13346191
2023-09-07 00:00:00+05:30,215.57028398722628,231.35912314644696,214.5598008508342,230.72756958007812,72255521
2023-09-08 00:00:00+05:30,231.23278968301042,239.52719732716756,228.11711551885725,237.54832458496094,41855413
2023-09-11 00:00:00+05:30,239.14827855485734,239.31670311472172,233.4642965821627,234.8958282470703,14505153
2023-09-12 00:00:00+05:30,235.77998984663552,235.82208313705917,226.51720453123198,227.99082946777344,17547706
2023-09-13 00:00:00+05:30,228.62236847949342,237.04308186732004,226.51719013253674,235.48524475097656,17607568
2023-09-14 00:00:00+05:30,236.87470232448476,237.63258723176293,233.00119398853423,233.71693420410156,12033796
2023-09-15 00:00:00+05:30,234.5169048596705,239.274603535001,233.71692668239268,235.1905517578125,13288180
2023-09-18 00:00:00+05:30,235.19056136794222,238.09571834309898,231.10653512185812,236.83261108398438,8754852
2023-09-20 00:00:00+05:30,235.35893163031713,242.51653778007633,235.022108245218,239.40086364746094,18615797
2023-09-21 00:00:00+05:30,239.9061378761391,241.50606840425073,234.60109830977424,236.158935546875,11071899
2023-09-22 00:00:00+05:30,235.78000763181768,240.9166486519643,235.10636074634792,238.6009521484375,8691024
2023-09-25 00:00:00+05:30,239.40087199722,243.358617579609,236.74835241233197,242.5586395263672,9118957
2023-09-26 00:00:00+05:30,242.89553635700915,245.3796318826796,240.95875647304695,241.46400451660156,11256196
2023-09-27 00:00:00+05:30,242.51654690265673,247.06372701748595,239.56929720071471,245.50588989257812,12805340
2023-09-28 00:00:00+05:30,245.5058858438989,247.6952764402601,243.35861423280053,244.36911010742188,12432497
2023-09-29 00:00:00+05:30,246.55852142011295,250.5162676931131,245.37962647644773,248.5795135498047,8640829
2023-10-03 00:00:00+05:30,250.13729109386946,250.17941008131075,244.28491046975907,245.80062866210938,9348540
2023-10-04 00:00:00+05:30,244.87437040847504,245.46383070995572,240.74822539205493,242.4744873046875,6338888
2023-10-05 00:00:00+05:30,243.19022662727954,244.66385167778623,239.06408162545716,243.65338134765625,8687014
2023-10-06 00:00:00+05:30,245.0007054899051,245.0427987843866,241.67451289044314,242.34815979003906,3741467
2023-10-09 00:00:00+05:30,240.8745347114388,243.31656254293338,238.3483202909812,242.34815979003906,4647845
2023-10-10 00:00:00+05:30,242.72708318573527,255.90549557209505,242.34814077320908,255.358154296875,23283411
2023-10-11 00:00:00+05:30,256.45282224689464,256.8317646378468,252.15827887198884,254.1792449951172,12321154
2023-10-12 00:00:00+05:30,254.76870393442866,260.2842872861183,254.22136263793544,258.6843566894531,15375295
2023-10-13 00:00:00+05:30,256.83179686739726,261.75792007805677,256.36866784076346,259.31591796875,9516879
2023-10-16 00:00:00+05:30,259.2316664128672,264.1156698916263,258.13695825522956,262.72625732421875,10535107
2023-10-17 00:00:00+05:30,263.568358847497,268.07344615908715,262.81049969647734,267.2734680175781,7760527
2023-10-18 00:00:00+05:30,267.2313546587189,269.2523208090109,265.46299964047125,266.89453125,9662837
2023-10-19 00:00:00+05:30,265.50511164280255,265.8419607732416,260.07376633721145,265.0840759277344,8977527
2023-10-20 00:00:00+05:30,263.14729210705417,266.6840019921641,260.70529037589625,263.0630798339844,6009115
2023-10-23 00:00:00+05:30,263.18940166673,263.4420385015592,256.8317729755436,257.758056640625,8086150
2023-10-25 00:00:00+05:30,257.7580242900401,263.315699885019,256.8317407412143,261.2947082519531,7253336
2023-10-26 00:00:00+05:30,260.3264016232787,260.3264016232787,255.06345469697115,257.0423278808594,8329092
2023-10-27 00:00:00+05:30,257.6738687305796,267.0629604417871,257.6738687305796,264.36834716796875,10503070
2023-10-30 00:00:00+05:30,265.2524775462217,265.926124352862,262.6841701856798,264.87353515625,6229982
2023-10-31 00:00:00+05:30,266.72611969164086,266.76821298303946,261.6736912207653,264.6209411621094,7446586
2023-11-01 00:00:00+05:30,263.7367433626843,265.9261082002705,257.5475141229495,258.2211608886719,9593653
2023-11-02 00:00:00+05:30,260.15797326720525,263.39992764814417,258.7685348776827,260.0737609863281,7071960
2023-11-03 00:00:00+05:30,261.5473625912056,264.99986021486944,261.29472577114564,262.72625732421875,4658440
2023-11-06 00:00:00+05:30,263.73675973039553,269.08389229785934,263.56833517952396,266.55767822265625,10340818
2023-11-07 00:00:00+05:30,266.51560183868776,268.4523558066647,264.1156931754258,264.6209411621094,6826885
2023-11-08 00:00:00+05:30,266.0945731495497,267.9050215930913,264.87355929103194,267.2734680175781,6424833
2023-11-09 00:00:00+05:30,268.1576355663283,273.2521570283433,265.8419393203254,272.4521789550781,15503280
2023-11-10 00:00:00+05:30,273.2101182598989,274.641624442487,270.76809026386655,272.325927734375,8445203
2023-11-13 00:00:00+05:30,280.40974147982166,294.7249535073201,278.136138702146,294.1776123046875,42178783
2023-11-15 00:00:00+05:30,302.30365015818916,302.30365015818916,293.5461122291359,295.2302551269531,35092206
2023-11-16 00:00:00+05:30,297.25121809973086,298.5143252587949,290.3883410084126,291.18829345703125,17617280
2023-11-17 00:00:00+05:30,293.040885864523,293.5040149164375,288.24106797203154,290.7251892089844,13542916
2023-11-20 00:00:00+05:30,293.04090118956685,296.74601089259664,289.6305216704338,292.83038330078125,19032608
2023-11-21 00:00:00+05:30,295.0320580663106,298.11448255357055,289.61580327116127,294.3275146484375,15148068
2023-11-22 00:00:00+05:30,295.7365870708531,297.58604704839354,290.62858034870067,292.5220642089844,7599447
2023-11-23 00:00:00+05:30,292.83030703356013,295.9567552001178,290.6285754017288,294.54766845703125,6186567
2023-11-24 00:00:00+05:30,295.34032614919215,297.1897863437334,292.4780746432578,293.09454345703125,7054445
2023-11-28 00:00:00+05:30,294.8559184767791,301.63726332255777,293.5348793673373,301.15289306640625,10791886
2023-11-29 00:00:00+05:30,302.0776329377681,303.8390185525656,297.7622435568366,301.50518798828125,14149513
2023-11-30 00:00:00+05:30,303.8390204191723,303.8390204191723,297.7181946195037,301.32904052734375,11959336
2023-12-01 00:00:00+05:30,302.7821347271342,309.2112074615566,301.5932211021988,305.2921142578125,15105221
2023-12-04 00:00:00+05:30,309.2112147472378,317.04937446280206,308.8148922785159,312.3817138671875,22705896
2023-12-05 00:00:00+05:30,313.2624049476426,313.9229244743442,308.24244579406735,313.1302795410156,15782945
2023-12-06 00:00:00+05:30,313.3504790688423,319.2511314209215,307.7581014404126,310.1359558105469,14817158
2023-12-07 00:00:00+05:30,311.5890990309522,311.5890990309522,306.83336332990183,309.9598388671875,8507659
2023-12-08 00:00:00+05:30,310.0038617343305,315.6402902087234,305.5123231350166,309.1231689453125,13444251
2023-12-11 00:00:00+05:30,309.1231702073185,315.81644080650284,309.1231702073185,311.4570007324219,11420609
2023-12-12 00:00:00+05:30,311.8973425768825,312.29366507841905,303.9711075590374,306.0407409667969,8789103
2023-12-13 00:00:00+05:30,307.7140300049112,308.0663017164586,302.6940976429906,304.01513671875,8091533
2023-12-14 00:00:00+05:30,307.5379285159569,309.2993140701683,304.543551572509,306.1288146972656,13142466
2023-12-15 00:00:00+05:30,308.2424621582031,312.07348099177705,306.87739914786073,308.2424621582031,14331890
2023-12-18 00:00:00+05:30,309.12314705452474,309.34332023618754,301.46110958201683,306.1728210449219,7959685
2023-12-19 00:00:00+05:30,305.16004891128887,325.63615608931906,305.16004891128887,323.17022705078125,28937243
2023-12-20 00:00:00+05:30,324.9756344670898,327.44156349017953,308.2424717167518,310.1359558105469,23224408
2023-12-21 00:00:00+05:30,309.2112606015114,314.23119364896826,304.8077964142971,313.0863037109375,10028664
2023-12-22 00:00:00+05:30,316.1686771442705,323.5664903985084,313.8788707645614,319.91162109375,13916380
2023-12-26 00:00:00+05:30,320.396004831538,327.44154668051397,319.2511150317231,322.3775634765625,11910267
2023-12-27 00:00:00+05:30,323.21422663358146,325.1517613585952,319.1630347663947,321.98126220703125,7890042
2023-12-28 00:00:00+05:30,323.0380553506136,336.8649407953396,322.1573626949395,335.4998779296875,28310022
2023-12-29 00:00:00+05:30,335.9843134778611,336.1604627938941,329.59929048254133,331.1405029296875,8859317
2024-01-01 00:00:00+05:30,332.7257031952505,340.65193777839784,332.4174822405266,336.24847412109375,11124690
2024-01-02 00:00:00+05:30,341.18037899927344,348.6222437715113,338.40620210619096,345.80401611328125,28363847
2024-01-03 00:00:00+05:30,347.69751148064387,347.69751148064387,338.0539413137218,338.67041015625,12903439
2024-01-04 00:00:00+05:30,341.5326599288754,343.2940455435196,338.09796335564135,338.8465576171875,11039940
2024-01-05 00:00:00+05:30,340.6519447252222,342.1491331498811,336.8649766533578,338.40618896484375,8369460
2024-01-08 00:00:00+05:30,340.34374097669354,342.28124899744006,334.00274210953324,335.0155334472656,9424716
2024-01-09 00:00:00+05:30,337.8777809998921,341.6647760947454,336.5127179361702,339.3749694824219,9473743
2024-01-10 00:00:00+05:30,339.8153070636179,339.8153070636179,331.0083794573384,336.4686584472656,9670366
2024-01-11 00:00:00+05:30,339.5070845879603,342.5014348224928,337.56954961917404,338.4942932128906,9163771
2024-01-12 00:00:00+05:30,339.77125892392445,339.77125892392445,334.26692912748575,335.63201904296875,7471050
2024-01-15 00:00:00+05:30,336.86496937412426,341.62070474290766,335.89620199537353,338.7584533691406,7490747
2024-01-16 00:00:00+05:30,339.41897240326216,340.7840622592661,332.065182740314,336.3365478515625,10165133
2024-01-17 00:00:00+05:30,336.2484644113916,339.37493964376114,332.197299464943,334.35498046875,10996538
2024-01-18 00:00:00+05:30,335.36774554482156,336.90895766015,324.0948905376334,330.8321838378906,12493835
2024-01-19 00:00:00+05:30,335.23570605969593,338.97865042748475,333.87064298208793,337.5255126953125,15893456
2024-01-23 00:00:00+05:30,355.35950094447554,356.5043906925382,329.07081873348454,330.5239562988281,16406737
2024-01-24 00:00:00+05:30,334.4870777536021,341.5326193755978,329.5992440039859,336.9530334472656,22938994
2024-01-25 00:00:00+05:30,340.65193548167764,344.96735133802787,339.37494715563463,342.9417419433594,13440949
2024-01-29 00:00:00+05:30,346.0241768858917,365.22329500548057,344.79121240841215,363.5499572753906,27149058
2024-01-30 00:00:00+05:30,366.1480127790988,366.1920366661913,353.68621567498786,354.5228576660156,14159072
2024-01-31 00:00:00+05:30,356.72456152800453,360.33540691404687,352.6293459155574,357.6933288574219,23750822
2024-02-01 00:00:00+05:30,360.02719823195355,362.7573512292083,354.4788444606058,358.1777648925781,8862155
2024-02-02 00:00:00+05:30,361.7885783209221,372.4449661883716,360.77578701310813,369.7148132324219,25177075
2024-02-05 00:00:00+05:30,372.753169790308,396.3116985366535,367.3369152856285,387.7249450683594,31418925
2024-02-06 00:00:00+05:30,391.7320999658937,397.19240542526563,385.0828808696173,395.1227722167969,13386526
2024-02-07 00:00:00+05:30,399.83447882967295,405.6030051634667,394.3741734342193,398.6455383300781,14430152
2024-02-08 00:00:00+05:30,400.5390539148529,412.692630050458,396.31173944475285,404.41412353515625,18790158
2024-02-09 00:00:00+05:30,407.0561591460752,408.46524590405534,383.6737528429176,401.7720031738281,17472069
2024-02-12 00:00:00+05:30,402.4765940463926,402.8729165417214,378.7419132529689,381.163818359375,19472346
2024-02-13 00:00:00+05:30,390.85140895594674,403.2251574993916,382.22063125881044,398.38134765625,35665854
2024-02-14 00:00:00+05:30,397.7648657025543,412.1641971979321,390.1468789715468,410.7110595703125,18592696
2024-02-15 00:00:00+05:30,413.0448700230221,423.83335543407117,411.76785487678535,419.95831298828125,18501875
2024-02-16 00:00:00+05:30,424.8461706195512,429.4257835989954,420.53078158696496,422.7325134277344,14513583
2024-02-19 00:00:00+05:30,425.19845039551416,429.2936931982305,401.1115251023791,405.9993591308594,19798448
2024-02-20 00:00:00+05:30,407.9592296470411,407.9592296470411,392.8595162762239,397.7591247558594,27899165
2024-02-21 00:00:00+05:30,401.72337622983594,401.72337622983594,383.9511486154909,385.68829345703125,19032050
2024-02-22 00:00:00+05:30,390.1870024525808,399.09538150400965,381.23409238038107,396.5564880371094,22083710
2024-02-23 00:00:00+05:30,399.095372898479,400.52071895321654,393.4385468855545,395.44293212890625,9625544
2024-02-26 00:00:00+05:30,395.4429241509817,398.4272364458964,392.45861185606697,394.017578125,7570244
2024-02-27 00:00:00+05:30,394.0175689377284,396.69008247929895,387.55899454559966,393.2158203125,8343526
2024-02-28 00:00:00+05:30,392.23593911970073,394.5075922074589,383.37211781516424,386.8018493652344,8893614
2024-02-29 00:00:00+05:30,395.5320366076753,395.5320366076753,382.74850701430574,389.0289306640625,11711699
2024-03-01 00:00:00+05:30,390.1869566908841,399.8079940635717,390.1869566908841,397.6254577636719,8411615
2024-03-04 00:00:00+05:30,402.52509746744386,408.00374493710757,399.13989724575674,405.68756103515625,11977226
2024-03-05 00:00:00+05:30,406.22202023653654,411.3443373776771,404.03945684104445,410.3644104003906,9605493
2024-03-06 00:00:00+05:30,411.96800257325555,414.1950973494409,396.02198222679584,411.2107849121094,14061966
2024-03-07 00:00:00+05:30,411.210782760407,414.5959559280093,406.26661607141705,408.53826904296875,9680802
2024-03-11 00:00:00+05:30,410.676272902051,412.3243284583153,403.01506150611453,404.351318359375,7824738
2024-03-12 00:00:00+05:30,404.35130817030984,406.043894704546,397.9372917480126,400.2534484863281,8409613
2024-03-13 00:00:00+05:30,400.2534473185896,400.7879554821086,365.2435296219918,371.52392578125,17803423
2024-03-14 00:00:00+05:30,373.26105250750027,382.03581061108866,367.20336610978745,381.0113525390625,20478918
2024-03-15 00:00:00+05:30,381.0113834842304,381.3231550025328,357.4041789619993,369.9204406738281,25435001
2024-03-18 00:00:00+05:30,370.5885503488669,377.26983430948343,368.40598671391314,375.7999572753906,9803914
2024-03-19 00:00:00+05:30,371.47942661470796,378.24980049864627,368.8069127541705,373.3056335449219,8373676
2024-03-20 00:00:00+05:30,373.9737224168676,376.64623599446185,367.6487953655324,373.70648193359375,6950340
2024-03-21 00:00:00+05:30,377.7152409331252,386.22273135795916,376.95802333835155,384.886474609375,9911230
2024-03-22 00:00:00+05:30,383.8620282521278,388.58348521958527,381.54584437999904,384.79742431640625,9172888
2024-03-26 00:00:00+05:30,386.4454860135536,392.81499900906766,383.8620614347173,388.3608093261719,9389403
2024-03-27 00:00:00+05:30,391.79049343691685,391.79049343691685,379.54147244036886,382.5703430175781,17985246
2024-03-28 00:00:00+05:30,383.06029720788416,390.5878883414554,383.06029720788416,386.7127380371094,10332853
2024-04-01 00:00:00+05:30,389.02886994160565,395.35379643943406,387.33625640828205,393.7948303222656,7256592
2024-04-02 00:00:00+05:30,393.7948811255156,399.36261797655055,388.449853748522,394.8193664550781,11530800
2024-04-03 00:00:00+05:30,394.81933946858607,398.2045123681476,392.77039613572447,396.8682556152344,6972648
2024-04-04 00:00:00+05:30,400.87705825372825,403.99499092903505,394.24030497037484,399.85260009765625,14743020
2024-04-05 00:00:00+05:30,399.76347034049274,399.85255955942677,395.5319907101477,398.15997314453125,4820138
2024-04-08 00:00:00+05:30,399.98616743346,401.27789310255173,396.0219283962161,398.5608215332031,3980972
2024-04-09 00:00:00+05:30,399.71897327684417,401.14429215600626,389.5188685322735,391.8350524902344,8005012
2024-04-10 00:00:00+05:30,394.240295379287,408.53825975422467,393.8394346425147,406.53387451171875,15825331
2024-04-12 00:00:00+05:30,405.33124499593106,412.8588361346273,403.14868126377456,405.8657531738281,11259294
2024-04-15 00:00:00+05:30,399.9416765238999,406.0438942441308,392.9485937387387,401.76788330078125,7680715
2024-04-16 00:00:00+05:30,399.9862225798019,406.5784176928718,397.62550754970323,403.7277526855469,4996845
2024-04-18 00:00:00+05:30,405.28670124457574,406.9347295608524,387.6480950453259,390.72149658203125,10945138
2024-04-19 00:00:00+05:30,388.405305137231,390.721488999604,381.3231333089817,387.7817077636719,7628287
2024-04-22 00:00:00+05:30,392.7704455835436,395.977467631526,390.1870209732472,394.5966796875,6396926
2024-04-23 00:00:00+05:30,397.09098285008355,397.09098285008355,391.3005366615798,392.8149719238281,5390120
2024-04-24 00:00:00+05:30,393.3494331431723,399.7189453795762,392.9931034482508,395.39837646484375,6538090
2024-04-25 00:00:00+05:30,394.64117217444465,404.44038863927284,393.527624848896,403.0596008300781,10858594
2024-04-26 00:00:00+05:30,404.44038700950085,410.18630206066325,402.836889741658,406.04388427734375,7209435
2024-04-29 00:00:00+05:30,408.62735525739333,408.62735525739333,401.3670046295882,403.77227783203125,5305655
2024-04-30 00:00:00+05:30,406.57837594476376,408.3600515862274,402.70322598733776,404.7076110839844,6021793
2024-05-02 00:00:00+05:30,407.60287126506574,409.3845470694131,400.3425477995936,404.351318359375,14980896
2024-05-03 00:00:00+05:30,407.91462381887777,423.8606150265022,400.34250250706947,422.7916259765625,51071947
2024-05-06 00:00:00+05:30,426.71135837607795,428.89392212743553,395.5765625845898,410.3199462890625,36408390
2024-05-07 00:00:00+05:30,412.4579416241562,418.2483878888582,403.4159425095953,406.2220764160156,13728379
2024-05-08 00:00:00+05:30,406.84564072718723,419.9409402876618,405.4202947868479,413.7496337890625,16978094
2024-05-09 00:00:00+05:30,414.5514224506243,416.64489695412163,393.17131283781424,395.08660888671875,15601338
2024-05-10 00:00:00+05:30,398.382732682583,401.90152619004385,392.19139820217913,400.3425598144531,9190621
2024-05-13 00:00:00+05:30,401.990618490958,402.4805684811142,387.2472615293772,395.53204345703125,11107909
2024-05-14 00:00:00+05:30,397.9372574993578,401.45605050969954,396.51191157722667,399.71893310546875,6592194
2024-05-15 00:00:00+05:30,400.8770713353353,418.69383006135024,400.43165236718494,416.7785339355469,23543942
2024-05-16 00:00:00+05:30,417.4911504895344,423.14797624073213,407.87011264107264,417.1793518066406,17232651
2024-05-17 00:00:00+05:30,417.84748759914874,421.9899053995055,415.8431024129944,418.91650390625,10625019
2024-05-21 00:00:00+05:30,418.42653315368574,439.98479199451646,418.42653315368574,437.0895690917969,27356982
2024-05-22 00:00:00+05:30,440.5193665263844,451.96663962766013,437.93594190715345,446.93341064453125,28346931
2024-05-23 00:00:00+05:30,448.44778844188676,448.804118160686,438.3813311581801,443.013671875,14378840
2024-05-24 00:00:00+05:30,441.8110634549939,450.22946522348633,435.75334947707387,446.3097839355469,12190536
2024-05-27 00:00:00+05:30,448.0469143201914,448.0914453388806,437.17868151104506,440.47479248046875,8811105
2024-05-28 00:00:00+05:30,441.855585424031,442.03376387328456,431.2546201625925,434.4170837402344,8165238
2024-05-29 00:00:00+05:30,429.4729636516565,438.2031643318296,429.4729636516565,433.3481140136719,8014727
2024-05-30 00:00:00+05:30,432.94724867399015,434.68439357093433,427.1568019324656,429.51751708984375,7725080
2024-05-31 00:00:00+05:30,431.5218456824579,439.2721457905135,426.71132676782946,437.5795593261719,11223848
2024-06-03 00:00:00+05:30,458.78151855142426,469.8279302616346,450.3630895209946,456.4207763671875,24416215
2024-06-04 00:00:00+05:30,456.42076740011265,456.465352792186,365.9561912967718,393.6612548828125,48046493
2024-06-05 00:00:00+05:30,402.6587373309473,412.3243341399621,378.6952028695124,410.275390625,18966089
2024-06-06 00:00:00+05:30,418.69379477863254,431.521854543118,413.9278067838032,421.32177734375,21757857
2024-06-07 00:00:00+05:30,421.3663532280261,428.7602973890417,416.55583370241254,426.8450012207031,8317343
2024-06-10 00:00:00+05:30,432.0563586250391,434.7288721835445,423.59339902310535,425.5532531738281,10958537
2024-06-11 00:00:00+05:30,429.3838757637643,430.7201326385478,423.3261888058987,424.35064697265625,11169021
2024-06-12 00:00:00+05:30,428.49301555253675,440.34114835133323,427.0231385039965,435.35247802734375,15412796
2024-06-13 00:00:00+05:30,439.9848283645499,439.9848283645499,430.7201197472502,434.6398010253906,7438571
2024-06-14 00:00:00+05:30,434.63979774365436,438.6485682177557,432.2790827905932,433.79351806640625,5974636
2024-06-18 00:00:00+05:30,438.29225887493374,439.09400756977885,432.2345718625308,435.6642761230469,6946544
2024-06-19 00:00:00+05:30,435.97604774960445,437.57957222589437,424.4842446741576,425.7759704589844,8962510
2024-06-20 00:00:00+05:30,428.53756017134,434.1943862636937,420.07460013613496,430.4083251953125,7864157
2024-06-21 00:00:00+05:30,430.40828974488227,437.7577018017021,426.7113182080882,427.78033447265625,10340882
2024-06-24 00:00:00+05:30,427.6021971624902,427.64672818354177,420.4754938764487,421.98992919921875,11124175
2024-06-25 00:00:00+05:30,423.9497316075657,425.7759655300145,414.5068448661099,418.0256652832031,7951999
2024-06-26 00:00:00+05:30,418.91648745117186,420.3418334092478,414.28411988397835,417.5802307128906,6655899
2024-06-27 00:00:00+05:30,417.5802617062897,417.80297117919974,411.12168699189914,416.0658264160156,14857335
2024-06-28 00:00:00+05:30,418.69383538464047,424.0388630704018,416.9121594893867,421.4999694824219,8302706
2024-07-01 00:00:00+05:30,421.6780890656927,424.30604433250926,419.8073241996559,422.96978759765625,8579861
2024-07-02 00:00:00+05:30,425.82051842427893,432.05638375685203,421.67812760488414,426.8004455566406,14629287
2024-07-03 00:00:00+05:30,429.2947386486907,434.41705609731935,427.06764410580877,432.0118103027344,7244652
2024-07-04 00:00:00+05:30,435.39699026728925,439.00487261138716,432.3235888732702,436.1096496582031,7796954
2024-07-05 00:00:00+05:30,436.0651260639862,439.4502990077707,433.7489422247693,437.8468017578125,5754517
2024-07-08 00:00:00+05:30,438.915866881748,441.8556212291489,434.0162581786022,439.4503479003906,7477292
2024-07-09 00:00:00+05:30,442.7018824246487,442.7018824246487,437.4904755414487,439.8957214355469,6444684
2024-07-10 00:00:00+05:30,439.89572502232016,440.8756521069637,428.0921233604476,437.1786804199219,5981477
2024-07-11 00:00:00+05:30,438.29223640849386,450.7639667128006,435.2188348518753,445.4634704589844,20146927
2024-07-12 00:00:00+05:30,448.9822768031602,453.0801363540825,441.4101550713608,442.03375244140625,8198389
2024-07-15 00:00:00+05:30,445.41893599321946,448.62595776961354,438.7821829724348,443.41455078125,7106020
2024-07-16 00:00:00+05:30,443.63726930777955,461.81038401634726,443.63726930777955,456.5098876953125,23169665
2024-07-18 00:00:00+05:30,459.0932346333569,459.4941225144819,446.53244350759894,450.0957946777344,12540956
2024-07-19 00:00:00+05:30,450.1403977571353,451.1203249230443,433.6153649345773,434.7289123535156,9971704
2024-07-22 00:00:00+05:30,434.72886735428136,441.85557009779416,430.764628078717,437.5795593261719,7281653
2024-07-23 00:00:00+05:30,440.0738773541774,441.6773745348291,413.83869302203954,433.8380126953125,11311831
2024-07-24 00:00:00+05:30,433.5707944210484,444.8844188552444,432.14544841739,439.8957214355469,6823248
2024-07-25 00:00:00+05:30,437.4013695967825,448.5813733627039,431.1655048571135,440.0738830566406,10281157
2024-07-26 00:00:00+05:30,443.85997030244937,455.84175057095007,443.85997030244937,454.1936950683594,20437968
2024-07-29 00:00:00+05:30,458.33612320532336,459.4051396149828,452.10025758348223,456.24267578125,7259754
2024-07-30 00:00:00+05:30,456.24262718108247,468.22435278020566,454.2827730342146,462.6566162109375,13197520
2024-07-31 00:00:00+05:30,466.309104002187,468.04624876070966,454.77274246191877,465.195556640625,11972565
2024-08-01 00:00:00+05:30,476.59820673659135,483.05678056619934,470.3623423493836,481.40875244140625,34763894
2024-08-02 00:00:00+05:30,475.7074363279388,478.5581284688095,465.2846220732339,467.2444763183594,10985150
2024-08-05 00:00:00+05:30,458.7814739629292,458.7814739629292,443.23634324251583,451.4765930175781,11835031
2024-08-06 00:00:00+05:30,452.6347752876114,460.7414062033794,443.63730640717034,445.0626525878906,7142269
2024-08-07 00:00:00+05:30,452.27838625642886,474.6383944899019,452.27838625642886,473.4803161621094,18293730
2024-08-08 00:00:00+05:30,475.7074104455292,476.59824829280547,464.34922789275674,466.30908203125,13624148
2024-08-09 00:00:00+05:30,472.1440903209737,473.34669974546046,464.8837396359336,471.9659118652344,6468264
2024-08-12 00:00:00+05:30,471.2532370066296,472.5894938223384,466.17545023245043,466.7545166015625,5238736
2024-08-13 00:00:00+05:30,467.6899009306121,472.0550284216035,463.2357113979396,464.794677734375,5201294
2024-08-14 00:00:00+05:30,465.81915654209405,470.27334601229023,444.57264014579994,449.60589599609375,14766889
2024-08-16 00:00:00+05:30,456.80391349240955,464.04690312994916,452.1251940335423,460.9427490234375,7313429
2024-08-19 00:00:00+05:30,462.2924048372962,470.9750305654096,461.7075991918515,469.6703796386719,10737456
2024-08-20 00:00:00+05:30,471.7847361690828,475.47375073116945,468.81556683036547,472.0096740722656,8191127
2024-08-21 00:00:00+05:30,473.7192741553048,481.5921015985316,471.8298175355248,478.8478698730469,9067794
2024-08-22 00:00:00+05:30,480.46736093366655,481.77201175470384,473.98913834227614,475.8336181640625,8531700
2024-08-23 00:00:00+05:30,475.92354813868087,486.90052698906226,475.8335400423466,484.8310546875,12566904
2024-08-26 00:00:00+05:30,487.66542569783235,489.06002986182597,481.09724921324363,484.1563720703125,7193307
2024-08-27 00:00:00+05:30,485.05603365327255,487.3954206091155,476.8683165990119,478.12799072265625,7865530
2024-08-28 00:00:00+05:30,480.377427924209,481.86198519688935,472.77451549805454,473.5842590332031,6066259
2024-08-29 00:00:00+05:30,473.58422753814494,476.86834280898705,464.3617737385372,474.6639404296875,9147836
2024-08-30 00:00:00+05:30,476.86835009518325,483.16661132285543,469.6703372635578,472.3246154785156,30921282
2024-09-02 00:00:00+05:30,474.1691146743827,475.9686179558794,465.75645879997836,468.6356201171875,6370038
2024-09-03 00:00:00+05:30,468.77059954240076,471.10993181536725,466.29628255825185,467.51092529296875,5526155
2024-09-04 00:00:00+05:30,465.03661739027956,465.03661739027956,450.3706765083985,453.159912109375,16783593
2024-09-05 00:00:00+05:30,456.62390480578784,456.62390480578784,445.51196783758564,447.176513671875,10830621
2024-09-06 00:00:00+05:30,448.97605424164675,448.97605424164675,432.82550182821535,439.5736389160156,13110103
2024-09-09 00:00:00+05:30,439.0787812724063,439.52865707289027,430.1262418594783,435.8846740722656,10189742
2024-09-10 00:00:00+05:30,438.448908675189,442.6777518407021,433.5002752704657,441.86798095703125,9809547
2024-09-11 00:00:00+05:30,443.4425985076727,444.072408176811,433.63531118431695,435.434814453125,8134497
2024-09-12 00:00:00+05:30,438.1790675332801,447.4015222400894,433.9052470593929,445.9619140625,12058489
2024-09-13 00:00:00+05:30,447.17653359155884,447.9413279233532,440.4283967667365,441.10321044921875,8093877
2024-09-16 00:00:00+05:30,443.1276765137956,445.2870749280015,438.49396112413194,443.802490234375,5244657
2024-09-17 00:00:00+05:30,443.8024761000822,445.1970800949011,438.76386165524525,439.5286560058594,5063902
2024-09-18 00:00:00+05:30,440.69832531063713,444.11739788586067,437.41423744280604,438.2690124511719,6527832
2024-09-19 00:00:00+05:30,439.97852953229284,442.3178891686932,428.50669670706435,430.0362854003906,10014450
2024-09-20 00:00:00+05:30,432.7355765639201,448.07633155037,432.15071601196973,441.73309326171875,12982128
2024-09-23 00:00:00+05:30,444.0274076622286,452.12517193570386,441.32815290440345,450.4156494140625,6123879
2024-09-24 00:00:00+05:30,454.37458812161185,455.8591728683807,451.2704339125339,453.7447509765625,7306001
2024-09-25 00:00:00+05:30,455.72418311272054,456.17405891046263,451.6753009330419,454.64447021484375,5059851
2024-09-26 00:00:00+05:30,455.27431263905515,456.5789634510599,449.92077960002325,455.7691650390625,6877039
2024-09-27 00:00:00+05:30,455.7691989135525,465.9363818337882,454.2846141449505,464.36181640625,15443031
2024-09-30 00:00:00+05:30,461.5725984867134,461.97749771429653,452.12520612002623,459.00830078125,8881502
2024-10-01 00:00:00+05:30,460.6728121927237,464.27181853797936,455.40925992113944,457.523681640625,4743517
2024-10-03 00:00:00+05:30,449.4259367517354,458.7833481614247,449.4259367517354,451.990234375,11285134
2024-10-04 00:00:00+05:30,449.51587403036996,454.0596083155307,444.52223651781736,447.3564758300781,7170285
2024-10-07 00:00:00+05:30,448.1662855853966,450.3706605704599,427.6969363138994,432.2856750488281,8940891
2024-10-08 00:00:00+05:30,432.6005746489276,443.35261765864874,428.68667700757476,442.5428466796875,6049075
2024-10-09 00:00:00+05:30,442.67779843270193,446.2768049240247,436.9643701360789,438.1340637207031,6874313
2024-10-10 00:00:00+05:30,439.7086186596078,444.4323145677327,437.3242549489148,439.16876220703125,4700891
2024-10-11 00:00:00+05:30,438.6289050519824,444.38730980101684,438.58392845527294,443.5325622558594,4364566
2024-10-14 00:00:00+05:30,445.3320759589758,452.0802131189265,443.5325727163223,448.3462219238281,5369297
2024-10-15 00:00:00+05:30,448.3462239395269,449.2909796211118,440.9232730302087,444.8822021484375,4279311
2024-10-16 00:00:00+05:30,445.37706614622726,449.3359679092122,443.4875821921405,446.0518798828125,8000451
2024-10-17 00:00:00+05:30,446.05188274895914,447.4015102308017,438.35901708575324,440.788330078125,4334990
2024-10-18 00:00:00+05:30,439.07878978771004,444.25236159361026,434.894950253717,442.8577575683594,4573163
2024-10-21 00:00:00+05:30,442.6778072384251,445.1521242504285,433.99520939704325,436.73944091796875,4737527
2024-10-22 00:00:00+05:30,436.3795407969548,438.62891987322774,420.3639727571876,421.398681640625,8671135
2024-10-23 00:00:00+05:30,421.39869360271194,428.3267648793528,412.9410335274893,426.572265625,10686743
2024-10-24 00:00:00+05:30,426.57228180819186,435.29985672803747,425.62752605855246,429.406494140625,5045880
2024-10-25 00:00:00+05:30,430.17126621970857,431.02601380603073,412.98600433838044,414.87548828125,10330954
2024-10-28 00:00:00+05:30,406.6877088819939,412.08621829193186,391.6168701125837,397.3752746582031,21378247
2024-10-29 00:00:00+05:30,399.6696956128342,401.8290940903684,394.8110147155803,400.88433837890625,7680865
2024-10-30 00:00:00+05:30,403.08873470919156,410.106786517707,400.38947978926393,404.1234436035156,7818123
2024-10-31 00:00:00+05:30,406.68771993685993,408.93709891881156,398.7699169036859,406.7326965332031,8475238
2024-11-01 00:00:00+05:30,409.0720681924288,413.48084563502016,407.00265045149007,408.6221923828125,3095957
2024-11-04 00:00:00+05:30,412.086253981983,412.2212112372721,391.8418419413834,398.8598937988281,15720990
2024-11-05 00:00:00+05:30,400.3059167012091,406.97612136312597,398.34682824539783,405.7167053222656,10186343
2024-11-06 00:00:00+05:30,408.42206737322704,409.4482591947158,402.2649733837769,406.5562744140625,9130749
2024-11-07 00:00:00+05:30,408.42211520533743,410.8010185887208,405.4834966444469,406.13653564453125,5861077
2024-11-08 00:00:00+05:30,406.13650481559205,406.742881858359,392.9826582175086,395.5947570800781,9934413
2024-11-11 00:00:00+05:30,394.6152541563053,397.18071975661223,389.3443941623508,393.2625427246094,7201246
2024-11-12 00:00:00+05:30,394.14873312062053,396.2943834751567,385.0996265581213,386.2657470703125,6564348
2024-11-13 00:00:00+05:30,386.21915191431617,387.6184966676289,378.4761223338824,379.5955810546875,7170870
2024-11-14 00:00:00+05:30,379.8754588549114,385.61276652521207,375.5841293438014,382.25433349609375,8776485
2024-11-18 00:00:00+05:30,386.1725365902779,390.41720448652325,383.4204803917827,385.61279296875,7352509
2024-11-19 00:00:00+05:30,388.03833756480634,393.682350394652,383.1406305989961,384.58660888671875,6291292
2024-11-21 00:00:00+05:30,385.33285937737674,386.1258270375527,377.03008683670197,378.7559509277344,14141967
2024-11-22 00:00:00+05:30,380.0619916394032,387.8516823547881,379.12909522965026,386.2657470703125,8155453
2024-11-25 00:00:00+05:30,392.7494237518205,398.7666175226132,387.80508372431416,389.4376525878906,10903727
2024-11-26 00:00:00+05:30,390.37054378503115,391.81652194239825,382.2076995778978,383.88690185546875,5798977
2024-11-27 00:00:00+05:30,391.81653664293174,392.7494331587482,385.0064034653682,389.15777587890625,9219932
2024-11-28 00:00:00+05:30,391.816514683938,396.3877016613025,385.7526876709723,387.338623046875,7788912
2024-11-29 00:00:00+05:30,387.43193795174926,389.9507701034732,383.4204940491088,388.4581298828125,7057742
2024-12-02 00:00:00+05:30,390.3238600067124,394.98834214940666,388.83122002710223,393.4024353027344,6404844
2024-12-03 00:00:00+05:30,396.48096758000815,396.9474157771611,391.21010864612754,393.77557373046875,7928558
2024-12-04 00:00:00+05:30,393.7756428440778,397.3206383767454,387.1520715880208,388.69134521484375,6836472
2024-12-05 00:00:00+05:30,390.09065893573325,392.98264372893306,384.35335125536,390.3238830566406,9500273
2024-12-06 00:00:00+05:30,391.81653664293174,393.2158814166565,388.45810349204385,389.15777587890625,4252732
2024-12-09 00:00:00+05:30,389.95073268724525,392.7027887197049,384.81980199399203,386.2191467285156,6662023
2024-12-10 00:00:00+05:30,387.61845825234985,389.20439353682553,383.8868726133381,386.2657470703125,6035289
2024-12-11 00:00:00+05:30,388.08495882707103,391.49002548821574,387.66514399813497,388.9712219238281,5353413
2024-12-12 00:00:00+05:30,388.55140842984866,389.81082445124093,379.7821866586338,381.6479797363281,9409378
2024-12-13 00:00:00+05:30,381.64796681025365,383.65368860689443,375.0243959148245,382.7674255371094,9439175
2024-12-16 00:00:00+05:30,382.954043108708,385.1463557485897,379.2224568177583,382.90740966796875,5434635
2024-12-17 00:00:00+05:30,382.90736860497805,383.3738168413248,375.0243820228209,375.8639831542969,5070262
2024-12-18 00:00:00+05:30,376.4237006936388,377.63645463635464,368.07426645268725,369.2403869628906,7176597
2024-12-19 00:00:00+05:30,364.7159071875977,368.027678457557,361.0309545325084,365.6488037109375,5745829
2024-12-20 00:00:00+05:30,366.62834774636474,367.2813867256679,354.96714075697656,356.3664855957031,7923854
2024-12-23 00:00:00+05:30,360.0980696825582,362.5236064158195,356.7396363957152,357.25274658203125,5163415
2024-12-24 00:00:00+05:30,359.025249961565,360.7977477471757,355.80674541341466,358.69873046875,4242999
2024-12-26 00:00:00+05:30,360.47118519965727,364.1094756870887,359.2117692890778,360.65777587890625,4190081
2024-12-27 00:00:00+05:30,361.49737725276674,362.3836402752181,354.0808390283299,354.96710205078125,5909271
2024-12-30 00:00:00+05:30,354.9671321478989,356.64633452574736,350.4892401604743,352.5415954589844,22328728
2024-12-31 00:00:00+05:30,352.5416191552009,358.8853331118142,350.8624166644842,358.3722229003906,7686615
2025-01-01 00:00:00+05:30,357.812430764746,362.10376023369656,356.8329008561745,360.47119140625,3584876
2025-01-02 00:00:00+05:30,362.3369993477619,367.5145920680765,358.2788938290672,366.5816955566406,7538972
2025-01-03 00:00:00+05:30,366.6283031799914,372.5055394003242,363.3631656198643,367.23468017578125,7122319
2025-01-06 00:00:00+05:30,367.607838119955,367.607838119955,351.84189366371226,353.33453369140625,8774141
2025-01-07 00:00:00+05:30,355.01375930407426,358.46548781602934,351.2355397859077,354.3140869140625,6542121
2025-01-08 00:00:00+05:30,354.5473234250323,356.4131165302181,350.76910377492845,354.82720947265625,7407778
2025-01-09 00:00:00+05:30,355.9466501228135,355.9466501228135,345.91801269327567,347.2240905761719,6247612
2025-01-10 00:00:00+05:30,346.47776361270536,348.1569944391712,340.2273739784643,343.7723693847656,4893721
2025-01-13 00:00:00+05:30,341.53340633862683,345.54484980670446,337.00885272573106,338.5481262207031,8661589
2025-01-14 00:00:00+05:30,340.5072356206627,348.9033044441859,338.6414425487686,344.4720458984375,5698113
2025-01-15 00:00:00+05:30,346.944211212871,355.85339008944663,344.5186745591007,349.4630432128906,11117714
2025-01-16 00:00:00+05:30,353.05470352688,355.9000265583881,349.6496084131091,353.4278564453125,6923722
2025-01-17 00:00:00+05:30,354.5006764408466,363.17660266058084,353.1479651033727,361.6373291015625,8380692
2025-01-20 00:00:00+05:30,363.45650953764203,364.7625590423102,356.97286698518167,361.0776062011719,14597375
2025-01-21 00:00:00+05:30,361.963849206127,363.5031227678232,355.43357357611956,355.9466552734375,20854879
2025-01-22 00:00:00+05:30,355.9000452773969,358.1389913754945,349.5096980103152,353.75439453125,10653690
2025-01-23 00:00:00+05:30,352.16840886341873,362.1504122376422,350.9556548697984,359.91143798828125,5844752
2025-01-24 00:00:00+05:30,360.14469792110765,365.9286678576795,356.0866207474288,357.34600830078125,5351964
2025-01-27 00:00:00+05:30,355.3403003476139,357.29938885250334,347.73719894195983,350.535888671875,6645109
2025-01-28 00:00:00+05:30,350.7690780562513,352.261718124907,343.072682061666,345.778076171875,10866038
2025-01-29 00:00:00+05:30,347.5039374470496,359.1651434016486,345.91800204932775,353.9875793457031,6680927
2025-01-30 00:00:00+05:30,356.0865811882291,361.3574403603327,354.8737987389751,359.2117614746094,6300164
2025-01-31 00:00:00+05:30,359.2591337093134,375.77843876521587,354.66780566917134,374.784423828125,10339434
2025-02-01 00:00:00+05:30,374.7844349218402,378.14511091828484,358.83313380212644,364.7497863769531,7015540
2025-02-03 00:00:00+05:30,363.51913435828874,363.66112824216646,346.9525071414397,354.052490234375,7689700
2025-02-04 00:00:00+05:30,357.36583449430617,360.39517232942586,354.90450111450974,356.46649169921875,4649921
2025-02-05 00:00:00+05:30,357.83915271694127,364.56047591367974,357.7444804964424,362.43048095703125,5914200
2025-02-06 00:00:00+05:30,362.38312962087633,364.13446458166084,357.0818319632336,359.35382080078125,4652107
2025-02-07 00:00:00+05:30,359.25913615204684,362.572461518403,355.9458107856907,358.0758056640625,3006598
2025-02-10 00:00:00+05:30,356.8924849660773,359.5904843306719,349.31916963523213,350.7391662597656,3380494
2025-02-11 00:00:00+05:30,350.2658166061869,350.73914879078984,338.432511991113,339.8525085449219,6803431
2025-02-12 00:00:00+05:30,340.70451314397576,342.50316973318485,332.79985959439614,341.1305236816406,4565992
2025-02-13 00:00:00+05:30,342.6925138561114,347.9464897363413,339.4738606641731,342.3611755371094,3712240
2025-02-14 00:00:00+05:30,344.4911598056364,345.53249639466964,331.80586297625126,335.30853271484375,4464446
2025-02-17 00:00:00+05:30,335.30854562153644,342.692516464534,330.62254523546545,340.89385986328125,6017586
2025-02-18 00:00:00+05:30,341.0358446316404,343.0238456177446,334.9298477935854,341.84051513671875,3843725
2025-02-19 00:00:00+05:30,340.7991848950871,345.8164946723028,338.90585609011436,342.97650146484375,3097726
2025-02-20 00:00:00+05:30,340.79920139245417,349.7451919849686,340.79920139245417,348.3251953125,4624287
2025-02-21 00:00:00+05:30,347.946488190543,351.4018363577647,345.81649329344157,350.218505859375,5235241
2025-02-24 00:00:00+05:30,348.4197987531916,348.84580926211873,341.88782058569427,345.3431396484375,4533486
2025-02-25 00:00:00+05:30,344.58584726270885,345.9111716665074,339.5685374162194,341.8878479003906,4525493
2025-02-27 00:00:00+05:30,339.85251953909193,348.18315470163697,337.15452022159445,344.44384765625,6196610
2025-02-28 00:00:00+05:30,347.23647076007956,355.7091282176999,345.8164742402484,349.6504821777344,21899478
2025-03-03 00:00:00+05:30,350.2658294001778,351.21249380396205,333.6045301155938,341.1305236816406,12675744
2025-03-04 00:00:00+05:30,337.10719855756486,346.95250253781944,333.7938731581587,344.44384765625,5535218
2025-03-05 00:00:00+05:30,342.73983060704126,349.22448745204764,342.73983060704126,348.6091613769531,5730797
2025-03-06 00:00:00+05:30,350.31316119370734,363.661135451003,348.46718288689453,362.1938171386719,11247215
2025-03-07 00:00:00+05:30,362.1938160289532,368.8204670267494,359.1644783025699,360.3478088378906,8321771
2025-03-10 00:00:00+05:30,360.3951485515403,365.98046273225094,354.0998071810911,355.1411437988281,5541001
2025-03-11 00:00:00+05:30,351.21252287510134,359.7325032143895,348.37252942867195,358.8331604003906,5340552
2025-03-12 00:00:00+05:30,359.3064544508883,362.43046424385494,353.86313425713416,360.3951416015625,3951912
2025-03-13 00:00:00+05:30,361.1524761268311,362.5724727564255,357.2238245629345,358.1231384277344,3918004
2025-03-17 00:00:00+05:30,359.92180554494405,366.40643337679927,358.83311840596326,365.17578125,5456361
2025-03-18 00:00:00+05:30,365.17578125,365.17578125,365.17578125,365.17578125,0
2025-03-19 00:00:00+05:30,369.2464204662404,376.81973531351025,368.06309002135447,374.7370910644531,5827114
2025-03-20 00:00:00+05:30,376.48843248298306,376.86709245398595,371.13975566666545,375.25775146484375,7025398
2025-03-21 00:00:00+05:30,375.25776091189385,389.17373909333793,374.027108752677,383.7777404785156,16564019
2025-03-24 00:00:00+05:30,386.1917407172663,389.8363754243677,383.4463909364677,384.3457336425781,5260300
2025-03-25 00:00:00+05:30,386.2390834336667,386.4757495387118,375.92044703167966,377.0564270019531,5636291
2025-03-26 00:00:00+05:30,377.2457421484097,380.9850778737216,372.181082115739,373.7430725097656,5025274
2025-03-27 00:00:00+05:30,372.27577920176907,378.3344256472879,371.1397703539008,375.68377685546875,7697174
2025-03-28 00:00:00+05:30,375.825752681324,380.46440228908256,372.51242740579596,376.9617614746094,6923988
2025-04-01 00:00:00+05:30,376.5831254884173,381.0797818508125,373.9797981207148,376.4411315917969,4332950
2025-04-02 00:00:00+05:30,380.1804326402058,380.1804326402058,370.61911632609815,376.2991027832031,4197123
2025-04-03 00:00:00+05:30,373.93245734571695,378.6657795905994,372.22847289352177,375.87310791015625,4970602
2025-04-04 00:00:00+05:30,374.87907810518846,374.87907810518846,362.19378174526616,364.5130920410156,6718760
2025-04-07 00:00:00+05:30,339.7105287684288,359.16447080715454,337.012529426221,357.3658142089844,10202400
2025-04-08 00:00:00+05:30,364.46580369318093,364.93913590576943,356.5611499649711,362.43048095703125,3577328
2025-04-09 00:00:00+05:30,361.90981295330187,362.2885018507457,353.20051722032144,354.6205139160156,5781453
2025-04-11 00:00:00+05:30,369.15181101508296,371.8497815650596,361.7678110275141,371.1871337890625,6185984
2025-04-15 00:00:00+05:30,377.7190893415708,377.7190893415708,372.5124352278399,374.1690979003906,4371156
2025-04-16 00:00:00+05:30,374.1691222456596,378.76045058630103,371.56579501940894,377.9557800292969,4992290
2025-04-17 00:00:00+05:30,375.73111070474727,378.2397656944134,367.58979073742,377.5771179199219,8364450
2025-04-21 00:00:00+05:30,377.95576859949233,384.34575341614,374.5477709192992,379.13909912109375,8987570
2025-04-22 00:00:00+05:30,381.97907321806935,384.1563897126693,373.2697494598619,377.3404235839844,7558174
2025-04-23 00:00:00+05:30,378.66576953633626,380.18043839246275,372.98578299329125,377.6717834472656,7429142
2025-04-24 00:00:00+05:30,377.62443044058693,379.8964192650741,375.6837799402741,378.5237731933594,5762303
2025-04-25 00:00:00+05:30,378.9497668490801,382.4524368614469,368.8677962593029,372.1811218261719,7337588
2025-04-28 00:00:00+05:30,372.1811157090298,377.5297639725128,370.66644683966064,375.9677734375,3458518
2025-04-29 00:00:00+05:30,375.96774344831516,378.99708094541757,367.73178087978016,368.34710693359375,6274213
2025-04-30 00:00:00+05:30,368.3471284763908,369.53045899135617,362.6671420045572,364.7497863769531,4559122
2025-05-02 00:00:00+05:30,364.93913573422986,370.0984684049821,361.0578058148471,363.0458068847656,5045851
2025-05-05 00:00:00+05:30,365.36515180821203,367.2111301304205,361.38914960822984,365.0338134765625,6395704
2025-05-06 00:00:00+05:30,365.88578688475917,366.97444515572386,357.27113515425225,358.0758056640625,5982166
2025-05-07 00:00:00+05:30,350.5498083720095,366.6431028326509,350.5498083720095,362.8564453125,9162368
2025-05-08 00:00:00+05:30,369.1991267752964,373.88512724802206,361.8624774611719,364.8918151855469,14258083
2025-05-09 00:00:00+05:30,358.8805049015985,362.80915665820703,356.9398254120137,362.0044860839844,3809943
2025-05-12 00:00:00+05:30,371.0451449744931,374.97379668774,366.83247659058696,374.4057922363281,6743279
2025-05-13 00:00:00+05:30,374.4057706914628,378.28710051453857,373.03309575369906,374.0744323730469,6307140
2025-05-14 00:00:00+05:30,375.589108506682,382.4997472143589,375.3051207367412,381.6004333496094,6822756
2025-05-15 00:00:00+05:30,382.21572637983536,384.7243810969794,378.287075156017,383.0677185058594,10511989
2025-05-16 00:00:00+05:30,384.3457561793197,387.1857494515807,382.073767339492,383.2097473144531,4702603
2025-05-19 00:00:00+05:30,384.2984305870779,385.71842720869796,379.6597518445281,381.2217712402344,5446656
2025-05-20 00:00:00+05:30,383.8724070621608,394.99571355533067,382.4524104885646,386.333740234375,18755291
2025-05-21 00:00:00+05:30,389.6944126748879,391.4930693408772,382.68910156582615,383.7304382324219,7393102
2025-05-22 00:00:00+05:30,383.39909845176373,384.9610890008083,372.2284696083908,377.5771179199219,7936875
2025-05-23 00:00:00+05:30,378.8551022376341,381.5057509862917,377.719093408264,380.08575439453125,4178408
2025-05-26 00:00:00+05:30,381.0797484661482,384.1564078129917,380.32242849057957,381.2217712402344,6067873
2025-05-27 00:00:00+05:30,381.03242138719423,382.0264074522424,377.056419347192,378.6184387207031,6553758
2025-05-28 00:00:00+05:30,379.61241013907033,380.4170806268222,375.35242049910573,376.9617614746094,6002200
2025-05-29 00:00:00+05:30,378.66574577463376,379.80175456791915,375.825752681324,376.9617614746094,7724668
2025-05-30 00:00:00+05:30,377.67179117172515,383.16243338633905,375.2104578414166,376.1097717285156,6565658
2025-06-02 00:00:00+05:30,377.67177659734057,379.9910870597414,374.40577283836376,378.38177490234375,6119571
2025-06-03 00:00:00+05:30,378.381782335201,379.13910231945243,369.672458066782,371.8971252441406,7360608
2025-06-04 00:00:00+05:30,371.8971092994665,373.93243194854733,368.8204500492569,373.55377197265625,3861957
2025-06-05 00:00:00+05:30,373.5537807885432,376.583089557068,371.6131014202067,373.8377685546875,6097293
2025-06-06 00:00:00+05:30,376.63044680305956,379.2337739686219,374.9264335062028,377.6717834472656,7633919
2025-06-09 00:00:00+05:30,379.5177850492108,384.5351241376678,378.6657927934071,379.6124572753906,9626374
2025-06-10 00:00:00+05:30,381.5057498006103,382.92574638795753,377.57709835359736,378.23974609375,6362912
2025-06-11 00:00:00+05:30,378.76044919132636,387.6590891721191,377.1511080832452,380.6537780761719,11946342
2025-06-12 00:00:00+05:30,380.5590632075209,380.8904015032195,370.61908767598123,371.7550964355469,11262656
2025-06-13 00:00:00+05:30,369.19913514808906,371.42380238144983,365.4124773516984,370.33514404296875,5253032
2025-06-16 00:00:00+05:30,370.1458069266195,373.55380478883575,365.6018290369358,373.317138671875,3706240
2025-06-17 00:00:00+05:30,372.98575383567675,374.7370886608554,369.2937686492941,370.42974853515625,3248476
2025-06-18 00:00:00+05:30,370.429739802593,372.4177406683654,367.4004312884707,369.5304260253906,4118145
2025-06-19 00:00:00+05:30,369.53045699973245,370.6191152896521,363.0458000346911,363.75579833984375,4416367
2025-06-20 00:00:00+05:30,363.70847493055277,370.9031012763251,363.66112437649343,368.2997741699219,6531957
2025-06-23 00:00:00+05:30,366.35911134367535,372.1337697810784,364.1817948477236,371.5657653808594,3359491
2025-06-24 00:00:00+05:30,373.4117768927645,374.31109072137735,369.86178546162495,371.707763671875,4606984
2025-06-25 00:00:00+05:30,372.8438055993396,374.3111239652332,370.1458060940741,370.8558044433594,4672204
2025-06-26 00:00:00+05:30,371.0924543651287,373.64845986697316,369.8144516142064,373.1277770996094,5569101
2025-06-27 00:00:00+05:30,373.93244763833115,376.48845314017564,371.18712658554983,373.1277770996094,16253653
2025-06-30 00:00:00+05:30,374.4057826740514,376.2044393159961,369.9564482898513,371.0451354980469,4870935
2025-07-01 00:00:00+05:30,371.56579057401075,372.8911150044465,368.25246505296866,368.96246337890625,5997283
2025-07-02 00:00:00+05:30,369.1991001060977,370.808441072778,364.89178882748797,366.2644348144531,7752338
2025-07-03 00:00:00+05:30,367.21111651075597,368.2524531330721,364.9391277192784,365.8384704589844,3851213
2025-07-04 00:00:00+05:30,367.02180997475494,367.2111255262481,362.9511356039253,365.50714111328125,3990767
2025-07-07 00:00:00+05:30,365.8857932553015,365.8857932553015,363.5191322381262,363.75579833984375,2810768
2025-07-08 00:00:00+05:30,364.4184820278843,364.93913590576943,361.9097981892405,362.43048095703125,5231160
2025-07-09 00:00:00+05:30,362.61980951785597,367.4478040374545,362.4304939599718,366.78515625,4497121
2025-07-10 00:00:00+05:30,367.353094216593,368.11044304033817,362.14644022419753,363.5664367675781,4668066
2025-07-11 00:00:00+05:30,363.5664418721889,363.80310796607523,360.3004671105002,360.6318054199219,4677164
2025-07-14 00:00:00+05:30,361.62580131001783,365.31778669724383,361.15246910935025,363.37713623046875,5109504
2025-07-15 00:00:00+05:30,363.42445889499174,366.59579042617526,362.9984772471612,365.8384704589844,4586811
2025-07-16 00:00:00+05:30,366.0277860058296,367.30578872913105,364.4184738530728,365.8384704589844,5205724
2025-07-17 00:00:00+05:30,366.4064378032443,367.49512495537715,364.3711151582247,365.3177795410156,3749218
2025-07-18 00:00:00+05:30,366.3591171912705,368.4891120586616,363.61379625128063,367.77911376953125,5172481
2025-07-21 00:00:00+05:30,368.252473162598,368.631133166789,364.84447534506563,366.1697998046875,4396850
2025-07-22 00:00:00+05:30,366.1697615794566,370.85576170062046,364.93910947182945,368.34710693359375,5043629
2025-07-23 00:00:00+05:30,368.63111591932585,371.51845970724116,368.11046204916175,369.90911865234375,3670943
2025-07-24 00:00:00+05:30,369.293821454495,369.9091475918935,363.4244900902921,364.9864807128906,4022204
2025-07-25 00:00:00+05:30,364.9864632180689,365.31780154998836,359.7324871330097,360.48980712890625,4616856
2025-07-28 00:00:00+05:30,360.8684704316,363.37712524129086,356.89246851027195,358.17047119140625,4521716
2025-07-29 00:00:00+05:30,356.8451408024608,363.7557790501854,356.8451408024608,363.1877746582031,4872086
2025-07-30 00:00:00+05:30,363.51914739074704,363.5664690571011,358.8331468254507,359.6378173828125,5107774
2025-07-31 00:00:00+05:30,357.83915116130186,358.7858155823635,354.71517012776064,356.27716064453125,6461803
2025-08-01 00:00:00+05:30,354.999137724806,360.8211178055121,350.92849250152307,352.6324768066406,13769152
2025-08-04 00:00:00+05:30,352.5851844400323,358.5491588933856,350.4551894367053,354.7151794433594,19756930
2025-08-05 00:00:00+05:30,355.9457994946064,360.3951335442504,354.5258029540694,359.2591247558594,6846687
2025-08-06 00:00:00+05:30,359.2591503132212,363.1495117391059,358.8268749037864,361.996826171875,5808208
2025-08-07 00:00:00+05:30,360.21973863026204,365.26281497108573,358.87492413566054,364.59039306640625,3468573
2025-08-08 00:00:00+05:30,364.06207517917125,367.0398974881791,363.2455712584302,364.7344970703125,4172600
2025-08-11 00:00:00+05:30,363.1014964384191,369.53743415939454,361.7086350568661,367.42413330078125,5740719
2025-08-12 00:00:00+05:30,366.5115599756745,371.21845461431724,366.175378342706,370.16180419921875,4860757
2025-08-13 00:00:00+05:30,370.738150639766,372.70734006627555,369.92164673800977,370.8822326660156,4216888
2025-08-14 00:00:00+05:30,370.88223264669153,371.6026720926584,367.4721350135947,369.2972717285156,4034887
2025-08-18 00:00:00+05:30,371.41052983939005,373.23563717399355,368.91300065346974,372.51519775390625,3520271
2025-08-19 00:00:00+05:30,373.1876440992341,373.1876440992341,369.1051537841202,370.16180419921875,5219052
2025-08-20 00:00:00+05:30,370.7861645188544,371.60266841248176,368.43271729276756,369.53741455078125,4904231
2025-08-21 00:00:00+05:30,370.90050038012714,371.48464853056515,367.2980949856507,368.1743469238281,6212604
2025-08-22 00:00:00+05:30,368.17433602453144,369.0019188298463,364.1824887437627,364.57196044921875,4699261
2025-08-25 00:00:00+05:30,365.1074560065018,370.70577033193484,364.9127201449567,369.9755554199219,4349832
2025-08-26 00:00:00+05:30,369.00192347999194,369.829506295736,361.6024066708707,362.6247253417969,6381642
2025-08-28 00:00:00+05:30,362.67339944959105,365.98370104568727,358.92495702955426,364.4259033203125,4372269
2025-08-29 00:00:00+05:30,362.8194429236961,369.0019351141551,362.8194429236961,364.9127197265625,4578400
2025-09-01 00:00:00+05:30,365.399521145163,368.6124845069132,365.20481500090307,367.9309387207031,2829114
2025-09-02 00:00:00+05:30,371.095195439386,374.8436377594847,369.05058783637577,370.0729064941406,7511709
2025-09-03 00:00:00+05:30,370.9005163802058,382.92469849157885,369.975565581244,379.51702880859375,8111851
2025-09-04 00:00:00+05:30,381.4642478183653,381.7563516027712,375.525190464873,381.1235046386719,5515006
2025-09-05 00:00:00+05:30,382.04843462982575,382.87601746959416,378.73813298327303,382.2918395996094,4535470
2025-09-08 00:00:00+05:30,383.6062392581355,385.45611111916025,376.1093541693512,376.8395690917969,4607020
2025-09-09 00:00:00+05:30,378.4460657526424,379.1275818528563,376.54749506896684,377.7158508300781,4376579
2025-09-10 00:00:00+05:30,378.2513134278358,382.29182988102167,377.8131726083554,381.5616149902344,4285507
2025-09-11 00:00:00+05:30,383.2654627531023,384.093045599941,380.19856605013166,382.973388671875,3442373
2025-09-12 00:00:00+05:30,383.1680772650124,385.7481936185564,382.82733409003384,383.9469909667969,4276055
2025-09-15 00:00:00+05:30,383.9470142805483,390.0808077778896,383.89831545793743,384.3364562988281,4618798
2025-09-16 00:00:00+05:30,384.57985011689664,386.527089864324,383.6548993518605,385.3587341308594,2581384
2025-09-17 00:00:00+05:30,391.3952041253811,391.8333449702316,387.01391452696265,389.2045593261719,5970395
2025-09-18 00:00:00+05:30,389.9347681808969,390.1781731547926,380.2959371571318,382.7786560058594,5899621
2025-09-19 00:00:00+05:30,383.60623814881376,384.7745939063567,381.172188414367,384.0930480957031,5272435
2025-09-22 00:00:00+05:30,384.093044899575,386.478425504492,382.97338797355064,384.28778076171875,3399517
2025-09-23 00:00:00+05:30,384.33645303715934,385.310072930857,381.75636626136475,383.6549072265625,4720322
2025-09-24 00:00:00+05:30,384.09303911027416,385.1640269108804,381.41558446501875,382.486572265625,5139791
2025-09-25 00:00:00+05:30,381.70767214570645,384.7745986186869,381.3182301259297,382.14581298828125,4563970
2025-09-26 00:00:00+05:30,382.145787684073,382.58392849763584,377.813167505577,378.8841552734375,4698693
2025-09-29 00:00:00+05:30,379.5170093792135,381.2695429539693,375.42782379649026,378.05657958984375,6606409
2025-09-30 00:00:00+05:30,379.4196809663162,381.0748169428535,376.8882633235005,379.6630859375,5362610
2025-10-01 00:00:00+05:30,379.51700617762776,384.48247336210056,377.6671344025355,378.2513122558594,4976933
2025-10-03 00:00:00+05:30,378.2513189986031,378.83549686234056,371.4359799175472,373.2371826171875,7431240
2025-10-06 00:00:00+05:30,373.3832372590308,373.96741515031067,369.9268984471176,371.825439453125,7022052
2025-10-07 00:00:00+05:30,373.8700289151466,378.689459141639,373.6752930567451,374.55157470703125,7895734
2025-10-08 00:00:00+05:30,375.3304738578731,376.20672583099025,371.04655221289454,372.0201721191406,3642904
2025-10-09 00:00:00+05:30,372.89640972063063,376.10934340240595,370.5110291572529,373.2371826171875,4628511
2025-10-10 00:00:00+05:30,373.87003210338105,376.49881765161615,372.8477431193566,374.3568420410156,5061600
2025-10-13 00:00:00+05:30,373.13981532285607,374.1621043017461,370.6083977173659,371.4846496582031,4750043
2025-10-14 00:00:00+05:30,371.971470815022,374.98969844675565,370.07292983801955,370.9005126953125,4288494
2025-10-15 00:00:00+05:30,371.19257423733455,375.23309074226637,371.19257423733455,374.1134338378906,6135157
2025-10-16 00:00:00+05:30,374.84364347438367,377.7158339262733,374.3568335477936,377.37506103515625,3513302
2025-10-17 00:00:00+05:30,377.37506997212125,379.2249417944682,375.0870573204592,378.54339599609375,4093872
2025-10-20 00:00:00+05:30,379.71175108782353,381.65899083699185,378.2026521672263,380.2959289550781,4007425
2025-10-21 00:00:00+05:30,382.72998514357727,382.77865425312507,380.2959354157658,380.7827453613281,678084
2025-10-23 00:00:00+05:30,381.26955061152654,383.9956743880945,380.1498936930262,382.2918395996094,4311356
2025-10-24 00:00:00+05:30,382.29184531788997,385.0179988477562,380.49064257204503,383.6549072265625,4070949
2025-10-27 00:00:00+05:30,385.0666601354282,387.6954456800209,383.216788317484,386.2350158691406,5438773
2025-10-28 00:00:00+05:30,386.4784374617649,387.6954623565147,379.0789201591815,381.0748291015625,7672258
2025-10-29 00:00:00+05:30,382.87601407036107,388.76640240181996,370.0242198948792,371.92279052734375,26856509
2025-10-30 00:00:00+05:30,372.8477481569396,378.689467487483,369.29401179417556,377.4724426269531,15154040
2025-10-31 00:00:00+05:30,379.66309308626654,383.80097767430436,377.521117414509,378.3973693847656,13103909
2025-11-03 00:00:00+05:30,380.2472275287967,380.5880004250707,377.0829629580763,378.29998779296875,14152223
2025-11-04 00:00:00+05:30,380.0,382.0,376.5,377.54998779296875,10536699
2025-11-05 00:00:00+05:30,377.54998779296875,377.54998779296875,377.54998779296875,377.54998779296875,0
2025-11-06 00:00:00+05:30,378.70001220703125,378.70001220703125,372.3500061035156,373.1499938964844,6648689
2025-11-07 00:00:00+05:30,372.0,376.75,371.5,376.0,4650451
2025-11-10 00:00:00+05:30,376.1000061035156,382.3999938964844,376.1000061035156,381.3500061035156,4451727
2025-11-11 00:00:00+05:30,381.45001220703125,383.0,378.6000061035156,382.79998779296875,3299015
2025-11-12 00:00:00+05:30,384.25,387.6000061035156,382.70001220703125,386.5,4326520
2025-11-13 00:00:00+05:30,386.5,387.3999938964844,382.75,383.20001220703125,3480764
2025-11-14 00:00:00+05:30,383.20001220703125,387.3500061035156,382.29998779296875,386.95001220703125,3760163
2025-11-17 00:00:00+05:30,387.0,389.20001220703125,386.1499938964844,387.8500061035156,3847261
2025-11-18 00:00:00+05:30,387.8500061035156,387.8500061035156,382.95001220703125,383.95001220703125,4462641
2025-11-19 00:00:00+05:30,383.1000061035156,383.8500061035156,378.45001220703125,379.04998779296875,5332643
2025-11-20 00:00:00+05:30,381.0,381.25,377.54998779296875,379.6499938964844,3971851
2025-11-21 00:00:00+05:30,378.0,380.3500061035156,377.54998779296875,378.20001220703125,3088629
2025-11-24 00:00:00+05:30,378.1499938964844,378.20001220703125,372.0,372.54998779296875,5543493
2025-11-25 00:00:00+05:30,372.6000061035156,373.3999938964844,369.6000061035156,370.04998779296875,4902920
2025-11-26 00:00:00+05:30,371.8500061035156,377.70001220703125,371.29998779296875,377.3500061035156,4102285
2025-11-27 00:00:00+05:30,377.3500061035156,378.70001220703125,376.1000061035156,378.04998779296875,3330267
2025-11-28 00:00:00+05:30,379.0,379.20001220703125,374.8999938964844,376.1499938964844,4689402
2025-12-01 00:00:00+05:30,376.8999938964844,380.0,375.79998779296875,379.6499938964844,4217206
2025-12-02 00:00:00+05:30,379.5,379.8999938964844,376.75,378.95001220703125,3695491
2025-12-03 00:00:00+05:30,378.95001220703125,379.29998779296875,372.20001220703125,375.25,4650434
2025-12-04 00:00:00+05:30,375.0,379.75,373.79998779296875,379.04998779296875,3135061
2025-12-05 00:00:00+05:30,378.8999938964844,380.6499938964844,376.5,379.95001220703125,3154258
2025-12-08 00:00:00+05:30,380.8999938964844,380.8999938964844,375.54998779296875,377.3500061035156,3911363
2025-12-09 00:00:00+05:30,375.1000061035156,381.20001220703125,373.3500061035156,379.3500061035156,4242651
2025-12-10 00:00:00+05:30,378.5,382.8999938964844,378.25,382.1499938964844,4752336
2025-12-11 00:00:00+05:30,382.3500061035156,385.3500061035156,380.5,384.0,2695140
2025-12-12 00:00:00+05:30,384.54998779296875,385.75,382.25,383.3500061035156,1410201
2025-12-15 00:00:00+05:30,384.0,385.0,380.1000061035156,384.45001220703125,1870236
2025-12-16 00:00:00+05:30,384.0,384.20001220703125,378.3500061035156,381.6000061035156,5109787
2025-12-17 00:00:00+05:30,380.8500061035156,385.5,380.79998779296875,384.75,3651138
2025-12-18 00:00:00+05:30,384.3999938964844,386.5,382.8500061035156,385.29998779296875,2379619
2025-12-19 00:00:00+05:30,385.0,387.3500061035156,383.5,385.6000061035156,3611941
2025-12-22 00:00:00+05:30,385.6000061035156,386.95001220703125,384.04998779296875,386.25,3112021
2025-12-23 00:00:00+05:30,387.45001220703125,400.95001220703125,386.45001220703125,400.3999938964844,18487395
2025-12-24 00:00:00+05:30,403.79998779296875,412.3999938964844,401.75,402.3500061035156,17624423
2025-12-25 00:00:00+05:30,402.3500061035156,402.3500061035156,402.3500061035156,402.3500061035156,0
2025-12-26 00:00:00+05:30,403.79998779296875,408.3999938964844,400.6000061035156,402.1499938964844,5435637
2025-12-29 00:00:00+05:30,404.0,405.5,399.0,400.6499938964844,6105510
2025-12-30 00:00:00+05:30,400.0,400.20001220703125,395.5,398.0,4418163
2025-12-31 00:00:00+05:30,398.3999938964844,404.0,397.54998779296875,399.0,4644679
2026-01-01 00:00:00+05:30,399.0,402.79998779296875,398.25,400.45001220703125,3161157
2026-01-02 00:00:00+05:30,401.3500061035156,429.5,401.0,427.8999938964844,35090129
