Date,Open,High,Low,Close,Volume
2021-01-04 00:00:00+05:30,1019.4481229221304,1028.8189481584643,1015.8335586755493,1021.822265625,3923440
2021-01-05 00:00:00+05:30,1015.5718605869253,1034.371592351831,1013.0426357018193,1024.66162109375,4770920
2021-01-06 00:00:00+05:30,1024.6617410533488,1030.1078379673215,1012.8585719145909,1024.93310546875,2713390
2021-01-07 00:00:00+05:30,1027.3942319557866,1032.045753089768,1018.0913079809208,1021.5606079101562,3266465
2021-01-08 00:00:00+05:30,1027.181301856358,1038.8293891202213,1023.130708728751,1034.614013671875,4045915
2021-01-11 00:00:00+05:30,1035.7283575770398,1051.8146830485753,1032.239657107094,1049.8377685546875,4599235
2021-01-12 00:00:00+05:30,1054.51822871383,1055.012457316953,1032.9083255431506,1037.6373291015625,3741860
2021-01-13 00:00:00+05:30,1039.7983082300773,1041.7364225045044,1015.1842332862332,1025.262451171875,3296060
2021-01-14 00:00:00+05:30,1028.1502440661095,1032.6272834021597,1020.4171868759414,1028.925537109375,2674860
2021-01-15 00:00:00+05:30,1030.107764606262,1030.107764606262,1006.966674814521,1010.30029296875,2577605
2021-01-18 00:00:00+05:30,1013.827495532922,1015.1744991035118,975.8405043491823,979.1546630859375,4412055
2021-01-19 00:00:00+05:30,986.1125659978923,989.397684044221,976.140988875199,986.2870483398438,3990495
2021-01-20 00:00:00+05:30,988.8841446439264,1000.0185434087349,981.6646565794207,984.6881103515625,3398145
2021-01-21 00:00:00+05:30,990.3763701333654,995.8030663110917,975.6273492542098,979.174072265625,2906620
2021-01-22 00:00:00+05:30,978.505461994531,989.4751960837274,966.1499832716487,976.2088012695312,3815610
2021-01-25 00:00:00+05:30,977.1972217144884,993.942557108409,961.304661316363,985.0271606445312,3588895
2021-01-27 00:00:00+05:30,979.2128659425175,979.2128659425175,936.6518917828414,951.4784545898438,5261980
2021-01-28 00:00:00+05:30,939.0163781263166,950.4415406293353,925.8372245480779,944.2105102539062,5165470
2021-01-29 00:00:00+05:30,947.7379571197087,952.5832431990527,881.8420664406287,892.055908203125,14820975
2021-02-01 00:00:00+05:30,883.7898061424933,887.2009061806833,851.4232742119449,858.22607421875,12951700
2021-02-02 00:00:00+05:30,866.1432993983797,877.5781623424928,849.0879166152845,868.759765625,18375530
2021-02-03 00:00:00+05:30,887.4528428091536,922.8525295552838,880.3787373103175,901.1359252929688,17227025
2021-02-04 00:00:00+05:30,909.5570140230793,912.0765980918476,895.8157907836463,904.7020874023438,6508800
2021-02-05 00:00:00+05:30,908.0066209459196,936.109280505612,896.5039164026945,930.4693603515625,12038405
2021-02-08 00:00:00+05:30,942.8926248224993,951.6044393026829,935.1401674755518,941.8848266601562,10792890
2021-02-09 00:00:00+05:30,939.985460350112,948.8426571304402,931.263945769544,938.8419799804688,6233845
2021-02-10 00:00:00+05:30,939.0164066341642,946.5944408730091,922.7362578530999,934.9560546875,5767115
2021-02-11 00:00:00+05:30,934.364968373996,941.9236027395076,932.2330306948625,935.14990234375,3557750
2021-02-12 00:00:00+05:30,941.8848590904361,941.8848590904361,927.38774205973,928.7444458007812,2504510
2021-02-15 00:00:00+05:30,928.7444152560812,936.797277971787,910.9234397071126,912.82275390625,4923205
2021-02-16 00:00:00+05:30,916.5342935449102,922.8525654545111,905.0994303441776,910.2548217773438,4064700
2021-02-17 00:00:00+05:30,910.254831611311,912.8421978180766,887.656410227155,891.6392211914062,5106775
2021-02-18 00:00:00+05:30,892.8893346439729,903.9075103614598,883.7801732349022,894.8177490234375,5147530
2021-02-19 00:00:00+05:30,891.9202685580456,916.3404626265725,877.9658212504095,907.3185424804688,6392670
2021-02-22 00:00:00+05:30,912.4641904214519,916.1369548803483,861.1332614840353,866.1917114257812,6976565
2021-02-23 00:00:00+05:30,871.7637362747062,878.7991002258333,856.7433513492209,871.21142578125,5317090
2021-02-24 00:00:00+05:30,871.2114821899846,876.754460724584,848.3126568924444,859.6602783203125,3677930
2021-02-25 00:00:00+05:30,856.8693994071217,889.594478846714,856.8693994071217,868.3043212890625,8531875
2021-02-26 00:00:00+05:30,864.3990105701383,883.5087899022609,853.7393815160223,857.916015625,7534450
2021-03-01 00:00:00+05:30,861.4918031034405,867.887556610716,852.8187298143143,863.1198120117188,3545365
2021-03-02 00:00:00+05:30,866.9960492389973,868.2558117124959,850.8612830794093,853.6812133789062,9188390
2021-03-03 00:00:00+05:30,865.3680620302786,875.2040160692004,857.8094278530543,872.6456909179688,4253070
2021-03-04 00:00:00+05:30,868.6628815241738,888.3056303818634,861.2980114537119,886.697021484375,7364955
2021-03-05 00:00:00+05:30,881.8420335433187,883.7801479027546,869.0504669417307,870.6978759765625,4131845
2021-03-08 00:00:00+05:30,872.151501966175,876.4153774121888,864.9804548469406,870.6494750976562,2782080
2021-03-09 00:00:00+05:30,872.3356712282791,876.027777082199,855.968279649345,862.1314697265625,2715590
2021-03-10 00:00:00+05:30,871.3762898308543,875.9986526873356,863.633531877453,872.2290649414062,3149805
2021-03-12 00:00:00+05:30,876.0276921602605,877.956106488182,853.3711305228868,857.9063110351562,3439260
2021-03-15 00:00:00+05:30,864.3990446060194,864.8254321508355,830.482041734707,841.5777587890625,4608715
2021-03-16 00:00:00+05:30,848.9135112695906,865.6975891502366,845.986939584907,862.4027709960938,4678635
2021-03-17 00:00:00+05:30,862.402722612668,865.3680351264103,841.9749813254683,844.2135009765625,4769865
2021-03-18 00:00:00+05:30,846.9559865198906,848.6033955769867,813.0486848067598,816.4791259765625,6054535
2021-03-19 00:00:00+05:30,815.946215611903,834.4261447186578,801.4103566639475,828.4373779296875,7062075
2021-03-22 00:00:00+05:30,828.9120708859597,846.5586220539418,827.2356210218549,843.84521484375,4336515
2021-03-23 00:00:00+05:30,843.0797734262237,853.3517562024487,837.6724176287296,847.39208984375,3326180
2021-03-24 00:00:00+05:30,843.1281947120918,856.45273104902,839.4651892971314,843.1766357421875,3912020
2021-03-25 00:00:00+05:30,843.0797462147975,853.1870054999928,830.4335618508869,849.0006713867188,4707080
2021-03-26 00:00:00+05:30,856.6465759049247,857.2279865738386,842.6339873185153,853.9332275390625,3626590
2021-03-30 00:00:00+05:30,858.5749503433439,877.4715651090099,856.8500593414561,875.6788330078125,4331625
2021-03-31 00:00:00+05:30,874.0895609813983,881.2024665819397,868.4690412655962,875.25244140625,3862550
2021-04-01 00:00:00+05:30,881.8420093326517,890.5538236756871,876.4249538222671,889.1390380859375,3238200
2021-04-05 00:00:00+05:30,883.7801676196349,888.4316303567425,857.4024589895807,883.1212158203125,3661290
2021-04-06 00:00:00+05:30,883.5863008622889,899.2656385106445,880.2915420278359,895.263427734375,3711470
2021-04-07 00:00:00+05:30,903.6070736693287,917.5033204210106,899.4788806450576,909.4892578125,5568060
2021-04-08 00:00:00+05:30,909.5085967499223,921.7671936316306,903.3938483618184,908.79150390625,3303175
2021-04-09 00:00:00+05:30,909.537713943312,929.1320219345939,909.2179085095788,922.6005859375,6810735
2021-04-12 00:00:00+05:30,925.4495439295674,992.3144847998713,909.9446301045695,968.4660034179688,17568825
2021-04-13 00:00:00+05:30,997.1016285819525,997.1016285819525,920.8174764838865,925.8953857421875,19686170
2021-04-15 00:00:00+05:30,938.6094162926627,944.840446838094,927.3877176311373,939.1229858398438,6934505
2021-04-16 00:00:00+05:30,942.660097744737,957.4285201097006,933.240830940484,948.3678588867188,5990145
2021-04-19 00:00:00+05:30,948.3193152510598,970.0262193425216,931.6612202673175,962.8745727539062,9219640
2021-04-20 00:00:00+05:30,988.4383580711103,1009.9029990152975,986.4033615807638,999.4371337890625,17424880
2021-04-22 00:00:00+05:30,1003.9335764778233,1025.2625352810996,999.873283520497,1007.7904052734375,12120670
2021-04-23 00:00:00+05:30,1013.246171209001,1020.6400822785603,974.8909303277463,981.9844360351562,11774495
2021-04-26 00:00:00+05:30,993.2836168126572,994.2526739997915,974.9199712871508,981.9844360351562,4752885
2021-04-27 00:00:00+05:30,986.5970878026326,991.5393148910499,973.1950696362533,980.1528930664062,4789175
2021-04-28 00:00:00+05:30,985.0563301704645,989.7756339372723,974.8715296763019,977.672119140625,4219765
2021-04-29 00:00:00+05:30,982.6724046989272,996.9660570053775,977.2554082776887,988.8840942382812,5359655
2021-04-30 00:00:00+05:30,996.190746360511,1009.9513105202317,993.3126750264497,1000.6677856445312,6534750
2021-05-03 00:00:00+05:30,1006.6469606569923,1010.2130248876465,996.1907956773603,1005.0963745117188,4689495
2021-05-04 00:00:00+05:30,1009.9513379841504,1012.2576987867033,979.5908193515813,982.0910034179688,3978090
2021-05-05 00:00:00+05:30,990.3764020719751,1008.2070771964719,982.623944912899,1000.2510375976562,5055995
2021-05-06 00:00:00+05:30,1001.0360582112303,1017.8976766548241,994.2526580103798,1001.7046508789062,4891875
2021-05-07 00:00:00+05:30,1007.8097405367871,1017.316248002104,1001.2298046046436,1002.9159545898438,3924345
2021-05-10 00:00:00+05:30,1042.7055618400905,1044.633976231717,1021.7739496848236,1032.5401611328125,11222420
2021-05-11 00:00:00+05:30,1032.045928584501,1036.8815145986448,1021.6382636132109,1026.4156494140625,4724450
2021-05-12 00:00:00+05:30,1030.6890847995057,1034.9529596025557,1022.3552175849217,1027.4815673828125,4400825
2021-05-14 00:00:00+05:30,1034.6719070969439,1046.2716103601272,1000.0669162873439,1007.2088623046875,14885055
2021-05-17 00:00:00+05:30,1017.5100981249677,1019.4482125975867,997.1598961624684,1017.5682983398438,6846935
2021-05-18 00:00:00+05:30,1025.3110189412134,1028.1502902962923,1009.7576035463106,1010.8138427734375,4550200
2021-05-19 00:00:00+05:30,1014.6028400608184,1020.2234188702806,1008.9919612863431,1015.1455688476562,4594605
2021-05-20 00:00:00+05:30,1018.4790616300861,1024.4871686250276,1012.6647187473263,1014.8547973632812,3879585
2021-05-21 00:00:00+05:30,1018.6729089537141,1021.289434440555,1007.1024224525661,1011.0077514648438,3558170
2021-05-24 00:00:00+05:30,1014.796595983766,1027.0068106579708,1012.9941638873617,1021.802978515625,3532490
2021-05-25 00:00:00+05:30,1025.1461410127765,1031.0767657986157,1018.4790233593469,1029.3712158203125,3478075
2021-05-26 00:00:00+05:30,1031.076752872528,1033.9839241682212,1022.3552389854483,1024.3321533203125,2537400
2021-05-27 00:00:00+05:30,1023.0821665293558,1024.0803238626597,1013.6629586813284,1021.1634521484375,3891965
2021-05-28 00:00:00+05:30,1023.324336947468,1023.324336947468,998.1288513786857,1006.76318359375,4373725
2021-05-31 00:00:00+05:30,1011.1143404652589,1034.03256768194,1002.2280430540538,1028.9739990234375,4338240
2021-06-01 00:00:00+05:30,1028.1698025177272,1034.7594395212375,1020.475544282415,1030.398681640625,3736865
2021-06-02 00:00:00+05:30,1028.4120168148136,1037.6665609618212,1023.9058768987671,1029.59423828125,2729755
2021-06-03 00:00:00+05:30,1029.1387179330163,1034.9530609721858,1020.8048499021622,1023.818603515625,2833590
2021-06-04 00:00:00+05:30,1023.818640658024,1025.2625264350172,1015.959600893474,1018.4791259765625,2007655
2021-06-07 00:00:00+05:30,1019.6418920061467,1022.1130350706579,1010.2808850522438,1011.5405883789062,1819835
2021-06-08 00:00:00+05:30,1011.69575533866,1026.4060962439937,998.1483540934954,1022.306884765625,3663570
2021-06-09 00:00:00+05:30,1022.9173138519196,1029.138703401505,1009.3796137238866,1012.2384033203125,2365525
2021-06-10 00:00:00+05:30,1014.1182864992137,1027.2005577536231,1014.1182864992137,1025.6597900390625,1836400
2021-06-11 00:00:00+05:30,1027.2006330732652,1064.005406640822,1024.9814542291494,1056.853759765625,7277420
2021-06-14 00:00:00+05:30,1056.8536779125673,1068.8700099330836,1040.7673532802646,1058.4720458984375,4489710
2021-06-15 00:00:00+05:30,1061.1175303889831,1062.6776981334694,1046.9693203090842,1048.6845703125,2844075
2021-06-16 00:00:00+05:30,1048.5198089632636,1057.8227337020985,1035.0112094251488,1047.763916015625,3492955
2021-06-17 00:00:00+05:30,1047.7640011143444,1049.2951872033755,1017.228999170463,1024.584228515625,3536160
2021-06-18 00:00:00+05:30,1030.1077070238655,1035.922049678751,1014.5639931393451,1024.0802001953125,3487140
2021-06-21 00:00:00+05:30,1022.355332412221,1027.2006183478238,1013.0524070744859,1023.7120361328125,2077445
2021-06-22 00:00:00+05:30,1024.3903122092045,1031.0768303503621,1017.6069120095311,1028.8189697265625,2134275
2021-06-23 00:00:00+05:30,1031.464564782074,1036.8815617096805,1024.7198458551343,1027.07470703125,2055715
2021-06-24 00:00:00+05:30,1027.006789338836,1030.0980247897442,1017.5196822225477,1022.868896484375,1830910
2021-06-25 00:00:00+05:30,1022.7429801752837,1034.177784021186,1020.8048657987124,1029.0030517578125,2320365
2021-06-28 00:00:00+05:30,1032.821156395826,1050.4482491498861,1029.632920522826,1047.4053955078125,2964815
2021-06-29 00:00:00+05:30,1048.7135511844197,1057.2316009868634,1042.7054444536936,1052.996826171875,2881305
2021-06-30 00:00:00+05:30,1054.1405485482396,1059.9160920396657,1047.5509117767053,1051.0491943359375,2340440
2021-07-01 00:00:00+05:30,1051.6208860567563,1081.467896835044,1048.985078712884,1077.3009033203125,4157750
2021-07-02 00:00:00+05:30,1081.4678965284606,1085.344125548276,1068.1918594528422,1080.634521484375,2858690
2021-07-05 00:00:00+05:30,1080.7313610122158,1084.5687897369874,1072.155228302067,1073.308349609375,1486705
2021-07-06 00:00:00+05:30,1073.6765466015188,1077.8241396886676,1068.6762967642653,1073.6087646484375,890540
2021-07-07 00:00:00+05:30,1071.5835032691916,1088.1737578663667,1068.879795816818,1077.9986572265625,2692540
2021-07-08 00:00:00+05:30,1073.7153885410992,1083.0183140972724,1056.1948767720876,1059.5186767578125,2255835
2021-07-09 00:00:00+05:30,1060.735579770116,1074.8028587364447,1054.6901257842653,1063.1304931640625,2304980
2021-07-12 00:00:00+05:30,1070.8405696288758,1070.860058825614,1059.177949092971,1069.750244140625,913295
2021-07-13 00:00:00+05:30,1069.750291382369,1077.480016125171,1057.0363231902222,1058.6134033203125,1852410
2021-07-14 00:00:00+05:30,1058.6133580355422,1062.8578436505559,1045.0620679457572,1049.6083984375,2506775
2021-07-15 00:00:00+05:30,1053.336836123208,1058.8857904054998,1045.7823960725532,1050.1534423828125,1518410
2021-07-16 00:00:00+05:30,1050.0269924795255,1061.1250210541955,1048.2455134363524,1052.665283203125,2189520
2021-07-19 00:00:00+05:30,1051.0004455840137,1060.1514552830631,1047.9047530619666,1055.1573486328125,1204290
2021-07-20 00:00:00+05:30,1058.3991901726804,1058.3991901726804,1036.320067325282,1040.4964599609375,1322140
2021-07-22 00:00:00+05:30,1050.2217615405218,1050.2217615405218,1037.0891320764244,1048.3720703125,929240
2021-07-23 00:00:00+05:30,1047.7880021492351,1057.6204213268313,1043.6213542419014,1055.70263671875,1533805
2021-07-26 00:00:00+05:30,1055.0893090467416,1060.5409367506102,1051.350948189885,1053.580322265625,934695
2021-07-27 00:00:00+05:30,1058.7885306300414,1060.1417226125811,930.6747499116137,943.0090942382812,29369105
2021-07-28 00:00:00+05:30,948.1881408836781,949.1421608100459,908.5760523054523,921.2803344726562,16190650
2021-07-29 00:00:00+05:30,924.8336559700197,927.7541833046618,907.3104919621666,909.7734985351562,5434680
2021-07-30 00:00:00+05:30,912.1780574905782,935.5422766792376,910.7372829877945,917.2792358398438,6866000
2021-08-02 00:00:00+05:30,922.6919031634241,924.9309621856643,912.6842606206635,915.4003295898438,3781730
2021-08-03 00:00:00+05:30,920.6281384382036,920.832596753083,913.4826144536742,919.3236694335938,2991305
2021-08-04 00:00:00+05:30,920.0829464258362,936.515785333593,920.0829464258362,928.4940795898438,5520990
2021-08-05 00:00:00+05:30,933.400536670803,936.3210640442525,923.276077427147,931.12255859375,2969750
2021-08-06 00:00:00+05:30,934.2572426649443,935.7856591421897,926.0603123580039,931.9013671875,1998185
2021-08-09 00:00:00+05:30,933.5953322324585,941.1497732077096,926.6444622138426,938.1708374023438,2717725
2021-08-10 00:00:00+05:30,942.162155277363,946.0270175487384,921.6308803211556,928.6790771484375,3083355
2021-08-11 00:00:00+05:30,927.754202940534,928.1338857624609,913.1515659582591,923.8309326171875,2633925
2021-08-12 00:00:00+05:30,924.7168232669243,925.4761294629891,913.2488576150507,918.2916870117188,3107090
2021-08-13 00:00:00+05:30,919.401509233911,922.0689148398449,901.8589144800502,905.7918701171875,3969475
2021-08-16 00:00:00+05:30,903.4164383432493,912.4992948184522,897.3806700827312,907.5343627929688,2096145
2021-08-17 00:00:00+05:30,908.284031693874,918.8368969628505,907.5344106388613,915.1959228515625,2130070
2021-08-18 00:00:00+05:30,915.0985631758258,925.816907981225,910.2310176270182,912.5771484375,2768780
2021-08-20 00:00:00+05:30,907.2910120857454,907.2910120857454,877.7158002196777,887.0615234375,4134540
2021-08-23 00:00:00+05:30,895.4337367729165,895.4337367729165,876.158266787254,879.049560546875,2837575
2021-08-24 00:00:00+05:30,886.2827082179157,894.7911682431727,865.5858952494137,893.1751098632812,3084680
2021-08-25 00:00:00+05:30,889.7872762503205,894.5769241636968,880.7044201302537,885.6887817382812,2220705
2021-08-26 00:00:00+05:30,885.6888867645533,886.8473650540827,873.5103369539754,876.8397216796875,2408595
2021-08-27 00:00:00+05:30,877.3264420815154,897.7311554707558,877.3264420815154,895.7354736328125,2816975
2021-08-30 00:00:00+05:30,899.3277884271258,915.0986493744707,891.3547456904189,910.7860107421875,3141835
2021-08-31 00:00:00+05:30,910.7957121278642,919.3333470151798,905.460841552533,915.8871459960938,3227635
2021-09-01 00:00:00+05:30,922.6919795112376,931.5412040112434,912.5675197934522,927.4524536132812,2814755
2021-09-02 00:00:00+05:30,936.7104746522674,954.8956176410902,936.5157609472085,946.1924438476562,6299320
2021-09-03 00:00:00+05:30,949.4050968723946,955.8399783845002,946.6987722105183,953.7567138671875,2156575
2021-09-06 00:00:00+05:30,961.8269855483893,962.4694754068381,948.4801544696827,957.1444091796875,3080995
2021-09-07 00:00:00+05:30,956.9594458836024,959.0914331906338,945.3844084171561,953.5424194335938,2101070
2021-09-08 00:00:00+05:30,956.9594619466379,961.8270075313105,946.503983537686,956.2390747070312,2500145
2021-09-09 00:00:00+05:30,951.1184125925979,958.4099864125087,949.5802515420745,956.3850708007812,1812055
2021-09-13 00:00:00+05:30,959.6658333384847,963.2288505161083,948.8014384604764,960.152587890625,1493265
2021-09-14 00:00:00+05:30,963.7545592361083,971.3674078397812,958.6631254486423,960.0260620117188,1549905
2021-09-15 00:00:00+05:30,961.2429329596551,968.6415785359336,957.7188346836704,966.227294921875,1601600
2021-09-16 00:00:00+05:30,969.8098269732296,972.8276815704794,957.2612797711587,960.2597045898438,1482575
2021-09-17 00:00:00+05:30,960.464067403248,965.282949397683,948.0129072348676,951.03076171875,2274150
2021-09-20 00:00:00+05:30,949.1713943311231,951.2254843189803,924.4832172476775,929.6914672851562,1660330
2021-09-21 00:00:00+05:30,928.4842999030459,947.0296362900615,923.9087952701954,945.0144653320312,1701950
2021-09-22 00:00:00+05:30,945.1216171272105,949.911265344895,936.9148829842468,943.5932006835938,1253645
2021-09-23 00:00:00+05:30,947.594383187072,947.9253430385048,928.7277702702573,934.0431518554688,2800365
2021-09-24 00:00:00+05:30,935.7370298741429,938.6769871750062,930.2950874477767,932.68994140625,1258075
2021-09-27 00:00:00+05:30,934.0431243085038,935.6688679760066,921.5237512958516,932.9430541992188,1130285
2021-09-28 00:00:00+05:30,936.4962911156886,945.1021379436814,925.8266691098958,941.0231323242188,1527230
2021-09-29 00:00:00+05:30,940.9939369909954,958.4976722169001,932.9430565848852,950.3396606445312,3275350
2021-09-30 00:00:00+05:30,952.0724124380573,970.5885745695732,947.3119980877805,950.2811889648438,3880075
2021-10-01 00:00:00+05:30,944.8879947955218,967.6681335786719,944.7420040681864,964.9130859375,1710665
2021-10-04 00:00:00+05:30,964.7475472374321,988.5011937621548,963.77403810803,981.8228759765625,3801765
2021-10-05 00:00:00+05:30,980.7325431352621,983.244213307364,967.66806735398,980.2457885742188,1774235
2021-10-06 00:00:00+05:30,976.916416155439,981.7255536550481,955.362909664178,965.05908203125,2646320
2021-10-07 00:00:00+05:30,968.8168278678555,971.5426416016697,950.7193260603865,952.3060913085938,1719870
2021-10-08 00:00:00+05:30,955.333742857723,963.121815992922,938.6575265035156,944.1481323242188,1741550
2021-10-11 00:00:00+05:30,948.1979189672203,958.2250514011841,940.0009885019742,952.9389038085938,3440320
2021-10-12 00:00:00+05:30,954.0389461301942,965.1369739647356,945.4720776812528,956.0443725585938,1427440
2021-10-13 00:00:00+05:30,955.791282174473,962.9952737315912,952.1114484442155,959.5782470703125,1207980
2021-10-14 00:00:00+05:30,958.7118006538387,975.3880171749367,956.7745269489956,965.4679565429688,1460300
2021-10-18 00:00:00+05:30,962.8005151479811,968.6318252424073,947.3509302397666,949.6581420898438,1668255
2021-10-19 00:00:00+05:30,955.0124939798042,957.9330214843295,932.6217831117762,934.9192504882812,2698595
2021-10-20 00:00:00+05:30,934.7732629704683,943.2233154490195,918.6032304737172,925.5930786132812,1580485
2021-10-21 00:00:00+05:30,930.6747158131982,932.3881013659717,895.6283876026594,905.6847534179688,2584000
2021-10-22 00:00:00+05:30,906.3370094990812,912.7232270818708,894.3141953852839,902.9199829101562,1814980
2021-10-25 00:00:00+05:30,905.5386859566088,914.9038387291038,883.3621795941029,910.4548950195312,1380835
2021-10-26 00:00:00+05:30,914.1250611829639,914.8649376190679,902.8323791891237,908.5176391601562,1363565
2021-10-27 00:00:00+05:30,906.4343870592364,920.5502703768017,904.789154144113,907.8362426757812,1929040
2021-10-28 00:00:00+05:30,910.2310863735718,913.0932057491677,886.0978151104637,889.7776489257812,1341975
2021-10-29 00:00:00+05:30,894.2654742029524,957.5143940653278,881.2302319475858,907.15478515625,9725820
2021-11-01 00:00:00+05:30,912.1780080975551,941.3735359042331,901.2844391139812,934.8510131835938,3383505
2021-11-02 00:00:00+05:30,934.5395643411156,935.3475935849576,919.3820789344238,924.0743408203125,2046660
2021-11-03 00:00:00+05:30,926.5860654137246,934.2281484557292,925.524973636217,929.049072265625,1862160
2021-11-04 00:00:00+05:30,929.7012185517476,932.3588794610872,925.6124683247223,927.9780883789062,104180
2021-11-08 00:00:00+05:30,926.7806795100822,936.5450044756955,915.3127135894871,932.3783569335938,1191260
2021-11-09 00:00:00+05:30,932.621763889133,941.3833462221207,929.7596446169591,933.0792846679688,1249435
2021-11-10 00:00:00+05:30,931.4730183655865,944.2941170458419,929.5065108975907,940.2832641601562,1711170
2021-11-11 00:00:00+05:30,940.6045389393076,944.1773008307482,931.4535292950302,937.4795532226562,1586300
2021-11-12 00:00:00+05:30,944.3037764355973,948.1978126270843,937.4892131004951,942.9895629882812,1166710
2021-11-15 00:00:00+05:30,942.5515853863345,953.8442679324181,941.0036796700223,948.9085693359375,1337395
2021-11-16 00:00:00+05:30,954.2336697386387,954.2336697386387,934.0527848868145,937.9955444335938,1679855
2021-11-17 00:00:00+05:30,937.9955124193506,939.4070530878129,924.8531394940618,928.3966674804688,983295
2021-11-18 00:00:00+05:30,926.7417434862956,928.2798450819054,905.5776057578464,909.539794921875,1168320
2021-11-22 00:00:00+05:30,910.5133346395212,913.0736684100364,892.0458949270309,897.108154296875,910090
2021-11-23 00:00:00+05:30,895.6284442179173,907.6707480024716,886.1853933028323,901.8491821289062,1063495
2021-11-24 00:00:00+05:30,901.2553123849304,906.0643904535452,893.0194037409078,895.2487182617188,996290
2021-11-25 00:00:00+05:30,898.3542218520384,914.3197955036876,892.7078807278199,893.992919921875,2726870
2021-11-26 00:00:00+05:30,891.7343757276662,938.462814630426,890.984754673084,925.0089111328125,5361365
2021-11-29 00:00:00+05:30,944.3038249095569,951.1183885944712,908.4008046275744,914.6312866210938,4500925
2021-11-30 00:00:00+05:30,917.8049952828949,924.4929984651709,905.363519685155,910.3965454101562,3589115
2021-12-01 00:00:00+05:30,914.3198193208468,917.5128984833839,893.6814131466572,896.8648071289062,2127105
2021-12-02 00:00:00+05:30,897.555888061654,909.0627725879216,897.3904081541585,907.8458862304688,1163740
2021-12-03 00:00:00+05:30,905.7918049959515,908.0892722004426,892.3184129731305,894.9468994140625,2738865
2021-12-06 00:00:00+05:30,897.4293628183032,897.4293628183032,873.1013792994924,875.9050903320312,1336375
2021-12-07 00:00:00+05:30,880.0522930880963,885.8933481307165,864.7292681998819,880.1885986328125,2662500
2021-12-08 00:00:00+05:30,881.4638483538541,893.622967807681,881.4638483538541,889.9236450195312,979280
2021-12-09 00:00:00+05:30,895.6284093766901,899.1233333355848,888.8819981623401,894.5088500976562,1130885
2021-12-10 00:00:00+05:30,897.5754603664461,899.4251515683546,890.4688552645553,894.3239135742188,802565
2021-12-13 00:00:00+05:30,910.8151151218987,910.8151151218987,889.0961288831764,895.5894775390625,1355025
2021-12-14 00:00:00+05:30,894.8496093600477,907.310514412529,891.1697163065691,904.6917724609375,1195915
2021-12-15 00:00:00+05:30,904.409492011635,904.6917882753224,890.2352011257373,895.6868286132812,1537725
2021-12-16 00:00:00+05:30,901.4695314763171,903.2120915774644,889.7874209172287,895.1124877929688,1006605
2021-12-17 00:00:00+05:30,901.4695131230749,904.9741224521355,875.5352139495128,879.6531982421875,2417560
2021-12-20 00:00:00+05:30,875.4183321119526,890.7608453597182,868.7595630012061,887.9766235351562,1708885
2021-12-21 00:00:00+05:30,888.0448166882243,901.3137513590381,884.6861981857221,899.6976928710938,1293770
2021-12-22 00:00:00+05:30,903.4164947228586,911.0682624113086,897.5754398000815,905.0714721679688,1068395
2021-12-23 00:00:00+05:30,909.97794209072,915.0986097757523,906.3565165387665,914.086181640625,831200
2021-12-24 00:00:00+05:30,919.9662097083617,920.9397189249844,897.7702114530238,903.1536865234375,1259130
2021-12-27 00:00:00+05:30,900.3207175366821,923.8601610862194,899.7365764097892,922.2830810546875,1696340
2021-12-28 00:00:00+05:30,922.28307853449,929.4286022295283,915.6924027519752,923.6265258789062,3342970
2021-12-29 00:00:00+05:30,923.6265289756262,943.9436597056493,923.6265289756262,941.0231323242188,2528020
2021-12-30 00:00:00+05:30,940.4098719732629,959.4809430365176,939.4461073877935,954.9541015625,2765730
2021-12-31 00:00:00+05:30,954.8177753550331,960.0844932020302,949.4634749575893,955.4019165039062,1442840
2022-01-03 00:00:00+05:30,955.4019493902329,959.9384761027214,943.8560851596967,944.917236328125,1463005
2022-01-04 00:00:00+05:30,946.4455645358411,952.6565573842644,939.4362870904737,941.470947265625,1267190
2022-01-05 00:00:00+05:30,950.1449130076397,954.9345613008461,926.2062973032904,932.6996459960938,2684010
2022-01-06 00:00:00+05:30,932.6996626616791,941.587805950759,920.6086362427972,922.7796020507812,1908215
2022-01-07 00:00:00+05:30,928.6206376845281,928.6206376845281,913.1515633582948,916.7340698242188,1335615
2022-01-10 00:00:00+05:30,920.6281906483651,920.6281906483651,906.3663162478867,914.9136962890625,1575095
2022-01-11 00:00:00+05:30,917.0455731357202,922.8671385458107,907.4175538665089,909.1114501953125,1547160
2022-01-12 00:00:00+05:30,911.204601135823,915.7411278136716,902.2483047110873,913.8135986328125,1188845
2022-01-13 00:00:00+05:30,915.0986081422096,926.7028206636595,912.1001832996881,920.151123046875,2270255
2022-01-14 00:00:00+05:30,919.0314973808338,919.5766600929887,907.4175410995798,912.9957885742188,1594300
2022-01-17 00:00:00+05:30,908.3813451280612,915.0888372918773,896.6992355720174,909.7247924804688,2693245
2022-01-18 00:00:00+05:30,909.2575240615547,919.8590527084845,899.7171465064496,913.8427734375,2122640
2022-01-19 00:00:00+05:30,914.1250367061664,921.7962930988668,906.327219378138,912.1682739257812,1539435
2022-01-20 00:00:00+05:30,917.4350150547933,917.4350150547933,889.7873323819583,893.983154296875,1588695
2022-01-21 00:00:00+05:30,888.0836768369531,889.7873177626475,863.5025720519346,875.4085693359375,2787740
2022-01-24 00:00:00+05:30,873.4518728697595,874.1723195701213,839.3596219892278,849.7469482421875,2782490
2022-01-25 00:00:00+05:30,849.7469484293975,860.3776519782813,837.4126038250645,857.2429809570312,1704510
2022-01-27 00:00:00+05:30,845.0059667856104,849.902746473359,823.9781923011166,828.7191772460938,3527530
2022-01-28 00:00:00+05:30,827.2491741270785,852.7940456214153,812.9678110275931,821.369140625,6514920
2022-01-31 00:00:00+05:30,827.4730623120115,850.5744162487401,825.545533140353,837.7630615234375,3092775
2022-02-01 00:00:00+05:30,841.1119514862966,842.3580717870537,829.0404136004287,839.057861328125,1858315
2022-02-02 00:00:00+05:30,842.0854398181283,862.4804690014266,840.1579106575981,859.6767578125,1525005
2022-02-03 00:00:00+05:30,860.1926266909798,863.882264249278,848.8999447709718,851.7523193359375,1107685
2022-02-04 00:00:00+05:30,857.5739174342526,857.9536002623666,844.4218587559216,847.3326416015625,1234965
2022-02-07 00:00:00+05:30,841.111908901647,846.952963824575,827.4925253466116,839.0091552734375,1279790
2022-02-08 00:00:00+05:30,838.9701623396933,852.667443026771,833.3335658273354,841.4915771484375,1982015
2022-02-09 00:00:00+05:30,841.5402696949985,855.714560840263,839.4569458098115,850.6036376953125,994400
2022-02-10 00:00:00+05:30,853.7674981898364,854.4976300297934,843.7792851122982,850.9832763671875,1189325
2022-02-11 00:00:00+05:30,839.3595580809143,846.8652752158001,833.3530235697642,842.1632690429688,1687690
2022-02-14 00:00:00+05:30,827.4827287096412,830.7147860272653,811.2737785505464,818.6432495117188,2246930
2022-02-15 00:00:00+05:30,824.367515881129,836.1372673566281,815.5280363813457,832.8468017578125,1790055
2022-02-16 00:00:00+05:30,832.9343668988456,851.3921209297145,826.2269343198408,840.420654296875,1903065
2022-02-17 00:00:00+05:30,841.676572562798,844.0811116854281,835.8939257318825,837.41259765625,1145155
2022-02-18 00:00:00+05:30,833.3238539320192,845.5900457716486,830.3254290354246,841.3358154296875,1790540
2022-02-21 00:00:00+05:30,852.0151911167795,859.9298249917746,833.8300479406721,836.8771362304688,2939755
2022-02-22 00:00:00+05:30,815.7909724718241,824.6791163026818,809.1224581580705,821.3497314453125,2404200
2022-02-23 00:00:00+05:30,829.4298192322308,829.5563801787689,815.9661706702499,817.9326782226562,1857420
2022-02-24 00:00:00+05:30,788.5423723429387,807.81784067211,788.5326277449973,796.8171997070312,3485635
2022-02-25 00:00:00+05:30,801.0032971173048,817.9423796797277,798.6863406435915,813.191650390625,1527165
2022-02-28 00:00:00+05:30,808.012551906883,808.012551906883,789.0291244825647,791.1513671875,4914250
2022-03-02 00:00:00+05:30,790.7522657313777,791.1513783234124,744.7344709750561,750.21533203125,7703175
2022-03-03 00:00:00+05:30,755.2483606325773,758.2175515539926,720.3967461485083,724.06689453125,6673625
2022-03-04 00:00:00+05:30,722.3437766824064,754.2651197627362,711.4404625092043,745.4451293945312,6040250
2022-03-07 00:00:00+05:30,729.9371237841171,738.2995932402256,714.1662642106531,733.9090576171875,3015430
2022-03-08 00:00:00+05:30,730.1318821927091,756.7963127907751,727.7662620245989,753.2138061523438,3920845
2022-03-09 00:00:00+05:30,759.6291522890212,775.1663791905545,755.8714213569102,765.2658081054688,4046845
2022-03-10 00:00:00+05:30,773.9397311348447,776.178790171453,754.5766209596499,757.8768310546875,3560495
2022-03-11 00:00:00+05:30,757.9741896466351,778.0285135024944,754.0801531019963,774.0565795898438,5566315
2022-03-14 00:00:00+05:30,771.2139174973308,777.7656146975435,764.2046401246337,770.4935302734375,2850290
2022-03-15 00:00:00+05:30,770.629838816914,778.6126259319892,755.443119461042,759.3079223632812,2356470
2022-03-16 00:00:00+05:30,773.7450248739376,773.7450248739376,757.390083791404,767.8650512695312,1793880
2022-03-17 00:00:00+05:30,772.0122275355488,788.5423935116087,768.3323345117194,787.0139770507812,3862935
2022-03-21 00:00:00+05:30,793.2152156408763,794.9578349857937,778.1744879186658,779.7710571289062,2008195
2022-03-22 00:00:00+05:30,782.8960344256313,789.8955672700034,772.9662296671579,784.7164916992188,6451110
2022-03-23 00:00:00+05:30,786.5954041222132,815.59622071282,786.5954041222132,803.5928955078125,5220570
2022-03-24 00:00:00+05:30,800.8086255423938,846.6706880464856,798.559821719386,842.7669067382812,8690735
2022-03-25 00:00:00+05:30,842.4748788342665,851.8205433135929,835.2708870435002,849.1823120117188,4321985
2022-03-28 00:00:00+05:30,848.8610865280507,849.474402065307,825.3703052461152,834.385009765625,2484535
2022-03-29 00:00:00+05:30,836.0496283575479,848.0335233624762,826.9083633730512,841.8031005859375,2105420
2022-03-30 00:00:00+05:30,847.4981623102594,850.1655679972806,834.1221554796562,847.8096923828125,3084130
2022-03-31 00:00:00+05:30,847.5370720494734,854.2543091881818,833.3433509241274,836.33203125,3058595
2022-04-01 00:00:00+05:30,836.2443349457909,843.9642551451898,830.0138528040277,833.2167358398438,1569355
2022-04-04 00:00:00+05:30,845.0059508270527,845.0059508270527,831.3768225879068,840.5570068359375,1298870
2022-04-05 00:00:00+05:30,844.7917927031084,858.2456367723912,837.7532811942048,843.0394287109375,2399325
2022-04-06 00:00:00+05:30,843.0589364076948,847.9264822299101,830.6564391596156,832.6910400390625,2059755
2022-04-07 00:00:00+05:30,836.2444106475489,848.3256337888765,832.691078266889,840.605712890625,1397010
2022-04-08 00:00:00+05:30,846.3688486874718,871.8066466260777,842.4455784316748,862.5972290039062,3358875
2022-04-11 00:00:00+05:30,862.5290602174081,866.4230966066515,851.5186747035536,852.8912963867188,1077795
2022-04-12 00:00:00+05:30,852.0152064672058,858.265118474084,842.7960440652358,851.3045043945312,1855070
2022-04-13 00:00:00+05:30,847.1476743239881,849.3574996903434,835.3876671533372,837.0621337890625,1847180
2022-04-18 00:00:00+05:30,832.3502630596106,840.810059338082,823.7249868747248,834.2875366210938,1698380
2022-04-19 00:00:00+05:30,839.1648200766329,840.3524726237172,815.8006023482811,819.63623046875,1550720
2022-04-20 00:00:00+05:30,821.0576718524522,845.0059740786103,820.2885615672358,835.932861328125,2252075
2022-04-21 00:00:00+05:30,840.9171662077416,847.2547200876407,839.1648616749073,841.1702880859375,1972180
2022-04-22 00:00:00+05:30,836.6240157472711,837.0231283418788,811.3225232601723,816.3360595703125,1953715
2022-04-25 00:00:00+05:30,808.0125663795955,813.7952129060795,790.6841159963158,801.28564453125,1705680
2022-04-26 00:00:00+05:30,812.8801772841025,814.8758592488674,804.3230528563295,808.8984985351562,792225
2022-04-27 00:00:00+05:30,808.8984740876598,810.6800124966005,792.9329594337837,793.80908203125,993500
2022-04-28 00:00:00+05:30,798.2774497738694,808.3338152599681,794.6949434709313,802.590087890625,1504805
2022-04-29 00:00:00+05:30,809.9596019786147,830.598007566534,801.2175089422632,804.4982299804688,2615175
2022-05-02 00:00:00+05:30,802.5901443484051,807.0877518844408,792.4364510068528,802.930908203125,925300
2022-05-04 00:00:00+05:30,802.9502591577925,805.1698883308142,772.3821103874429,777.3177490234375,1712475
2022-05-05 00:00:00+05:30,788.5424442086818,793.3905009629283,769.2669741227934,771.7591552734375,1264655
2022-05-06 00:00:00+05:30,765.1393296396658,768.8483973993649,755.443156396366,765.3048095703125,1197395
2022-05-09 00:00:00+05:30,764.9834662749595,766.3366582327773,753.6226313084758,760.4663696289062,886775
2022-05-10 00:00:00+05:30,759.3371135937723,765.9569637260618,757.3900953537883,762.0629272460938,1014140
2022-05-11 00:00:00+05:30,758.4609429454622,767.6995945435144,749.7967472991093,756.2316284179688,1356280
2022-05-12 00:00:00+05:30,751.8411194249873,758.5972754353869,737.8907163944288,755.443115234375,1468145
2022-05-13 00:00:00+05:30,759.2203029350059,774.7185516041523,757.4874281676758,764.068359375,1092005
2022-05-16 00:00:00+05:30,763.8152186031167,770.0457006309065,751.7534859723663,757.0785522460938,1089575
2022-05-17 00:00:00+05:30,766.1321849673965,768.0694586009866,753.6907693645082,760.1159057617188,1277320
2022-05-18 00:00:00+05:30,762.0629388704344,775.8770358705696,755.8325160584168,760.4663696289062,2500790
2022-05-19 00:00:00+05:30,756.6113695840403,781.6792317312159,745.5230854263183,765.0711669921875,9129055
2022-05-20 00:00:00+05:30,773.9397201168015,837.0425859362667,773.9397201168015,827.3074951171875,12401575
2022-05-23 00:00:00+05:30,827.3075505184886,842.4748396674216,824.7958802818521,832.340576171875,3035360
2022-05-24 00:00:00+05:30,832.1361769146522,851.8205033396218,828.7385800814029,846.3883056640625,5054480
2022-05-25 00:00:00+05:30,854.9551852145678,856.2986326076365,836.4974895850739,838.6683959960938,2500200
2022-05-26 00:00:00+05:30,840.3330907850817,846.758227259601,835.2026786690415,838.02587890625,2145360
2022-05-27 00:00:00+05:30,841.111863313498,858.4403134286617,831.1723140011222,854.8383178710938,2171455
2022-05-30 00:00:00+05:30,857.4668991023985,861.8963541181355,847.1671550376756,850.9054565429688,2324015
2022-05-31 00:00:00+05:30,847.9264948647792,856.4933637558754,843.1757653180441,850.7788696289062,2380075
2022-06-01 00:00:00+05:30,846.9530052607671,849.2212983372638,837.4320567498169,840.917236328125,1772530
2022-06-02 00:00:00+05:30,837.821441700078,848.8999806040848,835.2708524751201,843.6722412109375,1639675
2022-06-03 00:00:00+05:30,848.8415487389797,855.0622863074558,840.0994558112592,845.0059204101562,1423865
2022-06-06 00:00:00+05:30,843.4482638158128,847.6635152167979,831.5714415344293,838.3373413085938,566055
2022-06-07 00:00:00+05:30,829.4297625837744,832.3502899168158,798.9978582665574,806.8345947265625,3605015
2022-06-08 00:00:00+05:30,812.6853740910421,820.1424869730482,800.8085513438365,817.5821533203125,2264910
2022-06-09 00:00:00+05:30,811.9261368531113,844.0324502609515,811.9261368531113,841.6765747070312,3702930
2022-06-10 00:00:00+05:30,841.676572229213,849.6787890610552,833.6742959790867,847.2547607421875,2107480
2022-06-13 00:00:00+05:30,841.6959393547068,847.9264213269468,828.7482802812463,830.8316040039062,1839815
2022-06-14 00:00:00+05:30,827.4828160990777,842.075709431358,825.3508285843968,839.369384765625,2035905
2022-06-15 00:00:00+05:30,838.5223373162147,846.7776753027835,834.6963943427942,844.1296997070312,1585315
2022-06-16 00:00:00+05:30,846.9529214308491,848.7636341059347,832.4768457915796,834.7840576171875,1750035
2022-06-17 00:00:00+05:30,835.2708637172744,837.0037385520563,791.6674095998186,807.3701171875,4764870
2022-06-20 00:00:00+05:30,807.3700981886985,813.69790761341,799.6598630008097,808.363037109375,1387575
2022-06-21 00:00:00+05:30,809.9791068902365,832.6521137401306,809.9791068902365,831.1139526367188,1191555
2022-06-22 00:00:00+05:30,833.5185060776239,846.7290317387825,809.9595738955633,829.60498046875,2847785
2022-06-23 00:00:00+05:30,836.2443427120762,838.7170345118192,828.4562696716844,836.224853515625,1675510
2022-06-24 00:00:00+05:30,841.5012780283471,851.3434406311936,835.6602235101076,839.0966796875,1518295
2022-06-27 00:00:00+05:30,856.6588353074858,856.6588353074858,838.3568748057529,841.218994140625,1663765
2022-06-28 00:00:00+05:30,842.912879564597,852.7940212724532,839.554320508596,851.7426147460938,1412215
2022-06-29 00:00:00+05:30,848.335348055755,858.3917144636825,843.9156377948885,849.7469482421875,1905735
2022-06-30 00:00:00+05:30,850.7983801399309,859.6086265464726,847.1477206274177,855.48095703125,1845325
2022-07-01 00:00:00+05:30,853.7675855292725,855.714603968336,835.2806549572922,853.9428100585938,1523995
2022-07-04 00:00:00+05:30,849.308835073013,858.8784466441213,836.4390726449249,847.8193969726562,1303490
2022-07-05 00:00:00+05:30,849.8540289112875,869.8304563920268,847.1866232525566,855.558837890625,2434495
2022-07-06 00:00:00+05:30,855.7145369753479,865.1186091557425,852.6674486033041,854.7410278320312,1678505
2022-07-07 00:00:00+05:30,861.8962694705574,865.0601740879664,842.6694644878411,844.314697265625,2161110
2022-07-08 00:00:00+05:30,843.058872565873,859.5987825103273,838.0745107748351,857.8951416015625,2089480
2022-07-11 00:00:00+05:30,858.4735449174175,895.6322496866917,852.7786850670319,882.360595703125,4797040
2022-07-12 00:00:00+05:30,876.3029868560147,889.8098738190791,867.657767964432,878.9690551757812,2079370
2022-07-13 00:00:00+05:30,881.086367585316,888.9670159813327,872.3627164901694,882.4782104492188,1893835
2022-07-14 00:00:00+05:30,883.3407969926872,903.3364912510723,882.7624627875196,896.9457397460938,4423835
2022-07-15 00:00:00+05:30,900.8664005330045,904.2284202682063,886.281276072201,891.1821899414062,1504725
2022-07-18 00:00:00+05:30,897.0633186846611,904.4734983270384,873.4016913192924,875.5188598632812,2337315
2022-07-19 00:00:00+05:30,873.8917926441762,881.7724409800987,869.4515955787011,871.9510498046875,1961920
2022-07-20 00:00:00+05:30,880.2041453668173,880.5962424130375,870.4023174674096,874.0780029296875,1130700
2022-07-21 00:00:00+05:30,876.0873818750897,879.586641678922,853.9352743432745,856.8953857421875,3126100
2022-07-22 00:00:00+05:30,861.384631305084,863.8938968760692,853.3471203927434,857.3659057617188,1806315
2022-07-25 00:00:00+05:30,858.179470957518,860.7671080680549,842.9572034395779,848.9461059570312,1726910
2022-07-26 00:00:00+05:30,848.6031116475976,848.6031116475976,822.187171941606,825.7060546875,2971165
2022-07-27 00:00:00+05:30,824.912083362704,842.9572227021639,816.1001895835016,840.2225341796875,1866270
2022-07-28 00:00:00+05:30,845.7017619019935,845.8781876381911,822.3734217367994,835.1256103515625,2832835
2022-07-29 00:00:00+05:30,820.0110965689436,820.0110965689436,795.0458113218101,801.8580932617188,9872475
2022-08-01 00:00:00+05:30,811.5521298608267,811.5521298608267,803.8478479913366,805.7984619140625,2136850
2022-08-02 00:00:00+05:30,809.2388112147072,809.2388112147072,798.1039501280283,800.8876953125,2635115
2022-08-03 00:00:00+05:30,802.7598676438784,804.5339960433679,791.9876687023142,803.0245361328125,2600985
2022-08-04 00:00:00+05:30,805.7102278450056,815.3748154899641,801.6032596920414,813.1498413085938,3006675
2022-08-05 00:00:00+05:30,814.5319294251315,822.1381577365062,812.3461408646124,814.8945922851562,2075395
2022-08-08 00:00:00+05:30,814.8945502733834,830.0187633386865,814.8945502733834,827.9309692382812,2041885
2022-08-10 00:00:00+05:30,831.9007275210106,835.899890145318,826.2058677760641,831.8419189453125,2108115
2022-08-11 00:00:00+05:30,835.1157591838148,838.6443933909667,830.3912708318941,834.782470703125,1285185
2022-08-12 00:00:00+05:30,834.7236220151293,840.9183842932803,827.4703054210678,835.2725219726562,2021290
2022-08-16 00:00:00+05:30,838.0562479767317,846.6818441779205,835.6645996830487,842.52587890625,1314065
2022-08-17 00:00:00+05:30,846.4760661535901,848.8186575105401,841.339858176262,846.0741577148438,2169055
2022-08-18 00:00:00+05:30,831.195034557359,831.195034557359,810.2877181751635,828.2741088867188,5137920
2022-08-19 00:00:00+05:30,829.6267549480601,832.586866355106,820.4130125967766,824.1376953125,1928705
2022-08-22 00:00:00+05:30,817.2960283158276,829.2248362237369,815.5120884432847,820.7952880859375,1692810
2022-08-23 00:00:00+05:30,812.5715758760654,830.254052805436,812.5715758760654,828.283935546875,1398150
2022-08-24 00:00:00+05:30,832.4300857681912,832.4300857681912,822.7654973529903,826.8920288085938,1467185
2022-08-25 00:00:00+05:30,831.0283708867057,835.8802875414124,825.7059856487188,830.7833251953125,1552875
2022-08-26 00:00:00+05:30,837.664223345317,838.0563204079166,825.7354150446004,827.9212036132812,818685
2022-08-29 00:00:00+05:30,817.4724264306145,827.911396813479,814.9533495441954,825.3433227539062,966050
2022-08-30 00:00:00+05:30,826.0980409141363,835.4294001905223,821.9127010950829,832.1849975585938,2359905
2022-09-01 00:00:00+05:30,826.4901346069925,829.7247258258342,822.7752035709593,823.7651977539062,1656700
2022-09-02 00:00:00+05:30,827.8917283433072,829.6266708867364,818.2467041395449,821.38330078125,1008280
2022-09-05 00:00:00+05:30,822.3733539118043,827.1860250470666,814.5318916575798,826.1470336914062,1581715
2022-09-06 00:00:00+05:30,829.2345844373747,833.5474123528704,820.4129399220834,831.0381469726562,1129375
2022-09-07 00:00:00+05:30,826.2941484358134,836.2920255421524,825.7648712302641,833.0181884765625,1073975
2022-09-08 00:00:00+05:30,842.3592583989611,842.3592583989611,833.6846052637394,837.3995361328125,1577545
2022-09-09 00:00:00+05:30,837.566168227007,846.7799100991272,832.3810229650206,834.1551513671875,1570630
2022-09-12 00:00:00+05:30,835.1157026000835,842.9571645963284,832.1163457795441,835.3411254882812,1262745
2022-09-13 00:00:00+05:30,835.9096653852315,844.3196502999289,830.6069029247369,833.723876953125,2209365
2022-09-14 00:00:00+05:30,816.5609085517868,835.5960421537169,816.5609085517868,826.1275024414062,1723540
2022-09-15 00:00:00+05:30,830.2638506650742,830.2638506650742,811.8560483050634,817.2764282226562,1881365
2022-09-16 00:00:00+05:30,820.4130581872453,820.4130581872453,796.0652894919664,799.3096923828125,1893520
2022-09-19 00:00:00+05:30,797.868830290435,805.9161529292336,783.5581847830383,803.5833129882812,1506440
2022-09-20 00:00:00+05:30,806.1023229331595,830.8028805382296,804.9456546338724,826.4901123046875,2957845
2022-09-21 00:00:00+05:30,827.264479662735,836.8996934294848,810.1897118756167,814.0908203125,1894725
2022-09-22 00:00:00+05:30,805.7298547984517,827.6859128164409,805.3965663354278,819.9032592773438,2391915
2022-09-23 00:00:00+05:30,816.1001288862003,826.2450561839789,809.5329523605819,811.4345092773438,1659940
2022-09-26 00:00:00+05:30,807.5138365657926,815.2768677087766,801.652302651164,809.2095336914062,2055290
2022-09-27 00:00:00+05:30,813.2576548208623,823.3535253691962,808.7095924178197,819.7464599609375,1485445
2022-09-28 00:00:00+05:30,819.070188636999,842.3691538101039,819.070188636999,837.017333984375,3133240
2022-09-29 00:00:00+05:30,841.2418751769701,863.9331305786346,840.2126952179023,854.8566284179688,5442790
2022-09-30 00:00:00+05:30,859.1400577989785,863.5410691125963,837.477981463897,849.9557495117188,3164565
2022-10-03 00:00:00+05:30,845.897745311193,870.2062664674125,845.3880311176796,866.4129638671875,3476290
2022-10-04 00:00:00+05:30,871.5785373298797,872.3430487866725,857.8657898508606,865.2955322265625,1543270
2022-10-06 00:00:00+05:30,869.62798577734,871.9608255797788,856.6601269165806,862.08056640625,1231195
2022-10-07 00:00:00+05:30,860.6004696749768,864.2369692788179,857.0718356429993,857.9833984375,1338865
2022-10-10 00:00:00+05:30,852.7590398919093,860.2084052756634,846.8779430650685,858.64013671875,1218745
2022-10-11 00:00:00+05:30,860.0124087050524,860.208397403665,833.5474732264568,839.5755615234375,1486910
2022-10-12 00:00:00+05:30,842.957180479802,844.9175460158016,826.3038848235833,831.42041015625,1470100
2022-10-13 00:00:00+05:30,833.1455203595744,844.7214761642855,831.449823357953,834.06689453125,1513920
2022-10-14 00:00:00+05:30,843.9374160966566,850.7986959023204,835.7136678000069,845.0744018554688,1244005
2022-10-17 00:00:00+05:30,843.9373834921101,857.4638940498583,839.5265609303046,849.857666015625,1050700
2022-10-18 00:00:00+05:30,854.1117107968115,857.3952993147939,849.8576910331528,854.0430908203125,721180
2022-10-19 00:00:00+05:30,854.729246351997,861.394477686955,843.9472351312783,846.270263671875,860840
2022-10-20 00:00:00+05:30,843.9374067036995,853.7392348884115,839.0364926113435,852.5728149414062,1287620
2022-10-21 00:00:00+05:30,853.7392283156457,860.3946480646063,844.6431031139688,848.9951171875,1002975
2022-10-24 00:00:00+05:30,855.6603816885614,859.4242500637189,853.7392019013689,858.1500244140625,158840
2022-10-25 00:00:00+05:30,860.5906795631812,877.7536898149662,856.8758083205026,870.8629760742188,3118275
2022-10-27 00:00:00+05:30,874.3230609663917,885.8892060858027,872.4313153341812,880.4393920898438,2207370
2022-10-28 00:00:00+05:30,879.2240191225565,882.7036562855108,868.4420077397826,874.3132934570312,1767930
2022-10-31 00:00:00+05:30,888.2416764269041,906.6691013320991,851.7102438701169,869.1672973632812,9128805
2022-11-01 00:00:00+05:30,869.4711276231408,897.8474312190391,869.4711276231408,889.0845947265625,5350980
2022-11-02 00:00:00+05:30,890.9959309307776,910.5897745263684,890.9959309307776,893.0739135742188,3708780
2022-11-03 00:00:00+05:30,893.0739796057719,901.7681964529157,887.5261113295994,899.7882080078125,1766075
2022-11-04 00:00:00+05:30,899.8175864726697,901.7681405959921,884.6051308697255,887.0850219726562,2463380
2022-11-07 00:00:00+05:30,888.2416455755306,891.4370510045801,871.2648726779271,879.3121948242188,2100085
2022-11-09 00:00:00+05:30,890.005970137201,895.0636869922455,882.1841306451681,889.0061645507812,3565560
2022-11-10 00:00:00+05:30,889.9961493029705,904.9047508647382,887.6534981099347,891.8585205078125,2959765
2022-11-11 00:00:00+05:30,896.318378854802,897.6514131296854,882.5566336216234,889.898193359375,1625215
2022-11-14 00:00:00+05:30,862.5608847954319,878.9985698919224,845.897776793702,855.4349365234375,3722425
2022-11-15 00:00:00+05:30,856.1308779254663,870.9120514853812,855.4447379917684,869.1672973632812,1872600
2022-11-16 00:00:00+05:30,869.1574573007096,890.976335553988,861.2278121134391,878.4398193359375,2610960
2022-11-17 00:00:00+05:30,878.4300237918425,879.9002979882721,859.1007879134643,866.7364501953125,1561865
2022-11-18 00:00:00+05:30,867.2167006573768,869.333869104858,857.7579130522607,864.3349609375,1693670
2022-11-21 00:00:00+05:30,858.6400838862468,861.1885350908262,846.3976109837557,852.7295532226562,2153040
2022-11-22 00:00:00+05:30,856.9934124888867,863.0705576694455,848.0541503515831,855.20947265625,2015475
2022-11-23 00:00:00+05:30,858.6401752676596,866.4816380554921,854.7194438737433,863.6685180664062,1964345
2022-11-24 00:00:00+05:30,867.9910666871581,870.3925265441312,857.8265757023927,865.2760009765625,1188110
2022-11-25 00:00:00+05:30,867.2363650225162,869.4123421471193,860.4044597190328,866.109130859375,1477045
2022-11-28 00:00:00+05:30,865.4523960139267,871.8529584465305,859.9143393866156,862.9529418945312,1530840
2022-11-29 00:00:00+05:30,863.5606205570753,877.988881837376,863.3547606435466,873.0193481445312,2045690
2022-11-30 00:00:00+05:30,876.2834269380752,885.6834063534424,870.5983786389457,879.6454467773438,4256840
2022-12-01 00:00:00+05:30,884.0464461453171,888.3984601305674,871.7353526828555,877.1361694335938,1936730
2022-12-02 00:00:00+05:30,879.2142120710105,886.8694377976224,874.3525433845766,884.203369140625,2080040
2022-12-05 00:00:00+05:30,888.0259818826411,888.4377017274626,872.3921142964543,878.1261596679688,1961695
2022-12-06 00:00:00+05:30,874.3426454446643,877.1557651821491,854.5331303114134,857.5031127929688,1742295
2022-12-07 00:00:00+05:30,855.6996287301993,859.2282630627589,846.877983073187,855.0134887695312,1661035
2022-12-08 00:00:00+05:30,857.4540631350851,858.4930544774174,849.0441380497497,853.9744262695312,1386625
2022-12-09 00:00:00+05:30,857.6599409951468,865.4622175384479,853.5921584876118,863.9526977539062,1539865
2022-12-12 00:00:00+05:30,856.101419045007,874.8915660886124,856.101419045007,872.8037719726562,1367975
2022-12-13 00:00:00+05:30,872.401871220035,877.1949794341688,870.5003142092978,873.9603881835938,1087545
2022-12-14 00:00:00+05:30,877.263603511234,884.8110230149442,872.6273580245821,883.0564575195312,1392005
2022-12-15 00:00:00+05:30,879.4494069563771,887.5751607718613,874.5191185118615,876.0775756835938,1209055
2022-12-16 00:00:00+05:30,869.3241513365107,874.0976367979176,835.3607933047589,844.7411499023438,16783045
2022-12-19 00:00:00+05:30,851.7690605131928,864.2565800874448,845.907586384612,861.7865600585938,1661755
2022-12-20 00:00:00+05:30,858.6401000028144,860.6004655279351,844.5450670911488,856.6307373046875,1214105
2022-12-21 00:00:00+05:30,858.6303263584026,869.4221486208219,853.4255580533701,864.0409545898438,1739615
2022-12-22 00:00:00+05:30,868.4419759378967,873.5389385518645,845.9173939454639,852.6119995117188,1737350
2022-12-23 00:00:00+05:30,847.867915303585,866.0894796643304,841.2418701449108,845.0057983398438,2498780
2022-12-26 00:00:00+05:30,849.2401119001191,852.170908582327,829.2444196531986,832.880859375,1593040
2022-12-27 00:00:00+05:30,837.0369527058423,837.0369527058423,823.5496273661671,833.322021484375,1366245
2022-12-28 00:00:00+05:30,833.3219837624847,836.419394873567,826.4803270493979,833.6944580078125,1088005
2022-12-29 00:00:00+05:30,838.0562685667225,853.6705729177874,827.8721552256428,835.2333374023438,4064660
2022-12-30 00:00:00+05:30,839.0364639521623,840.0362695370479,828.254453317263,830.7147216796875,882895
2023-01-02 00:00:00+05:30,834.8707274634493,836.5958588205025,825.1178963163352,830.2246704101562,663630
2023-01-03 00:00:00+05:30,830.9597637696281,834.7432549451264,826.5096956566927,830.8715209960938,810895
2023-01-04 00:00:00+05:30,830.2148034968617,835.1157173309635,827.5291122878712,833.8414916992188,832835
2023-01-05 00:00:00+05:30,836.0959139608102,843.7119533294783,831.4890429152479,842.4671020507812,994925
2023-01-06 00:00:00+05:30,842.8591906701366,846.7406761639194,834.9392971108974,837.4191284179688,630680
2023-01-09 00:00:00+05:30,841.6143598226569,850.788856444959,838.0857256834976,849.6224365234375,830195
2023-01-10 00:00:00+05:30,846.8778969533797,852.425705001358,839.8107577807052,840.741943359375,1170765
2023-01-11 00:00:00+05:30,843.9275797683821,846.8779395697679,832.0575804133458,835.4882202148438,1273265
2023-01-12 00:00:00+05:30,838.0465089156529,847.2700628556263,831.6067005383612,845.0352172851562,1280325
2023-01-13 00:00:00+05:30,847.662123840075,851.1320094466345,840.9968923691717,846.9564208984375,1234630
2023-01-16 00:00:00+05:30,850.7398446896578,853.2981073879836,841.0066368607747,848.06396484375,446555
2023-01-17 00:00:00+05:30,850.5927852805977,854.6801905099701,844.0549829494155,853.10205078125,778125
2023-01-18 00:00:00+05:30,853.1020637899893,861.5708574184323,851.1907552179446,855.5721435546875,1318465
2023-01-19 00:00:00+05:30,855.6701548949602,859.2576574649875,846.2016153182727,849.2695922851562,1242455
2023-01-20 00:00:00+05:30,849.2205852717083,858.8459874880871,839.0364716836632,852.8766479492188,1182675
2023-01-23 00:00:00+05:30,854.7095884817451,855.7878254549438,846.7505089477934,850.377197265625,770265
2023-01-24 00:00:00+05:30,850.9947081387762,853.700022204584,830.6069181223132,833.6944580078125,1320270
2023-01-25 00:00:00+05:30,835.1156895852458,836.8604435685107,818.4722059017903,823.5397338867188,1470210
2023-01-27 00:00:00+05:30,839.0364900115767,858.8165720479632,833.8120988541418,845.7017211914062,4781440
2023-01-30 00:00:00+05:30,846.8681456421582,850.6908825729417,840.0068658976012,848.6030883789062,1873685
2023-01-31 00:00:00+05:30,851.778873944687,857.9932593713041,841.6437572225823,847.6915283203125,3159705
2023-02-01 00:00:00+05:30,850.9947405837944,858.6401546532558,844.9665922801278,853.0531005859375,2027270
2023-02-02 00:00:00+05:30,845.505671050127,858.4539075545284,841.3007083171572,856.6994018554688,1946775
2023-02-03 00:00:00+05:30,857.6599605740065,868.4223487064996,846.5250981868724,854.3959350585938,1874895
2023-02-06 00:00:00+05:30,858.6696114887069,858.6696114887069,840.0167031219906,852.6708374023438,1516105
2023-02-07 00:00:00+05:30,858.7675923340935,875.9404147538784,854.7684296146341,870.4513549804688,2987405
2023-02-08 00:00:00+05:30,872.3627084687265,881.4980195162589,868.9615028048105,879.7728881835938,1196855
2023-02-09 00:00:00+05:30,871.1865085345291,887.9574228057124,869.1477114473545,879.714111328125,2054810
2023-02-10 00:00:00+05:30,880.9785092152628,883.1447348190205,868.9418951041844,882.0861206054688,685110
2023-02-13 00:00:00+05:30,883.7524386564083,893.4170270048812,882.1841700581956,887.0066528320312,1872775
2023-02-14 00:00:00+05:30,890.9861702597645,894.7108529557944,882.2919535604403,889.6923217773438,1202135
2023-02-15 00:00:00+05:30,891.5742813059082,894.5540754077543,882.9879299390744,886.0558471679688,1283685
2023-02-16 00:00:00+05:30,890.4862491292918,891.936900507478,884.017066675944,885.947998046875,1352330
2023-02-17 00:00:00+05:30,882.3997911304284,889.0258367070909,875.0092340471733,884.1935424804688,1056035
2023-02-20 00:00:00+05:30,886.0852573053651,889.7217570556412,875.9795749607586,877.2244262695312,761745
2023-02-21 00:00:00+05:30,883.0074702352771,883.0074702352771,874.0878306109179,879.4494018554688,791630
2023-02-22 00:00:00+05:30,879.596475269784,886.1244666128562,876.1658353550399,877.596923828125,882305
2023-02-23 00:00:00+05:30,877.4791974790053,885.1050482053056,870.5983550614146,872.2842407226562,1187840
2023-02-24 00:00:00+05:30,875.2835906278996,884.1248583556508,870.7551510174925,880.4197387695312,1764830
2023-02-27 00:00:00+05:30,880.4197339810671,880.4197339810671,853.7391878486337,866.6776123046875,1370570
2023-02-28 00:00:00+05:30,870.2062816861456,870.2062816861456,842.9572116919243,846.21142578125,2699875
2023-03-01 00:00:00+05:30,846.1819471387455,854.1606491047893,842.3690816977644,851.6220092773438,995515
2023-03-02 00:00:00+05:30,854.3273284693115,862.8451196328181,846.8779629109875,860.7181396484375,1413260
2023-03-03 00:00:00+05:30,865.0308935596485,871.764744218501,854.8173463024066,870.0004272460938,1371180
2023-03-06 00:00:00+05:30,869.8142005932747,874.0877830463197,865.7072324573857,870.2454833984375,877920
2023-03-08 00:00:00+05:30,869.0300710315641,871.1864852174355,862.8059340064656,867.7068481445312,1173705
2023-03-09 00:00:00+05:30,865.6288258871224,870.0788341844675,857.0326037365112,858.8263549804688,1022125
2023-03-10 00:00:00+05:30,857.2580910413218,865.1191163211448,852.7590257202879,861.6884765625,1686010
2023-03-13 00:00:00+05:30,857.6599301148591,865.6876294537586,851.8768277986982,856.7581787109375,812710
2023-03-14 00:00:00+05:30,861.3846773039618,866.6580658272294,844.7215688406318,852.6708374023438,2141980
2023-03-15 00:00:00+05:30,854.1214837935546,867.4617570207789,850.9554527447089,861.482666015625,1717110
2023-03-16 00:00:00+05:30,864.7172522056229,868.4419347688552,856.7483614944379,859.375244140625,1384640
2023-03-17 00:00:00+05:30,863.678303144843,874.9405941585308,859.3752862130149,869.6475830078125,3092990
2023-03-20 00:00:00+05:30,868.6380442723929,880.9883241190283,866.9717214802308,870.2945556640625,3949945
2023-03-21 00:00:00+05:30,870.7845711687582,878.2437475684202,864.3643860952938,866.3541259765625,1984640
2023-03-22 00:00:00+05:30,868.3145219359188,878.2437783680258,865.6680164422326,877.2537841796875,1598885
2023-03-23 00:00:00+05:30,878.0477157571049,882.0665010202543,868.5497422972929,871.7647705078125,2418370
2023-03-24 00:00:00+05:30,872.3528512979238,881.7723933313788,872.3528512979238,875.1365966796875,1126970
2023-03-27 00:00:00+05:30,880.2041336243547,887.7809273453227,875.313031139898,879.3513793945312,1759570
2023-03-28 00:00:00+05:30,881.958648621607,891.3978136490782,878.2437773950683,887.4182739257812,1834690
2023-03-29 00:00:00+05:30,891.8584955751502,896.8672150628747,886.5066762300155,895.4557495117188,2083535
2023-03-31 00:00:00+05:30,898.4355618471739,912.8442614742296,895.4656389690326,906.22802734375,2282485
2023-04-03 00:00:00+05:30,911.364152667198,917.843206503747,901.3957102483856,912.84423828125,1500675
2023-04-05 00:00:00+05:30,911.5700032304526,920.3916484230054,909.86449473199,918.0,1823560
2023-04-06 00:00:00+05:30,920.1857858544839,923.5674284670366,916.6571517178439,921.2542114257812,1460345
2023-04-10 00:00:00+05:30,927.6450497730327,935.5256981510448,919.0193930500997,933.0654296875,920770
2023-04-11 00:00:00+05:30,935.6824560318541,942.1320754628388,922.9400799167197,933.7907104492188,2309250
2023-04-12 00:00:00+05:30,933.7907614433096,964.4214749312724,926.508010183485,956.8544921875,3403195
2023-04-13 00:00:00+05:30,958.2266676716778,958.2266676716778,947.0918055807674,951.3458251953125,1169335
2023-04-17 00:00:00+05:30,956.0605044173708,965.0781980365438,944.8472109240915,951.2282104492188,1705675
2023-04-18 00:00:00+05:30,953.0121323369029,964.1077486468258,949.8950984817511,963.0099487304688,1797050
2023-04-19 00:00:00+05:30,958.1090316359466,968.4205734856771,956.7661860316357,962.4120483398438,1920935
2023-04-20 00:00:00+05:30,963.71573739361,963.71573739361,945.3373099609572,952.3848266601562,3175850
2023-04-21 00:00:00+05:30,952.3652696781578,956.4624268712258,945.5138010298564,954.4530639648438,1657195
2023-04-24 00:00:00+05:30,951.5613708042224,951.5613708042224,931.5852422225012,942.1712036132812,2190830
2023-04-25 00:00:00+05:30,941.6714392051382,949.0423731787832,932.6929312559414,947.5034790039062,1639985
2023-04-26 00:00:00+05:30,942.9358699414931,955.5311952095315,942.9358699414931,949.8167724609375,1020765
2023-04-27 00:00:00+05:30,949.797126779282,968.2245513295888,944.5237385648818,964.2156372070312,1098280
2023-04-28 00:00:00+05:30,964.2156233052375,967.440403111724,956.0898697769326,966.4307861328125,1235220
2023-05-02 00:00:00+05:30,961.2456088368853,972.1354247943749,961.2456088368853,970.4593505859375,1209890
2023-05-03 00:00:00+05:30,970.36130448029,972.3412927892367,963.5196479957859,970.822021484375,883875
2023-05-04 00:00:00+05:30,970.822067006475,975.2818867849423,964.5684959513931,973.9096069335938,1006635
2023-05-05 00:00:00+05:30,975.2720824172989,978.0263937143519,965.5878714896252,968.9107055664062,461545
2023-05-08 00:00:00+05:30,969.4007493352597,973.6547688355898,950.1205712032908,961.970947265625,1190915
2023-05-09 00:00:00+05:30,964.1176180209887,968.4010121974319,958.6286181091385,967.097412109375,1545295
2023-05-10 00:00:00+05:30,973.2920159664133,973.2920159664133,948.7972591340662,954.168701171875,2271505
2023-05-11 00:00:00+05:30,916.4709492461445,921.3718634132362,886.8792271122204,888.437744140625,13916795
2023-05-12 00:00:00+05:30,890.9763619040754,890.9763619040754,871.3825171259507,875.5188598632812,5242020
2023-05-15 00:00:00+05:30,876.3128630050139,888.4572825072232,871.676557649946,885.801025390625,1588765
2023-05-16 00:00:00+05:30,886.673386435856,891.554737733704,883.0565093089701,885.1149291992188,1430235
2023-05-17 00:00:00+05:30,886.0460756337222,890.9959868656301,872.5783135530419,878.537841796875,1749805
2023-05-18 00:00:00+05:30,880.5962419887627,882.595793342059,863.521414721782,867.0892944335938,2127235
2023-05-19 00:00:00+05:30,868.0401162441402,870.4023304799445,859.4340825035072,860.9827880859375,1630405
2023-05-22 00:00:00+05:30,864.3251467757084,876.2539542271645,859.4732301431258,873.8623657226562,1224880
2023-05-23 00:00:00+05:30,873.9505671769543,882.0958837011958,871.5883529959372,874.4308471679688,1616475
2023-05-24 00:00:00+05:30,875.3032122786382,886.869356981924,874.3034067105642,885.9381713867188,1683665
2023-05-25 00:00:00+05:30,888.8101879982763,888.8101879982763,878.7142572989468,882.9388427734375,1033820
2023-05-26 00:00:00+05:30,883.154472040888,889.809891397958,882.1546664884205,888.2318115234375,752935
2023-05-29 00:00:00+05:30,891.5547008070804,895.6910435663207,886.0852639531893,893.1915893554688,928140
2023-05-30 00:00:00+05:30,893.1915656167415,893.1915656167415,881.9390863540448,885.86962890625,1369945
2023-05-31 00:00:00+05:30,884.1248669659268,887.9769781096654,878.4300074109777,882.370361328125,6313505
2023-06-01 00:00:00+05:30,884.0954191393454,893.9168695811592,882.3703477278054,892.3681640625,1528955
2023-06-02 00:00:00+05:30,895.681267953452,905.6889564225717,894.9167564372195,903.8168334960938,2509565
2023-06-05 00:00:00+05:30,907.8453052326402,911.9620848847882,901.1212657019771,902.464111328125,1132140
2023-06-06 00:00:00+05:30,903.7285507663702,909.6096476260211,902.7483679564283,908.9529418945312,1161655
2023-06-07 00:00:00+05:30,911.5699619926786,917.0589614894882,910.6094020371388,916.225830078125,1139525
2023-06-08 00:00:00+05:30,916.4708623883946,919.9994963240324,909.0214974906675,911.4523315429688,1203490
2023-06-09 00:00:00+05:30,917.6569601940618,922.3520142661245,910.7074378228158,914.8634033203125,1084700
2023-06-12 00:00:00+05:30,920.3916302083978,920.3916302083978,912.4423622225717,916.5983276367188,717870
2023-06-13 00:00:00+05:30,921.3718189709255,927.0176813911853,913.1480710370706,921.763916015625,1294905
2023-06-14 00:00:00+05:30,922.9008513964712,927.1646223534206,918.4312205284392,921.1757202148438,901255
2023-06-15 00:00:00+05:30,920.7052932750538,951.757476471487,920.5876761278619,941.6517944335938,3630745
2023-06-16 00:00:00+05:30,949.7676755202867,968.420582459457,945.9058128163426,963.5294799804688,3814515
2023-06-19 00:00:00+05:30,970.576997219921,984.8876418260539,953.1395073382341,956.4623413085938,3540755
2023-06-20 00:00:00+05:30,956.4623780023577,965.8231119115842,954.1197267185887,960.8143920898438,1070755
2023-06-21 00:00:00+05:30,964.8821397473301,970.3809507769199,959.3440831182081,962.617919921875,1123550
2023-06-22 00:00:00+05:30,962.8434002261012,965.8623801152504,958.6188145916308,960.4713745117188,1242850
2023-06-23 00:00:00+05:30,960.7751864516721,983.1233421852783,960.7751864516721,978.9869995117188,2791140
2023-06-26 00:00:00+05:30,978.202774533771,994.6894557841314,970.773032265738,988.337890625,3607125
2023-06-27 00:00:00+05:30,988.3378907519858,997.1497242191225,983.3193597915518,985.2012939453125,3330315
2023-06-28 00:00:00+05:30,985.1914874859573,1003.5895371836375,981.035522122158,1001.3253173828125,4426340
2023-06-30 00:00:00+05:30,1002.923050771939,1014.4793844219089,1001.7664422494953,1011.4702758789062,2430705
2023-07-03 00:00:00+05:30,1011.470235014404,1015.273348902638,997.8848565169708,999.453125,1174135
2023-07-04 00:00:00+05:30,1002.707390819131,1020.3212471807875,996.8557281656213,1017.1161499023438,1863335
2023-07-05 00:00:00+05:30,1016.4495350715665,1019.742934828985,1007.0398043859112,1015.1459350585938,1410270
2023-07-06 00:00:00+05:30,1015.165430262447,1030.858165899291,1013.5089788224874,1025.6240234375,2534370
2023-07-07 00:00:00+05:30,1025.27114766586,1033.7301295115228,1001.7467618685555,1015.9594116210938,2771720
2023-07-10 00:00:00+05:30,1018.4001171803861,1022.3306597780927,1008.6081005864404,1010.5586547851562,1003625
2023-07-11 00:00:00+05:30,1016.2980991766154,1030.325492935797,1010.2820781585397,1020.614990234375,1056805
2023-07-12 00:00:00+05:30,1017.4834579325586,1027.1545286108183,1013.5320658629176,1025.188720703125,1203590
2023-07-13 00:00:00+05:30,1025.3862041994496,1027.9842492127568,1014.5001001557575,1015.9917602539062,2034915
2023-07-14 00:00:00+05:30,1018.4712733934093,1020.427193111452,1002.912667616546,1006.0342407226562,1942045
2023-07-17 00:00:00+05:30,1007.5357396199241,1036.2524863971453,1006.2218849809334,1033.239501953125,1976770
2023-07-18 00:00:00+05:30,1028.0533602220198,1030.4637720351561,1016.8018776747939,1025.583740234375,1286955
2023-07-19 00:00:00+05:30,1024.2008823064891,1041.1918201307824,1019.7752218539096,1031.580078125,1961585
2023-07-20 00:00:00+05:30,1037.0428294525377,1065.8286126908745,1035.2646549021028,1054.88330078125,6016030
2023-07-21 00:00:00+05:30,1051.7223100725466,1054.9722480695489,1042.693364670686,1044.78759765625,1150370
2023-07-24 00:00:00+05:30,1042.8217490259462,1074.156258155565,1042.8217490259462,1065.2359619140625,2119525
2023-07-25 00:00:00+05:30,1070.8272105613978,1082.6714981973148,1065.2656216092676,1071.89404296875,2162155
2023-07-26 00:00:00+05:30,1074.7786601837747,1084.6571405163463,1067.083285416888,1081.822021484375,1701060
2023-07-27 00:00:00+05:30,1092.5599460647397,1109.155841581504,1070.8371770372237,1088.015869140625,7539055
2023-07-28 00:00:00+05:30,1089.003733607526,1109.9460644014137,1089.003733607526,1103.0311279296875,3180540
2023-07-31 00:00:00+05:30,1103.3373960882843,1118.3229737876718,1100.4627245067882,1114.3814697265625,1599490
2023-08-01 00:00:00+05:30,1114.262884969314,1127.9939963526272,1107.7925528903947,1119.6368408203125,2122735
2023-08-02 00:00:00+05:30,1119.6466786347667,1125.3268044067972,1113.1960025128021,1118.332763671875,1791795
2023-08-03 00:00:00+05:30,1115.2803583705625,1132.8641004751194,1110.637521145325,1118.1451416015625,2570520
2023-08-04 00:00:00+05:30,1118.1650276213743,1128.3200141059936,1114.29261978671,1116.179443359375,1726520
2023-08-07 00:00:00+05:30,1118.2439752078487,1123.7759000844262,1110.123893304002,1112.4552001953125,2499830
2023-08-08 00:00:00+05:30,1116.6633859674826,1133.8420768910023,1115.2803746715879,1117.8388671875,2987010
2023-08-09 00:00:00+05:30,1120.4368879945634,1162.4500908146192,1120.4368879945634,1159.9310302734375,10067015
2023-08-10 00:00:00+05:30,1161.7290781874124,1168.9501846974583,1147.0891026190766,1156.0093994140625,2763310
2023-08-11 00:00:00+05:30,1156.5724838436176,1162.7069813210007,1147.5138742941897,1150.44775390625,2256960
2023-08-14 00:00:00+05:30,1151.8208740686246,1161.5117207815076,1145.9036742253963,1150.5169677734375,2167595
2023-08-16 00:00:00+05:30,1151.8307476081534,1163.58616271742,1140.9644198005294,1157.3330078125,4308265
2023-08-17 00:00:00+05:30,1160.0002637168382,1167.0535127459123,1156.9478472310034,1161.837646484375,2138070
2023-08-18 00:00:00+05:30,1165.5617986830066,1181.4661262653512,1153.9249211071945,1160.6126708984375,4281645
2023-08-21 00:00:00+05:30,1159.7830002995279,1170.5998877362488,1156.5626061512917,1167.8043212890625,1334640
2023-08-22 00:00:00+05:30,1169.4145998904917,1174.5513616477901,1160.2868933207715,1170.7086181640625,1688225
2023-08-23 00:00:00+05:30,1169.6120600752372,1180.4685002088806,1168.031527354681,1176.2010498046875,3142630
2023-08-24 00:00:00+05:30,1181.4662571584297,1183.382624476447,1163.922066301498,1167.0733642578125,4124730
2023-08-25 00:00:00+05:30,1163.6849342831129,1163.6849342831129,1140.0852312897432,1141.8040771484375,4713240
2023-08-28 00:00:00+05:30,1141.9523163062104,1151.6332751809432,1131.5205832859144,1141.142333984375,2350770
2023-08-29 00:00:00+05:30,1139.9765827521248,1143.2365293604448,1129.1102548402762,1130.848876953125,3258085
2023-08-30 00:00:00+05:30,1133.614982599895,1137.2205315652118,1114.2926165796111,1116.2188720703125,3551815
2023-08-31 00:00:00+05:30,1116.2188452317598,1125.1589182338816,1104.4141093814571,1107.940673828125,3178875
2023-09-01 00:00:00+05:30,1112.316849994792,1113.156496678915,1096.5310582203886,1102.15185546875,1105280
2023-09-04 00:00:00+05:30,1103.4261831536737,1119.5675852288473,1102.151820683796,1118.13525390625,1473020
2023-09-05 00:00:00+05:30,1114.2925429436343,1114.2925429436343,1098.5956237680855,1102.2210693359375,1968470
2023-09-06 00:00:00+05:30,1102.3988881038626,1113.294881202408,1098.3388470268699,1103.0904541015625,2256645
2023-09-07 00:00:00+05:30,1103.0212523093003,1117.157416195657,1102.685417726918,1109.383056640625,2634215
2023-09-08 00:00:00+05:30,1112.5144367878002,1113.038025200391,1100.4627386921875,1103.189208984375,923950
2023-09-11 00:00:00+05:30,1105.4018928748105,1119.034243273715,1103.4360850357752,1109.1162109375,1313930
2023-09-12 00:00:00+05:30,1114.2825870730828,1129.5053575775082,1111.5264527354443,1120.9703369140625,2581215
2023-09-13 00:00:00+05:30,1128.1223632066572,1137.9020820663734,1120.4764296914211,1133.8321533203125,1571615
2023-09-14 00:00:00+05:30,1139.976598047075,1141.2212961806306,1127.045701422818,1134.96826171875,1139730
2023-09-15 00:00:00+05:30,1141.280534372741,1154.3695207864275,1132.6863047358797,1149.75634765625,2069105
2023-09-18 00:00:00+05:30,1150.0526606958324,1151.5937615477758,1130.4735652478034,1131.6787109375,1256740
2023-09-20 00:00:00+05:30,1130.463577362591,1130.463577362591,1106.7848904466898,1109.3631591796875,2266405
2023-09-21 00:00:00+05:30,1109.4520531992023,1125.5540236673041,1108.9284648237624,1119.9232177734375,2926715
2023-09-22 00:00:00+05:30,1119.9233006697448,1124.9416460048833,1087.0280325274812,1090.00146484375,2447785
2023-09-25 00:00:00+05:30,1092.5301770631047,1094.515761105446,1072.4077189840605,1074.5316162109375,1217045
2023-09-26 00:00:00+05:30,1078.532496465815,1091.9573170442707,1076.5568004624608,1080.26123046875,1379915
2023-09-27 00:00:00+05:30,1089.3987523877447,1107.3775365936644,1082.6912263124495,1085.931396484375,2443890
2023-09-28 00:00:00+05:30,1088.1047445041534,1088.1047445041534,1069.0491169345278,1072.6251220703125,1931555
2023-09-29 00:00:00+05:30,1080.5081022861052,1112.3167570504781,1077.3963572231569,1103.8212890625,3101955
2023-10-03 00:00:00+05:30,1103.8015471533258,1103.8015471533258,1076.7542654598578,1079.0657958984375,2065240
2023-10-04 00:00:00+05:30,1079.7179279862253,1086.4353430190783,1067.1723058775124,1070.3927001953125,2109530
2023-10-05 00:00:00+05:30,1078.73007272183,1081.6936168776592,1066.8758960985133,1068.3082275390625,2058530
2023-10-06 00:00:00+05:30,1073.7907603106876,1084.103835398283,1068.6934309408296,1071.7952880859375,1572990
2023-10-09 00:00:00+05:30,1068.8614918909584,1092.0363688523937,1066.9055720208626,1085.6153564453125,2368110
2023-10-10 00:00:00+05:30,1083.471738607464,1084.0644232922543,1072.407768614748,1082.3948974609375,1519630
2023-10-11 00:00:00+05:30,1088.6084971249588,1104.018901823501,1088.6084971249588,1099.988525390625,1961240
2023-10-12 00:00:00+05:30,1099.9885713672613,1103.2386300142764,1089.59639066825,1092.5994873046875,1695245
2023-10-13 00:00:00+05:30,1072.2497595381894,1091.3942601068002,1071.1433745146824,1078.7696533203125,1633255
2023-10-16 00:00:00+05:30,1084.4595489733838,1088.0157775456164,1078.7299825164628,1085.26953125,859220
2023-10-17 00:00:00+05:30,1084.0644339183696,1101.0553715124506,1083.6791587227508,1095.3455810546875,1626760
2023-10-18 00:00:00+05:30,1095.4246834731687,1125.109443850428,1094.8912069594362,1121.6915283203125,3014855
2023-10-19 00:00:00+05:30,1121.158076933852,1121.158076933852,1108.4642538258806,1112.4947509765625,2525845
2023-10-20 00:00:00+05:30,1110.3510219737686,1110.3510219737686,1096.7087834350875,1100.3243408203125,1141375
2023-10-23 00:00:00+05:30,1091.6707302045613,1119.6169869081687,1091.6707302045613,1096.896484375,1809785
2023-10-25 00:00:00+05:30,1106.3897420956548,1108.8000332949312,1086.6327824153752,1089.369140625,2104480
2023-10-26 00:00:00+05:30,1086.2376541478334,1090.0902855271613,1055.1995466644082,1071.2125244140625,1544145
2023-10-27 00:00:00+05:30,1071.2025403704936,1077.5346793496562,1057.1948037012917,1066.34228515625,2159725
2023-10-30 00:00:00+05:30,1065.6805875325788,1065.6805875325788,1028.4584216588312,1056.07861328125,2691600
2023-10-31 00:00:00+05:30,1061.7390841941728,1074.9662628669475,1057.609826474309,1060.4647216796875,1884070
2023-11-01 00:00:00+05:30,1063.9122899567378,1070.9062103457218,1049.9836573532384,1056.2960205078125,1376665
2023-11-02 00:00:00+05:30,1062.9244060376388,1069.8393417646494,1051.7420201773416,1054.7252197265625,2365835
2023-11-03 00:00:00+05:30,1062.3316966097595,1062.3316966097595,1036.6674264752176,1039.818603515625,2921805
2023-11-06 00:00:00+05:30,1047.11896475886,1058.410121371063,1043.7998096806214,1054.6463623046875,2847485
2023-11-07 00:00:00+05:30,1061.7390453782464,1081.3082509400908,1051.0306865710827,1067.7352294921875,3498735
2023-11-08 00:00:00+05:30,1072.585543688544,1086.7018084684878,1068.1796599655506,1077.45556640625,2096955
2023-11-09 00:00:00+05:30,1082.4640969456968,1086.4253770234839,1074.7786106602268,1078.324951171875,1642660
2023-11-10 00:00:00+05:30,1074.7687201694455,1076.8926174557955,1061.3438998099334,1071.7952880859375,1144920
2023-11-13 00:00:00+05:30,1072.8028455783533,1083.0369356016556,1063.3393058767103,1070.7974853515625,855910
2023-11-15 00:00:00+05:30,1072.9904779387082,1077.7717487101015,1067.863605098442,1070.8172607421875,1422405
2023-11-16 00:00:00+05:30,1071.815093168543,1101.45053353265,1070.9952227297588,1095.375244140625,1695060
2023-11-17 00:00:00+05:30,1099.4748301168029,1114.193789516073,1095.5234380948195,1108.6717529296875,2120630
2023-11-20 00:00:00+05:30,1109.3433801020942,1117.4733495860357,1103.6040461123553,1107.2095947265625,2001625
2023-11-21 00:00:00+05:30,1108.3655653830488,1121.9880292352432,1107.4764779779232,1115.5670166015625,1903465
2023-11-22 00:00:00+05:30,1117.2758970906352,1132.0738412716405,1117.2758970906352,1119.1429443359375,2124580
2023-11-23 00:00:00+05:30,1121.2074880557775,1123.0745352596216,1108.1382782157825,1115.2113037109375,1511300
2023-11-24 00:00:00+05:30,1116.2583424800105,1137.3785373657659,1109.353294665068,1115.507568359375,2305405
2023-11-28 00:00:00+05:30,1115.6755863009662,1129.0016465440929,1115.6755863009662,1121.3656005859375,1555790
2023-11-29 00:00:00+05:30,1125.731741535128,1134.8397914265033,1117.0585280408388,1129.1793212890625,1602385
2023-11-30 00:00:00+05:30,1131.0859747735626,1145.9036949671026,1129.3078001155716,1143.5625,4267760
2023-12-01 00:00:00+05:30,1145.9037558797586,1157.076375381309,1133.9409302780307,1135.90673828125,1391500
2023-12-04 00:00:00+05:30,1145.9036819385344,1145.9036819385344,1131.7577516128458,1137.2105712890625,1121300
2023-12-05 00:00:00+05:30,1138.9887660109703,1149.6575728519108,1134.4446892405388,1141.2509765625,1121875
2023-12-06 00:00:00+05:30,1145.1132703892506,1149.854988680427,1127.7370590926832,1132.142822265625,2659705
2023-12-07 00:00:00+05:30,1140.0457368612222,1155.762432975,1136.0943446929152,1142.9599609375,3791150
2023-12-08 00:00:00+05:30,1142.9105097513764,1142.9105097513764,1128.5176169694118,1138.771484375,1142525
2023-12-11 00:00:00+05:30,1086.6327370580595,1102.043140848047,1060.9486905457782,1081.3970947265625,9493150
2023-12-12 00:00:00+05:30,1086.6327344370452,1113.2650763223467,1082.1676424525442,1094.6046142578125,4281525
2023-12-13 00:00:00+05:30,1099.3662001658338,1108.36548117985,1092.6290091241065,1106.123046875,3111975
2023-12-14 00:00:00+05:30,1108.7308926567175,1111.6449958582605,1100.0476706366603,1101.12451171875,3164560
2023-12-15 00:00:00+05:30,1106.3897647403758,1109.3533087530732,1094.930752008662,1104.305419921875,3636220
2023-12-18 00:00:00+05:30,1103.4263244216177,1123.9736130753402,1101.4407400995628,1104.62158203125,3279260
2023-12-19 00:00:00+05:30,1110.3412382186216,1115.4779999827285,1105.0068344870194,1113.788818359375,1123370
2023-12-20 00:00:00+05:30,1116.2683588744585,1120.4370489375342,1096.9164482579567,1102.2705078125,1307230
2023-12-21 00:00:00+05:30,1094.5356072467723,1105.204414108132,1080.9428088311224,1097.400390625,1681900
2023-12-22 00:00:00+05:30,1102.043155371978,1117.4535593650605,1098.4869268484833,1111.8624267578125,1315040
2023-12-26 00:00:00+05:30,1111.8229475010878,1125.1588957829756,1106.8935955238471,1112.74169921875,1658265
2023-12-27 00:00:00+05:30,1113.2651151845712,1130.493246571697,1106.64658198763,1129.011474609375,1473880
2023-12-28 00:00:00+05:30,1129.8710180658181,1163.8431280167792,1120.397588740355,1157.471435546875,4888545
2023-12-29 00:00:00+05:30,1151.8505735180747,1154.6955806538322,1138.198446282554,1145.48876953125,1452615
2024-01-01 00:00:00+05:30,1145.903691800678,1157.7578679227538,1145.903691800678,1150.1810302734375,978400
2024-01-02 00:00:00+05:30,1147.2966535136004,1175.3416745146117,1147.0200271148822,1170.95556640625,2869280
2024-01-03 00:00:00+05:30,1170.9555104947792,1179.4905318286933,1163.3293527474336,1171.963134765625,1412035
2024-01-04 00:00:00+05:30,1170.0367659917745,1170.0367659917745,1150.8428278307456,1154.240966796875,2048300
2024-01-05 00:00:00+05:30,1159.7335323056514,1160.632507734721,1147.187911153464,1152.947021484375,1037255
2024-01-08 00:00:00+05:30,1161.8870564046401,1161.9067120706632,1132.5874524050917,1138.267578125,1205700
2024-01-09 00:00:00+05:30,1149.6576217618701,1153.539797113381,1134.8595565133344,1135.9857177734375,1292220
2024-01-10 00:00:00+05:30,1135.8375912205095,1145.9037046755514,1124.210600716231,1143.374755859375,1273855
2024-01-11 00:00:00+05:30,1141.5572175517927,1141.5572175517927,1115.3002589869977,1124.6551513671875,2964925
2024-01-12 00:00:00+05:30,1133.0320010975113,1133.0320010975113,1115.4878108237924,1123.94384765625,1385710
2024-01-15 00:00:00+05:30,1133.6444000047259,1145.706105524698,1126.5418310956895,1142.5943603515625,1665610
2024-01-16 00:00:00+05:30,1143.9279627964481,1143.9279627964481,1127.3419565960696,1137.6353759765625,1142145
2024-01-17 00:00:00+05:30,1134.0495761097857,1134.0495761097857,1111.724234007587,1116.2584228515625,1778960
2024-01-18 00:00:00+05:30,1115.7644988201557,1119.8838686533795,1090.7126864176385,1116.2584228515625,1727635
2024-01-19 00:00:00+05:30,1121.2272487261992,1129.100368292481,1108.730947492714,1119.864013671875,1641460
2024-01-23 00:00:00+05:30,1116.6436730746439,1136.8155734771135,1114.4802231603037,1121.0889892578125,2329945
2024-01-24 00:00:00+05:30,1127.717347101499,1168.6241659127027,1124.763691274167,1166.0755615234375,5244260
2024-01-25 00:00:00+05:30,1166.0755853483474,1170.599885799473,1150.2502410160382,1156.8687744140625,2677510
2024-01-29 00:00:00+05:30,1145.903693610344,1164.1986580815465,1134.0890699778295,1154.5374755859375,1509570
2024-01-30 00:00:00+05:30,1165.4531510428926,1175.3415184956202,1152.0282108156766,1153.9940185546875,1576585
2024-01-31 00:00:00+05:30,1150.8528192305043,1212.5834316991347,1147.2965905135763,1209.3531494140625,7857425
2024-02-01 00:00:00+05:30,1203.0902944348309,1214.93458308803,1175.5589736848917,1184.0643310546875,3112555
2024-02-02 00:00:00+05:30,1188.568711794277,1200.1759251551703,1184.637096264663,1193.2215576171875,1686230
2024-02-05 00:00:00+05:30,1193.122923881967,1212.6822429338672,1183.6592623805388,1204.078125,2126485
2024-02-06 00:00:00+05:30,1202.21101530907,1222.9558232971476,1201.964053309212,1218.3326416015625,2587065
2024-02-07 00:00:00+05:30,1218.2140821143487,1222.9558006586137,1211.220161819124,1220.9306640625,2953275
2024-02-08 00:00:00+05:30,1228.4876983049096,1228.87297347954,1210.1137503757695,1217.03857421875,1791205
2024-02-09 00:00:00+05:30,1213.0773407418094,1225.9589172150233,1206.0043153164709,1216.2088623046875,1238970
2024-02-12 00:00:00+05:30,1231.7082565408996,1262.16356978174,1230.8587216528863,1251.30712890625,4296460
2024-02-13 00:00:00+05:30,1254.5669329874834,1266.3914443520264,1246.8715586453627,1251.6724853515625,2086675
2024-02-14 00:00:00+05:30,1250.6254229770534,1252.5813426713023,1219.0241759416501,1236.459716796875,1724345
2024-02-15 00:00:00+05:30,1232.8541099773297,1244.490988638748,1226.136695180611,1235.3336181640625,1469095
2024-02-16 00:00:00+05:30,1239.1465982158309,1257.6687471848327,1234.286342915078,1248.0767822265625,1275915
2024-02-19 00:00:00+05:30,1248.0769015160752,1275.1044094044667,1247.6520738008755,1267.8338623046875,1393520
2024-02-20 00:00:00+05:30,1268.792009404617,1277.287478181558,1252.699926718136,1259.7037353515625,1399485
2024-02-21 00:00:00+05:30,1261.8771251302517,1264.9493181000512,1245.676392967924,1254.3990478515625,995895
2024-02-22 00:00:00+05:30,1259.5062256538408,1260.4545211653435,1231.125371329681,1257.3231201171875,1420120
2024-02-23 00:00:00+05:30,1258.0639998722272,1283.0269385103688,1257.1353600327382,1272.7730712890625,1842255
2024-02-26 00:00:00+05:30,1273.3459947936362,1282.2267389084602,1260.6225073837643,1272.4964599609375,1089190
2024-02-27 00:00:00+05:30,1267.6065646009167,1276.2206912095126,1261.5313955865533,1274.2449951171875,966475
2024-02-28 00:00:00+05:30,1273.0297108777374,1285.3680426557569,1262.8846137714663,1269.9871826171875,1560230
2024-02-29 00:00:00+05:30,1260.899071144159,1278.848191725676,1255.9697193817487,1269.2364501953125,5513940
2024-03-01 00:00:00+05:30,1274.126470553855,1278.8680688693498,1219.4194404023963,1223.6572265625,2876430
2024-03-04 00:00:00+05:30,1232.834281041306,1272.2197752443653,1232.63675967975,1251.6231689453125,2196055
2024-03-05 00:00:00+05:30,1251.5836002060869,1253.0160521129815,1234.2172763260126,1245.3404541015625,1040180
2024-03-06 00:00:00+05:30,1245.3404515636942,1251.0106892460515,1222.9557828721518,1247.5828857421875,1207130
2024-03-07 00:00:00+05:30,1245.7750631263696,1258.458997421831,1245.7750631263696,1249.459716796875,1174600
2024-03-11 00:00:00+05:30,1258.3208411141745,1269.1080641883866,1246.6641863823313,1261.9659423828125,1412365
2024-03-12 00:00:00+05:30,1262.1042182543192,1269.9773377062218,1238.0204797024205,1245.11328125,1647055
2024-03-13 00:00:00+05:30,1245.1625826135423,1254.5669145265763,1234.5728813782393,1245.439208984375,1051325
2024-03-14 00:00:00+05:30,1241.1321859085374,1248.6694705747918,1226.6898537331385,1243.62158203125,2001060
2024-03-15 00:00:00+05:30,1241.7446306302127,1246.3775795639558,1227.7962226105608,1241.705078125,2429735
2024-03-18 00:00:00+05:30,1243.1277558824236,1255.5350643797167,1238.376148997202,1252.7987060546875,902465
2024-03-19 00:00:00+05:30,1251.6033978283665,1251.6033978283665,1209.8074916734693,1212.0697021484375,1581835
2024-03-20 00:00:00+05:30,1210.1038763892243,1212.7019213765184,1190.001194296077,1205.8265380859375,1385185
2024-03-21 00:00:00+05:30,1210.1137345234667,1216.2383435573124,1197.2717112183198,1210.7459716796875,1626230
2024-03-22 00:00:00+05:30,1210.9040905839054,1232.7157303632432,1206.1722602169682,1225.563720703125,1528595
2024-03-26 00:00:00+05:30,1222.9559298473498,1227.1938367219548,1206.3699219040113,1212.0599365234375,1361275
2024-03-27 00:00:00+05:30,1215.250566241981,1215.250566241981,1192.1546750858217,1194.13037109375,1452965
2024-03-28 00:00:00+05:30,1200.8280986205832,1226.8677594671751,1200.8280986205832,1216.6138916015625,2586915
2024-04-01 00:00:00+05:30,1227.8951177829601,1241.221178239701,1216.613849717541,1234.879150390625,772020
2024-04-02 00:00:00+05:30,1238.5539338637718,1238.5539338637718,1226.116841209659,1232.3502197265625,1191030
2024-04-03 00:00:00+05:30,1232.3503682070689,1238.3663292512936,1207.5455173830776,1209.995361328125,1346125
2024-04-04 00:00:00+05:30,1216.0409091053623,1219.9923011739418,1194.802176736747,1213.5712890625,1995095
2024-04-05 00:00:00+05:30,1213.5713715155769,1245.8444118397015,1213.077447473446,1220.8419189453125,2705055
2024-04-08 00:00:00+05:30,1228.3791350542704,1230.216517916464,1212.0994188419197,1219.9034423828125,1420525
2024-04-09 00:00:00+05:30,1225.366100265831,1230.8981454677676,1216.0408731414923,1218.5894775390625,643620
2024-04-10 00:00:00+05:30,1224.9118395680744,1224.9118395680744,1214.0652869734802,1216.6138916015625,980420
2024-04-12 00:00:00+05:30,1218.7870678582497,1222.7582358954055,1200.2352544899668,1201.9837646484375,1974255
2024-04-15 00:00:00+05:30,1199.8797149754064,1199.8797149754064,1181.9106970635771,1187.561279296875,1349665
2024-04-16 00:00:00+05:30,1186.5733620449087,1200.0080700082628,1182.4638808205848,1195.3651123046875,2041490
2024-04-18 00:00:00+05:30,1205.1647830749127,1210.6078357041022,1173.0992726240056,1176.951904296875,2988680
2024-04-19 00:00:00+05:30,1185.4176207395371,1185.4176207395371,1161.8673577718482,1174.12646484375,1713255
2024-04-22 00:00:00+05:30,1180.478428650823,1198.0621723081726,1176.2306337690263,1188.5985107421875,1667285
2024-04-23 00:00:00+05:30,1195.2961226818798,1198.2596667877026,1172.3583202436714,1175.9541015625,1494175
2024-04-24 00:00:00+05:30,1177.524760394944,1184.4001442156714,1169.8194973919824,1175.697265625,1334935
2024-04-25 00:00:00+05:30,1180.4881657448245,1237.1807729788761,1171.1924829492018,1228.6358642578125,4634925
2024-04-26 00:00:00+05:30,1229.8510196040572,1246.4370265954572,1220.7529778466042,1235.2249755859375,2063090
2024-04-29 00:00:00+05:30,1238.761420889781,1249.6277491432002,1225.3958081972153,1244.1156005859375,1485530
2024-04-30 00:00:00+05:30,1244.6687779928943,1247.2569350838062,1221.96804889266,1225.7811279296875,1906520
2024-05-02 00:00:00+05:30,1223.9931245279834,1244.6489395861124,1223.9931245279834,1242.2188720703125,3134765
2024-05-03 00:00:00+05:30,1244.6687652312485,1268.3771184024129,1236.3905937588402,1254.4781494140625,2906840
2024-05-06 00:00:00+05:30,1260.4346643675533,1260.4939931266892,1234.088836530096,1243.394287109375,2263770
2024-05-07 00:00:00+05:30,1250.5957666429608,1254.566934817154,1224.9314954120243,1236.3115234375,1586770
2024-05-08 00:00:00+05:30,1205.1745528747954,1208.1282087303796,1176.0725895546639,1196.5506591796875,4940700
2024-05-09 00:00:00+05:30,1200.1365689563925,1200.1365689563925,1159.7335613145092,1161.1856689453125,2534535
2024-05-10 00:00:00+05:30,1160.7214168156038,1172.5755929873376,1149.4797015892661,1169.8095703125,1480900
2024-05-13 00:00:00+05:30,1169.8094631286208,1175.341507971422,1155.8808315204287,1167.3497314453125,852820
2024-05-14 00:00:00+05:30,1173.3461079978592,1174.630238025592,1156.7699898767005,1159.4964599609375,1186650
2024-05-15 00:00:00+05:30,1162.6971316073802,1178.8879752936516,1157.757891456117,1160.721435546875,1458405
2024-05-16 00:00:00+05:30,1171.192627126005,1171.192627126005,1127.9249547712911,1155.8612060546875,3660485
2024-05-17 00:00:00+05:30,1155.8611564245764,1157.056534516084,1144.125517239304,1145.8148193359375,3006695
2024-05-21 00:00:00+05:30,1148.0669933876882,1152.4827655327774,1140.5692609355403,1141.9127197265625,2456865
2024-05-22 00:00:00+05:30,1155.7822206683618,1166.648549238748,1144.0070284789792,1160.2769775390625,2605110
2024-05-23 00:00:00+05:30,1166.1445840491554,1172.1803203834631,1152.8185252254214,1165.2061767578125,2827915
2024-05-24 00:00:00+05:30,1164.9494340433291,1167.4584859979611,1153.5100768739046,1158.8939208984375,2122215
2024-05-27 00:00:00+05:30,1158.893966580732,1163.675117389145,1145.1331901550452,1160.26708984375,3366290
2024-05-28 00:00:00+05:30,1160.1583983592534,1186.4252433374165,1160.1583983592534,1178.56201171875,3966010
2024-05-29 00:00:00+05:30,1182.4540505952777,1188.9639351211868,1168.545194230141,1185.5657958984375,2533990
2024-05-30 00:00:00+05:30,1180.4784101545874,1180.4784101545874,1152.423501645245,1160.4744873046875,3005220
2024-05-31 00:00:00+05:30,1165.6507254842734,1166.5793652884456,1136.5881945709211,1144.29345703125,5146590
2024-06-03 00:00:00+05:30,1173.1485549373303,1173.1485549373303,1141.3893362980677,1142.6043701171875,2087555
2024-06-04 00:00:00+05:30,1147.28672794746,1151.307216377582,1106.3897953243375,1132.23193359375,3287175
2024-06-05 00:00:00+05:30,1133.6345489898833,1162.0450667299172,1131.2440340380645,1150.6749267578125,2542820
2024-06-06 00:00:00+05:30,1152.8185975325466,1170.7973826097716,1142.2683280033132,1163.87255859375,3598380
2024-06-07 00:00:00+05:30,1163.8725172977706,1202.0330883959425,1160.9683022090592,1197.528564453125,3747525
2024-06-10 00:00:00+05:30,1197.5286804166492,1216.5645315335416,1186.2178685386418,1206.3896484375,3148275
2024-06-11 00:00:00+05:30,1202.2110749716994,1205.2240597542602,1190.94958310191,1193.1722412109375,2581810
2024-06-12 00:00:00+05:30,1197.2717280843801,1202.2109678867084,1183.6393779951902,1197.2816162109375,1932925
2024-06-13 00:00:00+05:30,1209.1061001354863,1209.1061001354863,1191.641016116325,1204.3546142578125,2191150
2024-06-14 00:00:00+05:30,1204.3842748504978,1208.8295910036175,1192.3523533247276,1202.260498046875,1985020
2024-06-18 00:00:00+05:30,1194.9008932360498,1197.66691581654,1181.466184817051,1183.6888427734375,3076985
2024-06-19 00:00:00+05:30,1183.8271753805896,1185.348499883506,1169.6120282359075,1176.7640380859375,3056645
2024-06-20 00:00:00+05:30,1170.5999595811281,1184.6273538999894,1163.2898597667813,1179.648681640625,2489735
2024-06-21 00:00:00+05:30,1179.6880324340427,1196.2839270557083,1176.5566314521395,1187.6798095703125,2150475
2024-06-24 00:00:00+05:30,1185.0224445860906,1205.1745680378774,1180.0832045531483,1196.2740478515625,1624525
2024-06-25 00:00:00+05:30,1203.198981087276,1204.2263816950683,1188.5886691576857,1200.9072265625,1977490
2024-06-26 00:00:00+05:30,1197.9633074343647,1204.1177022095426,1190.416254288622,1199.2574462890625,1958240
2024-06-27 00:00:00+05:30,1185.4175714177072,1234.7013214198278,1184.4297234415258,1232.0242919921875,12168270
2024-06-28 00:00:00+05:30,1235.8868089009275,1268.3969226691936,1235.0174977753097,1264.9097900390625,5118295
2024-07-01 00:00:00+05:30,1270.3725439490208,1280.2510240730412,1252.0282594169578,1255.2979736328125,2251925
2024-07-02 00:00:00+05:30,1253.5790685615375,1260.6816375537037,1241.5766916600555,1258.5677490234375,1819075
2024-07-03 00:00:00+05:30,1259.3086333056142,1289.2996830356485,1257.5601231146459,1269.5625,2913200
2024-07-04 00:00:00+05:30,1270.372624983197,1292.5004459898691,1258.5382243336378,1280.1226806640625,1744245
2024-07-05 00:00:00+05:30,1280.122599426817,1293.517876361091,1275.5191939231809,1288.15380859375,1139175
2024-07-08 00:00:00+05:30,1288.1538962357006,1299.0202251149894,1281.4364810573707,1290.949462890625,807380
2024-07-09 00:00:00+05:30,1292.10524025156,1302.9715687246235,1270.5602165518826,1300.571044921875,1734640
2024-07-10 00:00:00+05:30,1298.921431819504,1304.8386320228324,1280.8437641756943,1302.487548828125,1287550
2024-07-11 00:00:00+05:30,1302.606060827278,1308.2960751628718,1291.0877189605887,1302.922119140625,1581340
2024-07-12 00:00:00+05:30,1302.0331231133196,1332.6069709124604,1296.9851136451935,1327.55908203125,2944400
2024-07-15 00:00:00+05:30,1333.594843502611,1360.2568522453876,1324.2201753237573,1342.43603515625,3023975
2024-07-16 00:00:00+05:30,1343.469472704041,1348.0404583026989,1318.9648511051007,1320.8330078125,1556420
2024-07-18 00:00:00+05:30,1320.8231201045157,1333.3139698790128,1309.7732049782915,1325.0960693359375,1928535
2024-07-19 00:00:00+05:30,1323.6054913983287,1335.2119352659145,1316.907977820108,1318.835693359375,900340
2024-07-22 00:00:00+05:30,1307.7063162446502,1347.4542285925118,1307.7063162446502,1345.645751953125,2061455
2024-07-23 00:00:00+05:30,1345.4669085431083,1368.123268374282,1334.933735439531,1364.34716796875,4330455
2024-07-24 00:00:00+05:30,1379.0340399035927,1379.0340399035927,1350.0876165022491,1355.4337158203125,3019385
2024-07-25 00:00:00+05:30,1350.4352962959697,1366.324514250295,1342.8931640359035,1362.001953125,1315525
2024-07-26 00:00:00+05:30,1369.1070123380148,1384.419809012618,1349.759622829289,1367.0599365234375,2051955
2024-07-29 00:00:00+05:30,1375.2777680713157,1380.8623449075421,1338.5109491272126,1359.3885498046875,3271945
2024-07-30 00:00:00+05:30,1360.3822858607336,1369.5143107604645,1350.017964045903,1352.2537841796875,1458475
2024-07-31 00:00:00+05:30,1352.2041769767252,1357.2919050698092,1338.5109916176455,1341.5914306640625,1730870
2024-08-01 00:00:00+05:30,1350.5347393690665,1371.402394461565,1348.7758747459661,1368.908203125,2320480
2024-08-02 00:00:00+05:30,1367.5269240300559,1387.40088090479,1366.225242931284,1384.0521240234375,2209945
2024-08-05 00:00:00+05:30,1377.2850430214776,1383.426027491822,1350.2366180401589,1353.8238525390625,2186945
2024-08-06 00:00:00+05:30,1359.1600028490293,1374.3437343101107,1350.494987165334,1352.899658203125,1227135
2024-08-07 00:00:00+05:30,1367.3281967463895,1378.2588727378215,1359.3786142071665,1376.539794921875,968865
2024-08-08 00:00:00+05:30,1376.2715246719415,1398.1328774104127,1374.1748367608725,1378.914794921875,2705840
2024-08-09 00:00:00+05:30,1387.2021365046726,1396.1454167543445,1383.8931664806546,1393.85986328125,656255
2024-08-12 00:00:00+05:30,1393.949405968843,1397.1391371598354,1365.9966813953902,1368.6300048828125,1853275
2024-08-13 00:00:00+05:30,1371.7004524742804,1383.6744380535615,1361.6143956536828,1380.9219970703125,1217325
2024-08-14 00:00:00+05:30,1382.23369051337,1383.6248917446126,1349.9385108284782,1351.6376953125,1727965
2024-08-16 00:00:00+05:30,1357.5998916341807,1361.1574075457224,1343.1118207477027,1350.1571044921875,2565660
2024-08-19 00:00:00+05:30,1358.9711783359892,1376.072800436849,1354.9268815493467,1373.5587158203125,809235
2024-08-20 00:00:00+05:30,1377.2651373388553,1386.0493918407192,1371.3029505971288,1384.29052734375,747970
2024-08-21 00:00:00+05:30,1391.1570871134388,1412.5315374247275,1384.2906010526526,1403.5882568359375,1905585
2024-08-22 00:00:00+05:30,1403.5683147502893,1403.5683147502893,1375.9137484023706,1385.0260009765625,1683410
2024-08-23 00:00:00+05:30,1387.1722717555747,1389.189507377096,1377.2750806051738,1382.13427734375,711440
2024-08-26 00:00:00+05:30,1376.2615326016164,1383.217417334459,1371.1439645736814,1379.908447265625,1018915
2024-08-27 00:00:00+05:30,1380.2462574608194,1392.4787357208243,1371.7104272410909,1383.8135986328125,2277085
2024-08-28 00:00:00+05:30,1383.813639102038,1400.7661824531635,1375.8740030756453,1391.037841796875,1632585
2024-08-29 00:00:00+05:30,1370.9651113102034,1395.1417345973448,1369.136620060697,1377.49365234375,1784160
2024-08-30 00:00:00+05:30,1378.8550884968743,1400.120246378437,1378.8550884968743,1397.407470703125,3415210
2024-09-02 00:00:00+05:30,1401.0542875106228,1406.072510170324,1357.391262233964,1365.7681884765625,2354285
2024-09-03 00:00:00+05:30,1371.303037362454,1374.0854398717086,1360.9685554293762,1362.1312255859375,1246805
2024-09-04 00:00:00+05:30,1360.9288660532993,1360.9288660532993,1344.870675064489,1348.8851318359375,2177470
2024-09-05 00:00:00+05:30,1350.9321754330344,1361.1275246883783,1328.7726657047212,1330.71044921875,2001265
2024-09-06 00:00:00+05:30,1331.3364459248996,1335.5497148242364,1322.2142468969491,1325.0264892578125,2074285
2024-09-09 00:00:00+05:30,1327.5703951174755,1334.7249711936,1312.217811691163,1322.790771484375,1466880
2024-09-10 00:00:00+05:30,1330.3626466629319,1331.1178666856465,1314.294509767828,1321.697509765625,2328120
2024-09-11 00:00:00+05:30,1323.7844538239879,1341.3629105479258,1310.8663817872734,1314.1654052734375,1833720
2024-09-12 00:00:00+05:30,1331.555083546255,1333.9796480112157,1307.7660158751419,1328.345458984375,2663355
2024-09-13 00:00:00+05:30,1328.852250258773,1331.3663348564025,1321.021906582676,1323.74462890625,1197575
2024-09-16 00:00:00+05:30,1329.5477379780432,1329.5477379780432,1317.9414158213465,1321.041748046875,691625
2024-09-17 00:00:00+05:30,1319.650603805547,1324.7482784953597,1312.277322282162,1317.97119140625,911735
2024-09-18 00:00:00+05:30,1321.0218774435107,1321.220568482789,1297.9680157401988,1305.28173828125,1239415
2024-09-19 00:00:00+05:30,1308.5013411885986,1314.1653702564479,1288.329226871444,1292.31396484375,4661780
2024-09-20 00:00:00+05:30,1298.7232450179597,1311.273653153059,1288.965185940706,1301.97265625,2823650
2024-09-23 00:00:00+05:30,1311.6811791921066,1324.0030569538098,1307.7063877400092,1322.5025634765625,1326620
2024-09-24 00:00:00+05:30,1322.5025222211366,1329.5478058859192,1307.7461336757522,1321.6876220703125,1962100
2024-09-25 00:00:00+05:30,1322.860285232365,1333.0655817329857,1310.7967785727915,1329.85595703125,2388280
2024-09-26 00:00:00+05:30,1334.4964154957725,1342.8832883614136,1324.4600915486167,1340.379150390625,2842130
2024-09-27 00:00:00+05:30,1333.741169791936,1345.9438081731946,1324.897356206171,1341.47216796875,2794555
2024-09-30 00:00:00+05:30,1342.485704388093,1349.6402799029224,1333.5424243440568,1341.8099365234375,1827470
2024-10-01 00:00:00+05:30,1341.8099592513136,1348.5273660800283,1327.1927034369571,1341.3131103515625,1738090
2024-10-03 00:00:00+05:30,1347.4542314485304,1350.4353248809387,1329.985067602979,1338.64013671875,2277090
2024-10-04 00:00:00+05:30,1334.1386156466012,1338.0935134042609,1313.8671566671264,1318.2891845703125,1742335
2024-10-07 00:00:00+05:30,1328.2858317557912,1333.949982356014,1307.9249722451411,1313.648681640625,2224190
2024-10-08 00:00:00+05:30,1313.6585697930657,1325.1953869134043,1306.712631743619,1322.8204345703125,1395550
2024-10-09 00:00:00+05:30,1330.760053863458,1342.4658431355565,1321.0417815052406,1324.5693359375,1680365
2024-10-10 00:00:00+05:30,1331.157543645827,1331.157543645827,1302.479439801105,1308.3223876953125,1582735
2024-10-11 00:00:00+05:30,1308.7000268864717,1316.5899293404098,1300.7603910212104,1311.5220947265625,1130225
2024-10-14 00:00:00+05:30,1318.8356667105745,1329.7563957876794,1311.6810910977147,1323.5855712890625,1117595
2024-10-15 00:00:00+05:30,1328.3752369136523,1331.5351279161905,1312.7145502428777,1313.996337890625,1423265
2024-10-16 00:00:00+05:30,1319.6307466417659,1340.6871458881703,1317.4546065717122,1333.721435546875,1849620
2024-10-17 00:00:00+05:30,1340.458525258642,1346.4604986964575,1321.7074529074334,1332.3599853515625,1819115
2024-10-18 00:00:00+05:30,1332.360052977583,1346.2618759914835,1324.0824723756202,1339.7232666015625,1143115
2024-10-21 00:00:00+05:30,1345.4668417627963,1345.4668417627963,1328.7826166294908,1331.038330078125,1175275
2024-10-22 00:00:00+05:30,1336.9210164369554,1342.4856997404468,1318.10031742181,1324.0823974609375,1904985
2024-10-23 00:00:00+05:30,1323.4762878405425,1329.1900502069764,1309.693704166941,1313.2510986328125,1548860
2024-10-24 00:00:00+05:30,1320.425664462993,1320.425664462993,1305.5598631233308,1308.242919921875,1587305
2024-10-25 00:00:00+05:30,1305.7189943041221,1308.1038934397652,1281.8901389151656,1294.7286376953125,1285830
2024-10-28 00:00:00+05:30,1311.6811730068148,1317.5440146312135,1282.1186617212445,1303.2347412109375,829374
2024-10-29 00:00:00+05:30,1318.6370730818815,1326.9841594475,1255.5372583564108,1266.6666259765625,1443741
2024-10-30 00:00:00+05:30,1264.9772723698966,1264.9772723698966,1221.0558790688117,1241.97314453125,2065575
2024-10-31 00:00:00+05:30,1250.6680164431903,1275.560194647064,1240.1348441107828,1266.169677734375,1902206
2024-11-01 00:00:00+05:30,1271.9332028445988,1280.8764831771,1194.2260822537128,1251.6617431640625,540201
2024-11-04 00:00:00+05:30,1251.661762930723,1268.8527839173069,1242.6688703460686,1260.3070068359375,1771490
2024-11-05 00:00:00+05:30,1257.127142478333,1270.9395670370611,1233.4274727011355,1264.182373046875,1603920
2024-11-06 00:00:00+05:30,1265.9710361201946,1313.5691864637215,1243.7121804556825,1293.8939208984375,3908554
2024-11-07 00:00:00+05:30,1296.7258731230413,1300.7503976637145,1272.4797442639208,1279.23681640625,1479152
2024-11-08 00:00:00+05:30,1284.652539619152,1284.851230654925,1251.2145850329366,1275.5601806640625,1328199
2024-11-11 00:00:00+05:30,1275.9080015055242,1287.0871019860049,1254.1957283880804,1279.783447265625,1175591
2024-11-12 00:00:00+05:30,1279.7337065268125,1280.2802888453523,1250.3700088801468,1255.9346923828125,1110785
2024-11-13 00:00:00+05:30,1250.0718804907128,1257.077498770622,1230.4960815980253,1237.15380859375,995217
2024-11-14 00:00:00+05:30,1242.0229793410713,1245.1034184465395,1214.4974758414169,1218.9691162109375,1346891
2024-11-18 00:00:00+05:30,1198.4989109753928,1212.112643827902,1162.825135139902,1186.028076171875,3367815
2024-11-19 00:00:00+05:30,1185.4815397126647,1224.2357560150904,1178.7740791987833,1205.8026123046875,1509716
2024-11-21 00:00:00+05:30,1167.4955787398546,1199.0950962498766,1165.1106797407394,1187.816650390625,2121476
2024-11-22 00:00:00+05:30,1191.4436819049263,1215.491120542239,1186.0776894359794,1206.7962646484375,763755
2024-11-25 00:00:00+05:30,1226.1733874493661,1239.1411926368983,1198.1511571948197,1201.6788330078125,3280431
2024-11-26 00:00:00+05:30,1201.3806068742153,1210.6716567862854,1195.6171112736918,1201.0328369140625,1190121
2024-11-27 00:00:00+05:30,1204.3617317971132,1207.939019611558,1190.4996960282647,1192.3380126953125,1402977
2024-11-28 00:00:00+05:30,1201.430440721544,1202.2750596385238,1180.960167857287,1184.4381103515625,2819269
2024-11-29 00:00:00+05:30,1198.3995336900039,1211.6653749146808,1191.095879200103,1194.722900390625,2535820
2024-12-02 00:00:00+05:30,1206.5975594330303,1217.5282352854192,1194.7229191865174,1214.05029296875,1826479
2024-12-03 00:00:00+05:30,1221.254599094975,1221.254599094975,1209.8768077784043,1216.782958984375,2237453
2024-12-04 00:00:00+05:30,1216.7829510495606,1221.3539366503878,1201.9768296308155,1207.889404296875,1435443
2024-12-05 00:00:00+05:30,1208.8831677617898,1241.6254633941169,1202.4737438496193,1232.0362548828125,3324867
2024-12-06 00:00:00+05:30,1238.1475252450998,1247.2398848632408,1228.5583167002953,1245.7989501953125,1717216
2024-12-09 00:00:00+05:30,1246.7430192440515,1253.8479830604113,1235.4148396075973,1247.2398681640625,1269332
2024-12-10 00:00:00+05:30,1242.1222893889712,1245.6995773222106,1225.2294262532814,1232.5330810546875,2025890
2024-12-11 00:00:00+05:30,1232.483478053936,1235.5639170941897,1218.9690904046852,1230.7445068359375,1178864
2024-12-12 00:00:00+05:30,1236.9550751089687,1242.3209462105021,1218.6212778420575,1237.55126953125,1648944
2024-12-13 00:00:00+05:30,1232.4834402975032,1242.32095156001,1218.720628610154,1238.4952392578125,1258819
2024-12-16 00:00:00+05:30,1238.4952882569205,1266.1201369441912,1237.3525114718307,1261.946533203125,1920945
2024-12-17 00:00:00+05:30,1261.002533571659,1262.9401958002447,1235.4148147068283,1239.787109375,2706166
2024-12-18 00:00:00+05:30,1244.0102846076304,1272.9268659677757,1241.6751190668745,1267.3621826171875,2823838
2024-12-19 00:00:00+05:30,1266.9647625103426,1322.9596122638334,1263.635898963164,1317.245849609375,7185903
2024-12-20 00:00:00+05:30,1317.6433377446958,1360.0741870536287,1309.097560568544,1335.18212890625,7499087
2024-12-23 00:00:00+05:30,1353.4164916098784,1358.384980932969,1321.9163178218876,1332.8966064453125,3740109
2024-12-24 00:00:00+05:30,1338.5109069447244,1356.39746694844,1327.7789224220958,1342.3863525390625,2587142
2024-12-26 00:00:00+05:30,1342.3864034241053,1351.6277203290645,1334.2877419663432,1346.609619140625,1531359
2024-12-27 00:00:00+05:30,1354.4598345017782,1389.437948533408,1337.0203895953516,1380.693359375,3656253
2024-12-30 00:00:00+05:30,1380.8424478032168,1383.2273467992782,1363.452736187565,1368.2225341796875,2462657
2024-12-31 00:00:00+05:30,1361.6641382829164,1386.2084253219807,1357.9377715481799,1379.7493896484375,1892083
2025-01-01 00:00:00+05:30,1379.6996885157137,1380.2960042480224,1346.8083149611602,1360.372314453125,1658723
2025-01-02 00:00:00+05:30,1362.8068680424708,1379.202882569641,1361.4157880930925,1366.38427734375,1726305
2025-01-03 00:00:00+05:30,1366.384221402788,1369.4646603518784,1338.709640368841,1344.1253662109375,1573592
2025-01-06 00:00:00+05:30,1351.8265554862369,1352.720907795617,1325.3942174040292,1341.83984375,1539970
2025-01-07 00:00:00+05:30,1343.4794641352369,1364.396851945614,1339.007823906976,1343.0323486328125,1723188
2025-01-08 00:00:00+05:30,1360.8692058122836,1397.0398318187918,1349.441680535291,1362.111328125,3456684
2025-01-09 00:00:00+05:30,1371.303018730531,1374.2343788371252,1355.5031988197388,1362.9559326171875,1607980
2025-01-10 00:00:00+05:30,1357.4905961001423,1377.2652073928966,1344.0756752489128,1345.8643798828125,1582776
2025-01-13 00:00:00+05:30,1345.5165592413487,1345.6159047614904,1321.8167695889788,1326.6859130859375,2822318
2025-01-14 00:00:00+05:30,1326.73570637271,1340.349318373553,1315.3081811176496,1329.12060546875,1370223
2025-01-15 00:00:00+05:30,1336.523596761905,1336.523596761905,1305.6692302642111,1328.772705078125,1940371
2025-01-16 00:00:00+05:30,1332.4493898412723,1338.510922095387,1288.8260326337913,1294.539794921875,1195731
2025-01-17 00:00:00+05:30,1289.819769815333,1312.3766617994063,1279.8827916195291,1301.14794921875,1432206
2025-01-20 00:00:00+05:30,1300.1045209152826,1300.750448759665,1285.4972114549605,1294.142333984375,561642
2025-01-21 00:00:00+05:30,1294.1423207567505,1304.6754933001587,1277.5476158224096,1280.0318603515625,738787
2025-01-22 00:00:00+05:30,1282.8638969458173,1299.7567600349566,1279.8828034594985,1288.080810546875,1301422
2025-01-23 00:00:00+05:30,1280.8765444464589,1295.7322789667649,1266.5176588572801,1281.2740478515625,1448659
2025-01-24 00:00:00+05:30,1222.198543683112,1244.7555562116847,1195.9152857570848,1216.68359375,7082467
2025-01-27 00:00:00+05:30,1216.6835885195949,1226.5708329299214,1183.9909072321702,1190.1021728515625,2184847
2025-01-28 00:00:00+05:30,1190.1022103909463,1190.1022103909463,1157.3101825511644,1173.8055419921875,3142189
2025-01-29 00:00:00+05:30,1179.9168588648424,1184.9349602586974,1166.1044344016725,1173.755859375,3458251
2025-01-30 00:00:00+05:30,1180.5130100689357,1197.2071819640494,1176.5382187892424,1186.9720458984375,3290757
2025-01-31 00:00:00+05:30,1194.424741723039,1213.304999703686,1188.4625549923085,1209.677978515625,1505147
2025-02-01 00:00:00+05:30,1212.708906059826,1212.708906059826,1192.5367907576028,1197.356201171875,1067956
2025-02-03 00:00:00+05:30,1192.437349288005,1212.3113051094717,1189.2575648769703,1196.2630615234375,1407877
2025-02-04 00:00:00+05:30,1199.3932585405194,1225.2294016408123,1193.8781871660176,1212.2615966796875,2239920
2025-02-05 00:00:00+05:30,1219.2672604362133,1225.3287930534862,1208.187505162268,1219.8138427734375,1460238
2025-02-06 00:00:00+05:30,1227.1174741105904,1246.0970783969458,1222.4470215305732,1228.8564453125,2990483
2025-02-07 00:00:00+05:30,1232.1852602954507,1235.9116270100537,1218.2734912275987,1232.582763671875,1236992
2025-02-10 00:00:00+05:30,1231.8870822917506,1231.8870822917506,1203.4177380985664,1213.2552490234375,1565579
2025-02-11 00:00:00+05:30,1212.3113283223092,1215.1930762318004,1193.6794943829295,1202.1756591796875,1819297
2025-02-12 00:00:00+05:30,1210.3239746259203,1212.7088737129707,1195.269428021234,1208.1875,1306601
2025-02-13 00:00:00+05:30,1209.230944762757,1235.166434534207,1209.230944762757,1215.888671875,4447231
2025-02-14 00:00:00+05:30,1215.7892393246989,1222.2482749238902,1178.7739968524104,1189.5059814453125,1211843
2025-02-17 00:00:00+05:30,1189.307179792459,1194.4247476887633,1175.6935685430287,1191.3939208984375,613030
2025-02-18 00:00:00+05:30,1191.3939185618026,1197.3561053106187,1174.5507895167966,1189.853759765625,1713796
2025-02-19 00:00:00+05:30,1158.6516424077415,1169.5325848687858,1120.3942768565425,1158.5025634765625,3062142
2025-02-20 00:00:00+05:30,1157.161132037352,1166.750340431654,1148.963124876074,1163.5704345703125,1579890
2025-02-21 00:00:00+05:30,1163.3220525429579,1163.3717859570606,1138.0324901706801,1144.541259765625,6828902
2025-02-24 00:00:00+05:30,1144.5411685462618,1166.5018655506663,1143.746161790039,1157.2108154296875,2017521
2025-02-25 00:00:00+05:30,1159.794500371741,1162.179399534627,1115.4258659428542,1121.040283203125,6463238
2025-02-27 00:00:00+05:30,1121.388025179963,1129.1885290523826,1107.9731041875575,1118.4566650390625,3435069
2025-02-28 00:00:00+05:30,1121.5866880071467,1124.865939354288,1097.5889825431746,1109.463623046875,3895033
2025-03-03 00:00:00+05:30,1111.3019450940005,1123.1269735436906,1096.9430599557372,1112.5440673828125,1810605
2025-03-04 00:00:00+05:30,1104.097683958683,1117.0654897396905,1098.085884599316,1113.0906982421875,1074133
2025-03-05 00:00:00+05:30,1113.4384280239792,1121.8848596511134,1103.5511830514422,1119.30126953125,1260157
2025-03-06 00:00:00+05:30,1127.8470821168862,1138.479600802342,1111.6001462073866,1132.9149169921875,1648697
2025-03-07 00:00:00+05:30,1132.9148378986386,1137.982672420133,1122.8785143754826,1126.1080322265625,790599
2025-03-10 00:00:00+05:30,1127.7973017571169,1129.9835097600735,1108.3705819936204,1113.1402587890625,950503
2025-03-11 00:00:00+05:30,1109.9604408676946,1119.8476854418632,1103.6504841077426,1109.6126708984375,884438
2025-03-12 00:00:00+05:30,1109.5629722928027,1109.6127057046854,1085.5651454472936,1098.1851806640625,1914579
2025-03-13 00:00:00+05:30,1098.185126222161,1103.252960641784,1088.1488029007512,1100.9674072265625,1299174
2025-03-17 00:00:00+05:30,1100.9178054298218,1146.8265947919353,1094.5581153157673,1143.447998046875,2714559
2025-03-18 00:00:00+05:30,1143.447998046875,1143.447998046875,1143.447998046875,1143.447998046875,0
2025-03-19 00:00:00+05:30,1166.6011847933776,1170.2778180308453,1150.8013659520752,1164.713134765625,1507415
2025-03-20 00:00:00+05:30,1171.5200104644855,1183.2456934019717,1157.9561320990858,1179.718017578125,1521677
2025-03-21 00:00:00+05:30,1182.6990599996634,1197.0580658319477,1169.6320311145355,1192.58642578125,2313824
2025-03-24 00:00:00+05:30,1197.4058385371816,1208.6842842084316,1182.7487961152535,1202.6724853515625,1660669
2025-03-25 00:00:00+05:30,1202.6725181471338,1208.2868137803716,1160.589318496489,1170.4766845703125,2860907
2025-03-26 00:00:00+05:30,1170.4767280430501,1172.364778228362,1145.3858571961896,1157.260498046875,2864505
2025-03-27 00:00:00+05:30,1152.6895235686463,1165.0114013566508,1136.79035772632,1154.8756103515625,4460409
2025-03-28 00:00:00+05:30,1151.9442146009415,1151.9442146009415,1133.5608046633806,1136.989013671875,2762934
2025-04-01 00:00:00+05:30,1136.9890159412437,1157.0617850180583,1128.890475615012,1144.9385986328125,4158012
2025-04-02 00:00:00+05:30,1142.75244140625,1145.4353768787175,1127.846974779212,1142.75244140625,2071245
2025-04-03 00:00:00+05:30,1182.9973095657458,1219.1679361511833,1141.8085815372203,1144.193359375,6324685
2025-04-04 00:00:00+05:30,1144.541184309401,1150.1554798864217,1069.4175329487102,1102.954833984375,5423861
2025-04-07 00:00:00+05:30,1013.5718351625553,1091.9248885519291,1013.5718351625553,1081.0439453125,3888037
2025-04-08 00:00:00+05:30,1093.0675583931209,1106.6315573551988,1081.838724954683,1100.9674072265625,1577632
2025-04-09 00:00:00+05:30,1087.6022668669689,1096.2971228149688,1054.959317653821,1087.1551513671875,5511474
2025-04-11 00:00:00+05:30,1132.7161272983258,1132.7161272983258,1095.3033815016881,1102.5076904296875,2740831
2025-04-15 00:00:00+05:30,1133.7098132124825,1150.801366383712,1121.8847854563305,1147.62158203125,2683350
2025-04-16 00:00:00+05:30,1142.951214255013,1154.0807029137986,1136.4921782542824,1151.099609375,1451875
2025-04-17 00:00:00+05:30,1142.851803474205,1166.2037015280773,1142.851803474205,1156.2667236328125,2788024
2025-04-21 00:00:00+05:30,1156.0680886702778,1172.2652906446033,1147.7210025731808,1169.9798583984375,1938756
2025-04-22 00:00:00+05:30,1166.5019273311789,1173.0603088638632,1154.97505656146,1167.594970703125,1313400
2025-04-23 00:00:00+05:30,1177.6312824520603,1184.2891307410362,1168.4893108714139,1178.525634765625,3192132
2025-04-24 00:00:00+05:30,1171.5697014874986,1202.3743331635906,1168.8867659586908,1192.9342041015625,4819678
2025-04-25 00:00:00+05:30,1196.3128223572837,1202.87120366851,1152.3913062043994,1167.396240234375,1286573
2025-04-28 00:00:00+05:30,1168.8867740684034,1197.405852491153,1168.8867740684034,1191.1455078125,1236678
2025-04-29 00:00:00+05:30,1196.809665074534,1196.809665074534,1161.6327383858818,1168.588623046875,1663018
2025-04-30 00:00:00+05:30,1168.7872969777584,1189.0587562389467,1168.4892604201088,1176.4388427734375,1604442
2025-05-02 00:00:00+05:30,1168.6879799767655,1187.2702019617134,1164.01764875062,1170.4766845703125,910973
2025-05-05 00:00:00+05:30,1181.2085804319272,1186.3758820091593,1147.2241626360433,1163.9183349609375,1893680
2025-05-06 00:00:00+05:30,1164.812598254048,1167.5950008189568,1122.2824020686528,1153.0870361328125,1990745
2025-05-07 00:00:00+05:30,1136.1941102809144,1157.260455519162,1136.1941102809144,1153.385009765625,1421366
2025-05-08 00:00:00+05:30,1145.4354681134846,1154.0807122263654,1134.8029495930423,1140.76513671875,2616533
2025-05-09 00:00:00+05:30,1135.2997811415257,1159.6453781988278,1131.3249897852315,1148.6153564453125,1248574
2025-05-12 00:00:00+05:30,1148.615309401488,1196.41214924311,1136.690935820992,1188.0650634765625,5065176
2025-05-13 00:00:00+05:30,1188.4626536737442,1233.1790578671541,1188.4626536737442,1199.49267578125,3134295
2025-05-14 00:00:00+05:30,1205.6536741587715,1215.5906528585026,1185.6802499315045,1212.3114013671875,1197152
2025-05-15 00:00:00+05:30,1206.349157020746,1231.9866093723956,1192.6360785440954,1228.5086669921875,2053553
2025-05-16 00:00:00+05:30,1231.0922424882438,1231.0922424882438,1213.3050274085404,1222.94384765625,882873
2025-05-19 00:00:00+05:30,1220.5590650803051,1233.9739854772429,1206.5478289582575,1211.317626953125,2235758
2025-05-20 00:00:00+05:30,1214.2987765247672,1226.6206541637796,1208.932783857664,1216.48486328125,1385750
2025-05-21 00:00:00+05:30,1217.379192847146,1248.6806746354746,1212.4107036743953,1216.981689453125,2615092
2025-05-22 00:00:00+05:30,1216.9816810927466,1222.0496370549406,1203.7655727646247,1214.4974365234375,2260610
2025-05-23 00:00:00+05:30,1220.260915101639,1227.1174542756844,1208.3365413384308,1222.34765625,734297
2025-05-26 00:00:00+05:30,1222.1490353372292,1240.0355970084108,1220.956525111878,1233.0797119140625,985434
2025-05-27 00:00:00+05:30,1236.060773576747,1241.1286083257219,1229.5023920603671,1235.3651123046875,1145000
2025-05-28 00:00:00+05:30,1239.9362224854353,1244.308395973117,1229.2042372132917,1234.7689208984375,766968
2025-05-29 00:00:00+05:30,1237.5513369415296,1245.5009198076375,1232.5828476502122,1240.3336181640625,1791885
2025-05-30 00:00:00+05:30,1240.3336037255372,1249.6743877446809,1233.1790277497287,1243.314697265625,3161983
2025-06-02 00:00:00+05:30,1243.115921111874,1243.6127700012073,1224.7325122065424,1239.836669921875,1139977
2025-06-03 00:00:00+05:30,1242.1222210987326,1245.5008178003206,1232.9802500718451,1240.4329833984375,811620
2025-06-04 00:00:00+05:30,1240.4330879385143,1258.0214915511724,1238.4456922172644,1244.0103759765625,1387633
2025-06-05 00:00:00+05:30,1256.23278296515,1295.1858117608106,1256.23278296515,1282.4664306640625,3834672
2025-06-06 00:00:00+05:30,1286.9379878651366,1314.5628350397599,1286.838642346005,1312.575439453125,2158757
2025-06-09 00:00:00+05:30,1319.0344834209661,1320.6243756400918,1300.352916268486,1310.7867431640625,1227356
2025-06-10 00:00:00+05:30,1312.6748344023233,1354.0126399007422,1312.6748344023233,1340.2996826171875,3022355
2025-06-11 00:00:00+05:30,1341.4920396801253,1346.858032099046,1331.753752649454,1342.5850830078125,1094247
2025-06-12 00:00:00+05:30,1351.4290029469944,1371.0048010133999,1335.0329893082992,1354.1119384765625,2625058
2025-06-13 00:00:00+05:30,1346.4605961510895,1358.186279383362,1336.5236175817088,1353.913330078125,1419556
2025-06-16 00:00:00+05:30,1351.2303273587859,1351.2303273587859,1333.7411489033973,1338.312255859375,1294663
2025-06-17 00:00:00+05:30,1339.8028560264122,1341.1939359718178,1294.390791624489,1310.48876953125,1649457
2025-06-18 00:00:00+05:30,1302.8372294450826,1316.4509627975447,1300.5517971661782,1305.0234375,728945
2025-06-19 00:00:00+05:30,1296.7756757062768,1323.6055172726135,1296.0801357416258,1317.74267578125,1654212
2025-06-20 00:00:00+05:30,1324.0029840852253,1326.5865741266948,1309.8924024262726,1316.94775390625,1843895
2025-06-23 00:00:00+05:30,1310.5880581557142,1314.6621948925354,1293.893886525567,1309.5943603515625,843945
2025-06-24 00:00:00+05:30,1309.5944297012165,1345.1687401930817,1300.8498400412118,1328.8721923828125,1011128
2025-06-25 00:00:00+05:30,1339.8028679479628,1339.8028679479628,1327.5803357970924,1333.14501953125,833145
2025-06-26 00:00:00+05:30,1317.643270919055,1325.294695389663,1306.315091840999,1313.171630859375,2373431
2025-06-27 00:00:00+05:30,1320.5250976056,1323.2080332811731,1290.217313169574,1292.8009033203125,1770595
2025-06-30 00:00:00+05:30,1294.6889783955155,1296.7757196612051,1264.480538903359,1275.2125244140625,2224279
2025-07-01 00:00:00+05:30,1278.1935472057169,1286.7393241495074,1265.2754756182885,1268.75341796875,1851442
2025-07-02 00:00:00+05:30,1267.958439997564,1272.8275836590096,1255.735908082201,1262.791259765625,2027306
2025-07-03 00:00:00+05:30,1266.865319510017,1289.422210515989,1261.9961761450058,1283.1619873046875,1918977
2025-07-04 00:00:00+05:30,1294.7882278993122,1304.7252058570966,1279.0877542056126,1299.1605224609375,1466009
2025-07-07 00:00:00+05:30,1299.6573767772798,1305.122714676847,1289.9190898176507,1302.240966796875,569025
2025-07-08 00:00:00+05:30,1302.042343657083,1302.042343657083,1265.5735597175715,1275.7093505859375,1602620
2025-07-09 00:00:00+05:30,1271.93319694103,1277.597225938257,1258.915779888787,1261.4000244140625,1494337
2025-07-10 00:00:00+05:30,1262.9000244140625,1269.9000244140625,1252.0999755859375,1262.5999755859375,1246082
2025-07-11 00:00:00+05:30,1263.0,1272.0,1251.300048828125,1254.699951171875,895466
2025-07-14 00:00:00+05:30,1254.699951171875,1261.4000244140625,1245.300048828125,1250.5999755859375,1035555
2025-07-15 00:00:00+05:30,1254.800048828125,1264.5,1241.0,1260.9000244140625,1183659
2025-07-16 00:00:00+05:30,1260.9000244140625,1262.0,1250.0,1259.4000244140625,1159859
2025-07-17 00:00:00+05:30,1259.4000244140625,1274.800048828125,1255.5,1263.0999755859375,709420
2025-07-18 00:00:00+05:30,1265.0,1270.5999755859375,1251.0999755859375,1257.5,690731
2025-07-21 00:00:00+05:30,1250.199951171875,1262.4000244140625,1245.199951171875,1259.300048828125,1065189
2025-07-22 00:00:00+05:30,1261.0,1263.5999755859375,1236.0,1240.0,1304352
2025-07-23 00:00:00+05:30,1240.199951171875,1252.0999755859375,1231.0,1247.4000244140625,1088262
2025-07-24 00:00:00+05:30,1261.0999755859375,1287.9000244140625,1256.0999755859375,1265.5,3809212
2025-07-25 00:00:00+05:30,1266.0,1288.5,1261.199951171875,1277.9000244140625,1621138
2025-07-28 00:00:00+05:30,1280.0,1290.0,1271.5999755859375,1287.4000244140625,1553778
2025-07-29 00:00:00+05:30,1287.0,1302.0,1282.800048828125,1299.800048828125,1943466
2025-07-30 00:00:00+05:30,1298.0999755859375,1298.0999755859375,1277.699951171875,1292.0999755859375,1387013
2025-07-31 00:00:00+05:30,1274.5,1285.0,1257.0,1270.300048828125,1968821
2025-08-01 00:00:00+05:30,1258.0,1259.0,1213.699951171875,1220.5999755859375,2525210
2025-08-04 00:00:00+05:30,1225.0999755859375,1232.199951171875,1219.199951171875,1225.0,767310
2025-08-05 00:00:00+05:30,1225.0,1232.0,1205.0,1214.800048828125,956582
2025-08-06 00:00:00+05:30,1214.800048828125,1217.800048828125,1187.5,1196.699951171875,1701845
2025-08-07 00:00:00+05:30,1184.0,1210.0,1183.4000244140625,1200.800048828125,1246560
2025-08-08 00:00:00+05:30,1200.800048828125,1215.0,1195.4000244140625,1211.4000244140625,2389106
2025-08-11 00:00:00+05:30,1212.5,1237.0,1208.5999755859375,1219.5,1246374
2025-08-12 00:00:00+05:30,1210.0,1227.199951171875,1204.0999755859375,1220.300048828125,922461
2025-08-13 00:00:00+05:30,1220.300048828125,1255.5,1219.800048828125,1253.4000244140625,1192506
2025-08-14 00:00:00+05:30,1255.0999755859375,1266.0,1250.199951171875,1260.4000244140625,1603933
2025-08-18 00:00:00+05:30,1270.0,1270.5999755859375,1241.0999755859375,1262.699951171875,1648543
2025-08-19 00:00:00+05:30,1263.0,1263.800048828125,1241.9000244140625,1244.199951171875,1061816
2025-08-20 00:00:00+05:30,1244.0,1250.699951171875,1238.0,1245.4000244140625,685379
2025-08-21 00:00:00+05:30,1245.4000244140625,1281.800048828125,1240.300048828125,1276.5999755859375,2008295
2025-08-22 00:00:00+05:30,1274.0999755859375,1284.0999755859375,1265.5999755859375,1277.5999755859375,1229920
2025-08-25 00:00:00+05:30,1277.699951171875,1288.9000244140625,1275.300048828125,1283.9000244140625,967056
2025-08-26 00:00:00+05:30,1276.0,1279.5999755859375,1259.0,1263.199951171875,2798216
2025-08-28 00:00:00+05:30,1263.199951171875,1267.4000244140625,1248.5,1259.800048828125,1827890
2025-08-29 00:00:00+05:30,1259.0,1266.4000244140625,1240.800048828125,1260.0999755859375,2422956
2025-09-01 00:00:00+05:30,1260.0999755859375,1285.0,1260.0999755859375,1279.9000244140625,1273903
2025-09-02 00:00:00+05:30,1279.9000244140625,1283.4000244140625,1248.0,1253.699951171875,1632660
2025-09-03 00:00:00+05:30,1250.0,1265.9000244140625,1247.5999755859375,1262.199951171875,1294925
2025-09-04 00:00:00+05:30,1268.0,1274.699951171875,1249.0,1253.0,1230934
2025-09-05 00:00:00+05:30,1254.300048828125,1271.699951171875,1253.5999755859375,1268.0999755859375,769861
2025-09-08 00:00:00+05:30,1269.0,1277.0,1248.699951171875,1250.5999755859375,969297
2025-09-09 00:00:00+05:30,1257.5,1295.800048828125,1256.800048828125,1291.300048828125,1643726
2025-09-10 00:00:00+05:30,1294.4000244140625,1310.0,1293.699951171875,1304.199951171875,1232984
2025-09-11 00:00:00+05:30,1304.0,1311.0,1283.0,1303.0999755859375,1349391
2025-09-12 00:00:00+05:30,1303.0999755859375,1321.0,1302.800048828125,1316.699951171875,1042942
2025-09-15 00:00:00+05:30,1308.9000244140625,1311.800048828125,1292.5,1300.800048828125,1331182
2025-09-16 00:00:00+05:30,1300.0,1312.5,1296.4000244140625,1310.4000244140625,1034369
2025-09-17 00:00:00+05:30,1317.0,1318.199951171875,1305.199951171875,1311.4000244140625,716840
2025-09-18 00:00:00+05:30,1312.0999755859375,1325.800048828125,1305.699951171875,1322.699951171875,822010
2025-09-19 00:00:00+05:30,1324.699951171875,1326.800048828125,1312.0,1321.699951171875,1409571
2025-09-22 00:00:00+05:30,1320.9000244140625,1320.9000244140625,1293.5,1301.4000244140625,1399531
2025-09-23 00:00:00+05:30,1300.0,1311.9000244140625,1295.199951171875,1308.4000244140625,1271238
2025-09-24 00:00:00+05:30,1303.300048828125,1308.300048828125,1294.4000244140625,1298.0999755859375,750456
2025-09-25 00:00:00+05:30,1298.300048828125,1307.300048828125,1268.0,1275.199951171875,1241492
2025-09-26 00:00:00+05:30,1250.0,1278.5,1246.199951171875,1253.0999755859375,2284377
2025-09-29 00:00:00+05:30,1265.0,1270.0,1231.0,1234.5999755859375,3899164
2025-09-30 00:00:00+05:30,1235.0999755859375,1240.300048828125,1217.5,1223.699951171875,2635047
2025-10-01 00:00:00+05:30,1227.9000244140625,1250.699951171875,1226.0,1244.699951171875,4083180
2025-10-03 00:00:00+05:30,1243.9000244140625,1265.4000244140625,1240.0,1248.0999755859375,2742600
2025-10-06 00:00:00+05:30,1248.199951171875,1251.300048828125,1234.199951171875,1248.5999755859375,1880910
2025-10-07 00:00:00+05:30,1250.300048828125,1256.0999755859375,1244.4000244140625,1248.5,1380941
2025-10-08 00:00:00+05:30,1248.300048828125,1251.0,1231.4000244140625,1234.5,1496744
2025-10-09 00:00:00+05:30,1245.0,1264.9000244140625,1240.300048828125,1246.0999755859375,2699135
2025-10-10 00:00:00+05:30,1249.5999755859375,1267.699951171875,1244.699951171875,1264.4000244140625,1680920
2025-10-13 00:00:00+05:30,1257.0,1265.0999755859375,1248.300048828125,1262.4000244140625,1188201
2025-10-14 00:00:00+05:30,1262.4000244140625,1262.4000244140625,1232.300048828125,1237.300048828125,1944911
2025-10-15 00:00:00+05:30,1233.0,1242.300048828125,1231.0,1232.4000244140625,2150067
2025-10-16 00:00:00+05:30,1235.9000244140625,1242.5999755859375,1230.300048828125,1240.199951171875,1308931
2025-10-17 00:00:00+05:30,1245.0,1262.0,1238.0999755859375,1255.9000244140625,1473018
2025-10-20 00:00:00+05:30,1264.800048828125,1287.699951171875,1259.800048828125,1282.0,1368192
2025-10-21 00:00:00+05:30,1288.0,1294.0,1283.0999755859375,1288.699951171875,226788
2025-10-23 00:00:00+05:30,1303.5999755859375,1303.5999755859375,1271.5999755859375,1279.4000244140625,1991213
2025-10-24 00:00:00+05:30,1280.0,1288.0,1265.5,1283.5999755859375,1167634
2025-10-27 00:00:00+05:30,1283.0,1293.4000244140625,1264.5999755859375,1284.300048828125,1927956
2025-10-28 00:00:00+05:30,1283.9000244140625,1294.9000244140625,1275.300048828125,1289.4000244140625,1828290
2025-10-29 00:00:00+05:30,1299.0,1301.5,1235.0,1250.9000244140625,2574921
2025-10-30 00:00:00+05:30,1196.0,1207.199951171875,1180.9000244140625,1202.199951171875,8883497
2025-10-31 00:00:00+05:30,1202.5,1205.5,1191.0,1197.5999755859375,4250157
2025-11-03 00:00:00+05:30,1196.9000244140625,1200.800048828125,1187.9000244140625,1196.0,1547000
2025-11-04 00:00:00+05:30,1198.0,1204.300048828125,1193.300048828125,1200.0,1015516
2025-11-05 00:00:00+05:30,1200.0,1200.0,1200.0,1200.0,0
2025-11-06 00:00:00+05:30,1202.0,1213.9000244140625,1193.199951171875,1205.199951171875,1560897
2025-11-07 00:00:00+05:30,1208.0,1211.9000244140625,1198.0,1205.4000244140625,1076140
2025-11-10 00:00:00+05:30,1199.4000244140625,1209.5,1195.0,1198.699951171875,3483082
2025-11-11 00:00:00+05:30,1203.5999755859375,1214.800048828125,1198.5999755859375,1211.5,1048552
2025-11-12 00:00:00+05:30,1220.0999755859375,1235.0,1215.0,1229.5999755859375,1222295
2025-11-13 00:00:00+05:30,1235.800048828125,1242.4000244140625,1227.300048828125,1234.9000244140625,1426984
2025-11-14 00:00:00+05:30,1235.199951171875,1249.0,1231.800048828125,1246.0,827643
2025-11-17 00:00:00+05:30,1253.0,1253.0,1240.5,1244.4000244140625,1423044
2025-11-18 00:00:00+05:30,1244.5,1247.0,1232.699951171875,1243.800048828125,971685
2025-11-19 00:00:00+05:30,1248.699951171875,1252.699951171875,1237.0,1250.199951171875,830105
2025-11-20 00:00:00+05:30,1255.0,1255.0,1237.699951171875,1248.5999755859375,854999
2025-11-21 00:00:00+05:30,1244.800048828125,1250.699951171875,1237.0999755859375,1243.9000244140625,941902
2025-11-24 00:00:00+05:30,1248.0,1262.4000244140625,1219.0,1226.199951171875,7611988
2025-11-25 00:00:00+05:30,1236.300048828125,1251.199951171875,1230.300048828125,1236.0999755859375,1983817
2025-11-26 00:00:00+05:30,1236.0999755859375,1251.0,1234.5999755859375,1248.0,809816
2025-11-27 00:00:00+05:30,1248.0,1256.0,1241.0,1249.300048828125,1060956
2025-11-28 00:00:00+05:30,1250.0,1260.300048828125,1245.0,1258.800048828125,809748
2025-12-01 00:00:00+05:30,1263.9000244140625,1268.800048828125,1248.4000244140625,1260.0999755859375,1457856
2025-12-02 00:00:00+05:30,1260.5,1278.300048828125,1260.5,1275.199951171875,2361183
2025-12-03 00:00:00+05:30,1283.5999755859375,1293.0,1269.199951171875,1280.699951171875,4969448
2025-12-04 00:00:00+05:30,1280.5999755859375,1284.199951171875,1266.5,1277.5999755859375,1971130
2025-12-05 00:00:00+05:30,1277.5999755859375,1282.800048828125,1271.5999755859375,1275.199951171875,1036082
2025-12-08 00:00:00+05:30,1275.0,1279.0,1263.699951171875,1266.5,1435892
2025-12-09 00:00:00+05:30,1266.5,1267.4000244140625,1241.300048828125,1246.199951171875,2118272
2025-12-10 00:00:00+05:30,1249.300048828125,1262.0999755859375,1246.800048828125,1250.800048828125,1669910
2025-12-11 00:00:00+05:30,1250.800048828125,1275.9000244140625,1248.0,1273.5,1717539
2025-12-12 00:00:00+05:30,1275.0,1280.4000244140625,1267.300048828125,1279.300048828125,981548
2025-12-15 00:00:00+05:30,1274.9000244140625,1282.800048828125,1264.0999755859375,1280.5999755859375,1078613
2025-12-16 00:00:00+05:30,1285.9000244140625,1285.9000244140625,1272.0,1276.9000244140625,928506
2025-12-17 00:00:00+05:30,1270.0,1281.0,1267.300048828125,1272.0,894068
2025-12-18 00:00:00+05:30,1277.0,1283.9000244140625,1262.0,1280.0,889699
2025-12-19 00:00:00+05:30,1277.0,1292.9000244140625,1268.9000244140625,1278.199951171875,1209487
2025-12-22 00:00:00+05:30,1278.199951171875,1286.300048828125,1276.699951171875,1283.4000244140625,614138
2025-12-23 00:00:00+05:30,1288.5999755859375,1288.5999755859375,1277.800048828125,1283.5,408490
2025-12-24 00:00:00+05:30,1281.0999755859375,1285.0999755859375,1252.4000244140625,1265.800048828125,1265233
2025-12-25 00:00:00+05:30,1265.800048828125,1265.800048828125,1265.800048828125,1265.800048828125,0
2025-12-26 00:00:00+05:30,1265.0,1275.0,1261.0999755859375,1269.300048828125,594744
2025-12-29 00:00:00+05:30,1269.300048828125,1275.9000244140625,1260.0,1268.5999755859375,811488
2025-12-30 00:00:00+05:30,1268.0,1272.9000244140625,1256.4000244140625,1265.800048828125,1123996
2025-12-31 00:00:00+05:30,1270.0,1273.9000244140625,1260.0,1271.4000244140625,658106
2026-01-01 00:00:00+05:30,1270.0,1270.0,1248.0,1253.4000244140625,553856
2026-01-02 00:00:00+05:30,1249.0,1257.5999755859375,1236.0,1256.0999755859375,1591218
