Date,Open,High,Low,Close,Volume
2021-01-04 00:00:00+05:30,786.5169178317653,807.5945970698393,781.3090312560004,804.0679931640625,5259092
2021-01-05 00:00:00+05:30,793.2421644432952,816.6982296319693,793.2421644432952,813.048583984375,7150252
2021-01-06 00:00:00+05:30,818.4206813341268,818.5026756072583,792.3400951114196,802.2638549804688,5995748
2021-01-07 00:00:00+05:30,810.300986422745,810.4650249740142,786.8449252598385,789.4283447265625,5261000
2021-01-08 00:00:00+05:30,799.5573650683457,823.0134329192568,795.5386446753156,815.7551879882812,8034775
2021-01-11 00:00:00+05:30,832.445053028451,868.5723882330169,826.7040526627376,865.332763671875,13384331
2021-01-12 00:00:00+05:30,862.7902469714298,873.4931508225774,851.8823074152035,871.0736694335938,6700542
2021-01-13 00:00:00+05:30,872.6319750132423,875.0924035142194,853.7686898390838,866.02978515625,6691409
2021-01-14 00:00:00+05:30,860.329924106637,860.329924106637,825.5558442341204,842.86083984375,15021108
2021-01-15 00:00:00+05:30,859.2228291750647,863.4875327052055,807.0207074935424,811.7775268554688,23769415
2021-01-18 00:00:00+05:30,820.1427955258215,824.202512375183,801.1975169721925,804.9701538085938,12947569
2021-01-19 00:00:00+05:30,810.3012574042777,817.6825441620091,803.2070006641031,806.8976440429688,6387923
2021-01-20 00:00:00+05:30,813.3766994099334,828.0572769519222,809.9320893101739,819.5277709960938,7444118
2021-01-21 00:00:00+05:30,830.8500001874129,839.9078297236483,809.3994230192561,817.9219970703125,8857975
2021-01-22 00:00:00+05:30,816.6045263809416,826.732816773734,808.1231141092125,811.7462158203125,5379466
2021-01-25 00:00:00+05:30,820.9688573188077,820.9688573188077,774.8562635275808,780.2086181640625,7731883
2021-01-27 00:00:00+05:30,783.9963076050248,793.1776732120884,776.0913127458015,786.7960205078125,7531736
2021-01-28 00:00:00+05:30,781.2791390072828,784.2435504194976,765.8808152040546,769.0510864257812,6960905
2021-01-29 00:00:00+05:30,774.8561453454083,781.8553772640438,748.9178152939945,752.623291015625,7692663
2021-02-01 00:00:00+05:30,756.7404406523408,768.8861658967609,738.0895272074182,764.4395751953125,8651478
2021-02-02 00:00:00+05:30,779.7969224574462,792.9719496584167,770.3685335650035,786.0962524414062,7690178
2021-02-03 00:00:00+05:30,795.4420862920981,801.453181033243,784.3668215192047,790.4191284179688,6354619
2021-02-04 00:00:00+05:30,794.3717028373678,799.1064776207381,782.3906740894558,788.5664672851562,4623148
2021-02-05 00:00:00+05:30,791.1602764764208,793.7129678392355,774.0739151676578,779.096923828125,4631703
2021-02-08 00:00:00+05:30,786.3842853097062,794.1246324099642,775.1443222800596,788.6487426757812,6509526
2021-02-09 00:00:00+05:30,794.6187602037943,808.5349015999769,779.4674601129944,783.5846557617188,7557977
2021-02-10 00:00:00+05:30,786.4255536749791,794.7011071177644,779.0969753624263,790.0487060546875,4896963
2021-02-11 00:00:00+05:30,790.0486395911263,800.79450959096,784.7786093473943,799.0653076171875,3745595
2021-02-12 00:00:00+05:30,802.8530614239646,812.3226103535807,788.5252020704448,790.8308715820312,8045740
2021-02-15 00:00:00+05:30,798.7360240588414,799.7653230589171,782.3495638741381,786.0962524414062,4643228
2021-02-16 00:00:00+05:30,788.0312457318491,792.354301155143,777.4088608739756,784.1610717773438,3277086
2021-02-17 00:00:00+05:30,783.9139782218646,789.184008262983,774.8561486415699,776.667724609375,3643176
2021-02-18 00:00:00+05:30,777.3264347704052,787.8252822739249,772.6739842045694,780.7025146484375,5133094
2021-02-19 00:00:00+05:30,782.2670890403435,788.8546013691043,777.6970124140119,782.390625,5494816
2021-02-22 00:00:00+05:30,781.8555431913184,783.4612597298735,754.3114910966532,757.6876220703125,5043203
2021-02-23 00:00:00+05:30,760.8576999844587,765.7983343999422,746.4886781743477,749.2883911132812,5916942
2021-02-24 00:00:00+05:30,755.9171419768355,757.1111387996792,745.6241525708328,754.270263671875,3435827
2021-02-25 00:00:00+05:30,762.4222244273232,769.1332224233315,759.3343280387127,765.1807250976562,6234947
2021-02-26 00:00:00+05:30,747.6827122225809,761.6811770989949,745.2947186989929,748.876708984375,9198218
2021-03-01 00:00:00+05:30,754.2702769441995,769.4627396265372,753.9820933392555,766.0866088867188,5397960
2021-03-02 00:00:00+05:30,768.9685833129392,788.772333871873,764.6455280386058,785.3550415039062,6715548
2021-03-03 00:00:00+05:30,794.618786206921,797.0891036769942,779.796881386481,794.8246459960938,5742015
2021-03-04 00:00:00+05:30,783.9139192776291,798.6534973171176,783.3786638300936,788.8545532226562,6268541
2021-03-05 00:00:00+05:30,787.2900736021651,800.38277490001,770.9859900911335,775.2678833007812,5992152
2021-03-08 00:00:00+05:30,784.3256324489507,801.2061316250174,777.3264010832645,792.0659790039062,5621823
2021-03-09 00:00:00+05:30,793.8777298903883,804.4177920867204,781.5261416216317,801.3298950195312,5440319
2021-03-10 00:00:00+05:30,811.6639240483029,819.4042213675149,806.7232894901418,813.9695434570312,7694950
2021-03-12 00:00:00+05:30,813.9696569104325,825.7448275302263,801.7003926107142,806.3528442382812,6447010
2021-03-15 00:00:00+05:30,804.9117801022003,818.7867098654284,796.5538525122219,817.1398315429688,5321071
2021-03-16 00:00:00+05:30,817.6751102723032,838.919831182313,815.5753504034121,829.4091186523438,8094575
2021-03-17 00:00:00+05:30,833.3204010957586,843.1193468643119,809.1936445940416,813.10498046875,6758901
2021-03-18 00:00:00+05:30,819.321735032911,823.2330699488973,767.77447813835,780.4142456054688,8269566
2021-03-19 00:00:00+05:30,782.2671219196375,797.9124643580302,772.1388313402139,790.8720703125,9004154
2021-03-22 00:00:00+05:30,790.8720542758094,808.9877135739815,777.8205150352965,805.9409790039062,4745254
2021-03-23 00:00:00+05:30,809.9758967546665,817.5927084854887,800.2181131929128,807.6702270507812,5158305
2021-03-24 00:00:00+05:30,799.6004559899618,810.8815806957125,795.277401104303,803.3883056640625,3874331
2021-03-25 00:00:00+05:30,798.7359341880232,802.4414101713697,782.2671520398166,788.0723876953125,4879437
2021-03-26 00:00:00+05:30,794.618687066946,802.8530776064998,785.3961596108994,789.3074951171875,4271178
2021-03-30 00:00:00+05:30,794.618678290356,824.0977860446148,794.165796867429,819.9805908203125,5475000
2021-03-31 00:00:00+05:30,823.439176463617,823.439176463617,805.8587701496143,809.1525268554688,4445140
2021-04-01 00:00:00+05:30,816.8515223906984,834.5554616360613,815.698687638671,825.5799560546875,5269079
2021-04-05 00:00:00+05:30,829.2029778896234,856.3764617727987,825.5798266017111,851.0241088867188,9452833
2021-04-06 00:00:00+05:30,855.5532021912356,856.8706846127724,840.1137194760425,846.8247680664062,4260257
2021-04-07 00:00:00+05:30,848.9656410657168,860.4937875011387,843.7779349627929,854.0709228515625,3551106
2021-04-08 00:00:00+05:30,859.6703468561747,868.2341328670461,849.5008949446535,854.3179931640625,4852068
2021-04-09 00:00:00+05:30,858.1056704642733,868.5634049616809,851.5593713180093,860.8230590820312,3708082
2021-04-12 00:00:00+05:30,858.8057016476888,858.8057016476888,824.4271721831028,831.1793823242188,5976427
2021-04-13 00:00:00+05:30,833.7320140558363,840.5665479217827,800.5474313505944,809.7699584960938,7773994
2021-04-15 00:00:00+05:30,797.0888932509358,819.074722982226,789.4720830623293,816.7691040039062,7430279
2021-04-16 00:00:00+05:30,823.4390187222291,837.2727841850168,818.9101041192569,833.9378662109375,4677808
2021-04-19 00:00:00+05:30,820.1453274966393,846.8658855600002,813.4342788599155,818.9924926757812,6239343
2021-04-20 00:00:00+05:30,828.3796327084187,828.3796327084187,788.0311217713288,791.5718994140625,9742418
2021-04-22 00:00:00+05:30,795.4420587356287,800.30036884589,786.6312515529607,792.0659790039062,4970596
2021-04-23 00:00:00+05:30,793.7952516929727,802.7295453663148,782.4318027474544,786.9195556640625,6023490
2021-04-26 00:00:00+05:30,774.0327698599352,785.9726370545832,760.0754667772032,764.8102416992188,19619972
2021-04-27 00:00:00+05:30,766.6216711903935,772.8386252820292,760.3635552025336,764.8512573242188,6406825
2021-04-28 00:00:00+05:30,766.7865853564002,770.6155474425294,759.0050749431521,760.693115234375,6845677
2021-04-29 00:00:00+05:30,779.0441813495996,779.0441813495996,760.1064306808063,762.159423828125,8588734
2021-04-30 00:00:00+05:30,758.3467613617422,766.7262835867339,750.3024404835681,753.2771606445312,10921664
2021-05-03 00:00:00+05:30,753.109509774131,762.9135603528109,746.6153804826155,760.6091918945312,6871176
2021-05-04 00:00:00+05:30,762.5365829865054,766.7263444314863,753.5285958797967,754.953125,6217026
2021-05-05 00:00:00+05:30,757.4667813759371,763.206732578455,754.65961126409,762.0336303710938,2696835
2021-05-06 00:00:00+05:30,764.2124002115174,774.1840517685858,755.2044141344628,767.564208984375,6319104
2021-05-07 00:00:00+05:30,769.2399948369214,772.08905231265,765.6368111902307,767.8992919921875,3651558
2021-05-10 00:00:00+05:30,769.2819578545038,772.2566777456286,762.7040539623883,765.8463745117188,4029147
2021-05-11 00:00:00+05:30,761.279600756209,764.5895222927537,758.4305427171348,760.2740478515625,3818154
2021-05-12 00:00:00+05:30,759.3104321793976,761.6566881898754,749.9672443754496,759.2684936523438,4076940
2021-05-14 00:00:00+05:30,761.6985579249696,764.2124145517846,751.22415531324,762.8297729492188,5184569
2021-05-17 00:00:00+05:30,766.3910107268689,776.9492384318819,762.6202260774801,772.7175903320312,7956551
2021-05-18 00:00:00+05:30,777.6196838777164,787.256134701632,774.6868510182638,780.6362915039062,5913426
2021-05-19 00:00:00+05:30,777.6196918779732,788.5130711822983,775.2315484113822,780.46875,4178834
2021-05-20 00:00:00+05:30,780.971443550075,783.3176994605873,772.6338090042959,774.60302734375,4753782
2021-05-21 00:00:00+05:30,775.524857208628,783.1921412466304,773.4299764490152,779.84033203125,4161547
2021-05-24 00:00:00+05:30,780.5525180110312,786.8371598629719,777.3683097016238,781.641845703125,4191877
2021-05-25 00:00:00+05:30,785.9990184799092,790.8591301136713,783.6108756086527,788.1776733398438,5032874
2021-05-26 00:00:00+05:30,787.6750438678091,795.1747260569482,781.4322899401611,792.53515625,5017674
2021-05-27 00:00:00+05:30,795.2165597105027,801.8364018982579,786.0828611696056,789.6860961914062,9078274
2021-05-28 00:00:00+05:30,787.7170090058261,795.8451561280677,785.4964662113862,789.8118896484375,4098094
2021-05-31 00:00:00+05:30,788.9738029579275,794.2528910488935,781.4741213063422,792.0323486328125,4171524
2021-06-01 00:00:00+05:30,794.3786931260624,797.730501957818,789.3928672599174,796.6411743164062,2944472
2021-06-02 00:00:00+05:30,793.540727442053,796.6411607876835,785.6639563633748,790.8173828125,3657189
2021-06-03 00:00:00+05:30,791.8648580501404,795.8870185287876,785.1612402042133,787.2142333984375,4164240
2021-06-04 00:00:00+05:30,787.7587774516544,791.1944118735431,783.2757540111447,784.7840576171875,3550303
2021-06-07 00:00:00+05:30,786.8371481592462,797.6886398244304,785.2450184559514,795.7194213867188,3282517
2021-06-08 00:00:00+05:30,797.7304630234678,814.489506364297,797.2695995605034,810.4673461914062,6385642
2021-06-09 00:00:00+05:30,816.081782885211,825.3830331563609,808.7077615718284,813.903076171875,5521459
2021-06-10 00:00:00+05:30,820.7740349050141,822.5756522745643,809.9225456030904,811.5984497070312,3878256
2021-06-11 00:00:00+05:30,817.8413161621793,829.5726465169647,813.2325792370851,824.000244140625,4777035
2021-06-14 00:00:00+05:30,823.706971595211,828.2738210867783,817.8413064872085,824.7125244140625,2236373
2021-06-15 00:00:00+05:30,825.4667568209378,832.0866001804948,823.8746782021849,825.7600708007812,2559001
2021-06-16 00:00:00+05:30,824.5868155223932,826.2208324686583,816.1654065156929,820.6903686523438,3138753
2021-06-17 00:00:00+05:30,821.1930553577221,828.6927368574985,819.9780145877241,826.5559692382812,3609989
2021-06-18 00:00:00+05:30,829.5726856895668,835.1869757105161,812.8974162971812,817.212890625,5622783
2021-06-21 00:00:00+05:30,811.137628186259,824.0839982865276,805.4814515434313,822.8689575195312,1639495
2021-06-22 00:00:00+05:30,822.9528820345158,828.0644214323761,818.0508818431335,821.2769775390625,2529648
2021-06-23 00:00:00+05:30,825.3827909220041,825.3827909220041,813.6514619139756,815.2435913085938,2395543
2021-06-24 00:00:00+05:30,814.4895251351429,833.4272240889043,812.0594433369021,829.3212890625,4686567
2021-06-25 00:00:00+05:30,833.7623785227856,846.3316606110689,828.9441537222771,834.3070678710938,5196000
2021-06-28 00:00:00+05:30,837.9521846875657,837.9521846875657,824.7125503984107,825.63427734375,1844159
2021-06-29 00:00:00+05:30,827.0169484376995,832.8407265581441,821.6121464245598,824.2097778320312,1895170
2021-06-30 00:00:00+05:30,822.0311569733612,830.7877682118237,822.0311569733612,824.1260375976562,2682591
2021-07-01 00:00:00+05:30,827.058808162695,827.8967603492833,817.1290952094402,825.8018798828125,2861509
2021-07-02 00:00:00+05:30,824.1678215636232,827.5615175202266,818.8887332817357,825.089599609375,1646631
2021-07-05 00:00:00+05:30,830.9972430671751,834.5166526889659,819.5172871995807,820.9837036132812,2598033
2021-07-06 00:00:00+05:30,821.1932249186192,823.036730142244,812.9813028983426,814.531494140625,2486069
2021-07-07 00:00:00+05:30,812.8136071950336,819.1820232471986,804.6854608941749,817.296630859375,3014899
2021-07-08 00:00:00+05:30,817.0034149820191,822.8690805254797,812.8136538795472,818.51171875,2555624
2021-07-09 00:00:00+05:30,814.4896018734485,820.7742438632127,809.9646391829992,818.5536499023438,3218471
2021-07-12 00:00:00+05:30,821.19316328987,823.748907293649,817.0034022526768,820.7322998046875,2037878
2021-07-13 00:00:00+05:30,823.7069333275658,823.7069333275658,807.7858430597898,811.0957641601562,2997764
2021-07-14 00:00:00+05:30,811.3473389517301,832.0447716150402,811.2216256451177,829.1119384765625,4371180
2021-07-15 00:00:00+05:30,832.0865377255087,881.9446938127874,830.2430326496753,871.2608032226562,12701032
2021-07-16 00:00:00+05:30,875.5764081968597,878.8025042026197,836.3183109338307,842.14208984375,8665827
2021-07-19 00:00:00+05:30,842.1419110691788,853.2866644394946,831.6675091902089,838.1197509765625,4644600
2021-07-20 00:00:00+05:30,837.1143344860183,848.1753149003289,812.2690287253855,818.8469848632812,10216774
2021-07-22 00:00:00+05:30,812.81352992151,822.4499789875898,812.81352992151,820.0198974609375,6156400
2021-07-23 00:00:00+05:30,825.1316750899025,841.2203701622484,823.3719444984207,832.9246215820312,5265839
2021-07-26 00:00:00+05:30,832.9245244117747,841.3040467901627,827.2683468063626,838.20361328125,2477027
2021-07-27 00:00:00+05:30,843.0087797103389,844.8634093163362,829.394167336748,836.2647094726562,2883514
2021-07-28 00:00:00+05:30,838.7936032596784,839.5944717644788,823.8723399261347,828.7617797851562,2952249
2021-07-29 00:00:00+05:30,830.8271961975566,850.5957600797358,830.8271961975566,849.41552734375,4732101
2021-07-30 00:00:00+05:30,853.96789530977,885.1170286109002,851.3545886694594,864.0418090820312,9330054
2021-08-02 00:00:00+05:30,871.6710854766866,875.8861294103264,862.4401289713811,872.851318359375,2536478
2021-08-03 00:00:00+05:30,868.298989545017,879.2159114063727,863.2409371787353,876.265380859375,3359006
2021-08-04 00:00:00+05:30,877.656492476773,883.2625219062197,872.1769349559995,876.68701171875,3122161
2021-08-05 00:00:00+05:30,876.7290609702746,904.5483484818315,871.41806491917,894.5587158203125,7896314
2021-08-06 00:00:00+05:30,894.5587642289498,902.0193711567819,879.2581346883396,885.1170043945312,11584782
2021-08-09 00:00:00+05:30,891.7346156146718,899.2795020767813,879.6795504261742,885.622802734375,6321578
2021-08-10 00:00:00+05:30,887.2665963187255,903.9582086044026,883.4730574271015,896.708251953125,5871606
2021-08-11 00:00:00+05:30,902.8200937612366,909.6063547156704,891.186635861777,899.4480590820312,5011239
2021-08-12 00:00:00+05:30,902.8624665016351,928.2792035768592,900.3334399848238,924.3591918945312,6540144
2021-08-13 00:00:00+05:30,926.4665678138264,947.4995938641717,919.0480500391338,943.7060546875,7270809
2021-08-16 00:00:00+05:30,944.970579857741,952.0518736595538,939.40674290858,947.2467651367188,3159376
2021-08-17 00:00:00+05:30,943.5376385126165,971.1039862527896,937.8895204810232,963.5169067382812,5295838
2021-08-18 00:00:00+05:30,976.1198558151355,976.1198558151355,953.9486844456285,956.1826782226562,4871006
2021-08-20 00:00:00+05:30,933.6319940522199,961.6620290880991,933.3790503179396,941.9356079101562,3467046
2021-08-23 00:00:00+05:30,951.7570190431161,993.2330144943213,949.2701840265825,980.5036010742188,9383780
2021-08-24 00:00:00+05:30,984.5921902915101,988.8494263415425,969.4602219034731,971.9049682617188,3947317
2021-08-25 00:00:00+05:30,977.805998642771,986.2360872543883,961.2830455452719,973.1272583007812,3447912
2021-08-26 00:00:00+05:30,977.8055746526253,988.0059568683832,973.6748124428179,984.1702270507812,4654833
2021-08-27 00:00:00+05:30,984.1703698353552,986.1093308191155,977.4684924853725,980.3768310546875,3050466
2021-08-30 00:00:00+05:30,981.262071231184,986.6151555917721,973.2956806298545,980.7562866210938,2956868
2021-08-31 00:00:00+05:30,982.9483068436396,1006.0467696268961,979.6184630902009,996.6893920898438,7199002
2021-09-01 00:00:00+05:30,1003.1805570447717,1003.6020614805049,979.3655564258518,981.810302734375,3200410
2021-09-02 00:00:00+05:30,988.0059882371162,996.4360734609824,972.8318348341571,988.6382446289062,5224479
2021-09-03 00:00:00+05:30,989.2708239639585,995.2561658455302,976.4149398008137,990.3245849609375,4533364
2021-09-06 00:00:00+05:30,990.5352485330762,1020.1248340994775,989.6922398109205,1011.7369384765625,4331916
2021-09-07 00:00:00+05:30,1023.4123259011076,1024.2131428189832,994.8343169771372,996.6046142578125,3721585
2021-09-08 00:00:00+05:30,998.9654705734367,1004.1499954956579,983.8335031310888,1002.1689453125,3118518
2021-09-09 00:00:00+05:30,1004.8665564939407,1015.7834800181411,997.279476788869,1010.3883056640625,3388292
2021-09-13 00:00:00+05:30,1004.8664086730936,1024.2556095115845,991.7575817262738,1018.6917724609375,3723138
2021-09-14 00:00:00+05:30,1025.0987011853035,1045.8366970918287,1017.5116219824517,1044.19287109375,5593286
2021-09-15 00:00:00+05:30,1044.192759063467,1086.596035426196,1037.1114653192801,1073.36083984375,6063895
2021-09-16 00:00:00+05:30,1085.1208113871348,1091.9492645214464,1058.1445316469317,1064.8043212890625,3616292
2021-09-17 00:00:00+05:30,1066.4059739757274,1079.8941127770015,1060.92641758771,1064.972900390625,4817180
2021-09-20 00:00:00+05:30,1060.5049139481555,1094.8997090765745,1053.7608445430797,1075.8055419921875,5453683
2021-09-21 00:00:00+05:30,1086.638276308947,1108.5565037597094,1076.522171331672,1095.4898681640625,4645597
2021-09-22 00:00:00+05:30,1095.911270889752,1120.0634898640888,1095.5740468405195,1108.9779052734375,5367303
2021-09-23 00:00:00+05:30,1118.5461302661295,1126.6389936190926,1107.6292082048847,1119.7685546875,3037295
2021-09-24 00:00:00+05:30,1129.6318890592747,1161.4554739935938,1127.102862441978,1144.974609375,7951730
2021-09-27 00:00:00+05:30,1151.5500562756226,1153.1938823237247,1087.523577105708,1091.864990234375,7653504
2021-09-28 00:00:00+05:30,1100.0841987905678,1100.0841987905678,1057.1329452478576,1069.778076171875,8572321
2021-09-29 00:00:00+05:30,1070.6210875234265,1097.1336709298764,1061.1794309062282,1080.062744140625,4639821
2021-09-30 00:00:00+05:30,1088.7035966862331,1088.7035966862331,1069.6516197334254,1078.671875,3589722
2021-10-01 00:00:00+05:30,1073.9931008111507,1082.423187944676,1062.7389550691616,1073.7823486328125,3372796
2021-10-04 00:00:00+05:30,1080.3156401313984,1090.5160247359215,1073.7823227603346,1077.9130859375,2706626
2021-10-05 00:00:00+05:30,1070.6210317094735,1107.3761898546106,1064.0455227931336,1100.2528076171875,3710314
2021-10-06 00:00:00+05:30,1106.027590217377,1112.6451889830628,1072.1386762528305,1075.215576171875,2861608
2021-10-07 00:00:00+05:30,1082.4655867176716,1110.9592249386278,1082.4655867176716,1101.2225341796875,2421641
2021-10-08 00:00:00+05:30,1101.2224375352648,1127.9457753553602,1090.895579726518,1114.5841064453125,5197831
2021-10-11 00:00:00+05:30,1095.9113332384552,1116.9022708948287,1041.6637428244194,1098.3560791015625,5264998
2021-10-12 00:00:00+05:30,1101.770307671435,1103.4985168703254,1042.211818402251,1054.0560302734375,12811641
2021-10-13 00:00:00+05:30,1064.7199999189638,1071.2955090144897,1048.2391384884831,1066.7010498046875,5705730
2021-10-14 00:00:00+05:30,1086.9754291823967,1090.2209920687226,1048.7450055414972,1054.7303466796875,10360519
2021-10-18 00:00:00+05:30,1045.3309445637485,1072.7287314172338,1024.2557239072214,1029.6510009765625,23861603
2021-10-19 00:00:00+05:30,1036.9007227818913,1056.289923289195,1032.6856791933471,1038.6710205078125,10189780
2021-10-20 00:00:00+05:30,1044.487668859061,1065.057099545379,1028.807729278277,1039.3453369140625,8222562
2021-10-21 00:00:00+05:30,1052.9438670323143,1052.9438670323143,1010.5337260716668,1028.9765625,5998795
2021-10-22 00:00:00+05:30,1022.6449213075877,1039.7279364344238,1007.9841069360474,1014.7833251953125,3812305
2021-10-25 00:00:00+05:30,1006.3268334837429,1011.3837105372947,983.4644414623662,990.4761352539062,6690819
2021-10-26 00:00:00+05:30,994.3855389998312,1004.584365040855,980.1496776509019,991.6658935546875,5126660
2021-10-27 00:00:00+05:30,994.3854594936356,1004.031827603263,987.1612916255194,1000.4622802734375,3536653
2021-10-28 00:00:00+05:30,1005.6894472424174,1007.1342396736145,974.6680128558461,979.0874633789062,4096585
2021-10-29 00:00:00+05:30,979.0875,996.9354492187499,967.1888671874999,972.0758056640625,3558520
2021-11-01 00:00:00+05:30,971.863125833639,1012.6158931528072,971.863125833639,1010.70361328125,4511112
2021-11-02 00:00:00+05:30,1012.2334765559624,1015.7180546761539,993.4081228880816,994.93798828125,3016082
2021-11-03 00:00:00+05:30,998.6350624734154,1009.4287786708067,995.8303437775515,999.7824096679688,2063067
2021-11-04 00:00:00+05:30,1007.1340609299157,1008.9613713258931,1001.1847458020596,1005.5192260742188,256369
2021-11-08 00:00:00+05:30,1009.2160468441434,1013.7631053551503,993.1529827038183,1005.3065185546875,3808317
2021-11-09 00:00:00+05:30,1009.6837914820989,1012.2334980262456,994.7679666997105,996.7653198242188,3565461
2021-11-10 00:00:00+05:30,989.2862515618349,998.6351766195497,987.6714164841168,993.6632690429688,2401325
2021-11-11 00:00:00+05:30,990.9860298004281,992.5158953592879,979.2998737886306,986.4815063476562,2861259
2021-11-12 00:00:00+05:30,993.4507522968112,1001.3123480422231,988.4363083150361,996.3828735351562,3812518
2021-11-15 00:00:00+05:30,995.2353551851553,1004.2442966601548,988.861089460229,995.1078491210938,3619915
2021-11-16 00:00:00+05:30,995.1504502200693,999.0599793685018,986.2689104857102,988.7761840820312,3141207
2021-11-17 00:00:00+05:30,986.3117264616503,989.9238116296485,977.3877513407133,979.469970703125,3172985
2021-11-18 00:00:00+05:30,975.6876854565453,981.6370006117681,946.3660607629471,952.0603637695312,5384530
2021-11-22 00:00:00+05:30,952.0604321636008,956.8624004905588,936.5922531479483,943.4764404296875,3961223
2021-11-23 00:00:00+05:30,939.1420813548291,951.8906163958449,926.3935463138133,945.601318359375,4545069
2021-11-24 00:00:00+05:30,951.8904613406373,962.6417448901661,945.8986093482464,951.4229736328125,2675632
2021-11-25 00:00:00+05:30,948.915680841495,961.2392611121638,944.2412193595172,955.9699096679688,3106454
2021-11-26 00:00:00+05:30,951.8906299313908,956.9900440203089,937.6973022163733,943.4341430664062,2207274
2021-11-29 00:00:00+05:30,935.8273633649721,973.1380935529446,934.9774610998604,963.0667724609375,3661152
2021-11-30 00:00:00+05:30,962.938999579859,984.1015808674066,962.938999579859,967.740966796875,7421904
2021-12-01 00:00:00+05:30,973.9881778480207,988.4365190551903,973.308214409718,983.0820922851562,2918586
2021-12-02 00:00:00+05:30,987.5013815497333,1008.3239853362933,979.9372312613767,1006.8790893554688,4011279
2021-12-03 00:00:00+05:30,1009.683733063057,1011.128525188683,994.0880496866048,995.5753784179688,2571036
2021-12-06 00:00:00+05:30,994.3006395162258,996.6378706484664,964.5115248588993,965.9564208984375,2493755
2021-12-07 00:00:00+05:30,977.3875329119458,981.6370439246065,961.5793726944137,977.090087890625,2299958
2021-12-08 00:00:00+05:30,983.6769126076251,1004.2445061378367,983.3794675613134,995.7454833984375,2525711
2021-12-09 00:00:00+05:30,1002.7147822918142,1002.7147822918142,981.6371636002232,993.1533813476562,1734844
2021-12-10 00:00:00+05:30,981.8070319411513,991.8359199314508,981.8070319411513,987.75634765625,957733
2021-12-13 00:00:00+05:30,990.985989137627,997.3177191814415,980.1497358258734,985.1216430664062,2225682
2021-12-14 00:00:00+05:30,982.4868702078593,990.9009221123174,973.5628977708502,987.8837280273438,1972685
2021-12-15 00:00:00+05:30,984.3993244270563,987.5439213914482,970.8434244415279,976.4527587890625,1604301
2021-12-16 00:00:00+05:30,982.4868173535514,992.600672987636,977.0049903648478,985.6739501953125,2121810
2021-12-17 00:00:00+05:30,996.0852989477297,1005.3492529383602,990.135984022274,995.5753784179688,6373455
2021-12-20 00:00:00+05:30,985.8864831363745,996.3827538236504,973.5629020971699,985.801513671875,3091768
2021-12-21 00:00:00+05:30,993.4509887722147,1032.5889341181987,990.1788851083314,1024.1324462890625,6217986
2021-12-22 00:00:00+05:30,1035.1808042145203,1041.9800213193776,1028.4665565739099,1039.2603759765625,3809814
2021-12-23 00:00:00+05:30,1045.2949695873438,1045.9748292502281,1033.1413239184499,1043.212646484375,2814281
2021-12-24 00:00:00+05:30,1072.703881532089,1091.1042814647442,1059.1054488794562,1075.2960205078125,15952929
2021-12-27 00:00:00+05:30,1077.6758127569262,1085.3249313017309,1065.819720511603,1076.995849609375,3372907
2021-12-28 00:00:00+05:30,1079.375791819302,1095.5239335866775,1079.375791819302,1091.189453125,3446067
2021-12-29 00:00:00+05:30,1090.424497306828,1104.0229321914026,1085.4100536935762,1097.9886474609375,2254162
2021-12-30 00:00:00+05:30,1097.9888275126555,1127.352890408052,1090.1696639231188,1119.3638916015625,4518139
2021-12-31 00:00:00+05:30,1121.8711340583027,1129.9026699961714,1112.4796713232963,1121.106201171875,2231508
2022-01-03 00:00:00+05:30,1118.768695593424,1138.783933104159,1116.8564157197036,1127.0977783203125,2661272
2022-01-04 00:00:00+05:30,1129.944929895963,1136.0641839931113,1111.0346066991333,1133.302001953125,3367100
2022-01-05 00:00:00+05:30,1129.5201158278,1130.370018097046,1106.5727545581608,1114.0093994140625,3510253
2022-01-06 00:00:00+05:30,1096.3737869090733,1103.0030652592802,1085.325058823943,1092.039306640625,4409632
2022-01-07 00:00:00+05:30,1102.7907466333427,1103.5981123014674,1089.744663616723,1096.8414306640625,3898684
2022-01-10 00:00:00+05:30,1108.9948954449599,1108.9948954449599,1087.8748459432065,1094.759033203125,2529949
2022-01-11 00:00:00+05:30,1095.2264500732945,1145.6681230189638,1087.8747755669685,1141.9710693359375,6772189
2022-01-12 00:00:00+05:30,1150.76773310157,1153.402409525277,1131.5599615556466,1149.1954345703125,3162044
2022-01-13 00:00:00+05:30,1138.8689935093453,1155.3571175977781,1122.848357148724,1133.9820556640625,4598005
2022-01-14 00:00:00+05:30,1121.8709804751395,1141.3761957956303,1098.9236195108754,1136.4892578125,5636243
2022-01-17 00:00:00+05:30,1081.92568359375,1081.92568359375,1056.768594968319,1069.8145751953125,11973283
2022-01-18 00:00:00+05:30,1079.3333891084826,1079.3333891084826,1034.331103625711,1036.6683349609375,7799487
2022-01-19 00:00:00+05:30,1036.8805190960852,1037.3054701285016,1012.2333592159323,1019.2025146484375,8464215
2022-01-20 00:00:00+05:30,1028.458611324108,1029.6585006280302,1002.7471460410053,1007.3323364257812,6172404
2022-01-21 00:00:00+05:30,1007.332417244378,1011.1891373462694,989.8914928187598,1000.990234375,5514748
2022-01-24 00:00:00+05:30,996.3195052815566,998.0336033551594,952.1814798862877,964.094482421875,5878438
2022-01-25 00:00:00+05:30,955.6096940909363,976.7359741713456,932.8122102052823,963.0659790039062,4725254
2022-01-27 00:00:00+05:30,955.6096459275691,956.4238006387833,917.21380844041,923.6845703125,8304735
2022-01-28 00:00:00+05:30,924.7558559745368,944.6393506033734,923.2560202489061,925.99853515625,7654724
2022-01-31 00:00:00+05:30,943.3110574057948,954.709746993805,936.6260329705367,942.23974609375,7572995
2022-02-01 00:00:00+05:30,957.066600398402,974.0362128710897,943.8252348651891,970.8651733398438,6783774
2022-02-02 00:00:00+05:30,979.5214204048068,1006.0470477438006,971.293770110889,1003.5615844726562,6982539
2022-02-03 00:00:00+05:30,995.8909869634077,1003.4758500622729,986.4634474998987,991.3914794921875,4169794
2022-02-04 00:00:00+05:30,994.1768267803667,1000.2618536754059,974.764646264444,997.4336547851562,3625482
2022-02-07 00:00:00+05:30,991.6057544390571,1003.9043874270222,982.1782148549347,991.9057006835938,3824483
2022-02-08 00:00:00+05:30,993.2767537606355,1002.6186074403084,984.3635291395185,995.847900390625,3267641
2022-02-09 00:00:00+05:30,1004.461657735277,1019.0314940676145,999.3193625591578,1012.0894165039062,3772972
2022-02-10 00:00:00+05:30,1015.5600862475442,1021.5166390743386,1006.261126294897,1020.1881713867188,2053245
2022-02-11 00:00:00+05:30,1010.460792214018,1010.460792214018,992.5056571351564,997.347900390625,3912397
2022-02-14 00:00:00+05:30,973.0508005630275,997.9052276763629,971.5509644441192,982.5640258789062,3243813
2022-02-15 00:00:00+05:30,988.6063107753018,1006.175820416302,983.9782238970332,1001.5049438476562,3000492
2022-02-16 00:00:00+05:30,1009.6037970785496,1013.5890961489617,994.1769139313392,1000.8619384765625,1885868
2022-02-17 00:00:00+05:30,1006.1755999817794,1006.1755999817794,994.1769130995435,996.7909545898438,1644055
2022-02-18 00:00:00+05:30,988.0488703684106,1002.8329648948406,985.6919857337624,998.4620361328125,2166690
2022-02-21 00:00:00+05:30,988.263342434544,1002.318969254945,985.7778790044309,998.2479858398438,1706058
2022-02-22 00:00:00+05:30,970.1794515814506,989.1631075342341,970.1794515814506,985.220703125,3254855
2022-02-23 00:00:00+05:30,990.7486372167715,993.319784199168,983.9351395615163,988.177490234375,1937649
2022-02-24 00:00:00+05:30,947.896203736237,972.7077306929909,935.8975176129935,941.51123046875,5469084
2022-02-25 00:00:00+05:30,956.1238212232664,977.8928862406643,955.609612759282,968.2081909179688,3213276
2022-02-28 00:00:00+05:30,959.5519685637925,971.2936017682138,948.7531728858855,965.8512573242188,4571884
2022-03-02 00:00:00+05:30,963.8803027367949,963.8803027367949,950.4674632377481,956.0811767578125,3867328
2022-03-03 00:00:00+05:30,964.1803492815557,987.3206776643129,960.3236278844295,976.7789306640625,3969380
2022-03-04 00:00:00+05:30,966.7515795853008,989.7633316327581,962.1663869005066,975.7077026367188,3522375
2022-03-07 00:00:00+05:30,952.181398215967,995.3766868898651,951.7528737343216,989.2058715820312,5249845
2022-03-08 00:00:00+05:30,990.7487063330943,1010.9750430815893,989.8916572791729,1007.289794921875,3805165
2022-03-09 00:00:00+05:30,1011.3177236357736,1024.1734574108048,995.1194781551887,1013.6317138671875,3781326
2022-03-10 00:00:00+05:30,1026.9161019056025,1026.9161019056025,1007.0326063350001,1021.7310180664062,3834327
2022-03-11 00:00:00+05:30,1011.3178858560449,1034.5867886453411,1008.1468461976456,1022.8451538085938,2770879
2022-03-14 00:00:00+05:30,1022.8452067918331,1041.143288777416,1009.3038937807413,1030.9014892578125,5740660
2022-03-15 00:00:00+05:30,1034.4580263164037,1040.714525158786,1001.1188030529148,1008.6179809570312,3003066
2022-03-16 00:00:00+05:30,1020.0170073464121,1030.9871730548782,1015.6031835571135,1028.0303955078125,1894018
2022-03-17 00:00:00+05:30,1041.3146923433492,1041.3146923433492,1020.5741452575343,1025.8021240234375,6987787
2022-03-21 00:00:00+05:30,1028.3732255431682,1036.9437164559038,998.5478753187491,1001.0762329101562,4046440
2022-03-22 00:00:00+05:30,1002.7474089891854,1012.8177355324528,996.1481730174411,1008.2325439453125,4516870
2022-03-23 00:00:00+05:30,1019.8880761895782,1020.6165467485276,1002.7471001191651,1011.91748046875,2338886
2022-03-24 00:00:00+05:30,1001.8904785768697,1023.3167078022091,1001.8904785768697,1021.6882934570312,2351703
2022-03-25 00:00:00+05:30,1027.6017763774507,1027.6017763774507,1007.3754404019929,1010.7607421875,2489854
2022-03-28 00:00:00+05:30,1015.517372968782,1017.8313634023312,992.6341020781525,997.5621337890625,3406258
2022-03-29 00:00:00+05:30,1000.1761085693007,1007.0325000590645,997.3050155570085,1000.7760009765625,2443230
2022-03-30 00:00:00+05:30,1009.0468354981224,1012.9892408190626,995.9768354467884,998.6336669921875,3073672
2022-03-31 00:00:00+05:30,1006.8610568856834,1006.8610568856834,995.0337406015037,997.390625,3006639
2022-04-01 00:00:00+05:30,995.0340746435968,1006.1757137222934,987.3635265105977,1002.4475708007812,2479745
2022-04-04 00:00:00+05:30,1005.4900151368938,1018.9885391715969,1001.0334014306819,1017.3602294921875,2282137
2022-04-05 00:00:00+05:30,1019.8882072996917,1031.0298431777555,1014.8315977848324,1024.55908203125,2634464
2022-04-06 00:00:00+05:30,1019.8881734777138,1024.0877339396084,1000.6045735590176,1003.1757202148438,2838968
2022-04-07 00:00:00+05:30,998.9764038277673,1011.960718536126,996.7480971056655,1005.5757446289062,3391918
2022-04-08 00:00:00+05:30,1010.4607636143204,1011.317812608056,996.3623495154645,998.7620239257812,2656091
2022-04-11 00:00:00+05:30,997.6048956064595,997.6048956064595,969.965069246229,971.4649047851562,5679058
2022-04-12 00:00:00+05:30,968.2939325914152,978.4927312636539,959.5091809715542,969.450927734375,2906617
2022-04-13 00:00:00+05:30,972.7507988385147,979.6928761264383,962.4662088948476,964.2659912109375,1971580
2022-04-18 00:00:00+05:30,951.3245617767188,953.6814469522917,929.5554923219206,944.25390625,4391701
2022-04-19 00:00:00+05:30,956.3810225632865,956.4238122421514,907.4006501349076,917.2567138671875,3422431
2022-04-20 00:00:00+05:30,921.3277835453839,938.297397592739,912.500135957267,933.6693115234375,2573318
2022-04-21 00:00:00+05:30,938.4687340846048,947.082119108549,926.5557310566501,942.0682983398438,2547848
2022-04-22 00:00:00+05:30,931.2695151877375,972.7078175390463,926.5557452184619,944.510986328125,9567571
2022-04-25 00:00:00+05:30,940.0970467250872,941.039779678678,923.2989076475844,934.0548095703125,3565801
2022-04-26 00:00:00+05:30,946.1822926996757,948.7534402341857,929.9412526214587,937.8689575195312,3213714
2022-04-27 00:00:00+05:30,931.6122487578209,942.6682016128491,920.9848203962417,938.9828491210938,3288792
2022-04-28 00:00:00+05:30,951.5306260726544,960.5057285543437,935.2361423308025,951.96630859375,5202061
2022-04-29 00:00:00+05:30,953.273287746844,958.9371601146269,936.1509446229874,940.420654296875,2988180
2022-05-02 00:00:00+05:30,934.974852303392,942.8171390421903,925.3898351781942,929.6595458984375,2584604
2022-05-04 00:00:00+05:30,937.5016481574172,937.5887633860306,902.5599320594348,910.5328369140625,3385725
2022-05-05 00:00:00+05:30,922.7754952783084,936.8915651235505,912.4062309511031,934.1468505859375,2982126
2022-05-06 00:00:00+05:30,914.8461982478584,920.7279124059463,896.5910364105913,915.1075439453125,4075606
2022-05-09 00:00:00+05:30,909.7050474447533,943.6011667504973,901.0785127902524,937.6758422851562,4207192
2022-05-10 00:00:00+05:30,934.9747133330981,945.4310940973079,929.3979556519583,934.5826416015625,2473518
2022-05-11 00:00:00+05:30,931.4893720932936,940.4644759430975,918.4625052739153,924.4313354492188,2895668
2022-05-12 00:00:00+05:30,915.0203475818041,933.1882862079062,909.4872012120612,923.1240844726562,3195189
2022-05-13 00:00:00+05:30,932.3606697038349,939.3315905988169,910.6636571446413,916.8068237304688,2496626
2022-05-16 00:00:00+05:30,918.4188058040279,929.7029411840032,906.3939250025442,910.1844482421875,1415370
2022-05-17 00:00:00+05:30,922.0784762346723,946.3024677726604,910.8814563379954,943.6012573242188,2620776
2022-05-18 00:00:00+05:30,944.1675022179791,956.1922743010097,933.0575994808617,935.58447265625,2865869
2022-05-19 00:00:00+05:30,919.3773124866664,922.1657446781551,875.3733741349541,879.5559692382812,4729354
2022-05-20 00:00:00+05:30,896.6345101923404,901.4270172924938,886.0038474424939,896.5037841796875,2005622
2022-05-23 00:00:00+05:30,891.4064002821415,903.6055103544288,884.2176389895436,887.3109741210938,2285466
2022-05-24 00:00:00+05:30,890.5785564349953,890.8835660846566,860.0372248909953,864.1762084960938,3418456
2022-05-25 00:00:00+05:30,864.394068443932,865.0911497978329,839.1244837817607,849.1016235351562,3904551
2022-05-26 00:00:00+05:30,851.3235465066165,859.1658309677829,844.3961845958071,854.547607421875,4278059
2022-05-27 00:00:00+05:30,861.7800667294995,880.4708583888765,861.7800667294995,874.763427734375,2795530
2022-05-30 00:00:00+05:30,887.9209570974335,917.8523243187673,885.0019055483475,906.1325073242188,3562969
2022-05-31 00:00:00+05:30,910.5763478110738,911.2734822990973,889.1843495112385,906.873046875,5185485
2022-06-01 00:00:00+05:30,906.8731949538036,910.9685682282357,881.4293243192799,886.9625244140625,2554081
2022-06-02 00:00:00+05:30,881.298624069167,913.974813118836,877.7259954893956,905.9581909179688,3560227
2022-06-03 00:00:00+05:30,918.3751449121496,932.0556399137324,906.3938755658191,908.833740234375,3556955
2022-06-06 00:00:00+05:30,904.4768563030196,912.624097656082,889.7943775489239,903.866943359375,1997494
2022-06-07 00:00:00+05:30,897.505945094973,900.7735638271149,882.8234661987749,891.3192749023438,1839248
2022-06-08 00:00:00+05:30,891.4934449724941,900.8171136107156,885.3067751988946,897.6801147460938,1665512
2022-06-09 00:00:00+05:30,893.1055364778149,898.9872503745106,881.5600031237568,896.3296508789062,1654005
2022-06-10 00:00:00+05:30,881.8213052164247,892.0598430981371,878.5101291340114,884.7403564453125,2260855
2022-06-13 00:00:00+05:30,867.8795924909402,873.1077828071508,856.1161642794667,864.2198486328125,1738804
2022-06-14 00:00:00+05:30,860.9087088208626,872.192897371844,852.3257839589127,868.6638793945312,2461791
2022-06-15 00:00:00+05:30,861.7800811935884,877.4646529443312,860.908716096325,862.5643310546875,2408630
2022-06-16 00:00:00+05:30,877.4646208309168,877.4646208309168,837.9482363897987,840.82373046875,3198618
2022-06-17 00:00:00+05:30,829.8880570715145,839.2552309321068,822.6121273252729,835.4212036132812,4302066
2022-06-20 00:00:00+05:30,840.867283801687,841.7386488626214,829.6266532420723,836.5540161132812,1305407
2022-06-21 00:00:00+05:30,846.7054136154394,871.2779181947926,839.6909357331518,859.688720703125,2128325
2022-06-22 00:00:00+05:30,852.1514374264331,853.0663600665374,835.7697855818537,837.6431884765625,2575065
2022-06-23 00:00:00+05:30,838.340282082949,851.7593249464588,835.2905044488696,846.3132934570312,2169033
2022-06-24 00:00:00+05:30,857.4233001753396,857.902540366908,836.5105367564288,842.3486938476562,1922313
2022-06-27 00:00:00+05:30,859.2966151968479,877.2902705191973,857.5974428117029,864.6990356445312,3626024
2022-06-28 00:00:00+05:30,862.5642106298978,877.4645304392698,856.7696122685323,873.0641479492188,2702471
2022-06-29 00:00:00+05:30,858.3816855278961,871.5828872481546,858.2945702968581,860.5165405273438,3150015
2022-06-30 00:00:00+05:30,862.6515189522861,868.3589501833198,845.1806579173575,848.05615234375,3741119
2022-07-01 00:00:00+05:30,840.4315749167059,855.2012228731733,840.1701760434032,849.8858642578125,2827579
2022-07-04 00:00:00+05:30,849.8857969292008,862.2156324515614,848.2302354068374,857.9459228515625,2738846
2022-07-05 00:00:00+05:30,860.3858234829931,873.6741397516723,852.5870960852508,855.8111572265625,2476050
2022-07-06 00:00:00+05:30,855.6804628229323,870.4936683911501,853.9812903709743,859.688720703125,2998254
2022-07-07 00:00:00+05:30,868.7509109490359,872.1492557458666,858.2509732639141,862.5206298828125,2985141
2022-07-08 00:00:00+05:30,870.4936052866232,870.4936052866232,853.1970319005829,857.031005859375,3141642
2022-07-11 00:00:00+05:30,849.5808931075844,853.1970792082177,819.0831174575685,822.1764526367188,5787815
2022-07-12 00:00:00+05:30,814.7261078575035,826.5330905485004,805.4896620259362,808.4522705078125,5305354
2022-07-13 00:00:00+05:30,810.3694111681932,815.5976009176654,788.585287212059,799.6951904296875,12874342
2022-07-14 00:00:00+05:30,807.0147112359191,808.2345903183427,777.518974250564,786.8425903320312,4916497
2022-07-15 00:00:00+05:30,780.7429775535211,788.5852619262685,764.4920003297699,769.5459594726562,5591590
2022-07-18 00:00:00+05:30,779.8716444815656,790.7637065553305,774.5127286677146,784.4898681640625,5156225
2022-07-19 00:00:00+05:30,784.2255165641125,790.8341585576303,779.8197552351006,783.961181640625,4636293
2022-07-20 00:00:00+05:30,797.0902879890858,809.6026604465575,788.7193417805239,808.3690795898438,4827089
2022-07-21 00:00:00+05:30,811.5413124714079,816.7841796980257,804.9767167228496,814.581298828125,3498709
2022-07-22 00:00:00+05:30,818.9429974653528,821.1458782915656,800.967468410949,810.8804321289062,3514659
2022-07-25 00:00:00+05:30,810.8803071859032,821.2338454737971,805.3731059689385,820.0443115234375,2120224
2022-07-26 00:00:00+05:30,818.1499635793501,819.1633103025387,802.8178910530764,804.9326782226562,2780103
2022-07-27 00:00:00+05:30,803.6990830137685,818.8989619229651,802.8179306132354,818.10595703125,1742497
2022-07-28 00:00:00+05:30,824.6704319505573,836.2135051882786,821.8507339270726,833.6581420898438,2843497
2022-07-29 00:00:00+05:30,843.262763870535,850.9287997528845,834.5834350966009,835.6848754882812,3617725
2022-08-01 00:00:00+05:30,840.6193681984889,842.8222491424052,832.8652380321579,838.9892578125,2489519
2022-08-02 00:00:00+05:30,838.9892583808373,840.4871743986968,829.2084347144593,838.0199584960938,2545241
2022-08-03 00:00:00+05:30,837.9758100054423,847.4922437792193,837.1387045914548,843.43896484375,4119614
2022-08-04 00:00:00+05:30,850.3119055187733,854.6736198318323,833.3937718755149,844.23193359375,3513266
2022-08-05 00:00:00+05:30,848.4616624000676,850.2680140530136,841.5005369691742,843.9237060546875,2565683
2022-08-08 00:00:00+05:30,843.9236291635148,852.9554403866168,837.1387455860038,851.2371826171875,1746911
2022-08-10 00:00:00+05:30,851.2371326547931,852.0742380606405,835.4204387825228,838.9010009765625,3271939
2022-08-11 00:00:00+05:30,850.3118815064898,853.3959142373425,844.8046802013961,847.976806640625,3594584
2022-08-12 00:00:00+05:30,849.4309287413931,849.4309287413931,840.6194045843247,842.7341918945312,3022304
2022-08-16 00:00:00+05:30,853.8365633067117,853.8365633067117,839.4297449739506,844.3201293945312,2784861
2022-08-17 00:00:00+05:30,848.5496034830995,866.0845544964503,841.5003855933127,864.057861328125,4649125
2022-08-18 00:00:00+05:30,866.5692955489893,866.5692955489893,853.0435746111852,857.8018188476562,2829269
2022-08-19 00:00:00+05:30,858.6829796003964,869.7414310237058,851.8980956343697,854.7618408203125,2880969
2022-08-22 00:00:00+05:30,850.3118928570133,854.7176539598994,841.6766118516093,845.4215087890625,3616799
2022-08-23 00:00:00+05:30,837.0506630183061,837.9758622045492,827.4020342902962,834.3631591796875,3753715
2022-08-24 00:00:00+05:30,837.0065673310891,840.4430289339917,831.9399417510734,836.345703125,1494361
2022-08-25 00:00:00+05:30,840.5313246454482,840.5313246454482,830.6183598061091,831.6316528320312,3316314
2022-08-26 00:00:00+05:30,835.8170282271152,842.381623813295,831.5875078177795,833.26171875,2195046
2022-08-29 00:00:00+05:30,804.1396681029319,812.4225222720112,793.1252629745152,808.4573364257812,4974880
2022-08-30 00:00:00+05:30,816.7401568773618,832.9092814258571,813.9204585246378,827.3580322265625,2998417
2022-09-01 00:00:00+05:30,808.2810665852845,820.3528649351063,807.355867343492,815.9911499023438,2953921
2022-09-02 00:00:00+05:30,820.5290771768568,825.6397500387721,809.7790077754873,814.581298828125,1750283
2022-09-05 00:00:00+05:30,815.9470823891143,830.3098550485646,812.8630491403433,824.7586059570312,2279812
2022-09-06 00:00:00+05:30,824.7586020488886,830.83857479445,816.8722777367182,826.3446655273438,2108615
2022-09-07 00:00:00+05:30,816.8282386742512,821.7186235217099,813.3917229537277,820.9696655273438,2709547
2022-09-08 00:00:00+05:30,825.111109116987,829.076294822049,817.7094076216952,820.3969116210938,3214686
2022-09-09 00:00:00+05:30,827.4020024421785,839.7381345339682,823.2605759122526,835.77294921875,2206526
2022-09-12 00:00:00+05:30,841.6327397643756,848.9903408215177,840.1788167860063,841.9851684570312,2517615
2022-09-13 00:00:00+05:30,841.500544870038,845.7300656482084,837.4913121926189,841.85302734375,2442828
2022-09-14 00:00:00+05:30,822.3794349934467,826.9173908739075,816.431656938362,821.2339477539062,6761712
2022-09-15 00:00:00+05:30,825.1991281374651,825.3753693535451,807.3998409387375,810.572021484375,2995215
2022-09-16 00:00:00+05:30,806.3425335596553,808.8978970126187,787.2215696509339,790.3056030273438,5095937
2022-09-19 00:00:00+05:30,791.2307050974487,799.3373168759629,782.0226529626491,791.0985107421875,2686561
2022-09-20 00:00:00+05:30,795.0636767047483,811.4090404385778,794.7993417819167,805.3731689453125,1836721
2022-09-21 00:00:00+05:30,800.9674104991035,805.152883766288,792.0236934788238,793.8741455078125,1819649
2022-09-22 00:00:00+05:30,790.9223300214242,797.3547852191215,784.0053055674206,790.9664306640625,2315711
2022-09-23 00:00:00+05:30,789.9530805977487,804.1396118990982,785.9878950286579,789.3803100585938,2569608
2022-09-26 00:00:00+05:30,785.3269821969465,808.3691362025254,777.1763234756879,798.9407958984375,4182702
2022-09-27 00:00:00+05:30,802.9500732421875,811.9378379046916,799.7338456749916,809.5587158203125,3545337
2022-09-28 00:00:00+05:30,804.4920738809101,816.7841595885756,803.478727193196,811.3650512695312,4154139
2022-09-29 00:00:00+05:30,816.8282187474108,820.3528281055443,807.6642129037558,813.34765625,2928360
2022-09-30 00:00:00+05:30,812.3343595185154,824.3620566279742,801.8926720752535,821.5423583984375,3229901
2022-10-03 00:00:00+05:30,821.5422316023385,821.9828077020408,807.1354146545787,819.6918334960938,1598950
2022-10-04 00:00:00+05:30,830.4860961462427,837.9758911778005,825.6838050462251,833.5701293945312,2331351
2022-10-06 00:00:00+05:30,841.9409880424752,852.9113444827983,841.9409880424752,849.9154052734375,3713623
2022-10-07 00:00:00+05:30,850.3118557395829,857.317026343638,841.5003339184474,843.8794555664062,2174327
2022-10-10 00:00:00+05:30,830.221653515345,852.2064127186785,830.221653515345,848.7698974609375,2758812
2022-10-11 00:00:00+05:30,853.0434914893607,856.4800068565386,824.7585251211112,827.0494995117188,3134969
2022-10-12 00:00:00+05:30,831.1910192940712,849.3427903723723,831.1910192940712,838.8570556640625,3502390
2022-10-13 00:00:00+05:30,856.5240689527665,871.503657816563,854.1009001659759,865.379638671875,9698562
2022-10-14 00:00:00+05:30,885.5580036721547,901.418744036432,875.8653290050962,883.399169921875,7424383
2022-10-17 00:00:00+05:30,886.1749273376521,887.1441734081599,873.3100707852178,876.3941040039062,2136170
2022-10-18 00:00:00+05:30,881.1522992237008,893.1800496206116,880.3592406418921,889.2589111328125,2487826
2022-10-19 00:00:00+05:30,895.7557108773333,895.7557108773333,884.6310746269938,886.0995483398438,2517099
2022-10-20 00:00:00+05:30,881.0712557536162,907.1473941761583,879.2913138228008,905.4564819335938,3931399
2022-10-21 00:00:00+05:30,909.9954021606161,916.5812096840128,900.294695950117,914.17822265625,2071897
2022-10-24 00:00:00+05:30,921.1198558088773,924.5462219505067,916.670001432989,918.0939331054688,398105
2022-10-25 00:00:00+05:30,922.0098381655656,923.1223017733909,908.5712995108415,913.5551147460938,3068136
2022-10-27 00:00:00+05:30,917.5599329663044,923.3002014094678,907.4142436964872,918.4944458007812,3313674
2022-10-28 00:00:00+05:30,918.405566078193,925.3473836065496,912.6652963582752,916.670166015625,2423629
2022-10-31 00:00:00+05:30,924.6797415694807,936.6943484137425,922.3658390161683,926.5932006835938,2418565
2022-11-01 00:00:00+05:30,933.579534784366,945.0156398649285,930.0196509529671,943.4137573242188,2275488
2022-11-02 00:00:00+05:30,947.774496634654,949.0204776620761,927.7946927499902,930.1975708007812,2799322
2022-11-03 00:00:00+05:30,920.2300000151836,933.7575155539895,919.4290043995487,930.1531982421875,2396164
2022-11-04 00:00:00+05:30,930.1530429403747,933.5794089384174,919.7403189537421,930.3309936523438,1709158
2022-11-07 00:00:00+05:30,932.7784733282396,939.542230402482,924.3682918260407,931.9330444335938,2213508
2022-11-09 00:00:00+05:30,944.1701432662492,944.6595620745827,933.7574186219991,937.539794921875,2307691
2022-11-10 00:00:00+05:30,934.4694560334599,945.5051170515652,931.8440853030719,936.6498413085938,2321667
2022-11-11 00:00:00+05:30,953.1588395345962,977.8109901547169,951.4678730867948,970.6467895507812,3923101
2022-11-14 00:00:00+05:30,974.5181193885421,981.5933444709589,970.1128069619843,978.0780029296875,2170007
2022-11-15 00:00:00+05:30,973.1831242081712,984.3967351872927,969.0892800270976,982.4388427734375,2172420
2022-11-16 00:00:00+05:30,985.6429241076507,990.0482372880001,978.389638423655,983.595947265625,2213697
2022-11-17 00:00:00+05:30,974.6070680313846,979.5019077662724,969.2672428660526,972.3377075195312,2460883
2022-11-18 00:00:00+05:30,977.2324719565299,984.307696299825,964.7283388689062,981.7713012695312,2623894
2022-11-21 00:00:00+05:30,977.9891188208954,984.619359079308,972.3822582648299,974.9631958007812,1733741
2022-11-22 00:00:00+05:30,971.0472111405056,984.2188236974359,968.2883231241149,981.993896484375,2529146
2022-11-23 00:00:00+05:30,986.9331697139557,989.2026389268876,978.7454810255012,981.993896484375,2217599
2022-11-24 00:00:00+05:30,984.3078049031938,1010.116960727961,982.0828776769207,1005.3110961914062,3295202
2022-11-25 00:00:00+05:30,1010.2949822168072,1012.3865008672245,997.3459700362962,1004.065185546875,1977441
2022-11-28 00:00:00+05:30,1001.2173616316484,1008.1146367895553,994.0975937267123,995.6995849609375,2368293
2022-11-29 00:00:00+05:30,995.6993057895215,1013.4541785687794,995.0318277355794,1004.732421875,1785948
2022-11-30 00:00:00+05:30,1002.9972072931998,1005.5781446387073,994.0974982666409,997.4794311523438,6053488
2022-12-01 00:00:00+05:30,1005.6671404535787,1024.045061694983,1004.2432087081756,1011.3629760742188,3919684
2022-12-02 00:00:00+05:30,1011.3628377287039,1014.9227209247648,1000.1936607454575,1010.6063842773438,2944923
2022-12-05 00:00:00+05:30,1008.559474736027,1016.3021777443089,1003.1751075900124,1006.4235229492188,2646466
2022-12-06 00:00:00+05:30,998.1913568266301,1001.2172796663161,985.1978031916551,997.6128540039062,2807894
2022-12-07 00:00:00+05:30,991.4276763493218,993.741579180319,980.7480245394547,984.2189331054688,2399879
2022-12-08 00:00:00+05:30,991.2049093663794,991.2049093663794,977.8998902899707,980.1692504882812,1752350
2022-12-09 00:00:00+05:30,956.7187485149597,956.7187485149597,908.3933379422465,914.4451293945312,12415478
2022-12-12 00:00:00+05:30,912.220110133913,924.8132192357605,901.0509869664191,915.2460327148438,4275785
2022-12-13 00:00:00+05:30,918.5389517714729,931.7105646561982,917.6489808641003,929.7525634765625,2284909
2022-12-14 00:00:00+05:30,930.0197335649456,940.966420774485,930.0197335649456,939.9873657226562,2425507
2022-12-15 00:00:00+05:30,935.8489301605146,936.0714228823788,922.9887856533533,927.6611328125,1906369
2022-12-16 00:00:00+05:30,916.6701106937575,931.3100898798056,909.8618109593414,916.358642578125,5159215
2022-12-19 00:00:00+05:30,916.3585654298632,923.3448153167436,910.7517052643774,919.5624389648438,3328172
2022-12-20 00:00:00+05:30,914.0001979774997,919.6514919820754,900.2056477645968,916.403076171875,2629849
2022-12-21 00:00:00+05:30,921.1199636094703,937.3619339822943,921.1199636094703,925.8812866210938,2878658
2022-12-22 00:00:00+05:30,930.9096201535025,938.6078906521769,919.8739585691917,924.768798828125,2623451
2022-12-23 00:00:00+05:30,916.2250942088853,929.2186483678682,914.0891421983189,917.2040405273438,2177675
2022-12-26 00:00:00+05:30,917.5601081843315,927.1272965092409,915.7801661703949,918.1830444335938,1680715
2022-12-27 00:00:00+05:30,924.6798559774053,926.2373052054712,916.9815852080152,922.3214111328125,554319
2022-12-28 00:00:00+05:30,916.6700874728232,924.0568898857416,913.555189117333,921.5203857421875,1397806
2022-12-29 00:00:00+05:30,916.670174286658,930.9097109746061,914.9792075771555,929.5302124023438,1277244
2022-12-30 00:00:00+05:30,934.4693606231469,939.1417074262628,920.4968622103883,924.9467163085938,1860560
2023-01-02 00:00:00+05:30,924.7687931255366,927.7947160856608,918.0050356281622,925.0802612304688,701880
2023-01-03 00:00:00+05:30,924.6798301999394,930.7316762016159,919.7849899053294,926.771240234375,2484372
2023-01-04 00:00:00+05:30,922.187752138909,927.349626529132,918.0049325957771,922.5437622070312,1219170
2023-01-05 00:00:00+05:30,927.1717599704828,934.2915274230829,919.428947682362,929.2186279296875,2294943
2023-01-06 00:00:00+05:30,929.1296179109572,932.6005261424527,912.442663566292,919.1619873046875,1887689
2023-01-09 00:00:00+05:30,929.9749847362378,953.1587685472666,925.6142145364521,949.9993286132812,4562242
2023-01-10 00:00:00+05:30,944.2591977288965,954.582839237334,940.076377631894,946.7955932617188,2297082
2023-01-11 00:00:00+05:30,951.3788761199326,960.8125457736725,934.9589567463441,938.7413330078125,3594167
2023-01-12 00:00:00+05:30,944.2590931929614,956.2736999395258,944.2590931929614,953.7373046875,4748542
2023-01-13 00:00:00+05:30,929.040657684884,964.7284695636298,926.4597203097219,959.210693359375,8253765
2023-01-16 00:00:00+05:30,967.3982620298474,979.3683258643075,959.8780522065641,973.3610229492188,4508538
2023-01-17 00:00:00+05:30,977.0991066262461,991.3830748817753,974.5181691991911,988.80224609375,4390338
2023-01-18 00:00:00+05:30,995.8328739695154,1001.9736947770228,991.5165369239058,992.4510498046875,6905092
2023-01-19 00:00:00+05:30,989.9365610778538,999.814823347573,986.7036971685377,998.063720703125,2298287
2023-01-20 00:00:00+05:30,997.7493266857614,1007.043850530997,994.1572317023243,994.8307495117188,4747128
2023-01-23 00:00:00+05:30,997.7045192256395,1008.3910251993619,995.1451731214338,1006.8643188476562,1696834
2023-01-24 00:00:00+05:30,1011.085065191597,1027.0698237990005,1006.8642873628057,1021.81640625,4861107
2023-01-25 00:00:00+05:30,1019.1224767649142,1019.1224767649142,1002.8682648907842,1008.2564086914062,2692236
2023-01-27 00:00:00+05:30,1008.2563420813776,1018.6285620611653,992.3164177242684,1001.83544921875,3864525
2023-01-30 00:00:00+05:30,1001.8354136323608,1023.7022730774437,993.0348454252637,1019.0325927734375,3508427
2023-01-31 00:00:00+05:30,1020.1550403989444,1021.6816370155116,999.5004929260784,1007.7622680664062,4582858
2023-02-01 00:00:00+05:30,1021.0531710516626,1021.0531710516626,1000.8026883222634,1016.65283203125,2393911
2023-02-02 00:00:00+05:30,1021.771669551252,1037.6666492346237,1019.2571587029838,1032.3682861328125,3048359
2023-02-03 00:00:00+05:30,1036.3193616622225,1038.6991464188693,1022.4897745995155,1029.2698974609375,1814055
2023-02-06 00:00:00+05:30,1019.4367155864536,1032.5927880092156,1012.9709871767034,1028.865966796875,2070175
2023-02-07 00:00:00+05:30,1030.7964321723964,1035.421275927702,1011.0848567613525,1013.1951904296875,1931191
2023-02-08 00:00:00+05:30,1018.2691410245203,1031.8292775782957,1017.1914467629648,1028.2371826171875,2848255
2023-02-09 00:00:00+05:30,1027.3394945467946,1034.5236868163527,1021.9513503446261,1029.4498291015625,1501083
2023-02-10 00:00:00+05:30,1010.9951506965798,1014.7668064824788,987.826094805953,1001.8801879882812,3185163
2023-02-13 00:00:00+05:30,1006.9093690856769,1006.9093690856769,992.3164796786381,999.5006713867188,2009185
2023-02-14 00:00:00+05:30,1006.684624291977,1025.9023544767315,1003.9905530405266,1010.6807861328125,3938046
2023-02-15 00:00:00+05:30,1010.2768662701384,1018.8978736045657,1005.4275153876306,1017.3712768554688,1648954
2023-02-16 00:00:00+05:30,1022.4902038593998,1034.6584740909573,1009.3790741094407,1013.1058959960938,2369355
2023-02-17 00:00:00+05:30,1007.3132451414535,1007.3132451414535,994.6062961633186,996.40234375,1958807
2023-02-20 00:00:00+05:30,996.4023511906308,1018.9875620641685,994.6511390073122,1001.9251098632812,1706036
2023-02-21 00:00:00+05:30,1006.6848550740806,1007.6278240770794,990.6102043309111,992.4960327148438,1313278
2023-02-22 00:00:00+05:30,983.3361263556246,992.810321924128,978.8909520990027,981.1808471679688,2212194
2023-02-23 00:00:00+05:30,992.1367953963817,998.5575782396206,981.0910581695421,982.7523803710938,2139983
2023-02-24 00:00:00+05:30,985.1321892681367,991.8673683196508,971.6618311651083,983.201416015625,1684570
2023-02-27 00:00:00+05:30,978.8459909425052,978.8459909425052,966.2736571138859,973.4129028320312,1834553
2023-02-28 00:00:00+05:30,973.0088730653367,985.0424149704359,959.1792834019259,967.7105102539062,20793703
2023-03-01 00:00:00+05:30,967.4860791684551,991.4184393247564,967.4860791684551,988.8141479492188,1655100
2023-03-02 00:00:00+05:30,979.1153276883808,1003.0925177004444,979.1153276883808,993.1693115234375,4074162
2023-03-03 00:00:00+05:30,1001.2965157161982,1014.4974214467783,997.7493656304157,1004.8886108398438,3253621
2023-03-06 00:00:00+05:30,1013.8688432604986,1030.9312950071323,1008.7501515853256,1011.8033447265625,4091674
2023-03-08 00:00:00+05:30,998.6024337812277,1009.3787190378596,994.3817659045304,1006.370361328125,3209393
2023-03-09 00:00:00+05:30,1007.5378421090968,1011.8034555128136,1000.4435411984538,1002.7783813476562,1834324
2023-03-10 00:00:00+05:30,992.3163975316932,1004.1254335986762,992.3163975316932,1002.464111328125,1193681
2023-03-13 00:00:00+05:30,1006.6399052007624,1017.9999301185982,983.3362274939107,986.569091796875,3028387
2023-03-14 00:00:00+05:30,986.5242154164699,990.8796094786795,957.2934931419695,973.5028686523438,3683544
2023-03-15 00:00:00+05:30,983.3811034867239,985.9404496459325,965.8246926081574,969.551513671875,1528510
2023-03-16 00:00:00+05:30,973.4130042709403,976.6459781471331,960.5713277238564,963.0408935546875,1812907
2023-03-17 00:00:00+05:30,977.2295667573798,1003.1824794615371,973.5028552600111,995.41455078125,5350523
2023-03-20 00:00:00+05:30,992.3164354416056,995.2799582379026,975.47848687642,979.609375,2066169
2023-03-21 00:00:00+05:30,986.9283035425392,989.9816068427884,967.2615574620015,973.3681640625,2421127
2023-03-22 00:00:00+05:30,980.5970970847449,992.9898700373553,969.0126771418871,971.1678466796875,1382329
2023-03-23 00:00:00+05:30,967.1717174464573,970.2250205587216,952.8033353859713,957.2036743164062,2178855
2023-03-24 00:00:00+05:30,963.5797756041828,978.846183978154,940.276096082156,944.4967651367188,2688253
2023-03-27 00:00:00+05:30,945.8885815335465,956.8444288456037,938.2553786755572,944.2720947265625,1459887
2023-03-28 00:00:00+05:30,949.0316575395974,955.3178245492828,933.3610754350786,934.9326171875,2965015
2023-03-29 00:00:00+05:30,939.3329294816672,960.8855014774225,935.830614607947,958.6404418945312,2478745
2023-03-31 00:00:00+05:30,972.9192438958785,985.0425681497226,960.3469076326327,974.58056640625,3131614
2023-04-03 00:00:00+05:30,978.8010556176667,987.1527213069743,977.049952951547,986.1649169921875,1540702
2023-04-05 00:00:00+05:30,974.6701391881965,999.5005199413376,957.4281255501576,997.884033203125,3342291
2023-04-06 00:00:00+05:30,995.9533383022969,995.9533383022969,974.759888944589,980.5072631835938,2378264
2023-04-10 00:00:00+05:30,980.5072180758352,992.3162524158712,980.1929316849986,990.6099853515625,711625
2023-04-11 00:00:00+05:30,991.4183838115225,996.7167467363761,974.3559297423025,976.1519775390625,2318905
2023-04-12 00:00:00+05:30,980.6421471705117,985.5363338180958,969.9556403089845,982.88720703125,2715967
2023-04-13 00:00:00+05:30,977.9480064847543,977.9480064847543,954.5993855769456,962.546875,3071057
2023-04-17 00:00:00+05:30,947.4152828243477,947.4152828243477,912.6168541898043,935.9205322265625,9509446
2023-04-18 00:00:00+05:30,942.521055562572,957.6527367941567,938.614563786075,955.3627319335938,3686404
2023-04-19 00:00:00+05:30,964.4326218516196,964.4326218516196,930.7567291529218,932.7772827148438,4322881
2023-04-20 00:00:00+05:30,933.9447053840362,940.4104325724941,926.6257898549359,931.6996459960938,3057560
2023-04-21 00:00:00+05:30,946.517119868991,964.4775965268467,931.9242325844833,941.9820556640625,7708194
2023-04-24 00:00:00+05:30,949.2111992340741,950.9174664551208,939.3329369903894,946.5620727539062,2033625
2023-04-25 00:00:00+05:30,943.3290609126482,950.8276473724902,937.8960826725418,946.0231323242188,1237595
2023-04-26 00:00:00+05:30,947.415208364408,958.1914950946193,941.1290411051181,956.889404296875,1647101
2023-04-27 00:00:00+05:30,956.8893037950561,965.3755848549628,952.8032516568516,962.0079956054688,1654910
2023-04-28 00:00:00+05:30,968.127578746339,976.1652884093312,962.4647229579722,971.9180908203125,2629188
2023-05-02 00:00:00+05:30,971.9181996686384,981.6913376824261,971.8268848545001,975.0693969726562,1905168
2023-05-03 00:00:00+05:30,969.9999372904736,971.82667916861,963.6063407169959,967.214111328125,1649820
2023-05-04 00:00:00+05:30,964.5654781703421,975.4345037502536,957.486853000905,974.3842163085938,1403672
2023-05-05 00:00:00+05:30,974.3842496684459,977.2612791878158,960.9576287642808,964.1088256835938,1641673
2023-05-08 00:00:00+05:30,966.3466229501946,984.1573593845318,963.6065096526042,982.5589599609375,1389075
2023-05-09 00:00:00+05:30,978.220375492354,988.8154571668433,973.6992334811306,985.52734375,2981949
2023-05-10 00:00:00+05:30,990.2313826737865,994.4785809409199,979.2252154057372,984.88818359375,2091411
2023-05-11 00:00:00+05:30,988.404476261334,997.9491588672289,986.4864194093703,993.8389892578125,2653108
2023-05-12 00:00:00+05:30,991.9209366575978,1007.8136148478943,984.1115697680381,1000.5979614257812,1585037
2023-05-15 00:00:00+05:30,1003.7490559359061,1010.1426531912305,998.1319132579757,1004.4797973632812,1523466
2023-05-16 00:00:00+05:30,1004.890708398949,1009.5489895970475,993.8389418312341,996.2136840820312,1166324
2023-05-17 00:00:00+05:30,996.0311759816348,999.1822616513293,970.6394150218694,981.4629516601562,3602382
2023-05-18 00:00:00+05:30,988.221708887152,991.0075350354449,980.0470830350529,986.349365234375,1515743
2023-05-19 00:00:00+05:30,994.2958043526938,1008.3617422593979,988.6785495219856,1000.4610595703125,1984436
2023-05-22 00:00:00+05:30,1000.4609112812875,1024.7109561410955,994.61531453118,1022.8385009765625,1864932
2023-05-23 00:00:00+05:30,1022.9756142677252,1033.3423537739288,1008.3616769210435,1011.4214477539062,2138096
2023-05-24 00:00:00+05:30,1003.8402857956096,1018.4085063783511,1002.8812017967978,1015.6226806640625,1302744
2023-05-25 00:00:00+05:30,1013.1111148378835,1021.3771673633207,1007.4939721279167,1019.3220825195312,1124803
2023-05-26 00:00:00+05:30,1018.408792727558,1041.562728182399,1017.4954216130042,1040.5123291015625,1635167
2023-05-29 00:00:00+05:30,1046.72309483266,1048.5041235633735,1026.994304873129,1028.6383056640625,1288914
2023-05-30 00:00:00+05:30,1031.1958237411475,1044.896388272695,1030.328165919008,1037.452392578125,1983735
2023-05-31 00:00:00+05:30,1036.4934685250205,1053.4364338923072,1034.0272998964972,1045.901123046875,5967930
2023-06-01 00:00:00+05:30,1048.5499344963812,1055.0805596105038,1039.0965667065955,1042.9783935546875,1445692
2023-06-02 00:00:00+05:30,1048.5499522583302,1051.3813801787455,1033.5706449269708,1038.548583984375,1336554
2023-06-05 00:00:00+05:30,1044.896477987988,1049.0066477003531,1037.5895096104496,1039.6903076171875,1435758
2023-06-06 00:00:00+05:30,1032.1091859804958,1034.20998378909,1017.2669078635196,1030.8304443359375,1943605
2023-06-07 00:00:00+05:30,1035.5802120033457,1035.5802120033457,1019.5047912261307,1031.24169921875,2459039
2023-06-08 00:00:00+05:30,1031.2415449130237,1033.2509164617627,1021.4228069223374,1029.1407470703125,1385218
2023-06-09 00:00:00+05:30,1031.2871087565163,1033.0225358461576,1010.1425491410297,1013.6134033203125,1824218
2023-06-12 00:00:00+05:30,1016.5361466913888,1042.1105331023762,1015.2118034218676,1040.9232177734375,1670970
2023-06-13 00:00:00+05:30,1045.7640554988122,1045.7640554988122,1031.4698889054084,1033.296630859375,2014656
2023-06-14 00:00:00+05:30,1039.416162460076,1039.78153314668,1028.5014239814684,1037.452392578125,836964
2023-06-15 00:00:00+05:30,1041.2431360799012,1047.6367342839005,1038.0920501347032,1044.53125,2109652
2023-06-16 00:00:00+05:30,1050.3766563534507,1054.2584831269307,1034.346950608298,1048.7325439453125,2909817
2023-06-19 00:00:00+05:30,1048.7324379827412,1053.9387190854868,1037.086958838945,1039.005126953125,1278608
2023-06-20 00:00:00+05:30,1034.8495499228554,1069.32931206724,1034.3928643315392,1067.4112548828125,3504867
2023-06-21 00:00:00+05:30,1073.2110589481417,1073.8503741297418,1061.0175768753622,1069.05517578125,2019683
2023-06-22 00:00:00+05:30,1068.7809762039642,1069.0549205754692,1058.4598404814542,1062.61572265625,972005
2023-06-23 00:00:00+05:30,1061.2458994048943,1069.1465816893322,1051.290132153172,1064.21435546875,1699790
2023-06-26 00:00:00+05:30,1066.1322529631457,1074.0785357162324,1062.2961395296857,1066.360595703125,1190307
2023-06-27 00:00:00+05:30,1065.9041735526841,1072.7087442869304,1059.6932048926496,1068.644287109375,1504039
2023-06-28 00:00:00+05:30,1071.7950567861471,1072.2517422441488,1065.4471735181119,1068.872314453125,1424076
2023-06-30 00:00:00+05:30,1068.9637547894772,1090.5650017890014,1064.0772421140591,1085.0390625,3036648
2023-07-03 00:00:00+05:30,1086.9115972687903,1091.4784527194995,1072.7543453715919,1079.2392578125,1749952
2023-07-04 00:00:00+05:30,1079.6045044827981,1089.6515853197784,1076.4534191821197,1087.45947265625,1094468
2023-07-05 00:00:00+05:30,1090.565156916742,1098.420126535132,1084.7195592371831,1091.2958984375,1653610
2023-07-06 00:00:00+05:30,1091.2956815086804,1094.2184240197232,1073.1651785253252,1078.3714599609375,2334220
2023-07-07 00:00:00+05:30,1076.0880557754251,1080.4721696366862,1053.847494434791,1057.3182373046875,2159585
2023-07-10 00:00:00+05:30,1059.510363981214,1061.2457911868316,1022.9755238439305,1027.085693359375,3960400
2023-07-11 00:00:00+05:30,1033.7074764834815,1033.7074764834815,1015.6684018993873,1018.3171997070312,4982603
2023-07-12 00:00:00+05:30,1022.7013709029535,1027.0855959016121,1006.9457225887669,1014.3441162109375,3824027
2023-07-13 00:00:00+05:30,1004.708079341296,1026.9943535821446,992.8799697326978,1012.7457885742188,12294227
2023-07-14 00:00:00+05:30,1017.6779980597555,1056.8616391257056,1015.2576539290588,1051.244384765625,6605038
2023-07-17 00:00:00+05:30,1052.1577673463366,1070.470902034805,1044.576854306014,1053.8018798828125,3159479
2023-07-18 00:00:00+05:30,1058.5512373754568,1068.644031156796,1047.088498639396,1066.0865478515625,2431478
2023-07-19 00:00:00+05:30,1064.0772918424811,1073.1196876945755,1056.7703233148075,1067.7764892578125,2242397
2023-07-20 00:00:00+05:30,1068.651559295562,1071.2311080423547,1057.5965431649183,1064.7823486328125,1990001
2023-07-21 00:00:00+05:30,1022.5890879674529,1050.134528233922,1008.7703165084332,1027.60986328125,5259150
2023-07-24 00:00:00+05:30,1031.8014820206524,1038.8950722265697,1023.5102201115579,1025.2606201171875,2672505
2023-07-25 00:00:00+05:30,1030.4196195772856,1030.8802452454024,1018.0748291802677,1024.0169677734375,2506726
2023-07-26 00:00:00+05:30,1022.773260790564,1032.5846107063808,1022.6811581419188,1027.1953125,1969964
2023-07-27 00:00:00+05:30,1027.1950675661133,1034.2886566820325,1021.62145293402,1029.3599853515625,1769815
2023-07-28 00:00:00+05:30,1026.3201734507634,1030.4196972229406,1011.027310150965,1016.6470336914062,2031899
2023-07-31 00:00:00+05:30,1020.746510660356,1031.3409013395926,1009.6914942994135,1028.7613525390625,2526624
2023-08-01 00:00:00+05:30,1031.8014554512517,1052.0689840404727,1024.339342416707,1048.8446044921875,2710536
2023-08-02 00:00:00+05:30,1047.4627502055464,1047.4627502055464,1033.1833547541953,1041.8431396484375,2701150
2023-08-03 00:00:00+05:30,1037.3291560087878,1046.1271525369596,1027.2414973875989,1036.8685302734375,1608187
2023-08-04 00:00:00+05:30,1041.4288331136381,1061.604265778352,1037.3293084495572,1054.2342529296875,3315303
2023-08-07 00:00:00+05:30,1063.6308401827764,1064.7362968707869,1053.1285518168968,1060.1761474609375,1655404
2023-08-08 00:00:00+05:30,1063.953215726225,1065.795718442018,1047.4627939283882,1051.47021484375,1667697
2023-08-09 00:00:00+05:30,1051.1018544818232,1055.754219542196,1036.4079380322605,1054.0499267578125,1559337
2023-08-10 00:00:00+05:30,1050.226551642423,1054.648603158631,1039.7703711855415,1044.9754638671875,1676669
2023-08-11 00:00:00+05:30,1068.6516671984568,1093.4793484490958,1063.400578989169,1079.199951171875,7391806
2023-08-14 00:00:00+05:30,1078.4631069226589,1084.3130315427186,1063.1242467292245,1078.7855224609375,1720940
2023-08-16 00:00:00+05:30,1083.1613973475437,1092.8345376172858,1077.9563041394777,1084.451171875,2567226
2023-08-17 00:00:00+05:30,1084.174587141808,1087.9516950403422,1072.2904226914734,1084.036376953125,2331256
2023-08-18 00:00:00+05:30,1080.627874091909,1085.0959208155487,1067.407939214925,1081.272705078125,3406088
2023-08-21 00:00:00+05:30,1080.5818132309937,1095.2758409241537,1076.8968075335165,1086.3857421875,1661946
2023-08-22 00:00:00+05:30,1088.9192174998013,1093.5254747650288,1083.5299189909756,1086.6160888671875,1805887
2023-08-23 00:00:00+05:30,1099.0067927146058,1100.8954030333311,1085.8329654080042,1089.3797607421875,2347850
2023-08-24 00:00:00+05:30,1095.3218525446594,1095.367960099553,1076.9429313342116,1079.0157470703125,2464221
2023-08-25 00:00:00+05:30,1073.2579990729023,1078.6013027637166,1059.4392265526503,1063.078125,2105159
2023-08-28 00:00:00+05:30,1064.0453232305315,1068.3751596494453,1049.5817218284697,1056.1685791015625,2571967
2023-08-29 00:00:00+05:30,1063.031941374922,1071.6917264433266,1057.8729563737786,1066.39453125,1794652
2023-08-30 00:00:00+05:30,1074.1791975501255,1082.6086708628713,1070.1717762085602,1078.3248291015625,1497356
2023-08-31 00:00:00+05:30,1086.6161467522259,1094.5388871789783,1074.0871488148662,1079.844970703125,4483967
2023-09-01 00:00:00+05:30,1080.6277385780672,1094.4465076135923,1078.8773386754146,1092.4197998046875,1669640
2023-09-04 00:00:00+05:30,1092.6040740285878,1137.745389060123,1091.6828227014137,1135.4422607421875,4517935
2023-09-05 00:00:00+05:30,1139.3577761369565,1143.9179260129818,1128.7172764829556,1138.2523193359375,2842400
2023-09-06 00:00:00+05:30,1142.2134477309512,1144.562683623365,1126.4139648093187,1138.5284423828125,1767709
2023-09-07 00:00:00+05:30,1140.5091245124975,1158.0128994444342,1133.4155343914765,1155.2491455078125,2582004
2023-09-08 00:00:00+05:30,1159.8554216704322,1169.5746681614478,1155.5255854128584,1162.665283203125,2280777
2023-09-11 00:00:00+05:30,1176.023625398316,1183.1633243903013,1170.3579062873782,1180.6298828125,2691836
2023-09-12 00:00:00+05:30,1183.8081953117348,1190.0266430302984,1165.84379079144,1181.4129638671875,2140769
2023-09-13 00:00:00+05:30,1181.0443751072094,1181.412898183757,1166.3964543597087,1174.825927734375,2275523
2023-09-14 00:00:00+05:30,1179.9846255021766,1189.0589277034637,1175.1480565034908,1182.51806640625,2655172
2023-09-15 00:00:00+05:30,1192.0993811055625,1206.839404364982,1189.3817343000883,1201.8646240234375,4286280
2023-09-18 00:00:00+05:30,1199.469399919181,1208.0370834730136,1188.1379619876543,1202.233154296875,2761885
2023-09-20 00:00:00+05:30,1180.5835953226704,1201.3117505273212,1180.5835953226704,1191.5465087890625,2220756
2023-09-21 00:00:00+05:30,1182.8867611594044,1183.808012531024,1160.1318972633806,1177.3592529296875,3112700
2023-09-22 00:00:00+05:30,1172.2460190327881,1182.517992181489,1165.474845351129,1173.3975830078125,1321467
2023-09-25 00:00:00+05:30,1169.9893199945664,1179.201834325232,1157.644528299984,1163.955078125,1246703
2023-09-26 00:00:00+05:30,1164.461907229075,1169.0220572150658,1158.105249326285,1162.1126708984375,903152
2023-09-27 00:00:00+05:30,1159.3948080768325,1167.8242803052317,1154.6043461054978,1161.7900390625,1670373
2023-09-28 00:00:00+05:30,1161.7901553159722,1166.3043098122648,1141.0160030540546,1144.1021728515625,1807072
2023-09-29 00:00:00+05:30,1137.837587243766,1151.2878352584175,1130.6057862096932,1137.561279296875,2338327
2023-10-03 00:00:00+05:30,1135.4423390947263,1157.7365777678071,1126.4140304824352,1141.154052734375,2162636
2023-10-04 00:00:00+05:30,1136.8241439124777,1146.7737032830175,1128.5328819228405,1141.9371337890625,2253785
2023-10-05 00:00:00+05:30,1150.6430360388292,1155.2031856342257,1131.1125507063384,1138.1600341796875,2995200
2023-10-06 00:00:00+05:30,1153.406604322731,1157.0916094483628,1133.2311787684112,1140.232666015625,2497711
2023-10-09 00:00:00+05:30,1138.6666826874186,1166.903059405743,1134.1986360761287,1151.1956787109375,3430211
2023-10-10 00:00:00+05:30,1156.6772373581603,1165.15270523397,1149.9059496191496,1162.43505859375,1532394
2023-10-11 00:00:00+05:30,1166.304417649823,1174.0889479663185,1143.2731297815405,1147.5108642578125,2186131
2023-10-12 00:00:00+05:30,1146.9578147942734,1150.2283017391082,1119.4584872684025,1127.3812255859375,3921609
2023-10-13 00:00:00+05:30,1115.6354242227578,1166.7648759522071,1113.3784033185798,1156.9996337890625,5740821
2023-10-16 00:00:00+05:30,1163.5405389385219,1178.556982009148,1161.0532050971672,1170.588134765625,2527113
2023-10-17 00:00:00+05:30,1178.1883617206886,1178.28046436324,1170.9104536400923,1176.576171875,1687345
2023-10-18 00:00:00+05:30,1177.359165500406,1180.5835450616357,1167.5939241778833,1169.482421875,1743126
2023-10-19 00:00:00+05:30,1167.0411087876942,1174.365011118623,1165.2907089507487,1167.5477294921875,2279726
2023-10-20 00:00:00+05:30,1164.4323201768768,1173.1283375611663,1158.340396411537,1170.5706787109375,1625449
2023-10-23 00:00:00+05:30,1160.711892845435,1172.3376129260182,1146.1100338371914,1150.15576171875,1646367
2023-10-25 00:00:00+05:30,1145.0869750463692,1165.2692949071927,1139.599725537105,1143.0408935546875,1420065
2023-10-26 00:00:00+05:30,1130.0202469431388,1151.5975428709667,1127.2766217976964,1145.645263671875,4617424
2023-10-27 00:00:00+05:30,1150.4814478519106,1181.1733538980814,1147.1796973945734,1179.9642333984375,2675348
2023-10-30 00:00:00+05:30,1181.173207904539,1185.6375300088025,1168.1524008882684,1176.2904052734375,1158770
2023-10-31 00:00:00+05:30,1183.0335528813187,1190.3344840978777,1168.8036227520777,1186.7537841796875,2525870
2023-11-01 00:00:00+05:30,1190.473754421225,1196.0075518510728,1167.5013766043478,1170.89599609375,1572719
2023-11-02 00:00:00+05:30,1177.4529998150829,1185.823518771114,1176.5229421533015,1184.33544921875,1368604
2023-11-03 00:00:00+05:30,1192.8919673601472,1197.2633066111468,1174.6628593904245,1177.685546875,2052536
2023-11-06 00:00:00+05:30,1186.986088122713,1190.0087755165612,1176.6624708071324,1180.8941650390625,1175823
2023-11-07 00:00:00+05:30,1180.2430621764747,1188.3345176625894,1178.4759300782373,1184.8468017578125,1385282
2023-11-08 00:00:00+05:30,1190.4738608335872,1191.217952409582,1177.3600699168292,1178.9876708984375,937671
2023-11-09 00:00:00+05:30,1178.9876758938944,1186.5676689182749,1173.5468610102373,1178.84814453125,1483749
2023-11-10 00:00:00+05:30,1174.0118550756483,1182.103311480045,1163.1766603953286,1167.640869140625,1469902
2023-11-13 00:00:00+05:30,1171.8725547215752,1175.2207393142955,1165.6412143276902,1172.8026123046875,730991
2023-11-15 00:00:00+05:30,1185.8236583381436,1193.2641205081084,1179.6852997544113,1187.3582763671875,2410620
2023-11-16 00:00:00+05:30,1194.0082204784003,1225.7696027623413,1188.6138399545182,1219.352294921875,3936945
2023-11-17 00:00:00+05:30,1221.5378283053572,1233.0240184046763,1215.0274242858718,1217.5850830078125,2882039
2023-11-20 00:00:00+05:30,1222.9793153379499,1238.5577816618238,1222.0958059444945,1232.698486328125,2831858
2023-11-21 00:00:00+05:30,1242.1849719569639,1242.5570177226477,1229.3502445340757,1233.814453125,1514256
2023-11-22 00:00:00+05:30,1233.814475780694,1242.3245261226073,1228.0481636702073,1236.6976318359375,1535630
2023-11-23 00:00:00+05:30,1240.6503708660828,1241.859491237758,1232.977395166617,1236.046630859375,1307344
2023-11-24 00:00:00+05:30,1235.9537229199318,1239.4414393589418,1214.3298809980697,1217.5850830078125,1795933
2023-11-28 00:00:00+05:30,1217.5847496955578,1227.5828674170814,1204.7034765468666,1224.5601806640625,2152951
2023-11-29 00:00:00+05:30,1231.3962410084155,1245.161138662263,1229.0710970488076,1240.6502685546875,1835524
2023-11-30 00:00:00+05:30,1243.4872538986895,1252.6018655706102,1236.6977866805805,1247.114501953125,4104385
2023-12-01 00:00:00+05:30,1251.8577122376976,1254.6478854447653,1235.1166729952915,1243.2081298828125,1854324
2023-12-04 00:00:00+05:30,1255.577845726914,1255.577845726914,1237.906750120387,1244.37060546875,1547057
2023-12-05 00:00:00+05:30,1252.7878619930568,1252.7878619930568,1216.7946703910902,1225.397705078125,3932040
2023-12-06 00:00:00+05:30,1232.3262980511536,1246.2306135105364,1227.2575296344016,1236.55810546875,2077245
2023-12-07 00:00:00+05:30,1237.9068724850574,1243.4872190176723,1232.652023460357,1235.11669921875,1985003
2023-12-08 00:00:00+05:30,1239.7668794358544,1274.1324650770118,1236.046648739873,1268.691650390625,4509751
2023-12-11 00:00:00+05:30,1274.2720302847906,1286.26979730453,1270.5053647245088,1279.1083984375,2824656
2023-12-12 00:00:00+05:30,1280.6894511123194,1289.990028099337,1274.179047221407,1279.1083984375,2730422
2023-12-13 00:00:00+05:30,1282.8750447299637,1286.0838118617519,1262.1348264798773,1273.4349365234375,1896931
2023-12-14 00:00:00+05:30,1293.710207782729,1319.9843367330252,1285.3396888251125,1315.6595458984375,5145574
2023-12-15 00:00:00+05:30,1322.5420720601994,1392.2964007553576,1322.5420720601994,1386.9951171875,7374290
2023-12-18 00:00:00+05:30,1385.6462929173629,1404.2939932138825,1377.4153058622799,1399.085693359375,3075527
2023-12-19 00:00:00+05:30,1396.4815494456516,1399.4112537244007,1374.346132153356,1384.204833984375,2590417
2023-12-20 00:00:00+05:30,1381.1357180823782,1397.9233053885428,1334.6328319516585,1339.236572265625,4368383
2023-12-21 00:00:00+05:30,1321.7515483943446,1345.840065992515,1320.7749423776534,1322.588623046875,2841508
2023-12-22 00:00:00+05:30,1330.912481917286,1364.720054401362,1323.4720208024444,1360.395263671875,2303438
2023-12-26 00:00:00+05:30,1360.3953908241972,1364.7201819579102,1341.2827726685014,1356.1636962890625,1363265
2023-12-27 00:00:00+05:30,1362.952959251415,1372.7651130264662,1355.6055945266073,1369.0914306640625,1402329
2023-12-28 00:00:00+05:30,1367.7426729960803,1378.9963471602616,1365.7430264654695,1369.4632568359375,1928616
2023-12-29 00:00:00+05:30,1370.8584249479886,1378.2059030741639,1355.6055703457143,1363.5574951171875,1481617
2024-01-01 00:00:00+05:30,1357.8841535251686,1391.1337141337472,1353.2804136231052,1379.9730224609375,1222315
2024-01-02 00:00:00+05:30,1380.25219425909,1384.669968395419,1359.1398160565404,1366.766357421875,1440888
2024-01-03 00:00:00+05:30,1357.8842130716398,1362.53450147257,1335.0977999070815,1337.1904296875,1651716
2024-01-04 00:00:00+05:30,1336.4929050577578,1343.7474004773076,1318.0312825552,1320.6353759765625,3392241
2024-01-05 00:00:00+05:30,1325.3321747104878,1338.2134506845211,1322.449018650937,1332.586669921875,1776925
2024-01-08 00:00:00+05:30,1334.6328477640157,1351.001841169477,1330.4941362623222,1346.630615234375,2025264
2024-01-09 00:00:00+05:30,1358.4423137914735,1377.3689661142432,1350.769337428261,1358.25634765625,3119270
2024-01-10 00:00:00+05:30,1371.7421879741987,1402.527076563637,1363.5111996544344,1387.7391357421875,4368914
2024-01-11 00:00:00+05:30,1395.0865385421707,1395.0865385421707,1370.9050385407731,1380.94970703125,2271368
2024-01-12 00:00:00+05:30,1399.7368476927302,1446.2397329981363,1393.6914726030273,1433.032958984375,5862043
2024-01-15 00:00:00+05:30,1497.39285643464,1506.3213874062733,1465.3058666538975,1477.1175537109375,9712071
2024-01-16 00:00:00+05:30,1476.0016935005021,1476.0016935005021,1430.4288623842297,1446.6583251953125,4459799
2024-01-17 00:00:00+05:30,1413.6876117031647,1474.1413582562604,1410.478958260625,1465.6778564453125,3846289
2024-01-18 00:00:00+05:30,1466.700864315879,1473.3972337558416,1429.5451078712588,1457.911865234375,3205598
2024-01-19 00:00:00+05:30,1471.4549416153625,1490.1995905531378,1460.2550596383448,1469.5335693359375,2374099
2024-01-23 00:00:00+05:30,1461.0517269428083,1469.486819210786,1421.8285707783643,1428.0142822265625,3196630
2024-01-24 00:00:00+05:30,1434.0594576504784,1481.9520165969357,1428.0611466337975,1477.453369140625,2136023
2024-01-25 00:00:00+05:30,1471.45492064032,1471.45492064032,1440.2919422254854,1452.944580078125,2641656
2024-01-29 00:00:00+05:30,1466.7687449306961,1488.8874072761153,1452.9445666637776,1475.7193603515625,2521598
2024-01-30 00:00:00+05:30,1480.8273021013504,1492.495800585617,1457.3964903592405,1461.4266357421875,1939386
2024-01-31 00:00:00+05:30,1461.4266326928578,1482.0457469828918,1449.2894035908134,1477.078369140625,7025931
2024-02-01 00:00:00+05:30,1477.0783546061266,1496.7602362347616,1468.0340384998879,1478.3905029296875,2845408
2024-02-02 00:00:00+05:30,1485.3259366472782,1512.5993763001584,1476.1410134668508,1484.341796875,2337374
2024-02-05 00:00:00+05:30,1485.4665453061268,1488.793766310477,1454.069257820196,1457.7244873046875,1452864
2024-02-06 00:00:00+05:30,1467.7058855369514,1524.8770598777905,1460.2549339886166,1521.8310546875,4988311
2024-02-07 00:00:00+05:30,1525.814510101189,1527.59527473296,1498.5878602110777,1513.95849609375,3320199
2024-02-08 00:00:00+05:30,1523.9400290942456,1544.277928368668,1515.7861521926552,1531.25048828125,3496692
2024-02-09 00:00:00+05:30,1537.0612286759683,1543.387547757409,1513.3024087850981,1528.251220703125,3341297
2024-02-12 00:00:00+05:30,1536.1239789760343,1579.2366714915302,1536.1239789760343,1562.319580078125,4885445
2024-02-13 00:00:00+05:30,1569.864451821399,1569.864451821399,1545.1214907140236,1561.054443359375,3129897
2024-02-14 00:00:00+05:30,1546.1992997954858,1571.64518477106,1523.4245045337534,1566.5841064453125,1386643
2024-02-15 00:00:00+05:30,1572.6762422712545,1590.0150447039232,1546.5274308560076,1558.196044921875,2555162
2024-02-16 00:00:00+05:30,1569.8642361683046,1571.7387009279087,1546.4803340555452,1562.7880859375,1776881
2024-02-19 00:00:00+05:30,1565.1782842287998,1577.3153994120585,1555.4779506782563,1570.0987548828125,762624
2024-02-20 00:00:00+05:30,1556.743178398007,1567.7556602439893,1541.7474584375204,1558.66455078125,2240414
2024-02-21 00:00:00+05:30,1551.6352305472985,1560.3046307220152,1529.610267941262,1533.593505859375,2890991
2024-02-22 00:00:00+05:30,1540.8100303228616,1585.234867947397,1536.1238684301522,1580.5487060546875,3820901
2024-02-23 00:00:00+05:30,1590.4834602146416,1590.8114686889564,1559.0392659008369,1561.1949462890625,2191549
2024-02-26 00:00:00+05:30,1561.1949050999167,1564.1003027230292,1536.5925540515163,1546.24609375,1844253
2024-02-27 00:00:00+05:30,1545.496471750084,1568.3649688043895,1544.5592392020246,1554.681396484375,2049420
2024-02-28 00:00:00+05:30,1560.2108625590765,1567.05270542141,1540.9975967330365,1548.21435546875,936575
2024-02-29 00:00:00+05:30,1539.076286227051,1572.4417384695332,1533.9215077668619,1559.4141845703125,3532888
2024-03-01 00:00:00+05:30,1570.2861466630484,1573.8007685387229,1536.2177681631633,1540.9039306640625,2371138
2024-03-04 00:00:00+05:30,1545.4963572300849,1550.1825196231414,1532.3751025295262,1535.139892578125,1788071
2024-03-05 00:00:00+05:30,1522.0655513856584,1527.6420388925167,1506.1795065726167,1517.7073974609375,3339546
2024-03-06 00:00:00+05:30,1511.7560714799583,1546.4336751034912,1503.180370945458,1540.9976806640625,2366177
2024-03-07 00:00:00+05:30,1546.4335626752945,1550.6980161417332,1527.7826137953164,1534.8587646484375,3181239
2024-03-11 00:00:00+05:30,1551.1196253287346,1555.61838662169,1529.6101874658757,1535.7958984375,2970902
2024-03-12 00:00:00+05:30,1533.2185934290164,1560.4920349418437,1530.5475038184254,1532.9373779296875,2414182
2024-03-13 00:00:00+05:30,1535.8897843683858,1547.6051908090294,1509.27235805359,1529.0948486328125,2564135
2024-03-14 00:00:00+05:30,1531.437767366151,1577.3621557388203,1508.944189387701,1573.8475341796875,3513306
2024-03-15 00:00:00+05:30,1571.7388344534536,1571.7388344534536,1539.7323230824843,1543.903076171875,3931561
2024-03-18 00:00:00+05:30,1546.339936099868,1558.8988745746624,1531.672224484434,1540.2479248046875,1183544
2024-03-19 00:00:00+05:30,1538.5140719141307,1538.5140719141307,1494.0423206881617,1498.775390625,1915379
2024-03-20 00:00:00+05:30,1504.0238660886114,1517.4731296867037,1479.046596887431,1487.481689453125,1815178
2024-03-21 00:00:00+05:30,1507.069810478158,1518.2696927218276,1483.967007230656,1495.6356201171875,2684744
2024-03-22 00:00:00+05:30,1462.0828219481618,1472.8140892049207,1413.534128635548,1460.0677490234375,7468824
2024-03-26 00:00:00+05:30,1464.19140625,1492.5895954662562,1457.9119945501095,1464.19140625,4496344
2024-03-27 00:00:00+05:30,1470.5177498545372,1477.8750018845217,1443.3380081427579,1449.1488037109375,2589697
2024-03-28 00:00:00+05:30,1451.7730321061003,1463.066728635625,1434.9028483889217,1446.6651611328125,5301493
2024-04-01 00:00:00+05:30,1451.772980342813,1470.5176282491116,1450.8357479474982,1458.9896240234375,1014857
2024-04-02 00:00:00+05:30,1461.145427726917,1466.7688225738455,1429.373223960119,1432.3724365234375,2031775
2024-04-03 00:00:00+05:30,1429.607545255297,1460.6299175651307,1422.71890938597,1439.448486328125,3343884
2024-04-04 00:00:00+05:30,1444.0878499985693,1455.0534242440604,1423.3749206775678,1443.010009765625,3388449
2024-04-05 00:00:00+05:30,1445.634126265426,1450.5545965582398,1428.1548328470826,1448.2584228515625,2773570
2024-04-08 00:00:00+05:30,1456.4592346757197,1456.4592346757197,1441.1355069222698,1443.3848876953125,1820136
2024-04-09 00:00:00+05:30,1443.3377803219328,1463.7694907677092,1438.22990991461,1443.806396484375,2432095
2024-04-10 00:00:00+05:30,1444.322146413989,1454.7254039691966,1439.776477399203,1442.5413818359375,1829986
2024-04-12 00:00:00+05:30,1440.5262482060518,1446.102735414009,1421.0317678541444,1425.9991455078125,4319991
2024-04-15 00:00:00+05:30,1412.5029228081942,1434.434183782302,1400.225201287657,1410.5816650390625,3295684
2024-04-16 00:00:00+05:30,1393.0554938195785,1407.3482893453252,1375.2012834635216,1384.5736083984375,2446933
2024-04-18 00:00:00+05:30,1384.3392587370354,1387.9475808470552,1360.9552400811153,1374.7794189453125,5180223
2024-04-19 00:00:00+05:30,1351.489142615231,1364.141780219465,1344.9285157093318,1356.6439208984375,5219506
2024-04-22 00:00:00+05:30,1361.0488851867387,1380.824580929736,1359.4556358236016,1373.8890380859375,1939632
2024-04-23 00:00:00+05:30,1382.324067329317,1407.2075185027174,1378.7625385035033,1393.3365478515625,2783858
2024-04-24 00:00:00+05:30,1396.4763720397793,1402.9900919044462,1383.636333040033,1386.401123046875,1321471
2024-04-25 00:00:00+05:30,1387.057186209726,1419.9541383345015,1387.057186209726,1409.73828125,4558032
2024-04-26 00:00:00+05:30,1421.6410851177566,1435.3246566434557,1372.9986958154498,1381.340087890625,4328477
2024-04-29 00:00:00+05:30,1326.1840006243413,1345.8658833191193,1294.318095308986,1300.31640625,11493223
2024-04-30 00:00:00+05:30,1290.0068235898498,1310.1573221478461,1276.932361694471,1280.8218994140625,7606726
2024-05-02 00:00:00+05:30,1272.7616324749565,1291.4125806042155,1272.7616324749565,1275.2921142578125,6555505
2024-05-03 00:00:00+05:30,1284.0084862883364,1284.0084862883364,1249.846408456597,1263.436279296875,5964228
2024-05-06 00:00:00+05:30,1272.76152090189,1279.3221472982916,1263.857813649631,1273.5113525390625,2504082
2024-05-07 00:00:00+05:30,1280.3024871351527,1281.2048805317886,1259.5965993363313,1264.1556396484375,5096525
2024-05-08 00:00:00+05:30,1264.1557223865138,1267.0527033558114,1241.692699373958,1247.7239990234375,6832455
2024-05-09 00:00:00+05:30,1249.0062461565492,1271.8017974172012,1248.531338838619,1253.8028564453125,5653762
2024-05-10 00:00:00+05:30,1253.8501739859848,1256.5097011242651,1238.1782337894965,1250.1458740234375,3357203
2024-05-13 00:00:00+05:30,1250.1457928787338,1255.5598050707847,1236.3260615326128,1247.011474609375,2316566
2024-05-14 00:00:00+05:30,1255.6548409255852,1260.3563765922343,1243.022260974313,1254.7525634765625,3200462
2024-05-15 00:00:00+05:30,1253.0429417735886,1273.0365859714823,1252.0931271502998,1266.0079345703125,2975965
2024-05-16 00:00:00+05:30,1277.5007363696907,1289.6584105730346,1261.8287942506572,1280.49267578125,5055915
2024-05-17 00:00:00+05:30,1283.1994701496324,1283.1994701496324,1263.4432809302864,1266.292724609375,2487831
2024-05-21 00:00:00+05:30,1248.0564230642751,1282.1072543403227,1248.0564230642751,1274.5562744140625,4966721
2024-05-22 00:00:00+05:30,1281.252373019392,1285.0042102990158,1272.7515786293477,1275.6485595703125,2390777
2024-05-23 00:00:00+05:30,1279.067716736848,1290.275458245147,1270.8517981414975,1285.6214599609375,3326149
2024-05-24 00:00:00+05:30,1291.7479776091895,1291.7479776091895,1273.5590031179895,1277.690673828125,1769966
2024-05-27 00:00:00+05:30,1283.1996571604027,1291.368040375401,1270.8520660848399,1285.38427734375,1942325
2024-05-28 00:00:00+05:30,1289.7058270379757,1294.882386558257,1278.0705973253578,1290.228271484375,2147233
2024-05-29 00:00:00+05:30,1297.4467231324195,1298.0165886945967,1279.3527089101915,1285.194091796875,3845920
2024-05-30 00:00:00+05:30,1278.4503972543916,1283.721914437971,1258.5992497694106,1265.010498046875,4150461
2024-05-31 00:00:00+05:30,1265.010599560607,1273.6064683926672,1249.7186071123451,1257.6495361328125,10319045
2024-06-03 00:00:00+05:30,1282.7721647399508,1286.7613397144162,1244.1146406420787,1248.4837646484375,5384064
2024-06-04 00:00:00+05:30,1258.5043360219922,1258.5043360219922,1173.0210226318193,1238.130859375,5447244
2024-06-05 00:00:00+05:30,1253.7553088369025,1288.8034917954951,1250.0510085992325,1276.265869140625,3005139
2024-06-06 00:00:00+05:30,1286.0490297266324,1329.550586858717,1283.1046275150584,1327.365966796875,5936709
2024-06-07 00:00:00+05:30,1336.3892091037592,1366.4508658875714,1327.8408772758032,1359.65966796875,5884025
2024-06-10 00:00:00+05:30,1367.733122246696,1369.6327515831497,1327.365998847054,1347.549560546875,3293739
2024-06-11 00:00:00+05:30,1353.4857510596144,1365.785803261755,1344.3675544518344,1357.0950927734375,2269082
2024-06-12 00:00:00+05:30,1398.1272371850566,1398.1272371850566,1362.5091859660079,1366.5458984375,5990861
2024-06-13 00:00:00+05:30,1375.094114125745,1384.544723203475,1364.9785652484713,1371.6748046875,4232861
2024-06-14 00:00:00+05:30,1371.6747253297733,1373.4318590837524,1352.9158876970596,1359.232177734375,3065114
2024-06-18 00:00:00+05:30,1359.2323408859834,1367.4956822042168,1355.4330821752233,1365.0736083984375,2223029
2024-06-19 00:00:00+05:30,1367.7805735473346,1379.035853470866,1358.5198811131106,1373.2894287109375,3117522
2024-06-20 00:00:00+05:30,1376.2338681846966,1376.2338681846966,1357.8075570320227,1371.0098876953125,3163919
2024-06-21 00:00:00+05:30,1388.6288638350895,1407.5776176171457,1366.973045846318,1375.18896484375,6489262
2024-06-24 00:00:00+05:30,1365.6908395280889,1371.484685145164,1355.0054257467032,1368.540283203125,1988692
2024-06-25 00:00:00+05:30,1368.635355156492,1377.3261822760921,1354.86304291648,1375.2840576171875,2079037
2024-06-26 00:00:00+05:30,1375.2839041406098,1380.3655046381036,1366.0232124609572,1371.2471923828125,1917424
2024-06-27 00:00:00+05:30,1362.984040999649,1387.251852009751,1352.0611723783977,1381.8853759765625,6613193
2024-06-28 00:00:00+05:30,1394.3278310532128,1394.992654894714,1369.6326514841505,1386.349365234375,4943575
2024-07-01 00:00:00+05:30,1391.478490618034,1404.3959469325475,1381.9803439243954,1395.13525390625,3723295
2024-07-02 00:00:00+05:30,1400.976381109966,1417.5505976817076,1399.0767521186303,1406.4853515625,3811366
2024-07-03 00:00:00+05:30,1414.2740545279266,1414.2740545279266,1397.3673068939793,1406.675537109375,2070876
2024-07-04 00:00:00+05:30,1410.4746441189468,1457.5380026960013,1410.4746441189468,1445.9501953125,6822557
2024-07-05 00:00:00+05:30,1446.5675024152551,1452.5038431178784,1429.9932855511925,1443.148193359375,3061687
2024-07-08 00:00:00+05:30,1451.3167785060723,1462.7145542535022,1430.6107728539064,1456.44580078125,2939620
2024-07-09 00:00:00+05:30,1456.4457283523889,1468.6983598603883,1448.467262537122,1454.2611083984375,2658608
2024-07-10 00:00:00+05:30,1454.2610870006574,1455.6858088772717,1413.1816062249436,1434.1724853515625,3507096
2024-07-11 00:00:00+05:30,1438.9690601538816,1457.0155368158776,1432.3678953315,1436.024658203125,3304053
2024-07-12 00:00:00+05:30,1453.2164010491067,1487.409728132615,1434.6950155455397,1481.9007568359375,6430647
2024-07-15 00:00:00+05:30,1500.7071974433672,1554.276768692839,1488.7395556399324,1490.8291015625,10337489
2024-07-16 00:00:00+05:30,1486.4599132165695,1503.5565767551627,1476.96176680624,1490.7816162109375,3540650
2024-07-18 00:00:00+05:30,1479.8586239728265,1518.9909375302868,1478.8612723055537,1514.52685546875,4399468
2024-07-19 00:00:00+05:30,1529.6763513475235,1535.3277016109757,1508.8753892611373,1514.52685546875,5633838
2024-07-22 00:00:00+05:30,1508.8753820538834,1514.4793111289875,1492.0637107727307,1497.9525146484375,2704495
2024-07-23 00:00:00+05:30,1506.4708320798663,1532.1210810365922,1484.5532851715423,1529.776123046875,2907674
2024-07-24 00:00:00+05:30,1525.612785588041,1529.4411740085882,1509.1985468683165,1515.754638671875,2484299
2024-07-25 00:00:00+05:30,1502.642298686437,1525.6126268192234,1495.7990317302517,1519.4871826171875,2934731
2024-07-26 00:00:00+05:30,1534.0351605258365,1569.6391231718471,1525.6126599609295,1565.1885986328125,2814159
2024-07-29 00:00:00+05:30,1569.8306941217872,1574.4248071616578,1550.4973784813894,1562.3175048828125,1639491
2024-07-30 00:00:00+05:30,1559.1112457588945,1562.9396343304325,1548.5831771871647,1560.3076171875,1783877
2024-07-31 00:00:00+05:30,1551.4542909246377,1574.4246197230284,1549.7314695315047,1572.1275634765625,1984986
2024-08-01 00:00:00+05:30,1569.686978844585,1584.4740807355336,1565.9063756013031,1570.16552734375,1785188
2024-08-02 00:00:00+05:30,1550.54514106638,1568.682083646796,1532.4559832391517,1540.25634765625,1692851
2024-08-05 00:00:00+05:30,1507.4278072948575,1527.2396688860513,1471.05812051568,1495.368408203125,3279717
2024-08-06 00:00:00+05:30,1495.9427909604033,1536.1408697961913,1495.9427909604033,1514.845458984375,2138704
2024-08-07 00:00:00+05:30,1536.1408449216308,1545.7118159180272,1521.784388427036,1526.18701171875,1897787
2024-08-08 00:00:00+05:30,1528.4839210158796,1533.2694060534998,1487.8551997797367,1491.0135498046875,2373805
2024-08-09 00:00:00+05:30,1516.903180058403,1533.2695167015104,1508.2414047819832,1521.7364501953125,2021762
2024-08-12 00:00:00+05:30,1521.7843703489689,1531.8338897758017,1506.3272290067837,1517.2381591796875,1273739
2024-08-13 00:00:00+05:30,1510.2990622587326,1539.3948343532834,1509.9641016761884,1524.320556640625,1973825
2024-08-14 00:00:00+05:30,1531.4509974591538,1559.8289489349522,1529.6803912473001,1556.3834228515625,3932148
2024-08-16 00:00:00+05:30,1564.8537673389967,1602.180554449835,1562.6523972633054,1596.67724609375,3101056
2024-08-19 00:00:00+05:30,1593.5667374434483,1612.7086802355618,1587.8720561960533,1606.487548828125,1631947
2024-08-20 00:00:00+05:30,1607.923139450867,1622.327497641705,1597.586443963997,1614.383544921875,2786109
2024-08-21 00:00:00+05:30,1613.6657374597091,1616.3934408734838,1601.941297789554,1605.2911376953125,1410370
2024-08-22 00:00:00+05:30,1614.622883979276,1614.622883979276,1601.2235239462527,1604.2384033203125,1749127
2024-08-23 00:00:00+05:30,1604.1425334300175,1613.6177006170099,1586.0533760885278,1590.1688232421875,2158185
2024-08-26 00:00:00+05:30,1599.3092347903205,1659.6063513623074,1595.5765327787599,1645.6805419921875,2672708
2024-08-27 00:00:00+05:30,1651.8059919519267,1681.4760017875874,1631.9462273038635,1638.1673583984375,3556487
2024-08-28 00:00:00+05:30,1639.0766655484347,1663.1954654439733,1620.4132723237722,1645.6805419921875,2516461
2024-08-29 00:00:00+05:30,1640.464330013856,1680.6624057784895,1624.4329545601033,1676.6904296875,5112407
2024-08-30 00:00:00+05:30,1676.6905582499337,1690.5206816673756,1667.454547719678,1678.030517578125,4792561
2024-09-02 00:00:00+05:30,1688.510564529106,1734.2598501345635,1684.4908036627107,1729.139404296875,4445349
2024-09-03 00:00:00+05:30,1728.5173055612029,1739.1889612406808,1710.380362847955,1713.6343994140625,2553290
2024-09-04 00:00:00+05:30,1689.3719422057502,1718.6113031694924,1689.2762558694947,1708.657470703125,2644961
2024-09-05 00:00:00+05:30,1715.1178464739949,1720.5732527122277,1691.4775969974776,1713.7301025390625,2878565
2024-09-06 00:00:00+05:30,1711.289723578617,1718.7072265751126,1665.3969614496873,1680.75830078125,3351716
2024-09-09 00:00:00+05:30,1682.911506063448,1690.5204974014018,1666.4494842061486,1671.8092041015625,1418238
2024-09-10 00:00:00+05:30,1674.3934110053106,1712.5338224522613,1672.1921578591453,1702.7713623046875,2307528
2024-09-11 00:00:00+05:30,1701.9098292165463,1719.7597115340573,1697.6028927404614,1702.436279296875,2303930
2024-09-12 00:00:00+05:30,1722.774669856054,1736.365401073887,1700.857124300703,1730.048583984375,3349489
2024-09-13 00:00:00+05:30,1727.5601092572363,1741.91656445882,1718.6112755482088,1735.0255126953125,1599349
2024-09-16 00:00:00+05:30,1740.9594779916692,1745.9842373426623,1730.6227834506594,1734.1162109375,836199
2024-09-17 00:00:00+05:30,1734.2119929901573,1749.5734477300139,1729.665781897861,1735.934814453125,830317
2024-09-18 00:00:00+05:30,1730.527176296621,1730.527176296621,1665.4445760106298,1681.1409912109375,2629136
2024-09-19 00:00:00+05:30,1699.8044816711056,1699.8044816711056,1647.6426887369416,1661.9991455078125,4167373
2024-09-20 00:00:00+05:30,1673.005630194343,1690.3290632959754,1647.5468722319256,1684.5386962890625,4644317
2024-09-23 00:00:00+05:30,1688.3192943656418,1688.3192943656418,1658.1707355376839,1677.599853515625,1541597
2024-09-24 00:00:00+05:30,1674.9197272186345,1706.9824762825342,1663.7695239536677,1699.42138671875,1907389
2024-09-25 00:00:00+05:30,1702.4842835482877,1707.5090430734053,1679.7053269678343,1705.9298095703125,2240579
2024-09-26 00:00:00+05:30,1705.7862949700816,1730.8144073329045,1702.5800430733352,1707.317626953125,4303250
2024-09-27 00:00:00+05:30,1732.345662970244,1750.0998600063149,1719.472754362642,1730.8143310546875,4099016
2024-09-30 00:00:00+05:30,1730.4314704759547,1742.586556306331,1712.3902144075864,1719.0419921875,2117894
2024-10-01 00:00:00+05:30,1713.203700911136,1744.2614531133938,1713.203700911136,1738.5667724609375,1642542
2024-10-03 00:00:00+05:30,1701.7186670420529,1731.6758534144647,1694.0618901374767,1702.2451171875,3552386
2024-10-04 00:00:00+05:30,1701.7186213983641,1730.3358476782716,1691.429827708807,1700.378662109375,2982759
2024-10-07 00:00:00+05:30,1708.3703997475368,1726.7945186835043,1692.0519645041356,1700.713623046875,3419048
2024-10-08 00:00:00+05:30,1697.8901436056358,1717.0320843452707,1668.2201354592012,1712.67724609375,2353030
2024-10-09 00:00:00+05:30,1716.122899383044,1746.70210316827,1713.3472945922042,1732.0584716796875,2499596
2024-10-10 00:00:00+05:30,1741.9166169303182,1761.0106561903388,1719.903384958122,1731.0535888671875,3753869
2024-10-11 00:00:00+05:30,1726.6029794936608,1773.3093595968076,1723.3967279260828,1760.7235107421875,2977110
2024-10-14 00:00:00+05:30,1766.8491064123448,1785.4645978339377,1753.784707939615,1776.2764892578125,1751092
2024-10-15 00:00:00+05:30,1751.4876187829145,1801.9744886685967,1751.4397171966873,1789.8671875,5696544
2024-10-16 00:00:00+05:30,1788.8143335579389,1804.1278859051445,1774.5057798167718,1785.2252197265625,2144442
2024-10-17 00:00:00+05:30,1789.6757739670118,1796.5190411524488,1772.0172635234887,1787.6658935546875,2399099
2024-10-18 00:00:00+05:30,1786.9001948183625,1793.5041878391123,1763.929865586632,1777.9991455078125,2366406
2024-10-21 00:00:00+05:30,1794.8441978761155,1807.477832577876,1761.0586242749757,1764.504150390625,1284980
2024-10-22 00:00:00+05:30,1762.7701825634342,1784.1568974699114,1752.8474486752182,1755.9783935546875,2089660
2024-10-23 00:00:00+05:30,1727.7997852435494,1796.6805684300082,1727.7997852435494,1778.1357421875,2522186
2024-10-24 00:00:00+05:30,1777.4133298476897,1794.705732277503,1770.3806989015388,1777.3170166015625,1621637
2024-10-25 00:00:00+05:30,1791.8636819216722,1802.9906244052954,1772.7889569779124,1784.493896484375,4078295
2024-10-28 00:00:00+05:30,1777.50957891878,1808.0484031483568,1777.50957891878,1803.183349609375,2418907
2024-10-29 00:00:00+05:30,1803.183349609375,1807.1813487673342,1783.3860979034662,1803.183349609375,1719955
2024-10-30 00:00:00+05:30,1792.8270203041136,1800.9674291064714,1768.068521173843,1771.4403076171875,1732047
2024-10-31 00:00:00+05:30,1772.5963315523736,1776.3534886009236,1692.2033547504768,1701.3553466796875,3616088
2024-11-01 00:00:00+05:30,1711.9041979364463,1716.0467255899066,1686.8566407353503,1693.022216796875,242223
2024-11-04 00:00:00+05:30,1698.4171119047483,1716.8174099036814,1681.0764947667533,1698.368896484375,2843690
2024-11-05 00:00:00+05:30,1704.1971970115883,1718.0214978429842,1696.9719403820875,1708.58056640625,1818350
2024-11-06 00:00:00+05:30,1725.487599378109,1785.1200743842717,1717.6843457243153,1771.054931640625,3477029
2024-11-07 00:00:00+05:30,1782.2783570310705,1794.3204525824856,1747.7415329107407,1764.84130859375,2173869
2024-11-08 00:00:00+05:30,1771.5849464468242,1786.2282057283444,1761.0843328234776,1770.1881103515625,1521324
2024-11-11 00:00:00+05:30,1779.0508957123175,1805.3508781701312,1766.8161742604166,1798.8963623046875,1679869
2024-11-12 00:00:00+05:30,1821.728187993172,1823.6067078318897,1796.1507303819662,1804.2430419921875,2711052
2024-11-13 00:00:00+05:30,1797.6440288944145,1810.7458053709258,1790.9967686119037,1796.4398193359375,1254074
2024-11-14 00:00:00+05:30,1803.424167210493,1827.508357477727,1778.7137644765935,1790.8521728515625,2462563
2024-11-18 00:00:00+05:30,1790.8521479311366,1796.7287843534343,1748.5121890699506,1767.779541015625,2483933
2024-11-19 00:00:00+05:30,1769.706359470525,1796.6806534635434,1750.728063950587,1753.8590087890625,2354204
2024-11-21 00:00:00+05:30,1767.7794333972442,1772.162802737469,1753.5215467859994,1769.0799560546875,1841245
2024-11-22 00:00:00+05:30,1778.7138443080485,1832.3252777687935,1769.2246964365875,1828.857177734375,2765950
2024-11-25 00:00:00+05:30,1848.7025725172011,1849.6177247710891,1809.686181591226,1822.402587890625,6531524
2024-11-26 00:00:00+05:30,1820.861192933037,1844.8008557943836,1819.9460406943242,1829.965087890625,2079873
2024-11-27 00:00:00+05:30,1827.26763796711,1846.7758333902464,1817.971116381551,1821.7764892578125,1631975
2024-11-28 00:00:00+05:30,1816.0441783593405,1830.8800624217001,1767.7794867370797,1773.46337890625,3631255
2024-11-29 00:00:00+05:30,1774.5232630783107,1803.713350764476,1766.768106230089,1780.3516845703125,2482280
2024-12-02 00:00:00+05:30,1780.3515811824652,1809.7342936585144,1768.21305506431,1802.9425048828125,2014744
2024-12-03 00:00:00+05:30,1814.9846949685145,1826.8341643795613,1803.472498321713,1821.4874267578125,2954648
2024-12-04 00:00:00+05:30,1813.0577952570218,1840.9954552264446,1808.8189543626345,1828.134521484375,3730643
2024-12-05 00:00:00+05:30,1815.9480698044238,1867.1028698956413,1814.9847021281348,1853.5194091796875,3881814
2024-12-06 00:00:00+05:30,1855.4460058366715,1868.3069398340467,1845.1380195103459,1852.266845703125,2250408
2024-12-09 00:00:00+05:30,1844.8490646208231,1855.4943242785675,1831.3619174121068,1839.9359130859375,1379520
2024-12-10 00:00:00+05:30,1846.245951748023,1871.6307843111008,1842.1516390892807,1865.4169921875,2695207
2024-12-11 00:00:00+05:30,1855.6868210909731,1863.9236610286946,1845.8123032889316,1860.16650390625,1387117
2024-12-12 00:00:00+05:30,1854.4344531418237,1877.603491443036,1851.1108818921466,1865.2723388671875,2306173
2024-12-13 00:00:00+05:30,1867.9698204596734,1902.6510548776973,1842.2960497943911,1896.67822265625,2569918
2024-12-16 00:00:00+05:30,1898.653014069182,1907.4678511434254,1878.8076649961947,1882.8056640625,1371189
2024-12-17 00:00:00+05:30,1874.0391195215789,1891.283306220701,1867.006488701174,1879.1448974609375,1987909
2024-12-18 00:00:00+05:30,1877.603399225627,1899.7126379800522,1875.4358221870136,1888.53759765625,3460812
2024-12-19 00:00:00+05:30,1840.032134295835,1874.9059947231597,1840.032134295835,1863.393798828125,1916115
2024-12-20 00:00:00+05:30,1882.9982903663076,1885.936608590307,1826.9303429986162,1841.3326416015625,3786921
2024-12-23 00:00:00+05:30,1848.2207722746568,1868.3551789794353,1829.5796324149032,1833.28857421875,2058339
2024-12-24 00:00:00+05:30,1838.6833388294083,1853.182067941226,1820.0421996846294,1827.4600830078125,1310301
2024-12-26 00:00:00+05:30,1835.793403417017,1838.9725637587687,1817.2004779959673,1831.12109375,1065107
2024-12-27 00:00:00+05:30,1830.3984692434428,1833.1922588477946,1813.7321624577392,1822.6915283203125,1328546
2024-12-30 00:00:00+05:30,1818.8381060119257,1896.8226695030332,1797.3068627576147,1858.2879638671875,6262203
2024-12-31 00:00:00+05:30,1845.041531519281,1857.180057036032,1809.7342039950877,1847.1610107421875,1968650
2025-01-01 00:00:00+05:30,1847.1610685353444,1865.9948346456708,1838.0090762918644,1841.91064453125,880695
2025-01-02 00:00:00+05:30,1841.9107129494778,1903.9035146856029,1840.0804085116622,1899.95361328125,3487645
2025-01-03 00:00:00+05:30,1907.4677620313391,1919.1244859462595,1869.8964273246613,1875.3394775390625,2853344
2025-01-06 00:00:00+05:30,1879.7711402018804,1901.1097573182528,1859.2995774962865,1881.5052490234375,1789037
2025-01-07 00:00:00+05:30,1888.2005533845602,1908.4312735993947,1838.9724910481802,1845.716064453125,2494547
2025-01-08 00:00:00+05:30,1836.4678193208301,1867.4882109675714,1825.1482493033584,1861.4671630859375,2372138
2025-01-09 00:00:00+05:30,1856.2167651449697,1873.220109448166,1849.6658183322752,1863.9237060546875,2742139
2025-01-10 00:00:00+05:30,1865.079766045461,1928.9991859540055,1864.3572403096478,1922.0147705078125,4802079
2025-01-13 00:00:00+05:30,1921.8219590526749,1938.488147195578,1893.4026161792365,1916.5234375,5694121
2025-01-14 00:00:00+05:30,1865.176115478957,1867.9699052313576,1731.8942223464019,1747.115478515625,15819311
2025-01-15 00:00:00+05:30,1768.742801047383,1776.0162730039747,1746.1518793043729,1758.820068359375,3350594
2025-01-16 00:00:00+05:30,1765.8528107536572,1770.6214333340986,1719.9002232742969,1726.5955810546875,5362008
2025-01-17 00:00:00+05:30,1725.3792052894541,1744.9393180377915,1703.0456641082012,1740.8521728515625,2424374
2025-01-20 00:00:00+05:30,1742.0200391933088,1750.6810196357735,1715.2586561805329,1747.9561767578125,3401004
2025-01-21 00:00:00+05:30,1743.2850714252816,1771.8467402811234,1743.2850714252816,1753.9896240234375,4005357
2025-01-22 00:00:00+05:30,1759.6338541957978,1782.2593868884285,1755.5954132861316,1778.610107421875,3009261
2025-01-23 00:00:00+05:30,1768.2461805628952,1779.8264652567473,1755.7412217065453,1758.466064453125,3750930
2025-01-24 00:00:00+05:30,1751.6540277348167,1780.2644006128137,1742.9930479504662,1744.696044921875,3171259
2025-01-27 00:00:00+05:30,1727.3254664370272,1731.9478866993234,1661.4438609521128,1665.9688720703125,4174844
2025-01-28 00:00:00+05:30,1665.9690555085922,1684.0208725635682,1645.5817945709296,1647.7713623046875,5079829
2025-01-29 00:00:00+05:30,1650.447464459715,1677.7927082434358,1650.447464459715,1672.8297119140625,3733620
2025-01-30 00:00:00+05:30,1675.749115041883,1686.404963465821,1652.247731743332,1667.088134765625,2543744
2025-01-31 00:00:00+05:30,1663.14690366746,1691.5138727088051,1663.14690366746,1679.1063232421875,2033832
2025-02-01 00:00:00+05:30,1679.6416152539755,1685.4317575465654,1642.6622517663443,1648.5010986328125,569018
2025-02-03 00:00:00+05:30,1620.2799987792969,1654.9237996194927,1616.874004787869,1646.5548095703125,2659929
2025-02-04 00:00:00+05:30,1649.5715397252072,1689.275746164718,1646.6035304924806,1686.0157470703125,3647768
2025-02-05 00:00:00+05:30,1683.5342436504516,1699.8830630129648,1664.0714200244347,1666.8448486328125,2681942
2025-02-06 00:00:00+05:30,1677.549437967191,1682.0258637398163,1666.8448847409934,1677.2088623046875,2057798
2025-02-07 00:00:00+05:30,1676.8680506567334,1684.5071842620446,1654.9723766845232,1679.3009033203125,2428098
2025-02-10 00:00:00+05:30,1677.646519187554,1693.2654810553222,1666.114821135246,1687.2806396484375,1823071
2025-02-11 00:00:00+05:30,1695.9902857733714,1702.0237128247647,1668.9369168064445,1676.9166259765625,1702553
2025-02-12 00:00:00+05:30,1677.5980006027144,1695.601111323534,1653.5127578816175,1671.17529296875,2214307
2025-02-13 00:00:00+05:30,1666.0176695543475,1683.4855058977948,1654.583260899404,1657.356689453125,1838463
2025-02-14 00:00:00+05:30,1665.0445565022371,1677.1115308746096,1654.2912989625797,1665.287841796875,1460459
2025-02-17 00:00:00+05:30,1665.287715756722,1673.948695348642,1648.5983220493933,1663.9739990234375,1127023
2025-02-18 00:00:00+05:30,1660.1787771547197,1682.0744527033605,1655.5563567611177,1679.155029296875,1511900
2025-02-19 00:00:00+05:30,1676.916836226467,1685.0912459083356,1657.697297894337,1666.3096923828125,1294110
2025-02-20 00:00:00+05:30,1659.400334532194,1668.4992998283324,1638.3319224863699,1642.2244873046875,1681532
2025-02-21 00:00:00+05:30,1644.608433998697,1658.3784041126937,1639.8887234937733,1655.02099609375,1222563
2025-02-24 00:00:00+05:30,1639.7427814017433,1644.6084869845379,1593.6158687185234,1599.8927001953125,4455420
2025-02-25 00:00:00+05:30,1592.0589596409918,1607.5805138396593,1587.436539067462,1592.15625,1951519
2025-02-27 00:00:00+05:30,1576.4886771764623,1615.4143235264985,1571.8175520977998,1585.4415283203125,2266866
2025-02-28 00:00:00+05:30,1568.7034886199208,1571.5742074130837,1520.4842985095192,1532.7459716796875,4910121
2025-03-03 00:00:00+05:30,1532.7458396969946,1560.3343643709804,1526.3230138117233,1530.1669921875,1784684
2025-03-04 00:00:00+05:30,1518.1002599926735,1518.1002599926735,1482.0940358774626,1494.25830078125,3246644
2025-03-05 00:00:00+05:30,1490.8521893343627,1538.9253842109138,1489.9277527910529,1530.7022705078125,3112003
2025-03-06 00:00:00+05:30,1537.5630054374783,1551.8681327182455,1532.8432946537996,1542.8665771484375,2011489
2025-03-07 00:00:00+05:30,1540.1418825665492,1544.3750228595363,1513.818366638832,1516.105224609375,2091986
2025-03-10 00:00:00+05:30,1515.1807613632227,1530.2157445229054,1505.4493499222258,1507.6876220703125,1855766
2025-03-11 00:00:00+05:30,1488.8573052918143,1531.6755173402948,1481.7047413556818,1525.7393798828125,1846190
2025-03-12 00:00:00+05:30,1514.2075884694818,1522.9658585827372,1466.620963762466,1499.22119140625,3113860
2025-03-13 00:00:00+05:30,1499.2211720543044,1506.3737354628095,1488.078753848479,1493.5283203125,1983351
2025-03-17 00:00:00+05:30,1486.959653635221,1505.9846103328782,1478.2500879974045,1503.6490478515625,2029100
2025-03-18 00:00:00+05:30,1503.6490478515625,1503.6490478515625,1503.6490478515625,1503.6490478515625,0
2025-03-19 00:00:00+05:30,1516.6404538554523,1519.4138823226538,1484.1375162961795,1502.9677734375,4522829
2025-03-20 00:00:00+05:30,1506.27641649943,1539.6064989226804,1505.4979749002928,1520.04638671875,4608677
2025-03-21 00:00:00+05:30,1493.8688821185785,1549.289339159759,1480.6341868879636,1524.6201171875,8109210
2025-03-24 00:00:00+05:30,1548.2675017351921,1567.6330335290513,1518.100127408485,1561.0643310546875,2487843
2025-03-25 00:00:00+05:30,1578.4349469817892,1614.3924649959433,1575.4668189544689,1581.257080078125,4906013
2025-03-26 00:00:00+05:30,1581.2569872253455,1600.768394882921,1578.4348542947278,1589.5286865234375,3096513
2025-03-27 00:00:00+05:30,1581.986831905194,1600.8170881810943,1570.2118485103354,1586.365966796875,3383080
2025-03-28 00:00:00+05:30,1572.6932786249758,1581.8895331234721,1539.119911301033,1549.7271728515625,2211077
2025-04-01 00:00:00+05:30,1534.643516074938,1542.428644881913,1485.110610282232,1489.2464599609375,4126827
2025-04-02 00:00:00+05:30,1474.3088813131858,1497.2264035195647,1465.9398909597705,1486.5218505859375,3167863
2025-04-03 00:00:00+05:30,1459.711689530044,1459.711689530044,1425.6517501076762,1430.61474609375,3966161
2025-04-04 00:00:00+05:30,1410.0814499388534,1417.0880183225154,1380.9845073722638,1383.9039306640625,4421312
2025-04-07 00:00:00+05:30,1308.8748534529925,1346.5840732086085,1267.7596396549338,1337.1932373046875,6484139
2025-04-08 00:00:00+05:30,1342.934770950823,1385.9962663237025,1335.1496418438614,1365.6575927734375,3938359
2025-04-09 00:00:00+05:30,1343.5673799718852,1351.4010951145403,1320.6012721207262,1342.934814453125,3306801
2025-04-11 00:00:00+05:30,1323.4720270211192,1386.726204783158,1323.4720270211192,1353.2015380859375,4859622
2025-04-15 00:00:00+05:30,1381.860373811558,1390.424063081412,1368.236398295106,1388.185791015625,3265147
2025-04-16 00:00:00+05:30,1376.994684565425,1397.5279384355988,1367.7498439269996,1393.24609375,2553111
2025-04-17 00:00:00+05:30,1381.8602921402337,1403.3666856046532,1346.8272143113263,1399.3768310546875,3549969
2025-04-21 00:00:00+05:30,1396.4575561852912,1458.7385900500012,1391.591850414611,1442.1951904296875,2840104
2025-04-22 00:00:00+05:30,1449.980313182645,1459.6144343238652,1425.1652138630761,1440.151611328125,2608145
2025-04-23 00:00:00+05:30,1513.2345064132096,1557.025858688833,1502.2379637695615,1551.18701171875,13293318
2025-04-24 00:00:00+05:30,1552.1600041267106,1560.2371225112338,1533.7676141752836,1544.0828857421875,3193118
2025-04-25 00:00:00+05:30,1547.2943921134934,1574.5423436727249,1525.9825776713378,1535.811279296875,3800415
2025-04-28 00:00:00+05:30,1540.536320663959,1544.8675650228545,1513.0724222887038,1525.081787109375,2618810
2025-04-29 00:00:00+05:30,1530.6925996448524,1556.0893480768054,1523.9004348165731,1544.4737548828125,2231069
2025-04-30 00:00:00+05:30,1546.4424811696322,1563.0783282012746,1529.7082213479366,1542.9971923828125,3682256
2025-05-02 00:00:00+05:30,1542.505066065393,1556.2862217290278,1532.7597962422517,1547.8206787109375,1370848
2025-05-05 00:00:00+05:30,1555.3019006813322,1572.7251713772714,1538.8629982769635,1544.080078125,1012225
2025-05-06 00:00:00+05:30,1552.1519186565629,1559.0424964686774,1540.6347379304586,1554.4158935546875,2055057
2025-05-07 00:00:00+05:30,1527.7395058811294,1553.7268514053494,1520.848928212851,1538.8629150390625,5469936
2025-05-08 00:00:00+05:30,1537.4847937236511,1573.0204635165983,1531.4801714310158,1555.9908447265625,2789018
2025-05-09 00:00:00+05:30,1541.520677632564,1553.037738078756,1532.9567219327946,1544.8675537109375,2035161
2025-05-12 00:00:00+05:30,1573.8079789588676,1648.816790247355,1569.0829633756916,1644.1903076171875,4028207
2025-05-13 00:00:00+05:30,1658.660546242799,1661.7120638681465,1589.9515924641453,1594.2828369140625,3118470
2025-05-14 00:00:00+05:30,1604.5202659682388,1616.628043647457,1591.7234785709463,1612.099853515625,1569126
2025-05-15 00:00:00+05:30,1624.2075866123416,1675.9853317046468,1599.5983807545788,1669.488525390625,4961582
2025-05-16 00:00:00+05:30,1665.452664833387,1667.0276299996597,1632.0825571534901,1633.952880859375,2586263
2025-05-19 00:00:00+05:30,1635.0356648669633,1637.9887696198837,1612.4936078872424,1623.8138427734375,1642018
2025-05-20 00:00:00+05:30,1634.8388373789392,1639.9575042131878,1610.8202280507116,1612.6905517578125,2421580
2025-05-21 00:00:00+05:30,1619.2856921179819,1631.5902946416747,1602.9452039989446,1626.17626953125,1420835
2025-05-22 00:00:00+05:30,1612.7890013747433,1615.052976303756,1588.7703914981055,1607.473388671875,2202093
2025-05-23 00:00:00+05:30,1607.4733199111781,1644.6824870774674,1597.1374534941128,1622.4356689453125,1459454
2025-05-26 00:00:00+05:30,1626.5701613418387,1649.6044030050105,1619.8764090082184,1647.438720703125,1078813
2025-05-27 00:00:00+05:30,1647.6356436384647,1649.309021617625,1615.8405007372912,1626.2747802734375,2740015
2025-05-28 00:00:00+05:30,1637.9887739214864,1640.7450530963065,1621.2545136109904,1631.3935546875,1775441
2025-05-29 00:00:00+05:30,1643.894934026886,1649.3089592587112,1629.7200075693167,1638.677734375,2374051
2025-05-30 00:00:00+05:30,1638.6778142531648,1638.6778142531648,1601.8625370118846,1611.01708984375,4408910
2025-06-02 00:00:00+05:30,1599.69684523629,1609.6389406916558,1580.6000768411682,1605.996826171875,1883100
2025-06-03 00:00:00+05:30,1621.1561390669253,1625.8810346981995,1591.7235035586746,1604.9140625,2380133
2025-06-04 00:00:00+05:30,1605.5045806958647,1618.8919645711403,1596.842092220143,1600.68115234375,1659720
2025-06-05 00:00:00+05:30,1609.3437332125513,1628.0467306279422,1599.2046918119818,1606.8828125,1409322
2025-06-06 00:00:00+05:30,1605.7014598169787,1614.1671229941314,1596.6453198775973,1612.099853515625,1261281
2025-06-09 00:00:00+05:30,1622.2388211576292,1632.0825033248477,1613.3795072071325,1622.5341796875,1299786
2025-06-10 00:00:00+05:30,1627.456080161277,1658.5620929124013,1623.2232486100515,1642.024658203125,3055223
2025-06-11 00:00:00+05:30,1649.8012365830948,1698.429053626982,1639.957553787253,1694.9837646484375,5085821
2025-06-12 00:00:00+05:30,1698.0353133523197,1699.0196816499154,1668.5042644244534,1674.6072998046875,3607962
2025-06-13 00:00:00+05:30,1639.9575224414812,1684.254094176095,1638.579382843976,1668.799560546875,1988422
2025-06-16 00:00:00+05:30,1665.550992092281,1702.3663867536977,1657.0854496164372,1696.06640625,2116100
2025-06-17 00:00:00+05:30,1700.988389275287,1711.6196147731152,1693.1134430286425,1702.5633544921875,1777245
2025-06-18 00:00:00+05:30,1700.889933721456,1717.7226068680789,1683.2697179051088,1689.0775146484375,1794428
2025-06-19 00:00:00+05:30,1692.8180283908018,1692.8180283908018,1670.6697428059601,1687.1087646484375,2514527
2025-06-20 00:00:00+05:30,1687.108817325416,1715.3601388664335,1682.3838015215972,1712.702392578125,2719770
2025-06-23 00:00:00+05:30,1702.1695018130388,1702.7602188830258,1672.6384547991959,1676.575927734375,2221446
2025-06-24 00:00:00+05:30,1693.0149717502875,1705.5164004201354,1662.794794475413,1665.354248046875,3601071
2025-06-25 00:00:00+05:30,1675.394730722669,1693.802368594661,1674.410362490752,1690.2586669921875,1307518
2025-06-26 00:00:00+05:30,1683.2697235671324,1699.9055711833528,1676.0837872086852,1697.1492919921875,2971055
2025-06-27 00:00:00+05:30,1707.8789995150623,1725.1054447551278,1684.0573347336585,1696.3619384765625,6478283
2025-06-30 00:00:00+05:30,1698.0352777276194,1707.6821349065233,1686.518216952237,1701.5789794921875,1855229
2025-07-01 00:00:00+05:30,1701.5788618605704,1717.7225245188479,1687.207110043155,1691.43994140625,1639826
2025-07-02 00:00:00+05:30,1695.0821055332174,1711.3241814573162,1684.2540549171515,1691.7352294921875,2069447
2025-07-03 00:00:00+05:30,1689.1760227640202,1703.4493632827139,1679.8245238034967,1685.14013671875,1839063
2025-07-04 00:00:00+05:30,1688.1915048993983,1701.9726600414342,1679.5290164595497,1698.921142578125,768500
2025-07-07 00:00:00+05:30,1698.5273884554344,1698.5273884554344,1676.6744617166323,1683.6634521484375,1366412
2025-07-08 00:00:00+05:30,1673.426055126385,1692.030639418748,1661.1214517798676,1681.3994140625,2139193
2025-07-09 00:00:00+05:30,1683.269778015793,1687.5026097329715,1644.879414657538,1647.83251953125,2894808
2025-07-10 00:00:00+05:30,1648.8167683246718,1653.6401966345861,1623.2231946073932,1637.693359375,2740853
2025-07-11 00:00:00+05:30,1617.513860052257,1629.6216375899955,1604.5202472193855,1612.6905517578125,2548153
2025-07-14 00:00:00+05:30,1614.3639268747754,1616.7264347026298,1581.879774687661,1594.479736328125,3334703
2025-07-15 00:00:00+05:30,1565.1456189546889,1596.054808040689,1525.7708864023696,1541.91455078125,14685607
2025-07-16 00:00:00+05:30,1541.9144291568186,1549.3956037192233,1535.6144484129532,1538.3707275390625,5218099
2025-07-17 00:00:00+05:30,1539.158242706736,1542.3082933494093,1518.289682908413,1519.7662353515625,4966082
2025-07-18 00:00:00+05:30,1531.7703199222558,1537.7227952587411,1517.8812108037898,1536.5323486328125,3902458
2025-07-21 00:00:00+05:30,1536.5323582048318,1538.4172118570575,1513.912903343908,1518.278076171875,3368842
2025-07-22 00:00:00+05:30,1520.956599934848,1527.603603248417,1506.2739004114567,1508.0595703125,3218227
2025-07-23 00:00:00+05:30,1512.027937029613,1523.833704140448,1505.976277920052,1517.682861328125,3471536
2025-07-24 00:00:00+05:30,1517.8811729052493,1525.7186227899533,1489.7060994620108,1495.26171875,4654421
2025-07-25 00:00:00+05:30,1489.2101127764352,1500.222168044571,1474.824963894643,1478.2972412109375,2733655
2025-07-28 00:00:00+05:30,1478.2972057132122,1482.3647062510875,1451.9079229637318,1454.4873046875,4404841
2025-07-29 00:00:00+05:30,1454.4872794058344,1465.7970064171477,1449.4276997464992,1460.7374267578125,6223556
2025-07-30 00:00:00+05:30,1468.7732484212295,1472.5431978041706,1457.1659702793283,1464.804931640625,1642426
2025-07-31 00:00:00+05:30,1453.3960174093436,1470.9557706800213,1447.9395818491037,1456.2730712890625,2306285
2025-08-01 00:00:00+05:30,1453.39599009819,1455.280964749717,1438.514802486263,1440.59814453125,2152783
2025-08-04 00:00:00+05:30,1440.5981436069515,1463.7136367906794,1429.1892331117942,1462.7215576171875,2384774
2025-08-05 00:00:00+05:30,1468.1780613938822,1473.6344971020062,1459.5468995207978,1470.955810546875,2614394
2025-08-06 00:00:00+05:30,1469.170103903434,1471.9478529870194,1444.864163629123,1451.6102294921875,1735697
2025-08-07 00:00:00+05:30,1446.4514801325292,1467.4835108261477,1439.506925701166,1463.8128662109375,1495363
2025-08-08 00:00:00+05:30,1463.1184560693682,1470.4597452840349,1447.4435562308472,1464.01123046875,2815614
2025-08-11 00:00:00+05:30,1463.3168374338459,1518.873273295741,1453.9912686220582,1476.2138671875,2374556
2025-08-12 00:00:00+05:30,1478.198055359877,1497.9404562930858,1477.2059761280918,1487.2259521484375,3422656
2025-08-13 00:00:00+05:30,1488.118820093761,1495.55941419423,1477.2059487464069,1489.2100830078125,2916128
2025-08-14 00:00:00+05:30,1489.110872336482,1504.1904276656112,1474.031317007353,1477.9996337890625,4227538
2025-08-18 00:00:00+05:30,1486.2337615701688,1490.0037108098818,1464.2096527159215,1473.237548828125,2795155
2025-08-19 00:00:00+05:30,1464.6065695564882,1470.8565958465647,1457.5627103626266,1464.4080810546875,2515817
2025-08-20 00:00:00+05:30,1456.3722945432612,1488.41650178146,1446.4515023461001,1484.1505126953125,10219330
2025-08-21 00:00:00+05:30,1488.1188028984977,1493.0791989081592,1474.3288777709547,1481.6702880859375,2157601
2025-08-22 00:00:00+05:30,1477.8011638981282,1479.6861386138614,1452.4039603960396,1454.685791015625,2802805
2025-08-25 00:00:00+05:30,1468.277253646731,1497.741958200841,1464.5073041487021,1492.2855224609375,2764914
2025-08-26 00:00:00+05:30,1490.0037262840863,1494.567266235114,1473.2375641282072,1480.975830078125,4092265
2025-08-28 00:00:00+05:30,1476.2139067870519,1476.2139067870519,1434.5465787729013,1438.3165283203125,4367902
2025-08-29 00:00:00+05:30,1438.3164595138855,1451.0150004962886,1427.8003232068393,1443.27685546875,3404604
2025-09-01 00:00:00+05:30,1434.5465660742134,1460.836665659944,1434.5465660742134,1456.7691650390625,2105254
2025-09-02 00:00:00+05:30,1457.3643639459403,1465.697853556104,1448.1379788233626,1454.0904541015625,1295198
2025-09-03 00:00:00+05:30,1463.3168338718854,1463.3168338718854,1441.0942353605371,1454.4873046875,1800307
2025-09-04 00:00:00+05:30,1453.4951732476839,1454.2888850280538,1429.48690568418,1431.867919921875,2192155
2025-09-05 00:00:00+05:30,1436.5306725962384,1440.7966615708676,1391.688741478662,1407.7603759765625,3895199
2025-09-08 00:00:00+05:30,1412.6215639754078,1417.284287664702,1389.902926607465,1391.8870849609375,2929976
2025-09-09 00:00:00+05:30,1399.0299805823042,1420.4589872841461,1397.9387177288652,1415.796142578125,2906889
2025-09-10 00:00:00+05:30,1423.534511889365,1460.2414434133325,1420.7566416029392,1452.3048095703125,3205017
2025-09-11 00:00:00+05:30,1452.3047566848338,1458.7532714474657,1446.7491374177112,1456.0745849609375,1982922
2025-09-12 00:00:00+05:30,1463.3167570795708,1468.2771528662813,1451.4118071914659,1455.5784912109375,2110883
2025-09-15 00:00:00+05:30,1455.5785622761146,1456.6699462852055,1440.4990067896565,1454.8841552734375,1725617
2025-09-16 00:00:00+05:30,1452.3047886256354,1473.4360032658756,1449.5269183792714,1471.3526611328125,1724524
2025-09-17 00:00:00+05:30,1478.9917661498778,1487.1267674034445,1463.6145380679877,1469.765380859375,2656774
2025-09-18 00:00:00+05:30,1480.777327855485,1490.9957916300839,1474.3288133248036,1481.9678955078125,2792406
2025-09-19 00:00:00+05:30,1481.9680157411005,1481.9680157411005,1452.404005975905,1455.777099609375,3197957
2025-09-22 00:00:00+05:30,1411.728710243538,1437.7211370013135,1403.7920765949445,1428.494873046875,4457129
2025-09-23 00:00:00+05:30,1432.7606967595327,1432.7606967595327,1409.149285045608,1418.474853515625,3106480
2025-09-24 00:00:00+05:30,1413.8120198776494,1433.2567476493368,1408.7524402635831,1430.8758544921875,2894044
2025-09-25 00:00:00+05:30,1428.792463482306,1431.0742941604644,1404.784194475714,1412.5224609375,2713246
2025-09-26 00:00:00+05:30,1408.7524769695417,1415.2009918289093,1380.9742591138042,1384.2481689453125,2568054
2025-09-29 00:00:00+05:30,1386.0337638980243,1391.4901992531547,1372.0454720264631,1376.41064453125,2990852
2025-09-30 00:00:00+05:30,1381.0734608043965,1393.8713069896116,1370.9543011807868,1374.12890625,2782077
2025-10-01 00:00:00+05:30,1375.1209251270336,1385.7362449992556,1371.0534247157814,1378.4940185546875,2253527
2025-10-03 00:00:00+05:30,1385.438640023715,1388.712549913045,1369.4661886952535,1382.46240234375,2793839
2025-10-06 00:00:00+05:30,1382.462313749559,1409.7444907342112,1379.783748450613,1406.4705810546875,1970901
2025-10-07 00:00:00+05:30,1410.736659322066,1430.4790601394516,1405.9746305960662,1422.04638671875,1592836
2025-10-08 00:00:00+05:30,1421.847869013159,1447.1458887557562,1415.8953937796068,1441.689453125,1735807
2025-10-09 00:00:00+05:30,1441.6894227170278,1479.2892480365983,1440.9950157291273,1474.7257080078125,2681316
2025-10-10 00:00:00+05:30,1479.1900626194993,1486.6306564958547,1462.2255328020915,1483.6544189453125,2129445
2025-10-13 00:00:00+05:30,1478.1979940189058,1490.301311703063,1464.80492494558,1482.8607177734375,1820492
2025-10-14 00:00:00+05:30,1503.3968823591308,1522.8416109558634,1478.3964132175422,1483.5552978515625,5802489
2025-10-15 00:00:00+05:30,1486.0354300642905,1497.4443406505789,1474.3288472822107,1483.852783203125,1710696
2025-10-16 00:00:00+05:30,1488.0196281810797,1507.8612123394958,1486.1346534653464,1503.0,2021043
2025-10-17 00:00:00+05:30,1499.0,1501.300048828125,1479.199951171875,1486.199951171875,3210161
2025-10-20 00:00:00+05:30,1489.9000244140625,1509.9000244140625,1489.0999755859375,1495.4000244140625,2354881
2025-10-21 00:00:00+05:30,1502.699951171875,1503.0,1481.0,1486.0,274400
2025-10-23 00:00:00+05:30,1510.0,1547.5,1505.5,1523.9000244140625,5011470
2025-10-24 00:00:00+05:30,1525.0,1532.5999755859375,1516.4000244140625,1523.800048828125,1491451
2025-10-27 00:00:00+05:30,1531.4000244140625,1549.5,1526.800048828125,1533.5,1394846
2025-10-28 00:00:00+05:30,1535.0,1542.0,1512.0,1522.0999755859375,1936466
2025-10-29 00:00:00+05:30,1530.0,1559.0,1522.0,1557.300048828125,2596355
2025-10-30 00:00:00+05:30,1557.699951171875,1559.9000244140625,1538.0999755859375,1549.800048828125,2183395
2025-10-31 00:00:00+05:30,1549.800048828125,1558.199951171875,1537.5999755859375,1541.5,1723467
2025-11-03 00:00:00+05:30,1540.0999755859375,1549.699951171875,1528.199951171875,1543.5,2252136
2025-11-04 00:00:00+05:30,1536.4000244140625,1541.9000244140625,1525.0,1529.0999755859375,1666863
2025-11-05 00:00:00+05:30,1529.0999755859375,1529.0999755859375,1529.0999755859375,1529.0999755859375,0
2025-11-06 00:00:00+05:30,1529.0999755859375,1531.9000244140625,1514.300048828125,1526.4000244140625,2474769
2025-11-07 00:00:00+05:30,1515.0999755859375,1518.800048828125,1490.5,1512.4000244140625,2238714
2025-11-10 00:00:00+05:30,1518.0,1544.9000244140625,1511.4000244140625,1540.5,1558896
2025-11-11 00:00:00+05:30,1547.800048828125,1572.5,1541.199951171875,1570.0,2270763
2025-11-12 00:00:00+05:30,1575.0,1600.0,1573.5,1594.0,2331564
2025-11-13 00:00:00+05:30,1599.4000244140625,1605.0,1580.0,1598.5,1944022
2025-11-14 00:00:00+05:30,1590.0,1598.0,1574.0999755859375,1594.5999755859375,2543918
2025-11-17 00:00:00+05:30,1594.0,1607.699951171875,1585.5,1606.4000244140625,2000978
2025-11-18 00:00:00+05:30,1604.0,1604.0,1590.0999755859375,1595.199951171875,1640123
2025-11-19 00:00:00+05:30,1595.300048828125,1669.5,1588.5999755859375,1662.5999755859375,6342672
2025-11-20 00:00:00+05:30,1662.5999755859375,1668.4000244140625,1642.5999755859375,1645.4000244140625,2724035
2025-11-21 00:00:00+05:30,1636.0,1643.5,1606.0,1608.0,2958835
2025-11-24 00:00:00+05:30,1614.300048828125,1640.0,1602.9000244140625,1610.4000244140625,6392688
2025-11-25 00:00:00+05:30,1618.300048828125,1618.9000244140625,1592.5999755859375,1601.0999755859375,2285950
2025-11-26 00:00:00+05:30,1601.0999755859375,1627.5,1601.0999755859375,1617.9000244140625,1243303
2025-11-27 00:00:00+05:30,1619.0999755859375,1633.199951171875,1614.0,1629.0,2106176
2025-11-28 00:00:00+05:30,1629.0,1636.9000244140625,1619.0,1624.199951171875,1841289
2025-12-01 00:00:00+05:30,1630.0,1646.5,1628.0,1642.9000244140625,2034350
2025-12-02 00:00:00+05:30,1651.0,1652.9000244140625,1624.0,1635.5,2326220
2025-12-03 00:00:00+05:30,1635.5,1654.5999755859375,1628.800048828125,1640.5,2371611
2025-12-04 00:00:00+05:30,1650.0,1672.0,1645.0999755859375,1654.5999755859375,3935708
2025-12-05 00:00:00+05:30,1662.699951171875,1691.0,1651.0,1683.0,3391204
2025-12-08 00:00:00+05:30,1683.0,1695.4000244140625,1676.9000244140625,1688.5999755859375,2702407
2025-12-09 00:00:00+05:30,1687.0,1687.0,1656.4000244140625,1657.5999755859375,2817704
2025-12-10 00:00:00+05:30,1663.300048828125,1671.0,1657.0,1666.0,1482249
2025-12-11 00:00:00+05:30,1667.5,1677.4000244140625,1649.0,1672.4000244140625,1408684
2025-12-12 00:00:00+05:30,1677.4000244140625,1677.9000244140625,1660.0,1673.199951171875,1284337
2025-12-15 00:00:00+05:30,1673.199951171875,1688.0,1660.0,1684.0,1689723
2025-12-16 00:00:00+05:30,1681.0,1682.0,1645.4000244140625,1651.699951171875,1929309
2025-12-17 00:00:00+05:30,1651.0,1664.5,1646.300048828125,1655.0,1394918
2025-12-18 00:00:00+05:30,1657.0,1673.9000244140625,1651.199951171875,1661.4000244140625,1822056
2025-12-19 00:00:00+05:30,1675.0,1681.0,1632.5,1642.4000244140625,3487150
2025-12-22 00:00:00+05:30,1651.9000244140625,1673.5,1644.0,1670.300048828125,1339691
2025-12-23 00:00:00+05:30,1675.0999755859375,1686.9000244140625,1656.199951171875,1679.9000244140625,1614314
2025-12-24 00:00:00+05:30,1676.0,1680.0,1665.0999755859375,1674.699951171875,989858
2025-12-25 00:00:00+05:30,1674.699951171875,1674.699951171875,1674.699951171875,1674.699951171875,0
2025-12-26 00:00:00+05:30,1668.0,1676.4000244140625,1650.5,1660.9000244140625,921138
2025-12-29 00:00:00+05:30,1659.699951171875,1660.800048828125,1625.4000244140625,1630.800048828125,1516288
2025-12-30 00:00:00+05:30,1630.800048828125,1635.699951171875,1611.0999755859375,1615.199951171875,3323273
2025-12-31 00:00:00+05:30,1624.5,1631.699951171875,1616.800048828125,1623.300048828125,1359963
2026-01-01 00:00:00+05:30,1622.9000244140625,1645.699951171875,1618.4000244140625,1634.5,773806
2026-01-02 00:00:00+05:30,1632.0,1643.0,1625.0999755859375,1640.199951171875,950573
