Date,Open,High,Low,Close,Volume
2021-01-04 00:00:00+05:30,681.0192116775081,681.0192116775081,662.5492886904269,670.6002807617188,15740192
2021-01-05 00:00:00+05:30,672.1158159334071,677.5857784188031,667.2852432584963,675.667724609375,14386824
2021-01-06 00:00:00+05:30,679.5985087322957,681.9664477871121,669.2269241099976,672.7551879882812,22134050
2021-01-07 00:00:00+05:30,678.4145520741395,678.4618992939315,668.9664981906012,670.71875,19894842
2021-01-08 00:00:00+05:30,678.1777681029891,682.9136463718647,673.962824881487,678.0120239257812,13768764
2021-01-11 00:00:00+05:30,686.7023588514919,693.758829135686,680.2142286543354,687.3890380859375,17331392
2021-01-12 00:00:00+05:30,687.8625898545131,704.5565601168332,686.276082257034,701.383544921875,20388156
2021-01-13 00:00:00+05:30,707.0193864234317,708.9137380206217,692.4328560006597,696.4820556640625,16934650
2021-01-14 00:00:00+05:30,696.7187145853906,704.6986575797872,689.5438477393617,695.5820922851562,12297166
2021-01-15 00:00:00+05:30,695.7478524799448,696.9555245413233,684.3343976182036,694.5875854492188,14165236
2021-01-18 00:00:00+05:30,696.1266554557428,711.7313489217837,694.75323939848,702.3779907226562,42825632
2021-01-19 00:00:00+05:30,706.4983186612751,715.8990251352752,694.7533178392471,712.2050170898438,17360254
2021-01-20 00:00:00+05:30,710.8552464953057,710.8552464953057,703.7514299080775,706.5929565429688,13346052
2021-01-21 00:00:00+05:30,706.5930756304524,707.7059955211522,695.2980169153192,698.4473876953125,26333054
2021-01-22 00:00:00+05:30,695.1795566696569,695.1795566696569,682.0374949646825,683.647705078125,15392364
2021-01-25 00:00:00+05:30,693.853475383822,701.3835329786784,689.1412998903074,692.7879028320312,20344718
2021-01-27 00:00:00+05:30,695.2269379463488,697.073942054867,665.9355420753217,667.5693969726562,23556276
2021-01-28 00:00:00+05:30,658.2396825593556,663.6385949413054,635.5548157983885,649.501953125,42704446
2021-01-29 00:00:00+05:30,658.9264028315245,667.1668424746923,646.2105814067206,658.5238647460938,28704502
2021-02-01 00:00:00+05:30,667.877141365812,702.0938571705842,663.4964545672772,699.3707275390625,26370544
2021-02-02 00:00:00+05:30,710.8553173311757,747.5583733559366,709.1504127425507,739.0574951171875,42420206
2021-02-03 00:00:00+05:30,747.7951369461741,749.0738008830458,730.2723883286894,745.8060913085938,20237254
2021-02-04 00:00:00+05:30,741.6385402984712,752.0574725376579,730.9591116288991,747.842529296875,24484684
2021-02-05 00:00:00+05:30,733.1138786291295,766.3834199558067,733.1138786291295,756.6038208007812,27054716
2021-02-08 00:00:00+05:30,767.2122266050849,772.7295359697247,755.7040200816045,760.226806640625,17447580
2021-02-09 00:00:00+05:30,762.4764131313533,771.0009941477288,751.4417934690837,763.3525390625,18421366
2021-02-10 00:00:00+05:30,761.6950206892861,764.7733417696696,742.112174301666,749.0975952148438,19788006
2021-02-11 00:00:00+05:30,749.2159471102909,756.698657949199,740.7860606113193,744.6458129882812,13648618
2021-02-12 00:00:00+05:30,745.3798525902982,754.1885741389179,744.9536120066047,749.1921997070312,9910106
2021-02-15 00:00:00+05:30,757.7877914152841,769.5801386403439,756.177581409158,765.6019897460938,10355244
2021-02-16 00:00:00+05:30,767.7805450141519,777.1576069056083,761.7423003535508,770.3616333007812,13897358
2021-02-17 00:00:00+05:30,767.2122995476974,768.0647807827121,749.6895494962994,751.3471069335938,12794426
2021-02-18 00:00:00+05:30,760.5583606487642,760.5583606487642,733.1139687293299,736.0975952148438,14720560
2021-02-19 00:00:00+05:30,731.6932277267678,740.7860913158588,726.0101735308317,728.8990478515625,17139508
2021-02-22 00:00:00+05:30,731.7168307594127,745.3798268023176,729.0646929130805,733.1138916015625,29451838
2021-02-23 00:00:00+05:30,735.8370774568311,737.7077262268455,721.1085077743629,724.1868286132812,18239906
2021-02-24 00:00:00+05:30,722.931841154258,764.3470748323017,718.0775657714667,760.795166015625,14314332
2021-02-25 00:00:00+05:30,762.3579920072215,774.908069216845,758.6876864081806,760.771484375,20109570
2021-02-26 00:00:00+05:30,751.6075668233725,752.4836927211386,720.3270684390092,726.6731567382812,27912846
2021-03-01 00:00:00+05:30,740.6913483244873,744.7405472981088,729.6567290261943,738.2760620117188,13536018
2021-03-02 00:00:00+05:30,746.2322673582679,751.8206264779094,734.53467191637,742.6803588867188,16110038
2021-03-03 00:00:00+05:30,750.1630427382644,755.8460960923422,741.1648749276413,751.5127563476562,11222410
2021-03-04 00:00:00+05:30,733.3744859871274,744.0065100625322,728.8990461317771,735.0320434570312,16291438
2021-03-05 00:00:00+05:30,725.0630043578303,731.9773754629191,720.3744730417781,724.5894165039062,17445822
2021-03-08 00:00:00+05:30,730.2723633294515,736.429004524836,716.3015236937714,719.6166381835938,15117050
2021-03-09 00:00:00+05:30,731.6931099609376,741.4963537466908,728.4963924902344,739.9808959960938,15066696
2021-03-10 00:00:00+05:30,744.4799810179977,745.9007443405512,735.0792752626375,736.7841796875,11055016
2021-03-12 00:00:00+05:30,757.7404748656829,757.7404748656829,726.9809705885083,734.9845581054688,15631204
2021-03-15 00:00:00+05:30,733.303371388489,733.303371388489,717.6276265503748,723.9500122070312,12230386
2021-03-16 00:00:00+05:30,725.0155744712979,729.5146585706096,715.1175778906098,716.1358032226562,13722366
2021-03-17 00:00:00+05:30,721.8662033617888,728.8516234041614,705.7405156649922,708.1795043945312,21064428
2021-03-18 00:00:00+05:30,715.9463931517981,720.8243708649012,701.4546172951518,706.1194458007812,18065540
2021-03-19 00:00:00+05:30,703.2779667365531,715.6859454495183,698.0922028335087,709.1978149414062,21235020
2021-03-22 00:00:00+05:30,707.9664936714229,707.9664936714229,691.6277127277023,695.7716064453125,14015632
2021-03-23 00:00:00+05:30,696.1740748748355,713.9099150865279,695.7478342871996,710.4527587890625,19761428
2021-03-24 00:00:00+05:30,706.0721372637486,713.4363936460627,696.6477274847226,700.3417358398438,16368900
2021-03-25 00:00:00+05:30,705.7404162302976,708.2741568493503,686.8206094310507,693.0245971679688,23964356
2021-03-26 00:00:00+05:30,707.5402607735458,709.9082000666299,698.0685036012092,706.2615966796875,12021258
2021-03-30 00:00:00+05:30,713.5310828024924,740.0046528436594,711.1157965428214,735.8133544921875,25607644
2021-03-31 00:00:00+05:30,733.1140000952927,733.1140000952927,704.6987287737697,707.37451171875,30774506
2021-04-01 00:00:00+05:30,710.0976484763646,710.0976484763646,693.806214538646,704.1067504882812,35763762
2021-04-05 00:00:00+05:30,700.9099594168414,703.2778984689253,677.704156706419,686.5128784179688,16006586
2021-04-06 00:00:00+05:30,691.4382599253059,692.6932792880586,678.4856438101414,682.0848999023438,15075734
2021-04-07 00:00:00+05:30,681.6349841449041,689.87536610547,673.228800195683,685.3762817382812,25088180
2021-04-08 00:00:00+05:30,688.123091309579,691.8644465891563,677.4673655322455,678.556640625,17613592
2021-04-09 00:00:00+05:30,675.3362957904267,678.5567163982668,670.1741764974265,673.3235473632812,28157816
2021-04-12 00:00:00+05:30,659.7078551379362,662.54938215217,640.7643417097112,647.4182739257812,22549128
2021-04-13 00:00:00+05:30,647.8681656292848,666.0775949671928,644.5530507466788,663.188720703125,18600682
2021-04-15 00:00:00+05:30,665.3908509916752,680.4035609465851,658.7606218714734,677.2778930664062,34444984
2021-04-16 00:00:00+05:30,679.5748161245511,684.3343968185246,674.1522587343736,676.5912475585938,15606526
2021-04-19 00:00:00+05:30,658.2870680749406,671.4054275301584,649.9045868073125,668.8954467773438,24069242
2021-04-20 00:00:00+05:30,674.8626741907973,675.5257087311528,655.4218701712806,658.9501342773438,23186270
2021-04-22 00:00:00+05:30,653.551168270815,675.7151005800558,649.3125805575211,673.6786499023438,38485312
2021-04-23 00:00:00+05:30,667.285193457898,679.4090292715103,663.1175977980581,669.7241821289062,22713528
2021-04-26 00:00:00+05:30,669.1796620682331,676.7570680081424,664.3253863879788,665.2962646484375,30170952
2021-04-27 00:00:00+05:30,666.4563956250854,682.9135707879716,665.2961287020331,681.3507080078125,20592906
2021-04-28 00:00:00+05:30,680.1905809568831,700.4364624788374,677.7042446296256,699.3945922851562,24103940
2021-04-29 00:00:00+05:30,703.8462235347221,712.110366015842,691.9118331106085,697.3580932617188,24078552
2021-04-30 00:00:00+05:30,684.3344441215665,688.5020403312811,666.5748997239481,668.84814453125,35232902
2021-05-03 00:00:00+05:30,659.7078363110799,673.394535934582,652.2725306270976,669.8662719726562,22473700
2021-05-04 00:00:00+05:30,667.7351622095179,673.9155067414977,655.1140923271569,657.5056762695312,21486328
2021-05-05 00:00:00+05:30,663.4964825368345,667.5693258995556,654.3562152204534,664.2542114257812,14421612
2021-05-06 00:00:00+05:30,666.622172836726,668.1376884767826,660.6549781447178,663.4491577148438,11477044
2021-05-07 00:00:00+05:30,669.1558806243075,674.8389344089317,667.8772166471722,670.0083618164062,12048334
2021-05-10 00:00:00+05:30,675.809748103648,677.2305114143073,669.0848248909298,672.423583984375,11060050
2021-05-11 00:00:00+05:30,661.1286730895307,674.4838280318311,660.678787732968,664.7042846679688,14519034
2021-05-12 00:00:00+05:30,662.9045297636991,667.0957702739445,657.7424111292165,662.7861328125,13774926
2021-05-14 00:00:00+05:30,660.3471355409549,662.5019831493979,654.664081956677,656.7952270507812,10604142
2021-05-17 00:00:00+05:30,660.7260994627449,683.1978197859106,654.166919312643,682.0848999023438,15120692
2021-05-18 00:00:00+05:30,690.9409231735007,702.2123363536926,689.0702744188992,699.3471069335938,22165280
2021-05-19 00:00:00+05:30,696.2688083859091,700.3653547002302,687.9100293890692,690.5857543945312,10130916
2021-05-20 00:00:00+05:30,690.6567745433202,694.2323856507859,676.5201899075936,678.556640625,10684184
2021-05-21 00:00:00+05:30,683.3872458173004,711.2815808574237,683.3872458173004,709.1030883789062,19341646
2021-05-24 00:00:00+05:30,711.9208569498711,720.066543946563,709.6713149106149,715.0938720703125,22146102
2021-05-25 00:00:00+05:30,715.3543770125982,716.8935373735985,696.41086487721,700.4126586914062,19236974
2021-05-26 00:00:00+05:30,700.9099392941847,704.2250538719275,696.1740613259808,699.5128784179688,12283990
2021-05-27 00:00:00+05:30,697.6421306756245,705.172187761946,692.598409375569,702.1649169921875,20439496
2021-05-28 00:00:00+05:30,706.0720716848272,716.5383506375555,700.3179682784436,712.0155639648438,17750020
2021-05-31 00:00:00+05:30,710.3817063881385,719.6166685711843,704.461858834904,717.8880615234375,15661054
2021-06-01 00:00:00+05:30,719.9955698673149,723.168585066384,713.8152258292779,715.9226684570312,11030162
2021-06-02 00:00:00+05:30,715.1175888548506,715.2122832918838,707.0665961326437,712.2760620117188,10624016
2021-06-03 00:00:00+05:30,714.1703420890846,722.1976314967843,704.5801899489626,720.1138916015625,10287260
2021-06-04 00:00:00+05:30,717.9591237059993,720.1613185961918,710.002825332082,710.8316040039062,9424476
2021-06-07 00:00:00+05:30,715.1175968039121,717.0119480537238,708.4873674295712,710.3106689453125,8091668
2021-06-08 00:00:00+05:30,708.7478666456698,710.9974087636919,701.6203469157421,702.3544311523438,9872540
2021-06-09 00:00:00+05:30,702.7569675535597,711.3288954100806,697.1449635294709,701.0520629882812,10223442
2021-06-10 00:00:00+05:30,701.9045201388227,705.1722877692647,697.9027260492259,701.4072875976562,11483540
2021-06-11 00:00:00+05:30,706.1194312271526,708.7478667213167,701.4072555985663,703.917236328125,7205974
2021-06-14 00:00:00+05:30,700.0811318540942,703.7514371284857,692.6458268742463,700.6494140625,8881964
2021-06-15 00:00:00+05:30,703.7515338961059,708.4874123207096,698.4473731849562,705.7642822265625,7569602
2021-06-16 00:00:00+05:30,704.6986500319072,707.540176846552,700.0101192255411,703.0884399414062,7702098
2021-06-17 00:00:00+05:30,694.2797401828149,700.3179848535726,691.4382132789289,694.3270874023438,9283802
2021-06-18 00:00:00+05:30,695.9372691383855,705.6458189970701,689.0702460676088,700.8152465820312,11938060
2021-06-21 00:00:00+05:30,692.0775962076742,706.4983809928871,690.9646763172761,705.0302124023438,7260472
2021-06-22 00:00:00+05:30,708.960992086573,714.17045829429,700.909998856465,702.7096557617188,14366824
2021-06-23 00:00:00+05:30,705.6459158913771,709.3399243472963,700.2470026908098,703.5147705078125,7844868
2021-06-24 00:00:00+05:30,705.6458725038901,716.7514840843272,704.6986968360997,713.3416748046875,14785024
2021-06-25 00:00:00+05:30,715.6386075341827,720.8007267981603,713.6969088599393,717.532958984375,10383176
2021-06-28 00:00:00+05:30,719.8534913437187,721.2742548134761,712.749673994932,714.336181640625,9356786
2021-06-29 00:00:00+05:30,716.7857178673613,717.3564596471477,709.722512551715,714.4313354492188,10971692
2021-06-30 00:00:00+05:30,712.5050106362283,717.7370233979096,710.6500126812062,712.4574584960938,9679022
2021-07-01 00:00:00+05:30,714.4075246053683,714.4075246053683,705.3704121103602,707.154052734375,16911442
2021-07-02 00:00:00+05:30,706.321710020015,708.3431694594663,702.516609898695,704.1337890625,14827036
2021-07-05 00:00:00+05:30,708.6760470569808,715.5965956833905,706.1076510887453,711.2920532226562,7373882
2021-07-06 00:00:00+05:30,712.0293057048922,732.481717291606,711.5536682261314,729.9608154296875,17669032
2021-07-07 00:00:00+05:30,729.627951175681,735.0264253821098,726.6314115936917,732.2439575195312,9629190
2021-07-08 00:00:00+05:30,725.3471571573934,731.3877299302179,719.853521037715,723.1829833984375,8420922
2021-07-09 00:00:00+05:30,719.4255306350982,721.0664568010882,712.2671629680933,714.4075317382812,10695842
2021-07-12 00:00:00+05:30,714.4075115847763,714.4075115847763,705.8460367455447,707.27294921875,14458978
2021-07-13 00:00:00+05:30,711.601265962492,716.3576410548972,705.8936158516059,714.336181640625,18178142
2021-07-14 00:00:00+05:30,712.2671274624448,716.9521450358477,709.2230359732336,713.0519409179688,9788494
2021-07-15 00:00:00+05:30,715.8345156127509,726.1796323666229,713.2898663223192,723.302001953125,10438802
2021-07-16 00:00:00+05:30,726.7502893243508,727.701564317052,722.3982526817174,724.0867309570312,5170628
2021-07-19 00:00:00+05:30,707.2730426593835,708.152960521866,697.284654027341,699.662841796875,25111600
2021-07-20 00:00:00+05:30,685.8693260228458,691.5769764474464,683.0868580530974,686.4163208007812,24174250
2021-07-22 00:00:00+05:30,692.5758207696305,698.4737379663374,687.2962556086874,689.0560913085938,13207114
2021-07-23 00:00:00+05:30,690.3879027749199,693.2179229686257,682.6825977011295,686.22607421875,13126684
2021-07-26 00:00:00+05:30,680.161631792961,686.8205568594655,679.2579089216915,682.3258056640625,13167166
2021-07-27 00:00:00+05:30,683.0629838249257,689.6268043734378,683.0629838249257,684.799072265625,22401430
2021-07-28 00:00:00+05:30,682.5635980986397,684.2996284750666,667.7950309210904,674.1210327148438,20670342
2021-07-29 00:00:00+05:30,679.3292509173456,680.1378114327916,672.2184936053619,674.5728759765625,13702230
2021-07-30 00:00:00+05:30,674.9296073725011,680.9939854514296,669.6737898129428,678.4730834960938,11655488
2021-08-02 00:00:00+05:30,682.5398220441142,682.5398220441142,673.6216187944088,676.6657104492188,13258786
2021-08-03 00:00:00+05:30,670.6489317422132,684.8705058077147,670.6489317422132,682.3971557617188,12033120
2021-08-04 00:00:00+05:30,685.3935855231096,701.3274405647641,684.9179480591796,696.9515991210938,22053948
2021-08-05 00:00:00+05:30,697.8078001562104,716.8095540851317,693.1941393958622,706.2503662109375,18822408
2021-08-06 00:00:00+05:30,705.631976840548,713.4561898312115,701.0896158741372,709.9602661132812,13339270
2021-08-09 00:00:00+05:30,709.6512417380949,716.9522666946699,702.0410407543084,715.3113403320312,10998048
2021-08-10 00:00:00+05:30,708.224258418714,722.8501119757157,708.224258418714,717.0949096679688,14838346
2021-08-11 00:00:00+05:30,720.5432632537157,722.4220081617676,709.1993204454371,711.0542602539062,12585786
2021-08-12 00:00:00+05:30,712.0293148021268,717.0710605291638,708.3669293933626,714.1221313476562,8597674
2021-08-13 00:00:00+05:30,714.027030603386,728.2010520986385,713.9319263227017,725.91796875,16658428
2021-08-16 00:00:00+05:30,725.8942394054524,730.1036199997209,723.6587081426609,728.0108032226562,6252778
2021-08-17 00:00:00+05:30,721.6372182742111,724.8715766174648,715.9771782653477,720.4243774414062,8282666
2021-08-18 00:00:00+05:30,740.4248615711514,744.5391374947473,717.4278004141593,719.6395263671875,22985932
2021-08-20 00:00:00+05:30,706.8211504103504,722.8739164966347,706.8211504103504,720.471923828125,13150406
2021-08-23 00:00:00+05:30,727.6540182634369,729.2236452390042,717.570526480986,725.1569213867188,10843054
2021-08-24 00:00:00+05:30,727.725379419533,744.1348732691891,726.5124805626797,741.447509765625,18381314
2021-08-25 00:00:00+05:30,738.2369714945701,744.2776027396884,736.2868693056814,740.7578735351562,7727974
2021-08-26 00:00:00+05:30,737.2380352176139,747.2264215012073,734.1225867475323,739.5211181640625,11119002
2021-08-27 00:00:00+05:30,738.189390820678,741.35239176859,734.9788377356009,736.5008544921875,6382138
2021-08-30 00:00:00+05:30,739.9017525518813,746.75094480437,737.9992023740358,745.9185791015625,9049166
2021-08-31 00:00:00+05:30,743.6592941906064,753.1006877524478,743.040942163784,752.1732177734375,12062576
2021-09-01 00:00:00+05:30,749.1290604651969,760.0687229354822,748.8912417158429,751.0791625976562,12422558
2021-09-02 00:00:00+05:30,748.7009537265483,757.2148763225692,747.345398506179,755.7879638671875,9618524
2021-09-03 00:00:00+05:30,754.4086008757728,760.0686985409808,745.9422885072275,749.6284790039062,10735334
2021-09-06 00:00:00+05:30,751.4834003797047,751.9590378515261,742.9219258869199,744.70556640625,7876896
2021-09-07 00:00:00+05:30,743.1836726085498,752.4586048427045,739.7114952656328,746.3942260742188,7245496
2021-09-08 00:00:00+05:30,747.6783002895594,751.7450238964017,744.6580139570113,749.794921875,6724080
2021-09-09 00:00:00+05:30,748.6534762607636,751.2456775887658,742.47018833739,746.0850219726562,8250948
2021-09-13 00:00:00+05:30,742.9458295986225,753.4098553676172,738.9742677939986,739.8779907226562,8959164
2021-09-14 00:00:00+05:30,741.994549462774,744.134918355455,735.620994925657,736.5485229492188,9758506
2021-09-15 00:00:00+05:30,730.1035796320939,739.521225577569,730.1035796320939,735.7161254882812,14822998
2021-09-16 00:00:00+05:30,731.411573732443,744.0397727219095,730.7219225742858,741.970703125,10260550
2021-09-17 00:00:00+05:30,746.2752622816204,755.788012597511,741.6139914023458,752.5299072265625,20498102
2021-09-20 00:00:00+05:30,743.8971252102491,752.3158865869241,741.0432999217188,741.9232177734375,8781610
2021-09-21 00:00:00+05:30,742.9457684361612,746.1087693954601,727.2259259755568,738.1655883789062,14774996
2021-09-22 00:00:00+05:30,736.7625682999219,737.3095630971538,727.7254548088318,729.4852905273438,10582202
2021-09-23 00:00:00+05:30,733.4330048579319,747.7021294660628,733.4330048579319,746.7508544921875,13664304
2021-09-24 00:00:00+05:30,751.031614308282,764.8012967419484,749.1290643037012,761.7572631835938,20806702
2021-09-27 00:00:00+05:30,768.487431262051,777.9050763215514,764.825045995142,772.9584350585938,16415462
2021-09-28 00:00:00+05:30,776.2404385627441,776.2404385627441,752.4585623812875,768.1784057617188,12773790
2021-09-29 00:00:00+05:30,759.5930572752828,764.1591654813507,753.9567647367983,758.0947875976562,16263036
2021-09-30 00:00:00+05:30,754.3610487049043,764.0402598802681,752.9816883907416,758.6179809570312,15975348
2021-10-01 00:00:00+05:30,752.9341573446038,755.7879823250635,744.4915917774107,752.7914428710938,11128596
2021-10-04 00:00:00+05:30,755.7880094198329,761.6621211029538,753.2195552330974,754.2421875,7051028
2021-10-05 00:00:00+05:30,757.2149696945492,759.830976185328,749.7236783800458,758.8558959960938,10257178
2021-10-06 00:00:00+05:30,759.1174344507981,773.7908394129953,754.8366970384816,768.1069946289062,18600830
2021-10-07 00:00:00+05:30,773.6719736034911,774.19516325999,764.3494898817696,766.0142211914062,11265724
2021-10-08 00:00:00+05:30,766.7275941968978,771.4839688507248,761.0913018443557,762.2803955078125,7245562
2021-10-11 00:00:00+05:30,760.9724350269096,782.4236743028476,760.5443496718865,777.0965576171875,13080848
2021-10-12 00:00:00+05:30,772.9109560129631,780.7827800509983,772.9109560129631,775.098876953125,8176946
2021-10-13 00:00:00+05:30,778.6185902197064,783.8506027379818,775.2891277080766,779.7601318359375,6225644
2021-10-14 00:00:00+05:30,779.0941950336901,803.8273440823788,779.0941950336901,802.5906982421875,14757288
2021-10-18 00:00:00+05:30,810.9618720848159,820.4746213174824,792.9114536403167,794.457275390625,28856456
2021-10-19 00:00:00+05:30,796.9067878032625,804.9926249141711,794.7902242545991,803.208984375,8987540
2021-10-20 00:00:00+05:30,803.3993464110135,807.9892602226093,791.6748695952446,796.1458740234375,10908568
2021-10-21 00:00:00+05:30,795.1708493673277,799.9985238690318,789.9625835542432,797.3112182617188,9738190
2021-10-22 00:00:00+05:30,799.118497373788,812.388794326612,794.6712986658004,799.4276733398438,12175554
2021-10-25 00:00:00+05:30,803.827385358517,803.827385358517,767.5838306159519,788.13134765625,16426766
2021-10-26 00:00:00+05:30,784.8019211145486,796.1458645438692,783.0658325252933,786.1099243164062,12090656
2021-10-27 00:00:00+05:30,786.1098893037489,791.9602538614304,778.761313048737,781.3773193359375,13249642
2021-10-28 00:00:00+05:30,784.8018571141539,784.8018571141539,754.9080525326855,757.9758911132812,17797750
2021-10-29 00:00:00+05:30,756.2636739613226,761.9713243308421,741.9945480375242,752.8628540039062,12406874
2021-11-01 00:00:00+05:30,753.885429186674,766.252004050304,753.1957780437663,763.5408935546875,8122320
2021-11-02 00:00:00+05:30,763.873862677717,771.4840630530865,761.043842637615,764.2305908203125,13237722
2021-11-03 00:00:00+05:30,763.4457378753382,765.728821094555,749.3906846195152,752.1968994140625,10207338
2021-11-04 00:00:00+05:30,758.6417765602017,759.9973317587402,756.3111413083693,758.142333984375,1096808
2021-11-08 00:00:00+05:30,757.2624587445608,763.2554796846038,746.9648951674751,761.138916015625,18943580
2021-11-09 00:00:00+05:30,758.4515312291761,758.4515312291761,746.2990281757783,747.821044921875,12695476
2021-11-10 00:00:00+05:30,745.7995461441087,746.2751836097618,737.2380717623523,739.7351684570312,13714126
2021-11-11 00:00:00+05:30,737.2619921599097,739.5688226168478,730.3889948696312,736.4296264648438,7999404
2021-11-12 00:00:00+05:30,737.2381265594817,741.5426691680743,734.8837441539887,738.6650390625,14914092
2021-11-15 00:00:00+05:30,742.9933537829838,747.6308195742927,739.3309681261308,740.6865234375,9533594
2021-11-16 00:00:00+05:30,739.6163278032643,740.6627071004274,733.2427735591466,736.286865234375,8245406
2021-11-17 00:00:00+05:30,731.0072118067511,734.3842261047051,727.0118455965297,728.1058349609375,7598878
2021-11-18 00:00:00+05:30,725.8466618423676,734.1465133558511,725.4661286012387,732.1964111328125,9152874
2021-11-22 00:00:00+05:30,735.3355639518028,738.5223119294355,713.0044068868091,720.7572631835938,15261272
2021-11-23 00:00:00+05:30,714.4075058157676,726.6789762107248,711.7201424006887,720.8524169921875,11235214
2021-11-24 00:00:00+05:30,724.8715849784808,730.7456967746908,720.1390148495992,722.0415649414062,30802286
2021-11-25 00:00:00+05:30,720.4956996177941,729.294993262682,716.7857039376246,725.7990112304688,10251652
2021-11-26 00:00:00+05:30,713.4562095804424,716.6429574254157,706.321647484638,708.6522827148438,18624936
2021-11-29 00:00:00+05:30,710.9829426666183,717.0948727956322,695.3820097835137,714.05078125,12990996
2021-11-30 00:00:00+05:30,711.0780789007943,727.2497542737889,707.058965157582,710.388427734375,25221542
2021-12-01 00:00:00+05:30,711.0779946654629,716.809449218188,708.2717220709286,715.6679077148438,8677634
2021-12-02 00:00:00+05:30,715.596621542588,727.15463606218,713.4562527842353,725.7039184570312,11203110
2021-12-03 00:00:00+05:30,725.7276821118706,730.5553560310378,716.809479461367,719.901123046875,8124694
2021-12-06 00:00:00+05:30,719.6395135046063,722.3982341371078,712.1957752655638,715.263671875,7029532
2021-12-07 00:00:00+05:30,720.0913740885894,728.6766542380091,718.165077039117,725.6801147460938,12427534
2021-12-08 00:00:00+05:30,730.5792222790491,739.6401401548495,729.6279472500399,739.0455932617188,15295534
2021-12-09 00:00:00+05:30,734.9550484079257,739.4736046987022,723.9202815328325,726.2271118164062,11747744
2021-12-10 00:00:00+05:30,725.2996212566436,726.7740858657247,717.4753496970789,724.181884765625,7779384
2021-12-13 00:00:00+05:30,725.8228490514963,731.3640377223576,716.8808405306988,718.7596435546875,10322142
2021-12-14 00:00:00+05:30,714.6453871321823,721.0664937719724,712.0531858243114,714.62158203125,9191100
2021-12-15 00:00:00+05:30,714.8832114257813,724.5624236009718,711.387287173768,713.456298828125,10115148
2021-12-16 00:00:00+05:30,719.5444151143828,721.5420693396168,710.6024071149554,713.5037841796875,13210432
2021-12-17 00:00:00+05:30,712.0293118733335,716.3100492192655,698.0931104004245,700.6378173828125,14994768
2021-12-20 00:00:00+05:30,690.6257507433261,693.4795761596208,672.5990752514857,678.0927124023438,21156668
2021-12-21 00:00:00+05:30,684.6801804486681,690.0311023174055,680.1616242039565,685.774169921875,9118750
2021-12-22 00:00:00+05:30,690.7683691083477,692.5282046456658,682.872740106407,687.3912963867188,8577484
2021-12-23 00:00:00+05:30,691.220197770224,693.3843716225142,683.4197311478777,686.8681030273438,9779166
2021-12-24 00:00:00+05:30,687.5339711179728,690.6256147099941,679.2103152933,684.394775390625,5561024
2021-12-27 00:00:00+05:30,679.6383983110893,691.5768872980073,676.4278453611157,690.0548706054688,4705098
2021-12-28 00:00:00+05:30,694.7636690981695,697.7126564182305,691.2915502045277,694.811279296875,5450678
2021-12-29 00:00:00+05:30,692.5519915154243,694.906373869757,688.4377156088801,691.5055541992188,7668702
2021-12-30 00:00:00+05:30,693.7173135335258,697.6888751595437,687.2962071004079,695.1442260742188,7215918
2021-12-31 00:00:00+05:30,695.1442793672378,706.2266575074009,695.1442793672378,703.658203125,6325736
2022-01-03 00:00:00+05:30,706.3216999908345,724.3959253104654,704.1813312029835,722.8025512695312,9069184
2022-01-04 00:00:00+05:30,722.9690425129386,729.1047782359835,717.166287896205,727.0357666015625,8857352
2022-01-05 00:00:00+05:30,730.9597335226943,747.7021503050373,726.8216524342752,744.3013305664062,14332638
2022-01-06 00:00:00+05:30,733.9086759071455,739.4974166342414,727.7491933941105,732.3628540039062,9628930
2022-01-07 00:00:00+05:30,734.3843677575986,745.20512188097,730.5317152643793,737.4998168945312,11179384
2022-01-10 00:00:00+05:30,741.043154240768,747.7020786049341,735.0976860584768,741.5901489257812,8856496
2022-01-11 00:00:00+05:30,742.7318305795472,746.1325925725578,736.191814344952,744.8008422851562,8389198
2022-01-12 00:00:00+05:30,745.7995970381922,749.9138730090968,738.1893970684148,740.401123046875,21085530
2022-01-13 00:00:00+05:30,739.6162594300914,739.6162594300914,723.1592147231823,726.7740478515625,41963896
2022-01-14 00:00:00+05:30,727.7253548760855,736.6197526556398,722.4933425207672,734.9312744140625,11208968
2022-01-17 00:00:00+05:30,727.7254140843227,740.0919897485006,722.5647585444003,723.6824951171875,22989372
2022-01-18 00:00:00+05:30,729.1522929821604,737.6662159084163,724.3959179463994,727.36865234375,12341152
2022-01-19 00:00:00+05:30,729.6279986191973,732.3629145201494,719.8060716409249,722.2318115234375,14317626
2022-01-20 00:00:00+05:30,726.9881258170541,727.0119309169397,713.5038140786304,717.7369995117188,15197846
2022-01-21 00:00:00+05:30,713.4562224773198,727.6302426550222,706.6070311292943,723.72998046875,11537694
2022-01-24 00:00:00+05:30,718.1888873366842,723.5636148158452,698.0219018920284,707.1065673828125,11868508
2022-01-25 00:00:00+05:30,693.7887057220415,711.0781185988046,686.8206041850661,707.7724609375,13594248
2022-01-27 00:00:00+05:30,689.6743715648455,706.321683981928,682.5398091003816,701.54150390625,28617838
2022-01-28 00:00:00+05:30,702.7543967837006,707.1302385002696,694.4307406458227,695.9765625,24925208
2022-01-31 00:00:00+05:30,700.4951802272873,709.4371891168743,697.6651601162798,706.6546630859375,12842546
2022-02-01 00:00:00+05:30,717.4991893169476,721.542108182837,700.8280712395866,712.0293579101562,14739484
2022-02-02 00:00:00+05:30,719.1401203787386,730.1035883666477,716.1198337589774,728.296142578125,13969290
2022-02-03 00:00:00+05:30,727.1308172000766,732.457933895551,717.7369767162163,720.7572631835938,10564762
2022-02-04 00:00:00+05:30,726.9643987359728,729.0809624800141,720.1627589609288,724.87158203125,11579958
2022-02-07 00:00:00+05:30,719.2114343241577,722.4933446051142,694.4307328001756,698.3071899414062,12268042
2022-02-08 00:00:00+05:30,702.2312794492199,703.2063015747357,687.0822353308985,695.3107299804688,13981130
2022-02-09 00:00:00+05:30,701.0896640531371,713.3135243877856,697.7602016051236,712.314697265625,11308342
2022-02-10 00:00:00+05:30,720.1151499017218,730.3413557953064,714.2410385936968,725.3947143554688,14314530
2022-02-11 00:00:00+05:30,713.5751512828815,725.3471792743838,713.2184231619269,722.4219970703125,10711104
2022-02-14 00:00:00+05:30,708.6999366331057,713.1946881745109,698.8542627513499,700.947021484375,14656620
2022-02-15 00:00:00+05:30,702.0409964179948,725.2996833180713,700.6378889247106,721.9226684570312,13135066
2022-02-16 00:00:00+05:30,729.7944788429558,729.984745479271,716.7858031844023,720.9476318359375,10032264
2022-02-17 00:00:00+05:30,719.6871085679842,723.9202940415751,714.4075437913573,716.5479125976562,7351208
2022-02-18 00:00:00+05:30,712.6477110600987,721.5421093550166,708.9139101230298,719.3303833007812,7796128
2022-02-21 00:00:00+05:30,715.3587469383176,728.058244021846,711.3396335859223,723.9677734375,7468066
2022-02-22 00:00:00+05:30,708.6047551441089,723.9678112195843,707.7247793394828,718.5455322265625,9536196
2022-02-23 00:00:00+05:30,725.3947427030585,725.6801135920207,711.3872414933543,713.8843383789062,9029562
2022-02-24 00:00:00+05:30,689.6268790132194,701.5415645216091,669.2933742326196,675.1199340820312,23630766
2022-02-25 00:00:00+05:30,684.8941874749454,697.2370153028564,681.5171728738023,692.5757446289062,18318654
2022-02-28 00:00:00+05:30,678.2590813465437,684.2283552518861,672.5752363928466,678.3779907226562,24880832
2022-03-02 00:00:00+05:30,659.4713958190617,665.1314936990638,644.2034436334029,653.6448364257812,38505560
2022-03-03 00:00:00+05:30,656.8554354054835,662.0874482870623,648.2464076398575,652.0990600585938,17527922
2022-03-04 00:00:00+05:30,646.8670352805982,659.2336109550803,635.8798200435912,649.9586791992188,21219364
2022-03-07 00:00:00+05:30,627.1280940741168,633.715662365495,616.9256921049088,630.1246337890625,27054458
2022-03-08 00:00:00+05:30,619.3751468768733,634.5004430311901,614.5236674634915,631.551513671875,39212492
2022-03-09 00:00:00+05:30,632.5978550025679,653.8588273559873,627.2944854329724,652.1703491210938,23134694
2022-03-10 00:00:00+05:30,678.734676699917,678.734676699917,656.4986247477649,662.4202880859375,22273206
2022-03-11 00:00:00+05:30,660.1848501728542,670.149432575976,652.9075731964616,664.3704833984375,15150780
2022-03-14 00:00:00+05:30,673.0270836488999,689.6743966720176,673.0270836488999,686.1309204101562,25018126
2022-03-15 00:00:00+05:30,686.5827315469807,689.436556548215,671.4812409154484,677.3078002929688,18867928
2022-03-16 00:00:00+05:30,688.2474388752825,692.0525387446689,683.1105308271242,688.79443359375,13364108
2022-03-17 00:00:00+05:30,700.1384408684183,708.6048120871039,699.4487896776494,703.9673461914062,14823954
2022-03-21 00:00:00+05:30,707.2729750042046,710.4359760473683,700.5189456092843,707.03515625,12257876
2022-03-22 00:00:00+05:30,704.561836957358,712.5049598135698,693.0989270027054,710.6737670898438,10461814
2022-03-23 00:00:00+05:30,716.7857951747217,722.3983415465651,700.8994892301371,703.5868530273438,31188256
2022-03-24 00:00:00+05:30,697.2845910655177,699.0206795927611,682.3258145703531,686.178466796875,20160044
2022-03-25 00:00:00+05:30,690.1500239764209,690.6256614843303,674.9296237233227,680.5897216796875,16366462
2022-03-28 00:00:00+05:30,680.589685374062,683.9666998878296,666.6534839112492,681.493408203125,15754886
2022-03-29 00:00:00+05:30,685.3936701441318,694.5496924552175,680.16165739494,690.5305786132812,12377448
2022-03-30 00:00:00+05:30,700.138476229865,705.2515799115708,691.6008053997855,702.4928588867188,20109742
2022-03-31 00:00:00+05:30,699.6628137051833,706.1790247075883,697.2370738898979,699.3536376953125,14295714
2022-04-01 00:00:00+05:30,702.2312005284535,718.2126085501743,699.3298234571498,716.31005859375,14568556
2022-04-04 00:00:00+05:30,751.5072706543655,819.0953496497071,743.2074192757403,788.0362548828125,97450970
2022-04-05 00:00:00+05:30,792.7450201895066,792.7450201895066,761.9712963036054,764.9440307617188,30922582
2022-04-06 00:00:00+05:30,755.1696875243184,756.1685727920734,735.9777246900588,737.6424560546875,27027860
2022-04-07 00:00:00+05:30,733.100080241604,733.1238272791691,719.9724391818007,721.4231567382812,40781732
2022-04-08 00:00:00+05:30,719.211478547381,725.7039422730295,712.1720781256234,720.4243774414062,41256322
2022-04-11 00:00:00+05:30,716.3100788229164,718.2126288330701,710.245700665551,711.6250610351562,20799066
2022-04-12 00:00:00+05:30,705.8460676603825,716.7143731950656,704.0148748518094,710.3646240234375,27435402
2022-04-13 00:00:00+05:30,708.6998992573039,714.5502639320367,695.691224799288,696.78515625,28892520
2022-04-18 00:00:00+05:30,674.8582617385757,680.9464450214841,661.15993644386,663.7283325195312,45620376
2022-04-19 00:00:00+05:30,656.807778215652,660.9220538449266,631.1709075839846,638.4005737304688,74096022
2022-04-20 00:00:00+05:30,644.2271829644586,646.8194421533099,635.142518406885,644.1558837890625,49325736
2022-04-21 00:00:00+05:30,649.2452444448392,656.2847032867525,643.68030843123,653.6924438476562,52446270
2022-04-22 00:00:00+05:30,646.8669864904109,654.168010350688,641.706331335433,644.774169921875,20659148
2022-04-25 00:00:00+05:30,642.11069826632,651.9326253742684,628.9117561352901,649.6019897460938,20935488
2022-04-26 00:00:00+05:30,652.5747056406705,657.3072759446977,645.5114997756818,652.5985107421875,17016842
2022-04-27 00:00:00+05:30,646.8670295884091,655.9041425017765,645.0120316413157,652.8363037109375,18054334
2022-04-28 00:00:00+05:30,652.5746789306378,655.9041415782432,647.8658558596376,652.2655029296875,20773722
2022-04-29 00:00:00+05:30,656.5462285607915,668.1517954743881,652.3606532888389,658.5676879882812,28401476
2022-05-02 00:00:00+05:30,647.8420880799416,668.9603468911126,647.8420880799416,667.65234375,19494316
2022-05-04 00:00:00+05:30,665.8924654170124,667.6047487158417,642.1105916521191,644.9644165039062,29055916
2022-05-05 00:00:00+05:30,654.0015630179496,654.0015630179496,640.4458942572139,643.5137329101562,17862912
2022-05-06 00:00:00+05:30,632.5978677162095,634.9760551888268,624.5120303093106,626.699951171875,26731268
2022-05-09 00:00:00+05:30,618.32874885627,630.9331425829555,616.1883801102291,627.7701416015625,32762434
2022-05-10 00:00:00+05:30,625.4870637597833,643.5374821065801,625.4870637597833,637.8536376953125,20113812
2022-05-11 00:00:00+05:30,643.5375186995411,644.4887936717504,631.9557575251372,641.4447021484375,17102924
2022-05-12 00:00:00+05:30,635.6706993369925,638.4133907389254,622.1498973824371,626.9856567382812,22382290
2022-05-13 00:00:00+05:30,630.353891041967,634.1791515037851,619.2629499130284,621.3560180664062,16768238
2022-05-16 00:00:00+05:30,625.0368734940553,631.292053906236,618.4448991695826,627.9719848632812,9804356
2022-05-17 00:00:00+05:30,631.5807479648557,633.6978977151113,624.6519209350625,632.25439453125,16641444
2022-05-18 00:00:00+05:30,637.0901630861314,641.5409646353346,630.3297329141748,632.206298828125,15732384
2022-05-19 00:00:00+05:30,618.8779477207698,623.7858941010936,615.0767694162303,619.2869873046875,20537506
2022-05-20 00:00:00+05:30,626.9615731938593,637.1623059170763,621.837124950426,635.5985107421875,13919350
2022-05-23 00:00:00+05:30,632.2544265466233,639.9290287015857,625.0850152898169,627.4427490234375,19486320
2022-05-24 00:00:00+05:30,625.5180642227122,637.5472577654566,624.0264559706711,634.6361694335938,12870796
2022-05-25 00:00:00+05:30,639.9531102298189,642.8160348600121,636.6811460213428,639.375732421875,12887112
2022-05-26 00:00:00+05:30,645.7993054909392,659.6809832899339,644.7647830842534,657.6119384765625,26992428
2022-05-27 00:00:00+05:30,660.0659838069602,671.084678975052,659.5607341436629,669.8096313476562,24031718
2022-05-30 00:00:00+05:30,678.5668121550864,683.4987815396562,672.8890092715018,674.3806762695312,12624674
2022-05-31 00:00:00+05:30,671.662083279525,675.944488061126,664.0115042012508,668.3179321289062,13485388
2022-06-01 00:00:00+05:30,664.0115306279351,673.8513881488794,663.6025497657505,671.1568603515625,12091896
2022-06-02 00:00:00+05:30,667.4999154052102,667.8607911929586,663.3378029059205,666.4653930664062,11475020
2022-06-03 00:00:00+05:30,672.8169034842749,673.995741003826,662.231212745682,664.1558837890625,6957244
2022-06-06 00:00:00+05:30,662.2312223234171,667.3796939444019,654.7009350100217,663.2656860351562,6173266
2022-06-07 00:00:00+05:30,655.3504712553794,661.2688580365657,651.5492343077399,655.63916015625,10253966
2022-06-08 00:00:00+05:30,660.7876929692908,664.4926611407994,652.9446351687653,657.9487915039062,5986588
2022-06-09 00:00:00+05:30,655.4707669191479,664.9979118561328,653.016823143348,662.90478515625,7311816
2022-06-10 00:00:00+05:30,654.4362839332251,658.2134392480132,646.4970155862447,650.1057739257812,9155430
2022-06-13 00:00:00+05:30,636.8736353918679,639.9531208031428,629.511803905611,638.317138671875,10892572
2022-06-14 00:00:00+05:30,630.9312384303023,638.0284630380025,627.9239398677174,631.2921142578125,11870356
2022-06-15 00:00:00+05:30,626.3119845887259,633.1205196838177,624.7481894734992,629.1027221679688,11810470
2022-06-16 00:00:00+05:30,630.3296922471587,635.4060350189333,614.9323257189839,616.5202026367188,12169192
2022-06-17 00:00:00+05:30,613.4888961209325,625.0369224008559,611.8529139840168,620.5861206054688,14723922
2022-06-20 00:00:00+05:30,627.7795517185277,637.547280721459,622.703267102487,636.1759643554688,15936840
2022-06-21 00:00:00+05:30,643.2732553842702,651.5012131681581,637.0902607879485,643.1048583984375,13220684
2022-06-22 00:00:00+05:30,641.0357608318419,643.2972258536737,636.6811690239211,640.0734252929688,8159698
2022-06-23 00:00:00+05:30,640.1936496695923,648.6140847460432,634.4196370457403,642.4310913085938,15372244
2022-06-24 00:00:00+05:30,644.067099221751,655.1820622227635,644.067099221751,651.4049072265625,8013432
2022-06-27 00:00:00+05:30,659.1997965869816,662.0868029953917,650.5387773617512,652.583740234375,9804164
2022-06-28 00:00:00+05:30,646.6894682409041,650.0576425546589,643.9949405371601,647.6036987304688,9770574
2022-06-29 00:00:00+05:30,640.5545375901551,649.9373082816165,640.5545375901551,646.6653442382812,9994046
2022-06-30 00:00:00+05:30,642.8401226643639,651.5011422810993,642.8401226643639,648.6141357421875,12475822
2022-07-01 00:00:00+05:30,646.6653918015329,654.3881578947369,639.9772068826776,651.380859375,11472452
2022-07-04 00:00:00+05:30,651.3567925787985,654.4843831117648,645.8474450575549,652.2951049804688,8487480
2022-07-05 00:00:00+05:30,656.3128389795442,663.6987525096566,648.7585284770123,650.8275146484375,14325718
2022-07-06 00:00:00+05:30,648.6141194735643,660.835791929005,648.18105675633,659.80126953125,15049078
2022-07-07 00:00:00+05:30,664.0114788767993,672.6724981664967,661.3409744346241,671.6139526367188,17743142
2022-07-08 00:00:00+05:30,678.4465165399553,678.4465165399553,671.1087084709948,672.2394409179688,12474030
2022-07-11 00:00:00+05:30,670.7477946565818,678.3983730717313,670.3869188703607,676.593994140625,7462880
2022-07-12 00:00:00+05:30,676.1610141176355,676.1610141176355,668.5345166503326,669.6893310546875,9876974
2022-07-13 00:00:00+05:30,668.823193081103,670.8440741987707,651.6214454892688,653.3536376953125,15945610
2022-07-14 00:00:00+05:30,655.350489555198,660.4749379498609,649.215600611124,650.0817260742188,10372410
2022-07-15 00:00:00+05:30,651.0199810197498,656.7458891263111,648.0367643942972,655.3745727539062,13595646
2022-07-18 00:00:00+05:30,648.6140849867697,657.3232089503867,645.7511605542314,648.3975830078125,20332220
2022-07-19 00:00:00+05:30,643.3213172038678,653.6905062823398,643.3213172038678,648.6382446289062,15792538
2022-07-20 00:00:00+05:30,654.3400285637287,659.7290838164299,652.1025868008825,656.8180541992188,20347862
2022-07-21 00:00:00+05:30,654.6528133808986,658.9592412990309,653.473917137891,654.7490234375,12640278
2022-07-22 00:00:00+05:30,657.275177078658,672.19137802261,655.5429848453301,670.026123046875,12729592
2022-07-25 00:00:00+05:30,671.2290446761094,675.8482435588785,665.5994052152816,671.9989013671875,10143126
2022-07-26 00:00:00+05:30,671.7101297996077,674.5971360881447,667.0428264609901,670.6275024414062,8527964
2022-07-27 00:00:00+05:30,668.2938535156615,676.5218097245117,666.0564118856013,675.751953125,9212778
2022-07-28 00:00:00+05:30,680.8764869533358,685.182915066855,678.9277339602053,681.7425537109375,17420406
2022-07-29 00:00:00+05:30,691.9191590136528,692.2078478890704,680.9966756169249,690.0906982421875,20019736
2022-08-01 00:00:00+05:30,692.4003980885738,696.9474098698968,688.0939701842794,695.8407592773438,13193036
2022-08-02 00:00:00+05:30,693.8439067006424,695.094931123578,684.7258011854689,688.190185546875,15036510
2022-08-03 00:00:00+05:30,685.6399502739025,690.8365853805471,681.8146902206062,689.8020629882812,10975498
2022-08-04 00:00:00+05:30,692.8815779882993,696.1053785024752,679.8659665183745,688.984130859375,12012206
2022-08-05 00:00:00+05:30,689.5133762386452,691.4139653304088,683.8115502270574,686.6504516601562,9268982
2022-08-08 00:00:00+05:30,687.1075476112192,704.6701705018421,686.6744848885744,703.4913330078125,15357736
2022-08-10 00:00:00+05:30,703.154500244152,708.0383647964982,697.2361719881424,705.5363159179688,17353102
2022-08-11 00:00:00+05:30,715.2558683433389,717.421123242461,709.5059371613006,714.8709106445312,18301766
2022-08-12 00:00:00+05:30,714.5341363296417,716.6031812290219,710.1795445295438,714.6063232421875,8850370
2022-08-16 00:00:00+05:30,719.2495616686834,725.8415362160341,716.0016794217771,722.7861328125,12563756
2022-08-17 00:00:00+05:30,721.7516859147646,727.88657524504,714.8950448985743,726.5152587890625,12384350
2022-08-18 00:00:00+05:30,721.7515867041628,728.4398298215469,721.5831897478574,727.3812255859375,8342138
2022-08-19 00:00:00+05:30,726.563301596116,727.5256370949188,716.939946608088,718.4075317382812,8063702
2022-08-22 00:00:00+05:30,714.4378945404134,716.1460048012029,706.2098790742172,707.4849853515625,8234066
2022-08-23 00:00:00+05:30,699.2811184238794,710.1795210324121,697.8857201939286,705.2957153320312,14966884
2022-08-24 00:00:00+05:30,703.4191637412739,709.9630335639699,702.1199755407531,708.6879272460938,13455520
2022-08-25 00:00:00+05:30,712.0802217563679,715.400291243383,701.0614676554292,704.838623046875,11823040
2022-08-26 00:00:00+05:30,708.303013425697,712.9943990116683,703.0822963230394,704.9588623046875,7706176
2022-08-29 00:00:00+05:30,691.4380811198513,695.7685910224809,687.3962601301372,692.5928955078125,8653178
2022-08-30 00:00:00+05:30,695.9850421787525,716.9158385123882,694.3731420244557,715.0633544921875,10135400
2022-09-01 00:00:00+05:30,704.7904213260312,716.6752405737923,702.0237069224642,708.35107421875,22403136
2022-09-02 00:00:00+05:30,708.351141283871,717.1805580778581,705.0069900550793,714.7747192382812,12038086
2022-09-05 00:00:00+05:30,715.0633864131738,721.2704621778411,714.101050906599,719.369873046875,12131932
2022-09-06 00:00:00+05:30,721.2223114778902,724.9513613297232,715.2317380870402,716.6271362304688,12238696
2022-09-07 00:00:00+05:30,707.9421400567993,716.9399535633776,707.9421400567993,713.2349853515625,9776206
2022-09-08 00:00:00+05:30,716.9880436773584,721.7516160908172,713.1627836065959,720.5968017578125,11164690
2022-09-09 00:00:00+05:30,719.9231885431478,726.0821594471598,718.8887248344994,721.0780029296875,15128888
2022-09-12 00:00:00+05:30,721.7516408855068,723.6763119278681,716.9399632796035,718.6481323242188,11080492
2022-09-13 00:00:00+05:30,721.2223124269915,729.4021637256475,721.0539154710427,728.0548706054688,13001966
2022-09-14 00:00:00+05:30,718.8887165967504,740.4690789237419,718.0706961615213,735.537109375,20219760
2022-09-15 00:00:00+05:30,736.1866756721654,741.4554391702014,727.5256559583752,731.7117919921875,13539372
2022-09-16 00:00:00+05:30,723.243196772468,728.8247306434838,713.5717372328886,718.2631225585938,20560046
2022-09-19 00:00:00+05:30,716.4587550842659,728.4879484201334,712.1282454833537,723.0026245117188,12076038
2022-09-20 00:00:00+05:30,728.4879914821296,733.299669100902,726.5152154056927,731.7117919921875,10781668
2022-09-21 00:00:00+05:30,725.6010407512331,732.0968060364729,724.1575373545131,730.5811157226562,9072304
2022-09-22 00:00:00+05:30,722.7140042906975,726.6355334380704,713.4515245419652,715.0153198242188,12048144
2022-09-23 00:00:00+05:30,708.4473309391279,709.7224372346395,691.438062580459,695.8407592773438,15806252
2022-09-26 00:00:00+05:30,685.8324052401812,691.1733552416581,682.2958342078718,686.4579467773438,8923486
2022-09-27 00:00:00+05:30,689.2246964827675,692.881559633574,677.0030238919713,680.2990112304688,12639700
2022-09-28 00:00:00+05:30,676.5218756703962,678.735235635856,666.8504153685985,668.606689453125,11816132
2022-09-29 00:00:00+05:30,671.8545371114053,674.6933797809945,663.434101683277,665.1422119140625,14410388
2022-09-30 00:00:00+05:30,663.4341231736677,688.7675584504451,656.7939846693048,683.9077758789062,15781756
2022-10-03 00:00:00+05:30,678.4224718418965,682.22370896109,674.1641488370536,679.9862670898438,11541112
2022-10-04 00:00:00+05:30,687.8293970768319,701.5426799146701,686.2174966308735,699.1368408203125,11538526
2022-10-06 00:00:00+05:30,702.4808255656671,703.7559318367181,690.0907561363719,691.4380493164062,12549198
2022-10-07 00:00:00+05:30,688.1901072180511,690.4515719276419,683.4265352110768,688.4547729492188,13297994
2022-10-10 00:00:00+05:30,677.4841210247349,686.1451396173807,672.7686540742224,680.852294921875,13109302
2022-10-11 00:00:00+05:30,674.1641338324686,681.8147129301799,673.3701952846903,673.9476318359375,14521620
2022-10-12 00:00:00+05:30,675.1745267944143,680.7801425260418,672.3356842119671,678.3502807617188,9225050
2022-10-13 00:00:00+05:30,674.6213229862772,676.6422042083251,665.9362208884066,670.555419921875,14714234
2022-10-14 00:00:00+05:30,681.8147001498437,696.249732615966,680.9726565893199,692.400390625,12849920
2022-10-17 00:00:00+05:30,690.4757528984051,701.3501327995798,686.626410721968,696.0332641601562,18410500
2022-10-18 00:00:00+05:30,701.5666873690876,703.90033929577,692.8815856653596,694.7340698242188,10561108
2022-10-19 00:00:00+05:30,704.4295823817055,710.8772419458467,699.329216005163,701.8553466796875,12967040
2022-10-20 00:00:00+05:30,694.8062769145736,699.0886819198254,694.0845252418784,697.1159057617188,7898078
2022-10-21 00:00:00+05:30,698.6556066854753,701.3742163513118,689.9945867678867,692.2079467773438,10492606
2022-10-24 00:00:00+05:30,699.7623104281301,703.9484465267632,699.7623104281301,703.0101928710938,2167794
2022-10-25 00:00:00+05:30,703.0341691638182,706.2580282452401,695.287380341186,698.1262817382812,13773394
2022-10-27 00:00:00+05:30,704.6702075925484,706.0415240061888,698.2947345638005,699.8104248046875,15937276
2022-10-28 00:00:00+05:30,697.6932584749202,705.8731104708331,696.4422340345699,701.87939453125,10474278
2022-10-31 00:00:00+05:30,708.2789372387135,720.7892989018973,705.9933903964011,720.1637573242188,12830528
2022-11-01 00:00:00+05:30,723.4356897777316,735.7054670237125,721.2223299433629,728.1270751953125,19073756
2022-11-02 00:00:00+05:30,729.931460645262,735.34459771333,727.33314310533,728.5841674804688,12720406
2022-11-03 00:00:00+05:30,720.6449111524606,731.4952673413037,720.3081172240958,725.3844604492188,10332352
2022-11-04 00:00:00+05:30,723.2913397099678,729.4984154442802,716.7474700445205,720.3803100585938,10818060
2022-11-07 00:00:00+05:30,726.5633397491442,727.5256752984809,717.9504248353214,725.9859619140625,9835834
2022-11-09 00:00:00+05:30,728.9932072410344,730.38854669658,723.6762802249166,725.7693481445312,9269790
2022-11-10 00:00:00+05:30,720.3562824334263,734.743211017239,719.3699237114974,733.6605834960938,12774182
2022-11-11 00:00:00+05:30,743.4041999414936,787.6716345011165,740.0360255728266,775.2334594726562,56722338
2022-11-14 00:00:00+05:30,775.6424611635699,783.3411456416203,768.906112245276,777.1100463867188,19195390
2022-11-15 00:00:00+05:30,781.0074781111963,781.0074781111963,772.3945632755499,779.0106201171875,11030202
2022-11-16 00:00:00+05:30,778.8422119111716,790.0774674383857,775.6424345375626,785.6988525390625,13578150
2022-11-17 00:00:00+05:30,778.5774806193391,785.0492217336395,776.5565996778271,778.6015625,12100930
2022-11-18 00:00:00+05:30,779.9729198902146,780.9352553866862,772.3945278555009,776.556640625,10459232
2022-11-21 00:00:00+05:30,773.5493742606727,775.6424423049926,765.1529614641645,768.5933227539062,8344816
2022-11-22 00:00:00+05:30,769.8683630485893,771.9614309133688,765.537853506441,767.4625244140625,8546314
2022-11-23 00:00:00+05:30,772.2742924421901,772.2742924421901,766.9814468242063,769.45947265625,10185738
2022-11-24 00:00:00+05:30,772.731331473911,785.2657749671398,769.4594259866601,781.9697875976562,17197960
2022-11-25 00:00:00+05:30,784.1590590980275,785.1213945985398,776.6528539412901,778.3610229492188,8410496
2022-11-28 00:00:00+05:30,771.2638148082744,773.4530928760762,767.0054918764588,769.9887084960938,16105980
2022-11-29 00:00:00+05:30,768.5451734076865,775.8107945409757,766.4280236025191,768.8338623046875,12638236
2022-11-30 00:00:00+05:30,768.4729621678146,776.0754357204742,768.4729621678146,773.9342041015625,15184806
2022-12-01 00:00:00+05:30,780.454140154658,787.6716568638566,777.0859656903655,779.251220703125,20446366
2022-12-02 00:00:00+05:30,774.6800661706023,778.8180970128258,772.3464143644907,773.28466796875,7811078
2022-12-05 00:00:00+05:30,774.6559840761946,776.893425827618,768.0399276122688,776.0994873046875,11592622
2022-12-06 00:00:00+05:30,770.3495948908293,776.4604020366052,769.8684271238768,775.2334594726562,12353092
2022-12-07 00:00:00+05:30,776.6769624240152,778.8181354914701,772.0095998448971,774.8966064453125,11674720
2022-12-08 00:00:00+05:30,774.6801267872993,782.378811277111,772.2742878842332,779.251220703125,14803634
2022-12-09 00:00:00+05:30,782.3787342378084,786.6370569296665,779.491727838407,784.8086547851562,11963384
2022-12-12 00:00:00+05:30,781.8976595918489,795.659046653405,780.1654672932444,790.9195556640625,14434808
2022-12-13 00:00:00+05:30,793.9267873639345,797.2949616133573,791.5209486143468,793.1088256835938,17031702
2022-12-14 00:00:00+05:30,795.3702434987874,801.3848400164733,793.9267403345427,799.821044921875,14227640
2022-12-15 00:00:00+05:30,797.3190413162754,803.2614512642567,782.8840088582007,785.1695556640625,18182648
2022-12-16 00:00:00+05:30,779.5158401167187,791.5690570624564,774.1989129626363,788.9467163085938,14647958
2022-12-19 00:00:00+05:30,791.0397589631783,792.3148652124158,782.4749497572581,791.400634765625,9604542
2022-12-20 00:00:00+05:30,779.5880032718654,787.3829564457624,779.5880032718654,785.939453125,7174698
2022-12-21 00:00:00+05:30,789.5962507751079,791.4247116571615,773.0200458484181,778.3369140625,9269198
2022-12-22 00:00:00+05:30,780.5503710559809,783.1005838558391,774.1989796768327,775.6665649414062,9747096
2022-12-23 00:00:00+05:30,763.6132225912555,771.8652612871225,762.867389080973,768.7376708984375,10693152
2022-12-26 00:00:00+05:30,769.6278068793584,788.6339327760353,765.0567133092716,784.0387573242188,9907322
2022-12-27 00:00:00+05:30,785.7469942121562,787.1664156857469,776.3642223890472,784.832763671875,7926772
2022-12-28 00:00:00+05:30,780.9833552219441,785.7469276450677,780.9833552219441,784.2072143554688,8691870
2022-12-29 00:00:00+05:30,779.5398699494827,790.7992071900476,775.1612551160126,789.7406616210938,11012896
2022-12-30 00:00:00+05:30,791.5209337293505,791.5209337293505,779.4917402076278,783.4132690429688,7122640
2023-01-02 00:00:00+05:30,782.8599557722763,788.9948447926183,778.7941116415499,783.6779174804688,4381378
2023-01-03 00:00:00+05:30,780.5503292014555,790.5586422632767,780.5503292014555,788.8023681640625,8378030
2023-01-04 00:00:00+05:30,786.709274515468,791.8818278494382,773.2365774595456,774.7041625976562,10351600
2023-01-05 00:00:00+05:30,777.0858888332178,778.5534739134582,764.7680066150712,769.7239990234375,10941436
2023-01-06 00:00:00+05:30,770.8307523930382,774.2470317456477,759.3789361975485,767.1738891601562,9092462
2023-01-09 00:00:00+05:30,767.9437756748827,775.4259581366615,765.0567689994132,768.66552734375,10729340
2023-01-10 00:00:00+05:30,769.8684118966518,769.8684118966518,753.0275403864125,754.6154174804688,16371766
2023-01-11 00:00:00+05:30,754.4469115539331,768.9060251968651,750.6216516314828,765.48974609375,15195798
2023-01-12 00:00:00+05:30,763.998177755398,771.7449667913606,762.2419037187744,769.5797119140625,9250070
2023-01-13 00:00:00+05:30,769.2669828560861,774.6320153125537,763.1320937043018,770.1812133789062,9244546
2023-01-16 00:00:00+05:30,777.0858851595061,780.1172653577423,760.3893883970367,762.7952270507812,14748094
2023-01-17 00:00:00+05:30,764.9605254372576,775.1612584159965,759.0421385172157,774.1508178710938,10786354
2023-01-18 00:00:00+05:30,772.274237215273,789.884965083016,769.724024650822,787.8159790039062,19090642
2023-01-19 00:00:00+05:30,787.6715505558279,793.92673085957,785.746879693138,791.0878295898438,11172162
2023-01-20 00:00:00+05:30,791.0878917418223,803.068980550622,790.7510978089086,799.195556640625,18843404
2023-01-23 00:00:00+05:30,801.7457607178152,809.6128416563689,799.4121088854909,805.041748046875,15444400
2023-01-24 00:00:00+05:30,805.9800286815163,819.139954334254,805.9559468005266,815.8198852539062,24983940
2023-01-25 00:00:00+05:30,813.8471429635326,814.5929177332151,791.6653214666925,793.2772216796875,14704142
2023-01-27 00:00:00+05:30,785.2657804091282,787.6716191971464,765.032652707376,777.4708862304688,35179948
2023-01-30 00:00:00+05:30,767.4625666928607,782.0419731157772,761.2073858984988,776.6769409179688,18512822
2023-01-31 00:00:00+05:30,779.3473843212695,780.7908875770869,767.4625643428925,771.552490234375,18596244
2023-02-01 00:00:00+05:30,781.4164646974513,801.1443434244188,772.7554447685386,783.1246337890625,17302790
2023-02-02 00:00:00+05:30,773.7658324138648,781.6569951120864,764.4552483744704,771.4802856445312,17497106
2023-02-03 00:00:00+05:30,775.1612895534513,798.9790945397306,773.236618443449,798.1611328125,14411100
2023-02-06 00:00:00+05:30,798.7384326046239,803.2614210184393,792.0982944294167,794.768798828125,11167672
2023-02-07 00:00:00+05:30,798.449739262286,801.0961617651983,785.5544206626682,795.9476318359375,10264588
2023-02-08 00:00:00+05:30,795.9717934088378,802.6840603891873,793.9268303609384,795.8515014648438,8444826
2023-02-09 00:00:00+05:30,798.738479108453,799.5324176572361,786.9739509076702,794.1914672851562,11777336
2023-02-10 00:00:00+05:30,793.3494214707791,798.0167252205403,790.173667284601,797.3430786132812,8172116
2023-02-13 00:00:00+05:30,796.3326188427218,799.5805011250109,791.3044393965116,797.9445190429688,5736944
2023-02-14 00:00:00+05:30,801.1443690991507,807.1589664647599,797.7521126904261,805.3305053710938,10908592
2023-02-15 00:00:00+05:30,807.3995485525281,807.3995485525281,797.1747330538742,803.694580078125,11438712
2023-02-16 00:00:00+05:30,805.0898752375481,809.2760700053668,799.2196520403804,800.783447265625,8062500
2023-02-17 00:00:00+05:30,799.2196910269881,802.6600524376097,790.5345890116744,796.7657470703125,8956270
2023-02-20 00:00:00+05:30,798.7385281178459,803.2855402201404,786.6131233541923,789.2835693359375,8086706
2023-02-21 00:00:00+05:30,789.115146297544,799.8692342574486,786.2281396647481,792.2427368164062,12389296
2023-02-22 00:00:00+05:30,788.6339729282492,790.0533943514464,774.2230217496752,776.7009887695312,10359102
2023-02-23 00:00:00+05:30,776.1235754720026,778.9383950431011,766.0671578181314,771.4321899414062,27882010
2023-02-24 00:00:00+05:30,778.4812938723913,778.4812938723913,762.7470736219656,764.5514526367188,17061740
2023-02-27 00:00:00+05:30,763.0839740657053,769.3872600713753,758.9459430133319,766.4521484375,14312972
2023-02-28 00:00:00+05:30,766.0190402522969,772.4185946735463,764.431163219567,769.6759033203125,18993992
2023-03-01 00:00:00+05:30,775.6424426558673,776.1236104242643,767.8234664194171,768.93017578125,14137256
2023-03-02 00:00:00+05:30,766.981406050965,772.7313372630384,761.2073929564784,762.38623046875,17391814
2023-03-03 00:00:00+05:30,767.943731924865,779.4917579688479,764.094389910204,777.5189819335938,14986234
2023-03-06 00:00:00+05:30,779.4917852900815,788.8504748967295,778.5535316356411,783.0043334960938,27004710
2023-03-08 00:00:00+05:30,779.4917718675084,788.8745431955432,779.4917718675084,784.568115234375,20099774
2023-03-09 00:00:00+05:30,784.27938296168,791.9780672791738,782.859961535162,784.6402587890625,20700166
2023-03-10 00:00:00+05:30,774.8966492145099,776.4845264268987,762.6509523697192,764.4072265625,27387000
2023-03-13 00:00:00+05:30,764.0463022356049,771.6968814107662,753.0034668384583,754.7357177734375,26443550
2023-03-14 00:00:00+05:30,755.5536842804477,761.9772622068983,750.2849207392273,752.7147827148438,33185612
2023-03-15 00:00:00+05:30,759.2826799733518,761.6404136039248,739.3623241507462,741.9125366210938,37264754
2023-03-16 00:00:00+05:30,740.5171674402086,750.1886274704333,737.1730750713688,746.7242431640625,21753342
2023-03-17 00:00:00+05:30,749.4187322719004,759.8600484180247,740.9982970778341,756.7084350585938,22950876
2023-03-20 00:00:00+05:30,754.446900441081,754.5190873460873,743.5966036348024,751.4636840820312,26503114
2023-03-21 00:00:00+05:30,756.371588709314,761.4479317488242,748.7931969715295,759.9803466796875,33050494
2023-03-22 00:00:00+05:30,762.1696729262495,763.1560902525215,753.1718600042767,758.22412109375,14177324
2023-03-23 00:00:00+05:30,754.350750068819,765.225129615806,749.9240302046185,752.1373901367188,28364178
2023-03-24 00:00:00+05:30,750.6216774626521,757.3099208232004,748.1917568712191,750.9344482421875,31477748
2023-03-27 00:00:00+05:30,751.6802291971494,759.9803728144399,750.092410877359,754.2063598632812,31872006
2023-03-28 00:00:00+05:30,753.3643152523856,761.6404357125624,752.5944586072359,760.3412475585938,39276302
2023-03-29 00:00:00+05:30,762.1696471308557,770.8306658482518,761.1592066944179,763.9981079101562,39763612
2023-03-31 00:00:00+05:30,767.7512367744048,776.0994853441741,766.2115234957539,774.4635620117188,34711228
2023-04-03 00:00:00+05:30,773.5012598964762,777.422730170773,771.1916311425683,774.9447631835938,40025398
2023-04-05 00:00:00+05:30,778.8180825386323,796.8137675382653,777.5670581774376,795.7311401367188,43365392
2023-04-06 00:00:00+05:30,793.2291334002176,803.1652006446278,792.5314049071793,801.7938842773438,44637344
2023-04-10 00:00:00+05:30,800.3022433921424,804.0312933763835,795.8514417980481,797.9926147460938,31813286
2023-04-11 00:00:00+05:30,798.2572492502067,803.2614052965625,794.4560125065183,800.3262939453125,42361542
2023-04-12 00:00:00+05:30,802.5877968377349,812.307361770148,802.4915867834721,810.7195434570312,26955504
2023-04-13 00:00:00+05:30,812.3555567321653,816.5657746530499,807.4716921966794,814.3523559570312,35330086
2023-04-17 00:00:00+05:30,827.6085828103118,827.6085828103118,795.5147153318975,801.9382934570312,32405148
2023-04-18 00:00:00+05:30,803.5501156527228,807.0385817236702,797.0062462186185,798.5459594726562,29637226
2023-04-19 00:00:00+05:30,801.1442851788886,803.6944976892919,797.3671301762054,801.4810791015625,24741168
2023-04-20 00:00:00+05:30,804.3681477069183,807.1348624191324,801.8179937357015,804.4644165039062,32922716
2023-04-21 00:00:00+05:30,803.0689611623811,806.8942212156402,800.3022466466929,805.7634887695312,20128618
2023-04-24 00:00:00+05:30,811.7300315452851,813.8712046366431,805.5229555378388,812.2833862304688,35675852
2023-04-25 00:00:00+05:30,812.0668172386956,812.0668172386956,799.6527240862603,800.7353515625,50353068
2023-04-26 00:00:00+05:30,798.738456878835,805.955973055451,796.3326181532963,804.416259765625,27392750
2023-04-27 00:00:00+05:30,803.7906953628967,810.8879194015693,801.5532536644629,808.8429565429688,47790392
2023-04-28 00:00:00+05:30,810.6232785465422,813.6546588421882,803.5501361717647,812.0186767578125,27916272
2023-05-02 00:00:00+05:30,812.547950500037,817.5040017864336,809.3241500911014,811.8502807617188,32221184
2023-05-03 00:00:00+05:30,810.7435980893194,816.0605253605099,808.1934441893474,814.689208984375,29407270
2023-05-04 00:00:00+05:30,811.7781309061464,834.5614130090665,811.7781309061464,831.3616943359375,56854638
2023-05-05 00:00:00+05:30,788.6339660930405,799.1955750303342,780.5022191249311,782.2103881835938,62770416
2023-05-08 00:00:00+05:30,786.7092748572636,794.0951881063704,784.3034360962322,791.2562866210938,37244524
2023-05-09 00:00:00+05:30,793.878651970084,796.8137633850524,789.0909977997552,791.2803344726562,43688938
2023-05-10 00:00:00+05:30,791.2803925786036,796.1642571593527,785.7950682892969,794.937255859375,46340550
2023-05-11 00:00:00+05:30,801.2164814876731,812.2111527020498,793.5659026029952,795.4664916992188,35734618
2023-05-12 00:00:00+05:30,792.4833249747595,804.8974770572269,791.1601135942614,802.4916381835938,22478760
2023-05-15 00:00:00+05:30,804.5124814304968,808.7226992609494,801.1924121940802,806.3409423828125,18512260
2023-05-16 00:00:00+05:30,813.641207320555,813.641207320555,800.1113205928083,801.7174072265625,32722086
2023-05-17 00:00:00+05:30,803.0314612780545,803.0314612780545,791.0346460503185,797.4102172851562,30466868
2023-05-18 00:00:00+05:30,802.0580796447568,804.953835962047,798.1645938212387,800.5980224609375,49646942
2023-05-19 00:00:00+05:30,802.0581696272553,803.0315411923369,794.0522122684132,801.5228271484375,30460332
2023-05-22 00:00:00+05:30,800.5981052751066,804.4429348055172,794.6118464382748,798.6757202148438,28334032
2023-05-23 00:00:00+05:30,802.5447954516952,802.8367950174272,794.9768083346355,796.8018798828125,22470074
2023-05-24 00:00:00+05:30,792.1053982534182,795.6095118101778,785.3160965486113,786.3868408203125,33588112
2023-05-25 00:00:00+05:30,786.3380947431477,788.455225154943,777.407423655138,783.3693237304688,29776930
2023-05-26 00:00:00+05:30,787.944211421121,787.944211421121,779.7922252930767,786.3868408203125,26635066
2023-05-29 00:00:00+05:30,792.5676872978805,798.6512587386072,790.7912725552128,795.9744873046875,21816292
2023-05-30 00:00:00+05:30,795.0498137776772,799.4543434930372,792.5920864341458,796.5828857421875,37125928
2023-05-31 00:00:00+05:30,793.249109394473,795.706836766176,780.9602943063138,783.9777221679688,43334270
2023-06-01 00:00:00+05:30,788.3822359863269,788.3822359863269,778.6971779535536,780.6439208984375,50366938
2023-06-02 00:00:00+05:30,784.7564131844704,785.9001722239442,779.1838851154611,781.8606567382812,17859710
2023-06-05 00:00:00+05:30,785.7541372012771,786.7275086936293,779.889550195903,780.838623046875,18697242
2023-06-06 00:00:00+05:30,782.4203085516023,783.4909933701617,774.9253365920524,778.4051513671875,32182852
2023-06-07 00:00:00+05:30,780.3762267164857,784.8051144822347,776.7504417142903,782.4446411132812,24949026
2023-06-08 00:00:00+05:30,780.278861070367,791.350960923385,780.278861070367,782.9312744140625,37395522
2023-06-09 00:00:00+05:30,786.4354761770152,787.7008471820789,782.1039613355581,783.8560180664062,18212578
2023-06-12 00:00:00+05:30,784.8051052341397,786.3868338718737,778.4294745818307,779.0865478515625,13408292
2023-06-13 00:00:00+05:30,773.8789730190645,783.0773452649356,773.8789730190645,780.4005737304688,27926108
2023-06-14 00:00:00+05:30,783.7830313619872,784.5374180278894,778.7945024942541,779.5488891601562,20113968
2023-06-15 00:00:00+05:30,780.6439096325554,781.5929230405386,768.4767664026215,769.961181640625,35377476
2023-06-16 00:00:00+05:30,772.4432372595309,783.1746215295391,770.9101653895649,780.0355224609375,15779272
2023-06-19 00:00:00+05:30,784.0507655809437,785.6324943134937,777.8941787861185,780.7169799804688,24829146
2023-06-20 00:00:00+05:30,780.7169656771292,784.0507512165266,774.1467079853705,782.3473510742188,20005626
2023-06-21 00:00:00+05:30,786.4841043269806,796.8261756245972,784.050675786365,796.0231323242188,24308946
2023-06-22 00:00:00+05:30,798.1646301932708,806.7059888717916,797.7023024946114,799.9166870117188,56596140
2023-06-23 00:00:00+05:30,796.9722855006775,807.8497002925832,795.2688853504051,799.8680419921875,21339218
2023-06-26 00:00:00+05:30,800.598057936059,803.396500995714,792.6650564551716,795.9989013671875,16130314
2023-06-27 00:00:00+05:30,799.6003360457688,814.1766100290189,797.4589662553369,807.2169799804688,33831864
2023-06-28 00:00:00+05:30,812.7652324615918,817.5834334461853,808.1417176661517,815.7583618164062,59562950
2023-06-30 00:00:00+05:30,829.3124290377532,831.6485441511054,819.213700808567,828.0470581054688,40699016
2023-07-03 00:00:00+05:30,833.4493066629323,855.3501643562647,832.232592346636,837.0021362304688,44104116
2023-07-04 00:00:00+05:30,838.7784528667394,850.239924960872,834.0819833506376,841.0902099609375,38795188
2023-07-05 00:00:00+05:30,835.2744057361592,837.0994772709068,812.0595195781218,814.3712768554688,37165754
2023-07-06 00:00:00+05:30,814.2252369257229,821.4525082286525,808.0930085295972,815.1986083984375,52156544
2023-07-07 00:00:00+05:30,810.3317601084606,815.1986175265295,806.0976179186929,808.093017578125,19926336
2023-07-10 00:00:00+05:30,808.3849760030445,816.0502760464208,802.8854036365442,806.1705322265625,38398442
2023-07-11 00:00:00+05:30,809.3583461576029,815.6852604691176,800.8413461228718,802.2527465820312,50670426
2023-07-12 00:00:00+05:30,805.6352319869237,810.9644765133695,791.9107178120092,794.7334594726562,70958358
2023-07-13 00:00:00+05:30,806.2921751723549,806.65718944724,797.2155343981111,798.6998901367188,41913546
2023-07-14 00:00:00+05:30,804.7835035114284,804.7835035114284,795.7311609024043,800.3546752929688,24727214
2023-07-17 00:00:00+05:30,803.0314502823962,818.6053935606003,794.7577929158504,817.0966796875,49252928
2023-07-18 00:00:00+05:30,826.3924020963348,829.3125165913748,812.7652011194812,816.4153442382812,81076818
2023-07-19 00:00:00+05:30,818.1673927652148,821.8905505906512,815.1986216073076,820.1141357421875,32935134
2023-07-20 00:00:00+05:30,818.1917641303833,823.4722926593728,817.6320636334198,821.8905639648438,56210948
2023-07-21 00:00:00+05:30,817.6320129512904,822.4015567907909,814.3468843278255,815.5635986328125,42154248
2023-07-24 00:00:00+05:30,816.9020502488354,819.8951795624654,812.8138779724052,816.8533935546875,32179444
2023-07-25 00:00:00+05:30,819.8951278192749,826.879056170404,816.8533420034627,825.7109985351562,55992596
2023-07-26 00:00:00+05:30,827.1710534459679,827.1710534459679,821.5255108693627,822.8395385742188,24794358
2023-07-27 00:00:00+05:30,827.3170606790924,828.8257745170246,811.5240735457453,814.2982177734375,59741302
2023-07-28 00:00:00+05:30,808.6283856221597,812.2298721075693,798.6999842928814,799.8680419921875,41015684
2023-07-31 00:00:00+05:30,803.0557764440342,806.3409049738307,797.531846128994,803.6154174804688,34565006
2023-08-01 00:00:00+05:30,805.1971747453257,811.5240891764785,803.0314470309211,808.9933471679688,35394188
2023-08-02 00:00:00+05:30,799.1380486876382,803.7615635856482,794.8308914277848,798.4080200195312,28116322
2023-08-03 00:00:00+05:30,798.1646183703506,803.6884896703888,789.8909607409018,792.6407470703125,57673946
2023-08-04 00:00:00+05:30,795.8042164551875,806.1949453417267,792.9327586465489,804.1021728515625,37388304
2023-08-07 00:00:00+05:30,809.4070457041624,809.4070457041624,801.8391180613743,803.6398315429688,28300918
2023-08-08 00:00:00+05:30,803.8588478451442,805.7569341954113,799.1623777784342,802.9828491210938,43773828
2023-08-09 00:00:00+05:30,804.4914945725491,805.221523152016,793.8330654303563,803.2747802734375,33361236
2023-08-10 00:00:00+05:30,801.5957522263969,805.099865704745,793.7844225264857,796.1448364257812,50781118
2023-08-11 00:00:00+05:30,797.385890968424,797.385890968424,786.5814324003055,787.8468627929688,28225822
2023-08-14 00:00:00+05:30,784.0507929265752,785.9975360499187,778.8189207825898,784.0021362304688,31304410
2023-08-16 00:00:00+05:30,770.4721710730195,783.3937010320665,769.5961724006356,781.714599609375,34137542
2023-08-17 00:00:00+05:30,777.529087744607,783.5153458133944,775.7770310495571,777.3831176757812,52884040
2023-08-18 00:00:00+05:30,772.6379419530916,776.8964420218484,771.6402124587459,774.1953125,25633366
2023-08-21 00:00:00+05:30,778.9405181779168,778.9405181779168,772.3702607612333,773.5869750976562,21837270
2023-08-22 00:00:00+05:30,776.9207377849476,777.7237811054864,768.963438139342,770.2774658203125,32273570
2023-08-23 00:00:00+05:30,768.9634840803492,774.0980425006611,765.6783552717781,772.1755981445312,36498588
2023-08-24 00:00:00+05:30,775.4363414276388,776.8476824149117,767.0896698783494,768.6227416992188,43145792
2023-08-25 00:00:00+05:30,766.3110504597091,767.746749618975,758.4510639302869,759.9597778320312,30069756
2023-08-28 00:00:00+05:30,759.9597651143588,770.2531801549441,759.9597651143588,767.868408203125,28867238
2023-08-29 00:00:00+05:30,773.6843204138314,775.1200790359981,769.6691629379135,773.9763793945312,35538932
2023-08-30 00:00:00+05:30,780.6195643753474,780.6195643753474,765.8973208258516,768.3307495117188,28084204
2023-08-31 00:00:00+05:30,768.4767470204652,770.4965046276685,760.7384322394234,764.80224609375,100075772
2023-09-01 00:00:00+05:30,764.5832587851945,768.4767445078436,758.9133583196115,766.3839721679688,43226776
2023-09-04 00:00:00+05:30,773.8303310146484,774.5360015777221,766.4813881806992,771.1779174804688,25073638
2023-09-05 00:00:00+05:30,773.0517033297151,773.0517033297151,764.3886726986182,766.4814453125,38712082
2023-09-06 00:00:00+05:30,767.4060807161218,778.6971658570981,766.4813659496907,776.507080078125,56320910
2023-09-07 00:00:00+05:30,776.5071078478363,785.510794150052,772.4432937501639,783.9777221679688,34208342
2023-09-08 00:00:00+05:30,782.7366896240351,794.7091467964383,782.3959739643648,790.0856323242188,34502210
2023-09-11 00:00:00+05:30,792.762427572447,796.4612273788786,790.3776555229446,794.173828125,31573022
2023-09-12 00:00:00+05:30,798.164658821722,799.576059429664,790.888730360441,796.6559448242188,39033340
2023-09-13 00:00:00+05:30,793.9304547919241,803.8101394610018,792.6163676755281,800.0626831054688,46420094
2023-09-14 00:00:00+05:30,800.2330026157181,803.0314455319658,795.7798163539742,799.5759887695312,23538848
2023-09-15 00:00:00+05:30,803.0315033597159,812.7652185519548,803.0315033597159,808.7500610351562,173411202
2023-09-18 00:00:00+05:30,804.8565635467733,805.4649207376626,791.3996906023217,792.83544921875,37056288
2023-09-20 00:00:00+05:30,778.2104866731253,778.2104866731253,759.4244292708094,761.0304565429688,115474648
2023-09-21 00:00:00+05:30,755.8229580049356,763.5855718328563,748.0603441770149,755.9932861328125,72841442
2023-09-22 00:00:00+05:30,758.7430770496563,761.3711919566923,741.5874045249608,744.4588623046875,61704250
2023-09-25 00:00:00+05:30,742.195730377536,749.8366724935371,742.195730377536,745.1158447265625,40208754
2023-09-26 00:00:00+05:30,742.1957693327212,749.4960555884529,742.1957693327212,748.3523559570312,27575308
2023-09-27 00:00:00+05:30,741.2224021033014,745.8459167585748,737.3289160778081,743.0961303710938,39338538
2023-09-28 00:00:00+05:30,746.5759362770035,748.3279930851168,738.9592924506106,741.5630493164062,55354188
2023-09-29 00:00:00+05:30,741.5629997895483,747.2815569377753,740.8816873168103,742.8284301757812,32053782
2023-10-03 00:00:00+05:30,743.1691434056778,743.1691434056778,732.9487426122795,733.9464721679688,38971694
2023-10-04 00:00:00+05:30,727.5952007546005,747.0626308751249,724.7967576747751,744.4102172851562,54649430
2023-10-05 00:00:00+05:30,747.0869560565192,755.1172706279191,745.8945403681716,747.4276123046875,48512674
2023-10-06 00:00:00+05:30,751.4427800948807,751.9294658332841,744.5561650144963,746.6002807617188,17759356
2023-10-09 00:00:00+05:30,743.6558133244023,744.6291848078113,735.8688414571311,737.937255859375,16454972
2023-10-10 00:00:00+05:30,740.0299677918072,744.142438208933,737.4261517587281,742.1226806640625,33266292
2023-10-11 00:00:00+05:30,744.6778768359782,750.5424640657517,743.8991914942775,749.3013916015625,31333360
2023-10-12 00:00:00+05:30,747.5979272653602,755.3362421435227,745.4078415117224,754.2898559570312,22025336
2023-10-13 00:00:00+05:30,749.4960266639874,753.7788848660191,744.6048112974557,747.4276123046875,39745300
2023-10-16 00:00:00+05:30,745.3592240817852,746.794923276397,740.0056808464606,744.4345092773438,17856084
2023-10-17 00:00:00+05:30,757.1613181665532,757.1613181665532,747.0625893528261,750.0800170898438,32902558
2023-10-18 00:00:00+05:30,750.0800718553149,750.0800718553149,738.8376426467095,739.6406860351562,31216200
2023-10-19 00:00:00+05:30,732.6566914356105,742.8040767694536,731.5859472105568,737.3045043945312,30252364
2023-10-20 00:00:00+05:30,732.46203118805,743.1691173582408,732.46203118805,741.1250610351562,21094010
2023-10-23 00:00:00+05:30,741.4657259067877,744.0208260452915,730.0772676931944,732.9730834960938,22376136
2023-10-25 00:00:00+05:30,740.2489957035165,741.1250537819102,725.8674086108082,728.3251953125,28311996
2023-10-26 00:00:00+05:30,725.7700665168079,726.1350808000519,710.6828094760561,712.2158813476562,55561798
2023-10-27 00:00:00+05:30,715.1846713831347,719.3215000369331,713.9193003827721,715.0143432617188,31940532
2023-10-30 00:00:00+05:30,712.1429661841146,725.1374527205985,711.485952264384,722.7770385742188,23310982
2023-10-31 00:00:00+05:30,731.9753494856925,731.9753494856925,717.3747773549939,718.5914916992188,32634824
2023-11-01 00:00:00+05:30,711.6562028835086,719.053802155173,711.6562028835086,717.6181030273438,33877466
2023-11-02 00:00:00+05:30,722.7283533192214,725.4051249981815,714.041024388573,718.7131958007812,45225154
2023-11-03 00:00:00+05:30,724.188409593513,725.84315305655,721.0979669049797,722.1199951171875,18095340
2023-11-06 00:00:00+05:30,729.0552678342725,729.0552678342725,721.7549814407384,727.3518676757812,25593730
2023-11-07 00:00:00+05:30,727.1084316790375,727.1084316790375,718.9320882014275,723.8233032226562,41952848
2023-11-08 00:00:00+05:30,722.2172785513859,726.8407930714139,720.7815793854345,725.9161376953125,31399546
2023-11-09 00:00:00+05:30,723.2150669100431,726.4271811664283,721.9983524636938,723.0447387695312,22116740
2023-11-10 00:00:00+05:30,720.3436158922068,728.081931727707,720.3193172489762,725.891845703125,14015186
2023-11-13 00:00:00+05:30,726.1838472673516,728.0575756559493,723.1664191670033,724.5778198242188,20605914
2023-11-15 00:00:00+05:30,732.0239534354185,735.3577386164206,730.2962548370274,732.1699829101562,41245460
2023-11-16 00:00:00+05:30,734.7494210785321,739.2756221207742,731.8536647558356,734.0924072265625,29713838
2023-11-17 00:00:00+05:30,725.16173850318,733.6787387876133,724.6750527726409,732.5106811523438,23701874
2023-11-20 00:00:00+05:30,736.3554985735485,736.3554985735485,730.7829708116128,732.559326171875,19331452
2023-11-21 00:00:00+05:30,739.2756922652317,740.7357495903111,735.917548535572,738.7646484375,24959972
2023-11-22 00:00:00+05:30,739.7623819588872,739.7623819588872,731.7564246812467,736.1365966796875,29123650
2023-11-23 00:00:00+05:30,734.1654789893513,741.6360936254299,734.1654789893513,740.3950805664062,13046220
2023-11-24 00:00:00+05:30,740.3462978210936,746.1622278549652,739.6892839772345,745.6511840820312,16469192
2023-11-28 00:00:00+05:30,747.1599239182611,748.1576534487249,742.5851254924052,743.97216796875,28489338
2023-11-29 00:00:00+05:30,746.5272258063289,760.6897681490088,746.0891967833849,758.8160400390625,34042488
2023-11-30 00:00:00+05:30,763.6829374580863,765.2889647471237,750.542422535641,758.645751953125,69491440
2023-12-01 00:00:00+05:30,758.2077422076743,762.028213465217,755.3849410922298,756.9910278320312,22153536
2023-12-04 00:00:00+05:30,772.8569470817542,784.5374047202694,765.873018667368,783.2720336914062,50662456
2023-12-05 00:00:00+05:30,796.4611682648754,797.6778825457567,786.7274540178253,790.2315673828125,52230820
2023-12-06 00:00:00+05:30,797.4102062498663,797.4102062498663,786.8004930390686,792.22705078125,38613060
2023-12-07 00:00:00+05:30,790.86431017188,795.2444817359088,786.5814519897668,793.5167236328125,20450386
2023-12-08 00:00:00+05:30,793.5167060552014,805.4648642096952,793.5167060552014,804.5888061523438,33728038
2023-12-11 00:00:00+05:30,803.0557997692163,809.6990123500813,801.5713845523902,803.5181274414062,23187620
2023-12-12 00:00:00+05:30,805.0755276490755,806.0732571804058,794.1981132379304,795.5364990234375,36581476
2023-12-13 00:00:00+05:30,794.4901060535459,796.2178641804811,786.0461204150259,793.7357788085938,29346914
2023-12-14 00:00:00+05:30,801.0847344683164,807.3872910879392,800.5980487244109,803.1044921875,35172366
2023-12-15 00:00:00+05:30,803.0314231104064,811.7917659079744,801.3766798111126,806.21923828125,138837130
2023-12-18 00:00:00+05:30,808.2389706500245,810.1857135762941,803.4937847672423,805.8055419921875,18014754
2023-12-19 00:00:00+05:30,803.0314705665357,807.2413140972394,800.135714179051,804.44287109375,24008446
2023-12-20 00:00:00+05:30,806.9249181384845,812.2541029714071,800.3303029144753,806.438232421875,34232520
2023-12-21 00:00:00+05:30,806.4382794041677,822.3772375517154,803.1531506256655,820.892822265625,36589240
2023-12-22 00:00:00+05:30,819.3841375121868,820.5035385294108,811.3538224343752,813.1788940429688,48578850
2023-12-26 00:00:00+05:30,814.3469167985355,820.5278019503709,812.059517577905,818.8244018554688,18045856
2023-12-27 00:00:00+05:30,818.3620294115412,830.5291722811746,816.9506289566883,828.9718017578125,27009078
2023-12-28 00:00:00+05:30,831.8919383640549,837.7808237889657,828.3391087868577,829.9208374023438,44076470
2023-12-29 00:00:00+05:30,825.9057143332578,834.6174011041943,825.4190285852712,831.8676147460938,25011426
2024-01-01 00:00:00+05:30,830.285869252277,831.8189412093673,823.4722689184366,826.4410400390625,14239686
2024-01-02 00:00:00+05:30,826.781764297971,828.7285072707376,821.8661907638304,826.927734375,29242092
2024-01-03 00:00:00+05:30,828.339179753768,829.6532075675672,812.2541913065818,814.1766357421875,28389762
2024-01-04 00:00:00+05:30,816.6586975811834,824.9079973714623,813.1058678027235,822.91259765625,26734056
2024-01-05 00:00:00+05:30,821.1118889384027,829.7505611476026,811.8405014795056,818.7027587890625,31889470
2024-01-08 00:00:00+05:30,816.9020369293803,818.7757651976441,807.8983504931613,809.577392578125,17998470
2024-01-09 00:00:00+05:30,811.3781093874959,816.5613241836867,801.4497088247701,803.2747802734375,25326888
2024-01-10 00:00:00+05:30,799.6246893784266,807.8739890989318,798.8460040583302,805.92724609375,16115824
2024-01-11 00:00:00+05:30,807.8983430417109,809.309743595266,799.6246853117656,802.5447998046875,18314010
2024-01-12 00:00:00+05:30,804.004764401761,805.9515071727096,795.0497357734226,798.74853515625,19773552
2024-01-15 00:00:00+05:30,801.9121302041557,818.0701336304721,799.9167304024104,814.1279907226562,28320356
2024-01-16 00:00:00+05:30,814.2252545636514,819.4084696501124,806.9736250528656,817.2183837890625,25322500
2024-01-17 00:00:00+05:30,764.0965828252033,777.1397839265529,743.8504686909188,748.279296875,170145236
2024-01-18 00:00:00+05:30,727.1084347245617,737.3288344094451,720.3191929835535,723.2879638671875,161070930
2024-01-19 00:00:00+05:30,732.924355486129,735.0171279009493,714.6493418669147,715.744384765625,109600538
2024-01-23 00:00:00+05:30,712.9946289403671,717.7154569857805,693.5271987986505,694.6708984375,115469402
2024-01-24 00:00:00+05:30,671.7480069982282,709.8068089160445,671.7480069982282,708.5657958984375,86004404
2024-01-25 00:00:00+05:30,706.9110553088505,709.27146932584,690.8017687875753,698.3453979492188,98941852
2024-01-29 00:00:00+05:30,704.7452835773879,711.9238979776146,703.6502407027771,707.9573974609375,65645498
2024-01-30 00:00:00+05:30,707.90875580775,712.1185398649957,701.2654836786888,702.9202270507812,41728768
2024-01-31 00:00:00+05:30,700.5841161285045,717.8371016849802,699.2700884068386,711.80224609375,65761040
2024-02-01 00:00:00+05:30,713.0189555223712,717.1800828855794,708.6387839338071,713.651611328125,32690740
2024-02-02 00:00:00+05:30,717.8614898495053,720.7085896391353,701.8252179588541,703.8206176757812,44867754
2024-02-05 00:00:00+05:30,703.7475666832909,706.6190243767684,697.9316959646247,703.1878662109375,38605046
2024-02-06 00:00:00+05:30,703.5286059562596,705.5483042801744,697.2259898811583,702.8228759765625,41075740
2024-02-07 00:00:00+05:30,707.1543478186637,707.5437201567751,694.330191039234,695.9362182617188,54837086
2024-02-08 00:00:00+05:30,695.8875630019661,700.3163911601653,681.6033490400813,682.8444213867188,69106124
2024-02-09 00:00:00+05:30,677.5395328507874,688.2709172654594,675.033089526087,683.112060546875,56642124
2024-02-12 00:00:00+05:30,681.1897546934406,688.0033555217624,673.2567528222265,676.4932250976562,34447812
2024-02-13 00:00:00+05:30,677.4421602188512,683.4770749934498,673.7433606505093,678.6588745117188,57580994
2024-02-14 00:00:00+05:30,669.6796288773342,677.2232584177402,663.6204147201233,673.5974731445312,91320810
2024-02-15 00:00:00+05:30,674.0597534612269,688.903668609651,673.7433958465795,688.197998046875,41584944
2024-02-16 00:00:00+05:30,692.9918479710976,694.8412181662663,685.4725175238648,691.0451049804688,32175742
2024-02-19 00:00:00+05:30,695.4739454261017,695.4739454261017,688.7576582283627,689.682373046875,34451756
2024-02-20 00:00:00+05:30,688.660276266856,709.22274741334,687.1029057664576,707.7870483398438,56133508
2024-02-21 00:00:00+05:30,712.507885437546,712.507885437546,698.3939997287421,700.4137573242188,45893136
2024-02-22 00:00:00+05:30,689.9986977762575,695.3765988884213,687.2975681948778,690.874755859375,50560882
2024-02-23 00:00:00+05:30,692.334815015207,697.85868621692,690.1203711604371,691.3857421875,29833452
2024-02-26 00:00:00+05:30,687.9546953048787,698.3210665804025,687.9546953048787,692.2131958007812,23506870
2024-02-27 00:00:00+05:30,687.9546948776648,694.3545652339111,687.7113519923358,691.1668090820312,32087150
2024-02-28 00:00:00+05:30,691.1667470533215,693.1377886016653,683.3067606806109,685.9348754882812,25321986
2024-02-29 00:00:00+05:30,682.3820552900959,686.4215706434694,680.0459994144303,683.0147705078125,53295700
2024-03-01 00:00:00+05:30,681.360036052442,697.2989940386686,681.360036052442,696.3256225585938,34738898
2024-03-04 00:00:00+05:30,696.4228971703204,699.3673694975699,693.1864847071581,697.2745971679688,35616474
2024-03-05 00:00:00+05:30,692.0671354112525,702.2875361451739,691.8968072809968,701.2411499023438,37991672
2024-03-06 00:00:00+05:30,697.6883641851937,707.0813632922424,697.6883641851937,702.0928344726562,42409530
2024-03-07 00:00:00+05:30,703.504204064998,706.2053335588424,701.5088045068723,703.7962036132812,49348046
2024-03-11 00:00:00+05:30,695.9606385239804,703.7232526512562,692.5538381955413,694.8899536132812,50531094
2024-03-12 00:00:00+05:30,697.9073192338245,712.5078907659129,695.5955620745772,710.3421630859375,65418454
2024-03-13 00:00:00+05:30,713.2379447418698,716.2067158438075,705.7429725398497,710.755859375,63067454
2024-03-14 00:00:00+05:30,711.5832127948388,713.4812990740788,702.9202422173576,708.3467407226562,52432158
2024-03-15 00:00:00+05:30,705.6943406988961,710.2205419583659,701.9225261192986,706.9840698242188,143613804
2024-03-18 00:00:00+05:30,704.2343003680048,708.6144722431341,698.7834435762417,703.77197265625,21437856
2024-03-19 00:00:00+05:30,698.6373444116205,706.8623448833252,698.6373444116205,705.3779296875,36183594
2024-03-20 00:00:00+05:30,705.2320233558721,706.4973944482159,693.3568789456579,696.4716796875,43606094
2024-03-21 00:00:00+05:30,702.0928435492851,706.3026871236781,700.0001304926251,703.6259155273438,28922860
2024-03-22 00:00:00+05:30,701.3141208411934,706.0593065998343,699.7323922549797,702.2144775390625,45980326
2024-03-26 00:00:00+05:30,694.5978614753975,699.8297331586394,692.1401341445468,693.7218627929688,56844290
2024-03-27 00:00:00+05:30,692.8215385852401,704.6966236214441,691.7021375713913,701.1681518554688,62168668
2024-03-28 00:00:00+05:30,701.1680685036345,710.804469186373,701.1680685036345,704.6722412109375,55592142
2024-04-01 00:00:00+05:30,709.5878149173326,717.2774734382766,708.4197572494843,715.67138671875,25199570
2024-04-02 00:00:00+05:30,713.0676337207477,727.5221766350272,712.1429189199621,720.367919921875,41225446
2024-04-03 00:00:00+05:30,716.450076374618,727.9115494819865,716.109420115624,721.414306640625,45584386
2024-04-04 00:00:00+05:30,731.9754091764817,744.6292393883092,731.9754091764817,743.461181640625,88935066
2024-04-05 00:00:00+05:30,749.0093625181328,756.5529915753328,744.7022055513205,754.1439208984375,59055902
2024-04-08 00:00:00+05:30,756.7719438017782,757.891344732456,750.2504026191882,752.7081298828125,20482940
2024-04-09 00:00:00+05:30,756.7233723625303,756.7233723625303,749.64212991684,753.6572875976562,21884494
2024-04-10 00:00:00+05:30,754.3142814277871,754.3142814277871,746.0649220391629,747.7196655273438,27807400
2024-04-12 00:00:00+05:30,740.2490112702176,744.5561681914903,736.5745101656407,739.2512817382812,41084208
2024-04-15 00:00:00+05:30,728.8362596129997,734.8954733611977,726.1594880212867,727.4491577148438,23415248
2024-04-16 00:00:00+05:30,723.7016987771374,736.3068713842836,721.3899415012858,734.5304565429688,20744886
2024-04-18 00:00:00+05:30,734.7981599763604,739.2026303131596,725.6728022773389,727.4491577148438,34234884
2024-04-19 00:00:00+05:30,723.4827148610226,747.0382572891224,720.4165709168466,745.2619018554688,34576434
2024-04-22 00:00:00+05:30,757.9644186413883,757.9644186413883,734.0681595769883,735.9661865234375,42298438
2024-04-23 00:00:00+05:30,742.8284760660457,742.9257894510552,731.6103458842442,733.7274169921875,26827060
2024-04-24 00:00:00+05:30,737.3288649584306,740.613993564681,734.4331086916868,735.7227783203125,22441580
2024-04-25 00:00:00+05:30,733.0704121681982,739.616311752735,733.0704121681982,735.260498046875,35445204
2024-04-26 00:00:00+05:30,739.6650141563123,743.6558134751455,732.729742335618,734.7981567382812,24854694
2024-04-29 00:00:00+05:30,737.3289207914913,746.7949349875348,733.216449914726,744.3858642578125,36093350
2024-04-30 00:00:00+05:30,744.2398024289921,749.2526892649995,737.2802320622603,739.8109741210938,52307382
2024-05-02 00:00:00+05:30,740.7357142083232,748.0360004850149,739.9326708359107,745.7242431640625,33475006
2024-05-03 00:00:00+05:30,746.2108990812835,749.7880273318675,733.5327119903678,739.567626953125,31865242
2024-05-06 00:00:00+05:30,740.7357053714223,746.819277196089,738.3752913854279,741.0520629882812,28793396
2024-05-07 00:00:00+05:30,740.7113274497933,741.7334150168236,732.0483570497901,733.021728515625,28480602
2024-05-08 00:00:00+05:30,728.0574791574124,728.5441648774708,720.465193806477,721.5845947265625,41687862
2024-05-09 00:00:00+05:30,717.83709973452,723.5800151607533,703.4069152466064,704.4776000976562,46281278
2024-05-10 00:00:00+05:30,709.9042861034679,716.2929072582592,703.8856637079383,709.3616333007812,27276608
2024-05-13 00:00:00+05:30,706.4509373389452,720.1655815796556,705.6122976051453,717.9208984375,27047202
2024-05-14 00:00:00+05:30,716.4408878596623,722.9775322143812,715.4789152317669,720.7328491210938,25665142
2024-05-15 00:00:00+05:30,720.1161379403006,720.1161379403006,708.3255604595557,709.6575317382812,38931996
2024-05-16 00:00:00+05:30,713.3822271543565,721.5221990437014,708.1775543730138,720.3875122070312,34945236
2024-05-17 00:00:00+05:30,713.4562165510583,724.210870736283,713.4562165510583,722.286865234375,20920190
2024-05-21 00:00:00+05:30,715.380219686854,725.0495080646152,715.380219686854,719.6722412109375,43769978
2024-05-22 00:00:00+05:30,719.2035821431577,723.0269026870767,714.4182889056816,719.8695678710938,39996278
2024-05-23 00:00:00+05:30,719.5982164877166,737.8514873644924,718.808897899437,736.3468017578125,40861920
2024-05-24 00:00:00+05:30,733.8308016870678,749.814758588212,733.0908042399884,748.4827270507812,31060206
2024-05-27 00:00:00+05:30,751.5168000055969,762.1974428837648,749.3955099218479,753.6627807617188,29385440
2024-05-28 00:00:00+05:30,754.8467837037828,757.7821433020647,752.2321619595608,755.0441284179688,27908904
2024-05-29 00:00:00+05:30,748.8774560751649,751.763434227272,740.6141508121484,744.0921630859375,35147706
2024-05-30 00:00:00+05:30,739.6027730570852,751.6400771573121,738.8381451452329,747.3234252929688,33755350
2024-05-31 00:00:00+05:30,749.370736784836,757.7573743920395,746.9040786650703,755.5620727539062,74079588
2024-06-03 00:00:00+05:30,788.8373406823981,788.8373406823981,764.6640888415991,775.6160278320312,72637256
2024-06-04 00:00:00+05:30,768.1173430540747,769.1040063078372,717.304185485308,731.684814453125,89531240
2024-06-05 00:00:00+05:30,737.062160780223,769.4000136473305,731.2901444599279,765.5520629882812,81631650
2024-06-06 00:00:00+05:30,772.0147015010076,772.2859977724349,762.9867083301413,769.4493408203125,46422870
2024-06-07 00:00:00+05:30,770.1154063679018,781.6099978301712,765.6754214599775,776.183349609375,36712216
2024-06-10 00:00:00+05:30,776.5039961939522,779.7846636223554,768.4133453075493,770.2387084960938,22454058
2024-06-11 00:00:00+05:30,767.6240504407497,775.0240252200629,765.7493660748642,771.9653930664062,29545326
2024-06-12 00:00:00+05:30,776.9973227739393,783.5586575880445,772.7546827700062,776.5780029296875,39280436
2024-06-13 00:00:00+05:30,780.3273770852536,782.2760131134276,776.5040566032491,779.8340454101562,24120192
2024-06-14 00:00:00+05:30,781.4372796414563,788.8372538804852,778.3292663726063,787.80126953125,25540554
2024-06-18 00:00:00+05:30,787.8013228802739,794.5106212671108,784.1259659599784,793.1786499023438,32415714
2024-06-19 00:00:00+05:30,795.941305047812,823.8145435842582,791.3039754417663,817.869873046875,90131196
2024-06-20 00:00:00+05:30,823.7651872236406,829.5124525875813,814.983860042712,823.5431518554688,41408742
2024-06-21 00:00:00+05:30,825.2697933574087,825.2697933574087,810.6178682451445,821.7671508789062,51630776
2024-06-24 00:00:00+05:30,812.5172157896385,826.3798229097616,811.9005512360641,825.0478515625,28544994
2024-06-25 00:00:00+05:30,824.4065232844747,847.025767804676,824.4065232844747,844.2631225585938,74521548
2024-06-26 00:00:00+05:30,842.5857736709851,844.041138181783,834.2731473521208,839.40380859375,47596666
2024-06-27 00:00:00+05:30,836.7397746618053,845.0770913433391,832.0531241260426,836.7644653320312,55074650
2024-06-28 00:00:00+05:30,837.4797542547091,841.9197388781129,828.3037980772367,830.6718139648438,26476046
2024-07-01 00:00:00+05:30,828.7971921822882,842.2651706437105,828.7971921822882,841.2291259765625,21187024
2024-07-02 00:00:00+05:30,846.0637432263002,855.8810546817267,840.0204307746837,853.7597045898438,45921690
2024-07-03 00:00:00+05:30,883.5570176331604,885.0370126375711,870.5577402219837,872.5310668945312,123217802
2024-07-04 00:00:00+05:30,868.1404005851939,868.1404005851939,850.9231133709549,852.0578002929688,45848658
2024-07-05 00:00:00+05:30,831.2638253093144,831.2638253093144,810.1492067263514,813.0598754882812,82242548
2024-07-08 00:00:00+05:30,811.678583484828,816.4391857049037,802.7246020410699,806.7698974609375,39087800
2024-07-09 00:00:00+05:30,801.6639054458949,812.3691778178521,799.369901303005,807.3372192382812,48550878
2024-07-10 00:00:00+05:30,804.1059188594888,809.0639261539534,799.5672916548901,802.2066040039062,45507182
2024-07-11 00:00:00+05:30,801.1458762280633,802.0832183690328,789.8239394111588,800.1345825195312,44177074
2024-07-12 00:00:00+05:30,800.1839277769812,808.2745787950348,794.8312914757237,800.5292358398438,56049960
2024-07-15 00:00:00+05:30,800.9239527377698,804.031966294815,796.8292758573642,800.2332763671875,33375694
2024-07-16 00:00:00+05:30,799.5673062806881,802.6506292263948,797.6186702674619,799.073974609375,28950324
2024-07-18 00:00:00+05:30,793.2772787604164,801.1458943462288,788.9113057816174,796.6319580078125,33717064
2024-07-19 00:00:00+05:30,797.2239682199486,800.6772898644657,791.0573224261681,792.9320068359375,26002152
2024-07-22 00:00:00+05:30,797.7172520784763,814.4905276323838,795.5712715150735,810.3218994140625,53744822
2024-07-23 00:00:00+05:30,812.7885887086006,812.9119216218081,791.7973027922226,798.407958984375,52002152
2024-07-24 00:00:00+05:30,793.3513220807449,799.6906218755655,783.4353677463822,791.3286743164062,61728206
2024-07-25 00:00:00+05:30,785.8773432331659,801.6639565310072,785.8773432331659,797.5199584960938,25535732
2024-07-26 00:00:00+05:30,791.7972838101718,800.0605887969758,787.5792741911353,798.2846069335938,43810540
2024-07-29 00:00:00+05:30,796.7306475152811,805.0432741154053,788.4920327099303,791.822021484375,51001148
2024-07-30 00:00:00+05:30,790.3172853310259,806.4738965011826,788.8372904146756,797.001953125,54595834
2024-07-31 00:00:00+05:30,796.237255579839,803.0945773220608,793.8692396532248,797.1005859375,37820484
2024-08-01 00:00:00+05:30,800.627938629233,814.0219048337823,798.1859108540549,808.471923828125,26215174
2024-08-02 00:00:00+05:30,804.6238722852388,824.1104712768188,804.6238722852388,818.5111694335938,44119238
2024-08-05 00:00:00+05:30,809.1131991555811,812.02386783421,789.8239443515008,797.1005859375,41333634
2024-08-06 00:00:00+05:30,804.1305829139676,805.5858871810888,786.0253355957136,789.922607421875,45116050
2024-08-07 00:00:00+05:30,797.7172336137804,804.130544706532,790.415901512036,800.9238891601562,42346264
2024-08-08 00:00:00+05:30,801.1705962949537,815.6252376687839,798.8272709671206,810.3958740234375,33976950
2024-08-09 00:00:00+05:30,814.9838462106346,820.1885189537674,811.9252142176729,814.0958251953125,26644618
2024-08-12 00:00:00+05:30,814.9838840860709,826.7991529902637,812.6898798741655,818.9798583984375,39316196
2024-08-13 00:00:00+05:30,803.1438891669751,805.314560371115,789.8979470194763,790.9092407226562,54055042
2024-08-14 00:00:00+05:30,792.5372946697382,796.0892584565494,790.9092761384464,793.1786499023438,32334428
2024-08-16 00:00:00+05:30,803.3906439659711,806.1779800129083,794.757339532809,805.1666259765625,27849246
2024-08-19 00:00:00+05:30,807.9045746403995,807.9045746403995,801.0225621096914,804.895263671875,19502164
2024-08-20 00:00:00+05:30,802.8726105839366,812.0239372458545,802.8726105839366,807.9292602539062,31134494
2024-08-21 00:00:00+05:30,803.1932814957441,806.3753069063249,798.1120014172305,802.0586547851562,47630904
2024-08-22 00:00:00+05:30,805.1172807347715,808.2252943260683,803.1439540663039,804.77197265625,21300638
2024-08-23 00:00:00+05:30,806.1038926835937,806.1038926835937,800.6772446912317,801.6885986328125,20333422
2024-08-26 00:00:00+05:30,805.2159251748899,812.9858989531632,805.2159251748899,809.0392456054688,22364266
2024-08-27 00:00:00+05:30,810.7412543536698,812.714580974844,805.2159036816922,807.9539184570312,35773244
2024-08-28 00:00:00+05:30,807.9539173658313,808.9405806750858,804.2292392849356,807.6332397460938,26921188
2024-08-29 00:00:00+05:30,810.0505418236547,811.2345497877237,804.6979056469421,808.3485717773438,49052604
2024-08-30 00:00:00+05:30,816.9572296027775,819.9172195651064,799.7646332824804,807.5346069335938,445342100
2024-09-02 00:00:00+05:30,812.4185353190471,812.4185353190471,800.7758609185206,802.6258544921875,34049680
2024-09-03 00:00:00+05:30,806.1039427589494,809.0392420850643,801.466613051357,807.756591796875,37282860
2024-09-04 00:00:00+05:30,808.5705516272349,811.4318992052836,805.1172301742814,809.951904296875,24682744
2024-09-05 00:00:00+05:30,812.0238589250097,813.947864316631,810.0505324148638,811.7525024414062,22876318
2024-09-06 00:00:00+05:30,808.2252499925564,812.8872099026286,806.1532209716318,807.5592041015625,26029602
2024-09-09 00:00:00+05:30,808.0772497858858,813.2572321563082,804.1799176724811,812.2705688476562,23792914
2024-09-10 00:00:00+05:30,815.9705333718649,815.9705333718649,808.0772271240113,814.1698608398438,26606646
2024-09-11 00:00:00+05:30,814.1945707781381,815.2305552034559,808.6692201411954,810.9879150390625,22226684
2024-09-12 00:00:00+05:30,815.970556634334,823.8638631072175,812.541925723635,822.1865234375,32424046
2024-09-13 00:00:00+05:30,825.8371886289187,825.8371886289187,817.4752411837702,821.8658447265625,23860532
2024-09-16 00:00:00+05:30,822.383822656841,827.7118283198007,820.9285184448568,824.3324584960938,15172820
2024-09-17 00:00:00+05:30,827.8104775064535,827.8104775064535,820.9778464556504,823.2718505859375,20127122
2024-09-18 00:00:00+05:30,824.7764529489335,838.1210972952287,824.4064542356848,836.0984497070312,40917342
2024-09-19 00:00:00+05:30,838.2691083056365,848.0370989791965,838.2444778560398,842.8571166992188,30651776
2024-09-20 00:00:00+05:30,846.8037464482039,860.8390072921377,842.3884524296358,858.989013671875,60623386
2024-09-23 00:00:00+05:30,862.8370939539058,871.3963864151646,858.5204418257773,868.1651000976562,26965350
2024-09-24 00:00:00+05:30,870.7303607683197,878.9443447710721,865.4270455398441,872.2350463867188,33039036
2024-09-25 00:00:00+05:30,868.3376691203036,882.0769427901153,868.3376691203036,877.686279296875,31965312
2024-09-26 00:00:00+05:30,874.7017352717152,882.0770195965482,872.2350769395101,879.8323364257812,31899644
2024-09-27 00:00:00+05:30,876.6503084858455,877.2422823547212,863.3303544458242,864.6376953125,35613502
2024-09-30 00:00:00+05:30,862.738402689165,864.0456833682003,850.701098537286,854.47509765625,26383534
2024-10-01 00:00:00+05:30,850.5037447767241,859.3837142697525,848.5797393423385,851.5890502929688,24572284
2024-10-03 00:00:00+05:30,846.3844351066934,851.5644172954591,825.5164827720641,829.7838134765625,48473398
2024-10-04 00:00:00+05:30,826.083866681385,834.0511850540141,815.4772359655595,817.771240234375,48683232
2024-10-07 00:00:00+05:30,815.0824984433904,818.4371776300311,795.7439225540929,798.1119384765625,94458296
2024-10-08 00:00:00+05:30,804.1306032900168,817.3519158252083,800.1839500223357,814.5152587890625,29734406
2024-10-09 00:00:00+05:30,813.7505304861846,817.3271848335777,803.4892084079638,805.6845703125,41125642
2024-10-10 00:00:00+05:30,808.5705299330368,821.6191272702827,805.363874384187,820.114501953125,21754766
2024-10-11 00:00:00+05:30,821.1258260358886,821.1258260358886,810.6672193318118,814.4905395507812,23672594
2024-10-14 00:00:00+05:30,816.9819085005773,834.741848018609,815.9705545228965,832.7931518554688,18527508
2024-10-15 00:00:00+05:30,835.7038196244212,837.6771462351046,826.5771840500105,830.81982421875,19651130
2024-10-16 00:00:00+05:30,828.8465156450762,842.585790426718,828.8465156450762,838.565185546875,20470682
2024-10-17 00:00:00+05:30,836.1724403142362,837.5044718768119,821.4958240034423,825.4178466796875,14695732
2024-10-18 00:00:00+05:30,820.4598702584595,834.2238355924767,816.0198853262701,829.7098388671875,24809724
2024-10-21 00:00:00+05:30,846.063768270474,862.4177242903107,844.1151323678729,852.8223876953125,46548354
2024-10-22 00:00:00+05:30,853.4884373802005,858.3970631644344,843.9424218629189,845.841796875,38875280
2024-10-23 00:00:00+05:30,841.1551854708522,861.603759041874,841.1551854708522,856.3251342773438,38036090
2024-10-24 00:00:00+05:30,857.4597103207274,872.5310159915173,857.4597103207274,863.15771484375,30832258
2024-10-25 00:00:00+05:30,865.7970368926951,867.2030200365818,852.8223905419693,860.0744018554688,26130478
2024-10-28 00:00:00+05:30,859.383716444917,863.8237012026692,852.9210840084185,855.5357055664062,22012142
2024-10-29 00:00:00+05:30,851.5644426318723,870.2370336046123,851.0464203091243,864.2430419921875,35794926
2024-10-30 00:00:00+05:30,859.3836983279829,865.6736766021975,850.6023712370916,855.7330322265625,32715724
2024-10-31 00:00:00+05:30,852.4771270596069,857.8544543150349,848.2344867353692,856.2757568359375,22895912
2024-11-01 00:00:00+05:30,854.9437133825962,860.4196824223525,851.5397130969706,857.0650634765625,1759692
2024-11-04 00:00:00+05:30,860.8637106769045,860.8637106769045,844.0411138190809,845.6197509765625,28089248
2024-11-05 00:00:00+05:30,840.1437747820238,869.5956493162819,837.6277954866241,867.2030029296875,44232406
2024-11-06 00:00:00+05:30,873.9369881601011,873.9369881601011,861.0363539084846,865.9203491210938,27787910
2024-11-07 00:00:00+05:30,860.5184217555121,868.7323455565536,857.4104082699865,861.62841796875,18895456
2024-11-08 00:00:00+05:30,864.3169963876733,869.15167034177,861.2829948869464,865.525634765625,19902986
2024-11-11 00:00:00+05:30,865.5750573030832,879.5116762015548,863.9223481240455,871.3717041015625,24565362
2024-11-12 00:00:00+05:30,874.1837241378527,875.6637191561447,842.931174712482,847.6424560546875,31395406
2024-11-13 00:00:00+05:30,846.9270867373347,853.1677439816382,825.3438276461692,829.463134765625,35728500
2024-11-14 00:00:00+05:30,825.39317914741,841.05645917869,824.8998474928816,835.087158203125,27146470
2024-11-18 00:00:00+05:30,838.6637692715708,847.987749103584,836.1971111266544,841.1797485351562,27081968
2024-11-19 00:00:00+05:30,845.5704607570133,865.1803941380466,839.9957889401087,859.507080078125,50981272
2024-11-21 00:00:00+05:30,863.0343691875372,867.7703408111802,855.5356922473849,858.989013671875,35716512
2024-11-22 00:00:00+05:30,860.148374275574,865.4516892160756,853.2417315623627,861.15966796875,24773612
2024-11-25 00:00:00+05:30,880.6216480727867,889.7482832055338,870.6810037082952,880.8929443359375,427737274
2024-11-26 00:00:00+05:30,892.9302818593218,892.9302818593218,873.0983737208503,880.8683471679688,30935566
2024-11-27 00:00:00+05:30,883.0143007972586,896.5562300169572,880.6709755435701,894.06494140625,32714976
2024-11-28 00:00:00+05:30,897.3702251985009,905.8061839354122,882.07694483503,884.6176147460938,35722392
2024-11-29 00:00:00+05:30,888.6383310231244,890.2662893460416,879.561016559754,886.04833984375,27669536
2024-12-02 00:00:00+05:30,889.7236388960249,892.0176431336934,875.6636867426915,890.3156127929688,15110876
2024-12-03 00:00:00+05:30,899.1955156163089,906.4475265301775,895.9395389832724,900.9715576171875,43410242
2024-12-04 00:00:00+05:30,906.7435619082082,920.0635162996781,903.3642521901575,917.6461791992188,44669084
2024-12-05 00:00:00+05:30,917.596875706611,927.4388181075851,905.3622266087298,920.4335327148438,39682714
2024-12-06 00:00:00+05:30,916.1168429341786,919.6688066050771,909.7035317020062,915.5494995117188,17783156
2024-12-09 00:00:00+05:30,914.4642517338581,927.4635290462065,912.1702474502318,922.5302124023438,26947912
2024-12-10 00:00:00+05:30,926.3288062229569,926.3288062229569,916.881553393078,921.5928344726562,13325480
2024-12-11 00:00:00+05:30,918.4354833328279,923.4675021564423,915.9935158212785,919.1261596679688,14045426
2024-12-12 00:00:00+05:30,913.1568815747593,921.864197216933,912.0221946944998,917.2268676757812,17293790
2024-12-13 00:00:00+05:30,918.8301759997277,924.9968214762359,902.4268990322158,923.3934936523438,19009002
2024-12-16 00:00:00+05:30,920.1128492893367,922.5054957499956,915.2535445762154,920.1621704101562,13107082
2024-12-17 00:00:00+05:30,915.7962178924912,918.7562078618506,901.0702798391582,904.4002685546875,21079532
2024-12-18 00:00:00+05:30,902.7229483325016,905.7569501607671,891.5243434620028,893.275634765625,23422312
2024-12-19 00:00:00+05:30,887.7995941182149,888.5395915672278,877.6369745293333,884.790283203125,25380770
2024-12-20 00:00:00+05:30,879.2156362475025,886.7883251977108,871.7417099804251,873.93701171875,25692348
2024-12-23 00:00:00+05:30,879.1169941259847,890.956953642833,878.7716860618692,888.4902954101562,11044592
2024-12-24 00:00:00+05:30,889.0083275055933,892.2889348142179,882.8416818560752,887.0596313476562,14485834
2024-12-26 00:00:00+05:30,887.2816657547127,893.916952377888,878.5003382709294,883.4336547851562,10481678
2024-12-27 00:00:00+05:30,885.4316968356189,890.9322967259654,882.6196702111419,887.1336669921875,7259330
2024-12-30 00:00:00+05:30,884.1489668763874,895.3969526845203,873.6903598921683,877.0943603515625,22222218
2024-12-31 00:00:00+05:30,873.3450067875037,879.0183205202264,871.0263119988338,874.6029663085938,14117236
2025-01-01 00:00:00+05:30,874.8989910757854,885.0369805772112,868.80635723923,879.4869995117188,7313806
2025-01-02 00:00:00+05:30,876.699651347947,889.6989281059142,874.6770036544534,884.9136352539062,18558576
2025-01-03 00:00:00+05:30,883.5569553072743,885.6536147489581,861.5050553855514,862.9356689453125,24426194
2025-01-06 00:00:00+05:30,858.4463541498661,866.8823129474961,841.5251154360177,843.84375,18816348
2025-01-07 00:00:00+05:30,846.063732614296,849.0237223493897,838.6637582765616,845.2744140625,13527906
2025-01-08 00:00:00+05:30,842.7338203435289,844.4111600559388,830.4498497882179,835.8518676757812,19738190
2025-01-09 00:00:00+05:30,830.844525028491,833.237171528912,817.9932112311335,822.778564453125,40420222
2025-01-10 00:00:00+05:30,824.3571854708366,826.2811909461473,815.9705474379197,817.3272094726562,17453280
2025-01-13 00:00:00+05:30,809.0639234971638,812.3939122066796,801.3186405131205,804.5499267578125,21669066
2025-01-14 00:00:00+05:30,809.0145872775671,817.0558570637163,807.5839134440961,812.3198852539062,26661432
2025-01-15 00:00:00+05:30,817.2038902170349,820.2625224034592,807.2386148292592,810.568603515625,14022892
2025-01-16 00:00:00+05:30,815.4032351586193,819.2019251337407,810.4699184801376,815.0086059570312,21212454
2025-01-17 00:00:00+05:30,810.7905598983193,814.2438814190301,803.3905852110819,807.4605712890625,23112076
2025-01-20 00:00:00+05:30,802.1572673696536,819.3991845447669,802.1572673696536,814.6138916015625,17557618
2025-01-21 00:00:00+05:30,818.0672195171876,819.4485722440602,805.6352858599316,810.2479248046875,31158144
2025-01-22 00:00:00+05:30,810.2479165643738,824.8012002853578,801.8859089377631,821.9152221679688,30619306
2025-01-23 00:00:00+05:30,832.2505181334424,832.2505181334424,814.6139111249832,821.347900390625,34909158
2025-01-24 00:00:00+05:30,818.9305795964561,824.0119199318104,811.2839386423929,813.8986206054688,24236200
2025-01-27 00:00:00+05:30,809.6065327196525,810.839861804967,802.157237088582,804.0319213867188,22804166
2025-01-28 00:00:00+05:30,812.5172453545283,830.9185403912116,812.5172453545283,824.0612182617188,30179312
2025-01-29 00:00:00+05:30,826.3304621132276,829.3644636153648,823.2964606110903,827.4651489257812,12619890
2025-01-30 00:00:00+05:30,829.2905374831995,837.6278547525732,825.1219089590883,834.4705200195312,25744846
2025-01-31 00:00:00+05:30,832.3738053097981,840.9824182950722,830.7457868177106,838.047119140625,15821686
2025-02-01 00:00:00+05:30,837.4305042201771,845.0771450539991,826.8485640579613,834.1991577148438,5587528
2025-02-03 00:00:00+05:30,823.8638327488314,832.1518283284162,820.6324864421063,827.8104858398438,20276540
2025-02-04 00:00:00+05:30,833.0891713164636,851.391824544325,828.8219005259823,848.9744873046875,28616502
2025-02-05 00:00:00+05:30,854.9437515638108,860.4690419690123,847.9877873258422,857.311767578125,23675506
2025-02-06 00:00:00+05:30,856.1770794811201,862.8370567631686,850.5037655001158,860.29638671875,26760716
2025-02-07 00:00:00+05:30,863.3304057123341,871.7170439392539,850.997114202158,854.8204345703125,23509600
2025-02-10 00:00:00+05:30,847.1984039096569,850.2323451556149,842.8570616226162,846.4337158203125,17195950
2025-02-11 00:00:00+05:30,840.1437497009048,844.090402664855,833.0890834393857,839.3544311523438,22724704
2025-02-12 00:00:00+05:30,835.2104321766692,844.5837329512449,829.38909497558,842.0184326171875,22809570
2025-02-13 00:00:00+05:30,838.1704689996619,845.6937766231139,835.4818356095761,837.5291137695312,12602434
2025-02-14 00:00:00+05:30,839.601120018604,839.601120018604,828.7971451888767,836.1231079101562,19959892
2025-02-17 00:00:00+05:30,831.3624591587258,848.5304243918573,829.413823260936,847.2230834960938,12938946
2025-02-18 00:00:00+05:30,845.1017788797033,854.2284140997132,841.697778564227,850.0350952148438,16350910
2025-02-19 00:00:00+05:30,847.0504387449713,857.3610822217985,844.8057556604201,852.0823974609375,11884112
2025-02-20 00:00:00+05:30,844.0904430253034,845.9157460199498,831.4118438608401,832.2998046875,26390510
2025-02-21 00:00:00+05:30,829.2411711352042,836.1724445897772,827.4404985932164,834.9638061523438,15680940
2025-02-24 00:00:00+05:30,829.339781575346,830.8690975664632,819.4731490892408,827.366455078125,20693646
2025-02-25 00:00:00+05:30,824.406500920576,832.7438177754724,824.406500920576,829.9564819335938,24138708
2025-02-27 00:00:00+05:30,830.0552335524236,843.9671626938127,830.0552335524236,839.0091552734375,35786800
2025-02-28 00:00:00+05:30,831.2638337603047,857.0404125816553,831.2638337603047,854.6477661132812,54516728
2025-03-03 00:00:00+05:30,858.2984018170607,859.9017296292334,835.7531099870528,839.428466796875,21205364
2025-03-04 00:00:00+05:30,837.6771272358142,845.7184570804238,835.3338019387764,843.5971069335938,19920958
2025-03-05 00:00:00+05:30,839.6257577393887,843.991790915382,832.8671383829512,833.73046875,21583872
2025-03-06 00:00:00+05:30,832.2504799228543,838.6144701478811,824.973838204501,834.3224487304688,32966088
2025-03-07 00:00:00+05:30,829.7838192395386,839.2311321984157,827.6131479773222,833.3604736328125,13372914
2025-03-10 00:00:00+05:30,833.2371287977431,838.6144556459366,830.3018296675241,832.4971313476562,15604050
2025-03-11 00:00:00+05:30,829.9811819724781,835.7038170818192,823.8885481247595,831.510498046875,19898430
2025-03-12 00:00:00+05:30,834.4951408301645,847.7904041385841,834.4951408301645,844.1644287109375,18784106
2025-03-13 00:00:00+05:30,846.5818201293218,848.9251455168071,838.6885135609504,841.9197998046875,15736264
2025-03-17 00:00:00+05:30,841.1304307424771,850.5037317302232,841.1304307424771,843.79443359375,18950652
2025-03-18 00:00:00+05:30,843.79443359375,843.79443359375,843.79443359375,843.79443359375,0
2025-03-19 00:00:00+05:30,855.930432694155,863.823739278078,854.5490799535085,860.4197387695312,15221406
2025-03-20 00:00:00+05:30,865.3037412350927,875.1703745445009,862.985106495842,872.5803833007812,17833978
2025-03-21 00:00:00+05:30,866.0684175252852,875.2196836615442,866.0684175252852,873.3696899414062,33508264
2025-03-24 00:00:00+05:30,877.6369838460287,890.1676194932312,874.997671627427,887.9969482421875,17393736
2025-03-25 00:00:00+05:30,890.4143157035983,909.5555477752322,888.7369760332164,898.5789184570312,39101416
2025-03-26 00:00:00+05:30,900.3302775382388,901.5636066855513,888.9836493829623,891.2283325195312,24478442
2025-03-27 00:00:00+05:30,887.9969842041877,908.2235821777275,887.0596420099644,900.5029296875,41658100
2025-03-28 00:00:00+05:30,902.3036249715724,905.7569466636451,890.8829847599874,901.908935546875,28773648
2025-04-01 00:00:00+05:30,888.9836405685396,892.8809726796349,870.9030234039785,872.1363525390625,28511006
2025-04-02 00:00:00+05:30,873.5423260418547,887.602278026219,873.5423260418547,886.4676513671875,11573564
2025-04-03 00:00:00+05:30,878.6729886492828,889.9702954640933,876.6503409310941,885.456298828125,11250038
2025-04-04 00:00:00+05:30,894.4102660639704,908.6921929973271,893.4729239008652,896.5316162109375,33540454
2025-04-07 00:00:00+05:30,869.6450067324856,878.0562747489253,857.5090006629878,867.1289672851562,37995450
2025-04-08 00:00:00+05:30,870.730371547347,879.1170096868965,863.4784203033727,872.7777099609375,35563872
2025-04-09 00:00:00+05:30,870.7303466796875,875.6636630914704,865.0570328061372,870.7303466796875,22454608
2025-04-11 00:00:00+05:30,875.540352413462,897.567622795633,875.540352413462,891.3269653320312,32775766
2025-04-15 00:00:00+05:30,920.0634812745557,925.8848185421238,915.1301650210728,920.01416015625,49298344
2025-04-16 00:00:00+05:30,929.3381542000717,929.3381542000717,917.8435030643678,926.476806640625,19136820
2025-04-17 00:00:00+05:30,928.4501090482869,947.0486870380013,925.8354273732423,940.6353759765625,35703084
2025-04-21 00:00:00+05:30,949.170085798879,962.3420166432835,942.2634427629204,950.6994018554688,34247298
2025-04-22 00:00:00+05:30,954.5967457498784,972.1593405008402,954.5967457498784,967.7686767578125,45961750
2025-04-23 00:00:00+05:30,976.2540297557508,976.2540297557508,947.4434488933124,949.1207885742188,30570642
2025-04-24 00:00:00+05:30,942.2634238174406,949.1207455952106,939.8460867592294,945.6181030273438,25931754
2025-04-25 00:00:00+05:30,949.5647662059754,953.6100615716746,933.2848220611925,942.8554077148438,18500878
2025-04-28 00:00:00+05:30,942.8554253066497,951.982060830828,941.4741328194633,947.29541015625,13920492
2025-04-29 00:00:00+05:30,946.6048254524144,951.5381421157663,937.4288082816594,941.6715087890625,18918308
2025-04-30 00:00:00+05:30,943.7434115323153,955.5340495753018,942.4114402150566,949.6633911132812,31936870
2025-05-02 00:00:00+05:30,952.0314262519853,958.0007270723939,947.1967520748111,948.1340942382812,17840404
2025-05-05 00:00:00+05:30,956.5700467268101,962.9833580251333,953.2647488384409,955.4847412109375,15068024
2025-05-06 00:00:00+05:30,952.1300492793257,957.112686715781,949.3180830668039,952.9686889648438,17490156
2025-05-07 00:00:00+05:30,954.1033540161453,961.3553047488027,948.3807192627594,959.8259887695312,21420778
2025-05-08 00:00:00+05:30,964.364722012384,964.364722012384,946.752746184645,951.3900756835938,34803430
2025-05-09 00:00:00+05:30,942.3127568324845,946.7034204881495,930.8181657127636,932.248779296875,17188796
2025-05-12 00:00:00+05:30,946.0127244576516,966.8806765571811,943.3981029435623,965.5486450195312,18618972
2025-05-13 00:00:00+05:30,961.9967305905121,967.7686868855955,947.1967808891196,948.4794311523438,24242102
2025-05-14 00:00:00+05:30,948.2327622761527,952.2287366384547,938.8101397074491,942.5594482421875,15445308
2025-05-15 00:00:00+05:30,943.9901042439285,959.4314088460198,935.85013208818,954.0047607421875,32241458
2025-05-16 00:00:00+05:30,954.0047801554118,958.9380967138302,951.340777169636,954.44873046875,15868010
2025-05-19 00:00:00+05:30,955.5834183781088,959.5300716290252,952.6234284399217,956.4220581054688,10202964
2025-05-20 00:00:00+05:30,951.1927398071444,954.3993955236706,943.7434439560598,944.6807861328125,23879090
2025-05-21 00:00:00+05:30,950.6500948788123,960.4674068130723,947.739426083267,950.5514526367188,15132040
2025-05-22 00:00:00+05:30,944.828766015395,949.2687509312965,939.895449442171,947.1474609375,21306670
2025-05-23 00:00:00+05:30,947.2460290070277,955.583345407158,944.4833839865793,953.906005859375,9566072
2025-05-26 00:00:00+05:30,954.5967478346391,961.947401503022,950.6007734925844,957.1620483398438,10802860
2025-05-27 00:00:00+05:30,952.9194312599001,961.0100826032541,945.3714929245052,950.3048095703125,26162148
2025-05-28 00:00:00+05:30,947.295443323748,954.3501102535763,946.0621141556768,948.9234619140625,18157594
2025-05-29 00:00:00+05:30,951.1433943336576,957.4580633637506,940.9314535555673,950.896728515625,28917794
2025-05-30 00:00:00+05:30,953.0674622365118,961.4047794767922,949.8608063918771,959.4807739257812,28748078
2025-06-02 00:00:00+05:30,952.1794133521448,955.0900821550082,941.276795842849,953.1660766601562,14668822
2025-06-03 00:00:00+05:30,956.0767204883472,962.9833634640112,947.1967509482078,949.466064453125,24377584
2025-06-04 00:00:00+05:30,947.6901200517409,958.6914401720352,947.6407989299088,957.6553955078125,12961542
2025-06-05 00:00:00+05:30,961.0100588418235,966.3873858970264,957.1620478647775,961.7993774414062,22255418
2025-06-06 00:00:00+05:30,959.0366899431259,984.8379583134906,958.3953347348495,976.1552734375,30127008
2025-06-09 00:00:00+05:30,984.196594423998,984.196594423998,974.7739724063232,976.2539672851562,13202588
2025-06-10 00:00:00+05:30,978.1780428487654,978.1780428487654,967.472709657825,969.5447387695312,15533126
2025-06-11 00:00:00+05:30,970.6793723493836,970.6793723493836,960.516752091058,962.194091796875,11096394
2025-06-12 00:00:00+05:30,961.9966994408974,967.4233474890254,954.7447484104943,958.74072265625,16349130
2025-06-13 00:00:00+05:30,947.19676434732,953.6100757725884,943.7434428106371,946.0127563476562,12117762
2025-06-16 00:00:00+05:30,949.1700746468088,956.520728121515,947.2460692080249,954.7940673828125,16513746
2025-06-17 00:00:00+05:30,955.5834055099792,957.852719054467,946.7527569357399,951.9327392578125,16978736
2025-06-18 00:00:00+05:30,945.7167603313338,955.2380851367438,945.7167603313338,954.0540771484375,18433816
2025-06-19 00:00:00+05:30,954.0540746334422,960.4180648603083,949.9593979158449,954.7447509765625,16876220
2025-06-20 00:00:00+05:30,952.9193918485255,971.8140179089729,952.9193918485255,969.2486572265625,32900408
2025-06-23 00:00:00+05:30,961.2073364257812,965.8939867961492,957.9513597916495,961.2073364257812,11739518
2025-06-24 00:00:00+05:30,969.3966711141703,976.3033140635843,964.7593416610487,967.3740234375,22625322
2025-06-25 00:00:00+05:30,969.8900392545883,977.7833457795492,968.854054817417,976.8953247070312,18405932
2025-06-26 00:00:00+05:30,977.4873577522009,1000.032590400823,976.7966813877978,997.41796875,50084830
2025-06-27 00:00:00+05:30,1004.0015037809444,1007.393088107433,994.2258430942326,1004.9491577148438,28213384
2025-06-30 00:00:00+05:30,1003.2533964547342,1004.400566128524,995.2732550959096,998.2658081054688,13649020
2025-07-01 00:00:00+05:30,1000.0114368496795,1005.4977838847651,999.5126780283082,1003.5526123046875,14389386
2025-07-02 00:00:00+05:30,1007.4429706558585,1007.4429706558585,986.4950998423908,990.5350341796875,18878250
2025-07-03 00:00:00+05:30,994.9739612315547,1001.507689459166,989.6871300276722,991.0836181640625,16860506
2025-07-04 00:00:00+05:30,991.0836632772651,999.2633203019867,987.5424877454124,992.1809692382812,7863944
2025-07-07 00:00:00+05:30,992.0312782906421,996.7196233059492,989.4377568185034,991.2332763671875,11349426
2025-07-08 00:00:00+05:30,986.0462146584523,1000.0114620081927,986.0462146584523,998.2159423828125,15224316
2025-07-09 00:00:00+05:30,1001.0089360727129,1004.4005203490875,996.5699704674603,1003.1036987304688,13861428
2025-07-10 00:00:00+05:30,1005.4977851253348,1005.9965439473215,997.5176439735463,1000.6099243164062,17030310
2025-07-11 00:00:00+05:30,996.5201541247731,999.9117385623401,987.9913902076418,989.3878784179688,12516922
2025-07-14 00:00:00+05:30,989.0387573242188,991.8816582943851,982.8541356715338,989.0387573242188,13088850
2025-07-15 00:00:00+05:30,984.0511806165923,999.3131887778599,984.0511806165923,995.2732543945312,14498168
2025-07-16 00:00:00+05:30,1006.4952830829005,1008.8394251469304,993.826797075495,995.6722412109375,17994612
2025-07-17 00:00:00+05:30,999.5126501495852,999.9116815490105,988.8890631972324,990.98388671875,22529158
2025-07-18 00:00:00+05:30,990.9838927216935,996.0213445308241,974.0759568696542,976.2705078125,16129446
2025-07-21 00:00:00+05:30,986.6446826643673,998.5151670456409,985.7968170158388,997.7670288085938,22309078
2025-07-22 00:00:00+05:30,1004.051390877723,1006.4953213272488,999.0139388595042,1001.058837890625,14836814
2025-07-23 00:00:00+05:30,1003.0039954915454,1012.3806857402005,999.0139248978445,1009.6375122070312,13634916
2025-07-24 00:00:00+05:30,1016.3208076773761,1016.3208076773761,1001.7072110041944,1004.5999755859375,19107176
2025-07-25 00:00:00+05:30,1007.5,1007.5,999.5,1002.2999877929688,9306598
2025-07-28 00:00:00+05:30,1001.5,1010.7000122070312,1000.25,1004.25,12059580
2025-07-29 00:00:00+05:30,999.9500122070312,1013.25,998.1500244140625,1010.7999877929688,19895696
2025-07-30 00:00:00+05:30,1014.0,1016.2999877929688,1008.5,1012.9000244140625,15154036
2025-07-31 00:00:00+05:30,1007.2999877929688,1015.7000122070312,1004.0,1009.0999755859375,22183032
2025-08-01 00:00:00+05:30,1007.0,1014.1500244140625,1004.6500244140625,1006.0999755859375,11317258
2025-08-04 00:00:00+05:30,1005.0499877929688,1009.25,994.0499877929688,996.0,13933946
2025-08-05 00:00:00+05:30,993.25,997.2000122070312,982.75,988.7999877929688,23978058
2025-08-06 00:00:00+05:30,985.5499877929688,994.0,985.0,992.6500244140625,14080204
2025-08-07 00:00:00+05:30,990.0499877929688,1000.7999877929688,988.4000244140625,997.7000122070312,13081186
2025-08-08 00:00:00+05:30,993.5499877929688,996.4000244140625,985.0,986.9500122070312,13895264
2025-08-11 00:00:00+05:30,987.9500122070312,998.7999877929688,986.5499877929688,997.7999877929688,9105854
2025-08-12 00:00:00+05:30,995.9500122070312,998.0,983.75,984.9500122070312,12937802
2025-08-13 00:00:00+05:30,997.0,997.0,984.5499877929688,990.1500244140625,13577396
2025-08-14 00:00:00+05:30,989.0,998.0,985.5999755859375,995.5499877929688,17511716
2025-08-18 00:00:00+05:30,1005.0,1013.2999877929688,997.7999877929688,1001.7999877929688,19284796
2025-08-19 00:00:00+05:30,999.1500244140625,1003.0499877929688,993.3499755859375,995.5499877929688,12352438
2025-08-20 00:00:00+05:30,993.5,996.0,989.5,994.0999755859375,9950228
2025-08-21 00:00:00+05:30,998.75,998.75,991.5999755859375,995.5999755859375,12439850
2025-08-22 00:00:00+05:30,994.9500122070312,998.0,978.5499877929688,982.2999877929688,19833502
2025-08-25 00:00:00+05:30,980.0999755859375,988.7000122070312,978.5,982.0499877929688,17518044
2025-08-26 00:00:00+05:30,979.5,985.7000122070312,968.0,973.4000244140625,16917731
2025-08-28 00:00:00+05:30,967.0,972.2000122070312,955.0,957.7999877929688,25438255
2025-08-29 00:00:00+05:30,954.0,963.2999877929688,950.0999755859375,951.5999755859375,14823813
2025-09-01 00:00:00+05:30,949.5999755859375,957.4500122070312,946.3499755859375,950.5999755859375,20178344
2025-09-02 00:00:00+05:30,951.0,954.7999877929688,944.0,944.5,14196320
2025-09-03 00:00:00+05:30,945.0,956.2999877929688,940.0,954.4500122070312,16083481
2025-09-04 00:00:00+05:30,960.2000122070312,965.7000122070312,956.25,961.25,17597657
2025-09-05 00:00:00+05:30,967.5,967.5,954.0499877929688,963.4000244140625,11602111
2025-09-08 00:00:00+05:30,969.0,973.1500244140625,960.4500122070312,966.0,11711307
2025-09-09 00:00:00+05:30,974.0,974.4000244140625,962.7000122070312,965.1500244140625,13985539
2025-09-10 00:00:00+05:30,973.9000244140625,973.9000244140625,961.7000122070312,965.9000244140625,18091100
2025-09-11 00:00:00+05:30,960.2999877929688,969.25,959.9000244140625,967.7999877929688,15113633
2025-09-12 00:00:00+05:30,969.9000244140625,970.75,962.25,967.2999877929688,14363519
2025-09-15 00:00:00+05:30,969.5999755859375,972.3499755859375,965.0,967.0499877929688,14486377
2025-09-16 00:00:00+05:30,961.2000122070312,969.3499755859375,961.2000122070312,966.8499755859375,18661794
2025-09-17 00:00:00+05:30,965.1500244140625,974.4000244140625,964.3499755859375,966.5,17361476
2025-09-18 00:00:00+05:30,973.2999877929688,979.6500244140625,969.25,976.9000244140625,17791598
2025-09-19 00:00:00+05:30,974.9000244140625,976.7000122070312,962.0999755859375,966.9000244140625,31243267
2025-09-22 00:00:00+05:30,964.0,971.2000122070312,961.9500122070312,964.2000122070312,10854415
2025-09-23 00:00:00+05:30,967.0,968.2000122070312,955.5,957.2000122070312,21022298
2025-09-24 00:00:00+05:30,952.2000122070312,956.4500122070312,943.0,951.0499877929688,15117220
2025-09-25 00:00:00+05:30,952.5,958.0,947.4000244140625,949.8499755859375,31413279
2025-09-26 00:00:00+05:30,945.0999755859375,951.4500122070312,941.2999877929688,945.0499877929688,14874656
2025-09-29 00:00:00+05:30,946.0499877929688,956.7999877929688,939.0999755859375,950.2999877929688,32398179
2025-09-30 00:00:00+05:30,958.0499877929688,960.0,946.2999877929688,951.0,28296687
2025-10-01 00:00:00+05:30,952.7000122070312,969.5999755859375,946.0,965.25,25350832
2025-10-03 00:00:00+05:30,952.0,966.75,952.0,965.1500244140625,26658296
2025-10-06 00:00:00+05:30,971.9000244140625,977.4000244140625,962.0,973.4500122070312,18542683
2025-10-07 00:00:00+05:30,974.0,989.8499755859375,971.0,982.5,25535736
2025-10-08 00:00:00+05:30,976.0,985.9000244140625,974.5499877929688,978.7000122070312,15939710
2025-10-09 00:00:00+05:30,974.5,979.0,970.1500244140625,977.0999755859375,15370950
2025-10-10 00:00:00+05:30,979.0,986.2000122070312,978.0999755859375,980.9000244140625,13757080
2025-10-13 00:00:00+05:30,974.2999877929688,981.0,972.0,977.0,18634254
2025-10-14 00:00:00+05:30,970.0,980.4500122070312,967.0,977.1500244140625,22934382
2025-10-15 00:00:00+05:30,975.0,984.9000244140625,973.3499755859375,978.25,23310447
2025-10-16 00:00:00+05:30,982.6500244140625,996.5999755859375,981.5,994.3499755859375,22936566
2025-10-17 00:00:00+05:30,993.9500122070312,1009.0,986.0,1002.5499877929688,25210511
2025-10-20 00:00:00+05:30,997.0,1020.0,997.0,1002.9500122070312,22195202
2025-10-21 00:00:00+05:30,1006.0,1010.0,1004.0,1007.7000122070312,3471600
2025-10-23 00:00:00+05:30,1016.0,1020.5,1006.0,1008.7999877929688,43526526
2025-10-24 00:00:00+05:30,1011.0,1011.9500122070312,991.2999877929688,994.75,17707768
2025-10-27 00:00:00+05:30,996.5,1009.0499877929688,996.2000122070312,1002.9500122070312,15700796
2025-10-28 00:00:00+05:30,997.6500244140625,1008.0,995.0,1003.5499877929688,33904289
2025-10-29 00:00:00+05:30,1004.9000244140625,1012.5,1000.0,1007.8499755859375,17769445
2025-10-30 00:00:00+05:30,1000.0,1009.5,997.0999755859375,998.1500244140625,19962917
2025-10-31 00:00:00+05:30,994.0,1004.4500122070312,981.1500244140625,987.2999877929688,23221330
2025-11-03 00:00:00+05:30,985.0,994.5499877929688,983.2999877929688,992.6500244140625,16607180
2025-11-04 00:00:00+05:30,987.0,997.0,983.7000122070312,985.25,20024544
2025-11-05 00:00:00+05:30,985.25,985.25,985.25,985.25,0
2025-11-06 00:00:00+05:30,981.0,991.0499877929688,974.0,984.6500244140625,22279516
2025-11-07 00:00:00+05:30,980.0,984.9000244140625,974.75,982.2999877929688,15004568
2025-11-10 00:00:00+05:30,982.2999877929688,990.9500122070312,980.2000122070312,984.5,15988262
2025-11-11 00:00:00+05:30,983.5,993.5,978.0,991.7000122070312,10200530
2025-11-12 00:00:00+05:30,998.7999877929688,999.0,987.7000122070312,989.5,13137263
2025-11-13 00:00:00+05:30,984.0,990.0999755859375,982.5999755859375,986.6500244140625,14124839
2025-11-14 00:00:00+05:30,976.0499877929688,991.6500244140625,976.0499877929688,989.5999755859375,21386965
2025-11-17 00:00:00+05:30,991.25,997.9500122070312,985.5999755859375,996.5499877929688,18396408
2025-11-18 00:00:00+05:30,997.6500244140625,999.0,990.0,992.4500122070312,20002640
2025-11-19 00:00:00+05:30,990.0,996.5499877929688,984.0,994.5999755859375,19813847
2025-11-20 00:00:00+05:30,995.2999877929688,1011.5999755859375,992.4500122070312,1008.8499755859375,19850865
2025-11-21 00:00:00+05:30,1003.0999755859375,1008.2999877929688,996.5499877929688,998.0499877929688,17499897
2025-11-24 00:00:00+05:30,1000.0,1011.4500122070312,993.5999755859375,999.1500244140625,32204053
2025-11-25 00:00:00+05:30,1004.0,1006.0999755859375,988.4000244140625,989.7999877929688,24989383
2025-11-26 00:00:00+05:30,981.2999877929688,1006.9500122070312,981.2999877929688,1003.9000244140625,19494356
2025-11-27 00:00:00+05:30,1002.0999755859375,1016.7999877929688,1001.0,1009.5,25536848
2025-11-28 00:00:00+05:30,1007.0,1012.0499877929688,1004.2000122070312,1007.5999755859375,15988807
2025-12-01 00:00:00+05:30,1017.5,1017.5,999.2999877929688,1002.0999755859375,16746566
2025-12-02 00:00:00+05:30,988.0,994.4000244140625,985.0,989.7999877929688,27316662
2025-12-03 00:00:00+05:30,986.0,1002.2999877929688,986.0,1000.5,15448777
2025-12-04 00:00:00+05:30,1000.0,1004.7000122070312,993.0,997.2000122070312,14528169
2025-12-05 00:00:00+05:30,992.0,1008.0,990.2000122070312,1003.2999877929688,12843366
2025-12-08 00:00:00+05:30,1000.0,1006.5,997.5,1003.0999755859375,12901022
2025-12-09 00:00:00+05:30,994.9000244140625,1002.7999877929688,994.0,997.0999755859375,15294322
2025-12-10 00:00:00+05:30,997.5,998.5,985.2999877929688,989.7999877929688,15322830
2025-12-11 00:00:00+05:30,990.0,1002.7000122070312,988.5,1000.2999877929688,11844809
2025-12-12 00:00:00+05:30,1003.0,1004.7000122070312,998.2000122070312,1001.5,11988618
2025-12-15 00:00:00+05:30,992.0,1001.7999877929688,992.0,996.0999755859375,9790060
2025-12-16 00:00:00+05:30,990.0999755859375,998.7000122070312,990.0999755859375,994.2999877929688,20049088
2025-12-17 00:00:00+05:30,996.0,996.0,980.7999877929688,984.0,19080922
2025-12-18 00:00:00+05:30,973.2999877929688,987.4000244140625,973.2999877929688,979.7000122070312,14912404
2025-12-19 00:00:00+05:30,987.0,988.0,978.7000122070312,985.5,25952384
2025-12-22 00:00:00+05:30,988.0,992.9000244140625,983.9000244140625,987.7000122070312,13540411
2025-12-23 00:00:00+05:30,990.5,998.9000244140625,987.7000122070312,996.5999755859375,17927849
2025-12-24 00:00:00+05:30,993.0,999.4000244140625,993.0,997.2000122070312,13699996
2025-12-25 00:00:00+05:30,997.2000122070312,997.2000122070312,997.2000122070312,997.2000122070312,0
2025-12-26 00:00:00+05:30,996.0,997.2000122070312,987.7000122070312,992.0999755859375,9360853
2025-12-29 00:00:00+05:30,993.0999755859375,997.4000244140625,987.2000122070312,991.7000122070312,13545749
2025-12-30 00:00:00+05:30,990.2000122070312,995.0,982.2000122070312,990.9000244140625,33155849
2025-12-31 00:00:00+05:30,991.0,997.5999755859375,987.5999755859375,991.2000122070312,10963454
2026-01-01 00:00:00+05:30,993.5,997.5499877929688,989.5,991.1500244140625,7132074
2026-01-02 00:00:00+05:30,991.1500244140625,1003.2000122070312,988.7999877929688,1001.5999755859375,11751459
