Date,Open,High,Low,Close,Volume
2021-01-04 00:00:00+05:30,2211.650848420114,2234.6409819795745,2207.696500545282,2231.42236328125,1614486
2021-01-05 00:00:00+05:30,2211.650512336147,2259.4239577104154,2211.650512336147,2253.53857421875,2356303
2021-01-06 00:00:00+05:30,2249.170911865916,2253.033209608352,2208.524398456405,2222.962158203125,1641627
2021-01-07 00:00:00+05:30,2236.4804653497285,2237.1241442652704,2174.8668998980706,2178.407470703125,2403881
2021-01-08 00:00:00+05:30,2197.8569676104244,2207.053021868209,2171.0045340803035,2198.96044921875,2797948
2021-01-11 00:00:00+05:30,2230.043004769843,2245.6302707665564,2208.9841317671244,2233.8134765625,2787672
2021-01-12 00:00:00+05:30,2234.45724664545,2237.4919893691754,2181.304009603269,2184.890380859375,2036708
2021-01-13 00:00:00+05:30,2190.4082737101526,2205.214012221284,2174.499278003077,2181.626220703125,1702740
2021-01-14 00:00:00+05:30,2175.786523861207,2212.5707423542117,2162.1302929404587,2205.7197265625,2120413
2021-01-15 00:00:00+05:30,2200.15614814061,2213.4904278263107,2154.4517999136137,2162.13037109375,2042957
2021-01-18 00:00:00+05:30,2183.60315616061,2183.60315616061,2134.0823125296374,2145.07177734375,1733797
2021-01-19 00:00:00+05:30,2153.7157199439393,2190.5919841171044,2136.473119709546,2173.165283203125,1495269
2021-01-20 00:00:00+05:30,2167.509819977697,2183.0970858297046,2157.67008758978,2166.544189453125,1380562
2021-01-21 00:00:00+05:30,2184.9822610971,2206.9607386488874,2161.0725225497413,2177.303466796875,1521133
2021-01-22 00:00:00+05:30,2169.3491453482516,2227.284285728472,2167.50993454253,2215.6513671875,2548089
2021-01-25 00:00:00+05:30,2225.445163897549,2236.802380882162,2193.2589735106008,2206.685302734375,2124424
2021-01-27 00:00:00+05:30,2230.0431480489833,2230.0431480489833,2147.278660080155,2199.052490234375,2460297
2021-01-28 00:00:00+05:30,2177.533821842693,2217.674737514016,2105.8966416122876,2115.46044921875,3867335
2021-01-29 00:00:00+05:30,2128.979005669404,2135.600121059743,2070.0321971449384,2081.89501953125,4472694
2021-02-01 00:00:00+05:30,2093.619705013951,2101.2985004993343,2047.225653920854,2067.824951171875,2717591
2021-02-02 00:00:00+05:30,2088.469608968542,2092.10200490963,2027.7296355277952,2051.133544921875,4215607
2021-02-03 00:00:00+05:30,2052.0992633302844,2075.5491988960125,2039.3168392388784,2053.3408203125,2353429
2021-02-04 00:00:00+05:30,2058.996432694229,2077.3885401769826,2047.2254390026608,2065.06591796875,2908003
2021-02-05 00:00:00+05:30,2065.0658291703194,2101.298189548129,2060.8355548259765,2087.09033203125,4036942
2021-02-08 00:00:00+05:30,2104.057029348834,2104.700708187726,2050.99584584522,2056.835205078125,2780672
2021-02-09 00:00:00+05:30,2066.353428874524,2073.4343458777153,2032.787830230145,2038.0755615234375,3131481
2021-02-10 00:00:00+05:30,2041.524433502013,2060.836151116221,2034.8572928971075,2055.7783203125,2055520
2021-02-11 00:00:00+05:30,2061.7556660475584,2085.6654106136766,2054.444846746303,2081.0673828125,1824480
2021-02-12 00:00:00+05:30,2085.6650709386126,2089.5733939330967,2052.5592761618095,2061.341552734375,1222094
2021-02-15 00:00:00+05:30,2070.0319059688263,2079.917664737891,2035.0868982270158,2037.1099853515625,2449407
2021-02-16 00:00:00+05:30,2047.9613733996232,2049.8466095081026,2013.9819963232865,2019.545654296875,2396356
2021-02-17 00:00:00+05:30,2019.4538775138114,2024.5577334456639,1986.3480762430931,1989.9344482421875,2447956
2021-02-18 00:00:00+05:30,1990.0261481835782,1994.2103977877746,1970.898310359427,1974.2550048828125,3205806
2021-02-19 00:00:00+05:30,1979.8185329656837,2017.614407710236,1977.1517668992742,2005.7515869140625,3364030
2021-02-22 00:00:00+05:30,2027.7300689644298,2027.7300689644298,1987.8192812217806,1993.3369140625,2678023
2021-02-23 00:00:00+05:30,2009.337535042876,2016.0967236501683,1995.7273320081763,2004.0498046875,2062144
2021-02-24 00:00:00+05:30,2012.556598217057,2012.556598217057,1982.2556424748193,2003.6824951171875,924143
2021-02-25 00:00:00+05:30,2001.9808727736543,2009.3377156685506,1986.3475816219998,1989.38232421875,2099460
2021-02-26 00:00:00+05:30,1984.50861462952,2006.9468984095438,1949.5636065869244,1960.6448974609375,3413194
2021-03-01 00:00:00+05:30,1963.541312229561,1980.8299378337797,1956.9201985655911,1971.08203125,1229276
2021-03-02 00:00:00+05:30,1988.186952457509,2008.3262216989233,1968.4614607596495,2002.8546142578125,2095135
2021-03-03 00:00:00+05:30,2027.729880909238,2027.729880909238,1998.7623111819635,2017.1544189453125,2031893
2021-03-04 00:00:00+05:30,2009.3379128548286,2026.3506137188167,1999.2222528816465,2020.2811279296875,2290915
2021-03-05 00:00:00+05:30,2008.969944290261,2032.2818052847235,2000.371544433126,2024.1434326171875,2129837
2021-03-08 00:00:00+05:30,2032.3278707868467,2037.937553357579,1994.6240505595795,1999.7279052734375,1440724
2021-03-09 00:00:00+05:30,2001.0615618603592,2027.730121278535,1988.2331100773317,2021.752685546875,1711842
2021-03-10 00:00:00+05:30,2032.787676896058,2057.0651689366073,2016.8784590414946,2048.742919921875,2696085
2021-03-12 00:00:00+05:30,2056.2377924704474,2059.824163931164,2023.131996169492,2027.5001220703125,2038930
2021-03-15 00:00:00+05:30,2028.741250023328,2039.178634996627,2007.774205232702,2033.109375,1632022
2021-03-16 00:00:00+05:30,2042.7658681618186,2066.813463369768,2036.2826041638727,2063.640869140625,2633605
2021-03-17 00:00:00+05:30,2072.790652626269,2080.147496113851,2040.834363727084,2047.317626953125,3703365
2021-03-18 00:00:00+05:30,2058.0770348992596,2069.020250150026,2027.7300544918978,2037.1099853515625,2597091
2021-03-19 00:00:00+05:30,2026.9019990977274,2138.312084108004,2015.3148832696227,2126.17333984375,5382214
2021-03-22 00:00:00+05:30,2124.3805228550004,2167.050123579854,2116.931629315011,2164.015380859375,2471516
2021-03-23 00:00:00+05:30,2173.027613282846,2182.1776423337556,2145.807202972689,2149.393798828125,1970612
2021-03-24 00:00:00+05:30,2149.3938424716484,2161.9003417632807,2129.3924241269233,2132.197265625,1762743
2021-03-25 00:00:00+05:30,2132.1974897930268,2135.324058816384,2051.6859800543343,2057.20361328125,2495833
2021-03-26 00:00:00+05:30,2073.710371516343,2138.0827555545443,2068.0088624041427,2131.553466796875,1929236
2021-03-30 00:00:00+05:30,2138.0824261496873,2212.570459060709,2138.0824261496873,2205.9033203125,3327203
2021-03-31 00:00:00+05:30,2194.17846252956,2242.5497958926344,2190.1780892742186,2236.0205078125,2709756
2021-04-01 00:00:00+05:30,2250.09022422399,2250.09022422399,2199.741835586649,2206.22509765625,1532653
2021-04-05 00:00:00+05:30,2207.052940103555,2222.870107938357,2157.85405164708,2182.407470703125,2545447
2021-04-06 00:00:00+05:30,2190.7765329636727,2217.1691695903965,2186.224530006701,2214.686279296875,3683538
2021-04-07 00:00:00+05:30,2222.686468016741,2239.2393668269606,2195.4202550595746,2211.881103515625,1713970
2021-04-08 00:00:00+05:30,2212.5703673911835,2242.9173425050276,2203.006562008996,2216.15673828125,1814515
2021-04-09 00:00:00+05:30,2229.1236313926192,2283.380353443842,2229.1236313926192,2276.943115234375,2604858
2021-04-12 00:00:00+05:30,2245.2166919103975,2288.208246424758,2241.6303204834026,2264.068603515625,2261945
2021-04-13 00:00:00+05:30,2271.42552507047,2304.4392718442073,2251.9299338874557,2257.07958984375,1811781
2021-04-15 00:00:00+05:30,2296.2548976457765,2296.2548976457765,2226.456931090842,2262.8271484375,3352379
2021-04-16 00:00:00+05:30,2271.3331882541825,2279.6556616625726,2243.8370778027124,2261.217529296875,1225517
2021-04-19 00:00:00+05:30,2243.8371154683555,2261.953296457031,2219.9734008847304,2240.75634765625,1746316
2021-04-20 00:00:00+05:30,2258.5509509972294,2258.5509509972294,2192.155483415311,2204.7080078125,1589508
2021-04-22 00:00:00+05:30,2197.8570678890533,2197.8570678890533,2144.519950760365,2160.52099609375,1721265
2021-04-23 00:00:00+05:30,2151.87651070442,2161.0725641689687,2115.0922968462246,2122.21923828125,1949756
2021-04-26 00:00:00+05:30,2137.163006082599,2179.280979418333,2125.2081355666464,2170.866455078125,1946867
2021-04-27 00:00:00+05:30,2173.0277512021607,2194.5924548250214,2163.785671217204,2188.523193359375,1668456
2021-04-28 00:00:00+05:30,2188.660847789982,2248.435198675003,2176.062298736824,2213.076416015625,1951215
2021-04-29 00:00:00+05:30,2237.4001256397332,2252.0677880959197,2192.477308281079,2214.042236328125,3151150
2021-04-30 00:00:00+05:30,2216.249294676049,2246.504226362458,2142.9107547381172,2164.521484375,4010778
2021-05-03 00:00:00+05:30,2154.6357957199957,2220.847395076308,2151.8769790801493,2214.41015625,1692239
2021-05-04 00:00:00+05:30,2215.513323922793,2223.7897726690276,2181.487923521606,2214.087890625,1453111
2021-05-05 00:00:00+05:30,2238.3193720213294,2238.3193720213294,2178.2230739328043,2202.1328125,1256857
2021-05-06 00:00:00+05:30,2207.052987709205,2222.272502172891,2185.948088416844,2197.85693359375,1377740
2021-05-07 00:00:00+05:30,2215.1453319668053,2229.1232878792866,2204.431795318486,2217.352294921875,1169518
2021-05-10 00:00:00+05:30,2228.2038577812814,2250.22836194754,2221.7666200576045,2237.307861328125,988495
2021-05-11 00:00:00+05:30,2230.0432503215266,2230.9628557855767,2201.7653823019855,2208.984375,1019077
2021-05-12 00:00:00+05:30,2196.937440581824,2196.937440581824,2138.128716407328,2141.715087890625,2053932
2021-05-14 00:00:00+05:30,2141.6689021128827,2190.8677904582896,2139.0021362881585,2185.76416015625,1388970
2021-05-17 00:00:00+05:30,2193.2591948933127,2202.455250217813,2176.246492542987,2185.212646484375,811243
2021-05-18 00:00:00+05:30,2208.98439320572,2214.7319274034026,2176.6601261701207,2183.373291015625,1153722
2021-05-19 00:00:00+05:30,2170.2687197068017,2188.660827500927,2155.5550334715012,2170.038818359375,1323590
2021-05-20 00:00:00+05:30,2170.268706235332,2172.107917003328,2151.8765985553714,2155.69287109375,856235
2021-05-21 00:00:00+05:30,2151.8764283092128,2175.9240173930175,2151.8764283092128,2172.337646484375,771492
2021-05-24 00:00:00+05:30,2165.6707767580597,2170.222778711057,2138.312515353154,2148.7041015625,1194864
2021-05-25 00:00:00+05:30,2165.6704631250855,2179.28066635221,2150.037173157728,2155.600830078125,1098457
2021-05-26 00:00:00+05:30,2166.360530234234,2179.6487840313525,2156.7046730475804,2164.751220703125,811095
2021-05-27 00:00:00+05:30,2163.831466038069,2163.831466038069,2136.1512542066143,2139.369873046875,3755182
2021-05-28 00:00:00+05:30,2145.7613893774524,2161.072729763968,2132.8869135405607,2135.0478515625,1215325
2021-05-31 00:00:00+05:30,2138.082501594966,2156.474609135568,2133.6223257111574,2151.922607421875,1178704
2021-06-01 00:00:00+05:30,2158.3142229432556,2173.0279117234395,2143.2327817487962,2168.705810546875,1141451
2021-06-02 00:00:00+05:30,2166.590587006664,2182.821534493742,2161.072953932793,2169.16552734375,1113091
2021-06-03 00:00:00+05:30,2178.5450549346106,2180.4302907880874,2156.474526729279,2173.25732421875,868532
2021-06-04 00:00:00+05:30,2179.46489000303,2179.46489000303,2146.313069030966,2153.761962890625,1283795
2021-06-07 00:00:00+05:30,2164.7510643385103,2164.7510643385103,2143.600140600284,2151.23291015625,1128300
2021-06-08 00:00:00+05:30,2151.232697660739,2172.107692820382,2147.4162010032273,2169.348876953125,1106664
2021-06-09 00:00:00+05:30,2172.1077196934025,2181.257747530406,2157.026282571016,2166.590087890625,1072858
2021-06-10 00:00:00+05:30,2173.947410829609,2207.007183786271,2165.900862671928,2187.5576171875,1944339
2021-06-11 00:00:00+05:30,2189.5808628000873,2196.5239297582007,2170.26914582453,2176.24658203125,1128097
2021-06-14 00:00:00+05:30,2184.4904083802244,2199.959123606161,2164.2981313210703,2190.2333984375,1761632
2021-06-15 00:00:00+05:30,2185.9714963939,2218.390565196352,2185.9714963939,2215.5654296875,1215463
2021-06-16 00:00:00+05:30,2209.128594658817,2240.4825647487182,2207.87805405588,2230.33984375,2153668
2021-06-17 00:00:00+05:30,2221.1697297932656,2247.012272975136,2210.4250318046466,2239.4169921875,1555777
2021-06-18 00:00:00+05:30,2241.5474636178437,2312.5915053570707,2227.653574380543,2299.80908203125,3937751
2021-06-21 00:00:00+05:30,2291.519413974349,2342.5100395406134,2285.081956325304,2328.9404296875,2506277
2021-06-22 00:00:00+05:30,2332.4138459471405,2347.0949215050528,2298.6515104810155,2306.617431640625,1945883
2021-06-23 00:00:00+05:30,2311.016941420423,2328.6158680284343,2276.930554131086,2297.586181640625,1035668
2021-06-24 00:00:00+05:30,2306.3855656280107,2320.094247952419,2291.6581337964762,2306.5244140625,759681
2021-06-25 00:00:00+05:30,2304.533110261853,2306.339270647295,2264.703960848163,2268.084716796875,1112942
2021-06-28 00:00:00+05:30,2269.427876252713,2283.2290486067304,2257.571712638936,2278.782958984375,694906
2021-06-29 00:00:00+05:30,2273.966959156118,2313.332985943953,2264.704364617804,2308.748046875,1354397
2021-06-30 00:00:00+05:30,2308.7479540084423,2320.279838517275,2281.3769430211773,2289.06494140625,1447245
2021-07-01 00:00:00+05:30,2300.828552985018,2300.828552985018,2281.3771038655796,2295.27099609375,735043
2021-07-02 00:00:00+05:30,2295.270509043941,2308.8864753107655,2271.1877676254007,2303.884765625,860231
2021-07-05 00:00:00+05:30,2314.721952355138,2328.0599955991747,2301.800680561692,2314.768310546875,761700
2021-07-06 00:00:00+05:30,2306.3853166076847,2313.749031728392,2286.933874178463,2290.17578125,461782
2021-07-07 00:00:00+05:30,2276.744940942492,2307.1262856260155,2265.490982970939,2298.65087890625,623145
2021-07-08 00:00:00+05:30,2280.635525798011,2287.628828503072,2258.636868169932,2267.06591796875,1114426
2021-07-09 00:00:00+05:30,2260.0725993336014,2282.76595125314,2258.6368522499642,2270.67822265625,538094
2021-07-12 00:00:00+05:30,2272.113988899275,2278.5050874061126,2250.810025693126,2263.91650390625,543898
2021-07-13 00:00:00+05:30,2273.966458642325,2274.475946457303,2250.8099773934214,2257.015869140625,994396
2021-07-14 00:00:00+05:30,2259.88746787865,2261.323215010044,2231.3586364319244,2236.77734375,1377829
2021-07-15 00:00:00+05:30,2246.1792502286717,2246.1792502286717,2223.9490225975424,2234.462158203125,693792
2021-07-16 00:00:00+05:30,2241.547769214688,2250.810363302352,2228.5801374919583,2239.139404296875,545405
2021-07-19 00:00:00+05:30,2223.0687293473416,2238.7687796161094,2221.632982171799,2231.034423828125,463873
2021-07-20 00:00:00+05:30,2225.800811262013,2278.59758456286,2225.800811262013,2255.348388671875,1061476
2021-07-22 00:00:00+05:30,2269.33526792488,2323.0583069206527,2200.328950594103,2202.783447265625,3546044
2021-07-23 00:00:00+05:30,2206.349665143976,2215.380693370321,2181.062740882705,2184.212158203125,1517589
2021-07-26 00:00:00+05:30,2183.425179087916,2185.9723926810825,2165.5946839357503,2175.505615234375,1311535
2021-07-27 00:00:00+05:30,2175.505401305754,2185.4626898271626,2160.0369145976797,2169.669921875,1656945
2021-07-28 00:00:00+05:30,2176.709532402551,2193.7989726528413,2170.318433166684,2187.268798828125,912373
2021-07-29 00:00:00+05:30,2187.268458293023,2196.531050605837,2158.184008885788,2162.583740234375,1012663
2021-07-30 00:00:00+05:30,2167.446614315892,2182.7762499138757,2147.068911104375,2161.24072265625,1708251
2021-08-02 00:00:00+05:30,2169.2991276221856,2179.858392442542,2153.182307393745,2160.777587890625,1229936
2021-08-03 00:00:00+05:30,2158.184349101901,2216.5386898716088,2154.57202798546,2210.84228515625,1733476
2021-08-04 00:00:00+05:30,2210.842063178141,2218.159421069075,2192.965213763714,2201.81103515625,1588974
2021-08-05 00:00:00+05:30,2214.685785717695,2214.685785717695,2180.414194721646,2183.84130859375,921757
2021-08-06 00:00:00+05:30,2183.8413566060394,2205.1916772342547,2183.6561499862464,2196.623779296875,1432661
2021-08-09 00:00:00+05:30,2203.9876285479936,2218.391005775418,2199.7269714845506,2208.665283203125,921476
2021-08-10 00:00:00+05:30,2217.464624159466,2217.464624159466,2185.1382670859966,2206.164306640625,1061370
2021-08-11 00:00:00+05:30,2213.7594981168454,2218.3907941380103,2188.009447011668,2214.17626953125,1300594
2021-08-12 00:00:00+05:30,2218.3909915652443,2235.5267883685665,2202.1350958567505,2215.89013671875,1226064
2021-08-13 00:00:00+05:30,2223.948278435453,2231.9603298415414,2211.9069091644574,2227.190185546875,1033159
2021-08-16 00:00:00+05:30,2226.727225162182,2257.154931817926,2216.2140922755675,2247.475341796875,1146309
2021-08-17 00:00:00+05:30,2253.5890452242043,2304.0238226487545,2251.7828846818043,2300.64306640625,1921902
2021-08-18 00:00:00+05:30,2301.7546772955066,2315.6485687077534,2273.0406350435305,2302.727294921875,1545643
2021-08-20 00:00:00+05:30,2306.3855507592366,2436.061846785861,2293.4179211565743,2426.243408203125,5779927
2021-08-23 00:00:00+05:30,2431.4305798667924,2475.752176320514,2403.1796721769115,2439.90576171875,2163220
2021-08-24 00:00:00+05:30,2439.7673238775283,2461.9975500632004,2417.5370976918557,2438.841064453125,1482854
2021-08-25 00:00:00+05:30,2437.914439833412,2469.8240269965845,2427.401306486265,2449.955810546875,1746570
2021-08-26 00:00:00+05:30,2436.9881007078284,2498.8622641897146,2436.9881007078284,2469.777587890625,2117291
2021-08-27 00:00:00+05:30,2472.186341945666,2491.6377893719896,2455.606389118247,2480.476318359375,1176229
2021-08-30 00:00:00+05:30,2493.1193825425535,2506.225859921941,2474.5941983243374,2489.5068359375,1168190
2021-08-31 00:00:00+05:30,2489.6918939069556,2535.588080294889,2478.345219250743,2523.22265625,2535891
2021-09-01 00:00:00+05:30,2542.581606523805,2570.369383644284,2514.7938294033265,2531.373779296875,1775792
2021-09-02 00:00:00+05:30,2545.3604363807135,2602.788510272855,2528.8266182003094,2594.49853515625,1946183
2021-09-03 00:00:00+05:30,2595.563846808455,2601.6308906416407,2552.7707110310143,2562.681640625,1561823
2021-09-06 00:00:00+05:30,2584.2633873891527,2616.6824621413466,2570.6474212207354,2575.556640625,1444978
2021-09-07 00:00:00+05:30,2582.966723180294,2601.584399058342,2565.7382100871555,2572.870361328125,1219915
2021-09-08 00:00:00+05:30,2583.2442642907777,2602.7884244094957,2561.1994756274926,2594.359375,946711
2021-09-09 00:00:00+05:30,2576.8536280202375,2615.4322412341776,2576.8536280202375,2603.390869140625,879454
2021-09-13 00:00:00+05:30,2591.2102686085645,2614.320391817803,2570.369435348978,2580.882568359375,1341412
2021-09-14 00:00:00+05:30,2595.378530242621,2597.2310488223798,2548.18566465076,2558.837646484375,1755061
2021-09-15 00:00:00+05:30,2569.443834196718,2579.6326886221555,2546.3337050683535,2570.786865234375,1362350
2021-09-16 00:00:00+05:30,2549.065231870315,2591.0248174334697,2549.065231870315,2564.116943359375,1259196
2021-09-17 00:00:00+05:30,2565.830873509436,2577.7795275406947,2499.9737494905985,2521.50927734375,3095032
2021-09-20 00:00:00+05:30,2519.425315996169,2601.8623943504554,2510.2090811155267,2593.850341796875,2671330
2021-09-21 00:00:00+05:30,2602.7888152523547,2648.4534471673865,2590.423162276478,2605.05810546875,2277437
2021-09-22 00:00:00+05:30,2619.368755246005,2630.483867572612,2569.4434661673436,2579.169189453125,1580594
2021-09-23 00:00:00+05:30,2592.599833051093,2609.920837083342,2568.3782423220077,2577.13134765625,1054473
2021-09-24 00:00:00+05:30,2565.8310696983704,2575.000946643274,2529.98465258867,2544.110107421875,1635284
2021-09-27 00:00:00+05:30,2561.1068517780323,2561.1068517780323,2505.068166594462,2509.699462890625,1465932
2021-09-28 00:00:00+05:30,2524.0565628055847,2551.3348536421627,2510.069957085121,2522.991455078125,1078052
2021-09-29 00:00:00+05:30,2514.747431040545,2542.0720781058344,2479.595938772191,2487.283935546875,1503894
2021-09-30 00:00:00+05:30,2487.2841046016215,2505.8092903117777,2484.181045540162,2502.5673828125,1620199
2021-10-01 00:00:00+05:30,2506.457527495332,2512.01508298867,2482.4675034040956,2504.6513671875,956111
2021-10-04 00:00:00+05:30,2500.9000992940355,2523.130322398871,2482.0969903570235,2488.11767578125,1025005
2021-10-05 00:00:00+05:30,2488.117875874863,2514.7478327774365,2487.9326692282666,2508.912353515625,562784
2021-10-06 00:00:00+05:30,2495.3888339326377,2532.392846576655,2478.669808865812,2487.978759765625,862471
2021-10-07 00:00:00+05:30,2499.0477487277594,2504.836869717214,2469.407449261752,2472.556640625,1082816
2021-10-08 00:00:00+05:30,2473.5756463246203,2481.0320794768295,2431.8012583038894,2445.37109375,1579941
2021-10-11 00:00:00+05:30,2447.362296310919,2468.9441833966657,2441.156404180046,2450.048583984375,1086252
2021-10-12 00:00:00+05:30,2431.431002662954,2489.831704925856,2431.431002662954,2478.80908203125,1174337
2021-10-13 00:00:00+05:30,2489.8778184007692,2494.972244762773,2447.733018496922,2451.576904296875,1660007
2021-10-14 00:00:00+05:30,2451.5770827326687,2479.36486491156,2426.7996436231574,2454.170654296875,2158809
2021-10-18 00:00:00+05:30,2475.705956779055,2481.3560029509467,2448.1497419973066,2458.292236328125,1758177
2021-10-19 00:00:00+05:30,2473.019702660064,2530.540497692944,2334.6366487683254,2358.997314453125,5431133
2021-10-20 00:00:00+05:30,2379.5601780833385,2393.4540677957752,2287.8605059812558,2295.87255859375,4864654
2021-10-21 00:00:00+05:30,2318.7971899037857,2320.279295078197,2248.957336706532,2265.3984375,3254632
2021-10-22 00:00:00+05:30,2277.6713921635846,2314.027066072662,2250.809875135222,2273.1328125,1845622
2021-10-25 00:00:00+05:30,2273.133196503015,2281.8863022686014,2232.2850680802235,2274.754150390625,1560381
2021-10-26 00:00:00+05:30,2300.894986853421,2300.894986853421,2252.57343768493,2271.026123046875,1595060
2021-10-27 00:00:00+05:30,2287.941015276972,2288.1273600782697,2228.4358188382043,2233.51513671875,3083879
2021-10-28 00:00:00+05:30,2236.683630966307,2251.5948551727492,2206.861182553423,2227.037841796875,2015791
2021-10-29 00:00:00+05:30,2236.683763941311,2238.547667077929,2211.5210715969715,2230.2998046875,2453400
2021-11-01 00:00:00+05:30,2230.1599300044363,2246.84177077252,2207.0941304776456,2243.300537109375,1941114
2021-11-02 00:00:00+05:30,2250.6625997419815,2262.777967773719,2238.547231710244,2254.297119140625,1350154
2021-11-03 00:00:00+05:30,2268.3700863328436,2268.3700863328436,2223.8227564696685,2247.261474609375,1591607
2021-11-04 00:00:00+05:30,2263.710170421304,2264.642121911803,2255.322607006816,2257.978759765625,245719
2021-11-08 00:00:00+05:30,2282.349304019993,2282.349304019993,2236.776965073115,2266.412841796875,2555533
2021-11-09 00:00:00+05:30,2273.775384424244,2279.7397831949247,2252.0142252258966,2265.7138671875,1696949
2021-11-10 00:00:00+05:30,2246.9816497834963,2255.3225699810823,2232.9557345763114,2236.8232421875,1794509
2021-11-11 00:00:00+05:30,2239.200136166741,2243.1609305947204,2205.1839016676213,2214.50341796875,1282647
2021-11-12 00:00:00+05:30,2225.5003414486823,2249.3583925689104,2214.5032674553395,2241.296875,1651974
2021-11-15 00:00:00+05:30,2240.5048033000144,2264.642257336452,2240.5048033000144,2259.74951171875,1007999
2021-11-16 00:00:00+05:30,2268.975746877453,2268.975746877453,2236.7770028938417,2242.881103515625,1245209
2021-11-17 00:00:00+05:30,2240.4119499905555,2246.050303440039,2224.7551154835023,2228.436279296875,956809
2021-11-18 00:00:00+05:30,2227.3642579494262,2242.6017571684697,2208.7252265021507,2236.12451171875,1236943
2021-11-22 00:00:00+05:30,2245.443992921841,2245.9099687008593,2215.3885551751696,2226.012939453125,1629290
2021-11-23 00:00:00+05:30,2225.313921497465,2236.6836847226928,2177.5047622310713,2231.2783203125,1932539
2021-11-24 00:00:00+05:30,2242.2753402496314,2242.2753402496314,2205.9292312430916,2213.15185546875,999070
2021-11-25 00:00:00+05:30,2224.5684450652166,2224.5684450652166,2181.698671930319,2189.200927734375,1363272
2021-11-26 00:00:00+05:30,2184.4944732486665,2204.0654561574647,2166.9737382820094,2176.2001953125,2450902
2021-11-29 00:00:00+05:30,2175.5476973960804,2182.8636083774177,2129.229748948553,2170.887939453125,1724612
2021-11-30 00:00:00+05:30,2163.9913769391906,2200.337485337394,2145.352346991394,2159.84423828125,3931035
2021-12-01 00:00:00+05:30,2180.7668088291057,2196.3769985931604,2165.1566190650515,2185.286865234375,1263139
2021-12-02 00:00:00+05:30,2196.609987997333,2225.5004884758723,2185.4265684572533,2221.120361328125,1673117
2021-12-03 00:00:00+05:30,2221.120229273713,2227.270973138719,2178.8094913462674,2184.168212890625,1890178
2021-12-06 00:00:00+05:30,2184.4948201753195,2203.0872113859473,2144.42089642637,2149.546630859375,1079171
2021-12-07 00:00:00+05:30,2169.4895198574186,2182.303851293236,2154.671583971605,2163.618408203125,895313
2021-12-08 00:00:00+05:30,2160.4967192105473,2184.913804749343,2160.4967192105473,2181.325927734375,839769
2021-12-09 00:00:00+05:30,2181.698630871688,2188.7815538324444,2163.5722182949253,2180.53369140625,716666
2021-12-10 00:00:00+05:30,2187.2903072469094,2187.2903072469094,2162.1276151737666,2174.056640625,724539
2021-12-13 00:00:00+05:30,2191.9498774079,2191.9498774079,2144.4203520049227,2147.54248046875,1804894
2021-12-14 00:00:00+05:30,2148.148697886856,2166.7410890507476,2147.216746174107,2160.543701171875,1219031
2021-12-15 00:00:00+05:30,2158.399581091516,2166.6007994439383,2143.954333463313,2163.0126953125,755122
2021-12-16 00:00:00+05:30,2163.0130857928384,2167.0671663860862,2147.1699081147017,2152.34228515625,926493
2021-12-17 00:00:00+05:30,2146.2838316892726,2151.8288963872906,2074.5235819975337,2078.484375,2439222
2021-12-20 00:00:00+05:30,2074.5242024248582,2119.584152010436,2051.3651148145655,2114.69140625,2175705
2021-12-21 00:00:00+05:30,2134.1689121996083,2146.004650617717,2099.4537191954882,2118.18603515625,1591415
2021-12-22 00:00:00+05:30,2143.4883861024687,2159.704250708184,2114.5978904636963,2122.6591796875,1661605
2021-12-23 00:00:00+05:30,2142.510210115041,2148.148563128922,2119.8173238495356,2144.094482421875,1423081
2021-12-24 00:00:00+05:30,2152.8082544500303,2155.604109325939,2127.9251915598893,2140.646240234375,895503
2021-12-27 00:00:00+05:30,2140.6458303169975,2151.0372254656045,2123.2183837665043,2144.79296875,584302
2021-12-28 00:00:00+05:30,2152.808147832212,2160.6364500861596,2141.391740987647,2151.969482421875,783710
2021-12-29 00:00:00+05:30,2157.3743416771713,2163.8515863397383,2142.603047566644,2149.872314453125,1410236
2021-12-30 00:00:00+05:30,2150.943998619308,2171.446931015159,2140.3662583951077,2167.346435546875,963711
2021-12-31 00:00:00+05:30,2180.766677004055,2209.0514982060076,2171.4471612903626,2199.54541015625,1123597
2022-01-03 00:00:00+05:30,2216.180978371848,2216.180978371848,2192.8821875983845,2200.617431640625,879278
2022-01-04 00:00:00+05:30,2207.746552600195,2244.23259186494,2195.0721481873306,2237.8486328125,1484275
2022-01-05 00:00:00+05:30,2240.224786496374,2255.32235343958,2229.227714639453,2251.408203125,1202512
2022-01-06 00:00:00+05:30,2234.81991682843,2247.867239111832,2206.5817380953326,2228.6689453125,1198901
2022-01-07 00:00:00+05:30,2225.5000330418175,2257.0930957663277,2225.5000330418175,2251.734375,1026186
2022-01-10 00:00:00+05:30,2259.9826361507035,2259.9826361507035,2238.547749292367,2243.254150390625,919447
2022-01-11 00:00:00+05:30,2252.666550738767,2253.738431515085,2229.228060759648,2240.085205078125,1321335
2022-01-12 00:00:00+05:30,2243.3936546615473,2251.5948735474635,2235.285721938573,2248.938720703125,1487554
2022-01-13 00:00:00+05:30,2253.4589420121,2257.093462197997,2239.7126560755087,2249.91748046875,1586299
2022-01-14 00:00:00+05:30,2255.3229257419785,2256.254877364186,2200.1514352127488,2202.85400390625,1596037
2022-01-17 00:00:00+05:30,2203.1339001799934,2231.2787970541635,2185.426817225924,2226.9453125,912205
2022-01-18 00:00:00+05:30,2244.7914857359015,2244.7914857359015,2196.9823292773794,2208.259033203125,1667579
2022-01-19 00:00:00+05:30,2203.133764631897,2207.4208333573997,2148.1952587731157,2152.715087890625,2145255
2022-01-20 00:00:00+05:30,2166.7872285031203,2167.2998473314365,2090.3672058204297,2107.887939453125,2829711
2022-01-21 00:00:00+05:30,2110.6837881160795,2175.501059998497,2096.8908605059737,2167.159912109375,4596050
2022-01-24 00:00:00+05:30,2179.741508664749,2185.3798613564986,2112.4546485750116,2129.13671875,2231103
2022-01-25 00:00:00+05:30,2128.1113964182846,2174.895319426171,2088.410168780537,2168.88427734375,1843543
2022-01-27 00:00:00+05:30,2152.808028161554,2167.3465629989905,2120.1897247045604,2139.155029296875,2620474
2022-01-28 00:00:00+05:30,2138.4558235605014,2160.915716310477,2123.031982023641,2128.15771484375,1967721
2022-01-31 00:00:00+05:30,2134.1688696141423,2154.5321002761502,2116.4617916566453,2119.024658203125,1639875
2022-02-01 00:00:00+05:30,2146.563956719639,2162.1275014183693,2123.3582276234265,2148.75390625,1270508
2022-02-02 00:00:00+05:30,2165.948512513049,2174.242789623745,2140.2732038896747,2169.48974609375,1246111
2022-02-03 00:00:00+05:30,2170.5152011712885,2173.2644127905533,2134.1690900310223,2141.764404296875,1448039
2022-02-04 00:00:00+05:30,2149.0803864674167,2155.371059758247,2127.6454996986613,2149.6396484375,1014561
2022-02-07 00:00:00+05:30,2139.0620094559067,2159.052326700844,2084.7758262293273,2103.97412109375,1207402
2022-02-08 00:00:00+05:30,2113.665936155022,2113.665936155022,2093.675622608205,2110.264404296875,1190660
2022-02-09 00:00:00+05:30,2113.2466063344223,2125.1756306842617,2102.109831746855,2122.6591796875,1049611
2022-02-10 00:00:00+05:30,2124.8495997875057,2129.5093576817767,2102.343060169074,2127.78515625,1195100
2022-02-11 00:00:00+05:30,2123.9176629795447,2123.9176629795447,2095.959115419481,2104.3466796875,2100036
2022-02-14 00:00:00+05:30,2068.9324036515213,2084.076616065637,2056.8170337202287,2076.900634765625,1661501
2022-02-15 00:00:00+05:30,2094.9803150499783,2147.355943497787,2071.308838117581,2134.26220703125,1533070
2022-02-16 00:00:00+05:30,2134.2623431651828,2146.983390856488,2120.1897836998414,2130.9072265625,995668
2022-02-17 00:00:00+05:30,2126.7134940976384,2155.603992921927,2121.121784647776,2150.52490234375,869374
2022-02-18 00:00:00+05:30,2137.897308176924,2169.3973227392157,2137.897308176924,2155.18505859375,890713
2022-02-21 00:00:00+05:30,2141.624777740861,2147.2631304287875,2129.276419035436,2138.642578125,737919
2022-02-22 00:00:00+05:30,2124.8495571223684,2124.8495571223684,2096.9842964850354,2115.4833984375,902667
2022-02-23 00:00:00+05:30,2115.529587741038,2119.210750108542,2098.9874510968075,2106.582763671875,1324411
2022-02-24 00:00:00+05:30,2050.2935556721377,2089.435523553151,2013.295122013868,2023.6396484375,2997629
2022-02-25 00:00:00+05:30,2045.6336507712638,2046.5656023205902,2015.0189513650007,2022.9871826171875,2193728
2022-02-28 00:00:00+05:30,2016.7433370776994,2031.5612770554924,1975.7374651592988,2024.292236328125,2334036
2022-03-02 00:00:00+05:30,1984.078217385975,2008.169256092091,1978.5797942227177,2002.857177734375,2034688
2022-03-03 00:00:00+05:30,2011.0582870932244,2020.4244462739819,1944.6103193588601,1948.7108154296875,2372998
2022-03-04 00:00:00+05:30,1933.799483357576,1936.5486949489505,1840.8373154226756,1882.076171875,6320118
2022-03-07 00:00:00+05:30,1844.7982849495863,1845.404076272768,1795.8708234896958,1811.6673583984375,2976453
2022-03-08 00:00:00+05:30,1793.5873657132247,1824.7610989409632,1772.152480485624,1816.37353515625,3211938
2022-03-09 00:00:00+05:30,1830.3527442785537,1870.4733018212646,1818.2373747899483,1861.9459228515625,2879079
2022-03-10 00:00:00+05:30,1912.2713064672894,1970.1455890973632,1909.5687379661765,1958.91552734375,4879791
2022-03-11 00:00:00+05:30,1957.0982922511694,1966.604152736656,1929.1397452190097,1951.8792724609375,2481643
2022-03-14 00:00:00+05:30,1952.4385952495188,1952.4385952495188,1906.8661394143592,1919.16796875,1730325
2022-03-15 00:00:00+05:30,1905.840855872102,1939.2047657492935,1887.2018254968248,1899.5035400390625,2391023
2022-03-16 00:00:00+05:30,1919.820190241538,1938.4592212147568,1893.7721899619114,1931.143310546875,2808685
2022-03-17 00:00:00+05:30,1955.3275041272914,1972.661665253573,1940.6492682202406,1959.0086669921875,2995889
2022-03-21 00:00:00+05:30,1963.155735257623,1967.256230638922,1906.7726723651065,1911.6187744140625,1674982
2022-03-22 00:00:00+05:30,1913.9955412034915,1913.9955412034915,1835.012645467888,1857.845458984375,5356303
2022-03-23 00:00:00+05:30,1875.0863283351068,1879.3267529627778,1840.8371123478726,1843.91259765625,3212162
2022-03-24 00:00:00+05:30,1835.9446360005397,1855.8417797344202,1818.5637160592823,1832.1236572265625,3054664
2022-03-25 00:00:00+05:30,1840.5112028369995,1842.468278407318,1812.6458277704771,1820.1014404296875,2233647
2022-03-28 00:00:00+05:30,1826.57854196407,1846.0098243567609,1799.8782189179785,1840.6976318359375,1794533
2022-03-29 00:00:00+05:30,1845.2640467322778,1859.1035043300467,1839.7189805821397,1851.8343505859375,1249125
2022-03-30 00:00:00+05:30,1863.9032598083606,1881.6103407765402,1859.2901447457857,1878.7213134765625,1476829
2022-03-31 00:00:00+05:30,1881.9829628559494,1914.2284633911195,1880.6782079470688,1909.242431640625,2540524
2022-04-01 00:00:00+05:30,1915.0671122310337,1943.9111941702524,1899.6900257155633,1936.7349853515625,1714996
2022-04-04 00:00:00+05:30,1936.595511927958,1987.3402333255276,1929.3262436154623,1983.6124267578125,1693019
2022-04-05 00:00:00+05:30,1998.5701904566095,2011.151536957502,1982.261037585082,1994.1900634765625,1277652
2022-04-06 00:00:00+05:30,1989.7165612946765,2017.115845881939,1976.948870552003,1996.286865234375,1736115
2022-04-07 00:00:00+05:30,1994.3299237423928,2026.9948751672066,1989.8100946750442,2017.489013671875,1824732
2022-04-08 00:00:00+05:30,2029.5107944923936,2044.2356741218994,2016.277128316722,2034.496826171875,1693462
2022-04-11 00:00:00+05:30,2039.1096861313613,2044.7946807461724,1993.350780865888,2015.8575439453125,1380107
2022-04-12 00:00:00+05:30,1995.2150989613647,2017.6752236395678,1980.3971594614695,1987.15380859375,1370233
2022-04-13 00:00:00+05:30,1992.2328083268965,2017.6751314716864,1985.7091473937317,2005.699462890625,1071601
2022-04-18 00:00:00+05:30,2001.8318401139775,2034.3568567473978,1989.7631135852155,2029.464111328125,1828131
2022-04-19 00:00:00+05:30,2036.9664425102826,2056.6773541657226,1958.076835387611,1969.26025390625,1775996
2022-04-20 00:00:00+05:30,1970.5184610945912,2021.0768376797798,1950.2951559659668,2017.628662109375,1511804
2022-04-21 00:00:00+05:30,2036.3140857352982,2053.788176860029,2020.470909782209,2048.3828125,2244813
2022-04-22 00:00:00+05:30,2033.5182099100928,2040.0418705285028,1975.7372158613184,1982.2142333984375,3520828
2022-04-25 00:00:00+05:30,1957.0982775403875,2014.8792743058655,1907.704844821511,1957.7972412109375,2437310
2022-04-26 00:00:00+05:30,1996.4265645770997,2011.1048014871922,1976.6692372257871,2002.158203125,1447088
2022-04-27 00:00:00+05:30,2001.6456182531135,2005.9324589388564,1960.3601183884512,1999.12939453125,2214481
2022-04-28 00:00:00+05:30,2078.2521803694763,2096.891213377274,2017.6753230941329,2089.2958984375,5865359
2022-04-29 00:00:00+05:30,2091.672172950454,2134.169258809261,2071.3091661021863,2082.772216796875,2678692
2022-05-02 00:00:00+05:30,2068.932282910222,2098.75473023145,2055.791676048419,2078.7177734375,1543544
2022-05-04 00:00:00+05:30,2089.38896862481,2097.6834748754413,2002.4378336577938,2023.7796630859375,1608395
2022-05-05 00:00:00+05:30,2029.7902933991888,2052.1104855094077,2007.0507686346195,2019.1661376953125,1101451
2022-05-06 00:00:00+05:30,1980.3971343465269,2022.3349560150416,1962.8763988995652,2002.9503173828125,1585602
2022-05-09 00:00:00+05:30,1977.1350458799618,1993.8168862012708,1966.557305672405,1972.614990234375,1341414
2022-05-10 00:00:00+05:30,1988.7842796227667,2048.3358828330197,1974.8050086788392,2032.0267333984375,2162232
2022-05-11 00:00:00+05:30,2036.3139338677381,2040.69406021089,1972.0092833245465,2016.2769775390625,1858636
2022-05-12 00:00:00+05:30,2017.5356875761809,2017.5356875761809,1965.6724400133942,1993.25830078125,1531515
2022-05-13 00:00:00+05:30,2022.3347992229694,2067.0684722011733,2007.5632766140677,2044.794921875,2057239
2022-05-16 00:00:00+05:30,2050.2932220021985,2070.7495111435505,2024.4782119397046,2066.369384765625,1396818
2022-05-17 00:00:00+05:30,2085.6142542463635,2122.0536503645253,2070.1439952440146,2092.231201171875,2055096
2022-05-18 00:00:00+05:30,2083.9373720125855,2145.3529005258497,2083.9373720125855,2135.47412109375,2137455
2022-05-19 00:00:00+05:30,2092.7907334676647,2128.3912412850877,2092.6508042026585,2110.451171875,1734602
2022-05-20 00:00:00+05:30,2134.1689955517377,2188.222184085362,2127.365703903267,2167.672607421875,2599505
2022-05-23 00:00:00+05:30,2151.8761815783296,2225.5003558289523,2149.4066009213248,2217.8583984375,2363306
2022-05-24 00:00:00+05:30,2218.04456844299,2218.04456844299,2145.39899457443,2152.481689453125,3078655
2022-05-25 00:00:00+05:30,2171.400339679584,2171.400339679584,2130.9070927382845,2142.27685546875,1884260
2022-05-26 00:00:00+05:30,2134.30900633795,2139.7610145680283,2104.346851434934,2125.0361328125,2299127
2022-05-27 00:00:00+05:30,2140.6929255579585,2176.01380184294,2125.3157234370588,2172.006591796875,1011303
2022-05-30 00:00:00+05:30,2182.816749274554,2204.065288897061,2172.378938020739,2189.107421875,939562
2022-05-31 00:00:00+05:30,2199.40541837087,2206.767743802838,2147.122851101255,2193.11474609375,3123979
2022-06-01 00:00:00+05:30,2208.7251892064764,2249.544712892195,2145.3524833558267,2151.363525390625,2197599
2022-06-02 00:00:00+05:30,2138.829103810092,2149.965880871319,2103.5546417407054,2129.3232421875,1460335
2022-06-03 00:00:00+05:30,2128.5773587434023,2166.740729542921,2111.009980861968,2135.986328125,1845303
2022-06-06 00:00:00+05:30,2117.580429860595,2145.3059906132307,2094.654556477287,2125.315673828125,2131405
2022-06-07 00:00:00+05:30,2096.8908500698885,2106.0706632466377,2056.8635791262204,2061.10400390625,2034730
2022-06-08 00:00:00+05:30,2064.2729203320728,2067.954083871908,2037.2463222780636,2047.54443359375,1506843
2022-06-09 00:00:00+05:30,2047.497825818652,2058.0755683193356,2023.0340943995625,2048.150146484375,1497867
2022-06-10 00:00:00+05:30,2015.8112729294546,2058.5413439975937,2015.6249281184046,2050.2001953125,1641981
2022-06-13 00:00:00+05:30,2020.4708672621286,2066.1364911070755,2009.287449177652,2047.4041748046875,1519441
2022-06-14 00:00:00+05:30,2041.7660520753516,2063.293995391315,2013.015257046004,2023.2667236328125,1592475
2022-06-15 00:00:00+05:30,2029.5661595626098,2029.7541496219887,2003.5232240960781,2018.14306640625,1432377
2022-06-16 00:00:00+05:30,2016.685431843003,2034.548845924596,2007.3306898495907,2018.28369140625,1353485
2022-06-17 00:00:00+05:30,2030.7884720321345,2031.1644521569615,1974.377681142353,1984.2025146484375,3252189
2022-06-20 00:00:00+05:30,1984.7193620123442,2071.121785294525,1982.039758032247,2064.54052734375,2022000
2022-06-21 00:00:00+05:30,2063.6946376532383,2098.481289859694,2042.2114376518462,2073.096435546875,1606187
2022-06-22 00:00:00+05:30,2058.2416031283337,2091.8059765846137,2055.2801285283426,2071.0751953125,1741378
2022-06-23 00:00:00+05:30,2075.917009965697,2122.314975168631,2060.9682428768456,2117.84912109375,1585753
2022-06-24 00:00:00+05:30,2129.507416941425,2180.0891401252234,2124.8535724672506,2166.080322265625,1930048
2022-06-27 00:00:00+05:30,2177.315445663441,2192.358322214852,2160.580199592781,2181.828125,1450391
2022-06-28 00:00:00+05:30,2181.8278632337433,2184.9775569482404,2141.588356915346,2179.00732421875,1404108
2022-06-29 00:00:00+05:30,2158.8405125801264,2162.319131452292,2091.8997659761017,2099.84423828125,1682914
2022-06-30 00:00:00+05:30,2091.8058308665695,2114.464254622484,2080.9937637575617,2097.1650390625,2387212
2022-07-01 00:00:00+05:30,2092.840115415233,2155.832158421891,2071.780180911018,2145.8193359375,1235612
2022-07-04 00:00:00+05:30,2139.84920101813,2236.029639396416,2139.84920101813,2233.114990234375,2410245
2022-07-05 00:00:00+05:30,2241.858497811833,2267.713439598298,2229.7302714791517,2257.841552734375,2463079
2022-07-06 00:00:00+05:30,2256.43123538249,2359.0049304386744,2256.43123538249,2348.94482421875,4770394
2022-07-07 00:00:00+05:30,2355.1503864617976,2379.5950611316607,2318.013284559506,2325.017578125,3333262
2022-07-08 00:00:00+05:30,2328.308473518328,2354.0224856648147,2306.073310639798,2347.48828125,1346970
2022-07-11 00:00:00+05:30,2338.227077435098,2373.953908533825,2331.6458190748067,2341.61181640625,1587197
2022-07-12 00:00:00+05:30,2326.945109199244,2341.612006550453,2298.2225691158487,2303.017578125,1116476
2022-07-13 00:00:00+05:30,2316.6029176258635,2368.641958908877,2314.1583584470563,2348.333984375,2528792
2022-07-14 00:00:00+05:30,2353.0347029011564,2371.9792317094325,2320.5514489287234,2348.380859375,1663307
2022-07-15 00:00:00+05:30,2378.6546440042825,2419.9284410719883,2352.376667263305,2414.8515625,2996964
2022-07-18 00:00:00+05:30,2426.6039669051056,2449.168281204107,2381.522393202441,2400.7490234375,1566888
2022-07-19 00:00:00+05:30,2397.411237650061,2420.9627856075535,2371.838395103478,2414.33447265625,1473121
2022-07-20 00:00:00+05:30,2420.963179994211,2461.3909146504247,2383.9201847050513,2448.698486328125,4012897
2022-07-21 00:00:00+05:30,2460.4504423407425,2472.5786694816798,2436.6638484047844,2451.4716796875,1990695
2022-07-22 00:00:00+05:30,2460.450822483718,2485.0834901986104,2454.856797930956,2482.63916015625,1905780
2022-07-25 00:00:00+05:30,2487.245360900242,2495.2368882363417,2455.749341399143,2466.655517578125,1253821
2022-07-26 00:00:00+05:30,2467.971592713911,2467.971592713911,2386.27007256382,2394.731689453125,1685576
2022-07-27 00:00:00+05:30,2383.684831490896,2435.5356531176712,2373.953879221046,2427.4970703125,1404133
2022-07-28 00:00:00+05:30,2467.9717790742206,2467.9717790742206,2430.364590059756,2463.364990234375,1442054
2022-07-29 00:00:00+05:30,2482.074441880292,2486.7753404444593,2440.70653451562,2479.6298828125,1463059
2022-08-01 00:00:00+05:30,2479.72448005485,2480.194570003676,2425.6641359399105,2437.886474609375,1559918
2022-08-02 00:00:00+05:30,2444.467306973959,2481.2284263663405,2443.527127240507,2477.608642578125,1359934
2022-08-03 00:00:00+05:30,2458.8048806510415,2504.638639539002,2442.4926715708543,2469.240966796875,1767904
2022-08-04 00:00:00+05:30,2476.433739502009,2485.318393229677,2458.570322246679,2470.74560546875,1189384
2022-08-05 00:00:00+05:30,2480.1941289964025,2498.6685688858342,2470.3692967201387,2487.1513671875,1176666
2022-08-08 00:00:00+05:30,2487.1515903501963,2498.997947831553,2468.959248654791,2491.8056640625,1024511
2022-08-10 00:00:00+05:30,2491.80543410414,2516.579032217139,2473.8008545899643,2484.70703125,1098949
2022-08-11 00:00:00+05:30,2497.164358687816,2508.164415361328,2450.672518046582,2457.34765625,810674
2022-08-12 00:00:00+05:30,2467.877327103698,2469.005726246526,2430.4583628514856,2439.718994140625,1473527
2022-08-16 00:00:00+05:30,2451.94204393653,2489.9254483733066,2435.583006027133,2486.3056640625,1584117
2022-08-17 00:00:00+05:30,2492.41699227542,2532.8447292304722,2486.305822735703,2524.053955078125,1711381
2022-08-18 00:00:00+05:30,2524.3823707906213,2552.587760408394,2505.249623018813,2521.60888671875,1465489
2022-08-19 00:00:00+05:30,2528.1434266721417,2537.4981695694582,2469.3821904627666,2476.95068359375,1324508
2022-08-22 00:00:00+05:30,2489.596188777673,2507.2716154813493,2463.3652633463025,2469.5703125,1410895
2022-08-23 00:00:00+05:30,2446.394840902538,2472.3907199885966,2430.599774701353,2437.651123046875,1305045
2022-08-24 00:00:00+05:30,2421.9032074036513,2453.8693211659665,2408.08261000775,2433.42041015625,1242489
2022-08-25 00:00:00+05:30,2445.595793591988,2471.168639747808,2411.9843637664853,2420.2109375,1106593
2022-08-26 00:00:00+05:30,2444.3731959899155,2458.2879019454017,2408.7404759239685,2417.71923828125,1048791
2022-08-29 00:00:00+05:30,2397.458404013392,2451.89472066656,2397.458404013392,2421.715087890625,1450034
2022-08-30 00:00:00+05:30,2433.8433749490387,2507.4594983673783,2430.928955323504,2500.7373046875,2227943
2022-09-01 00:00:00+05:30,2491.4765551926444,2496.177454353385,2438.826484592347,2450.108642578125,1702269
2022-09-02 00:00:00+05:30,2458.570253159453,2466.0916917924455,2430.364858285731,2447.852294921875,937600
2022-09-05 00:00:00+05:30,2441.6469991057124,2465.527474783493,2431.399130854591,2445.03173828125,1274074
2022-09-06 00:00:00+05:30,2436.1936287719777,2463.270850439749,2409.680606746976,2419.176513671875,1250776
2022-09-07 00:00:00+05:30,2417.9545516562225,2441.552927852562,2407.612573445149,2411.185302734375,1344964
2022-09-08 00:00:00+05:30,2425.6637349391426,2440.706610814734,2409.6806793213264,2422.984130859375,1004533
2022-09-09 00:00:00+05:30,2442.5867342430174,2488.655537159841,2428.907074408465,2433.843017578125,1785443
2022-09-12 00:00:00+05:30,2436.00554718857,2449.168062688624,2420.02249265279,2426.03955078125,1595709
2022-09-13 00:00:00+05:30,2442.5870984341814,2452.9290761411776,2424.723682394824,2431.869140625,1342130
2022-09-14 00:00:00+05:30,2397.458370100643,2450.1084362675592,2394.3557310085926,2417.578125,1610054
2022-09-15 00:00:00+05:30,2425.6636984693437,2443.339123264628,2398.3984863547657,2407.236083984375,1199906
2022-09-16 00:00:00+05:30,2402.1594474019203,2410.4801306486484,2367.9838190266,2376.91552734375,2516820
2022-09-19 00:00:00+05:30,2379.5953046246486,2433.185558422991,2358.018222028853,2424.958984375,1166725
2022-09-20 00:00:00+05:30,2443.150970576072,2464.6809931015428,2425.28755693162,2429.001220703125,1253333
2022-09-21 00:00:00+05:30,2427.543950801143,2488.420585508492,2425.6635914279436,2466.655517578125,1960049
2022-09-22 00:00:00+05:30,2466.1857573439092,2539.6607178573036,2463.31816300931,2531.669189453125,2620240
2022-09-23 00:00:00+05:30,2536.510596511844,2560.814332380244,2514.040394597438,2521.60888671875,1789791
2022-09-26 00:00:00+05:30,2508.869646729059,2565.7505212379992,2484.94211815276,2501.395263671875,2678551
2022-09-27 00:00:00+05:30,2515.921222196627,2551.4130107384512,2494.6730662485415,2518.976806640625,1898501
2022-09-28 00:00:00+05:30,2510.2328010347546,2546.711820129236,2493.403675837528,2540.459716796875,1526197
2022-09-29 00:00:00+05:30,2548.921138470767,2563.8699030769285,2530.1175454889044,2539.002197265625,2019666
2022-09-30 00:00:00+05:30,2545.066647598627,2552.493975996988,2508.305526629742,2535.147705078125,1340054
2022-10-03 00:00:00+05:30,2560.1096540976523,2570.451632134771,2460.9677378217643,2465.62158203125,1683197
2022-10-04 00:00:00+05:30,2491.4763583162144,2516.3911218993767,2476.5744173397807,2508.3525390625,1327939
2022-10-06 00:00:00+05:30,2520.903775888426,2531.2457521797,2449.2150765966394,2457.629638671875,1752351
2022-10-07 00:00:00+05:30,2455.655695310182,2456.6899849751667,2420.963150138176,2444.185546875,1025923
2022-10-10 00:00:00+05:30,2416.2619313231776,2454.5272008264124,2389.9368986083723,2449.732421875,1043728
2022-10-11 00:00:00+05:30,2453.8690947141035,2454.3862394726934,2392.757412278695,2398.0693359375,1129783
2022-10-12 00:00:00+05:30,2410.1038073945497,2448.7923430031724,2401.4071444430424,2436.3349609375,882873
2022-10-13 00:00:00+05:30,2428.4840270723653,2451.1892737224443,2409.5863243620292,2412.876953125,753331
2022-10-14 00:00:00+05:30,2435.0655946645825,2467.877776693316,2416.449989385028,2421.715087890625,1001536
2022-10-17 00:00:00+05:30,2419.646519838906,2453.8219135357876,2414.381421808702,2435.58251953125,778918
2022-10-18 00:00:00+05:30,2463.270954297363,2483.9549088754325,2441.6468199657447,2446.582763671875,1123374
2022-10-19 00:00:00+05:30,2458.852227841982,2460.9205774535426,2424.1594561917627,2428.484375,1241979
2022-10-20 00:00:00+05:30,2414.522347970824,2453.8689593051386,2414.522347970824,2445.313232421875,1428125
2022-10-21 00:00:00+05:30,2450.1085460353065,2507.2244685877413,2450.1085460353065,2495.14306640625,2458302
2022-10-24 00:00:00+05:30,2453.9631630864824,2482.0744447179154,2397.458270466168,2419.176513671875,719908
2022-10-25 00:00:00+05:30,2431.304950498523,2431.304950498523,2350.4494881076207,2355.5263671875,2923789
2022-10-27 00:00:00+05:30,2344.8082508482407,2378.654721189274,2339.1671724580688,2368.312744140625,1846329
2022-10-28 00:00:00+05:30,2374.988203682049,2398.3044782988304,2361.731577139249,2373.248779296875,1164951
2022-10-31 00:00:00+05:30,2392.7574763820476,2418.1423297660617,2389.98399201212,2398.116455078125,1324443
2022-11-01 00:00:00+05:30,2431.5273479495604,2438.0108823159662,2411.272599879386,2415.247802734375,1280132
2022-11-02 00:00:00+05:30,2426.7949782049504,2426.7949782049504,2367.5447431708913,2383.54052734375,1338284
2022-11-03 00:00:00+05:30,2381.0793651090025,2412.597455763985,2374.075447663952,2410.08935546875,730444
2022-11-04 00:00:00+05:30,2408.764421563361,2409.7582801093517,2380.6537761370964,2385.48095703125,889055
2022-11-07 00:00:00+05:30,2395.655665189773,2415.4371702744916,2382.3100930959617,2397.2646484375,1283685
2022-11-09 00:00:00+05:30,2375.6845673603025,2408.716901782784,2359.262910290921,2374.548828125,1436444
2022-11-10 00:00:00+05:30,2370.0059080941123,2402.186499497946,2367.2138147610717,2379.09228515625,1459152
2022-11-11 00:00:00+05:30,2408.811812405041,2410.5155369158833,2361.487415304746,2369.106689453125,1162847
2022-11-14 00:00:00+05:30,2372.6562336621487,2379.2342792383424,2323.7699883938017,2326.2783203125,2137131
2022-11-15 00:00:00+05:30,2326.277889055226,2336.8785067832846,2313.3581912286645,2325.993896484375,1558333
2022-11-16 00:00:00+05:30,2331.7205465485586,2350.1296918380563,2298.1675933374295,2345.25537109375,1330395
2022-11-17 00:00:00+05:30,2347.2427399056714,2364.3268935785063,2322.9180458627097,2328.3603515625,960476
2022-11-18 00:00:00+05:30,2337.824911151664,2355.382306395984,2317.8067862254925,2350.791748046875,1075675
2022-11-21 00:00:00+05:30,2350.7921309777334,2377.577786813517,2337.872662584153,2367.544921875,1354881
2022-11-22 00:00:00+05:30,2371.804205296685,2388.935730660975,2363.380554461353,2381.079833984375,921265
2022-11-23 00:00:00+05:30,2386.0962264654327,2389.8821784312645,2368.112954627732,2373.1767578125,734152
2022-11-24 00:00:00+05:30,2382.310008851373,2423.0089879457746,2376.772962288305,2412.739501953125,999929
2022-11-25 00:00:00+05:30,2418.276681007505,2418.6551837521515,2383.4458786822634,2401.665771484375,783480
2022-11-28 00:00:00+05:30,2391.7750135620254,2406.4455765656708,2386.853322511518,2390.0712890625,830905
2022-11-29 00:00:00+05:30,2391.964314183493,2498.680831133064,2391.964314183493,2493.238525390625,2542932
2022-11-30 00:00:00+05:30,2493.049076779488,2553.624301120372,2482.637710095899,2540.704833984375,3698270
2022-12-01 00:00:00+05:30,2536.5873985539974,2539.4268620598414,2505.2114192448735,2520.355224609375,1675569
2022-12-02 00:00:00+05:30,2517.657859580169,2517.657859580169,2467.635880729102,2475.16064453125,2101890
2022-12-05 00:00:00+05:30,2460.8686163125462,2484.530814546321,2446.8131781312222,2479.656494140625,1640511
2022-12-06 00:00:00+05:30,2467.304954052851,2517.6106986070267,2464.512860680038,2512.499755859375,1484562
2022-12-07 00:00:00+05:30,2517.705436863666,2574.2580945547784,2514.108736268077,2562.474365234375,2368561
2022-12-08 00:00:00+05:30,2550.832155786268,2565.975961560979,2542.029772464489,2560.675537109375,1314703
2022-12-09 00:00:00+05:30,2578.895753633309,2594.891539145615,2566.165536513877,2576.576904296875,1883397
2022-12-12 00:00:00+05:30,2557.5995492152956,2578.233031586393,2544.7745919949284,2571.84423828125,1163204
2022-12-13 00:00:00+05:30,2571.607780521879,2574.447244394373,2553.435257953151,2565.266357421875,1265839
2022-12-14 00:00:00+05:30,2574.4472108229606,2574.4472108229606,2528.400664721609,2540.98876953125,886858
2022-12-15 00:00:00+05:30,2525.56131202255,2539.663890595482,2506.7260624394216,2520.734130859375,990722
2022-12-16 00:00:00+05:30,2525.2298150780803,2543.875581215562,2511.3164886240284,2528.353271484375,1793864
2022-12-19 00:00:00+05:30,2528.3534845371473,2574.4474047226445,2528.3534845371473,2572.649169921875,1546941
2022-12-20 00:00:00+05:30,2561.1961967536704,2561.2435673627783,2511.268961210893,2531.42919921875,827567
2022-12-21 00:00:00+05:30,2544.112235934674,2550.9269029512657,2508.2878057158546,2523.526123046875,779092
2022-12-22 00:00:00+05:30,2533.27524642942,2544.6331029424605,2500.6214089544283,2503.792236328125,852567
2022-12-23 00:00:00+05:30,2491.155980434474,2507.7668881453783,2468.4876430131476,2480.83935546875,1189702
2022-12-26 00:00:00+05:30,2480.6974733525367,2496.69325788262,2467.25739107319,2477.384765625,605144
2022-12-27 00:00:00+05:30,2484.5309741561628,2493.901112828227,2437.4431966459647,2454.47998046875,870960
2022-12-28 00:00:00+05:30,2454.2430850922087,2463.8027051583895,2440.140508040262,2445.34619140625,822651
2022-12-29 00:00:00+05:30,2442.175034103442,2445.0618679764557,2403.510916813729,2430.6279296875,1345863
2022-12-30 00:00:00+05:30,2441.8914589151973,2448.043630384934,2418.4658829342757,2424.0029296875,696432
2023-01-02 00:00:00+05:30,2436.16519182867,2441.9862312468067,2402.233738166701,2421.49462890625,681703
2023-01-03 00:00:00+05:30,2413.5914341945836,2424.9019180028267,2399.346745564858,2406.01953125,821843
2023-01-04 00:00:00+05:30,2414.0172721230715,2421.4944337407533,2391.8221781574375,2400.387939453125,1672649
2023-01-05 00:00:00+05:30,2401.760590653467,2453.2494437087807,2401.7132200398096,2445.44091796875,2008493
2023-01-06 00:00:00+05:30,2441.9389358938606,2472.131809376192,2437.111754869187,2438.578857421875,991782
2023-01-09 00:00:00+05:30,2450.7885082578377,2488.7425339679457,2432.4738751719024,2483.631591796875,1267078
2023-01-10 00:00:00+05:30,2483.6318064128836,2511.3639501772454,2475.1607852880243,2502.372314453125,1413088
2023-01-11 00:00:00+05:30,2502.5142459691024,2506.1583171616658,2449.605659749921,2454.47998046875,1471687
2023-01-12 00:00:00+05:30,2447.712590671319,2463.3296419148805,2435.076884052882,2451.451171875,1703829
2023-01-13 00:00:00+05:30,2451.5926505561647,2498.017923308582,2429.302816676294,2483.583984375,1348015
2023-01-16 00:00:00+05:30,2487.3227919121446,2487.3227919121446,2445.7246955692203,2458.123779296875,930068
2023-01-17 00:00:00+05:30,2466.026723011459,2531.854999206043,2462.5721347887907,2524.8037109375,1892865
2023-01-18 00:00:00+05:30,2525.230019063546,2549.3654633986735,2517.658114958408,2542.4560546875,2038075
2023-01-19 00:00:00+05:30,2527.2176659301786,2535.9253091933156,2472.131880238682,2507.95654296875,1649842
2023-01-20 00:00:00+05:30,2413.543949622977,2465.6007799089625,2400.34049070203,2412.36083984375,4569549
2023-01-23 00:00:00+05:30,2423.0093539601016,2464.6548272312907,2415.437449728976,2457.46142578125,1388360
2023-01-24 00:00:00+05:30,2464.654504542396,2470.333431972217,2442.6960313623167,2461.341796875,1462462
2023-01-25 00:00:00+05:30,2461.3416093590013,2500.620854422796,2455.189438445395,2482.0224609375,1591810
2023-01-27 00:00:00+05:30,2494.4689942843343,2504.9277323557003,2440.2351884893287,2472.368408203125,1581382
2023-01-30 00:00:00+05:30,2470.33326482331,2470.33326482331,2394.803488901991,2430.72265625,2744039
2023-01-31 00:00:00+05:30,2430.581023515572,2451.593009512975,2405.215100575178,2438.86279296875,2366794
2023-02-01 00:00:00+05:30,2461.0576512823754,2463.707863466756,2410.562663337218,2436.496337890625,2014615
2023-02-02 00:00:00+05:30,2432.0006824744128,2498.4914580898353,2425.848511065157,2493.853759765625,1980667
2023-02-03 00:00:00+05:30,2498.728240030675,2515.244408886857,2490.351729068288,2507.010009765625,1638238
2023-02-06 00:00:00+05:30,2490.209630484625,2503.460460901495,2460.6318840183976,2496.45654296875,1697446
2023-02-07 00:00:00+05:30,2503.4608609589454,2503.981475595175,2456.420451677146,2462.004638671875,1495745
2023-02-08 00:00:00+05:30,2453.9592495561014,2467.9673173617275,2440.3772861867856,2444.589111328125,1061956
2023-02-09 00:00:00+05:30,2448.5645101996456,2460.77411323944,2428.6882617596793,2448.280517578125,1102484
2023-02-10 00:00:00+05:30,2446.671168862906,2448.232781433851,2418.607895662112,2439.572509765625,1523011
2023-02-13 00:00:00+05:30,2423.0087659821775,2452.11326580794,2413.5438879900594,2442.885009765625,1146525
2023-02-14 00:00:00+05:30,2446.671245013033,2462.7615394676645,2432.663177743183,2441.560302734375,1944364
2023-02-15 00:00:00+05:30,2413.54425096214,2434.177734303244,2401.2399077219407,2412.0771484375,2009134
2023-02-16 00:00:00+05:30,2423.009482560239,2424.8077174801,2387.8475428512183,2391.8701171875,1982857
2023-02-17 00:00:00+05:30,2389.8820161677286,2409.9948846206253,2372.750492255035,2380.890380859375,1395341
2023-02-20 00:00:00+05:30,2383.256916005494,2406.9191173161125,2373.9812868764943,2377.057373046875,632091
2023-02-21 00:00:00+05:30,2392.7215901185214,2407.8180270371454,2377.8617751925913,2381.505615234375,862797
2023-02-22 00:00:00+05:30,2381.5056244960197,2388.5097741526906,2349.8930185796685,2360.58837890625,885515
2023-02-23 00:00:00+05:30,2358.647968348811,2381.268937894084,2347.3848541888447,2357.3701171875,757215
2023-02-24 00:00:00+05:30,2358.8370397311774,2376.8676799947484,2339.670660230971,2351.26513671875,732783
2023-02-27 00:00:00+05:30,2353.915363623792,2353.915363623792,2324.574239268208,2336.073974609375,853991
2023-02-28 00:00:00+05:30,2337.5884740548054,2341.942410793656,2305.3131444686555,2328.975341796875,1780454
2023-03-01 00:00:00+05:30,2326.4675967356184,2337.8254531883554,2317.0027163583377,2334.276123046875,967339
2023-03-02 00:00:00+05:30,2334.275854509554,2337.825184242716,2313.216498092793,2323.959228515625,827174
2023-03-03 00:00:00+05:30,2334.039045110785,2356.660012363278,2324.242803403406,2338.771484375,1176008
2023-03-06 00:00:00+05:30,2349.1356616034195,2365.131446197715,2343.125601919311,2351.880615234375,1214503
2023-03-08 00:00:00+05:30,2353.9154220908404,2367.5447555060214,2335.1749153378546,2352.1171875,1448340
2023-03-09 00:00:00+05:30,2351.8803831278155,2358.6003080932005,2325.4258633473014,2329.68505859375,1038910
2023-03-10 00:00:00+05:30,2318.895605409248,2338.298609454509,2314.2579066288986,2333.518798828125,772024
2023-03-13 00:00:00+05:30,2334.039282464656,2355.3352613192606,2314.1630355336915,2323.72265625,1314549
2023-03-14 00:00:00+05:30,2330.253151777615,2339.7180305419433,2309.1937965269844,2311.749267578125,1250763
2023-03-15 00:00:00+05:30,2320.693689385896,2327.8870901657224,2264.945642108792,2277.3447265625,1738040
2023-03-16 00:00:00+05:30,2295.186035397131,2337.1628707375603,2278.9064879697203,2327.745361328125,1628035
2023-03-17 00:00:00+05:30,2339.386657074509,2350.318638214497,2309.24115698828,2316.434326171875,2127178
2023-03-20 00:00:00+05:30,2316.4343396815416,2381.9786252187464,2295.233103649422,2376.8203125,1561128
2023-03-21 00:00:00+05:30,2380.4171645941583,2388.2256900843777,2327.177218069935,2330.8212890625,1595161
2023-03-22 00:00:00+05:30,2340.2861195246614,2348.615028345868,2323.0598545484304,2343.83544921875,1063244
2023-03-23 00:00:00+05:30,2342.557567219473,2366.2671354786817,2334.0391760659477,2352.1171875,1578627
2023-03-24 00:00:00+05:30,2339.9072311494,2364.231922830893,2337.8250040816397,2348.047119140625,1449326
2023-03-27 00:00:00+05:30,2352.022605917367,2370.952365321128,2332.146358543417,2365.2734375,1387736
2023-03-28 00:00:00+05:30,2375.495605438165,2378.9975647887627,2339.623571942456,2349.9404296875,1412387
2023-03-29 00:00:00+05:30,2352.0228629870344,2403.89045563756,2347.337793237771,2395.41943359375,2613254
2023-03-31 00:00:00+05:30,2421.8734735972384,2431.0069901140273,2381.8843567038157,2423.340576171875,2146167
2023-04-03 00:00:00+05:30,2432.473785279864,2432.473785279864,2380.464323907104,2400.387939453125,918048
2023-04-05 00:00:00+05:30,2378.0509696903587,2450.0314243612925,2368.112846234936,2444.541748046875,1489612
2023-04-06 00:00:00+05:30,2437.206284147805,2446.6711629211945,2416.383550846348,2427.97802734375,797414
2023-04-10 00:00:00+05:30,2427.9780108798127,2431.4799697869917,2389.8818740752467,2396.649169921875,853322
2023-04-11 00:00:00+05:30,2404.079512943406,2418.276832901733,2397.4540969628533,2411.414794921875,913184
2023-04-12 00:00:00+05:30,2419.222903450367,2419.222903450367,2383.871490423721,2393.620361328125,1109809
2023-04-13 00:00:00+05:30,2389.8820473081432,2425.233464279976,2389.8820473081432,2400.482666015625,1261711
2023-04-17 00:00:00+05:30,2435.3135382206806,2440.992466020651,2405.404426043704,2415.29541015625,1566977
2023-04-18 00:00:00+05:30,2423.009142554852,2423.009142554852,2394.6145041655373,2405.0732421875,1474786
2023-04-19 00:00:00+05:30,2411.651461400883,2411.651461400883,2375.9215388467683,2396.129150390625,1320243
2023-04-20 00:00:00+05:30,2383.0675156682732,2396.8861017243007,2347.290223307466,2359.216064453125,1401364
2023-04-21 00:00:00+05:30,2358.6482274576133,2375.211768380771,2352.6379358921654,2364.27978515625,1206288
2023-04-24 00:00:00+05:30,2368.112752095522,2370.8574746055406,2342.6523197332685,2365.983154296875,1735797
2023-04-25 00:00:00+05:30,2357.55939785529,2365.9830474479513,2345.444306932658,2357.1806640625,1701098
2023-04-26 00:00:00+05:30,2356.7551418739185,2383.2568061198904,2349.372489190163,2376.442138671875,1245903
2023-04-27 00:00:00+05:30,2379.4232551362525,2387.0425290910475,2325.5208144237527,2336.831298828125,2743893
2023-04-28 00:00:00+05:30,2305.691820276909,2335.74281012788,2289.554155889742,2325.8046875,3761927
2023-05-02 00:00:00+05:30,2339.5288942134157,2345.397073120602,2318.895411277431,2320.50439453125,1760370
2023-05-03 00:00:00+05:30,2325.473232269287,2356.754701327434,2321.40328837707,2352.96875,1258140
2023-05-04 00:00:00+05:30,2353.8683773711587,2375.0698480453902,2347.4322125044064,2372.60888671875,1150227
2023-05-05 00:00:00+05:30,2366.2195774861293,2385.149334106018,2361.2031457666326,2366.929443359375,1354871
2023-05-08 00:00:00+05:30,2371.6622108634474,2391.6331992928026,2363.5223219595014,2381.647705078125,972810
2023-05-09 00:00:00+05:30,2389.881958912603,2389.881958912603,2366.2671319100623,2381.17431640625,1651327
2023-05-10 00:00:00+05:30,2386.0960948435104,2399.3469259929784,2371.75689499437,2387.705078125,2025658
2023-05-11 00:00:00+05:30,2401.192342928406,2459.9219611676635,2388.5568685761714,2453.675048828125,1749356
2023-05-12 00:00:00+05:30,2455.1894631455966,2498.7279038952875,2447.9960631130207,2483.01611328125,2170011
2023-05-15 00:00:00+05:30,2496.787651862166,2527.832500479615,2482.685074908687,2519.787353515625,1561055
2023-05-16 00:00:00+05:30,2527.122601132833,2535.073006773357,2508.7608289707878,2532.706787109375,1477905
2023-05-17 00:00:00+05:30,2529.0159551986476,2530.9089312130177,2505.4011256346134,2519.314453125,839404
2023-05-18 00:00:00+05:30,2522.863753310702,2526.36571268063,2481.5496447162177,2486.944580078125,1434067
2023-05-19 00:00:00+05:30,2487.9852508272297,2507.246371441466,2461.4835904269426,2500.100341796875,1174757
2023-05-22 00:00:00+05:30,2493.9959704443727,2513.3516045310676,2482.685484649434,2496.93017578125,768232
2023-05-23 00:00:00+05:30,2491.1562560348934,2508.0037875682942,2484.530840460333,2487.654296875,703864
2023-05-24 00:00:00+05:30,2479.7983649267308,2496.835147586533,2468.440509820196,2475.0185546875,628872
2023-05-25 00:00:00+05:30,2470.3335907044107,2485.6192789214074,2442.4595663272125,2458.265869140625,1072231
2023-05-26 00:00:00+05:30,2464.418072314996,2514.5345645266775,2463.8029475598632,2510.41748046875,947073
2023-05-29 00:00:00+05:30,2527.122571156402,2536.1615763808218,2503.5077454052052,2508.476806640625,698267
2023-05-30 00:00:00+05:30,2513.398475530659,2522.3901100693683,2508.997399476377,2514.392333984375,948051
2023-05-31 00:00:00+05:30,2514.392344585625,2536.5874384568956,2496.8349487497353,2524.8037109375,3388305
2023-06-01 00:00:00+05:30,2524.2833995047145,2585.095251180072,2512.45229995698,2553.52978515625,1541080
2023-06-02 00:00:00+05:30,2564.9820639719082,2591.672975027533,2547.6139195584715,2571.323486328125,1509260
2023-06-05 00:00:00+05:30,2571.0871198698524,2576.3401741550915,2540.515513175117,2551.542236328125,1000190
2023-06-06 00:00:00+05:30,2555.517624592328,2562.9947874338136,2527.2648650899764,2547.14111328125,655372
2023-06-07 00:00:00+05:30,2546.0526472611928,2581.072702260696,2535.9726427796395,2570.8505859375,1428490
2023-06-08 00:00:00+05:30,2562.1428353437727,2575.914280987985,2531.7604802555584,2536.492919921875,923536
2023-06-09 00:00:00+05:30,2545.058335193154,2545.058335193154,2479.8927885118546,2495.131103515625,1413808
2023-06-12 00:00:00+05:30,2503.4602663884634,2514.818120149016,2492.102412627911,2501.9931640625,775484
2023-06-13 00:00:00+05:30,2488.8845837933386,2552.6777735038395,2486.896866845138,2532.706787109375,1787924
2023-06-14 00:00:00+05:30,2528.069189204348,2557.5050554214995,2510.0859190452757,2554.334228515625,1536248
2023-06-15 00:00:00+05:30,2568.7206407887165,2572.0807188537797,2534.8363297216165,2545.768310546875,1830192
2023-06-16 00:00:00+05:30,2545.7682768061213,2578.23285567541,2539.6161058950015,2570.32958984375,1748145
2023-06-19 00:00:00+05:30,2578.2973514074583,2587.266908519368,2552.5334622557184,2560.40576171875,1068263
2023-06-20 00:00:00+05:30,2547.762671710834,2557.6864481081543,2526.8653856788046,2553.58349609375,1129279
2023-06-21 00:00:00+05:30,2562.982347335304,2582.925647646169,2546.283528707355,2554.060546875,1201840
2023-06-22 00:00:00+05:30,2546.474480526261,2555.396514492259,2527.437872726074,2532.829345703125,830052
2023-06-23 00:00:00+05:30,2529.918956603175,2538.7454756382135,2507.160757581509,2520.6630859375,991214
2023-06-26 00:00:00+05:30,2521.187471642475,2551.7702109107204,2521.187471642475,2530.68212890625,758700
2023-06-27 00:00:00+05:30,2530.682460603956,2539.747534504064,2515.319452703655,2529.966796875,687747
2023-06-28 00:00:00+05:30,2531.4932719721824,2564.557074272448,2521.0446286769024,2539.413330078125,1397573
2023-06-30 00:00:00+05:30,2543.898134552068,2562.93474232793,2529.9666876744527,2555.53955078125,1160181
2023-07-03 00:00:00+05:30,2563.98430099116,2581.9714072296324,2537.6955430131725,2577.39111328125,980665
2023-07-04 00:00:00+05:30,2577.3913801023473,2582.7826203000327,2552.533946849682,2576.389404296875,721907
2023-07-05 00:00:00+05:30,2576.341195617382,2633.0694168998043,2572.6675955919104,2629.68212890625,1717547
2023-07-06 00:00:00+05:30,2633.5468688839683,2638.41347517002,2610.407076199385,2630.875244140625,1265020
2023-07-07 00:00:00+05:30,2627.0584210397765,2642.850547089924,2567.801373090765,2574.576416015625,1178930
2023-07-10 00:00:00+05:30,2585.836118257277,2587.219921184591,2529.6327526973287,2534.9287109375,1518183
2023-07-11 00:00:00+05:30,2535.453148594602,2592.3721682597725,2524.8612339064534,2561.5986328125,2476367
2023-07-12 00:00:00+05:30,2581.112437160341,2581.112437160341,2521.521558001949,2551.245361328125,2395826
2023-07-13 00:00:00+05:30,2562.028187364794,2564.413732937298,2529.8233221359947,2533.1630859375,1495067
2023-07-14 00:00:00+05:30,2533.449393693257,2563.5072678557194,2529.680278287794,2554.3466796875,1419016
2023-07-17 00:00:00+05:30,2547.7626951625157,2579.4426940677295,2547.7626951625157,2558.927001953125,912701
2023-07-18 00:00:00+05:30,2562.6006624771676,2577.4388016680173,2554.728362545665,2559.9765625,1215904
2023-07-19 00:00:00+05:30,2559.928745844099,2573.43083950197,2539.0789860492114,2549.289306640625,1166542
2023-07-20 00:00:00+05:30,2546.8562610316517,2591.943073242828,2536.502899857043,2579.490478515625,1430764
2023-07-21 00:00:00+05:30,2528.678216655866,2553.8219592785504,2473.333561347926,2484.7841796875,5198952
2023-07-24 00:00:00+05:30,2484.7845113270273,2486.6451904628643,2457.1121799796833,2462.121826171875,1777469
2023-07-25 00:00:00+05:30,2462.0738156481693,2468.180952061506,2444.9934026192527,2450.575439453125,1653775
2023-07-26 00:00:00+05:30,2461.4059065812685,2479.8223648804947,2454.5355819673705,2465.031982421875,1300033
2023-07-27 00:00:00+05:30,2443.7525862840444,2464.745384760518,2436.1188413835084,2452.197509765625,2276136
2023-07-28 00:00:00+05:30,2452.3407819867566,2475.003464310564,2447.760488019154,2466.2724609375,966450
2023-07-31 00:00:00+05:30,2457.1593755615845,2464.6498479007455,2437.073037877548,2443.561767578125,2003252
2023-08-01 00:00:00+05:30,2452.3407832060807,2455.9668589723788,2428.4853281165274,2434.30615234375,1758897
2023-08-02 00:00:00+05:30,2421.8056184609263,2455.632604639891,2419.8971821973637,2451.338623046875,2082908
2023-08-03 00:00:00+05:30,2440.842283719155,2443.800453185906,2421.042256996987,2434.496826171875,1475310
2023-08-04 00:00:00+05:30,2434.4971006515216,2441.796777177096,2418.991053879893,2429.439697265625,1359318
2023-08-07 00:00:00+05:30,2423.714508645127,2456.157931201794,2422.521735757014,2451.57763671875,803823
2023-08-08 00:00:00+05:30,2451.577350563966,2466.844841749746,2438.5523653314685,2448.380859375,1002061
2023-08-09 00:00:00+05:30,2448.380686023708,2451.3386224534675,2424.668272269319,2435.35546875,1212549
2023-08-10 00:00:00+05:30,2432.3498731332065,2434.5921460549325,2411.881939976849,2420.565185546875,1313334
2023-08-11 00:00:00+05:30,2418.9431818281623,2420.5175487019674,2384.591325991549,2387.26318359375,1472199
2023-08-14 00:00:00+05:30,2387.2630517958637,2423.7141391062746,2374.190309528014,2417.130126953125,1060479
2023-08-16 00:00:00+05:30,2417.9892389136767,2438.0755812755606,2408.82864979555,2435.73779296875,1155882
2023-08-17 00:00:00+05:30,2435.7374630154354,2443.418733131073,2417.034693167576,2426.8154296875,1532873
2023-08-18 00:00:00+05:30,2416.175870450372,2450.193654307578,2416.175870450372,2437.788818359375,1970819
2023-08-21 00:00:00+05:30,2437.788862086054,2457.0162649652852,2422.80768345719,2445.422607421875,977004
2023-08-22 00:00:00+05:30,2455.7762009551248,2457.112013330394,2436.119211663105,2448.333251953125,960025
2023-08-23 00:00:00+05:30,2457.1117829326636,2465.222637361762,2445.1840558310487,2456.205322265625,1136112
2023-08-24 00:00:00+05:30,2466.6540017781476,2473.0949745100634,2449.4303169912287,2463.07568359375,1143934
2023-08-25 00:00:00+05:30,2449.478041248532,2462.5507835787557,2434.6876596204243,2446.18603515625,802955
2023-08-28 00:00:00+05:30,2447.5695880082694,2450.432242497168,2422.7599157711484,2438.6953125,619841
2023-08-29 00:00:00+05:30,2441.7486907746006,2441.7486907746006,2406.6336498016562,2410.498046875,958564
2023-08-30 00:00:00+05:30,2410.4982027140945,2419.897345130354,2404.629853993885,2416.03271484375,1227377
2023-08-31 00:00:00+05:30,2416.1283950070488,2423.5235865317863,2377.053203801286,2390.364501953125,3235414
2023-09-01 00:00:00+05:30,2390.364531130726,2399.381847216979,2385.545682259872,2390.1259765625,813413
2023-09-04 00:00:00+05:30,2398.904344969331,2398.904344969331,2377.9115464055576,2386.881103515625,1143301
2023-09-05 00:00:00+05:30,2395.087602081513,2407.9217898505804,2387.549371738417,2392.272705078125,844088
2023-09-06 00:00:00+05:30,2398.379543497772,2410.4505427775584,2392.6542346431925,2407.969482421875,1094146
2023-09-07 00:00:00+05:30,2395.0873554052546,2406.3949327187215,2385.545174706429,2392.654052734375,1894798
2023-09-08 00:00:00+05:30,2389.362481808183,2405.631949453119,2387.0246937042134,2398.7138671875,1018234
2023-09-11 00:00:00+05:30,2398.7138336529692,2422.6645714527635,2394.1812970595506,2420.135986328125,1121083
2023-09-12 00:00:00+05:30,2432.302191730767,2432.302191730767,2374.0948815324236,2384.4482421875,3946716
2023-09-13 00:00:00+05:30,2379.820169401867,2394.1334422731693,2377.9117330190265,2391.795654296875,1231305
2023-09-14 00:00:00+05:30,2396.0415714619453,2398.904225669188,2378.961161210757,2386.30859375,2081195
2023-09-15 00:00:00+05:30,2361.499174212782,2376.003243807194,2353.102007722305,2356.632568359375,3750697
2023-09-18 00:00:00+05:30,2358.207299000642,2378.8182728429147,2349.2852654286894,2374.715087890625,1499641
2023-09-20 00:00:00+05:30,2337.500590177752,2366.4612065970864,2333.0635686007568,2353.913330078125,1795159
2023-09-21 00:00:00+05:30,2353.1021255686346,2369.323835274501,2331.0595915476433,2360.11572265625,2223720
2023-09-22 00:00:00+05:30,2355.010422285743,2376.003221836102,2345.4682406719435,2368.798828125,1176741
2023-09-25 00:00:00+05:30,2368.7991658286273,2385.25943145906,2347.3770116443197,2362.50146484375,1122778
2023-09-26 00:00:00+05:30,2360.735651228966,2375.048923164469,2348.5693700837887,2365.458984375,1263548
2023-09-27 00:00:00+05:30,2362.64445552176,2390.1259885114714,2355.9649275780394,2387.215576171875,1086791
2023-09-28 00:00:00+05:30,2385.5455974908296,2386.499815729826,2340.888137313114,2347.7109375,1612346
2023-09-29 00:00:00+05:30,2352.67270148226,2359.5907833495717,2338.3116711512257,2352.720458984375,1249567
2023-10-03 00:00:00+05:30,2376.003237145213,2384.5912006529666,2349.0943314136016,2355.869140625,1585626
2023-10-04 00:00:00+05:30,2354.103984851398,2396.0895843663584,2352.290830548836,2393.0361328125,1587335
2023-10-05 00:00:00+05:30,2402.7213546953185,2409.2100848511195,2381.108406306482,2404.200439453125,1909928
2023-10-06 00:00:00+05:30,2404.581885046769,2404.629642545056,2379.8199716299087,2384.97265625,1083342
2023-10-09 00:00:00+05:30,2371.232140661084,2401.290012866647,2367.41526800006,2396.328125,1468771
2023-10-10 00:00:00+05:30,2397.1867895098962,2405.440916284318,2388.742098661599,2401.003662109375,1092373
2023-10-11 00:00:00+05:30,2403.0554655876986,2446.5676751580454,2401.0515142086524,2439.36328125,1697398
2023-10-12 00:00:00+05:30,2438.0275986797883,2450.003084162273,2422.950903923054,2439.93603515625,1625010
2023-10-13 00:00:00+05:30,2436.1668326066474,2458.7339999485785,2426.290581008693,2451.81591796875,1531977
2023-10-16 00:00:00+05:30,2442.7986380497687,2463.7914388455088,2435.737516422029,2441.176513671875,954899
2023-10-17 00:00:00+05:30,2441.1767091109923,2452.3410165625755,2429.8691291371815,2439.125,1253538
2023-10-18 00:00:00+05:30,2452.38842825818,2453.5334434572896,2423.2847743834313,2431.58642578125,1084689
2023-10-19 00:00:00+05:30,2409.4010688685216,2437.4549920889817,2409.4010688685216,2431.443603515625,1272343
2023-10-20 00:00:00+05:30,2404.6301428141746,2427.10203062245,2371.2802594499785,2380.917724609375,3608160
2023-10-23 00:00:00+05:30,2379.820071849205,2395.03980478579,2366.7950872556053,2369.80078125,922707
2023-10-25 00:00:00+05:30,2361.7377747002747,2376.003290029655,2352.1478353104817,2363.884765625,1435836
2023-10-26 00:00:00+05:30,2348.3307690548295,2376.003094248893,2343.2256089802177,2363.025634765625,2650560
2023-10-27 00:00:00+05:30,2354.342761123986,2380.774560351634,2351.0507547173906,2368.41748046875,1784812
2023-10-30 00:00:00+05:30,2357.873389803433,2377.911973852754,2349.667019340712,2365.41162109375,875135
2023-10-31 00:00:00+05:30,2357.1098180449,2377.9118219888537,2354.8197874851803,2370.278076171875,920414
2023-11-01 00:00:00+05:30,2371.232199879601,2379.772406079239,2353.8654754309146,2359.06591796875,1267131
2023-11-02 00:00:00+05:30,2379.011355660792,2399.196906557308,2367.7651670957143,2390.353759765625,1595123
2023-11-03 00:00:00+05:30,2400.1579574519587,2415.05681541772,2389.3923779852994,2411.932861328125,1125583
2023-11-06 00:00:00+05:30,2417.4597423101177,2420.1030879528025,2394.4867595025,2400.542236328125,1338677
2023-11-07 00:00:00+05:30,2399.1968939487215,2408.0400406939307,2388.863814377428,2399.62939453125,1473411
2023-11-08 00:00:00+05:30,2401.1192872588317,2427.072137841694,2400.830875317947,2421.641357421875,745022
2023-11-09 00:00:00+05:30,2422.3143483193016,2424.188674071027,2377.1371604995797,2380.6455078125,1823094
2023-11-10 00:00:00+05:30,2380.9336154108005,2392.0838222948596,2369.7355354324045,2390.11328125,771062
2023-11-13 00:00:00+05:30,2381.1257095257197,2390.7378755052937,2375.1662135527877,2382.038818359375,760809
2023-11-15 00:00:00+05:30,2404.8678522745317,2405.973392229623,2379.972434809914,2389.968994140625,1457029
2023-11-16 00:00:00+05:30,2384.0091379355845,2408.616374427024,2379.347378671604,2394.58251953125,1420578
2023-11-17 00:00:00+05:30,2369.3989427459933,2435.242280505872,2369.3989427459933,2430.724609375,1756043
2023-11-20 00:00:00+05:30,2436.1555216090155,2436.203629376514,2403.0416545438093,2409.241455078125,944231
2023-11-21 00:00:00+05:30,2407.8478305909152,2419.38243097698,2401.1193136990446,2408.088134765625,1088806
2023-11-22 00:00:00+05:30,2410.4911628137966,2426.3512382545014,2406.8866002136365,2424.09228515625,816610
2023-11-23 00:00:00+05:30,2409.001299729014,2429.7155670052152,2409.001299729014,2422.169921875,1023670
2023-11-24 00:00:00+05:30,2417.5561187464655,2422.0737901202465,2410.2026704841705,2417.652099609375,735137
2023-11-28 00:00:00+05:30,2433.5603641585562,2433.5603641585562,2403.041734135041,2413.1826171875,1880641
2023-11-29 00:00:00+05:30,2414.576436013944,2430.5806007675874,2410.827784619846,2427.120361328125,1265214
2023-11-30 00:00:00+05:30,2418.565283786909,2455.4280377646614,2418.565283786909,2446.8251953125,3095684
2023-12-01 00:00:00+05:30,2448.6993458061406,2481.81321151669,2443.412654382418,2464.222900390625,1345599
2023-12-04 00:00:00+05:30,2477.055438111999,2507.2375486501332,2475.1330047102824,2501.374267578125,2188039
2023-12-05 00:00:00+05:30,2534.728603442285,2534.728603442285,2457.1584576206137,2463.8388671875,3108717
2023-12-06 00:00:00+05:30,2470.3268241208075,2483.495445470624,2463.5983074792334,2468.06787109375,1573754
2023-12-07 00:00:00+05:30,2452.159799899551,2460.522337513956,2401.6959276222537,2420.583740234375,3925967
2023-12-08 00:00:00+05:30,2421.304988577959,2435.6751320283192,2411.020016307216,2424.47705078125,1605805
2023-12-11 00:00:00+05:30,2424.4768807268692,2431.8300944655984,2402.0804851315706,2406.550048828125,2012243
2023-12-12 00:00:00+05:30,2403.041468837404,2420.3433674130333,2400.157819074799,2405.684814453125,1677929
2023-12-13 00:00:00+05:30,2410.5872408203054,2419.093867268127,2401.1672708282504,2414.47998046875,1513205
2023-12-14 00:00:00+05:30,2423.5636515244564,2426.879801973957,2404.19499556596,2418.757568359375,2166569
2023-12-15 00:00:00+05:30,2422.266032295193,2433.8006324489797,2409.770215461924,2425.053466796875,2543337
2023-12-18 00:00:00+05:30,2422.410025603624,2445.81574469679,2417.459853767902,2437.164794921875,1969036
2023-12-19 00:00:00+05:30,2436.732579438428,2467.395300025681,2436.6844716663104,2461.3876953125,1656220
2023-12-20 00:00:00+05:30,2473.1622733895497,2473.1622733895497,2448.218748854472,2458.3115234375,1468642
2023-12-21 00:00:00+05:30,2443.6531907149297,2479.9391216617246,2437.64558625354,2454.178466796875,1945695
2023-12-22 00:00:00+05:30,2459.945622811475,2479.6986720564782,2448.02663012791,2475.709716796875,1174984
2023-12-26 00:00:00+05:30,2475.7098438144135,2491.137184220364,2467.4913940371575,2484.5048828125,893776
2023-12-27 00:00:00+05:30,2485.70617985684,2510.697811982238,2480.803881224971,2507.141357421875,1073278
2023-12-28 00:00:00+05:30,2512.476361686574,2537.612084487968,2505.747844795886,2531.652587890625,1635216
2023-12-29 00:00:00+05:30,2531.6524684122573,2563.6610299017602,2519.5891524788576,2560.633056640625,1305681
2024-01-01 00:00:00+05:30,2560.536959940054,2565.8715243869406,2535.689416707376,2551.789794921875,526353
2024-01-02 00:00:00+05:30,2545.3017864073136,2551.020978758828,2505.8919022522155,2512.42822265625,1310629
2024-01-03 00:00:00+05:30,2498.2019960981333,2526.654101927123,2494.8858456925855,2505.459228515625,1008270
2024-01-04 00:00:00+05:30,2505.4592299572364,2521.2711964354744,2487.676722471893,2492.002197265625,1376844
2024-01-05 00:00:00+05:30,2494.357266422686,2527.903634441405,2494.357266422686,2518.435791015625,1150738
2024-01-08 00:00:00+05:30,2523.145606704356,2524.1549311245517,2466.9625402631996,2478.2568359375,1189828
2024-01-09 00:00:00+05:30,2482.3899397018035,2488.589739743586,2471.816557261796,2479.698486328125,1017205
2024-01-10 00:00:00+05:30,2479.9387100349245,2493.684153695489,2465.520461720768,2477.439453125,881278
2024-01-11 00:00:00+05:30,2479.9389831324256,2488.5899330735856,2433.6564948160362,2437.837646484375,2399600
2024-01-12 00:00:00+05:30,2435.242673190135,2455.9088336296804,2414.4324241047198,2445.33544921875,2979841
2024-01-15 00:00:00+05:30,2447.2575424625093,2478.7373871269424,2432.839292997883,2473.402587890625,1391204
2024-01-16 00:00:00+05:30,2473.4030062534785,2484.361018503301,2457.2066440852386,2469.462158203125,1599406
2024-01-17 00:00:00+05:30,2450.1413789463877,2471.6246661535556,2441.250124432753,2463.502197265625,3047652
2024-01-18 00:00:00+05:30,2470.326697141447,2470.326697141447,2439.13526496214,2449.179931640625,1273095
2024-01-19 00:00:00+05:30,2465.5206365167164,2474.123478353003,2433.8004879767354,2465.905029296875,1323064
2024-01-23 00:00:00+05:30,2355.9419607074965,2384.2978512994473,2273.709831056434,2283.418212890625,4369332
2024-01-24 00:00:00+05:30,2295.385170559978,2351.0395161281167,2275.343711194449,2346.954345703125,1551469
2024-01-25 00:00:00+05:30,2359.5948011333753,2372.2828146337984,2326.3366094581024,2334.12255859375,2364765
2024-01-29 00:00:00+05:30,2316.5321412883522,2354.019590877666,2316.5321412883522,2349.597900390625,1587091
2024-01-30 00:00:00+05:30,2358.825602569055,2397.8029837268405,2352.385498102803,2363.295166015625,1793711
2024-01-31 00:00:00+05:30,2354.9809389194415,2389.488524931115,2347.050901063896,2385.307373046875,1445004
2024-02-01 00:00:00+05:30,2379.107596563783,2414.143899058984,2372.6193837064475,2377.665771484375,1727534
2024-02-02 00:00:00+05:30,2380.933818741072,2390.4497704134455,2347.291233494428,2357.480224609375,1956115
2024-02-05 00:00:00+05:30,2368.4379617431287,2369.1588742720683,2319.175605598918,2325.663818359375,1315445
2024-02-06 00:00:00+05:30,2330.902202799705,2346.666296218703,2324.2699019704123,2332.248046875,1557511
2024-02-07 00:00:00+05:30,2345.272345774969,2345.272345774969,2318.021995302354,2331.3828125,1149076
2024-02-08 00:00:00+05:30,2347.0987042291736,2347.0987042291736,2305.9585874560375,2323.30859375,1758661
2024-02-09 00:00:00+05:30,2323.3085597899685,2334.2663348301853,2312.7832852722836,2330.133056640625,886474
2024-02-12 00:00:00+05:30,2330.085433702878,2335.6124295793047,2289.6181178518773,2293.12646484375,1292460
2024-02-13 00:00:00+05:30,2297.307721411276,2307.8329964640893,2287.7917707436964,2301.152587890625,957865
2024-02-14 00:00:00+05:30,2292.5016161364383,2301.152565631293,2278.083366978348,2295.337158203125,1397975
2024-02-15 00:00:00+05:30,2276.4975610105416,2292.213312532259,2255.735187373002,2259.67626953125,2553695
2024-02-16 00:00:00+05:30,2278.0353875552187,2289.618095299179,2266.1645025494804,2283.1298828125,2363302
2024-02-19 00:00:00+05:30,2296.8273124965353,2302.0658965950224,2281.7362571893896,2294.568359375,576683
2024-02-20 00:00:00+05:30,2278.179717292503,2315.042235684377,2276.3532648212054,2310.861083984375,1032995
2024-02-21 00:00:00+05:30,2310.8609790349888,2328.835682964777,2301.2488127974525,2313.74462890625,1127778
2024-02-22 00:00:00+05:30,2326.4328201820526,2326.4328201820526,2273.9984023925185,2295.481689453125,2258516
2024-02-23 00:00:00+05:30,2295.9139801782985,2312.2065547793372,2291.4922899045896,2301.248779296875,1210775
2024-02-26 00:00:00+05:30,2298.365221895274,2313.2159721788876,2287.6956232290477,2311.005126953125,831596
2024-02-27 00:00:00+05:30,2310.8131275245664,2315.5229956344447,2296.490857439168,2312.0146484375,1120424
2024-02-28 00:00:00+05:30,2317.5896100629743,2330.9504279253597,2307.8812278139335,2327.63427734375,629152
2024-02-29 00:00:00+05:30,2330.950324169719,2334.6029942925143,2304.276562728189,2318.742919921875,2848084
2024-03-01 00:00:00+05:30,2323.2124728690296,2344.2151499760976,2310.764764520349,2316.24365234375,2326244
2024-03-04 00:00:00+05:30,2322.491790623974,2333.737979307242,2311.1493863999403,2328.06689453125,1501261
2024-03-05 00:00:00+05:30,2311.726050801106,2326.1443005982023,2298.365233191277,2306.77587890625,1587199
2024-03-06 00:00:00+05:30,2310.7648111688027,2315.4268057589834,2283.1779404324334,2307.68896484375,1354111
2024-03-07 00:00:00+05:30,2311.678056369801,2331.911714844805,2309.803730738692,2325.7119140625,1820704
2024-03-11 00:00:00+05:30,2315.5707781505157,2319.4156445318367,2291.1078627337656,2297.16357421875,2040761
2024-03-12 00:00:00+05:30,2287.695580963652,2292.5016641169373,2269.2402685894435,2285.917236328125,1012157
2024-03-13 00:00:00+05:30,2282.889491692188,2282.889491692188,2214.499022473042,2222.90966796875,2322669
2024-03-14 00:00:00+05:30,2215.460202274312,2250.880893627091,2212.576552438003,2244.056396484375,2292515
2024-03-15 00:00:00+05:30,2239.6827809990023,2246.315081656082,2226.081425334729,2237.423828125,2751403
2024-03-18 00:00:00+05:30,2230.791705677831,2234.8287687773436,2207.914701884541,2210.750244140625,2487402
2024-03-19 00:00:00+05:30,2194.6981534613324,2214.5471855616215,2159.7099574862964,2179.0302734375,4220638
2024-03-20 00:00:00+05:30,2162.737352291352,2177.588101842682,2153.1251862811687,2154.99951171875,2995013
2024-03-21 00:00:00+05:30,2147.3577811103855,2171.5322835687643,2147.3577811103855,2155.384033203125,3504486
2024-03-22 00:00:00+05:30,2152.2123983800566,2178.117142705983,2145.483881169579,2169.03369140625,3507809
2024-03-26 00:00:00+05:30,2145.531969936937,2171.5326949037612,2145.435754394531,2153.12548828125,3027027
2024-03-27 00:00:00+05:30,2162.7374926298353,2175.233309253919,2149.2804593423607,2152.8369140625,2168861
2024-03-28 00:00:00+05:30,2157.9316119480163,2199.16771681085,2153.221743723947,2176.53125,3186360
2024-04-01 00:00:00+05:30,2181.9616233862357,2205.9920377407097,2174.271890792804,2197.244873046875,1427873
2024-04-02 00:00:00+05:30,2208.8759556978766,2208.8759556978766,2188.738512957842,2198.01416015625,1221495
2024-04-03 00:00:00+05:30,2193.3525442908262,2193.3525442908262,2173.359188870415,2177.34814453125,1175309
2024-04-04 00:00:00+05:30,2181.9616124847544,2193.496211317273,2162.0163686701912,2177.107421875,1890255
2024-04-05 00:00:00+05:30,2177.1078399295957,2192.054807387964,2170.5236459682587,2179.0302734375,1153449
2024-04-08 00:00:00+05:30,2188.6904782733186,2200.1769711787706,2179.2705074534983,2180.95263671875,1127294
2024-04-09 00:00:00+05:30,2182.9230510856314,2186.3835249561675,2168.2644969116745,2176.338623046875,1189343
2024-04-10 00:00:00+05:30,2188.5943116618496,2188.5943116618496,2170.1389971020412,2173.21484375,2308993
2024-04-12 00:00:00+05:30,2173.2147783557252,2177.011772119853,2142.1676661805636,2145.72412109375,3388551
2024-04-15 00:00:00+05:30,2141.3023671874134,2141.350474956183,2105.064545013597,2108.95751953125,4909564
2024-04-16 00:00:00+05:30,2098.336126600455,2144.714833933699,2087.810850316233,2134.670166015625,2821129
2024-04-18 00:00:00+05:30,2129.1431362105322,2150.9146009846795,2123.3758359077597,2128.90283203125,3392171
2024-04-19 00:00:00+05:30,2133.901062005108,2156.7299585017845,2110.831861334783,2145.05126953125,2337694
2024-04-22 00:00:00+05:30,2162.7374802639833,2166.149846333918,2142.600038215488,2154.567138671875,1804108
2024-04-23 00:00:00+05:30,2165.6210578207865,2185.3259986487164,2161.4877793956443,2174.992919921875,1991778
2024-04-24 00:00:00+05:30,2178.1649470249645,2180.375792163384,2158.555987368747,2172.58984375,1404398
2024-04-25 00:00:00+05:30,2151.251035420177,2152.981272376825,2129.1911595710244,2144.330322265625,4951866
2024-04-26 00:00:00+05:30,2157.931283085826,2167.543449157478,2132.5552585254745,2136.447998046875,2307512
2024-04-29 00:00:00+05:30,2147.357921699967,2147.357921699967,2133.900889066216,2139.764404296875,1395292
2024-04-30 00:00:00+05:30,2145.4838414125384,2153.3657716357725,2138.7072165560066,2143.94580078125,2119102
2024-05-02 00:00:00+05:30,2119.530932225164,2156.2012554778817,2119.530932225164,2139.956787109375,2140383
2024-05-03 00:00:00+05:30,2145.4355717304093,2148.9439186486993,2118.521505418379,2131.0654296875,2595307
2024-05-06 00:00:00+05:30,2138.706867307371,2173.7912720969075,2126.2110519028784,2168.69677734375,1619256
2024-05-07 00:00:00+05:30,2178.1170177945423,2296.9234944521527,2171.3885009699343,2287.118896484375,8277810
2024-05-08 00:00:00+05:30,2274.623049604483,2280.246261031328,2234.8287730626357,2250.25634765625,1813439
2024-05-09 00:00:00+05:30,2249.823499834582,2270.4896551914408,2229.4936294593995,2235.453125,1558987
2024-05-10 00:00:00+05:30,2230.983765948245,2279.0445967528176,2230.983765948245,2270.92236328125,2610266
2024-05-13 00:00:00+05:30,2281.928283164871,2289.2814965269827,2256.840435214087,2269.095947265625,1170617
2024-05-14 00:00:00+05:30,2269.0479919382315,2280.294179184719,2255.735048205718,2258.474609375,689430
2024-05-15 00:00:00+05:30,2258.426515900026,2264.4341196671453,2227.763565469436,2233.194580078125,812282
2024-05-16 00:00:00+05:30,2246.363269783034,2257.032868270841,2212.095990708857,2252.274658203125,1880021
2024-05-17 00:00:00+05:30,2260.6853282003162,2260.6853282003162,2225.3127434849703,2230.359130859375,1264582
2024-05-21 00:00:00+05:30,2217.5267973053774,2234.636500499877,2212.4804099252933,2221.083251953125,1663959
2024-05-22 00:00:00+05:30,2221.3718390084937,2281.928492343645,2221.083427058202,2275.103759765625,1914851
2024-05-23 00:00:00+05:30,2275.103559438179,2294.2319112772707,2263.665175350866,2290.0986328125,1614718
2024-05-24 00:00:00+05:30,2286.253860797852,2290.819640002725,2272.9890237524455,2277.17041015625,974100
2024-05-27 00:00:00+05:30,2277.1702464713717,2306.871745716128,2270.874230770176,2292.02099609375,1116934
2024-05-28 00:00:00+05:30,2297.30790719324,2315.571024447078,2286.3020229404683,2303.027099609375,1631747
2024-05-29 00:00:00+05:30,2288.8493444421374,2302.1141829106496,2277.506939529292,2281.351806640625,1592495
2024-05-30 00:00:00+05:30,2276.161124928281,2280.4384922700256,2243.52786519406,2260.204833984375,1837380
2024-05-31 00:00:00+05:30,2261.743018110778,2285.24472076957,2227.7160389489504,2238.721923828125,5529186
2024-06-03 00:00:00+05:30,2288.6571526190373,2294.856953914105,2253.380543736097,2264.530517578125,1207445
2024-06-04 00:00:00+05:30,2281.9284994540258,2412.7020814982593,2251.2657798718847,2399.4853515625,7826048
2024-06-05 00:00:00+05:30,2435.2907329003897,2618.306307405162,2427.0722827905884,2501.806884765625,11061076
2024-06-06 00:00:00+05:30,2499.1632419376433,2499.1632419376433,2420.343478153456,2450.718017578125,4102547
2024-06-07 00:00:00+05:30,2456.197087082178,2495.799168294792,2427.0721740590598,2477.824462890625,3974253
2024-06-10 00:00:00+05:30,2478.9774454365447,2493.059173814988,2447.2572997601565,2465.85693359375,1449122
2024-06-11 00:00:00+05:30,2466.4819457138465,2476.766917025401,2452.352107768287,2457.206298828125,1402423
2024-06-12 00:00:00+05:30,2468.404030101699,2468.404030101699,2419.38198744781,2430.628173828125,1754677
2024-06-13 00:00:00+05:30,2391.4588918675045,2408.6167027553947,2351.568401318949,2390.93017578125,3123098
2024-06-14 00:00:00+05:30,2400.2478917119292,2436.5475426423045,2397.724285194477,2406.79931640625,1729552
2024-06-18 00:00:00+05:30,2406.9448672441335,2424.512486448906,2400.3934423908386,2413.108154296875,1820933
2024-06-19 00:00:00+05:30,2421.600847069597,2421.600847069597,2379.380551739927,2384.71875,986976
2024-06-20 00:00:00+05:30,2384.7186407596823,2416.7478288529137,2374.6730278925506,2409.17724609375,2163310
2024-06-21 00:00:00+05:30,2402.189262732929,2405.1010072938175,2355.164635466257,2369.480712890625,3646215
2024-06-24 00:00:00+05:30,2363.3658647573675,2395.2495606319985,2355.6497895105103,2370.35400390625,1945519
2024-06-25 00:00:00+05:30,2367.5879930137835,2374.7216246112826,2356.474645665412,2360.648193359375,833789
2024-06-26 00:00:00+05:30,2365.3069576082207,2394.4244006645386,2360.8421882229086,2373.654052734375,1738656
2024-06-27 00:00:00+05:30,2377.875751693822,2410.1475818616186,2364.336189135392,2389.716796875,3402726
2024-06-28 00:00:00+05:30,2390.5419962243377,2417.232984813931,2390.396503797189,2400.29638671875,2129791
2024-07-01 00:00:00+05:30,2388.649646159423,2448.777122647256,2378.021826134139,2431.40380859375,3312865
2024-07-02 00:00:00+05:30,2441.0122329179167,2441.0122329179167,2406.411100622321,2412.040283203125,1305210
2024-07-03 00:00:00+05:30,2413.496297365214,2445.71979146585,2401.5097584861905,2436.499267578125,1406405
2024-07-04 00:00:00+05:30,2441.061151430241,2462.219876410053,2419.5626281278155,2422.52294921875,1977010
2024-07-05 00:00:00+05:30,2422.522573421036,2478.86487051249,2422.522573421036,2472.07080078125,1754286
2024-07-08 00:00:00+05:30,2484.688360800629,2518.6587094834504,2461.637052765858,2511.03955078125,2818809
2024-07-09 00:00:00+05:30,2511.039427844741,2537.099631698892,2492.4528899015895,2513.951171875,1479529
2024-07-10 00:00:00+05:30,2505.0707205854474,2548.746885802939,2497.3060689912268,2533.654296875,1764036
2024-07-11 00:00:00+05:30,2540.0117066962384,2540.060283161406,2513.854583474437,2532.1015625,1432671
2024-07-12 00:00:00+05:30,2524.4823221611628,2561.8497075526293,2524.4823221611628,2545.107177734375,1912642
2024-07-15 00:00:00+05:30,2550.688029320354,2551.9012561227323,2536.760090845706,2543.214599609375,920101
2024-07-16 00:00:00+05:30,2548.698279276291,2644.834418084959,2547.3395600466733,2609.359619140625,3298003
2024-07-18 00:00:00+05:30,2620.5698558354193,2670.2635775618123,2576.8936915714958,2657.840087890625,5569762
2024-07-19 00:00:00+05:30,2658.4226122563427,2662.3049380865823,2636.0506622679163,2646.775634765625,1668862
2024-07-22 00:00:00+05:30,2626.102236665979,2669.0504667245777,2626.0536602007933,2654.83154296875,1911629
2024-07-23 00:00:00+05:30,2665.2165908126135,2728.5956052035795,2651.6284508740205,2684.968017578125,3906259
2024-07-24 00:00:00+05:30,2667.1576101328446,2676.3295567061523,2596.402322900649,2637.1181640625,3611927
2024-07-25 00:00:00+05:30,2637.118427721687,2644.6890105715133,2591.452522213848,2627.55810546875,2166670
2024-07-26 00:00:00+05:30,2643.863904425438,2646.7756488135715,2608.1950356707994,2631.294921875,2135309
2024-07-29 00:00:00+05:30,2631.4402385470876,2639.9814022401224,2613.581635609391,2631.82861328125,957011
2024-07-30 00:00:00+05:30,2635.7109154365803,2673.3209442701027,2606.399167914487,2612.22265625,1560399
2024-07-31 00:00:00+05:30,2625.4229277529967,2629.9360368935118,2596.3540595490326,2626.0537109375,1751085
2024-08-01 00:00:00+05:30,2634.1581489635837,2644.785968827308,2615.9111696630976,2635.66259765625,1886392
2024-08-02 00:00:00+05:30,2632.2171189040214,2678.3197417461824,2602.274583811602,2613.33935546875,1738872
2024-08-05 00:00:00+05:30,2597.227273238811,2661.334222675603,2587.764104503914,2636.001953125,3118731
2024-08-06 00:00:00+05:30,2640.0788365054686,2690.209276264947,2628.9654887487327,2669.147705078125,2296031
2024-08-07 00:00:00+05:30,2699.8662700374903,2700.0119994244997,2655.025456133828,2663.323974609375,1713875
2024-08-08 00:00:00+05:30,2672.9811087568255,2678.0766609794014,2640.369479749004,2652.79296875,1464161
2024-08-09 00:00:00+05:30,2674.9225119219846,2676.8636748479075,2638.622859990569,2666.38134765625,1284031
2024-08-12 00:00:00+05:30,2657.451984181087,2682.1046579872973,2642.3108189254185,2667.837158203125,1297178
2024-08-13 00:00:00+05:30,2661.334396791671,2676.5239020483646,2649.7845720557543,2660.751953125,1051237
2024-08-14 00:00:00+05:30,2660.363661851899,2661.8681104387065,2626.9757559173618,2641.97119140625,946995
2024-08-16 00:00:00+05:30,2657.3547781329457,2672.593096011396,2630.9550108698363,2667.400390625,1727926
2024-08-19 00:00:00+05:30,2669.1475248307747,2678.562117366071,2656.5299661657655,2661.8681640625,1130327
2024-08-20 00:00:00+05:30,2661.8682216798816,2675.165140246076,2654.588860754042,2670.1181640625,1097889
2024-08-21 00:00:00+05:30,2668.613474223842,2712.872079436205,2662.2561188648465,2709.086669921875,1417729
2024-08-22 00:00:00+05:30,2720.4911994091617,2727.333845951709,2700.254718563504,2710.639892578125,1552947
2024-08-23 00:00:00+05:30,2716.851608794936,2738.010332274373,2689.821056977102,2732.769287109375,2111401
2024-08-26 00:00:00+05:30,2732.7692242402322,2751.549833114722,2721.1222468451892,2738.15576171875,1152244
2024-08-27 00:00:00+05:30,2726.363034801577,2741.018908091678,2678.367834036984,2685.50146484375,1357212
2024-08-28 00:00:00+05:30,2678.804731489039,2699.9148774708824,2664.9739461905906,2683.02685546875,1723549
2024-08-29 00:00:00+05:30,2688.462067987683,2727.333902856005,2664.246107950083,2703.31201171875,2129934
2024-08-30 00:00:00+05:30,2713.4546356789924,2733.448709240914,2678.902076663861,2696.275390625,4029712
2024-09-02 00:00:00+05:30,2711.804574932889,2726.2661437739175,2697.245853163385,2707.000244140625,957950
2024-09-03 00:00:00+05:30,2698.216341458918,2744.7556730503247,2693.363434369963,2712.095703125,2022116
2024-09-04 00:00:00+05:30,2698.216436840079,2760.188157340057,2690.111986931693,2757.66455078125,1640986
2024-09-05 00:00:00+05:30,2756.500046673475,2771.0101927605288,2740.5823678395104,2754.947021484375,1945173
2024-09-06 00:00:00+05:30,2744.9014624679285,2782.123118479223,2744.9014624679285,2755.43212890625,1672730
2024-09-09 00:00:00+05:30,2769.166071475763,2851.7624119394613,2759.5571728010573,2835.844970703125,3342754
2024-09-10 00:00:00+05:30,2847.6858799868537,2851.180067874474,2802.553844056592,2813.327392578125,1536584
2024-09-11 00:00:00+05:30,2825.9451329233075,2863.2153669847785,2812.8422829388005,2818.714111328125,1913665
2024-09-12 00:00:00+05:30,2825.362457010719,2876.2208276163733,2809.056642089753,2869.4267578125,2454564
2024-09-13 00:00:00+05:30,2869.426835111309,2869.426835111309,2832.641893822737,2846.666748046875,1902001
2024-09-16 00:00:00+05:30,2824.3917517240393,2824.3917517240393,2724.8100096118765,2782.75390625,1489057
2024-09-17 00:00:00+05:30,2782.7541937629762,2828.177216442892,2775.9601235551504,2788.9658203125,1098661
2024-09-18 00:00:00+05:30,2789.451155662023,2808.42607086622,2777.512956142777,2791.246826171875,464796
2024-09-19 00:00:00+05:30,2791.6349342197495,2847.9772355641235,2788.8203427591193,2826.090576171875,1713010
2024-09-20 00:00:00+05:30,2838.7566700584757,2901.4077499970376,2810.2214332765097,2890.00341796875,3641632
2024-09-23 00:00:00+05:30,2892.332571352012,2945.7145483400527,2882.5781808925276,2939.454345703125,1300470
2024-09-24 00:00:00+05:30,2931.15585489431,2931.15585489431,2859.429983559541,2863.7490234375,1929308
2024-09-25 00:00:00+05:30,2863.749069984707,2873.260815338254,2819.636191624619,2862.196044921875,1055354
2024-09-26 00:00:00+05:30,2864.2830665701063,2904.8048428813454,2854.674167856613,2898.25341796875,1902889
2024-09-27 00:00:00+05:30,2898.253441779502,2940.8618738147916,2865.884454754662,2878.9873046875,2977081
2024-09-30 00:00:00+05:30,2876.9975761841415,2909.706124674832,2856.0331583870834,2871.271240234375,1627702
2024-10-01 00:00:00+05:30,2875.541401979056,2875.541401979056,2806.338902317453,2837.7373046875,1184642
2024-10-03 00:00:00+05:30,2823.1787931428157,2837.106731735907,2776.9306818262016,2808.23193359375,1233447
2024-10-04 00:00:00+05:30,2805.9509130580846,2828.2742859395566,2734.176463728675,2764.94384765625,2456486
2024-10-07 00:00:00+05:30,2761.3042498599384,2782.1231747563133,2741.9411971515387,2750.04541015625,1280975
2024-10-08 00:00:00+05:30,2760.333604802783,2801.098025126875,2716.3662183472698,2735.875,1761488
2024-10-09 00:00:00+05:30,2740.3395675699758,2742.717681686061,2679.484158126076,2687.491455078125,1476282
2024-10-10 00:00:00+05:30,2688.5105879502285,2705.398610217547,2652.793143577846,2673.66064453125,2065078
2024-10-11 00:00:00+05:30,2683.463661587022,2707.922266928901,2656.5300261363855,2701.322265625,679307
2024-10-14 00:00:00+05:30,2709.4750374005316,2722.189511126188,2683.6574782692883,2707.048583984375,874010
2024-10-15 00:00:00+05:30,2710.9311955846492,2716.9487533001934,2683.9004068922713,2699.623779296875,1082666
2024-10-16 00:00:00+05:30,2707.09718625598,2715.2502127006615,2674.5343678170534,2699.4296875,1170797
2024-10-17 00:00:00+05:30,2697.68253378276,2700.1575638443824,2643.3299731877614,2658.082763671875,1368242
2024-10-18 00:00:00+05:30,2658.08258710551,2659.392966744725,2614.212356359638,2637.166748046875,1137277
2024-10-21 00:00:00+05:30,2635.128493894694,2657.451866034502,2601.5948592234436,2614.3095703125,792345
2024-10-22 00:00:00+05:30,2606.1082244195836,2630.275606612126,2595.0920306934213,2602.80810546875,1272253
2024-10-23 00:00:00+05:30,2543.8940646553547,2613.8245078342925,2543.8940646553547,2581.0673828125,1431962
2024-10-24 00:00:00+05:30,2569.1292285561976,2569.1292285561976,2380.4482798823033,2431.40380859375,9216267
2024-10-25 00:00:00+05:30,2428.6859946148834,2465.276867660535,2426.5507628298415,2453.678466796875,2761166
2024-10-28 00:00:00+05:30,2469.159144937238,2513.4177526958706,2445.9623436655493,2500.023681640625,852829
2024-10-29 00:00:00+05:30,2509.632330583052,2509.632330583052,2461.394481395327,2472.70166015625,1695654
2024-10-30 00:00:00+05:30,2481.776848804237,2487.891559530861,2458.871031051871,2479.787109375,1200637
2024-10-31 00:00:00+05:30,2479.7870359976687,2488.0855548126483,2449.8447403470686,2453.87255859375,1901355
2024-11-01 00:00:00+05:30,2469.110544535092,2471.051707366065,2437.4697325652455,2462.850341796875,118532
2024-11-04 00:00:00+05:30,2472.0707851149646,2472.0707851149646,2429.850494909821,2450.52392578125,1097260
2024-11-05 00:00:00+05:30,2445.865157420273,2455.813616889939,2433.247599068502,2447.175537109375,702046
2024-11-06 00:00:00+05:30,2469.611452196455,2476.386532154494,2449.777629154025,2455.374267578125,1219166
2024-11-07 00:00:00+05:30,2455.374054274254,2464.407253718044,2421.401332931118,2430.630859375,1322446
2024-11-08 00:00:00+05:30,2438.927788649835,2469.6605169147483,2422.579669604473,2462.247314453125,1700877
2024-11-11 00:00:00+05:30,2463.5237739285594,2469.316739128912,2430.189173754933,2445.899169921875,1175577
2024-11-12 00:00:00+05:30,2449.7775706822567,2451.692178555918,2411.484454346943,2416.884765625,1624222
2024-11-13 00:00:00+05:30,2417.4740174733843,2427.980029788182,2405.985890652603,2420.272216796875,1262017
2024-11-14 00:00:00+05:30,2415.804451248359,2420.026560463074,2340.4947086024417,2345.89501953125,2443393
2024-11-18 00:00:00+05:30,2357.628355989708,2381.046163629545,2332.688834326965,2378.984130859375,1374215
2024-11-19 00:00:00+05:30,2387.8210740176746,2395.970682267616,2361.507022871615,2366.661865234375,1133370
2024-11-21 00:00:00+05:30,2380.8006797217895,2380.8006797217895,2333.032571434998,2339.611083984375,1291829
2024-11-22 00:00:00+05:30,2347.613353088314,2407.6551370493976,2334.7509378705845,2400.92919921875,1696471
2024-11-25 00:00:00+05:30,2425.2306264341637,2460.2835069783887,2413.0554754508216,2426.654296875,4368045
2024-11-26 00:00:00+05:30,2441.186181184411,2449.7284438602323,2415.80462213737,2434.263916015625,982442
2024-11-27 00:00:00+05:30,2430.2871904428803,2447.7646089278323,2413.4481343744396,2441.82421875,948232
2024-11-28 00:00:00+05:30,2440.940689057231,2493.1272374282194,2408.735148515141,2417.572021484375,2540530
2024-11-29 00:00:00+05:30,2410.600728530422,2462.050868133835,2410.600728530422,2450.906494140625,1795164
2024-12-02 00:00:00+05:30,2439.9586625684246,2445.358973491614,2415.9518737711646,2434.214599609375,1006993
2024-12-03 00:00:00+05:30,2435.0494613734018,2446.291879693493,2421.3032144140357,2437.847900390625,1641588
2024-12-04 00:00:00+05:30,2436.12953900783,2447.8137526509245,2412.024465943355,2419.830322265625,1321495
2024-12-05 00:00:00+05:30,2420.9106401262025,2469.4151601085237,2405.642438807475,2449.385009765625,2071795
2024-12-06 00:00:00+05:30,2449.7774666798377,2450.5630144118554,2430.1399719569536,2438.780517578125,1308086
2024-12-09 00:00:00+05:30,2420.3212934353196,2432.054648922866,2340.1021731538126,2357.23583984375,3385021
2024-12-10 00:00:00+05:30,2365.0418405006158,2369.2639501866993,2345.0116899782884,2353.897705078125,2063838
2024-12-11 00:00:00+05:30,2361.4086980082207,2365.6799489199275,2341.77120363809,2357.824951171875,1718225
2024-12-12 00:00:00+05:30,2341.82054101358,2356.450379655681,2295.6232837042285,2302.447265625,3231056
2024-12-13 00:00:00+05:30,2302.4470222060845,2351.148103051197,2291.1554631934337,2346.77880859375,2260902
2024-12-16 00:00:00+05:30,2346.9751128385005,2349.6261265509324,2320.1698859339126,2323.2626953125,1247552
2024-12-17 00:00:00+05:30,2310.6950631027157,2336.861929579234,2310.6950631027157,2320.41552734375,2131569
2024-12-18 00:00:00+05:30,2307.454663175832,2339.807386268207,2307.454663175832,2316.438720703125,988403
2024-12-19 00:00:00+05:30,2304.4602052401287,2343.686056401983,2293.6595822074737,2317.077392578125,1655915
2024-12-20 00:00:00+05:30,2309.467724557705,2330.479748587135,2282.515070557055,2291.597412109375,2069691
2024-12-23 00:00:00+05:30,2294.641369734494,2309.124022795506,2273.285593186901,2296.5068359375,1066199
2024-12-24 00:00:00+05:30,2288.848234775878,2314.229552226785,2288.848234775878,2293.217529296875,683646
2024-12-26 00:00:00+05:30,2289.9773243568984,2299.403417590653,2282.564122249837,2290.46826171875,1033769
2024-12-27 00:00:00+05:30,2300.5324897599107,2303.134361905232,2286.049837508968,2298.814208984375,556816
2024-12-30 00:00:00+05:30,2299.05968803339,2316.389681190017,2282.8587549338595,2301.0234375,924180
2024-12-31 00:00:00+05:30,2297.586849677959,2310.007469026126,2281.140448083042,2284.67529296875,1878762
2025-01-01 00:00:00+05:30,2282.8588155253287,2294.7884979654154,2278.1949104183414,2280.011474609375,559893
2025-01-02 00:00:00+05:30,2287.767981935654,2336.517963432763,2273.5307992154535,2327.04296875,1650744
2025-01-03 00:00:00+05:30,2338.678339641274,2370.834735922727,2321.9373281379058,2362.635986328125,1274239
2025-01-06 00:00:00+05:30,2374.1730256557257,2375.10575867804,2318.8442903999216,2333.130615234375,900419
2025-01-07 00:00:00+05:30,2334.063573808319,2358.708727057057,2332.1981075834215,2347.46630859375,922768
2025-01-08 00:00:00+05:30,2347.662453978323,2365.3361989267164,2325.0793354331527,2357.481201171875,953351
2025-01-09 00:00:00+05:30,2361.457814796113,2428.8142759463803,2343.1457076596816,2391.257568359375,2425267
2025-01-10 00:00:00+05:30,2391.2577424018345,2411.484458748228,2370.049390991343,2397.787353515625,1651911
2025-01-13 00:00:00+05:30,2373.2405929574184,2415.903006147045,2365.3855943599074,2406.5751953125,2595013
2025-01-14 00:00:00+05:30,2420.3212661598373,2423.2668904188554,2321.2501994677364,2325.0302734375,2052741
2025-01-15 00:00:00+05:30,2330.8726051486196,2341.6732284736895,2307.5041755449906,2329.989013671875,1215150
2025-01-16 00:00:00+05:30,2333.867188879549,2336.861954874067,2283.8898589241226,2302.496337890625,2762596
2025-01-17 00:00:00+05:30,2307.4057527994237,2336.1747320433897,2300.532629280447,2311.333251953125,1333005
2025-01-20 00:00:00+05:30,2313.7387179443335,2325.079419305078,2293.315675101929,2302.692626953125,1382273
2025-01-21 00:00:00+05:30,2310.8422527675875,2334.2109200503423,2290.173741080801,2298.077880859375,1842885
2025-01-22 00:00:00+05:30,2300.0907444235577,2319.1881603751613,2289.928244871017,2300.4833984375,2658047
2025-01-23 00:00:00+05:30,2273.0398957567777,2298.8632479151706,2212.9983546557087,2279.618408203125,3408925
2025-01-24 00:00:00+05:30,2290.5666487972244,2337.647495987577,2280.895086444603,2325.177734375,1688664
2025-01-27 00:00:00+05:30,2322.1336972511494,2366.023448998165,2318.353383718259,2349.47900390625,2477358
2025-01-28 00:00:00+05:30,2357.48119559763,2363.3724438998315,2336.321747502455,2345.551513671875,1892156
2025-01-29 00:00:00+05:30,2341.9184361178313,2352.5718729143537,2321.151881289454,2340.740234375,699576
2025-01-30 00:00:00+05:30,2340.7894200830306,2381.0462851096263,2340.7894200830306,2365.0908203125,1419960
2025-01-31 00:00:00+05:30,2357.9722699945264,2434.0675649870627,2357.9722699945264,2424.052490234375,2116148
2025-02-01 00:00:00+05:30,2430.139939176491,2554.838028984739,2391.0121355827387,2460.627197265625,2970999
2025-02-03 00:00:00+05:30,2459.5962149229367,2474.3243359703793,2372.7003007430244,2397.68896484375,2528480
2025-02-04 00:00:00+05:30,2405.5929736608914,2405.5929736608914,2359.297678237658,2393.859619140625,1992474
2025-02-05 00:00:00+05:30,2408.538762766955,2408.538762766955,2343.735029239593,2347.711669921875,1357416
2025-02-06 00:00:00+05:30,2356.499319499281,2365.2870502684787,2317.518941198998,2329.694091796875,1132113
2025-02-07 00:00:00+05:30,2336.8618194174337,2338.7764271667124,2293.757615357239,2321.004638671875,855602
2025-02-10 00:00:00+05:30,2327.9268622556306,2354.535765162653,2309.418666146116,2318.648193359375,1326354
2025-02-11 00:00:00+05:30,2328.025164964299,2334.849146922713,2254.9246336026426,2273.28564453125,1389260
2025-02-12 00:00:00+05:30,2283.5458605845,2297.4884328852386,2263.3193863135825,2290.22265625,1341909
2025-02-13 00:00:00+05:30,2287.8665825033304,2303.0856420040236,2271.4201794945166,2279.42236328125,1334967
2025-02-14 00:00:00+05:30,2279.9130925334366,2323.1155800749834,2271.4688740822953,2276.329345703125,1135380
2025-02-17 00:00:00+05:30,2276.3294308235972,2293.659424337889,2258.311933209394,2287.178955078125,1409168
2025-02-18 00:00:00+05:30,2287.17904363718,2296.1633418095184,2246.5295231516766,2254.384521484375,1035705
2025-02-19 00:00:00+05:30,2257.084579856575,2263.9085614208143,2207.254436331737,2209.61083984375,1521343
2025-02-20 00:00:00+05:30,2209.61072851207,2213.5873689893037,2186.1440190733874,2207.303466796875,2206196
2025-02-21 00:00:00+05:30,2207.3036737471143,2212.703985102254,2186.045940674385,2201.01953125,1781509
2025-02-24 00:00:00+05:30,2189.5805806766357,2210.1999493735907,2178.5836319813607,2200.822998046875,1627949
2025-02-25 00:00:00+05:30,2202.345003448744,2228.4629669638985,2197.3864881550335,2218.349609375,1988040
2025-02-27 00:00:00+05:30,2228.5117782094676,2228.5117782094676,2192.6244503210396,2204.259521484375,1699658
2025-02-28 00:00:00+05:30,2204.3580562349134,2208.8256344948168,2146.2311163198974,2150.55126953125,3683249
2025-03-03 00:00:00+05:30,2159.1424717525438,2159.1424717525438,2119.376546283704,2137.39404296875,1306470
2025-03-04 00:00:00+05:30,2140.437783808497,2140.4869254884225,2097.284437084069,2118.24755859375,1800330
2025-03-05 00:00:00+05:30,2112.99456534149,2152.171273896323,2111.030815745448,2131.110107421875,1145673
2025-03-06 00:00:00+05:30,2135.5776091481193,2189.3843940941274,2124.5315180663188,2178.73095703125,1856868
2025-03-07 00:00:00+05:30,2186.340470972133,2186.340470972133,2149.5201676266793,2164.592041015625,1738356
2025-03-10 00:00:00+05:30,2167.979510760761,2226.0573080183467,2154.871386582588,2207.009033203125,1242387
2025-03-11 00:00:00+05:30,2199.399349846657,2221.44238913751,2171.170451941259,2176.76708984375,1325891
2025-03-12 00:00:00+05:30,2177.160105947309,2189.5315841563634,2145.39636141498,2153.153076171875,1526212
2025-03-13 00:00:00+05:30,2145.3964226012604,2169.894150742321,2125.2188476629813,2135.38134765625,1845629
2025-03-17 00:00:00+05:30,2121.8312918285837,2155.656828338742,2117.412855542962,2131.8955078125,1111886
2025-03-18 00:00:00+05:30,2131.8955078125,2131.8955078125,2131.8955078125,2131.8955078125,0
2025-03-19 00:00:00+05:30,2166.9975655294597,2172.7416286827006,2153.6931147712576,2160.173583984375,1341405
2025-03-20 00:00:00+05:30,2163.9536812276774,2208.1380452959766,2148.783764173998,2201.755859375,1426689
2025-03-21 00:00:00+05:30,2204.308858765917,2214.32393347734,2185.45691112403,2205.487060546875,2152415
2025-03-24 00:00:00+05:30,2209.4635575040347,2224.9280841258274,2200.3812164721885,2215.3056640625,1454404
2025-03-25 00:00:00+05:30,2209.9547487462705,2250.4570850278583,2202.6889709722714,2230.13232421875,2229340
2025-03-26 00:00:00+05:30,2230.8193391946506,2238.576053510754,2197.239272084734,2205.241455078125,1416907
2025-03-27 00:00:00+05:30,2203.5232921909783,2219.920552767721,2160.124475668381,2203.965087890625,3752627
2025-03-28 00:00:00+05:30,2206.2724040098356,2254.3842632873084,2199.6938916027498,2217.90771484375,2280152
2025-04-01 00:00:00+05:30,2218.0551389367038,2243.240131281449,2179.7620223282347,2193.361083984375,2495962
2025-04-02 00:00:00+05:30,2203.0323238244255,2203.0323238244255,2150.3548394880845,2197.33740234375,1351493
2025-04-03 00:00:00+05:30,2185.1130403837997,2212.0654534146915,2180.3510918370066,2203.866943359375,1310088
2025-04-04 00:00:00+05:30,2189.580618287982,2225.959124485599,2181.7256205542135,2203.866943359375,1120226
2025-04-07 00:00:00+05:30,2111.0306546602815,2220.6079696442002,2111.0306546602815,2208.62890625,3435185
2025-04-08 00:00:00+05:30,2227.186607277835,2264.399565484465,2211.525752509045,2247.7568359375,2774874
2025-04-09 00:00:00+05:30,2252.3713933540657,2311.480201648499,2248.0020989340924,2307.405517578125,2989089
2025-04-11 00:00:00+05:30,2351.1972219367067,2351.442690608515,2301.8580189031986,2323.2626953125,3836083
2025-04-15 00:00:00+05:30,2356.4994442091893,2356.4994442091893,2302.692658956642,2318.697265625,3042779
2025-04-16 00:00:00+05:30,2308.3874922964587,2332.934360568433,2308.3874922964587,2323.704833984375,1131979
2025-04-17 00:00:00+05:30,2314.377173785059,2336.7637273251385,2300.6309266633484,2331.95263671875,1962402
2025-04-21 00:00:00+05:30,2325.177604656988,2329.3994741521456,2306.2273747455256,2308.387451171875,1478430
2025-04-22 00:00:00+05:30,2327.0433844016457,2362.390878848253,2312.4135450863487,2355.22314453125,2352346
2025-04-23 00:00:00+05:30,2366.3182440167266,2393.810738138083,2350.0190266157124,2379.8681640625,2226066
2025-04-24 00:00:00+05:30,2379.867979637484,2442.3150676159876,2275.1019956011355,2283.1533203125,7065430
2025-04-25 00:00:00+05:30,2289.633612290894,2299.4523596993467,2252.8133095091957,2289.92822265625,2859858
2025-04-28 00:00:00+05:30,2302.496349368105,2306.4238484715047,2273.0401060926065,2276.574951171875,1555660
2025-04-29 00:00:00+05:30,2285.8042666616752,2290.22270274414,2270.6834923989963,2279.618408203125,1896387
2025-04-30 00:00:00+05:30,2277.949398128391,2309.8603271969996,2274.0218991661004,2299.64892578125,2083807
2025-05-02 00:00:00+05:30,2291.794010197549,2302.496349368105,2268.130732213357,2276.574951171875,1424284
2025-05-05 00:00:00+05:30,2281.9750758183536,2312.2166246689503,2277.0657023405943,2306.031005859375,2074103
2025-05-06 00:00:00+05:30,2297.7830679976596,2346.778758141565,2297.7830679976596,2338.629150390625,1888125
2025-05-07 00:00:00+05:30,2326.061434813229,2343.636898100996,2312.609797801949,2327.828857421875,1610400
2025-05-08 00:00:00+05:30,2318.8935932451186,2328.9086679425363,2298.5688334765755,2312.216796875,2323073
2025-05-09 00:00:00+05:30,2287.768137663965,2300.2378988832365,2260.57025538677,2290.615478515625,1805685
2025-05-12 00:00:00+05:30,2317.2244679630116,2343.7350868761478,2303.5765044828277,2339.316650390625,1274873
2025-05-13 00:00:00+05:30,2332.541706924671,2354.5356050135724,2310.1549151140503,2317.224365234375,1929665
2025-05-14 00:00:00+05:30,2327.0430410418,2327.0430410418,2296.1139879646616,2307.896484375,1568111
2025-05-15 00:00:00+05:30,2308.976625401022,2326.9447405218516,2297.586783068839,2312.51123046875,3236681
2025-05-16 00:00:00+05:30,2317.224305310505,2343.734922362786,2306.4236835484644,2338.236328125,1473000
2025-05-19 00:00:00+05:30,2331.95255175475,2361.408794513757,2331.95255175475,2339.512939453125,936655
2025-05-20 00:00:00+05:30,2351.19753918304,2351.19753918304,2296.1142659106454,2298.667236328125,1617408
2025-05-21 00:00:00+05:30,2303.478005860862,2332.6396359970754,2302.496131178057,2321.053466796875,1570754
2025-05-22 00:00:00+05:30,2312.3151721769136,2320.268454005645,2271.174713619723,2288.45556640625,2423653
2025-05-23 00:00:00+05:30,2294.5428671730415,2321.642704503221,2287.3753737084476,2316.438720703125,844118
2025-05-26 00:00:00+05:30,2325.07927344993,2353.8482499032,2321.250058032729,2350.706298828125,892618
2025-05-27 00:00:00+05:30,2350.706553150472,2365.8273291751543,2317.5191369873537,2337.058349609375,1865258
2025-05-28 00:00:00+05:30,2344.7169767245714,2344.7169767245714,2309.3694846131457,2319.188232421875,897517
2025-05-29 00:00:00+05:30,2326.0613384377953,2332.9344618523432,2312.8060289954524,2323.802978515625,1111275
2025-05-30 00:00:00+05:30,2317.2244591411445,2331.854297340192,2301.0235254225727,2305.736572265625,3288892
2025-06-02 00:00:00+05:30,2305.343634416857,2340.789408851528,2301.121764755519,2328.6142578125,1178205
2025-06-03 00:00:00+05:30,2322.2321074614806,2336.3710082209473,2300.139925202615,2309.6640625,1643913
2025-06-04 00:00:00+05:30,2316.733448566607,2324.686729845221,2299.6489239802295,2321.642822265625,3287896
2025-06-05 00:00:00+05:30,2321.642934355921,2336.861993557662,2306.3255917892498,2333.3271484375,1787978
2025-06-06 00:00:00+05:30,2330.2834412831876,2353.0628880206928,2327.1414899600004,2346.484375,997488
2025-06-09 00:00:00+05:30,2350.608057477307,2355.517431030935,2335.1926724620143,2349.822509765625,1293622
2025-06-10 00:00:00+05:30,2350.0189544422137,2356.695750752591,2335.2908330438154,2351.786376953125,1778782
2025-06-11 00:00:00+05:30,2351.7864423801357,2359.346830298541,2328.319730852048,2333.3271484375,1977707
2025-06-12 00:00:00+05:30,2343.6367531475557,2344.7169112625684,2281.9752104026784,2290.419189453125,3339584
2025-06-13 00:00:00+05:30,2263.221282893185,2282.760494395082,2260.2756586638234,2276.967529296875,1740682
2025-06-16 00:00:00+05:30,2277.94931097458,2294.248526930686,2271.1744714100378,2285.215087890625,1105297
2025-06-17 00:00:00+05:30,2277.949336261707,2290.8119909000766,2271.1744966219585,2286.3935546875,1119284
2025-06-18 00:00:00+05:30,2285.5097848886408,2289.1426734843863,2244.0747187940665,2255.660888671875,2056563
2025-06-19 00:00:00+05:30,2258.410148058999,2265.9705354890243,2248.7877278228257,2252.616943359375,1214549
2025-06-20 00:00:00+05:30,2253.402708180384,2271.0764549112105,2250.849737766385,2264.399658203125,2685864
2025-06-23 00:00:00+05:30,2265.590049100476,2268.169866753373,2241.082750343553,2257.35498046875,842856
2025-06-24 00:00:00+05:30,2277.099825042089,2283.053027199062,2242.6705210148793,2245.44873046875,2440747
2025-06-25 00:00:00+05:30,2261.2244663474958,2272.6347697099336,2253.683647230803,2260.9267578125,1047270
2025-06-26 00:00:00+05:30,2271.0471751540676,2273.130892683563,2253.8823037125367,2263.010498046875,1874722
2025-06-27 00:00:00+05:30,2263.0104562105053,2292.4787561982344,2261.5221557844948,2288.90673828125,1050745
2025-06-30 00:00:00+05:30,2291.8833514974594,2298.928070446473,2270.1542620550413,2276.702880859375,1403754
2025-07-01 00:00:00+05:30,2282.060604307341,2284.6404218850275,2268.7652176811503,2277.595703125,759914
2025-07-02 00:00:00+05:30,2277.099747912196,2290.9905524746237,2269.7575623951902,2289.10546875,1128034
2025-07-03 00:00:00+05:30,2291.9828168641297,2308.750905945756,2286.029614742405,2295.356201171875,1060039
2025-07-04 00:00:00+05:30,2299.920284481797,2323.1376744970185,2292.2803906553454,2321.05419921875,1242346
2025-07-07 00:00:00+05:30,2322.7410024796927,2396.858319639088,2322.7410024796927,2391.599609375,2701583
2025-07-08 00:00:00+05:30,2386.6384929568344,2399.6364137173014,2367.3899041263103,2374.03759765625,1471046
2025-07-09 00:00:00+05:30,2380.2884570863953,2420.670959786851,2378.4033734605428,2404.498046875,1741690
2025-07-10 00:00:00+05:30,2404.4982396768783,2415.0156603181044,2378.8996643467794,2389.615234375,1053695
2025-07-11 00:00:00+05:30,2480.50077507572,2510.2667843766285,2441.8049629845386,2499.947998046875,7242235
2025-07-14 00:00:00+05:30,2480.5008132523167,2512.7473238245966,2470.5788099993074,2496.971435546875,2427712
2025-07-15 00:00:00+05:30,2501.0393243676117,2510.167518959921,2490.422829279717,2507.19091796875,1700294
2025-07-16 00:00:00+05:30,2506.5957173853917,2513.144094156912,2487.9423029182253,2497.963623046875,1284379
2025-07-17 00:00:00+05:30,2493.3993577519996,2505.702544596446,2486.652347254296,2490.224365234375,807474
2025-07-18 00:00:00+05:30,2495.2843577635995,2495.2843577635995,2462.144965698126,2470.181884765625,771112
2025-07-21 00:00:00+05:30,2471.471769802211,2474.150904552474,2436.2486571651175,2445.674560546875,1169960
2025-07-22 00:00:00+05:30,2450.734836023488,2465.6178411005535,2433.470647028656,2460.359130859375,861632
2025-07-23 00:00:00+05:30,2461.6490247227266,2467.6022267172193,2422.953211758524,2431.28759765625,1320795
2025-07-24 00:00:00+05:30,2436.744568380519,2446.7658880933027,2402.1168755368553,2418.785888671875,693984
2025-07-25 00:00:00+05:30,2407.1772840475533,2409.657784838074,2386.638543712917,2396.560546875,769388
2025-07-28 00:00:00+05:30,2396.5605543297306,2429.204090176368,2393.4848786817606,2422.556396484375,987995
2025-07-29 00:00:00+05:30,2425.7314790440246,2438.3323751192297,2410.7491567723273,2434.462890625,732282
2025-07-30 00:00:00+05:30,2422.9531342933756,2433.768020676373,2379.7924212132107,2418.388916015625,1224146
2025-07-31 00:00:00+05:30,2401.224093298107,2529.1186177565537,2401.224093298107,2501.535400390625,5505507
2025-08-01 00:00:00+05:30,2530.110889578397,2706.2264515000306,2517.112968113841,2533.781982421875,4259653
2025-08-04 00:00:00+05:30,2527.1341727297113,2563.0517752650835,2515.327086013953,2523.85986328125,1293028
2025-08-05 00:00:00+05:30,2517.7083852053106,2533.0874906124764,2497.6659866058358,2514.93017578125,756361
2025-08-06 00:00:00+05:30,2518.898917854651,2543.1087511382634,2506.893439258159,2515.8232421875,885487
2025-08-07 00:00:00+05:30,2515.922254843745,2524.1575657894737,2475.539751039598,2497.8642578125,847151
2025-08-08 00:00:00+05:30,2496.3760050794067,2510.16749263262,2467.2054125664436,2479.11181640625,839794
2025-08-11 00:00:00+05:30,2470.678006035155,2504.8095986608714,2459.168385930271,2498.757080078125,992436
2025-08-12 00:00:00+05:30,2498.3604491802103,2516.815472347512,2460.7561532932295,2464.42724609375,1406211
2025-08-13 00:00:00+05:30,2465.6178398482184,2481.9891454246754,2454.108219033236,2475.63916015625,969803
2025-08-14 00:00:00+05:30,2479.4092692334916,2489.430589305409,2453.909769595819,2461.252197265625,1104362
2025-08-18 00:00:00+05:30,2519.1966970429903,2576.744317534717,2501.6347992367637,2548.06982421875,3089136
2025-08-19 00:00:00+05:30,2552.13757165593,2594.603793083701,2538.445159023351,2584.4833984375,1400717
2025-08-20 00:00:00+05:30,2578.7287287523454,2659.096957697686,2568.3106250001715,2648.9765625,3156954
2025-08-21 00:00:00+05:30,2646.2975584682295,2646.2975584682295,2606.807937462502,2627.346435546875,2235686
2025-08-22 00:00:00+05:30,2626.3541730605166,2637.76447641911,2598.5725648830726,2609.387451171875,1223445
2025-08-25 00:00:00+05:30,2622.385449660888,2622.385449660888,2594.8022322765755,2611.074462890625,667598
2025-08-26 00:00:00+05:30,2604.1290122069813,2683.901819675416,2604.1290122069813,2671.5986328125,4348648
2025-08-28 00:00:00+05:30,2726.5665836002318,2726.5665836002318,2626.1559558246827,2633.696533203125,3198743
2025-08-29 00:00:00+05:30,2644.0154449288766,2701.7614547505946,2620.797812241766,2639.054443359375,1972773
2025-09-01 00:00:00+05:30,2639.054428419475,2652.4491325813005,2618.714322099665,2628.834716796875,1096729
2025-09-02 00:00:00+05:30,2628.338751273143,2671.400149963799,2624.469266767194,2656.120361328125,1525106
2025-09-03 00:00:00+05:30,2660.0889285014373,2665.9428132100716,2637.5660307805015,2643.916015625,1010692
2025-09-04 00:00:00+05:30,2728.5509248247226,2728.5509248247226,2634.787993044382,2645.801513671875,2494678
2025-09-05 00:00:00+05:30,2646.793550617698,2652.0520182863465,2603.335130123233,2612.860107421875,944879
2025-09-08 00:00:00+05:30,2609.486845026385,2623.9730666119685,2598.3742498750744,2603.434326171875,903410
2025-09-09 00:00:00+05:30,2616.4323088236597,2625.560503547093,2590.9328084136164,2621.393310546875,1610956
2025-09-10 00:00:00+05:30,2621.393291290843,2632.2081780734443,2598.5726835316877,2622.881591796875,1031486
2025-09-11 00:00:00+05:30,2623.1793324727764,2636.9708204363524,2593.6117136101975,2601.54931640625,1212707
2025-09-12 00:00:00+05:30,2604.5257148528326,2608.395199020342,2548.9624996026387,2560.372802734375,1368380
2025-09-15 00:00:00+05:30,2560.37279634945,2573.1720829359647,2548.3670761897,2560.868896484375,752745
2025-09-16 00:00:00+05:30,2568.01288636171,2569.7988954313,2552.534706310226,2560.769775390625,1040928
2025-09-17 00:00:00+05:30,2566.8220955202946,2570.8902135171456,2546.4819900088273,2549.656982421875,970247
2025-09-18 00:00:00+05:30,2550.847649216938,2589.5434608386845,2550.847649216938,2566.623779296875,1550153
2025-09-19 00:00:00+05:30,2579.7207815780857,2584.384074543658,2534.8733764379313,2539.635986328125,2214708
2025-09-22 00:00:00+05:30,2548.962702635441,2567.0207005828506,2540.231291096219,2552.1376953125,1174161
2025-09-23 00:00:00+05:30,2548.8632941880032,2555.2135215505277,2498.558786627699,2502.527587890625,1430474
2025-09-24 00:00:00+05:30,2502.5276285865116,2555.9080548882134,2490.4228329850216,2529.61474609375,1882881
2025-09-25 00:00:00+05:30,2526.142091514596,2547.474399043097,2512.0528949895665,2518.502197265625,1624258
2025-09-26 00:00:00+05:30,2515.2277385461766,2525.54652468155,2479.905311279923,2492.208740234375,885612
2025-09-29 00:00:00+05:30,2475.5397082588324,2497.7648977229896,2423.945293497526,2478.4169921875,2403556
2025-09-30 00:00:00+05:30,2478.4170251763394,2506.5956589551924,2472.1663570938695,2494.788330078125,1678088
2025-10-01 00:00:00+05:30,2495.780641485965,2530.110870187784,2478.4171355140884,2516.41845703125,1483899
2025-10-03 00:00:00+05:30,2516.4184426371576,2528.721872140129,2488.7361501691885,2525.050537109375,1242611
2025-10-06 00:00:00+05:30,2515.4262344267695,2529.714064556161,2500.5432294397424,2521.974853515625,818923
2025-10-07 00:00:00+05:30,2520.188866616989,2539.4374563414676,2488.736164248618,2497.566650390625,1291750
2025-10-08 00:00:00+05:30,2491.414984165673,2505.305788537764,2466.7092932841597,2480.60009765625,1225128
2025-10-09 00:00:00+05:30,2481.493000836882,2503.3214078814285,2478.814108419605,2497.963623046875,1259173
2025-10-10 00:00:00+05:30,2490.422803810714,2515.12849489021,2486.9501026898624,2509.17529296875,1018875
2025-10-13 00:00:00+05:30,2499.5509243788547,2511.854353327809,2466.0145060992772,2473.35693359375,1114750
2025-10-14 00:00:00+05:30,2473.555447376003,2489.6290444351353,2462.9389521863327,2482.782958984375,1461017
2025-10-15 00:00:00+05:30,2483.0805511453786,2512.0527512652384,2483.0805511453786,2499.3525390625,881070
2025-10-16 00:00:00+05:30,2498.1618926654496,2548.466397996017,2487.545398204978,2541.52099609375,1446646
2025-10-17 00:00:00+05:30,2545.4898430859407,2594.603757423401,2540.0327414928897,2583.391845703125,2050690
2025-10-20 00:00:00+05:30,2588.6505276068815,2604.228023538072,2565.4331379755677,2574.164306640625,1011485
2025-10-21 00:00:00+05:30,2573.7677049527942,2586.3686009360827,2564.9372187424715,2571.485595703125,82020
2025-10-23 00:00:00+05:30,2580.7129325458322,2646.396542743126,2575.8512480603545,2581.308349609375,3386744
2025-10-24 00:00:00+05:30,2563.845541367595,2563.845541367595,2455.1996099512826,2496.772705078125,3110800
2025-10-27 00:00:00+05:30,2496.7727162326983,2505.3057356327795,2486.453930097325,2492.208740234375,2127832
2025-10-28 00:00:00+05:30,2499.3526254379835,2506.298027731777,2462.541896386315,2477.62353515625,2294976
2025-10-29 00:00:00+05:30,2493.002510276694,2493.994710552656,2464.6254854896224,2468.693603515625,1870143
2025-10-30 00:00:00+05:30,2471.5708795685664,2477.5240812054235,2435.752352825584,2450.337890625,1195631
2025-10-31 00:00:00+05:30,2449.742476349403,2460.160579225737,2433.7679550444664,2446.269775390625,1401937
2025-11-03 00:00:00+05:30,2436.943259855451,2455.5964317532575,2421.2664466287306,2440.812744140625,1049185
2025-11-04 00:00:00+05:30,2440.812780562824,2444.0870900572017,2422.2586830765586,2426.624267578125,1251588
2025-11-05 00:00:00+05:30,2426.624267578125,2426.624267578125,2426.624267578125,2426.624267578125,0
2025-11-06 00:00:00+05:30,2444.682292267998,2444.682292267998,2413.6266157779787,2417.0,1329256
2025-11-07 00:00:00+05:30,2417.0,2425.0,2400.60009765625,2414.0,817896
2025-11-10 00:00:00+05:30,2405.0,2429.300048828125,2404.0,2408.800048828125,780558
2025-11-11 00:00:00+05:30,2422.199951171875,2433.699951171875,2403.10009765625,2427.5,1422399
2025-11-12 00:00:00+05:30,2430.60009765625,2434.800048828125,2416.199951171875,2424.5,1680827
2025-11-13 00:00:00+05:30,2429.0,2431.0,2405.0,2407.60009765625,1256059
2025-11-14 00:00:00+05:30,2405.10009765625,2430.199951171875,2392.0,2427.699951171875,975973
2025-11-17 00:00:00+05:30,2431.39990234375,2438.39990234375,2416.0,2425.0,920038
2025-11-18 00:00:00+05:30,2415.800048828125,2422.89990234375,2401.89990234375,2404.0,1229034
2025-11-19 00:00:00+05:30,2412.0,2450.699951171875,2411.0,2441.60009765625,1465143
2025-11-20 00:00:00+05:30,2445.10009765625,2459.0,2425.0,2428.39990234375,1396929
2025-11-21 00:00:00+05:30,2436.199951171875,2443.199951171875,2413.0,2433.699951171875,1840712
2025-11-24 00:00:00+05:30,2441.89990234375,2444.89990234375,2413.0,2424.199951171875,4092327
2025-11-25 00:00:00+05:30,2422.0,2424.199951171875,2406.0,2414.10009765625,1240672
2025-11-26 00:00:00+05:30,2412.0,2427.699951171875,2409.0,2425.199951171875,1242683
2025-11-27 00:00:00+05:30,2426.10009765625,2459.699951171875,2425.0,2451.699951171875,1872248
2025-11-28 00:00:00+05:30,2450.0,2470.0,2447.199951171875,2466.60009765625,973225
2025-12-01 00:00:00+05:30,2466.60009765625,2488.0,2458.800048828125,2464.5,1924828
2025-12-02 00:00:00+05:30,2471.0,2484.39990234375,2460.0,2477.800048828125,2179406
2025-12-03 00:00:00+05:30,2478.199951171875,2484.89990234375,2403.10009765625,2448.0,3535932
2025-12-04 00:00:00+05:30,2440.0,2483.0,2423.199951171875,2462.199951171875,2587753
2025-12-05 00:00:00+05:30,2422.0,2422.0,2286.699951171875,2338.60009765625,4008271
2025-12-08 00:00:00+05:30,2350.10009765625,2355.10009765625,2302.0,2314.0,1898154
2025-12-09 00:00:00+05:30,2318.0,2330.39990234375,2298.10009765625,2306.5,1471488
2025-12-10 00:00:00+05:30,2306.5,2316.89990234375,2295.0,2301.699951171875,2857290
2025-12-11 00:00:00+05:30,2296.300048828125,2313.0,2292.0,2305.60009765625,1108032
2025-12-12 00:00:00+05:30,2306.89990234375,2309.0,2244.699951171875,2260.60009765625,3203114
2025-12-15 00:00:00+05:30,2260.60009765625,2299.0,2252.0,2293.5,1274115
2025-12-16 00:00:00+05:30,2293.39990234375,2302.699951171875,2276.0,2281.10009765625,1256042
2025-12-17 00:00:00+05:30,2281.199951171875,2286.199951171875,2268.300048828125,2275.60009765625,808100
2025-12-18 00:00:00+05:30,2270.0,2278.300048828125,2255.300048828125,2265.5,1057295
2025-12-19 00:00:00+05:30,2263.699951171875,2284.800048828125,2263.699951171875,2280.0,1237214
2025-12-22 00:00:00+05:30,2280.0,2295.0,2280.0,2289.5,790773
2025-12-23 00:00:00+05:30,2289.300048828125,2310.0,2280.699951171875,2302.60009765625,1128801
2025-12-24 00:00:00+05:30,2302.60009765625,2305.0,2278.10009765625,2282.199951171875,519380
2025-12-25 00:00:00+05:30,2282.199951171875,2282.199951171875,2282.199951171875,2282.199951171875,0
2025-12-26 00:00:00+05:30,2282.300048828125,2290.0,2275.0,2285.39990234375,533626
2025-12-29 00:00:00+05:30,2288.89990234375,2298.699951171875,2280.0,2293.300048828125,1086695
2025-12-30 00:00:00+05:30,2293.300048828125,2298.0,2283.0,2290.199951171875,1556717
2025-12-31 00:00:00+05:30,2290.0,2325.5,2286.800048828125,2315.89990234375,1324220
2026-01-01 00:00:00+05:30,2322.0,2326.0,2300.0,2323.0,758866
2026-01-02 00:00:00+05:30,2326.0,2357.699951171875,2322.0,2348.0,973413
