Date,Open,High,Low,Close,Volume
2021-01-04 00:00:00+05:30,1117.1265862270766,1135.6133146043567,1110.2160925877665,1134.07275390625,7208454
2021-01-05 00:00:00+05:30,1128.5705521657621,1143.5359963052456,1122.4523694578306,1138.9583740234375,8145280
2021-01-06 00:00:00+05:30,1144.4163232794403,1146.1769637767932,1116.2901343186134,1128.6585693359375,7161715
2021-01-07 00:00:00+05:30,1140.8951348189516,1142.347684839273,1105.2421618558594,1111.0963134765625,10954918
2021-01-08 00:00:00+05:30,1125.2692978970617,1159.2056846592145,1125.2692978970617,1155.068115234375,13186251
2021-01-11 00:00:00+05:30,1181.4776855514658,1217.7908927756303,1179.6290346758822,1211.49658203125,20528626
2021-01-12 00:00:00+05:30,1213.0812248339826,1213.0812248339826,1197.2354613746127,1207.5792236328125,8309868
2021-01-13 00:00:00+05:30,1209.4280493067367,1226.1101838358318,1197.2356343753304,1221.1363525390625,14442997
2021-01-14 00:00:00+05:30,1197.2356405052901,1218.3633282789128,1160.6582880628148,1206.47900390625,27521697
2021-01-15 00:00:00+05:30,1197.2354338376977,1201.152815618445,1179.6290303989078,1183.986572265625,15018441
2021-01-18 00:00:00+05:30,1177.8684362961483,1179.629076709147,1149.6981896881687,1155.024169921875,8861765
2021-01-19 00:00:00+05:30,1162.022904326786,1171.7064285295091,1154.98034127026,1159.0738525390625,5585744
2021-01-20 00:00:00+05:30,1162.5070513124583,1187.023950937931,1162.5070513124583,1179.14501953125,8225838
2021-01-21 00:00:00+05:30,1188.4324547587196,1198.1600374653954,1175.227649705845,1179.3651123046875,6142421
2021-01-22 00:00:00+05:30,1168.1849060513318,1193.714191865566,1167.7888049454957,1180.3773193359375,9646591
2021-01-25 00:00:00+05:30,1184.0308472818467,1186.5837977384417,1155.8605966401967,1166.512451171875,6542611
2021-01-27 00:00:00+05:30,1161.6706896269554,1168.669300749039,1131.2996381464989,1145.2967529296875,8133665
2021-01-28 00:00:00+05:30,1137.197927864108,1141.2913317270973,1120.2517602809414,1123.46484375,4660690
2021-01-29 00:00:00+05:30,1132.3120643847108,1136.6256556459916,1083.6743644373792,1090.760986328125,12183519
2021-02-01 00:00:00+05:30,1100.8846773780538,1125.0053694528378,1092.4775748930736,1109.9959716796875,8880279
2021-02-02 00:00:00+05:30,1126.8098574237954,1139.4864898120056,1112.3725846333607,1119.1070556640625,6892490
2021-02-03 00:00:00+05:30,1124.7413219740633,1147.9377418137635,1120.647810835062,1130.903564453125,8182968
2021-02-04 00:00:00+05:30,1131.211624326662,1138.6063365926661,1119.811519034765,1126.23779296875,5032240
2021-02-05 00:00:00+05:30,1132.444092435958,1134.5128237163976,1110.9642549215084,1119.85546875,5477481
2021-02-08 00:00:00+05:30,1131.6516804227338,1153.2195265295848,1122.8484779301416,1147.54150390625,6921922
2021-02-09 00:00:00+05:30,1150.4907792397423,1172.5868003058606,1142.523836448464,1149.3023681640625,7965949
2021-02-10 00:00:00+05:30,1140.7191458914072,1148.2458203636193,1129.979173207175,1141.3353271484375,5951207
2021-02-11 00:00:00+05:30,1134.7328543695958,1140.8950964026346,1129.494991625902,1137.946044921875,4673317
2021-02-12 00:00:00+05:30,1148.8179986508705,1165.324004378613,1145.780936581356,1153.0435791015625,5797875
2021-02-15 00:00:00+05:30,1162.0226695746428,1169.4173807823101,1150.6665174479708,1152.911376953125,4363513
2021-02-16 00:00:00+05:30,1156.7408695352747,1161.8027112398622,1132.0919012346753,1135.96533203125,6896421
2021-02-17 00:00:00+05:30,1135.9653611845283,1139.574653000407,1122.4084067790798,1127.9544677734375,4575741
2021-02-18 00:00:00+05:30,1123.2885513919389,1149.698156832188,1122.408231210597,1137.769775390625,6437551
2021-02-19 00:00:00+05:30,1140.9830410327988,1143.976151339578,1123.992924885405,1136.757568359375,5389696
2021-02-22 00:00:00+05:30,1140.0148390885133,1151.9432226672286,1109.2036272212563,1113.78125,7371303
2021-02-23 00:00:00+05:30,1119.0191594830774,1136.4934957685794,1107.0468250167494,1114.7935791015625,6612942
2021-02-24 00:00:00+05:30,1109.247430250637,1123.816664023544,1102.1608101720976,1121.7919921875,4537258
2021-02-25 00:00:00+05:30,1134.2488192251344,1144.1964831051553,1119.767591082714,1122.012451171875,8788221
2021-02-26 00:00:00+05:30,1117.1262813583749,1121.7920211837343,1095.7785175105098,1103.3052978515625,15132388
2021-03-01 00:00:00+05:30,1112.1085808151993,1130.7713265603418,1108.3231608715223,1115.36572265625,5756286
2021-03-02 00:00:00+05:30,1128.7906813469826,1153.2195691671259,1126.1056615030825,1148.3778076171875,10461434
2021-03-03 00:00:00+05:30,1161.3186288892,1185.7915789976744,1151.459083391951,1182.7545166015625,9056399
2021-03-04 00:00:00+05:30,1175.2276663901384,1200.6248869768604,1167.2167727031958,1171.1341552734375,12041941
2021-03-05 00:00:00+05:30,1169.5056212884995,1179.629305627843,1148.8621514244057,1159.1177978515625,6486176
2021-03-08 00:00:00+05:30,1166.2484743431805,1184.999233830919,1159.5579535326617,1175.887939453125,5119392
2021-03-09 00:00:00+05:30,1170.3858309444852,1188.8284981205222,1160.9223877834072,1184.5150146484375,6518173
2021-03-10 00:00:00+05:30,1194.5066746296966,1209.5601307472373,1192.8340445141969,1204.4102783203125,7925984
2021-03-12 00:00:00+05:30,1208.679900443683,1225.1418488200293,1206.0829982668909,1210.3084716796875,9462061
2021-03-15 00:00:00+05:30,1206.0386325529785,1214.7538237256626,1195.9149506008914,1209.207763671875,6658635
2021-03-16 00:00:00+05:30,1220.1681030798554,1237.7304516389881,1215.282281996887,1218.3634033203125,9352771
2021-03-17 00:00:00+05:30,1225.6258315654993,1232.4483132998378,1216.602549271697,1221.004150390625,7626744
2021-03-18 00:00:00+05:30,1226.9464622249845,1226.9464622249845,1156.3007556107748,1177.0762939453125,10961755
2021-03-19 00:00:00+05:30,1170.826045008895,1193.0100744562515,1160.2622009937772,1183.546630859375,12767112
2021-03-22 00:00:00+05:30,1188.5203483359587,1211.320664308968,1176.1958648328152,1206.7430419921875,4862758
2021-03-23 00:00:00+05:30,1208.1956447443526,1217.7031476926572,1196.8835495202284,1207.4034423828125,7165335
2021-03-24 00:00:00+05:30,1195.3429344263322,1206.4349490534235,1185.1312401261687,1191.733642578125,6134303
2021-03-25 00:00:00+05:30,1185.5713696026812,1190.6332113514952,1168.713214286175,1174.1712646484375,8749994
2021-03-26 00:00:00+05:30,1183.7666580566158,1194.3305015997794,1172.586633291157,1176.283935546875,4922071
2021-03-30 00:00:00+05:30,1185.7032525089942,1232.4482318089863,1176.2398107290323,1219.507568359375,10546381
2021-03-31 00:00:00+05:30,1216.60281451006,1221.884737004315,1200.140865720694,1204.3223876953125,8220987
2021-04-01 00:00:00+05:30,1214.841933392189,1225.0536267024227,1206.919051217892,1219.4195556640625,5675155
2021-04-05 00:00:00+05:30,1224.52562000315,1254.4565122246502,1221.0043385653262,1241.1636962890625,9479572
2021-04-06 00:00:00+05:30,1252.6956870826855,1255.3366477722484,1238.1263442942102,1242.1759033203125,5793571
2021-04-07 00:00:00+05:30,1241.4717105113793,1263.2155790672348,1238.2585199049374,1259.0340576171875,5879234
2021-04-08 00:00:00+05:30,1258.857920022219,1277.9608258941146,1250.9350380080934,1267.529052734375,5654434
2021-04-09 00:00:00+05:30,1280.8659961023566,1280.8659961023566,1258.9020482944743,1268.5855712890625,6052712
2021-04-12 00:00:00+05:30,1297.5922809609524,1300.7174613927093,1245.6533769062062,1255.1168212890625,20384532
2021-04-13 00:00:00+05:30,1261.4991628553278,1263.4798838018905,1210.4405784550424,1229.939697265625,14855206
2021-04-15 00:00:00+05:30,1172.850803933445,1202.869705317751,1162.0228210258588,1197.8958740234375,25342491
2021-04-16 00:00:00+05:30,1201.6372462560596,1206.78709867639,1185.4393307483979,1191.733642578125,10879878
2021-04-19 00:00:00+05:30,1179.6292029840504,1214.577875938815,1172.8947311912377,1199.48046875,12508028
2021-04-20 00:00:00+05:30,1213.9618526540346,1213.9618526540346,1181.7421469474377,1189.6209716796875,8560766
2021-04-22 00:00:00+05:30,1193.3182467166828,1201.4612096354417,1184.1628939428558,1189.4007568359375,6622446
2021-04-23 00:00:00+05:30,1182.2701684621502,1187.0239195967097,1171.7063248124512,1174.1712646484375,7316262
2021-04-26 00:00:00+05:30,1172.8068530955097,1189.5769997026998,1162.9032485938587,1182.7545166015625,7088606
2021-04-27 00:00:00+05:30,1184.9112595447489,1191.0735023507023,1179.7614066919707,1187.112060546875,3636115
2021-04-28 00:00:00+05:30,1195.474873860677,1196.7953542073567,1183.6785612714787,1193.7142333984375,4879234
2021-04-29 00:00:00+05:30,1204.278214298539,1205.1585346306288,1189.6649182780477,1194.0224609375,5412357
2021-04-30 00:00:00+05:30,1185.1752051566957,1209.4720227612527,1184.8230555616503,1192.26171875,8354677
2021-05-03 00:00:00+05:30,1180.3334575384226,1198.1158839558777,1177.8685178052642,1190.237060546875,4560337
2021-05-04 00:00:00+05:30,1191.953709880542,1192.7899711977664,1165.632110895416,1170.2978515625,4887060
2021-05-05 00:00:00+05:30,1180.597435377813,1183.0623749987185,1168.8892408309257,1180.9495849609375,3939788
2021-05-06 00:00:00+05:30,1184.0308687459922,1201.3731366272477,1177.3404555895117,1198.6441650390625,4810090
2021-05-07 00:00:00+05:30,1201.90132974289,1208.7238119609947,1187.1119059502223,1190.67724609375,4991435
2021-05-10 00:00:00+05:30,1188.3001433034078,1190.9851627686044,1175.2714694468525,1179.23291015625,7195348
2021-05-11 00:00:00+05:30,1176.9003177121128,1180.5096097171875,1166.5124944185009,1171.3983154296875,6420988
2021-05-12 00:00:00+05:30,1170.826019540081,1170.826019540081,1157.1810546507043,1168.18505859375,5241898
2021-05-14 00:00:00+05:30,1168.0529416338368,1168.0529416338368,1154.3640257610134,1158.8536376953125,4824609
2021-05-17 00:00:00+05:30,1162.2869581655425,1175.18356484798,1162.2869581655425,1170.2978515625,5017129
2021-05-18 00:00:00+05:30,1177.868387979536,1183.678479611907,1170.3856665312355,1179.6290283203125,5620150
2021-05-19 00:00:00+05:30,1181.389760373329,1194.990665077294,1173.6869582844565,1176.9881591796875,4435878
2021-05-20 00:00:00+05:30,1187.0239550381152,1187.640136285022,1175.227641118216,1179.0130615234375,4490092
2021-05-21 00:00:00+05:30,1186.2317998526325,1195.035004304229,1185.2194098485004,1192.39404296875,4969733
2021-05-24 00:00:00+05:30,1194.286553380612,1199.8765657788765,1184.1188109576708,1186.7158203125,4225371
2021-05-25 00:00:00+05:30,1195.4750332766225,1204.2782367617228,1192.3498530550198,1198.6441650390625,4099340
2021-05-26 00:00:00+05:30,1204.1900880483613,1232.4483465009394,1199.040236092676,1230.0274658203125,6850024
2021-05-27 00:00:00+05:30,1236.1456586607087,1246.7535607141913,1225.141655477,1234.4290771484375,15365391
2021-05-28 00:00:00+05:30,1241.0317502261044,1244.7731121260588,1229.015354631699,1236.894287109375,4261312
2021-05-31 00:00:00+05:30,1247.0825051236686,1247.0825051236686,1230.6208380920684,1240.1864013671875,4429904
2021-06-01 00:00:00+05:30,1245.747646371303,1246.6374661187112,1226.7500164882556,1234.35791015625,4791325
2021-06-02 00:00:00+05:30,1228.618599720327,1238.5845373091192,1214.6039388870151,1226.75,9272276
2021-06-03 00:00:00+05:30,1235.1589437566838,1244.858002094692,1225.3264993342227,1236.5382080078125,5115645
2021-06-04 00:00:00+05:30,1240.364321328493,1242.9893550263232,1225.8603231227744,1232.9788818359375,4194328
2021-06-07 00:00:00+05:30,1237.7394431120204,1238.6292629848542,1225.5489543024312,1236.5382080078125,5154576
2021-06-08 00:00:00+05:30,1242.1884714890496,1265.1013319051262,1241.7880960173904,1257.2708740234375,7360630
2021-06-09 00:00:00+05:30,1257.6713811300513,1267.9932695298262,1249.8409231050714,1259.362060546875,5394317
2021-06-10 00:00:00+05:30,1267.1034939893893,1271.5525933362621,1262.6543946425165,1267.3704833984375,3496575
2021-06-11 00:00:00+05:30,1272.531329937339,1291.6624564744493,1271.952925317914,1287.4803466796875,6140828
2021-06-14 00:00:00+05:30,1308.9249463009223,1314.2638651845425,1293.3085651180995,1300.7386474609375,7132294
2021-06-15 00:00:00+05:30,1302.6963762121,1313.3742153613796,1301.8065562829934,1311.505615234375,5403104
2021-06-16 00:00:00+05:30,1310.4375650008872,1325.3420465256531,1305.8105455279979,1317.4671630859375,7661710
2021-06-17 00:00:00+05:30,1312.5729412168996,1337.0875159708155,1312.5729412168996,1330.54736328125,7677951
2021-06-18 00:00:00+05:30,1342.7381895981773,1348.7890081884066,1323.518102047729,1337.666259765625,13533974
2021-06-21 00:00:00+05:30,1328.5010975180908,1339.8908355733147,1320.6706390275504,1334.996826171875,5454052
2021-06-22 00:00:00+05:30,1343.3610354471275,1353.8164190842874,1336.598426052742,1345.274169921875,6427862
2021-06-23 00:00:00+05:30,1356.9755043221815,1356.9755043221815,1333.528768971621,1337.532958984375,5529809
2021-06-24 00:00:00+05:30,1349.8568680132712,1395.9050505575603,1344.6958688402606,1387.4072265625,10785137
2021-06-25 00:00:00+05:30,1398.7967123676879,1404.135631117183,1372.9919384117954,1400.7542724609375,9780240
2021-06-28 00:00:00+05:30,1399.59755444848,1406.048747856994,1388.6527277002867,1398.6187744140625,5019178
2021-06-29 00:00:00+05:30,1389.0087116988348,1400.2649539245465,1387.4069926061065,1390.8328857421875,5913567
2021-06-30 00:00:00+05:30,1398.8412739382577,1415.7033158675802,1398.8412739382577,1406.627197265625,6058722
2021-07-01 00:00:00+05:30,1403.1123459447122,1403.1123459447122,1387.27361849601,1388.474853515625,4814317
2021-07-02 00:00:00+05:30,1387.184456554028,1396.5275639340105,1372.6359253578846,1395.0594482421875,5166064
2021-07-05 00:00:00+05:30,1396.260666681678,1410.3642878359224,1389.0531485121203,1404.9808349609375,4058338
2021-07-06 00:00:00+05:30,1400.309589417197,1411.921783026772,1385.5386002081234,1390.07666015625,4089574
2021-07-07 00:00:00+05:30,1393.5023400140276,1397.50652911051,1374.46017458664,1392.2120361328125,4797120
2021-07-08 00:00:00+05:30,1395.237571079609,1402.3561301157295,1378.330993368823,1388.786376953125,3326813
2021-07-09 00:00:00+05:30,1384.5596842120967,1396.9282018298825,1380.11058496977,1390.699462890625,3436594
2021-07-12 00:00:00+05:30,1397.5067165820512,1404.135831527272,1364.7613001298819,1377.3077392578125,4588982
2021-07-13 00:00:00+05:30,1384.9156755957686,1384.9156755957686,1367.0303178269412,1374.7271728515625,4456160
2021-07-14 00:00:00+05:30,1382.7800855630126,1408.406941407783,1368.6319278283077,1403.156982421875,5657716
2021-07-15 00:00:00+05:30,1386.2503019190274,1420.9087400251894,1384.5596225581112,1406.627197265625,10021355
2021-07-16 00:00:00+05:30,1400.3539365234356,1401.1547960825774,1378.8647662261394,1384.0701904296875,6265593
2021-07-19 00:00:00+05:30,1374.5046646004569,1381.8012524671824,1368.142539635368,1371.835205078125,5669162
2021-07-20 00:00:00+05:30,1368.8097547336988,1386.0721708593665,1368.5427653624465,1379.26513671875,5069939
2021-07-22 00:00:00+05:30,1389.3648289179616,1417.349621633581,1389.3648289179616,1414.9915771484375,7854575
2021-07-23 00:00:00+05:30,1413.5231745278556,1422.3768373867888,1410.408805475085,1415.2137451171875,4179719
2021-07-26 00:00:00+05:30,1418.4619719483774,1434.0783556443762,1418.4619719483774,1427.1822509765625,4586710
2021-07-27 00:00:00+05:30,1428.1607278743518,1431.9869963256106,1421.8430292446305,1425.980712890625,5892859
2021-07-28 00:00:00+05:30,1428.2496701996365,1430.474219592079,1410.8092246870028,1428.694580078125,4686788
2021-07-29 00:00:00+05:30,1423.8006466353795,1441.5080824588358,1423.8006466353795,1438.838623046875,4660873
2021-07-30 00:00:00+05:30,1432.6098996635847,1444.5335068880067,1429.184115105897,1433.0548095703125,6234257
2021-08-02 00:00:00+05:30,1448.1374179509676,1454.633146961414,1440.7964034457334,1451.7857666015625,5553389
2021-08-03 00:00:00+05:30,1465.5333543568822,1475.89977776786,1455.3893859177253,1472.829833984375,5513668
2021-08-04 00:00:00+05:30,1485.1981793032805,1494.8082764158198,1458.4591599744758,1467.5352783203125,6740391
2021-08-05 00:00:00+05:30,1467.7578804023244,1482.4399083057124,1465.5778651618755,1471.3616943359375,5420536
2021-08-06 00:00:00+05:30,1474.43131085115,1477.679174629946,1462.863654218039,1468.3804931640625,3754855
2021-08-09 00:00:00+05:30,1477.990724476605,1483.7300188807942,1464.9993767983387,1480.037353515625,5018477
2021-08-10 00:00:00+05:30,1484.21972670806,1494.8975664685497,1478.0355212950178,1492.4505615234375,6846517
2021-08-11 00:00:00+05:30,1490.270402517081,1498.456702096927,1484.2195837872175,1492.7174072265625,4899639
2021-08-12 00:00:00+05:30,1494.1408800295676,1509.5792312272279,1489.5582865159915,1503.439453125,5659579
2021-08-13 00:00:00+05:30,1510.0242207840076,1532.714625987303,1504.9522913044452,1523.5494384765625,5612790
2021-08-16 00:00:00+05:30,1519.5453491889418,1530.44564260102,1503.8845411944826,1516.6090087890625,4564109
2021-08-17 00:00:00+05:30,1516.1639420394988,1556.205832064848,1500.7255906093967,1549.754638671875,9510390
2021-08-18 00:00:00+05:30,1538.4984751157394,1562.078700442846,1536.7188354684106,1542.4581298828125,6686090
2021-08-20 00:00:00+05:30,1527.0196207594406,1552.7354327450637,1527.0196207594406,1542.0130615234375,6206972
2021-08-23 00:00:00+05:30,1544.5046130467626,1559.987498240279,1541.1677890231847,1547.174072265625,6189051
2021-08-24 00:00:00+05:30,1557.1847301908044,1563.4134691115678,1523.9944064933602,1531.2464599609375,7602939
2021-08-25 00:00:00+05:30,1528.710401441141,1554.4262151336206,1528.710401441141,1544.3267822265625,6153253
2021-08-26 00:00:00+05:30,1542.947705689931,1553.6255444836327,1530.4902270972784,1537.341796875,5302248
2021-08-27 00:00:00+05:30,1534.9392077288335,1537.3416778231317,1517.3207316353644,1520.524169921875,6698514
2021-08-30 00:00:00+05:30,1515.407839780284,1529.289008639401,1504.1515962050153,1510.958740234375,6559667
2021-08-31 00:00:00+05:30,1512.8271837232185,1526.0409862826573,1500.1027168908208,1518.4329833984375,12255438
2021-09-01 00:00:00+05:30,1521.1469197245544,1521.1469197245544,1488.8019923220322,1492.8951416015625,7801974
2021-09-02 00:00:00+05:30,1492.5392460722514,1507.6217571200289,1479.4589382302909,1502.99462890625,6830050
2021-09-03 00:00:00+05:30,1509.1788235490428,1517.987952137385,1498.812401784732,1513.27197265625,5339139
2021-09-06 00:00:00+05:30,1517.276191594575,1541.1678305226144,1512.1151935175735,1539.744140625,4876026
2021-09-07 00:00:00+05:30,1539.3883559665105,1543.748494999435,1516.2530396340658,1518.611083984375,3520341
2021-09-08 00:00:00+05:30,1513.450109310874,1513.450109310874,1497.522311859604,1506.6875,4584896
2021-09-09 00:00:00+05:30,1500.1471869196148,1508.155564929437,1496.8103627488554,1505.2191162109375,3331674
2021-09-13 00:00:00+05:30,1497.5667877701696,1514.0284547777442,1490.6261495836065,1505.4862060546875,4662374
2021-09-14 00:00:00+05:30,1509.089797491508,1509.089797491508,1493.6514461855788,1500.36962890625,4945167
2021-09-15 00:00:00+05:30,1506.6872821089974,1526.1298217987796,1503.973288440521,1522.8819580078125,4062344
2021-09-16 00:00:00+05:30,1526.2188010957557,1529.8226145535493,1505.0855819038713,1514.6956787109375,3246568
2021-09-17 00:00:00+05:30,1510.024077435578,1528.7102917114455,1498.8567964082,1504.9521484375,7454864
2021-09-20 00:00:00+05:30,1499.3463595187543,1519.5452254836232,1493.0730864950874,1501.88232421875,5660743
2021-09-21 00:00:00+05:30,1512.693707466829,1536.4963878637336,1499.0349948323485,1529.11083984375,4672222
2021-09-22 00:00:00+05:30,1527.8206497121014,1547.3077257336527,1524.3059048281496,1527.731689453125,4553892
2021-09-23 00:00:00+05:30,1541.1681422798085,1552.735801546343,1531.4690831706716,1550.5557861328125,3826090
2021-09-24 00:00:00+05:30,1564.3033644373813,1590.9979611001354,1559.3648206065352,1569.5087890625,8280446
2021-09-27 00:00:00+05:30,1573.868704627012,1574.0911595675952,1528.7993119407154,1531.5133056640625,5045337
2021-09-28 00:00:00+05:30,1521.5918610046667,1521.5918610046667,1490.4481679431676,1501.2149658203125,6557197
2021-09-29 00:00:00+05:30,1476.4336727196999,1513.939603321405,1472.6519381353644,1505.7977294921875,7792548
2021-09-30 00:00:00+05:30,1515.3632568348667,1515.3632568348667,1486.088161035665,1490.626220703125,6914031
2021-10-01 00:00:00+05:30,1481.638937241155,1493.9629198300943,1478.2131527121837,1481.6834716796875,5733906
2021-10-04 00:00:00+05:30,1488.2235386465702,1502.0157448343261,1481.905840116939,1493.784912109375,2947154
2021-10-05 00:00:00+05:30,1486.8889928896642,1515.3186940990138,1479.7704339769668,1506.287109375,4373310
2021-10-06 00:00:00+05:30,1514.562000613029,1520.7017779062187,1485.9988116462173,1489.15771484375,4271698
2021-10-07 00:00:00+05:30,1501.1260234848555,1516.4308808095564,1491.9164101508402,1504.685302734375,5476108
2021-10-08 00:00:00+05:30,1517.3651456732186,1540.7229143721906,1511.2699020416023,1533.915771484375,4738376
2021-10-11 00:00:00+05:30,1496.6770247342997,1539.3883785911644,1480.393277628134,1504.640869140625,8840633
2021-10-12 00:00:00+05:30,1492.227805300915,1502.9056429059303,1478.8805082946456,1499.4798583984375,7439300
2021-10-13 00:00:00+05:30,1509.089892174887,1524.839768285372,1494.9418438218438,1520.8800048828125,7104171
2021-10-14 00:00:00+05:30,1560.7441073282457,1587.082754690168,1511.0921133732145,1526.70849609375,19655776
2021-10-18 00:00:00+05:30,1548.2863096595104,1600.7856730330225,1548.2863096595104,1594.6904296875,13438109
2021-10-19 00:00:00+05:30,1614.132957389513,1632.374261483496,1585.92571597046,1621.385009765625,10324260
2021-10-20 00:00:00+05:30,1627.8365170060551,1644.3871451191753,1596.381405840583,1603.766845703125,5876115
2021-10-21 00:00:00+05:30,1614.1333502159036,1614.1333502159036,1554.3819202960854,1560.4327392578125,8779629
2021-10-22 00:00:00+05:30,1557.0955638084176,1568.9301010189083,1518.9222757517034,1530.31201171875,7369809
2021-10-25 00:00:00+05:30,1532.3143756306038,1539.1659452933711,1501.3040657577042,1519.4119873046875,5905209
2021-10-26 00:00:00+05:30,1535.1217839102844,1549.9787485385702,1522.419225446703,1529.4212646484375,5871709
2021-10-27 00:00:00+05:30,1534.2688202556412,1556.7563923180637,1527.132103632975,1552.0882568359375,5090259
2021-10-28 00:00:00+05:30,1543.470216730493,1548.3178492492198,1518.9629177698796,1529.6007080078125,5329972
2021-10-29 00:00:00+05:30,1525.202233489638,1537.4110110876818,1491.1343404418649,1497.14892578125,5875091
2021-11-01 00:00:00+05:30,1505.901345498359,1532.5631615525838,1504.5547869181817,1526.1446533203125,3636806
2021-11-02 00:00:00+05:30,1521.6112310437475,1531.8899179452385,1513.8460544672046,1524.214599609375,3471772
2021-11-03 00:00:00+05:30,1534.1789588065574,1541.764527730392,1525.2019022892575,1528.3438720703125,3530713
2021-11-04 00:00:00+05:30,1539.565502687233,1541.3609143521744,1530.5884443625262,1533.909912109375,483407
2021-11-08 00:00:00+05:30,1553.0310005901529,1562.9057641777204,1528.792944511578,1559.7637939453125,5245903
2021-11-09 00:00:00+05:30,1557.294978023841,1570.9849900802546,1549.4400530734397,1564.252197265625,4016134
2021-11-10 00:00:00+05:30,1549.4400206968505,1571.83773382555,1545.8042688196354,1562.142578125,4780368
2021-11-11 00:00:00+05:30,1555.679123526493,1561.7835664122908,1534.179114814545,1555.993408203125,4731349
2021-11-12 00:00:00+05:30,1564.7010936682932,1600.4746452356892,1560.257494120251,1598.095703125,5069009
2021-11-15 00:00:00+05:30,1599.8016244871606,1615.8705816322622,1593.8767876044897,1604.3350830078125,4354074
2021-11-16 00:00:00+05:30,1606.8933627342767,1623.904843607028,1595.2231874741956,1608.9581298828125,6034233
2021-11-17 00:00:00+05:30,1609.1826354637128,1617.665911755888,1598.5447336715406,1604.604248046875,4732492
2021-11-18 00:00:00+05:30,1599.352472206742,1606.3994401188306,1579.0643450623231,1597.3775634765625,4326924
2021-11-22 00:00:00+05:30,1601.507248210904,1602.7640583268196,1572.0176327375686,1579.4237060546875,6621839
2021-11-23 00:00:00+05:30,1557.609061572099,1568.5162072074827,1535.0766715265677,1559.2249755859375,8436160
2021-11-24 00:00:00+05:30,1562.0080883098099,1562.4569412087494,1515.3273868200913,1522.509033203125,7333061
2021-11-25 00:00:00+05:30,1526.0997437189671,1549.6195900535836,1523.3616974043014,1546.2083740234375,4476260
2021-11-26 00:00:00+05:30,1528.3890188200792,1542.5727043871634,1511.7365327759849,1518.60400390625,4494181
2021-11-29 00:00:00+05:30,1518.0204162933412,1536.8722369569487,1498.4055676623748,1522.8231201171875,3942776
2021-11-30 00:00:00+05:30,1530.1842942257836,1552.9411117960724,1526.1446185772156,1537.4556884765625,14808963
2021-12-01 00:00:00+05:30,1539.5654566717308,1563.713764760079,1537.7700450604518,1539.4757080078125,5193264
2021-12-02 00:00:00+05:30,1539.5653465965966,1571.4339004182755,1536.288698723639,1569.4140625,5559574
2021-12-03 00:00:00+05:30,1589.926680297916,1603.8860489685592,1555.3201883320971,1558.0133056640625,6754012
2021-12-06 00:00:00+05:30,1553.030961200896,1556.5768551113895,1518.4692895209917,1521.880615234375,3991449
2021-12-07 00:00:00+05:30,1527.0873870655005,1548.4528299545664,1520.7136974991224,1536.5582275390625,4202122
2021-12-08 00:00:00+05:30,1555.723899346417,1579.7824547218154,1555.3647951679527,1573.9921875,3029169
2021-12-09 00:00:00+05:30,1579.0645790008737,1588.4007416916018,1563.8035796586253,1583.059326171875,2082171
2021-12-10 00:00:00+05:30,1579.962097662356,1583.3284941772615,1567.394217340042,1579.288818359375,1823469
2021-12-13 00:00:00+05:30,1586.2910039483113,1590.1510729588513,1560.930816277759,1566.182373046875,4040584
2021-12-14 00:00:00+05:30,1553.8389138318717,1582.6552466615897,1535.3910167263787,1572.9151611328125,4768144
2021-12-15 00:00:00+05:30,1566.4965354752162,1569.144723607344,1545.1310947683974,1556.80126953125,3053149
2021-12-16 00:00:00+05:30,1582.3411870879927,1595.761845276833,1578.166833104262,1590.3756103515625,4481031
2021-12-17 00:00:00+05:30,1633.8243744151991,1653.5738998202182,1621.9297738871765,1634.58740234375,18887243
2021-12-20 00:00:00+05:30,1617.3966895016702,1642.4876353630161,1604.4698121019235,1614.8831787109375,5773891
2021-12-21 00:00:00+05:30,1616.7681538657364,1649.98326863144,1616.7681538657364,1626.2838134765625,5353584
2021-12-22 00:00:00+05:30,1638.3130567405199,1642.0385576629037,1626.9570566497555,1638.043701171875,4156428
2021-12-23 00:00:00+05:30,1643.9236011741514,1671.1689478831108,1640.1083518608461,1667.578125,4112933
2021-12-24 00:00:00+05:30,1681.357909134367,1683.871529020571,1664.346429323811,1672.8746337890625,3780347
2021-12-27 00:00:00+05:30,1669.732749649534,1682.7494834505653,1656.3120920810711,1675.253662109375,2647733
2021-12-28 00:00:00+05:30,1688.3151125796455,1701.960305344771,1686.2504551628035,1694.868408203125,3340933
2021-12-29 00:00:00+05:30,1690.8287268200424,1700.0751395868292,1684.4550381126232,1692.6690673828125,3236635
2021-12-30 00:00:00+05:30,1691.7264690178984,1714.4384680998746,1682.6147338295473,1699.2222900390625,4584738
2021-12-31 00:00:00+05:30,1696.6638809222288,1704.1597020773836,1680.191002196057,1694.64404296875,4619420
2022-01-03 00:00:00+05:30,1694.6441036073452,1718.2538096972232,1694.6441036073452,1704.24951171875,3329616
2022-01-04 00:00:00+05:30,1704.2495919258429,1711.610845493857,1685.891551505521,1704.8780517578125,3921999
2022-01-05 00:00:00+05:30,1705.6408706210877,1708.244239129732,1651.7785273383165,1655.952880859375,6995719
2022-01-06 00:00:00+05:30,1641.0062872454457,1641.0062872454457,1615.8705235458438,1631.8497314453125,6449205
2022-01-07 00:00:00+05:30,1629.7400377303693,1648.1879367379352,1621.9749698126514,1628.707763671875,4834389
2022-01-10 00:00:00+05:30,1629.3359737764672,1678.6200425032102,1627.5405622351159,1661.428955078125,7857560
2022-01-11 00:00:00+05:30,1665.2443573891978,1678.7099451847978,1660.8905059186006,1665.782958984375,5142287
2022-01-12 00:00:00+05:30,1677.7223862621913,1695.7662508688193,1669.7327827506638,1685.397705078125,5362535
2022-01-13 00:00:00+05:30,1710.1294538640775,1716.8622469895265,1675.4331047076187,1702.768310546875,14277630
2022-01-14 00:00:00+05:30,1689.4821810621609,1735.2651732163426,1688.5844753336473,1731.988525390625,7688506
2022-01-17 00:00:00+05:30,1740.2475651482325,1754.0273268080673,1733.0209898627827,1741.100341796875,5262464
2022-01-18 00:00:00+05:30,1725.480313542678,1746.0377984851907,1715.9197247602908,1724.2684326171875,3690315
2022-01-19 00:00:00+05:30,1720.0041749935306,1720.0041749935306,1672.2910936296498,1676.0615234375,5747770
2022-01-20 00:00:00+05:30,1655.369343931458,1658.9601668033267,1629.7847309693936,1637.1458740234375,5533463
2022-01-21 00:00:00+05:30,1611.3819108977614,1623.0520862970209,1594.3255006988436,1603.033203125,8252758
2022-01-24 00:00:00+05:30,1584.450634058544,1587.7272819323061,1551.2355216165236,1559.1353759765625,7116712
2022-01-25 00:00:00+05:30,1549.9790003909986,1562.0082814869138,1526.5488980853431,1545.9842529296875,9137653
2022-01-27 00:00:00+05:30,1527.895377174073,1534.8076684784055,1494.6802602789844,1506.8890380859375,11231734
2022-01-28 00:00:00+05:30,1509.0432779159291,1550.8315219794274,1507.6967193693058,1513.7113037109375,10998502
2022-01-31 00:00:00+05:30,1542.2584788669017,1570.536209998629,1539.8795367121913,1558.5966796875,8788872
2022-02-01 00:00:00+05:30,1585.4381259763172,1597.9162579975496,1557.2501431039855,1590.779541015625,5119935
2022-02-02 00:00:00+05:30,1605.995702026575,1609.4070279547248,1590.7347031811576,1604.2900390625,4253717
2022-02-03 00:00:00+05:30,1597.0184507985493,1597.0184507985493,1556.6216940329873,1560.706298828125,3832922
2022-02-04 00:00:00+05:30,1554.826504297,1574.5311035175866,1535.2116537431557,1562.99560546875,4700077
2022-02-07 00:00:00+05:30,1546.0287449587365,1554.8263048355502,1521.9702974467775,1539.5653076171875,4310209
2022-02-08 00:00:00+05:30,1535.0768311505972,1548.5424173887602,1522.5089506616448,1541.630126953125,6053401
2022-02-09 00:00:00+05:30,1557.5194614769207,1564.701107408803,1548.5424040620683,1559.584228515625,3867244
2022-02-10 00:00:00+05:30,1576.0571267076214,1592.4402566950537,1569.8629350970984,1588.580078125,4334630
2022-02-11 00:00:00+05:30,1562.00798096686,1567.3492862638898,1537.769926089788,1545.2657470703125,7551371
2022-02-14 00:00:00+05:30,1517.1227543219873,1542.7522979398288,1506.5747115034765,1510.12060546875,7459637
2022-02-15 00:00:00+05:30,1525.2022998447162,1568.0677558880272,1517.5268706884826,1560.437255859375,4669915
2022-02-16 00:00:00+05:30,1560.4370077977667,1575.8775027443555,1550.2031404107388,1555.993408203125,5350642
2022-02-17 00:00:00+05:30,1565.5986981054332,1570.0872264830289,1544.3231174289137,1548.36279296875,3937950
2022-02-18 00:00:00+05:30,1535.0769137031268,1546.298236171717,1529.24182601946,1532.3388671875,5602215
2022-02-21 00:00:00+05:30,1526.997484746324,1559.5842473898958,1518.469280099005,1553.6593017578125,5120890
2022-02-22 00:00:00+05:30,1526.0098748318906,1571.8826121857755,1518.065201649821,1556.935791015625,8878515
2022-02-23 00:00:00+05:30,1570.9850241223437,1578.3910963789203,1556.083130953027,1564.56640625,5478811
2022-02-24 00:00:00+05:30,1517.212402711859,1539.5203677498448,1499.6173926642882,1506.48486328125,13592379
2022-02-25 00:00:00+05:30,1539.5655406869953,1551.3703945920001,1505.452718211132,1521.2523193359375,9737281
2022-02-28 00:00:00+05:30,1510.1206091390077,1551.2805065421107,1494.6801136600138,1540.10400390625,15076542
2022-03-02 00:00:00+05:30,1535.0767183360242,1539.0266452589117,1518.0203103545127,1528.61328125,6771489
2022-03-03 00:00:00+05:30,1544.233485910162,1556.532121220316,1531.0821834995784,1544.8170166015625,7344147
2022-03-04 00:00:00+05:30,1521.8356673887606,1558.4171765738909,1509.043360495801,1547.016357421875,9074499
2022-03-07 00:00:00+05:30,1523.4065033725533,1571.88260896013,1522.508797713524,1561.8731689453125,9742588
2022-03-08 00:00:00+05:30,1542.6623753419804,1615.8703218106334,1542.6623753419804,1596.30029296875,10984500
2022-03-09 00:00:00+05:30,1607.7910342826165,1644.2378666327916,1607.7910342826165,1627.854736328125,10193515
2022-03-10 00:00:00+05:30,1656.0428266961933,1656.0428266961933,1625.027046496264,1639.12109375,6547182
2022-03-11 00:00:00+05:30,1628.4381055277083,1644.058206295609,1625.744988484388,1635.6197509765625,4758657
2022-03-14 00:00:00+05:30,1644.1930282991682,1701.1524149287986,1644.1930282991682,1697.292236328125,10289724
2022-03-15 00:00:00+05:30,1695.1826708755325,1695.1826708755325,1642.8015610504856,1651.1502685546875,7140443
2022-03-16 00:00:00+05:30,1674.2210817119692,1700.209617136358,1659.857790930526,1696.1251220703125,5233979
2022-03-17 00:00:00+05:30,1726.5574586044008,1726.5574586044008,1645.5395172103943,1664.885009765625,17731459
2022-03-21 00:00:00+05:30,1670.6303690877041,1693.880969488696,1652.766003084631,1663.49365234375,8362085
2022-03-22 00:00:00+05:30,1660.7556174235997,1696.6638469895154,1650.880854292973,1694.329833984375,5709382
2022-03-23 00:00:00+05:30,1702.947797209164,1705.6409144424942,1667.0395674314273,1680.8642578125,6192824
2022-03-24 00:00:00+05:30,1666.2765707577757,1700.7933134465572,1666.2765707577757,1693.701416015625,3784303
2022-03-25 00:00:00+05:30,1698.4591082189997,1700.25451953847,1667.9371157880028,1684.589599609375,3438588
2022-03-28 00:00:00+05:30,1675.118918136154,1688.4947556370578,1663.1345683715988,1682.2108154296875,4008555
2022-03-29 00:00:00+05:30,1682.2107806865477,1696.125219429775,1670.2264311695085,1693.072998046875,3917785
2022-03-30 00:00:00+05:30,1714.6179310358978,1722.6972825433968,1701.152345190066,1709.186767578125,7795839
2022-03-31 00:00:00+05:30,1705.640898756571,1717.3110733270107,1700.4341616533945,1711.7901611328125,5399145
2022-04-01 00:00:00+05:30,1693.8361285877643,1714.887394872627,1686.1608099209134,1708.827880859375,6171518
2022-04-04 00:00:00+05:30,1696.43952624763,1699.3570700816317,1681.4029541800826,1690.3350830078125,7364074
2022-04-05 00:00:00+05:30,1691.0982019168066,1696.3048297207965,1667.17432082566,1670.72021484375,5472024
2022-04-06 00:00:00+05:30,1665.244068875197,1667.488333118964,1635.7544586287402,1641.76904296875,5407453
2022-04-07 00:00:00+05:30,1634.7672265778747,1641.1409159802406,1622.6481980135563,1625.7452392578125,5797544
2022-04-08 00:00:00+05:30,1636.5176793751152,1649.9832664242795,1623.0520923259508,1628.9769287109375,5131446
2022-04-11 00:00:00+05:30,1628.4381324552166,1628.4381324552166,1582.2512182318208,1585.842041015625,8248407
2022-04-12 00:00:00+05:30,1577.7177902011679,1577.7177902011679,1551.0110452461267,1564.207275390625,6456184
2022-04-13 00:00:00+05:30,1575.4287009546981,1577.7178945069024,1554.8263973177552,1569.6834716796875,6257693
2022-04-18 00:00:00+05:30,1441.26661743651,1481.2145243041055,1427.3521779657744,1455.5401611328125,30523965
2022-04-19 00:00:00+05:30,1469.2300612636093,1469.2300612636093,1391.4438401538494,1402.21630859375,17044923
2022-04-20 00:00:00+05:30,1413.8865344992996,1433.007710513435,1403.114065665019,1425.287353515625,10678747
2022-04-21 00:00:00+05:30,1431.8406148458548,1460.7466950238763,1426.6788069866927,1453.2060546875,7766514
2022-04-22 00:00:00+05:30,1440.2342392008813,1445.9346489594298,1420.5296412592907,1423.267578125,8134245
2022-04-25 00:00:00+05:30,1411.9117934470682,1411.9117934470682,1395.1246284360798,1401.4085693359375,7000570
2022-04-26 00:00:00+05:30,1415.8615013776625,1429.1475906516841,1406.3010225615533,1419.2728271484375,5345435
2022-04-27 00:00:00+05:30,1411.8667052446997,1411.8667052446997,1391.7580747141747,1393.95751953125,8819356
2022-04-28 00:00:00+05:30,1409.3979147465427,1437.9449991460317,1398.1316646520672,1420.708984375,9245177
2022-04-29 00:00:00+05:30,1427.3519336332495,1433.9052284825837,1401.1389734023235,1407.198486328125,9831395
2022-05-02 00:00:00+05:30,1392.2520561261197,1393.9127900694812,1374.3876873910003,1383.36474609375,7072627
2022-05-04 00:00:00+05:30,1388.9752818655138,1409.3980885628416,1373.6245347920797,1378.47216796875,6220959
2022-05-05 00:00:00+05:30,1400.4658986154006,1426.8135404517482,1398.1317759996657,1422.998291015625,6144870
2022-05-06 00:00:00+05:30,1391.443763827706,1402.0815539119405,1378.0231081324582,1385.025146484375,6171472
2022-05-09 00:00:00+05:30,1382.466691754169,1424.4793597264752,1366.4426679254784,1409.7120361328125,6832202
2022-05-10 00:00:00+05:30,1398.6256138886934,1408.6350553142338,1387.8980735846474,1394.1370849609375,6212545
2022-05-11 00:00:00+05:30,1391.39899537121,1391.39899537121,1356.9720014786396,1370.572265625,7846080
2022-05-12 00:00:00+05:30,1359.1266447088979,1371.2456735751925,1350.4189418752976,1354.4586181640625,7034979
2022-05-13 00:00:00+05:30,1363.8843824412697,1372.8165107722343,1344.852954894135,1350.508544921875,6723761
2022-05-16 00:00:00+05:30,1355.5356309484275,1357.196364606125,1327.3925786728635,1336.7735595703125,6145331
2022-05-17 00:00:00+05:30,1341.9803117228055,1369.0012321589384,1329.4124315587235,1363.1212158203125,6516378
2022-05-18 00:00:00+05:30,1366.30805947183,1391.1744632386558,1351.3164182898859,1354.8173828125,6594126
2022-05-19 00:00:00+05:30,1329.502325378898,1332.8237930944929,1272.6326833436513,1281.160888671875,16561140
2022-05-20 00:00:00+05:30,1304.3664195619865,1316.709873291496,1298.7108296562692,1306.2965087890625,10488908
2022-05-23 00:00:00+05:30,1306.2516316480803,1335.7861731182122,1301.718283302418,1318.191162109375,5887569
2022-05-24 00:00:00+05:30,1318.370775493057,1319.2236617915048,1288.432307627861,1293.5941162109375,5693167
2022-05-25 00:00:00+05:30,1288.2077880074494,1294.9405813245614,1256.114806529215,1266.1690673828125,9630092
2022-05-26 00:00:00+05:30,1272.9466588849823,1283.719127084291,1263.1168254863983,1278.2879638671875,13040065
2022-05-27 00:00:00+05:30,1296.2422023774436,1316.934364203155,1290.362295335605,1311.8623046875,8284860
2022-05-30 00:00:00+05:30,1334.8883358094386,1373.4896797501283,1333.0929244633599,1370.6170654296875,10904213
2022-05-31 00:00:00+05:30,1370.5263940981097,1377.1490921324805,1350.0688109873222,1364.085205078125,16033857
2022-06-01 00:00:00+05:30,1372.6131828007306,1374.2008054510288,1335.5081512821491,1341.3597412109375,8738508
2022-06-02 00:00:00+05:30,1346.303797066686,1373.3840770354834,1338.6831873873698,1368.076904296875,7205840
2022-06-03 00:00:00+05:30,1383.4090071722164,1410.7160939809075,1377.1492158604615,1380.505859375,9395707
2022-06-06 00:00:00+05:30,1375.3345489968622,1394.0231097698384,1354.4686554434797,1388.0809326171875,6624883
2022-06-07 00:00:00+05:30,1378.8274543628195,1378.8274543628195,1363.1780324002411,1366.8975830078125,4904592
2022-06-08 00:00:00+05:30,1379.1449920306206,1379.1449920306206,1353.5616328125,1360.8193359375,4697608
2022-06-09 00:00:00+05:30,1347.2111042891397,1376.196511023312,1344.0358592621958,1374.427490234375,4361061
2022-06-10 00:00:00+05:30,1348.208985661335,1355.3305843397889,1336.868825108461,1339.77197265625,6516436
2022-06-13 00:00:00+05:30,1309.6524503470807,1309.6524503470807,1280.712338233923,1292.32470703125,6987685
2022-06-14 00:00:00+05:30,1279.1699820676001,1314.4605803173629,1272.955596856659,1306.8853759765625,6090247
2022-06-15 00:00:00+05:30,1306.567744365499,1312.1925298019619,1287.1987745076133,1290.2379150390625,4651958
2022-06-16 00:00:00+05:30,1304.5720675297325,1309.7885413741665,1262.8402767742612,1267.5577392578125,6641772
2022-06-17 00:00:00+05:30,1261.9784641623437,1267.3309313181774,1240.2960551585052,1258.576416015625,9692047
2022-06-20 00:00:00+05:30,1261.0712513196502,1290.374159577052,1253.7681436672126,1282.93505859375,4595194
2022-06-21 00:00:00+05:30,1291.8710851982403,1320.9018961015715,1290.737069147329,1315.367919921875,6270787
2022-06-22 00:00:00+05:30,1302.8029904960238,1324.1677855678092,1301.8503727550444,1303.8916015625,6253366
2022-06-23 00:00:00+05:30,1306.2049993211278,1322.716227548584,1300.0359081461734,1317.68115234375,6254281
2022-06-24 00:00:00+05:30,1322.7164420353206,1331.334964805784,1296.3165681187597,1307.384521484375,6114340
2022-06-27 00:00:00+05:30,1331.8338234573516,1346.3038236253658,1329.202884133053,1337.7760009765625,4511097
2022-06-28 00:00:00+05:30,1332.6955903847702,1350.1594366168376,1318.1801857243508,1342.81103515625,4412178
2022-06-29 00:00:00+05:30,1328.7946624267454,1339.9534251599073,1321.8091675409512,1327.479248046875,5060038
2022-06-30 00:00:00+05:30,1329.1122592903828,1344.4894731370582,1319.9947256507555,1326.2545166015625,9165177
2022-07-01 00:00:00+05:30,1319.087388364539,1347.2109846776757,1308.518337278756,1342.130615234375,4651635
2022-07-04 00:00:00+05:30,1342.901839574178,1353.7883939230314,1326.345204835297,1349.9327392578125,4800224
2022-07-05 00:00:00+05:30,1359.7305102265677,1369.8458437660197,1335.4171642964982,1339.0006103515625,7379669
2022-07-06 00:00:00+05:30,1344.6707910009138,1360.8192234162877,1333.602838947962,1353.2440185546875,5209162
2022-07-07 00:00:00+05:30,1363.5863571826133,1373.4748889332016,1356.9182539508968,1359.639892578125,3323472
2022-07-08 00:00:00+05:30,1374.4273560510105,1376.1963766672407,1360.7737594706286,1373.9283447265625,3652582
2022-07-11 00:00:00+05:30,1356.2831490104652,1360.7285139218584,1330.3368848303196,1336.4605712890625,4702638
2022-07-12 00:00:00+05:30,1326.163860792882,1332.3328420632538,1302.7577236881664,1305.116455078125,4710356
2022-07-13 00:00:00+05:30,1315.458659703502,1324.5307883911123,1305.1164108508747,1310.423583984375,5264025
2022-07-14 00:00:00+05:30,1316.3659058640824,1318.134926705403,1282.799028870994,1296.2711181640625,6157606
2022-07-15 00:00:00+05:30,1311.8297387301836,1311.8297387301836,1279.7597876672385,1297.6318359375,5620018
2022-07-18 00:00:00+05:30,1315.4585592229448,1355.0130151308297,1313.6895385614898,1351.6563720703125,5835171
2022-07-19 00:00:00+05:30,1335.0092029512389,1348.8894940377877,1333.6936777845513,1346.4400634765625,3418540
2022-07-20 00:00:00+05:30,1361.953321902618,1384.225442171951,1360.8193058144393,1374.69970703125,5079392
2022-07-21 00:00:00+05:30,1376.2417984383378,1392.9798300677912,1363.631518545163,1390.66650390625,5008061
2022-07-22 00:00:00+05:30,1391.664542234317,1397.1078194529648,1353.6977057829995,1366.5347900390625,7020642
2022-07-25 00:00:00+05:30,1342.765703322451,1376.3779833666647,1342.765703322451,1364.085205078125,7859626
2022-07-26 00:00:00+05:30,1357.7802638137314,1357.7802638137314,1310.9226934860476,1316.5020751953125,7268273
2022-07-27 00:00:00+05:30,1316.3657591726785,1336.3244405660616,1310.9224824290286,1334.555419921875,4517285
2022-07-28 00:00:00+05:30,1357.5533877504583,1383.000642812574,1351.6110990365607,1376.6048583984375,6636841
2022-07-29 00:00:00+05:30,1390.5759062138168,1411.35099196503,1386.2212402192902,1405.90771484375,7009465
2022-08-01 00:00:00+05:30,1418.8810538349696,1418.8810538349696,1395.2028179881397,1407.1326904296875,2983249
2022-08-02 00:00:00+05:30,1403.050246042506,1403.4584475765491,1386.5389037424025,1400.3739013671875,4374635
2022-08-03 00:00:00+05:30,1405.2726932814403,1424.3241629773152,1397.017078561979,1420.7860107421875,6011955
2022-08-04 00:00:00+05:30,1440.200367858984,1455.0332754831431,1428.8148025431328,1451.4498291015625,7402209
2022-08-05 00:00:00+05:30,1459.1611241061719,1474.8558394703302,1453.6271480443154,1466.6456298828125,5361971
2022-08-08 00:00:00+05:30,1466.9630480641483,1471.4991119109761,1447.9115799074712,1469.140380859375,3763409
2022-08-10 00:00:00+05:30,1470.7734244892295,1470.7734244892295,1440.744701377161,1453.76318359375,4423829
2022-08-11 00:00:00+05:30,1478.7569376887157,1479.981652880995,1466.0559578558064,1469.639404296875,3462090
2022-08-12 00:00:00+05:30,1463.6064179821378,1464.2414226287779,1442.6044200379383,1446.1878662109375,3562286
2022-08-16 00:00:00+05:30,1459.7053891087387,1459.7053891087387,1443.4662579077537,1448.31982421875,3004430
2022-08-17 00:00:00+05:30,1448.319841482686,1462.4270449294747,1437.9322991397132,1457.2105712890625,4067324
2022-08-18 00:00:00+05:30,1446.187955002789,1449.9075054695088,1427.9529992074047,1436.072509765625,4635706
2022-08-19 00:00:00+05:30,1438.2045012665105,1455.9858500611736,1438.0229922596134,1448.9095458984375,4739884
2022-08-22 00:00:00+05:30,1438.8395820332398,1450.633349099086,1427.9530278186126,1429.449951171875,3950555
2022-08-23 00:00:00+05:30,1404.3655261856406,1410.262409855025,1390.7573331024466,1399.28515625,5551574
2022-08-24 00:00:00+05:30,1392.5716896119156,1402.5510307101117,1388.9428383034808,1394.8397216796875,2888426
2022-08-25 00:00:00+05:30,1404.3655610799822,1405.0005658088057,1373.2935194346403,1377.2852783203125,4331088
2022-08-26 00:00:00+05:30,1392.7079467023948,1401.5985669386262,1376.650211452045,1380.369873046875,3079136
2022-08-29 00:00:00+05:30,1332.2874999956043,1332.2874999956043,1315.458657016953,1326.118408203125,8079050
2022-08-30 00:00:00+05:30,1336.4153079026626,1357.2812047129148,1329.9741184273807,1354.4234619140625,6725875
2022-09-01 00:00:00+05:30,1324.5762195682023,1331.8792168601256,1316.411303587629,1328.341064453125,8140604
2022-09-02 00:00:00+05:30,1340.8604953920767,1340.8604953920767,1313.6441118590847,1318.18017578125,5175653
2022-09-05 00:00:00+05:30,1316.3657470530793,1330.8811515691712,1312.1471854668405,1325.7100830078125,3669352
2022-09-06 00:00:00+05:30,1325.7102355622496,1333.6029433786189,1311.330822713805,1320.08544921875,3428442
2022-09-07 00:00:00+05:30,1306.386475113744,1329.7472054847017,1304.6174543928623,1322.3988037109375,3600574
2022-09-08 00:00:00+05:30,1338.1388086404177,1343.6727842765545,1327.7965611231937,1338.955322265625,4061475
2022-09-09 00:00:00+05:30,1349.9325797837869,1378.9633879511803,1342.6748777419386,1371.38818359375,4816910
2022-09-12 00:00:00+05:30,1384.2253536649393,1402.4603090481628,1380.0067919378967,1393.6602783203125,5494819
2022-09-13 00:00:00+05:30,1407.903706776797,1408.9016188074963,1398.287272287198,1401.5985107421875,4947158
2022-09-14 00:00:00+05:30,1358.0977298843989,1359.8667507661016,1335.4174070740382,1338.501953125,14332197
2022-09-15 00:00:00+05:30,1338.138952185551,1338.3203504578364,1296.45256607429,1299.8546142578125,12784100
2022-09-16 00:00:00+05:30,1292.7784028322828,1292.7784028322828,1241.3847690902326,1249.277587890625,20464045
2022-09-19 00:00:00+05:30,1262.840313282475,1275.541293444799,1252.498064430117,1261.298095703125,6595241
2022-09-20 00:00:00+05:30,1277.3102899424387,1282.3907705057266,1256.5804984348933,1259.71044921875,7219797
2022-09-21 00:00:00+05:30,1251.8628761327122,1259.9370916291361,1241.4299296722327,1249.458740234375,7917054
2022-09-22 00:00:00+05:30,1239.5702101574118,1255.5371335852622,1233.80943091915,1241.021728515625,9168498
2022-09-23 00:00:00+05:30,1240.6134926298298,1265.3804461403417,1235.6238222755599,1238.753662109375,10426200
2022-09-26 00:00:00+05:30,1233.8093614155043,1269.5988607267132,1229.273297586771,1252.180419921875,9414587
2022-09-27 00:00:00+05:30,1264.1556500846286,1275.9948215927839,1250.1392564200899,1264.2464599609375,8561254
2022-09-28 00:00:00+05:30,1251.046475907764,1275.4051179200892,1249.2320502719297,1265.2896728515625,7022098
2022-09-29 00:00:00+05:30,1274.5433714005803,1279.0340307679621,1263.7475161988737,1268.873291015625,6119965
2022-09-30 00:00:00+05:30,1260.0733324380312,1287.607332969342,1248.324969500773,1282.300048828125,8120130
2022-10-03 00:00:00+05:30,1280.9846139293722,1280.9846139293722,1257.3970785454037,1264.427978515625,4943169
2022-10-04 00:00:00+05:30,1287.9699887820675,1299.3555539044949,1282.7989200355776,1296.77001953125,6631341
2022-10-06 00:00:00+05:30,1310.922626390357,1324.3494214633474,1310.106112640393,1320.130859375,6180672
2022-10-07 00:00:00+05:30,1312.1474027075963,1322.5803514308293,1306.5227268238814,1316.54736328125,3994466
2022-10-10 00:00:00+05:30,1294.0031838358084,1329.066986901801,1294.0031838358084,1326.93505859375,5274677
2022-10-11 00:00:00+05:30,1326.9350196624216,1342.3576395357559,1288.3330650348933,1291.6898193359375,12824774
2022-10-12 00:00:00+05:30,1303.6649210392081,1307.3844717340612,1282.3908230970678,1296.135009765625,5481467
2022-10-13 00:00:00+05:30,1298.2216523105023,1304.5267376311374,1283.7062459953604,1288.151611328125,4821514
2022-10-14 00:00:00+05:30,1347.2110338811046,1355.37594923796,1331.1080063717516,1337.45849609375,14990688
2022-10-17 00:00:00+05:30,1339.8627206241326,1356.2832515544005,1338.5926004471692,1351.7017822265625,4286396
2022-10-18 00:00:00+05:30,1369.8913885102745,1370.753196410842,1358.3244247993434,1364.1759033203125,4692004
2022-10-19 00:00:00+05:30,1364.448228692281,1365.310036666888,1343.8545397508806,1347.619384765625,3553171
2022-10-20 00:00:00+05:30,1338.138908026621,1364.448079777653,1337.4130934739194,1361.6357421875,4583939
2022-10-21 00:00:00+05:30,1361.0913068291268,1366.2623751067351,1352.971686427234,1361.272705078125,3594485
2022-10-24 00:00:00+05:30,1377.6026499274944,1380.5964964935235,1370.7985538626567,1377.012939453125,982837
2022-10-25 00:00:00+05:30,1386.3118716885508,1390.6665374705215,1379.9160878294856,1384.678955078125,3914341
2022-10-27 00:00:00+05:30,1403.9385396052235,1407.698739208656,1387.1550649469032,1397.6561279296875,6760137
2022-10-28 00:00:00+05:30,1399.5365148544627,1401.3248686337695,1382.1110929788172,1387.8431396484375,3053981
2022-10-31 00:00:00+05:30,1403.4341822194212,1418.245811891941,1403.4341822194212,1410.220947265625,4542336
2022-11-01 00:00:00+05:30,1424.3447111160303,1444.4756121674845,1418.887736075427,1442.641357421875,4542692
2022-11-02 00:00:00+05:30,1441.7242114783025,1442.4120569990462,1416.9617727315378,1424.573974609375,2938906
2022-11-03 00:00:00+05:30,1411.2298417515794,1415.9530704364693,1395.546984991158,1403.892822265625,3174027
2022-11-04 00:00:00+05:30,1394.4463107382567,1394.4463107382567,1376.7458190882635,1388.5308837890625,4509682
2022-11-07 00:00:00+05:30,1395.3176762956068,1401.2790045132888,1367.528670745416,1382.523681640625,4898592
2022-11-09 00:00:00+05:30,1402.2878032270442,1402.2878032270442,1376.6999262188187,1385.962890625,3334755
2022-11-10 00:00:00+05:30,1361.9339857187604,1386.6964218227379,1361.9339857187604,1377.479248046875,3435763
2022-11-11 00:00:00+05:30,1418.4749767398023,1443.099822628358,1418.4749767398023,1439.9815673828125,7214098
2022-11-14 00:00:00+05:30,1444.6131323053646,1459.51645137727,1438.4683120386903,1453.9219970703125,4908813
2022-11-15 00:00:00+05:30,1447.0893718318237,1465.4319188955194,1442.4120447213857,1461.9010009765625,3497614
2022-11-16 00:00:00+05:30,1464.7900096971075,1475.6579467024642,1461.4424723868096,1469.9718017578125,4497697
2022-11-17 00:00:00+05:30,1464.8358035943602,1469.9718064752024,1451.7667384557692,1455.8480224609375,3469515
2022-11-18 00:00:00+05:30,1459.7916463166098,1465.5695937519367,1444.9342271315247,1461.350830078125,3126064
2022-11-21 00:00:00+05:30,1450.987352073004,1456.2608350406842,1434.4332683642735,1438.2392578125,3071764
2022-11-22 00:00:00+05:30,1438.9728102933216,1456.3982299208378,1432.552918851605,1453.6927490234375,3399329
2022-11-23 00:00:00+05:30,1457.2238001205214,1460.0668727709146,1448.4193991579355,1451.9503173828125,3245067
2022-11-24 00:00:00+05:30,1457.3154109383324,1500.4203979201461,1453.4176195623174,1494.7342529296875,5282215
2022-11-25 00:00:00+05:30,1496.2015740155414,1507.7573561793968,1480.0601551236466,1500.099365234375,4563255
2022-11-28 00:00:00+05:30,1493.0833876173003,1516.4701360105687,1485.7463685135297,1488.8646240234375,3825766
2022-11-29 00:00:00+05:30,1486.8468473018079,1502.9424774251793,1481.2066035401367,1494.04638671875,3131710
2022-11-30 00:00:00+05:30,1485.7004864644923,1509.3624181599896,1479.4640873185208,1499.4573974609375,11868134
2022-12-01 00:00:00+05:30,1518.946413503393,1533.9873258325365,1515.3697060690874,1519.7718505859375,5407928
2022-12-02 00:00:00+05:30,1518.7629471181933,1524.0823307242517,1498.540243529846,1502.1629638671875,4283343
2022-12-05 00:00:00+05:30,1502.2546462279884,1508.5369463809327,1488.77291854345,1503.859619140625,3824966
2022-12-06 00:00:00+05:30,1490.3320828612875,1491.2492102968945,1474.3282538915594,1479.23486328125,4822398
2022-12-07 00:00:00+05:30,1474.7408164804579,1489.2314737623112,1464.3772323790536,1472.447998046875,4898087
2022-12-08 00:00:00+05:30,1472.4480939167222,1489.3232610774244,1466.0282018846967,1485.884033203125,4206837
2022-12-09 00:00:00+05:30,1493.083379473675,1493.083379473675,1431.7275351622377,1439.248046875,8880658
2022-12-12 00:00:00+05:30,1421.5473714407533,1436.1755076749384,1403.2507258609144,1418.9793701171875,8037679
2022-12-13 00:00:00+05:30,1418.9794213639211,1446.7684254424607,1413.4308679506453,1441.86181640625,6135067
2022-12-14 00:00:00+05:30,1450.8954950923392,1456.8568229798866,1442.641348786504,1448.510986328125,4976020
2022-12-15 00:00:00+05:30,1439.2481542488501,1439.8900986832095,1408.019919747387,1412.8348388671875,6443866
2022-12-16 00:00:00+05:30,1398.6193933020268,1421.089016341961,1386.7426373339622,1396.0513916015625,9630453
2022-12-19 00:00:00+05:30,1382.9821387832817,1391.1904957152399,1371.1512855645854,1382.431884765625,6222740
2022-12-20 00:00:00+05:30,1376.6082828344672,1390.3651943884424,1359.5955240977712,1382.38623046875,7396259
2022-12-21 00:00:00+05:30,1389.4481290747046,1394.9508939423272,1377.8464440879927,1384.4498291015625,6236361
2022-12-22 00:00:00+05:30,1395.409475528755,1403.1591580348277,1386.467482504499,1395.9139404296875,6302640
2022-12-23 00:00:00+05:30,1383.6701502561066,1384.7707703774543,1369.2712939559335,1373.031494140625,6283822
2022-12-26 00:00:00+05:30,1376.1494036519205,1384.7704219736304,1372.3433032703458,1377.8919677734375,4115459
2022-12-27 00:00:00+05:30,1384.8164781367202,1395.363443276997,1373.3982867447278,1389.3104248046875,4860076
2022-12-28 00:00:00+05:30,1380.368461733021,1398.5734186856855,1374.3154431330508,1385.0,5029860
2022-12-29 00:00:00+05:30,1379.3595010203696,1395.2258485730229,1376.6081190369514,1391.78662109375,4624745
2022-12-30 00:00:00+05:30,1401.3707157827157,1403.57184400983,1379.405558572839,1383.2115478515625,5060544
2023-01-02 00:00:00+05:30,1388.5307532282952,1399.9948446519106,1379.4053812367044,1397.7020263671875,3801140
2023-01-03 00:00:00+05:30,1393.8960033950495,1405.6352784494222,1389.5396484110163,1396.372314453125,4551130
2023-01-04 00:00:00+05:30,1394.9506886748184,1394.9506886748184,1367.5285587288681,1370.9219970703125,7059590
2023-01-05 00:00:00+05:30,1381.1021672768188,1381.1021672768188,1347.489425840876,1352.9462890625,9868404
2023-01-06 00:00:00+05:30,1348.1772226656885,1352.7628594774767,1326.6247296502847,1328.458984375,6443714
2023-01-09 00:00:00+05:30,1328.1839392343245,1365.9237565030876,1328.1839392343245,1361.4298095703125,11498717
2023-01-10 00:00:00+05:30,1359.182808712685,1360.9253731659428,1333.5491426282238,1347.947998046875,7158624
2023-01-11 00:00:00+05:30,1348.177199215431,1370.1882555291525,1342.674435137001,1349.3236083984375,6173092
2023-01-12 00:00:00+05:30,1359.136903308,1361.9341866547945,1334.4203647021723,1357.8988037109375,6591385
2023-01-13 00:00:00+05:30,1360.5584355646306,1393.4833301069489,1346.342961515927,1379.03857421875,11610426
2023-01-16 00:00:00+05:30,1384.8624058326163,1401.370699412078,1377.8005694719036,1399.077880859375,6073063
2023-01-17 00:00:00+05:30,1400.453510280707,1414.393801685257,1397.7021281387017,1411.9176025390625,5922644
2023-01-18 00:00:00+05:30,1416.7325801385587,1423.24416242099,1412.0093515411083,1417.3287353515625,5843098
2023-01-19 00:00:00+05:30,1412.284436925683,1421.1347382958118,1399.6739357893398,1411.3673095703125,6165284
2023-01-20 00:00:00+05:30,1410.5419708855652,1416.9618628206752,1397.7021870153455,1399.123779296875,6496429
2023-01-23 00:00:00+05:30,1407.7906002862817,1424.574076980102,1401.4623986498889,1419.7132568359375,4855020
2023-01-24 00:00:00+05:30,1430.7187486357645,1438.7895145635266,1421.3181927553053,1423.2900390625,5200802
2023-01-25 00:00:00+05:30,1418.7960730383943,1427.0502195525155,1411.2297720671163,1415.1275634765625,4158617
2023-01-27 00:00:00+05:30,1417.8789993665666,1422.4187353397176,1382.477903144469,1393.254150390625,6209955
2023-01-30 00:00:00+05:30,1402.104482387963,1416.0447747672706,1394.0337160921317,1411.2757568359375,6964719
2023-01-31 00:00:00+05:30,1420.5387909669846,1420.5387909669846,1387.6138917010494,1406.644287109375,9448126
2023-02-01 00:00:00+05:30,1414.3936968698845,1426.1788724013397,1401.4164349583425,1422.55615234375,6194199
2023-02-02 00:00:00+05:30,1423.3816939621152,1455.4352511160564,1423.3816939621152,1452.50048828125,6916834
2023-02-03 00:00:00+05:30,1465.1109512577386,1471.668434244157,1442.6413310350065,1466.853515625,7040194
2023-02-06 00:00:00+05:30,1465.569600374364,1465.569600374364,1432.186140277909,1439.75244140625,4570612
2023-02-07 00:00:00+05:30,1438.9728179482734,1445.4386105734359,1426.224725341101,1432.9197998046875,4336238
2023-02-08 00:00:00+05:30,1435.7629765999538,1470.1552548640857,1435.7629765999538,1458.691162109375,7983338
2023-02-09 00:00:00+05:30,1463.9187005529932,1485.5170954490195,1454.6099470732718,1482.9949951171875,6904911
2023-02-10 00:00:00+05:30,1479.2806324268656,1482.3530988577234,1464.1480299444947,1475.245361328125,4786762
2023-02-13 00:00:00+05:30,1464.6524284395919,1464.6524284395919,1436.2214796095184,1437.55126953125,4001199
2023-02-14 00:00:00+05:30,1453.3717726405816,1463.7353572321708,1447.3646552328803,1461.2132568359375,5043736
2023-02-15 00:00:00+05:30,1452.7298068628425,1466.48671791268,1445.3927876362625,1464.6983642578125,3465747
2023-02-16 00:00:00+05:30,1467.4039353614166,1480.656382371035,1465.4320889324677,1469.0548095703125,4290289
2023-02-17 00:00:00+05:30,1461.901041196995,1462.8181685754123,1444.934184696277,1452.54638671875,2857734
2023-02-20 00:00:00+05:30,1453.6010366458702,1470.1552310976708,1451.3541192838827,1460.4794921875,2417716
2023-02-21 00:00:00+05:30,1466.211461614736,1468.917054491703,1445.3927153816476,1448.6026611328125,2723288
2023-02-22 00:00:00+05:30,1433.47013701294,1444.4756658959568,1426.4083007612826,1432.36962890625,3656244
2023-02-23 00:00:00+05:30,1439.7524657040512,1439.7524657040512,1419.850845363736,1422.189453125,4766854
2023-02-24 00:00:00+05:30,1430.7187958678808,1438.9729427671186,1416.9618843691512,1422.1436767578125,2790986
2023-02-27 00:00:00+05:30,1412.376101427138,1412.376101427138,1377.525262560754,1384.2203369140625,4920268
2023-02-28 00:00:00+05:30,1389.9983063812856,1397.7021991611691,1358.5409027983055,1364.27294921875,9679811
2023-03-01 00:00:00+05:30,1368.7210658416523,1376.4707482224333,1358.7243539750916,1372.068603515625,5125043
2023-03-02 00:00:00+05:30,1361.9342350192826,1365.235871380038,1345.7011242723827,1350.149169921875,4644499
2023-03-03 00:00:00+05:30,1363.539096991639,1366.336380209989,1350.9285958423973,1356.70654296875,4615015
2023-03-06 00:00:00+05:30,1370.6928275102962,1394.400548877502,1369.4088267341433,1382.523681640625,6561742
2023-03-08 00:00:00+05:30,1367.0242374099919,1372.02253676298,1358.3573166463943,1368.9959716796875,4137080
2023-03-09 00:00:00+05:30,1371.105492034302,1374.177846498556,1352.3960702873087,1357.7154541015625,5104656
2023-03-10 00:00:00+05:30,1339.0058895367195,1352.120855017214,1336.8506627217619,1349.5987548828125,3699580
2023-03-13 00:00:00+05:30,1342.8579415523982,1355.7895279106722,1309.6579732857313,1316.1695556640625,8798403
2023-03-14 00:00:00+05:30,1321.5804745956207,1328.3213380398465,1294.0666548608056,1302.32080078125,7402784
2023-03-15 00:00:00+05:30,1318.829142580857,1323.277187882345,1299.4318765422183,1301.9998779296875,7556182
2023-03-16 00:00:00+05:30,1300.3033608672233,1300.3033608672233,1282.7861367735707,1287.7386474609375,7323117
2023-03-17 00:00:00+05:30,1311.4922204768466,1323.3231866747517,1294.4336727271848,1302.962890625,9090018
2023-03-20 00:00:00+05:30,1302.0456322126888,1302.0456322126888,1270.0837669911443,1287.3258056640625,8221829
2023-03-21 00:00:00+05:30,1283.0610536791644,1288.5638173118127,1274.806908230192,1275.4488525390625,8536755
2023-03-22 00:00:00+05:30,1286.7297646654838,1290.6275561835369,1267.60768043243,1274.1192626953125,8356487
2023-03-23 00:00:00+05:30,1269.258358749589,1269.258358749589,1256.4644769231124,1260.637451171875,7607718
2023-03-24 00:00:00+05:30,1272.972797414035,1283.015297395886,1263.3429599696206,1266.23193359375,7559127
2023-03-27 00:00:00+05:30,1271.3677950652989,1280.0805049322928,1260.2246753182865,1273.843994140625,4170193
2023-03-28 00:00:00+05:30,1276.7330397726337,1282.1441138599873,1261.8297194219722,1263.4346923828125,6633366
2023-03-29 00:00:00+05:30,1264.7186272999518,1274.715337897841,1251.466181751986,1268.8916015625,8813966
2023-03-31 00:00:00+05:30,1287.6469035198686,1311.4463153951938,1278.3839389266645,1309.612060546875,8711975
2023-04-03 00:00:00+05:30,1316.0777246615953,1316.0777246615953,1288.7014961247696,1293.9290771484375,5242764
2023-04-05 00:00:00+05:30,1283.978386725391,1309.199390750354,1283.978386725391,1305.5767822265625,7506334
2023-04-06 00:00:00+05:30,1298.6522809308385,1310.0246820529576,1293.4704891987503,1304.0633544921875,6948465
2023-04-10 00:00:00+05:30,1305.9434783219242,1315.160653204444,1297.7352331131717,1309.291015625,4993788
2023-04-11 00:00:00+05:30,1310.4834237107443,1314.564596044306,1273.8900163996034,1289.6187744140625,6942255
2023-04-12 00:00:00+05:30,1295.946671135354,1312.8676236689396,1283.9781160576426,1309.932861328125,5831169
2023-04-13 00:00:00+05:30,1292.9203774786417,1294.1126879036105,1268.3872190480308,1274.0733642578125,11267238
2023-04-17 00:00:00+05:30,1146.6843436762329,1156.6351528002706,1087.0710673200379,1154.0213623046875,53171705
2023-04-18 00:00:00+05:30,1164.7059031013866,1164.7059031013866,1149.2523287192262,1154.984375,12430884
2023-04-19 00:00:00+05:30,1150.3987451220048,1150.3987451220048,1127.5164610086156,1130.0843505859375,11307230
2023-04-20 00:00:00+05:30,1128.7086346529145,1135.2661178854821,1120.1794170940875,1122.013671875,8621249
2023-04-21 00:00:00+05:30,1126.324198126057,1131.047426880891,1118.8954881773257,1125.6363525390625,8691352
2023-04-24 00:00:00+05:30,1126.2325338323785,1128.0667887734735,1117.0612591269032,1124.6734619140625,8313774
2023-04-25 00:00:00+05:30,1124.3520765699784,1133.1106863492626,1114.3095782390562,1123.38916015625,6808576
2023-04-26 00:00:00+05:30,1126.2324867816417,1130.8181239428047,1119.3999321931217,1125.81982421875,5680192
2023-04-27 00:00:00+05:30,1128.0666511252507,1144.3915628906238,1123.8478876663187,1142.969970703125,8020704
2023-04-28 00:00:00+05:30,1151.6368776414001,1154.6634429645405,1141.7777576955154,1148.931396484375,10118277
2023-05-02 00:00:00+05:30,1150.581982956658,1173.6935438041753,1150.581982956658,1171.5841064453125,8886401
2023-05-03 00:00:00+05:30,1161.0833162689144,1167.044644512001,1157.506496932256,1163.9722900390625,5549783
2023-05-04 00:00:00+05:30,1163.788814662558,1170.0712271598577,1157.8733874843501,1168.0076904296875,4505401
2023-05-05 00:00:00+05:30,1173.0058612365624,1173.0058612365624,1150.3069596997327,1154.7550048828125,5373791
2023-05-08 00:00:00+05:30,1157.8274569243922,1165.0269966744686,1151.1782831849423,1160.7164306640625,5260842
2023-05-09 00:00:00+05:30,1161.0832230022093,1166.5859870922673,1156.2224032743827,1165.3936767578125,4969897
2023-05-10 00:00:00+05:30,1170.621404606506,1170.621404606506,1154.800957377408,1158.5611572265625,6515734
2023-05-11 00:00:00+05:30,1164.9810367298412,1170.1628287388498,1149.2064908153254,1152.003662109375,6888461
2023-05-12 00:00:00+05:30,1149.4815684750179,1151.9119783998672,1136.3667142373067,1142.0069580078125,8292212
2023-05-15 00:00:00+05:30,1146.317457613311,1163.742876662217,1142.4196665102663,1154.067138671875,5534710
2023-05-16 00:00:00+05:30,1160.1659921565265,1168.3742364103375,1158.1024558068411,1159.5240478515625,5236469
2023-05-17 00:00:00+05:30,1156.1307625392042,1156.4517347340925,1139.48487806171,1143.566162109375,10465667
2023-05-18 00:00:00+05:30,1154.2965053260136,1155.2595338626716,1139.4848756551935,1142.74072265625,6948732
2023-05-19 00:00:00+05:30,1151.9579766677468,1167.778425157087,1148.9773124596102,1163.7430419921875,11094136
2023-05-22 00:00:00+05:30,1167.4572849700612,1188.2302430762331,1164.9810857591126,1185.662353515625,7625947
2023-05-23 00:00:00+05:30,1191.5318755827825,1205.2429974114864,1189.560141232225,1192.3115234375,7436031
2023-05-24 00:00:00+05:30,1188.8722389198845,1196.851202152626,1184.2866021300276,1191.0274658203125,4824077
2023-05-25 00:00:00+05:30,1187.2214442639772,1198.6855370050355,1182.4065253127328,1196.255126953125,4334121
2023-05-26 00:00:00+05:30,1197.7683455717138,1213.7721734013032,1197.7683455717138,1208.2694091796875,5521606
2023-05-29 00:00:00+05:30,1222.2556544688687,1222.2556544688687,1201.2993155421436,1205.4722900390625,4419365
2023-05-30 00:00:00+05:30,1206.022604561982,1216.4778799505127,1200.657431335536,1214.13916015625,6274719
2023-05-31 00:00:00+05:30,1210.4705525350664,1220.7882355808035,1205.24297124017,1209.049072265625,17800782
2023-06-01 00:00:00+05:30,1212.9468193268542,1219.3208096161989,1208.8655354543341,1210.1495361328125,4277841
2023-06-02 00:00:00+05:30,1216.655749596294,1220.2806442692772,1204.619361093427,1207.3612060546875,10909311
2023-06-05 00:00:00+05:30,1212.008539400872,1217.0740205048828,1205.7812402951347,1212.4732666015625,5002553
2023-06-06 00:00:00+05:30,1197.6949566393228,1197.6949566393228,1183.195490212996,1188.772216796875,10008100
2023-06-07 00:00:00+05:30,1199.4608412306454,1202.7139314625765,1192.0252064148026,1198.0201416015625,5397578
2023-06-08 00:00:00+05:30,1195.4642535429527,1200.8551346703464,1190.7240585978548,1192.30419921875,5034942
2023-06-09 00:00:00+05:30,1192.0252152176977,1192.0252152176977,1174.83030957908,1176.6427001953125,5339073
2023-06-12 00:00:00+05:30,1183.6600847401096,1204.2939254038927,1183.1953575768823,1200.8084716796875,4785588
2023-06-13 00:00:00+05:30,1208.1977083560882,1214.3320842529808,1205.548786202746,1212.7984619140625,4846587
2023-06-14 00:00:00+05:30,1214.1926836588375,1214.5179699939283,1201.970336101225,1208.6624755859375,3457981
2023-06-15 00:00:00+05:30,1202.6674808789603,1202.6674808789603,1192.1647141872293,1196.02197265625,6161155
2023-06-16 00:00:00+05:30,1196.2076779215056,1209.6847652018955,1190.6774702485802,1200.5296630859375,8536287
2023-06-19 00:00:00+05:30,1202.714111328125,1207.826111028515,1196.2544479993342,1202.714111328125,4451787
2023-06-20 00:00:00+05:30,1202.7140333935445,1212.9380321318201,1200.018592852604,1211.450927734375,4009180
2023-06-21 00:00:00+05:30,1208.244295499256,1211.822785983513,1203.6435412463507,1207.6866455078125,4041529
2023-06-22 00:00:00+05:30,1198.4384055285493,1198.4384055285493,1183.6600593630037,1191.1422119140625,6676607
2023-06-23 00:00:00+05:30,1186.402095840736,1189.0975364568558,1174.2262651500378,1175.7598876953125,7239467
2023-06-26 00:00:00+05:30,1180.6393770623117,1184.1248308422635,1173.2037423317481,1180.7322998046875,3403244
2023-06-27 00:00:00+05:30,1189.7016346437479,1191.5605434478787,1184.3107537282526,1188.91162109375,3240024
2023-06-28 00:00:00+05:30,1198.9960918811419,1205.2233905407331,1191.0028072936905,1202.1097412109375,5662358
2023-06-30 00:00:00+05:30,1215.9122259231685,1244.446544670447,1212.4267718508554,1241.286376953125,12821692
2023-07-03 00:00:00+05:30,1236.1743453719541,1251.0456156922185,1234.7336456761632,1239.61328125,7732412
2023-07-04 00:00:00+05:30,1249.4656016820998,1251.0456287866502,1237.4756171691324,1250.255615234375,5797775
2023-07-05 00:00:00+05:30,1262.059704711734,1262.152627465157,1246.3984198903297,1252.2540283203125,5414936
2023-07-06 00:00:00+05:30,1247.8390092927943,1252.3932449368162,1242.819933005186,1249.09375,5963897
2023-07-07 00:00:00+05:30,1239.8922016871068,1250.8598092744526,1231.8523982272873,1236.3602294921875,6295647
2023-07-10 00:00:00+05:30,1242.26226225529,1247.2348203575655,1226.229174648363,1235.38427734375,3940315
2023-07-11 00:00:00+05:30,1239.381022308118,1255.600070946012,1233.3860863375473,1253.4622802734375,6126128
2023-07-12 00:00:00+05:30,1255.6929980734994,1256.5295297943235,1233.386090631779,1239.24169921875,8102770
2023-07-13 00:00:00+05:30,1240.728739413603,1279.6729026631901,1236.9644035943056,1268.7982177734375,9977644
2023-07-14 00:00:00+05:30,1283.251252109647,1329.1198044888868,1283.251252109647,1325.35546875,12833381
2023-07-17 00:00:00+05:30,1325.3555019679613,1356.027498224912,1314.5274486018602,1322.567138671875,11569884
2023-07-18 00:00:00+05:30,1332.8376271158952,1373.6871031492155,1328.1903550548216,1371.131103515625,16743977
2023-07-19 00:00:00+05:30,1381.1691978425513,1393.0662591967148,1357.6539568295507,1370.898681640625,13687062
2023-07-20 00:00:00+05:30,1367.2275339253567,1367.2275339253567,1339.0650179246122,1347.2442626953125,8347221
2023-07-21 00:00:00+05:30,1227.065695806331,1254.7634832648805,1212.9380338227177,1237.6614990234375,45548305
2023-07-24 00:00:00+05:30,1246.398337830829,1254.670504599167,1240.1245206940966,1242.3087158203125,8859789
2023-07-25 00:00:00+05:30,1242.6805423705,1248.1178279606174,1230.829998679233,1240.4498291015625,6801982
2023-07-26 00:00:00+05:30,1248.2572943766568,1254.7634753600048,1244.9112811341217,1253.694580078125,5528885
2023-07-27 00:00:00+05:30,1262.7567654377913,1267.5899965472738,1252.0216348505492,1257.6912841796875,9191861
2023-07-28 00:00:00+05:30,1258.3417870049511,1267.6363307852569,1241.7510490488623,1245.93359375,6122735
2023-07-31 00:00:00+05:30,1253.6017380725946,1261.7344648256142,1239.1951935386742,1260.0614013671875,7902180
2023-08-01 00:00:00+05:30,1265.9169045571427,1272.4230854175687,1261.2696325139816,1268.89111328125,6064652
2023-08-02 00:00:00+05:30,1272.7019018221301,1275.1648651116004,1253.322687629451,1261.130126953125,7419145
2023-08-03 00:00:00+05:30,1254.7634441524986,1270.145959906921,1253.8339897494227,1268.0546875,6503741
2023-08-04 00:00:00+05:30,1272.3302261741662,1288.1309519095748,1265.9169677427412,1281.113525390625,5712345
2023-08-07 00:00:00+05:30,1289.989907339258,1296.5890115161467,1279.85883072239,1294.7301025390625,3729093
2023-08-08 00:00:00+05:30,1294.5906405227167,1295.241326729345,1286.7367956063742,1292.1275634765625,4161877
2023-08-09 00:00:00+05:30,1286.3647802992666,1297.5182321515724,1284.9705988177284,1296.0311279296875,4090828
2023-08-10 00:00:00+05:30,1293.428738571801,1297.3325151820761,1287.8520120932285,1291.1051025390625,3873025
2023-08-11 00:00:00+05:30,1293.8004268479058,1298.3082576548654,1270.6105867070967,1275.0718994140625,5783517
2023-08-14 00:00:00+05:30,1275.0719825934739,1296.5888744198694,1269.2628926543166,1295.2412109375,4304135
2023-08-16 00:00:00+05:30,1311.2742769730567,1319.7786937329943,1306.2552006588273,1318.4310302734375,7735313
2023-08-17 00:00:00+05:30,1319.825280033983,1319.825280033983,1306.812918118155,1311.971435546875,5618346
2023-08-18 00:00:00+05:30,1304.6750735005544,1309.3223454207798,1288.3632171358356,1290.8262939453125,5134103
2023-08-21 00:00:00+05:30,1291.709264831686,1307.742353385992,1289.2927060601864,1306.2552490234375,3032722
2023-08-22 00:00:00+05:30,1305.6044938755163,1306.8593480283198,1298.1224543541218,1304.7215576171875,2890714
2023-08-23 00:00:00+05:30,1316.1073972557133,1316.665047189912,1306.4875671497327,1308.625244140625,2559125
2023-08-24 00:00:00+05:30,1321.2193112047876,1324.5189194126233,1314.6666128884629,1323.171142578125,5171963
2023-08-25 00:00:00+05:30,1313.3189876716804,1322.148803936989,1311.8318834134902,1319.9180908203125,4307172
2023-08-28 00:00:00+05:30,1319.9181310643203,1324.286634688253,1311.8319234109513,1315.7821044921875,3133464
2023-08-29 00:00:00+05:30,1323.5431263001694,1323.914930768979,1315.4569180328365,1317.64111328125,3074444
2023-08-30 00:00:00+05:30,1326.331539526786,1335.3007979273286,1323.5431760940035,1333.9066162109375,3070887
2023-08-31 00:00:00+05:30,1333.906534483456,1342.968715084765,1327.8650807492497,1334.185302734375,9792735
2023-09-01 00:00:00+05:30,1330.0026916597724,1343.9910253779606,1327.446692130181,1341.99267578125,3582133
2023-09-04 00:00:00+05:30,1341.2027322887438,1366.2980017078678,1333.4882151949037,1361.74365234375,4609014
2023-09-05 00:00:00+05:30,1361.6507510555587,1375.639085724664,1353.7503883361237,1374.5701904296875,5496840
2023-09-06 00:00:00+05:30,1377.3584299899496,1378.2878843440208,1360.070601695981,1373.2222900390625,5075786
2023-09-07 00:00:00+05:30,1366.855613248634,1369.4581309432015,1358.9088462312307,1362.7659912109375,4411743
2023-09-08 00:00:00+05:30,1360.25649837947,1370.7128602563196,1357.1892535120792,1365.9261474609375,3125838
2023-09-11 00:00:00+05:30,1365.9261069950462,1373.7800644251438,1361.1859124430616,1372.2928466796875,4182226
2023-09-12 00:00:00+05:30,1377.9161503149019,1397.8994199484737,1372.8970738547118,1395.2039794921875,6793161
2023-09-13 00:00:00+05:30,1398.8288435447748,1398.8288435447748,1383.6322871056639,1392.64794921875,4804686
2023-09-14 00:00:00+05:30,1398.8288446904617,1405.846270656975,1393.3915592483722,1400.6412353515625,6444213
2023-09-15 00:00:00+05:30,1410.9117877236317,1411.2835921776357,1402.5466980730964,1404.9632568359375,8657816
2023-09-18 00:00:00+05:30,1398.735764866629,1398.735764866629,1383.027964885516,1386.5599365234375,3991916
2023-09-20 00:00:00+05:30,1372.0605053905272,1389.6272158004997,1372.0605053905272,1385.119384765625,4169337
2023-09-21 00:00:00+05:30,1381.680565209184,1398.4107453961012,1371.8747753272223,1395.8082275390625,6779195
2023-09-22 00:00:00+05:30,1386.6529684238076,1400.641188325793,1380.4255561991947,1390.6031494140625,5455613
2023-09-25 00:00:00+05:30,1384.7476626343905,1384.7476626343905,1367.7387146063886,1370.1552734375,4217863
2023-09-26 00:00:00+05:30,1374.8025733524212,1375.4996641903995,1356.0740434803138,1357.607666015625,3996528
2023-09-27 00:00:00+05:30,1353.2856448640935,1365.9262023716149,1347.7554364104253,1363.5096435546875,3863586
2023-09-28 00:00:00+05:30,1364.3462461230529,1368.714636770685,1333.7671712132337,1337.9031982421875,5814602
2023-09-29 00:00:00+05:30,1331.0716531169655,1344.7347011757531,1316.1074596363055,1334.185302734375,6068968
2023-10-03 00:00:00+05:30,1334.7429511957962,1335.625887435849,1320.1040453314158,1332.8375244140625,4181867
2023-10-04 00:00:00+05:30,1324.4725985168332,1347.6624417880482,1318.152262838638,1342.45751953125,4510406
2023-10-05 00:00:00+05:30,1349.5678748329035,1371.5494954859564,1347.8948114227326,1360.2100830078125,7384621
2023-10-06 00:00:00+05:30,1365.8333416160965,1379.775158645182,1360.07076929426,1374.38427734375,3598672
2023-10-09 00:00:00+05:30,1361.5578490003716,1385.8165874982192,1359.04825390548,1371.363525390625,3567552
2023-10-10 00:00:00+05:30,1379.2173445271933,1391.3931739252298,1365.4613746452874,1389.6737060546875,5688951
2023-10-11 00:00:00+05:30,1391.3933656125876,1411.1442734410896,1376.9403029710347,1388.976806640625,7220129
2023-10-12 00:00:00+05:30,1386.6529740945282,1398.2711535251433,1349.5677226602481,1362.1153564453125,11081662
2023-10-13 00:00:00+05:30,1305.8833450003033,1336.5553381568939,1301.2360733099106,1330.1885986328125,17973439
2023-10-16 00:00:00+05:30,1331.0716238772634,1341.7603494799055,1329.1197923285388,1332.97705078125,4850745
2023-10-17 00:00:00+05:30,1338.6467739103207,1350.8226045344618,1336.6020195003289,1340.6915283203125,3923764
2023-10-18 00:00:00+05:30,1340.2730783681973,1351.4265297831892,1336.8805475377155,1338.9254150390625,4264837
2023-10-19 00:00:00+05:30,1325.49490296724,1338.0890555260446,1325.49490296724,1332.5123291015625,6795691
2023-10-20 00:00:00+05:30,1329.1198424704962,1337.0202051704955,1324.7049339028495,1326.5638427734375,3928622
2023-10-23 00:00:00+05:30,1325.0302081269804,1331.304025507751,1306.1158332337493,1309.2760009765625,2636516
2023-10-25 00:00:00+05:30,1317.137163082653,1320.4794799105882,1281.6432340369931,1289.8812255859375,6940777
2023-10-26 00:00:00+05:30,1275.7591696776637,1293.600262701033,1273.923205151914,1279.901611328125,6357656
2023-10-27 00:00:00+05:30,1283.8558619720413,1303.9565408986182,1283.8558619720413,1299.57861328125,4634358
2023-10-30 00:00:00+05:30,1299.5785105468342,1299.5785105468342,1283.3378978736482,1296.4716796875,2667696
2023-10-31 00:00:00+05:30,1299.2019618287502,1300.3318125956307,1283.2438397267852,1288.327880859375,3451595
2023-11-01 00:00:00+05:30,1292.7057061877338,1296.8481472235057,1272.5579091746342,1274.91162109375,3090672
2023-11-02 00:00:00+05:30,1289.8340961001559,1295.765495943668,1281.972721492604,1289.975341796875,3758060
2023-11-03 00:00:00+05:30,1299.2961678955407,1310.54686548969,1297.1307068451297,1307.76953125,3349045
2023-11-06 00:00:00+05:30,1312.335688818848,1324.9044879431974,1309.4171089173929,1321.1856689453125,2736381
2023-11-07 00:00:00+05:30,1318.078766511828,1323.6335500133118,1313.2300966352614,1322.127197265625,2272209
2023-11-08 00:00:00+05:30,1322.7861337778295,1322.7861337778295,1305.3215449018542,1309.6053466796875,3550635
2023-11-09 00:00:00+05:30,1314.2187005328615,1315.725053279232,1289.8813406007866,1294.3533935546875,5498051
2023-11-10 00:00:00+05:30,1289.7869529854245,1292.7997730616912,1281.3607106679833,1288.7513427734375,2943649
2023-11-13 00:00:00+05:30,1299.1077990502322,1301.5556365838725,1290.6344357148544,1293.176513671875,3462092
2023-11-15 00:00:00+05:30,1317.1374009763547,1331.2596747537996,1311.488491465377,1327.9644775390625,8551860
2023-11-16 00:00:00+05:30,1333.2367512594758,1368.3541841941474,1328.0585842809098,1360.3515625,6673907
2023-11-17 00:00:00+05:30,1356.726837718172,1366.094566340676,1351.0779284155915,1353.431640625,4901251
2023-11-20 00:00:00+05:30,1357.6212730677928,1367.036122395586,1349.7598968645575,1352.5372314453125,3584210
2023-11-21 00:00:00+05:30,1357.621085267004,1365.152963687348,1352.6782900536532,1354.796630859375,3793135
2023-11-22 00:00:00+05:30,1352.1604184890853,1373.5791976051314,1352.1604184890853,1372.49658203125,3108786
2023-11-23 00:00:00+05:30,1382.0056146017555,1382.0056146017555,1362.9875519464238,1364.4468994140625,3186928
2023-11-24 00:00:00+05:30,1360.9634073579093,1367.647926495402,1349.9479661707062,1353.290283203125,2973195
2023-11-28 00:00:00+05:30,1359.504127646951,1360.4456124998921,1343.5460053605395,1358.2801513671875,3755373
2023-11-29 00:00:00+05:30,1366.1886628376049,1375.226894544369,1364.964801471109,1374.1912841796875,3875778
2023-11-30 00:00:00+05:30,1368.21286477539,1375.179875684024,1364.729416784748,1370.001708984375,10120867
2023-12-01 00:00:00+05:30,1374.4737432561005,1374.4737432561005,1361.5283266839235,1367.3184814453125,3489187
2023-12-04 00:00:00+05:30,1374.9913943979213,1385.7714640337215,1364.493931093046,1378.6632080078125,5511948
2023-12-05 00:00:00+05:30,1380.0285133783032,1381.0641237085301,1357.621128395019,1368.871826171875,5123039
2023-12-06 00:00:00+05:30,1371.5081438440814,1390.5732132882843,1366.1417258233225,1388.03125,5269178
2023-12-07 00:00:00+05:30,1386.6659544767813,1386.6659544767813,1376.2626157196041,1380.1226806640625,4424453
2023-12-08 00:00:00+05:30,1384.3593311792147,1407.2373438258442,1380.4521461092754,1403.8951416015625,6323433
2023-12-11 00:00:00+05:30,1402.812373706227,1410.3442522227704,1395.2804951896835,1401.400146484375,3862018
2023-12-12 00:00:00+05:30,1391.0438179520306,1402.812378171591,1381.7702154844862,1389.6787109375,6103494
2023-12-13 00:00:00+05:30,1389.6316388053183,1389.6787590187653,1349.2890359623277,1364.2115478515625,8549258
2023-12-14 00:00:00+05:30,1377.7689770027378,1422.5836336750658,1375.8388870549381,1413.5924072265625,12489858
2023-12-15 00:00:00+05:30,1433.9285107001285,1495.5957668241965,1431.9984208352303,1486.0396728515625,18395389
2023-12-18 00:00:00+05:30,1476.2010899731836,1499.7853308836295,1468.9988229814394,1472.811767578125,6467243
2023-12-19 00:00:00+05:30,1478.225296674548,1481.8499902553428,1452.9464521784103,1467.1158447265625,4221721
2023-12-20 00:00:00+05:30,1473.471002139645,1490.8413527319508,1440.4719101230721,1446.4974365234375,6592367
2023-12-21 00:00:00+05:30,1432.2338260213533,1456.1475641627426,1432.2338260213533,1446.1207275390625,5319038
2023-12-22 00:00:00+05:30,1445.1322053581507,1474.3653575565068,1433.8815067423754,1471.44677734375,6741060
2023-12-26 00:00:00+05:30,1445.1793467888062,1457.4186507029785,1433.8815277911087,1453.6055908203125,6878067
2023-12-27 00:00:00+05:30,1453.6526019531718,1478.131207944611,1453.6526019531718,1475.40087890625,4225849
2023-12-28 00:00:00+05:30,1477.1425892283842,1477.1425892283842,1464.0089217215004,1471.2113037109375,5702253
2023-12-29 00:00:00+05:30,1450.8752194379208,1468.1984480838207,1449.8866144117019,1452.616943359375,4388990
2024-01-01 00:00:00+05:30,1448.9451947683858,1465.8919221925776,1445.4146265550125,1460.572509765625,2808451
2024-01-02 00:00:00+05:30,1455.535458187299,1458.5011582059428,1433.8813084212525,1444.6142578125,5396313
2024-01-03 00:00:00+05:30,1431.0098022399532,1431.0098022399532,1400.9294082948825,1402.8123779296875,7550363
2024-01-04 00:00:00+05:30,1416.8874530223693,1430.8214735340546,1405.5426305452575,1424.1839599609375,7056038
2024-01-05 00:00:00+05:30,1418.5823250946862,1449.6042055294993,1418.1115826606078,1442.8726806640625,8895403
2024-01-08 00:00:00+05:30,1439.483154876404,1446.1206687605984,1424.701889324203,1433.693115234375,4440136
2024-01-09 00:00:00+05:30,1451.6755526579025,1462.1260117914826,1436.5646744337396,1439.8128662109375,4412074
2024-01-10 00:00:00+05:30,1435.7173203076957,1445.6029115375234,1416.9347429419645,1430.962890625,4096845
2024-01-11 00:00:00+05:30,1435.6703796771912,1435.7645051838629,1399.6114612154008,1406.7667236328125,11296088
2024-01-12 00:00:00+05:30,1470.5994024363956,1523.3225564289937,1464.3856251298819,1518.3797607421875,26754401
2024-01-15 00:00:00+05:30,1548.6954842465418,1567.5251815652139,1540.2692406673768,1555.4271240234375,13228305
2024-01-16 00:00:00+05:30,1548.554386655104,1552.0378347627927,1529.9129399390588,1536.0797119140625,6500917
2024-01-17 00:00:00+05:30,1525.4408120839046,1551.0962739751476,1525.4408120839046,1544.223388671875,9209876
2024-01-18 00:00:00+05:30,1546.5301524412396,1552.5085584102292,1532.9727472598277,1546.4830322265625,6375464
2024-01-19 00:00:00+05:30,1554.9563105966838,1568.0429726211407,1547.9422946366542,1562.111572265625,4522736
2024-01-23 00:00:00+05:30,1553.5440845490969,1576.7045882258603,1541.8696497501444,1546.059326171875,9401255
2024-01-24 00:00:00+05:30,1562.770633148314,1581.694454529538,1548.7424867268392,1577.3636474609375,8999681
2024-01-25 00:00:00+05:30,1575.0569444579046,1582.2123208537434,1560.9817927200572,1571.4322509765625,8865304
2024-01-29 00:00:00+05:30,1567.7135599982494,1581.0825992301918,1551.1904544983925,1559.663818359375,4253785
2024-01-30 00:00:00+05:30,1565.171396519599,1591.1093493392334,1551.8023580167996,1554.8150634765625,4995943
2024-01-31 00:00:00+05:30,1551.8023522623284,1569.6905638157846,1542.2462583680392,1563.712158203125,6763779
2024-02-01 00:00:00+05:30,1562.4413588052366,1578.8702248339061,1553.7796285080506,1560.087646484375,5760011
2024-02-02 00:00:00+05:30,1568.5609589964831,1617.9417958851127,1567.5723538834523,1594.263427734375,7858483
2024-02-05 00:00:00+05:30,1595.581400903025,1601.2303098308423,1583.436223722749,1588.47314453125,3634135
2024-02-06 00:00:00+05:30,1588.0496182360184,1631.5932938509086,1575.998565824632,1628.2509765625,7694265
2024-02-07 00:00:00+05:30,1627.8272320398985,1627.8272320398985,1588.1436244214153,1594.639892578125,4613877
2024-02-08 00:00:00+05:30,1598.6412091518757,1606.50258433862,1584.3306859949523,1593.08642578125,5919715
2024-02-09 00:00:00+05:30,1586.1193710004457,1593.8396151923025,1562.676491800521,1571.6676025390625,4600004
2024-02-12 00:00:00+05:30,1572.6092188693096,1593.8867538003944,1572.6092188693096,1581.7886962890625,3555808
2024-02-13 00:00:00+05:30,1584.5191679841946,1590.2622031833353,1566.1602114923992,1585.978515625,2696481
2024-02-14 00:00:00+05:30,1563.0529955814704,1571.7617298510522,1539.798367340659,1568.701904296875,3768579
2024-02-15 00:00:00+05:30,1578.870044759722,1588.9910065851047,1564.3711555313787,1578.258056640625,4834391
2024-02-16 00:00:00+05:30,1590.1679521477781,1608.9976496273255,1589.1793470591608,1602.0777587890625,4880654
2024-02-19 00:00:00+05:30,1605.2317360980246,1611.3513878778704,1588.9440015438006,1600.2889404296875,3690993
2024-02-20 00:00:00+05:30,1586.401957891193,1595.1106926748687,1571.1028292171682,1586.6373291015625,3706389
2024-02-21 00:00:00+05:30,1576.04564252021,1576.04564252021,1549.0250732340833,1558.67529296875,4300508
2024-02-22 00:00:00+05:30,1567.5723214065963,1586.0254020244706,1548.1777559110003,1582.965576171875,5841277
2024-02-23 00:00:00+05:30,1597.6998249586602,1599.064932049705,1574.0685776987198,1578.7288818359375,5373072
2024-02-26 00:00:00+05:30,1576.9400103998594,1576.9400103998594,1548.742584990576,1563.006103515625,2782438
2024-02-27 00:00:00+05:30,1563.8063128021718,1573.315286661556,1556.0861831168934,1566.254150390625,5159088
2024-02-28 00:00:00+05:30,1572.2798088946804,1589.0382863616267,1564.7950497873524,1573.4566650390625,3188916
2024-02-29 00:00:00+05:30,1567.5722998042163,1583.812913721107,1556.5569728576138,1575.9515380859375,7814722
2024-03-01 00:00:00+05:30,1571.3381567596207,1574.1154909938598,1554.3914300839626,1557.8748779296875,6387291
2024-03-04 00:00:00+05:30,1560.8406106080845,1567.0543875331723,1538.0567235736469,1541.39892578125,4445156
2024-03-05 00:00:00+05:30,1538.386193843857,1541.5401450012134,1508.2586796437324,1512.495361328125,4596579
2024-03-06 00:00:00+05:30,1509.0120236903088,1525.3467635033348,1483.7801827337923,1522.89892578125,6420684
2024-03-07 00:00:00+05:30,1522.004404894455,1533.1609775234701,1510.3299696204092,1521.8631591796875,6348359
2024-03-11 00:00:00+05:30,1514.0488079869733,1519.3682201060792,1495.0778662328694,1506.9405517578125,6752895
2024-03-12 00:00:00+05:30,1506.375688833194,1529.9128089712128,1504.1632225256892,1518.56787109375,4614222
2024-03-13 00:00:00+05:30,1518.5208697901078,1529.4420705773052,1505.0105857809417,1517.108642578125,5688997
2024-03-14 00:00:00+05:30,1519.9332218123318,1560.7465686045769,1513.9076955609466,1556.5570068359375,8803799
2024-03-15 00:00:00+05:30,1545.0707498555741,1549.4957975654736,1523.6519697189988,1538.38623046875,11809997
2024-03-18 00:00:00+05:30,1534.6203153666463,1537.1152732206572,1505.2930391151203,1508.8707275390625,4958904
2024-03-19 00:00:00+05:30,1499.173324716635,1505.4342217324486,1466.8333442521293,1470.0814208984375,6870411
2024-03-20 00:00:00+05:30,1471.540790852675,1482.7914886121835,1461.5139544170574,1463.9617919921875,4759059
2024-03-21 00:00:00+05:30,1472.4822954464403,1484.6744782005846,1453.087730653012,1463.7264404296875,11062497
2024-03-22 00:00:00+05:30,1431.9985126005026,1439.4362661905388,1410.5326112138532,1420.5594482421875,14673890
2024-03-26 00:00:00+05:30,1404.6955069309752,1419.241403039176,1400.8354417271594,1405.3074951171875,8351081
2024-03-27 00:00:00+05:30,1408.4612802603947,1411.2857346994197,1394.8568706833632,1397.022216796875,6857402
2024-03-28 00:00:00+05:30,1400.129150066849,1423.3367734843898,1400.129150066849,1410.391357421875,12499530
2024-04-01 00:00:00+05:30,1435.7644049013911,1440.4247089660325,1405.4486385196594,1407.9434814453125,6580002
2024-04-02 00:00:00+05:30,1397.9637802788536,1405.7781506375063,1394.1978408148962,1396.080810546875,7279400
2024-04-03 00:00:00+05:30,1392.4560485461666,1407.613931160152,1388.690109266799,1394.009521484375,8736248
2024-04-04 00:00:00+05:30,1403.3302528566012,1408.1318024819914,1382.0997240670574,1399.7054443359375,11186915
2024-04-05 00:00:00+05:30,1393.4447725803975,1399.7055552251502,1389.6788329794124,1392.55029296875,5072482
2024-04-08 00:00:00+05:30,1396.221927423092,1403.706685446096,1387.8426899035271,1390.29052734375,6610887
2024-04-09 00:00:00+05:30,1402.8124833871761,1425.2198696967855,1400.2705201600338,1407.378662109375,9423230
2024-04-10 00:00:00+05:30,1412.5567483925915,1421.5008543199363,1397.6813569645744,1418.62939453125,6744595
2024-04-12 00:00:00+05:30,1415.993088588146,1418.6292919048578,1392.926711812608,1397.8695068359375,12275616
2024-04-15 00:00:00+05:30,1393.3975389714133,1404.6482366428452,1375.5564475345761,1382.240966796875,8531224
2024-04-16 00:00:00+05:30,1366.094545486242,1370.0017306796847,1330.3652406637968,1331.6832275390625,16173541
2024-04-18 00:00:00+05:30,1337.9439943607726,1360.163012124985,1325.1398243718486,1336.2022705078125,22107945
2024-04-19 00:00:00+05:30,1303.9564344137511,1343.3575498977523,1298.0721544750609,1328.67041015625,20603621
2024-04-22 00:00:00+05:30,1336.814417739945,1352.7725406478596,1330.3652692316007,1348.9124755859375,5859087
2024-04-23 00:00:00+05:30,1358.562670672261,1362.1873644449943,1349.1478219496535,1357.997802734375,4856174
2024-04-24 00:00:00+05:30,1359.7867075742051,1359.7867075742051,1343.546092803966,1347.029541015625,4268213
2024-04-25 00:00:00+05:30,1336.908338935666,1360.3513320897941,1336.908338935666,1354.2786865234375,9089398
2024-04-26 00:00:00+05:30,1355.455578865194,1360.8221110164066,1343.498768244188,1346.55859375,8062444
2024-04-29 00:00:00+05:30,1346.2762368329832,1355.549954695784,1344.6757585333085,1350.79541015625,5055957
2024-04-30 00:00:00+05:30,1350.7483107051714,1352.4901496742034,1334.6019369629423,1337.4263916015625,6936588
2024-05-02 00:00:00+05:30,1330.3181204493865,1340.6744540126867,1329.2353898641165,1331.6832275390625,10076354
2024-05-03 00:00:00+05:30,1338.885714612062,1341.4277929148773,1321.0916262018002,1333.4251708984375,8842345
2024-05-06 00:00:00+05:30,1336.9084732924218,1361.1045877183944,1334.1781442699464,1342.4632568359375,6445422
2024-05-07 00:00:00+05:30,1341.568931255247,1358.8922772913259,1332.7660699731557,1356.6326904296875,6080661
2024-05-08 00:00:00+05:30,1351.266253405405,1355.5029356143054,1342.1809007941797,1343.781494140625,6234983
2024-05-09 00:00:00+05:30,1344.0167568835536,1365.1059257902893,1341.4746788069972,1355.3145751953125,6088406
2024-05-10 00:00:00+05:30,1351.0778223208927,1351.9250667078657,1330.3180362931507,1341.521728515625,8777481
2024-05-13 00:00:00+05:30,1341.6159637564915,1341.6159637564915,1328.623426347066,1340.1566162109375,3735954
2024-05-14 00:00:00+05:30,1342.9340893861715,1349.8539804416741,1335.072713427135,1341.33349609375,3463230
2024-05-15 00:00:00+05:30,1342.5573572737128,1348.0180152167325,1335.5433413149956,1336.861328125,4327544
2024-05-16 00:00:00+05:30,1350.0421774524657,1370.566593499511,1343.4989036055658,1368.3070068359375,9249145
2024-05-17 00:00:00+05:30,1371.7435559166192,1371.7435559166192,1355.0321982518835,1359.7867431640625,7542860
2024-05-21 00:00:00+05:30,1346.3234055041823,1360.1631875478636,1344.8170526513272,1350.2305908203125,6752663
2024-05-22 00:00:00+05:30,1345.1465142625411,1374.5207963720839,1344.4404006067602,1369.6722412109375,7173285
2024-05-23 00:00:00+05:30,1369.5779588477037,1391.6558474322132,1365.153026044568,1386.2423095703125,8641428
2024-05-24 00:00:00+05:30,1382.3352072624964,1389.1609728015073,1374.5679568215526,1379.3695068359375,5277938
2024-05-27 00:00:00+05:30,1385.7244045177397,1393.0209118473929,1374.8032036291474,1385.253662109375,5821844
2024-05-28 00:00:00+05:30,1389.1609456307224,1389.6316880724814,1374.8504213721912,1381.2054443359375,6186922
2024-05-29 00:00:00+05:30,1379.6520112690093,1379.7461367746178,1365.1531206572472,1366.0474853515625,7401634
2024-05-30 00:00:00+05:30,1358.3743695494225,1365.011768697552,1338.3678167520543,1343.9224853515625,9663150
2024-05-31 00:00:00+05:30,1353.8618612517012,1379.7424895610318,1344.4506597427837,1351.076904296875,37113815
2024-06-03 00:00:00+05:30,1382.8636553906256,1382.8636553906256,1348.2920640058599,1350.11669921875,10589244
2024-06-04 00:00:00+05:30,1353.09357909204,1358.8555105856897,1304.4532506211224,1338.3526611328125,13736134
2024-06-05 00:00:00+05:30,1344.594729280313,1380.9428896837226,1344.594729280313,1373.3563232421875,9233424
2024-06-06 00:00:00+05:30,1387.6171483700416,1415.8026912541518,1380.4627967662166,1413.833984375,12660930
2024-06-07 00:00:00+05:30,1422.2368434730788,1478.607696455328,1418.6356360706318,1472.749755859375,24075302
2024-06-10 00:00:00+05:30,1464.7791939197848,1469.1006429210506,1437.8901779119085,1440.242919921875,6810606
2024-06-11 00:00:00+05:30,1440.530920339611,1446.6768867495505,1434.67286293827,1436.4014892578125,4853054
2024-06-12 00:00:00+05:30,1447.205207418443,1448.8857708643502,1423.9173996680136,1426.2701416015625,9564320
2024-06-13 00:00:00+05:30,1435.6813586014816,1445.2845783914581,1430.2555159747842,1434.6729736328125,7307565
2024-06-14 00:00:00+05:30,1444.0360586769375,1444.0360586769375,1427.0864701658527,1429.8233642578125,4237727
2024-06-18 00:00:00+05:30,1437.6019330325926,1447.2051523581276,1436.0654413858667,1438.7542724609375,5420939
2024-06-19 00:00:00+05:30,1445.2845473689924,1455.5119996711499,1437.3138282236787,1451.382568359375,5493456
2024-06-20 00:00:00+05:30,1456.1361637531038,1457.2885031581282,1439.618556511379,1455.2718505859375,7927010
2024-06-21 00:00:00+05:30,1483.6975056622882,1495.94161129154,1463.2425999556383,1471.885498046875,17301941
2024-06-24 00:00:00+05:30,1464.0588504809766,1468.428244941943,1455.271881344855,1466.5556640625,5564989
2024-06-25 00:00:00+05:30,1465.451223093983,1482.6410085926723,1460.0253808999469,1480.768310546875,4551525
2024-06-26 00:00:00+05:30,1479.8561366420593,1487.3946405637594,1474.0942048965353,1479.5679931640625,4851004
2024-06-27 00:00:00+05:30,1477.4072265440695,1515.7721579895247,1471.2612599725667,1510.9224853515625,14757754
2024-06-28 00:00:00+05:30,1510.15438706981,1525.4714758668922,1502.1836676895095,1504.58447265625,8197544
2024-07-01 00:00:00+05:30,1497.6220524294586,1536.4190819140294,1497.6220524294586,1527.68017578125,6801771
2024-07-02 00:00:00+05:30,1532.86588566981,1568.9740856185726,1523.550809426941,1556.72998046875,10493173
2024-07-03 00:00:00+05:30,1560.5232067482063,1571.086748455425,1542.2770892539197,1562.8280029296875,7269965
2024-07-04 00:00:00+05:30,1563.5960981382616,1594.13438198508,1563.4040806456085,1585.1553955078125,8008311
2024-07-05 00:00:00+05:30,1585.9236853770542,1599.7523453204356,1568.5418810019864,1582.0823974609375,7065022
2024-07-08 00:00:00+05:30,1577.904975049744,1599.8963711842514,1574.9280004454815,1595.718994140625,5880533
2024-07-09 00:00:00+05:30,1594.0383461640054,1600.6165277373964,1585.4914578037747,1591.3974609375,5191182
2024-07-10 00:00:00+05:30,1591.2535253565572,1607.5789990626897,1572.575309683498,1582.8507080078125,9852770
2024-07-11 00:00:00+05:30,1590.2932550444577,1598.9361531696993,1576.8968098410567,1587.1241455078125,8857679
2024-07-12 00:00:00+05:30,1613.340833576749,1651.5136300854847,1600.520559326722,1643.8310546875,17078316
2024-07-15 00:00:00+05:30,1657.707575021914,1659.436201288973,1635.092065184172,1639.3175048828125,6942230
2024-07-16 00:00:00+05:30,1650.4092519603355,1668.943512173137,1632.547287437264,1657.563720703125,6886281
2024-07-18 00:00:00+05:30,1650.7934479826547,1695.3524103380762,1650.7934479826547,1688.2940673828125,11248896
2024-07-19 00:00:00+05:30,1770.8336868455729,1770.8336868455729,1715.5671113876276,1721.8092041015625,29819116
2024-07-22 00:00:00+05:30,1728.7236252048558,1750.6669588687384,1721.8092366549201,1738.9990234375,8462126
2024-07-23 00:00:00+05:30,1738.1826974355533,1766.9442924167647,1712.494085746934,1764.015380859375,7113056
2024-07-24 00:00:00+05:30,1764.5915628208677,1769.249100779416,1747.4017766683005,1761.182373046875,6002845
2024-07-25 00:00:00+05:30,1747.7860651938493,1758.253598590097,1740.103489083107,1752.443603515625,5815599
2024-07-26 00:00:00+05:30,1752.9235913028444,1808.2861733754446,1752.9235913028444,1804.348876953125,11369047
2024-07-29 00:00:00+05:30,1818.4656425678857,1827.4926924499405,1790.040135957272,1796.8583984375,4635931
2024-07-30 00:00:00+05:30,1796.8583403917328,1805.3571660297775,1786.1987904104494,1802.6683349609375,2721265
2024-07-31 00:00:00+05:30,1802.5242769151237,1810.350924152097,1791.048476651269,1794.1214599609375,5004209
2024-08-01 00:00:00+05:30,1782.453656326238,1793.7855029159562,1771.8901142339544,1779.092529296875,7475014
2024-08-02 00:00:00+05:30,1769.8732971519382,1785.7186088193323,1744.0886770658112,1748.938232421875,7400938
2024-08-05 00:00:00+05:30,1714.1266318965754,1726.1787193591779,1650.3613476722035,1682.3880615234375,10736703
2024-08-06 00:00:00+05:30,1690.3587800212945,1725.6506144088735,1675.617860395926,1681.619873046875,7690163
2024-08-07 00:00:00+05:30,1724.7382902879888,1726.5629255103806,1692.183351452448,1720.5609130859375,5094329
2024-08-08 00:00:00+05:30,1709.3250068929763,1709.3250068929763,1658.5720153140558,1673.9852294921875,6227910
2024-08-09 00:00:00+05:30,1700.970151180368,1710.0932091542359,1686.32524232758,1700.489990234375,4258524
2024-08-12 00:00:00+05:30,1702.6988263064616,1731.9405818653124,1697.9451624687292,1726.0826416015625,4315329
2024-08-13 00:00:00+05:30,1738.1827024097588,1738.1827024097588,1718.0640047615366,1726.130615234375,4176918
2024-08-14 00:00:00+05:30,1730.5002617824882,1752.5876680094568,1726.130749746865,1750.9071044921875,7450718
2024-08-16 00:00:00+05:30,1776.5955951852964,1787.9753867685558,1756.9089953467567,1785.1904296875,7335657
2024-08-19 00:00:00+05:30,1786.1988792940135,1793.449357119504,1775.8273550396493,1790.8084716796875,2585989
2024-08-20 00:00:00+05:30,1805.405230806265,1810.8790189238414,1794.0733851264426,1797.9146728515625,3870333
2024-08-21 00:00:00+05:30,1800.6995713961778,1804.444850251852,1793.0169961955314,1798.394775390625,1966902
2024-08-22 00:00:00+05:30,1809.2465931329778,1818.513723597305,1795.51394205871,1805.6453857421875,4300287
2024-08-23 00:00:00+05:30,1803.67661383031,1807.9020537953018,1783.3178356718943,1788.2154541015625,5015935
2024-08-26 00:00:00+05:30,1795.8020045127269,1813.8080406542315,1790.0400729474454,1801.7080078125,3728589
2024-08-27 00:00:00+05:30,1801.7080992308468,1827.2526403543604,1799.5473747842314,1824.707763671875,3830679
2024-08-28 00:00:00+05:30,1831.2379582795415,1873.588133022963,1822.1148997127973,1862.1602783203125,6514531
2024-08-29 00:00:00+05:30,1856.3023384955793,1873.1079727033768,1844.6824662886909,1856.638427734375,7228284
2024-08-30 00:00:00+05:30,1861.1039704725115,1872.6278340667684,1851.5007508106305,1866.5777587890625,13466759
2024-09-02 00:00:00+05:30,1866.241657337013,1897.3561122833119,1865.713550595146,1886.552490234375,5573739
2024-09-03 00:00:00+05:30,1888.9533893572925,1888.9533893572925,1859.6155051280512,1864.22509765625,4694322
2024-09-04 00:00:00+05:30,1844.8744872415468,1850.7324277310104,1824.6597803927025,1846.1708984375,4778310
2024-09-05 00:00:00+05:30,1849.8201661965988,1863.0245930805459,1833.8307821972226,1856.4464111328125,4081810
2024-09-06 00:00:00+05:30,1845.7388167038994,1859.6634851962026,1821.5866958391305,1826.3883056640625,5848106
2024-09-09 00:00:00+05:30,1815.0084785277315,1844.634387126065,1814.0481565814205,1819.4739990234375,4772612
2024-09-10 00:00:00+05:30,1829.317300201853,1858.2229673598686,1820.7704114285846,1836.4237060546875,6909600
2024-09-11 00:00:00+05:30,1838.7284033553788,1849.5800883553493,1829.4133272673625,1834.3590087890625,5312946
2024-09-12 00:00:00+05:30,1848.6197893164426,1878.773922571952,1834.9832642548035,1873.0599365234375,8555092
2024-09-13 00:00:00+05:30,1873.0599351123685,1880.886582594913,1858.8472403257115,1866.9619140625,3843127
2024-09-16 00:00:00+05:30,1868.5464710616527,1874.548483367517,1856.3504289468578,1872.867919921875,1570181
2024-09-17 00:00:00+05:30,1870.467067930622,1880.7424658489679,1865.0892884852562,1875.07666015625,2793127
2024-09-18 00:00:00+05:30,1861.824097546446,1861.824097546446,1806.6536508696367,1817.0731201171875,6385468
2024-09-19 00:00:00+05:30,1834.7911742292838,1848.5238256038056,1804.253005223771,1819.0418701171875,7976570
2024-09-20 00:00:00+05:30,1829.4134254860905,1839.0166455673825,1793.305341425795,1830.1336669921875,15242974
2024-09-23 00:00:00+05:30,1833.2546020080952,1842.761812755645,1803.9167195535472,1821.2025146484375,3636672
2024-09-24 00:00:00+05:30,1813.0878227950013,1835.0792186672709,1797.1465020357018,1823.2672119140625,7277616
2024-09-25 00:00:00+05:30,1811.5033146813457,1826.1482246431408,1802.3323102544668,1820.0982666015625,4268341
2024-09-26 00:00:00+05:30,1822.4991866395028,1841.8495816692773,1817.8895940269988,1824.8519287109375,8952803
2024-09-27 00:00:00+05:30,1855.4380099764576,1896.2516927156676,1827.7808082445556,1831.0938720703125,14908931
2024-09-30 00:00:00+05:30,1805.40537191387,1825.8122145485347,1796.282312853667,1801.179931640625,6986955
2024-10-01 00:00:00+05:30,1800.6036370139677,1833.2065199774477,1800.6036370139677,1828.7890625,4029072
2024-10-03 00:00:00+05:30,1814.528280610594,1835.9914522282918,1806.3655442331449,1818.2735595703125,7503887
2024-10-04 00:00:00+05:30,1814.5763205944831,1876.565029844856,1811.1671309069884,1842.04150390625,10001483
2024-10-07 00:00:00+05:30,1846.8911139011777,1864.9452133204372,1840.0249057901142,1857.55078125,6112575
2024-10-08 00:00:00+05:30,1861.007899519078,1880.2622839615105,1830.7096956078074,1871.2353515625,5637391
2024-10-09 00:00:00+05:30,1875.07665925967,1898.5564839074102,1867.9221904384558,1875.2686767578125,4857163
2024-10-10 00:00:00+05:30,1880.214459242611,1886.0723999723164,1838.1523089309171,1842.85791015625,4782119
2024-10-11 00:00:00+05:30,1841.8976089269854,1869.7469471224404,1834.3110416283794,1858.319091796875,4709431
2024-10-14 00:00:00+05:30,1855.4860705732615,1891.354071794841,1854.477685639696,1881.1746826171875,3751378
2024-10-15 00:00:00+05:30,1882.2310163628915,1912.433094709219,1874.3083602991192,1881.558837890625,5353705
2024-10-16 00:00:00+05:30,1877.4295689381306,1881.7990810660253,1840.3130990275722,1843.914306640625,3111512
2024-10-17 00:00:00+05:30,1858.415027332384,1899.516854492198,1853.5654717255002,1890.0096435546875,8162822
2024-10-18 00:00:00+05:30,1818.6577602233042,1859.9995499352583,1795.0818094027522,1805.0211181640625,10526196
2024-10-21 00:00:00+05:30,1816.0647726492866,1823.4593218230411,1765.071701772492,1779.2364501953125,4654601
2024-10-22 00:00:00+05:30,1784.4700589292672,1803.2924614363872,1773.6664378494722,1778.1319580078125,4125240
2024-10-23 00:00:00+05:30,1772.0341729593083,1811.167294513619,1770.8337704576425,1799.0672607421875,4311910
2024-10-24 00:00:00+05:30,1787.5433126309072,1809.2465653946333,1786.198838446931,1789.4158935546875,2906475
2024-10-25 00:00:00+05:30,1789.5119595392343,1801.9001366151979,1773.1385399992107,1788.1676025390625,4689120
2024-10-28 00:00:00+05:30,1785.9108270230458,1807.2300463621355,1783.3180044404317,1791.336669921875,7018940
2024-10-29 00:00:00+05:30,1792.9391324904534,1798.378144066303,1776.4277753656768,1786.4317626953125,4621252
2024-10-30 00:00:00+05:30,1779.3416136488445,1786.1404080241402,1744.7163014394891,1750.301025390625,5919715
2024-10-31 00:00:00+05:30,1736.5092654474463,1736.5092654474463,1696.2992285309076,1706.740234375,7395236
2024-11-01 00:00:00+05:30,1713.7816813488193,1715.2385657478123,1701.6895882617994,1710.236572265625,371966
2024-11-04 00:00:00+05:30,1674.9314693544445,1716.2098616116575,1668.6183034798119,1712.9561767578125,7336722
2024-11-05 00:00:00+05:30,1709.4110437798347,1717.6181118779048,1694.842199656711,1703.7777099609375,3160880
2024-11-06 00:00:00+05:30,1713.296194916247,1774.679548579323,1711.985022561022,1771.2801513671875,10421494
2024-11-07 00:00:00+05:30,1760.8390975998175,1773.22261567757,1735.6350435250165,1751.2237548828125,4550965
2024-11-08 00:00:00+05:30,1765.7439982122546,1787.694367437014,1761.0334287500186,1777.3504638671875,4210960
2024-11-11 00:00:00+05:30,1776.427742360696,1814.306737413767,1770.163186757311,1806.6337890625,3804234
2024-11-12 00:00:00+05:30,1817.3175584882076,1826.9330191433785,1807.5078940062876,1815.083740234375,5012450
2024-11-13 00:00:00+05:30,1807.605094015565,1819.3572716489662,1802.943134866599,1814.6953125,4257495
2024-11-14 00:00:00+05:30,1811.975680567675,1822.0767695268303,1802.6516440521305,1810.9559326171875,4311431
2024-11-18 00:00:00+05:30,1796.047127993138,1796.047127993138,1743.4050832115965,1759.3822021484375,4839244
2024-11-19 00:00:00+05:30,1773.0283689800722,1806.24528689049,1768.2206977377823,1772.2999267578125,4669769
2024-11-21 00:00:00+05:30,1789.0540816629436,1813.3354888516371,1768.26917339711,1781.3326416015625,5436504
2024-11-22 00:00:00+05:30,1800.80625185363,1859.0331371970146,1781.2840242640295,1847.572265625,6301486
2024-11-25 00:00:00+05:30,1860.927145784527,1864.1323391283017,1827.904430253904,1835.383056640625,12764638
2024-11-26 00:00:00+05:30,1850.194581938472,1882.8773790978912,1842.7645663309452,1868.8427734375,6850495
2024-11-27 00:00:00+05:30,1874.621750796134,1885.5969943515,1856.7992214996743,1869.1827392578125,4447143
2024-11-28 00:00:00+05:30,1859.8586361338635,1859.8586361338635,1798.4266776839897,1803.282958984375,8468790
2024-11-29 00:00:00+05:30,1797.8925063282472,1823.0480681141644,1791.9678666332622,1804.448486328125,5244346
2024-12-02 00:00:00+05:30,1805.5655210664468,1828.6814691911163,1782.4495729417774,1825.7677001953125,2868263
2024-12-03 00:00:00+05:30,1832.760605927078,1845.1441235346933,1817.3662175546285,1837.7139892578125,4715792
2024-12-04 00:00:00+05:30,1829.8468273930628,1858.935905488834,1821.1055208927776,1834.9459228515625,4705573
2024-12-05 00:00:00+05:30,1845.386971128795,1893.8526842407528,1834.654541582606,1879.2352294921875,9050038
2024-12-06 00:00:00+05:30,1877.2442779990854,1882.2461532385446,1857.4306251975142,1867.1431884765625,3573331
2024-12-09 00:00:00+05:30,1868.8912975545852,1874.7188352688952,1842.6673778401903,1868.357177734375,4274645
2024-12-10 00:00:00+05:30,1883.2659588503623,1909.101352624084,1876.4671647750902,1892.54150390625,6174921
2024-12-11 00:00:00+05:30,1898.806057875605,1921.1449526741415,1895.8922889888395,1917.4056396484375,5025612
2024-12-12 00:00:00+05:30,1918.4253589276038,1941.3471020098962,1913.9091120699152,1929.88623046875,6462130
2024-12-13 00:00:00+05:30,1913.132112410419,1948.7771714843159,1897.6406217246506,1942.22119140625,5362693
2024-12-16 00:00:00+05:30,1938.0933607570853,1942.1240981650324,1920.7564592966078,1923.1361083984375,3119221
2024-12-17 00:00:00+05:30,1911.4324974199167,1925.0300863243267,1901.7199339167669,1919.7852783203125,5811050
2024-12-18 00:00:00+05:30,1910.2669710918078,1927.8951783904936,1905.216367108079,1922.261962890625,3064095
2024-12-19 00:00:00+05:30,1878.4097533316565,1903.4196039771014,1864.8121646312206,1890.259033203125,5323592
2024-12-20 00:00:00+05:30,1918.3768510152895,1923.038809987995,1856.3135514684034,1866.9002685546875,11056720
2024-12-23 00:00:00+05:30,1874.5732490554924,1884.2372017118134,1854.1282567360063,1868.988525390625,2781793
2024-12-24 00:00:00+05:30,1871.6594932162752,1886.1797274213886,1787.111585198432,1854.1768798828125,2360544
2024-12-26 00:00:00+05:30,1854.1769374712999,1864.5693327398988,1847.6209572676305,1852.5743408203125,3623321
2024-12-27 00:00:00+05:30,1854.5168074679777,1868.8428379280153,1849.1748978049127,1861.655517578125,3937500
2024-12-30 00:00:00+05:30,1860.6356160704356,1860.9270403802957,1832.2749799986577,1851.2144775390625,7789055
2024-12-31 00:00:00+05:30,1837.9082915665463,1842.473148621904,1792.0164326986576,1825.9617919921875,3613063
2025-01-01 00:00:00+05:30,1820.134335963438,1838.5395957247827,1820.134335963438,1828.3900146484375,1838368
2025-01-02 00:00:00+05:30,1832.7607301511275,1906.2362966487788,1831.109641782825,1901.57421875,7083645
2025-01-03 00:00:00+05:30,1896.8149857004253,1896.8149857004253,1866.7546499738073,1883.023193359375,6218003
2025-01-06 00:00:00+05:30,1895.8923485784164,1916.288731426852,1872.5821967516326,1882.1490478515625,7164403
2025-01-07 00:00:00+05:30,1889.0935202054077,1902.2540906114118,1868.357221729347,1875.3502197265625,4294832
2025-01-08 00:00:00+05:30,1874.5246254427705,1882.8774057609294,1834.460303784991,1877.5841064453125,5482050
2025-01-09 00:00:00+05:30,1878.4583629543145,1895.74665458795,1855.6338390718154,1862.1898193359375,6833503
2025-01-10 00:00:00+05:30,1881.3233976824297,1920.9507009797642,1876.709930393327,1910.4124755859375,8036913
2025-01-13 00:00:00+05:30,1899.7773306055078,1925.8070469770787,1892.9785364775742,1905.799072265625,5804152
2025-01-14 00:00:00+05:30,1912.2579998126723,1915.1232771204202,1875.5930733895989,1884.285888671875,5792162
2025-01-15 00:00:00+05:30,1891.036010381721,1901.7684398888914,1881.420549328485,1893.60986328125,2985439
2025-01-16 00:00:00+05:30,1909.4412763032324,1910.41253260361,1861.7526156669912,1873.0191650390625,7533579
2025-01-17 00:00:00+05:30,1797.7954209897873,1804.5942151264314,1759.9164250856263,1763.2672119140625,16409953
2025-01-20 00:00:00+05:30,1770.5517282126625,1775.4080099966866,1741.60835991682,1761.17919921875,4333011
2025-01-21 00:00:00+05:30,1766.7638099629812,1779.0016155615642,1741.5111463055791,1748.941162109375,7169109
2025-01-22 00:00:00+05:30,1755.448693830049,1812.1700865447272,1753.2633671133483,1803.0887451171875,8373913
2025-01-23 00:00:00+05:30,1804.5941442893445,1825.5247642701754,1799.446438649042,1811.8299560546875,5907471
2025-01-24 00:00:00+05:30,1811.8786496612856,1840.4336089404926,1810.6645792715367,1821.5426025390625,4887027
2025-01-27 00:00:00+05:30,1795.6101350752897,1809.4505377391558,1759.9164650474238,1769.6290283203125,7652371
2025-01-28 00:00:00+05:30,1777.3990640797924,1809.9361507719634,1772.4456805643415,1777.15625,6999495
2025-01-29 00:00:00+05:30,1791.9678626583263,1834.36322360914,1787.5972093347696,1827.1759033203125,5145155
2025-01-30 00:00:00+05:30,1819.3086909049005,1832.9547702492719,1790.9965471548646,1806.488037109375,7336056
2025-01-31 00:00:00+05:30,1817.2205970496623,1842.910279604707,1817.2205970496623,1825.7677001953125,5820470
2025-02-01 00:00:00+05:30,1826.2533177597818,1836.2571867836969,1792.9391783431893,1798.1353759765625,1701402
2025-02-03 00:00:00+05:30,1783.2265984737837,1822.6110895629577,1779.7300994439906,1809.741943359375,4823228
2025-02-04 00:00:00+05:30,1834.703198206104,1856.2650411997822,1821.1056096540206,1844.2215576171875,7334787
2025-02-05 00:00:00+05:30,1851.2144245852517,1864.5205878724964,1839.8507738106882,1842.521728515625,4996744
2025-02-06 00:00:00+05:30,1861.898330498206,1868.6971246106148,1845.3869733680706,1860.587158203125,4765255
2025-02-07 00:00:00+05:30,1864.13219104828,1868.40562375176,1835.140096778848,1848.9320068359375,4126260
2025-02-10 00:00:00+05:30,1850.2432794461592,1850.2432794461592,1824.6020890265615,1826.2532958984375,3828734
2025-02-11 00:00:00+05:30,1828.9727506286142,1848.3007750893653,1816.249316561804,1821.7369384765625,4411601
2025-02-12 00:00:00+05:30,1830.8182412610952,1840.142278618334,1793.9104995274497,1809.5963134765625,5633947
2025-02-13 00:00:00+05:30,1814.792533979024,1819.6488158467762,1782.8867858202054,1790.268310546875,5237744
2025-02-14 00:00:00+05:30,1800.7092442878504,1805.856950285683,1775.7964955938853,1803.040283203125,5292961
2025-02-17 00:00:00+05:30,1785.703248001718,1799.4950394980904,1769.77462159192,1789.345458984375,4428956
2025-02-18 00:00:00+05:30,1789.3456107739096,1808.1393973263787,1784.780634818134,1798.7181396484375,4365260
2025-02-19 00:00:00+05:30,1794.2989338566194,1796.0471240806544,1753.9917969230971,1758.7509765625,4611411
2025-02-20 00:00:00+05:30,1753.6518766132701,1778.3703022593725,1753.6518766132701,1772.6884765625,2218020
2025-02-21 00:00:00+05:30,1769.4347905187403,1777.2533326664163,1754.2830972545896,1762.8302001953125,3379879
2025-02-24 00:00:00+05:30,1748.309923055587,1756.0313630959042,1699.9413126430345,1713.3931884765625,7594720
2025-02-25 00:00:00+05:30,1694.9880113599872,1727.330776075937,1694.9880113599872,1716.8897705078125,5092963
2025-02-27 00:00:00+05:30,1704.748997302386,1724.8054634563641,1700.7668702151418,1713.5875244140625,5757079
2025-02-28 00:00:00+05:30,1704.6034155946859,1704.6519072727174,1634.0901134127998,1639.189208984375,12182167
2025-03-03 00:00:00+05:30,1643.6571185043986,1678.9136517994152,1643.6571185043986,1659.488525390625,7504969
2025-03-04 00:00:00+05:30,1646.2794646548505,1650.1644899401717,1621.9980566215932,1639.7720947265625,6759673
2025-03-05 00:00:00+05:30,1643.8026956375877,1683.1385762213686,1643.8026956375877,1662.30517578125,8180782
2025-03-06 00:00:00+05:30,1665.7046071983816,1672.794825837321,1642.4915571816716,1666.5301513671875,10610547
2025-03-07 00:00:00+05:30,1654.1465445914585,1655.9919552333556,1627.339895010843,1637.5380859375,8019331
2025-03-10 00:00:00+05:30,1637.5380832553346,1669.5895404009018,1628.0197243147556,1652.5439453125,7558981
2025-03-11 00:00:00+05:30,1631.7104941166237,1631.7104941166237,1589.9950857541564,1613.83935546875,12671234
2025-03-12 00:00:00+05:30,1589.84944650162,1589.84944650162,1518.850635339536,1545.123046875,14870008
2025-03-13 00:00:00+05:30,1553.2816045131979,1559.886194636392,1525.163782654934,1534.439208984375,7822888
2025-03-17 00:00:00+05:30,1500.736758011993,1548.1826065260266,1500.736758011993,1544.34619140625,7526032
2025-03-18 00:00:00+05:30,1544.34619140625,1544.34619140625,1544.34619140625,1544.34619140625,0
2025-03-19 00:00:00+05:30,1556.9238965430377,1556.9238965430377,1527.5920028100838,1540.94677734375,7387068
2025-03-20 00:00:00+05:30,1546.240146235024,1584.9932992405397,1546.240146235024,1569.11328125,7186750
2025-03-21 00:00:00+05:30,1532.59385494289,1557.7980274559397,1518.7049607743006,1546.7742919921875,10074677
2025-03-24 00:00:00+05:30,1552.0189913058653,1560.9060103586978,1527.4947691913153,1546.968505859375,8857726
2025-03-25 00:00:00+05:30,1558.8663000022038,1589.1209562659596,1558.8663000022038,1581.6422119140625,9890140
2025-03-26 00:00:00+05:30,1579.2628561729366,1590.6751185099797,1549.153908730525,1553.4759521484375,6651302
2025-03-27 00:00:00+05:30,1549.688079270318,1573.3866387891755,1540.4125339270274,1557.4581298828125,9426573
2025-03-28 00:00:00+05:30,1544.2975705237486,1552.504639118573,1515.1598805138667,1525.5037841796875,6799047
2025-04-01 00:00:00+05:30,1495.0061979771754,1502.92196020728,1474.2212903040318,1482.6226806640625,12680733
2025-04-02 00:00:00+05:30,1491.0726643663595,1510.9349273715397,1491.0726643663595,1505.593017578125,6193478
2025-04-03 00:00:00+05:30,1490.538435185599,1490.538435185599,1442.3641486583924,1453.4849853515625,10459504
2025-04-04 00:00:00+05:30,1418.5197886514006,1429.6892358061361,1406.3790852223406,1409.9241943359375,9590254
2025-04-07 00:00:00+05:30,1313.1385736419368,1365.489314158466,1269.4320382766355,1356.602294921875,21715252
2025-04-08 00:00:00+05:30,1389.8677955834949,1414.6348317731379,1374.3276944448953,1387.7310791015625,12805001
2025-04-09 00:00:00+05:30,1364.663707842691,1368.9371407012397,1342.1791008495861,1363.3524169921875,8546854
2025-04-11 00:00:00+05:30,1370.6855647660782,1397.4437254302495,1356.893771609889,1368.937255859375,12567440
2025-04-15 00:00:00+05:30,1404.0480742507405,1406.087688754894,1368.5001176189407,1385.011474609375,10178530
2025-04-16 00:00:00+05:30,1384.0402738742662,1386.4684147056246,1356.6508927211694,1372.4822998046875,12022740
2025-04-17 00:00:00+05:30,1357.8162328834976,1388.7022289531085,1338.6825322481727,1378.6982421875,14264227
2025-04-21 00:00:00+05:30,1369.4714582615436,1429.4951483248678,1369.4714582615436,1409.29296875,15648970
2025-04-22 00:00:00+05:30,1398.6091260339042,1398.6091260339042,1378.5041672717928,1381.903564453125,9399738
2025-04-23 00:00:00+05:30,1404.4365301839098,1445.0350886470426,1398.2204665039803,1432.505859375,11136642
2025-04-24 00:00:00+05:30,1427.6496829084983,1440.2760150192205,1419.4911061400271,1429.1065673828125,7114292
2025-04-25 00:00:00+05:30,1433.0887071514799,1458.535575435,1421.4336312546193,1437.653564453125,8329979
2025-04-28 00:00:00+05:30,1437.6534907325017,1446.7833234291916,1423.1818670852326,1439.4989013671875,5886253
2025-04-29 00:00:00+05:30,1439.4019470928108,1466.4029217301106,1431.7289980215003,1454.4564208984375,8056743
2025-04-30 00:00:00+05:30,1453.7764926957282,1465.431568419441,1439.984581952398,1456.9815673828125,7704183
2025-05-02 00:00:00+05:30,1456.5930649551544,1479.4175886205041,1453.1936678135066,1463.586181640625,7402310
2025-05-05 00:00:00+05:30,1471.453369034679,1479.2234198282615,1459.6040889990923,1465.2373046875,4282493
2025-05-06 00:00:00+05:30,1462.7119235923028,1472.0359599506996,1456.0102317041706,1468.0538330078125,4270530
2025-05-07 00:00:00+05:30,1456.8844481471906,1475.1441139885928,1453.5821530190785,1464.9459228515625,5691799
2025-05-08 00:00:00+05:30,1464.654613791716,1472.9102929808603,1458.0500230157727,1467.9569091796875,8424409
2025-05-09 00:00:00+05:30,1457.5642989506216,1467.9568126185206,1451.1540310083215,1464.2659912109375,4478653
2025-05-12 00:00:00+05:30,1492.8209942326298,1585.0903465111594,1487.96471253376,1580.136962890625,11372857
2025-05-13 00:00:00+05:30,1562.7513505672503,1565.859323230766,1519.627548132014,1523.5125732421875,12846210
2025-05-14 00:00:00+05:30,1528.75740058924,1549.1537826809642,1524.3867472838704,1546.6285400390625,4870057
2025-05-15 00:00:00+05:30,1544.103254657481,1572.0753639006625,1525.8435894847285,1566.6363525390625,11151167
2025-05-16 00:00:00+05:30,1566.2479103864578,1566.2479103864578,1536.0418626920532,1544.200439453125,4576751
2025-05-19 00:00:00+05:30,1531.185508443418,1539.4411867318856,1510.9833306187809,1514.965576171875,8855798
2025-05-20 00:00:00+05:30,1524.8723866170074,1537.9843466293191,1513.2173110505078,1515.7425537109375,7143998
2025-05-21 00:00:00+05:30,1522.832797268108,1525.8436681268927,1507.4869000940212,1523.41552734375,4157309
2025-05-22 00:00:00+05:30,1510.7890929485561,1515.936798484799,1495.7346211126817,1503.01904296875,6158990
2025-05-23 00:00:00+05:30,1505.447258808557,1541.5779455953386,1505.447258808557,1519.8218994140625,5038421
2025-05-26 00:00:00+05:30,1521.5700705826603,1538.275749801986,1517.782147363295,1535.070556640625,3170102
2025-05-27 00:00:00+05:30,1534.487964353223,1537.401733466409,1511.6634396332652,1524.9696044921875,7775714
2025-05-28 00:00:00+05:30,1535.556238237006,1542.063608140773,1524.8724187426308,1526.6207275390625,3623370
2025-05-29 00:00:00+05:30,1543.3263431603168,1562.6543682753302,1531.2827406845122,1540.0240478515625,8609500
2025-05-30 00:00:00+05:30,1547.3124739974683,1548.297396005105,1531.652190030095,1539.1375732421875,13148092
2025-06-02 00:00:00+05:30,1536.4782943781508,1536.4782943781508,1515.7949327230604,1530.371826171875,4374509
2025-06-03 00:00:00+05:30,1535.4933708621093,1543.6682714095227,1512.4461724234918,1519.734619140625,6853403
2025-06-04 00:00:00+05:30,1519.7346010168856,1533.8190332918903,1518.158749909477,1527.8109130859375,4548307
2025-06-05 00:00:00+05:30,1524.5607331925255,1544.0621159555858,1518.3556767230737,1530.8642578125,6948539
2025-06-06 00:00:00+05:30,1531.2581829658582,1545.2441474823067,1519.8331118292815,1540.2210693359375,3960020
2025-06-09 00:00:00+05:30,1554.2069160448225,1564.0561360451065,1547.3124620446238,1549.183837890625,2903202
2025-06-10 00:00:00+05:30,1560.116482612782,1583.2621501262925,1553.7144894707471,1571.935546875,8591925
2025-06-11 00:00:00+05:30,1566.1244242034918,1609.9534525332194,1566.1244242034918,1606.5062255859375,10597410
2025-06-12 00:00:00+05:30,1592.6188275892266,1603.452969273507,1574.0037782857437,1584.345458984375,10483574
2025-06-13 00:00:00+05:30,1552.2369998927122,1584.7394243828517,1546.5244044661895,1577.844970703125,6968315
2025-06-16 00:00:00+05:30,1575.875214344727,1610.1505483486199,1573.01891647278,1599.31640625,5591842
2025-06-17 00:00:00+05:30,1596.2630097727385,1622.5604988569514,1591.2399317053334,1615.173583984375,7622083
2025-06-18 00:00:00+05:30,1596.5585788351507,1619.9011823893957,1596.5585788351507,1608.2791748046875,5629707
2025-06-19 00:00:00+05:30,1599.4148737815738,1605.4228739879738,1587.2018168292147,1593.997802734375,5147760
2025-06-20 00:00:00+05:30,1594.58871180959,1606.1122510729595,1584.6410236941556,1598.429931640625,9202821
2025-06-23 00:00:00+05:30,1576.8601291540897,1576.8601291540897,1551.6461498856431,1560.116455078125,7943676
2025-06-24 00:00:00+05:30,1576.860073737694,1584.739449496533,1552.827953627288,1557.7525634765625,8083992
2025-06-25 00:00:00+05:30,1566.025955644839,1595.4751470327865,1561.199813873949,1590.550537109375,7813533
2025-06-26 00:00:00+05:30,1584.5425210067874,1599.5132869304996,1582.3756205245834,1591.6339111328125,6519233
2025-06-27 00:00:00+05:30,1594.5886581952298,1605.0288069577266,1578.238977654369,1583.7545166015625,8912268
2025-06-30 00:00:00+05:30,1590.648993297183,1590.648993297183,1570.064099926214,1577.6480712890625,6294505
2025-07-01 00:00:00+05:30,1584.7395342639384,1593.308307768125,1576.3676970723639,1582.57275390625,4178937
2025-07-02 00:00:00+05:30,1593.6038341220215,1624.1364168524187,1579.2239966239758,1586.2169189453125,8653641
2025-07-03 00:00:00+05:30,1594.0962765801005,1607.786716594206,1590.6490495377586,1594.293212890625,5259695
2025-07-04 00:00:00+05:30,1600.4981989662078,1618.6207872342948,1587.9897380569496,1615.96142578125,4411273
2025-07-07 00:00:00+05:30,1615.2721260131761,1619.2118141254034,1598.5284515362102,1602.4681396484375,3294523
2025-07-08 00:00:00+05:30,1603.4529602070286,1621.378491891406,1597.0509674297891,1613.9915771484375,4590681
2025-07-09 00:00:00+05:30,1613.1052929685202,1613.3022292758048,1599.1193284889714,1609.0670166015625,4580828
2025-07-10 00:00:00+05:30,1614.1886858160015,1614.1886858160015,1582.868118202301,1591.43701171875,5330179
2025-07-11 00:00:00+05:30,1555.2902357933656,1582.8680505457567,1539.433016356687,1570.85205078125,11391755
2025-07-14 00:00:00+05:30,1567.7988696310574,1567.7988696310574,1536.2813659941348,1546.623046875,9173426
2025-07-15 00:00:00+05:30,1541.5013602388092,1579.4208563061295,1540.4179701114037,1561.6922607421875,7614807
2025-07-16 00:00:00+05:30,1555.1918577227598,1587.6942841349517,1554.6993967165145,1583.6561279296875,6223491
2025-07-17 00:00:00+05:30,1573.9053927711557,1585.7244570472844,1556.2752645133157,1559.6240234375,7374814
2025-07-18 00:00:00+05:30,1568.0942241264431,1575.1857343566385,1556.176692489401,1562.1846923828125,5161833
2025-07-21 00:00:00+05:30,1556.1767745731315,1565.041072656143,1543.1758521432762,1560.4119873046875,3682661
2025-07-22 00:00:00+05:30,1541.4029254290974,1561.889351060241,1541.4029254290974,1547.2139892578125,8473741
2025-07-23 00:00:00+05:30,1552.5325511946266,1567.897309898412,1526.629055261839,1550.7596435546875,8035026
2025-07-24 00:00:00+05:30,1556.1767861186595,1558.1466301517212,1524.8562179010848,1529.0914306640625,14169664
2025-07-25 00:00:00+05:30,1520.12860228797,1526.1366022975346,1488.512630894258,1492.84619140625,10851259
2025-07-28 00:00:00+05:30,1491.0734115180542,1496.392014262957,1460.14683725966,1493.1417236328125,6439855
2025-07-29 00:00:00+05:30,1490.0884773327002,1494.3235696797126,1473.5417400906863,1490.8763427734375,7070448
2025-07-30 00:00:00+05:30,1496.9830114866083,1498.7557989957106,1483.2925712781332,1496.0965576171875,5719051
2025-07-31 00:00:00+05:30,1486.936711768862,1504.0743788045277,1474.428250322285,1486.247314453125,6851407
2025-08-01 00:00:00+05:30,1471.3749358302919,1476.1024890867666,1443.4031282013243,1447.4412841796875,8702978
2025-08-04 00:00:00+05:30,1439.4634841975633,1460.4423706154291,1429.1218033326475,1458.177001953125,8610216
2025-08-05 00:00:00+05:30,1456.4040844682859,1456.4040844682859,1433.0614816224124,1438.2816162109375,10213323
2025-08-06 00:00:00+05:30,1430.1067078263497,1434.14486387826,1408.7339490588547,1415.037353515625,10566934
2025-08-07 00:00:00+05:30,1408.4383894942564,1420.2574529025999,1392.876574581379,1415.234375,9892020
2025-08-08 00:00:00+05:30,1403.5138318764698,1411.590144080286,1395.7329241309972,1401.6424560546875,10048009
2025-08-11 00:00:00+05:30,1398.4907470266712,1411.7871937906966,1392.6796832838538,1406.66552734375,6625368
2025-08-12 00:00:00+05:30,1406.6655976905836,1419.2726477892124,1399.5742071536924,1402.62744140625,9899184
2025-08-13 00:00:00+05:30,1403.5138705026145,1412.3781686321047,1400.953097311154,1405.0897216796875,10318063
2025-08-14 00:00:00+05:30,1404.6956380205245,1447.835267553816,1404.6956380205245,1425.8714599609375,12902347
2025-08-18 00:00:00+05:30,1442.6151494914589,1442.6151494914589,1408.0444126749926,1414.1510009765625,7254561
2025-08-19 00:00:00+05:30,1411.0977408332749,1427.5460108318366,1411.0977408332749,1418.2877197265625,3986094
2025-08-20 00:00:00+05:30,1418.9770874002822,1476.3980885005715,1418.9770874002822,1473.6402587890625,10413061
2025-08-21 00:00:00+05:30,1485.262351237006,1485.262351237006,1461.9197483180794,1473.8372802734375,6565539
2025-08-22 00:00:00+05:30,1475.5115598317454,1481.6181481033814,1463.6924963469764,1465.0714111328125,5543397
2025-08-25 00:00:00+05:30,1483.981859694785,1515.7948868943363,1483.981859694785,1508.9989013671875,10694531
2025-08-26 00:00:00+05:30,1500.03616013844,1515.2039825206518,1495.7024794249892,1506.53662109375,15994798
2025-08-28 00:00:00+05:30,1506.5366438633127,1506.5366438633127,1475.413133190423,1477.4814453125,5443364
2025-08-29 00:00:00+05:30,1479.254311487481,1479.254311487481,1445.5699084151588,1447.4412841796875,8169075
2025-09-01 00:00:00+05:30,1454.4343120627393,1480.7318023736236,1453.941851048263,1476.7921142578125,4546057
2025-09-02 00:00:00+05:30,1476.7920565936874,1489.9900353122632,1463.8896025641538,1476.1025390625,5218763
2025-09-03 00:00:00+05:30,1477.3829894013984,1479.2543652339205,1450.7900955921732,1456.798095703125,4623483
2025-09-04 00:00:00+05:30,1461.6242804276317,1461.6242804276317,1438.0846200594328,1440.94091796875,5787724
2025-09-05 00:00:00+05:30,1447.835279098319,1450.4945202945664,1411.3931666312185,1422.8182373046875,5466487
2025-09-08 00:00:00+05:30,1429.1218644887508,1436.0163186937275,1406.7641825159365,1411.2947998046875,3811567
2025-09-09 00:00:00+05:30,1458.6694341238242,1484.474341584966,1450.297597398603,1481.6181640625,13072640
2025-09-10 00:00:00+05:30,1487.330709756259,1511.756823802922,1486.5428442826578,1509.491455078125,7281071
2025-09-11 00:00:00+05:30,1500.922609577238,1504.4683046125388,1483.7849433052634,1486.9366455078125,8003662
2025-09-12 00:00:00+05:30,1513.8250582606502,1519.6361218926327,1498.1647749913177,1502.596923828125,12856963
2025-09-15 00:00:00+05:30,1502.5969824151846,1504.4683582651935,1478.5648615170796,1485.6563720703125,6167414
2025-09-16 00:00:00+05:30,1485.656397411633,1491.1719366717366,1480.8302554728903,1488.5126953125,8923112
2025-09-17 00:00:00+05:30,1494.028241371192,1503.680405062861,1491.1719434573272,1499.4453125,4795698
2025-09-18 00:00:00+05:30,1526.6291407021617,1531.5537508334592,1515.302537400178,1517.370849609375,9331945
2025-09-19 00:00:00+05:30,1521.3104874589542,1527.9095369547413,1497.179898612735,1516.976806640625,12988129
2025-09-22 00:00:00+05:30,1460.3437656419162,1491.8612688721596,1459.6543683506482,1476.8905029296875,15655204
2025-09-23 00:00:00+05:30,1470.4885054191882,1490.186944875574,1470.4885054191882,1474.920654296875,9832164
2025-09-24 00:00:00+05:30,1464.7758845360097,1474.1326431158677,1460.3437357350242,1472.0643310546875,4937004
2025-09-25 00:00:00+05:30,1466.5488557470633,1480.04223903444,1454.2373307659764,1462.4122314453125,9491867
2025-09-26 00:00:00+05:30,1452.7599061754568,1456.404069373631,1419.4694954878144,1427.053466796875,8597058
2025-09-29 00:00:00+05:30,1437.9860786678707,1442.9106885263222,1414.8404123331482,1420.060546875,10513117
2025-09-30 00:00:00+05:30,1421.2424051491353,1430.303639196793,1416.416263441906,1420.060546875,7556305
2025-10-01 00:00:00+05:30,1424.197180444367,1427.6444073679875,1405.877655696216,1424.000244140625,6250692
2025-10-03 00:00:00+05:30,1417.3027030735375,1426.4625254104503,1411.5901076030302,1424.7880859375,6877533
2025-10-06 00:00:00+05:30,1424.7881421800753,1456.5027027407555,1420.5530497148675,1453.744873046875,4630590
2025-10-07 00:00:00+05:30,1455.4191203786977,1460.5407866669368,1432.0765182081868,1436.5086669921875,5570320
2025-10-08 00:00:00+05:30,1435.0313384295307,1475.4131399913774,1433.061494450904,1472.4583740234375,4657192
2025-10-09 00:00:00+05:30,1479.352867871771,1491.171932062491,1464.5790376333712,1486.5428466796875,7028753
2025-10-10 00:00:00+05:30,1487.2322078030077,1498.755747016607,1476.2011295853695,1492.058349609375,3738353
2025-10-13 00:00:00+05:30,1474.4281763502415,1482.0120273618204,1461.0332617199265,1470.6854248046875,5859355
2025-10-14 00:00:00+05:30,1476.3980688327763,1491.5658915845438,1464.0865439092208,1467.435302734375,5600789
2025-10-15 00:00:00+05:30,1461.5258266826634,1466.1549121391147,1445.373081319078,1452.1690673828125,6986098
2025-10-16 00:00:00+05:30,1451.6765810210527,1452.267510183725,1438.478601982591,1449.312744140625,8005748
2025-10-17 00:00:00+05:30,1432.9630656678505,1436.410292725158,1412.3781714796953,1419.37109375,16959378
2025-10-20 00:00:00+05:30,1431.781048131079,1444.8805586841174,1428.136884861602,1438.87255859375,6994246
2025-10-21 00:00:00+05:30,1455.7147580634262,1463.5941342911037,1447.8353818357486,1450.19921875,1698704
2025-10-23 00:00:00+05:30,1487.2321904325627,1522.6893817276436,1483.292502510887,1505.4532470703125,20358624
2025-10-24 00:00:00+05:30,1516.2874003977408,1519.7346273554492,1495.111577657532,1502.4000244140625,8652257
2025-10-27 00:00:00+05:30,1510.0,1515.300048828125,1498.0999755859375,1504.5,7273211
2025-10-28 00:00:00+05:30,1499.699951171875,1506.5,1490.5,1500.199951171875,8211019
2025-10-29 00:00:00+05:30,1500.199951171875,1520.199951171875,1496.9000244140625,1510.4000244140625,4884976
2025-10-30 00:00:00+05:30,1507.0,1508.199951171875,1489.0999755859375,1493.800048828125,5608867
2025-10-31 00:00:00+05:30,1490.0,1497.0999755859375,1480.699951171875,1482.300048828125,4819814
2025-11-03 00:00:00+05:30,1482.300048828125,1491.4000244140625,1474.199951171875,1485.5,5470600
2025-11-04 00:00:00+05:30,1479.699951171875,1481.9000244140625,1462.9000244140625,1467.9000244140625,8691330
2025-11-05 00:00:00+05:30,1467.9000244140625,1467.9000244140625,1467.9000244140625,1467.9000244140625,0
2025-11-06 00:00:00+05:30,1478.5999755859375,1483.0,1461.9000244140625,1466.699951171875,7944752
2025-11-07 00:00:00+05:30,1470.0,1480.9000244140625,1449.0999755859375,1476.800048828125,8765759
2025-11-10 00:00:00+05:30,1490.0999755859375,1520.0,1490.0,1513.5,9787975
2025-11-11 00:00:00+05:30,1525.0,1533.4000244140625,1511.0999755859375,1530.300048828125,13692989
2025-11-12 00:00:00+05:30,1540.0,1559.199951171875,1538.0999755859375,1551.699951171875,14635417
2025-11-13 00:00:00+05:30,1557.0999755859375,1557.5,1530.300048828125,1541.800048828125,19655689
2025-11-14 00:00:00+05:30,1520.0,1530.0,1488.800048828125,1502.800048828125,9739549
2025-11-17 00:00:00+05:30,1496.0,1510.199951171875,1492.5,1507.5999755859375,7910354
2025-11-18 00:00:00+05:30,1506.0,1506.0,1483.199951171875,1486.4000244140625,7525119
2025-11-19 00:00:00+05:30,1490.5,1543.0,1490.5,1541.0999755859375,10981126
2025-11-20 00:00:00+05:30,1555.0,1555.0,1534.0,1536.5,7387584
2025-11-21 00:00:00+05:30,1531.0,1551.5,1526.300048828125,1545.0,9186302
2025-11-24 00:00:00+05:30,1563.5999755859375,1585.0,1541.0,1548.0,19270381
2025-11-25 00:00:00+05:30,1549.0,1550.5999755859375,1525.9000244140625,1530.5999755859375,8107952
2025-11-26 00:00:00+05:30,1532.0999755859375,1560.300048828125,1532.0999755859375,1557.9000244140625,7575038
2025-11-27 00:00:00+05:30,1564.0,1574.300048828125,1552.199951171875,1566.4000244140625,7552252
2025-11-28 00:00:00+05:30,1565.0,1568.4000244140625,1557.0,1560.0999755859375,4453221
2025-12-01 00:00:00+05:30,1562.5,1574.0,1556.0,1564.0,5341800
2025-12-02 00:00:00+05:30,1567.0,1579.9000244140625,1556.0999755859375,1561.0,6335969
2025-12-03 00:00:00+05:30,1555.0999755859375,1586.0,1554.0999755859375,1578.699951171875,12895312
2025-12-04 00:00:00+05:30,1568.0,1599.0,1568.0,1597.5999755859375,12609619
2025-12-05 00:00:00+05:30,1610.0,1631.800048828125,1600.0,1616.199951171875,10344725
2025-12-08 00:00:00+05:30,1617.0999755859375,1630.0,1600.199951171875,1610.800048828125,7550413
2025-12-09 00:00:00+05:30,1601.199951171875,1606.9000244140625,1582.4000244140625,1599.0,6957599
2025-12-10 00:00:00+05:30,1608.0,1608.0,1582.800048828125,1584.800048828125,5116140
2025-12-11 00:00:00+05:30,1598.0,1607.4000244140625,1580.5,1598.0,5159319
2025-12-12 00:00:00+05:30,1601.4000244140625,1601.800048828125,1582.5999755859375,1598.199951171875,4633912
2025-12-15 00:00:00+05:30,1585.0,1610.800048828125,1585.0,1606.800048828125,4190558
2025-12-16 00:00:00+05:30,1600.0,1603.0,1585.5999755859375,1592.9000244140625,5499258
2025-12-17 00:00:00+05:30,1587.199951171875,1606.9000244140625,1586.0,1602.0,4817628
2025-12-18 00:00:00+05:30,1610.5,1630.0,1606.699951171875,1626.800048828125,6577293
2025-12-19 00:00:00+05:30,1650.0,1654.9000244140625,1629.800048828125,1638.699951171875,13149023
2025-12-22 00:00:00+05:30,1664.0,1693.199951171875,1664.0,1689.5999755859375,23098923
2025-12-23 00:00:00+05:30,1679.0,1679.0,1656.4000244140625,1668.300048828125,6593060
2025-12-24 00:00:00+05:30,1661.0,1667.5999755859375,1652.5,1663.4000244140625,4271167
2025-12-25 00:00:00+05:30,1663.4000244140625,1663.4000244140625,1663.4000244140625,1663.4000244140625,0
2025-12-26 00:00:00+05:30,1663.4000244140625,1668.800048828125,1651.699951171875,1656.0999755859375,2006491
2025-12-29 00:00:00+05:30,1658.0,1673.0999755859375,1637.0999755859375,1644.699951171875,4062817
2025-12-30 00:00:00+05:30,1647.0,1647.9000244140625,1616.800048828125,1621.5999755859375,9395937
2025-12-31 00:00:00+05:30,1621.0,1628.5999755859375,1609.199951171875,1615.4000244140625,6538656
2026-01-01 00:00:00+05:30,1615.4000244140625,1639.5999755859375,1614.0999755859375,1629.800048828125,3658165
2026-01-02 00:00:00+05:30,1635.9000244140625,1643.5,1627.5,1640.4000244140625,2524526
