Date,Open,High,Low,Close,Volume
2021-01-04 00:00:00+05:30,41.246009117809216,42.16507918647581,41.246009117809216,42.07541275024414,31411359
2021-01-05 00:00:00+05:30,41.694339752197266,41.80641960044206,41.15634878459241,41.694339752197266,28072567
2021-01-06 00:00:00+05:30,41.85125153056618,42.85998549477585,41.78400106041299,42.187496185302734,37066479
2021-01-07 00:00:00+05:30,42.590987344432506,42.792733617572274,42.0529964276121,42.366825103759766,27214861
2021-01-08 00:00:00+05:30,42.63582310531989,43.218643409093595,42.434074260872606,43.106563568115234,33813061
2021-01-11 00:00:00+05:30,43.12898196254355,43.4652266350804,42.41166067855647,43.0393180847168,24338116
2021-01-12 00:00:00+05:30,42.85998292757945,44.54120353521856,42.68065262681756,43.913551330566406,47912310
2021-01-13 00:00:00+05:30,44.13770707884513,46.06551084745678,44.02562725416498,45.25852584838867,83906529
2021-01-14 00:00:00+05:30,45.61719575692089,46.44659689072218,44.967122379320294,46.267269134521484,46080657
2021-01-15 00:00:00+05:30,46.334509600676654,46.581085225846714,45.05677902023435,45.41543960571289,41757006
2021-01-18 00:00:00+05:30,45.527527467486784,45.662028417449015,43.711808253832984,44.07046890258789,42899784
2021-01-19 00:00:00+05:30,44.38430121361957,44.96712673915334,43.935976648963546,44.182552337646484,36623602
2021-01-20 00:00:00+05:30,44.33946567182573,44.74295826033917,43.82388810322932,44.07046890258789,28395798
2021-01-21 00:00:00+05:30,44.02563105213367,44.65328838585978,43.12897698528408,43.35314178466797,38452279
2021-01-22 00:00:00+05:30,43.26348269407236,43.644559303620895,42.70307319907871,42.90481948852539,33756312
2021-01-25 00:00:00+05:30,43.4876367212895,43.71180151621665,41.76158165320213,41.896080017089844,33799852
2021-01-27 00:00:00+05:30,41.69433770387449,42.052998331324424,40.461438911004265,40.97701644897461,41240343
2021-01-28 00:00:00+05:30,40.551104988048195,41.67192136281754,40.461438549315666,41.51500701904297,36206854
2021-01-29 00:00:00+05:30,42.05299633084267,43.17381009697028,41.60466928518581,41.80641555786133,111293214
2021-02-01 00:00:00+05:30,42.94965362548828,43.218647836737254,41.87367164980563,42.94965362548828,79766275
2021-02-02 00:00:00+05:30,43.734222472098025,44.473959709859635,43.375561837707956,44.29463195800781,57962112
2021-02-03 00:00:00+05:30,45.101615979704306,45.90860110431679,44.787787291091384,45.662025451660156,87238200
2021-02-04 00:00:00+05:30,46.0879298304353,46.782835050328735,45.95343403201173,46.446590423583984,76757127
2021-02-05 00:00:00+05:30,46.85008200077471,46.894913932674676,45.7516842771685,45.90859603881836,47134357
2021-02-08 00:00:00+05:30,46.62593679199829,46.80526457517699,45.93103137080621,46.67076873779297,56887465
2021-02-09 00:00:00+05:30,48.2167884933249,48.2167884933249,46.86401137950368,47.202205657958984,71867815
2021-02-10 00:00:00+05:30,47.395461119262436,47.70949905329382,46.429190978322126,46.743228912353516,34008033
2021-02-11 00:00:00+05:30,46.42918792573739,47.10557642702186,46.33256257670566,46.62244415283203,29268846
2021-02-12 00:00:00+05:30,46.64660508826243,46.91232482429291,45.70449125524098,45.94606018066406,28558101
2021-02-15 00:00:00+05:30,46.163468161352334,46.42919065130408,45.41460783981758,45.48707962036133,22194036
2021-02-16 00:00:00+05:30,45.487077227497906,46.622444437153774,45.41460545076655,46.1876220703125,37303716
2021-02-17 00:00:00+05:30,46.163468481407456,46.23593749793789,45.72864608867754,45.897743225097656,24688639
2021-02-18 00:00:00+05:30,46.04267992863298,48.24093974211296,46.04267992863298,47.83027648925781,81083085
2021-02-19 00:00:00+05:30,47.92690036922656,48.55497616215017,46.42918542381709,47.129730224609375,63290026
2021-02-22 00:00:00+05:30,47.105578896065694,47.58871119557895,45.94605805981499,46.2117805480957,29230623
2021-02-23 00:00:00+05:30,46.57413143423981,47.878595915917415,46.380880713417554,47.17805099487305,53269024
2021-02-24 00:00:00+05:30,47.54039362713114,48.265094766352746,46.86400515998685,47.3229866027832,29676166
2021-02-25 00:00:00+05:30,48.023528797179075,49.25552412619027,47.75780908459578,48.74822998046875,94125667
2021-02-26 00:00:00+05:30,48.07185229598888,49.255529551327086,46.96064406115533,47.371307373046875,68584740
2021-03-01 00:00:00+05:30,48.79655107609346,49.038114465483716,48.21678788349371,48.651607513427734,45069373
2021-03-02 00:00:00+05:30,49.4004647799551,50.29426590239037,49.15890139202519,49.37630844116211,68580370
2021-03-03 00:00:00+05:30,49.762815530220976,50.24595336549669,48.989801628617705,49.56956481933594,45034914
2021-03-04 00:00:00+05:30,49.03811049958307,49.81112434117842,48.869016140685204,49.013954162597656,25305613
2021-03-05 00:00:00+05:30,49.13474137655583,49.690342656251374,48.72407258974162,49.013954162597656,60217765
2021-03-08 00:00:00+05:30,49.400460267434866,50.729080895811705,49.32799125767563,50.05269241333008,74599173
2021-03-09 00:00:00+05:30,49.49709719916873,49.7145042550479,47.92690748377173,48.579139709472656,44887903
2021-03-10 00:00:00+05:30,49.231359512271396,49.231359512271396,47.68533205556844,47.7578010559082,31741065
2021-03-12 00:00:00+05:30,48.43419774040704,49.424618639296966,48.41004140282588,48.94148635864258,52481499
2021-03-15 00:00:00+05:30,49.110577631857055,49.61787174720681,48.31340748377134,48.820701599121094,31646668
2021-03-16 00:00:00+05:30,49.327990770003254,49.56955966251019,48.28925171996371,48.50666427612305,41291265
2021-03-17 00:00:00+05:30,48.91733400560574,48.91733400560574,47.34714981880674,47.44377517700195,31383499
2021-03-18 00:00:00+05:30,47.7819609227494,48.07184247457503,46.622440244477595,46.98479080200195,32120652
2021-03-19 00:00:00+05:30,46.83985456800034,48.12016265117933,46.090997000906384,47.70949935913086,51668046
2021-03-22 00:00:00+05:30,48.14431701705131,48.21678603108424,47.46792849468118,47.902748107910156,31878691
2021-03-23 00:00:00+05:30,48.42587153479644,48.57533181360525,48.02729938821795,48.20167541503906,33229980
2021-03-24 00:00:00+05:30,47.828020293140625,48.20167670168079,46.95615438962286,47.10561752319336,28562503
2021-03-25 00:00:00+05:30,47.00596897624092,47.18033927516646,45.06295428686817,45.287147521972656,41865562
2021-03-26 00:00:00+05:30,45.73553684295329,45.93482003535412,45.13768726575076,45.287147521972656,28462275
2021-03-30 00:00:00+05:30,45.336968624813295,45.81026799911916,44.88858214454182,45.610984802246094,30887440
2021-03-31 00:00:00+05:30,45.61098914592623,45.9846455319942,45.31206289676307,45.76045227050781,20242771
2021-04-01 00:00:00+05:30,45.835183402005605,46.507766051831325,45.43661696165408,46.40812301635742,22265911
2021-04-05 00:00:00+05:30,46.33339445256004,46.33339445256004,44.863678872080186,45.212425231933594,25774072
2021-04-06 00:00:00+05:30,45.28714813641279,45.76044750651863,45.062954898266526,45.41170120239258,16560441
2021-04-07 00:00:00+05:30,45.41170286304586,46.2835686552441,45.41170286304586,46.18392562866211,20614233
2021-04-08 00:00:00+05:30,46.33338935336265,46.68213567483496,46.08428320901281,46.30847930908203,19175106
2021-04-09 00:00:00+05:30,46.23374808370723,46.30848107016296,45.48643532378158,45.68571853637695,15445974
2021-04-12 00:00:00+05:30,44.88858072400787,45.0629538721001,43.21958222128034,43.34413528442383,29943736
2021-04-13 00:00:00+05:30,43.44378148216951,44.465110469958454,43.393961390308206,44.24091720581055,23964055
2021-04-15 00:00:00+05:30,43.941991931361514,45.01314103485832,43.89217183839108,44.888587951660156,23591248
2021-04-16 00:00:00+05:30,44.4152875219873,45.41170354899938,44.4152875219873,44.91349411010742,15435475
2021-04-19 00:00:00+05:30,43.817433157173866,44.24091244473749,43.269406504132405,43.89216613769531,22902361
2021-04-20 00:00:00+05:30,44.01672249661353,44.838765388425905,43.51851304204038,43.742706298828125,16299066
2021-04-22 00:00:00+05:30,43.84235404960957,43.99181719686675,43.5185205564535,43.76762390136719,14235285
2021-04-23 00:00:00+05:30,43.6679767648289,44.11636328457899,43.543423686777444,43.86725997924805,12005517
2021-04-26 00:00:00+05:30,44.19109703910526,44.240919984868285,43.71780043514797,43.941993713378906,10600021
2021-04-27 00:00:00+05:30,43.94199466763503,44.390384084606445,43.94199466763503,44.265830993652344,13128622
2021-04-28 00:00:00+05:30,44.440196708153735,44.6145698658601,44.34055368199077,44.53983688354492,9505056
2021-04-29 00:00:00+05:30,44.96330919708155,45.087862255642314,44.19108650570216,44.29072952270508,13435744
2021-04-30 00:00:00+05:30,44.14127596125552,46.383214395189796,43.8423496964221,45.262245178222656,44723547
2021-05-03 00:00:00+05:30,44.76403581396696,45.78536193025111,44.6145726906451,45.5611686706543,20483677
2021-05-04 00:00:00+05:30,46.08428925988019,46.582498763222944,45.38679937612698,45.53626251220703,22283461
2021-05-05 00:00:00+05:30,46.23374929857862,46.55758559659495,45.735542679384906,45.9348258972168,34464111
2021-05-06 00:00:00+05:30,46.25865875328993,46.408119017464024,45.83517945248125,46.13410568237305,22084128
2021-05-07 00:00:00+05:30,46.28357434696727,47.454363661345745,45.93482798720088,47.18034744262695,27762753
2021-05-10 00:00:00+05:30,47.47927117390858,49.59665926649616,47.42945108253626,49.39737319946289,55456126
2021-05-11 00:00:00+05:30,49.1233617169656,52.01297290665315,48.72479524613399,51.66422653198242,115361688
2021-05-12 00:00:00+05:30,51.763858428073426,53.10902361500484,50.96672561416726,51.2158317565918,58626690
2021-05-14 00:00:00+05:30,51.215830360142384,51.63930679963706,49.82084512307042,50.34396743774414,32738629
2021-05-17 00:00:00+05:30,50.642888549444784,50.94181477538223,49.87066579167346,50.817264556884766,29540865
2021-05-18 00:00:00+05:30,51.36529201605137,52.76027729102131,51.04146144293814,52.585906982421875,53646370
2021-05-19 00:00:00+05:30,52.06278613003302,54.27981432579084,51.86350577169638,53.40795135498047,111262026
2021-05-20 00:00:00+05:30,54.65347638666243,54.65347638666243,52.062791547883215,52.162437438964844,84723675
2021-05-21 00:00:00+05:30,52.710458960289465,53.25848564998898,51.58948983443046,51.9631462097168,57868768
2021-05-24 00:00:00+05:30,52.31189107525005,54.75310961793844,52.31189107525005,54.5289192199707,124798564
2021-05-25 00:00:00+05:30,55.00221266375624,55.74952535131147,54.60364627716301,54.952392578125,61080268
2021-05-26 00:00:00+05:30,54.852753868524076,56.19791332104196,54.42927742783084,55.799346923828125,55487863
2021-05-27 00:00:00+05:30,56.14808790965583,56.646300135086115,54.77801854357988,54.9274787902832,51485233
2021-05-28 00:00:00+05:30,55.5502591764209,55.79935966810811,54.03072337094977,54.72821044921875,45369177
2021-05-31 00:00:00+05:30,54.80293953505261,55.05203999599839,53.98089090929927,54.429283142089844,27328504
2021-06-01 00:00:00+05:30,54.553828626850525,55.276231303838664,54.32963252995836,54.753108978271484,25662061
2021-06-02 00:00:00+05:30,54.70329515601936,55.500428056092325,54.57874492211553,55.226417541503906,26079462
2021-06-03 00:00:00+05:30,54.877665180356736,56.27265045361832,54.877665180356736,56.02354431152344,31434373
2021-06-04 00:00:00+05:30,56.048449550280154,57.26905870896364,55.99862946644121,57.094688415527344,42494730
2021-06-07 00:00:00+05:30,57.219246126766734,57.66763264164538,56.94522992818494,57.14451599121094,28815546
2021-06-08 00:00:00+05:30,57.36870926125757,58.53950424957709,56.47193618674066,58.14093780517578,34179129
2021-06-09 00:00:00+05:30,58.34022266988762,58.71387909663886,57.04488305120414,57.269073486328125,31520341
2021-06-10 00:00:00+05:30,57.54308066253541,58.041287252605564,57.39362039597747,57.767276763916016,19462978
2021-06-11 00:00:00+05:30,57.991468347762485,58.46476490306959,56.99504944573463,57.34379577636719,22644016
2021-06-14 00:00:00+05:30,57.41853978007642,57.64273021638004,56.04846430759804,57.16943359375,15977089
2021-06-15 00:00:00+05:30,57.06979381664783,57.99147702016126,57.06979381664783,57.667640686035156,18716286
2021-06-16 00:00:00+05:30,57.667629030500756,58.36512165509897,57.54307881237376,57.74235916137695,17840275
2021-06-17 00:00:00+05:30,57.26905870896364,57.94164124387563,56.820672252870025,57.094688415527344,14332735
2021-06-18 00:00:00+05:30,57.39361584574834,57.592896185359756,55.301138070568975,55.94881057739258,24316953
2021-06-21 00:00:00+05:30,55.55024371643089,56.54665680896113,55.12676159533086,56.1231803894043,22640152
2021-06-22 00:00:00+05:30,56.59648669875369,57.219249265635874,56.29756614013266,56.72104263305664,18181960
2021-06-23 00:00:00+05:30,57.04488031269239,57.04488031269239,56.148101510613664,56.24774169921875,8197572
2021-06-24 00:00:00+05:30,56.29756384869707,56.59648439515137,55.32605496808873,55.52534103393555,11987605
2021-06-25 00:00:00+05:30,55.55025685859427,55.99864342646716,55.4007908682736,55.500431060791016,7819713
2021-06-28 00:00:00+05:30,55.749534225444215,55.77444427222498,55.15168740116161,55.226417541503906,9776194
2021-06-29 00:00:00+05:30,55.22641371321261,55.7495303608905,53.70687815874307,53.881248474121094,22785070
2021-06-30 00:00:00+05:30,53.93106892494272,54.753111820310664,53.60723263553089,53.75669860839844,17106526
2021-07-01 00:00:00+05:30,53.75670483467167,54.27982154643744,53.48268860396363,53.58232879638672,13216218
2021-07-02 00:00:00+05:30,53.681965810349375,54.67837897284392,53.681965810349375,54.03071212768555,17907844
2021-07-05 00:00:00+05:30,54.528914372598365,54.528914372598365,54.03070783097026,54.205078125,9305578
2021-07-06 00:00:00+05:30,54.155260485461746,54.50400679080614,53.906154352631916,54.005794525146484,9301320
2021-07-07 00:00:00+05:30,53.63214641297146,54.00580281882697,53.38304594343063,53.781612396240234,11177004
2021-07-08 00:00:00+05:30,53.78161488277745,54.35455169075476,53.48268860396363,53.58232879638672,14297863
2021-07-09 00:00:00+05:30,53.58232152489607,53.607231569621376,53.08411492884615,53.45777130126953,10924398
2021-07-12 00:00:00+05:30,53.48268148935671,53.95597804195001,53.23357533989213,53.40795135498047,9438729
2021-07-13 00:00:00+05:30,53.48268255297823,53.8563389338342,53.23357639855963,53.706878662109375,11227437
2021-07-14 00:00:00+05:30,53.582321812422194,53.88124805227372,53.13393530341681,53.358131408691406,9119790
2021-07-15 00:00:00+05:30,53.30831053341467,53.43286075587417,52.88482837396496,52.959564208984375,11451739
2021-07-16 00:00:00+05:30,52.83501426909303,53.507596949638675,52.5360937013344,52.85992431640625,11793582
2021-07-19 00:00:00+05:30,52.68555039980333,53.75669946600992,52.361714105225154,52.78519058227539,17532862
2021-07-20 00:00:00+05:30,52.85992122884585,53.20866757240492,52.087698404153045,52.61082077026367,19243816
2021-07-22 00:00:00+05:30,53.05920762478994,53.30831378645388,52.411535025390144,53.15884780883789,16258848
2021-07-23 00:00:00+05:30,53.15884689513751,53.40795305251978,52.53609005399778,52.81010055541992,10996716
2021-07-26 00:00:00+05:30,52.8101102227941,52.934666175058325,52.062797315388785,52.13752746582031,10937572
2021-07-27 00:00:00+05:30,52.18734282177406,52.4862633636679,51.44003006395173,51.78877639770508,11591373
2021-07-28 00:00:00+05:30,51.81368637084961,52.187342749241445,51.36529415554431,51.81368637084961,13733836
2021-07-29 00:00:00+05:30,51.93823863411067,52.062788864613026,51.41512196445668,51.76386260986328,15139800
2021-07-30 00:00:00+05:30,51.93823393633291,52.959562838705985,51.26565134936664,51.390201568603516,39367890
2021-08-02 00:00:00+05:30,52.06278472380501,52.73536731811212,51.63930827223406,52.560997009277344,19968907
2021-08-03 00:00:00+05:30,52.81010414771593,53.05921032204312,52.4613577842756,52.88483428955078,15159726
2021-08-04 00:00:00+05:30,53.05920578868923,53.557412393232724,52.2620729408021,52.46135330200195,17376739
2021-08-05 00:00:00+05:30,52.81514060297644,52.96676649208735,51.829598351468704,52.53717041015625,20246398
2021-08-06 00:00:00+05:30,52.53717045516743,53.69960861431111,52.46135461857889,53.52271270751953,13803814
2021-08-09 00:00:00+05:30,53.67433291914322,53.80068299353183,52.53716489783879,52.76459503173828,12460222
2021-08-10 00:00:00+05:30,53.01730882373236,53.01730882373236,51.50108457056151,51.677974700927734,12318604
2021-08-11 00:00:00+05:30,51.95595455220112,53.04258278561318,51.703248563240635,52.89095687866211,16287054
2021-08-12 00:00:00+05:30,52.8909500787045,53.32055193988638,52.436083984205325,52.612979888916016,13442644
2021-08-13 00:00:00+05:30,52.5624466121315,53.06785280611553,52.43609072568279,52.89095687866211,10050325
2021-08-16 00:00:00+05:30,52.94149278140574,54.30609098459319,52.71405685557324,54.17974090576172,32819128
2021-08-17 00:00:00+05:30,54.2302829619588,54.710419063379916,52.91622474124414,53.421630859375,25693791
2021-08-18 00:00:00+05:30,53.77541554406935,53.825955576235856,52.91622342936681,53.67433547973633,18888795
2021-08-20 00:00:00+05:30,53.29528237759065,53.32055239505987,52.057028385854004,52.30973434448242,15736258
2021-08-23 00:00:00+05:30,53.017307764446656,53.017307764446656,51.65270365028307,52.057029724121094,10432123
2021-08-24 00:00:00+05:30,52.51189465368041,53.67433859676035,52.385544565926615,53.52271270751953,17847588
2021-08-25 00:00:00+05:30,53.8259566576304,54.05339259088495,53.27000472475753,53.6237907409668,11312487
2021-08-26 00:00:00+05:30,53.52271003303095,53.59852008189505,52.91622385818213,53.371089935302734,11929699
2021-08-27 00:00:00+05:30,53.44690119476538,53.80068721474727,53.21946525908555,53.54798126220703,8356207
2021-08-30 00:00:00+05:30,53.77542564887432,54.685157966688884,53.623799739947216,54.25556182861328,19240269
2021-08-31 00:00:00+05:30,54.58407608085754,56.25192053642012,54.2808300569543,56.02449035644531,33485407
2021-09-01 00:00:00+05:30,56.10029570705523,56.454081741254036,55.392723638657614,55.97394561767578,17700178
2021-09-02 00:00:00+05:30,55.49380416273196,55.77178014557009,55.08947808948396,55.67070007324219,17265598
2021-09-03 00:00:00+05:30,55.94867718187395,57.36381557474904,55.645431174851964,57.16165542602539,22906791
2021-09-06 00:00:00+05:30,57.490169682705776,57.51543970051869,56.226645656314666,56.403541564941406,11302936
2021-09-07 00:00:00+05:30,56.40353807183653,56.833134131987286,55.94867199543784,56.52988815307617,11374723
2021-09-08 00:00:00+05:30,56.150831134340656,57.06056327108096,56.150831134340656,56.90894317626953,12497221
2021-09-09 00:00:00+05:30,56.93422259388401,57.945040744688896,56.80787249400971,57.010032653808594,19983877
2021-09-13 00:00:00+05:30,57.01003170549398,57.74287384044836,56.858411588166895,57.61652374267578,13133424
2021-09-14 00:00:00+05:30,57.61651003569862,58.57678211819474,57.61651003569862,58.24827194213867,13852611
2021-09-15 00:00:00+05:30,58.34935838252045,59.05693040703105,58.22300830097783,58.82949447631836,19025859
2021-09-16 00:00:00+05:30,58.98112226999119,60.14356040967186,58.703146297650804,59.81504440307617,21129102
2021-09-17 00:00:00+05:30,59.99192980055281,60.37098581156546,58.677871661545616,59.76449966430664,52041975
2021-09-20 00:00:00+05:30,58.880041590193166,59.48653362240995,57.818683425782126,57.919769287109375,13756386
2021-09-21 00:00:00+05:30,57.89449519587095,58.45044136635444,57.288003206310535,58.121925354003906,14070891
2021-09-22 00:00:00+05:30,58.14719102406736,59.0316589247084,58.14719102406736,58.85476303100586,11751877
2021-09-23 00:00:00+05:30,59.13274312852579,59.96666527226903,59.031663058723275,59.63814926147461,13392397
2021-09-24 00:00:00+05:30,59.638154129615764,60.11829606824321,58.62734178120757,59.259098052978516,11883868
2021-09-27 00:00:00+05:30,59.71396120883089,60.067747248303235,59.38545097154754,59.96666717529297,14908830
2021-09-28 00:00:00+05:30,59.99193685281619,62.62005922371132,59.99193685281619,62.139923095703125,30580264
2021-09-29 00:00:00+05:30,61.786131116696424,64.69222919126813,61.659781038301425,64.41425323486328,29772804
2021-09-30 00:00:00+05:30,64.41426106209778,64.9449372397772,62.847496763872634,63.327632904052734,17995564
2021-10-01 00:00:00+05:30,63.50452428412931,65.12183443559505,63.1760140339235,64.38899230957031,20085250
2021-10-04 00:00:00+05:30,64.59115193347978,64.86912792684785,63.428713705865654,63.807769775390625,11345266
2021-10-05 00:00:00+05:30,63.80777124465552,66.00629765531185,63.80777124465552,65.65251159667969,30310881
2021-10-06 00:00:00+05:30,66.15791187727191,68.17954797041925,65.3745297709566,65.75358581542969,38136735
2021-10-07 00:00:00+05:30,65.95575536589466,67.1687336181353,65.62723933809139,66.84021759033203,19049433
2021-10-08 00:00:00+05:30,67.49723980545173,67.95210586073455,66.13263585566759,66.61277770996094,13639896
2021-10-11 00:00:00+05:30,66.78968096104215,67.69941903459831,66.30954479618401,66.48643493652344,9461719
2021-10-12 00:00:00+05:30,66.63804668029438,66.99183266973122,65.34925279594026,66.33480072021484,14989111
2021-10-13 00:00:00+05:30,66.68858670965169,66.89074682708097,65.85466465738469,66.33480072021484,13747222
2021-10-14 00:00:00+05:30,66.71386355525874,68.4827936835663,66.20845742600066,67.92684173583984,21061104
2021-10-18 00:00:00+05:30,70.75713189360735,70.75713189360735,68.58387564513716,68.91239166259766,22145724
2021-10-19 00:00:00+05:30,69.06400252892904,69.36724848784883,67.39615843077357,67.62358856201172,15474921
2021-10-20 00:00:00+05:30,67.32035983208877,67.87630603134454,65.5261595720576,65.98102569580078,16132831
2021-10-21 00:00:00+05:30,66.73913798131849,68.48279820754632,66.05683590218862,66.53697204589844,27519955
2021-10-22 00:00:00+05:30,66.99183161060371,67.54777770868046,65.70303774662518,66.05682373046875,16376905
2021-10-25 00:00:00+05:30,66.51169713372295,66.91602319088035,64.91966292216965,65.93048095703125,15055837
2021-10-26 00:00:00+05:30,66.2084661757794,66.91603253667465,65.72832421639808,66.46116638183594,15198604
2021-10-27 00:00:00+05:30,66.58751034262364,67.21926652855105,65.82939829236204,66.10736846923828,13412194
2021-10-28 00:00:00+05:30,66.10737243210245,66.41061842717262,64.56587822309335,65.02074432373047,13901230
2021-10-29 00:00:00+05:30,64.69223168657558,65.70304392059629,63.908849602438316,64.66696166992188,12613387
2021-11-01 00:00:00+05:30,66.76440800025392,67.14346406822202,63.98466542980016,66.53697204589844,26818699
2021-11-02 00:00:00+05:30,66.99183638383411,67.21926652855105,65.98101838883998,66.10736846923828,14533176
2021-11-03 00:00:00+05:30,66.1073836884233,68.23010023142017,65.90522351324489,66.99185180664062,31141038
2021-11-04 00:00:00+05:30,68.20481038051662,68.23008039506723,67.49723840522822,68.05318450927734,4986216
2021-11-08 00:00:00+05:30,68.2300858131718,71.2119940384204,67.8510297808764,70.98455810546875,37249699
2021-11-09 00:00:00+05:30,71.48996716374602,71.51523717929916,70.22644325034497,70.60549926757812,19382632
2021-11-10 00:00:00+05:30,70.45387884930949,71.41415100377203,70.10009284926124,70.4791488647461,15366904
2021-11-11 00:00:00+05:30,70.32189200768364,71.08198739272035,69.50937707871783,69.8763198852539,19049466
2021-11-12 00:00:00+05:30,70.24327312604265,70.66263553880182,69.22107387048602,69.69285583496094,14255041
2021-11-15 00:00:00+05:30,69.85011081259015,70.32189271170768,69.19485450885162,69.64042663574219,8808997
2021-11-16 00:00:00+05:30,69.92873361425983,69.98115315383,68.48717227995311,68.67064666748047,9738892
2021-11-17 00:00:00+05:30,68.61822781086651,68.88033153327258,67.17667233521405,67.33393096923828,9331351
2021-11-18 00:00:00+05:30,67.33393553516507,68.27750540039114,66.88836337618308,67.80571746826172,10891344
2021-11-22 00:00:00+05:30,67.91054959617084,68.09401797994,65.02742700183101,65.26332092285156,11624364
2021-11-23 00:00:00+05:30,65.00122714025566,66.49520820335901,64.87017827473169,66.12826538085938,18446718
2021-11-24 00:00:00+05:30,66.41656959151918,67.7794955993753,66.25930497586121,66.88835144042969,12152407
2021-11-25 00:00:00+05:30,66.88835661599803,67.098040786756,65.26332678899443,65.86615753173828,9581943
2021-11-26 00:00:00+05:30,65.83995355488881,65.83995355488881,63.166520635901335,63.402408599853516,11587932
2021-11-29 00:00:00+05:30,62.66851264850164,63.402398191721424,61.77736848846263,62.275360107421875,15803560
2021-11-30 00:00:00+05:30,62.38021367928913,63.376197052840936,61.77737690132421,62.35400390625,27563893
2021-12-01 00:00:00+05:30,62.72093884340281,62.8782034759427,61.06969919544419,61.69874572753906,19871665
2021-12-02 00:00:00+05:30,61.85600201756399,63.481031831705316,61.80358247504744,63.24514389038086,20686078
2021-12-03 00:00:00+05:30,63.42860886021637,64.39838834144216,63.29756001100955,64.05765533447266,14866089
2021-12-06 00:00:00+05:30,64.18871381109281,64.52944686916754,63.166520635901335,63.402408599853516,9379269
2021-12-07 00:00:00+05:30,63.84796589930488,64.66048069529165,63.03545110331812,63.21892547607422,14464680
2021-12-08 00:00:00+05:30,63.769342400702804,64.24112426082623,62.90440799063789,63.11408615112305,14700337
2021-12-09 00:00:00+05:30,63.42861045316402,63.69071415719191,62.61609556961267,62.74715042114258,19297434
2021-12-10 00:00:00+05:30,62.90440851585333,63.58587454118358,62.69472435458561,62.93061828613281,20332264
2021-12-13 00:00:00+05:30,63.42860537853405,63.58586998798154,61.7773659730398,62.01325988769531,20362045
2021-12-14 00:00:00+05:30,62.3802081919956,62.485047274929904,61.41042867775735,61.80358123779297,17422254
2021-12-15 00:00:00+05:30,61.698746112934415,62.06568892577644,60.545498129578384,60.65033721923828,17936938
2021-12-16 00:00:00+05:30,61.17454568640965,61.41043364208064,60.51928936703639,60.67654800415039,15950560
2021-12-17 00:00:00+05:30,60.78138487436188,60.80759464366954,58.894251489052344,59.156349182128906,17648721
2021-12-20 00:00:00+05:30,58.71077722984864,58.97288092251481,56.692594993704574,57.007118225097656,17713881
2021-12-21 00:00:00+05:30,57.40028381347656,57.819646217657755,56.954711633973616,57.40028381347656,12582459
2021-12-22 00:00:00+05:30,57.688586526100515,57.688586526100515,56.74501679431021,57.16437911987305,16343983
2021-12-23 00:00:00+05:30,57.60995195681717,58.9466742609549,57.50511287383601,58.78940963745117,15427636
2021-12-24 00:00:00+05:30,59.47087976763652,59.49708954018555,57.55753637639549,57.79343032836914,17403219
2021-12-27 00:00:00+05:30,57.767220864182235,58.186583226237644,57.16438409427185,58.05553436279297,6689944
2021-12-28 00:00:00+05:30,58.31762105708628,58.9728772484124,58.291411289355736,58.868038177490234,8475690
2021-12-29 00:00:00+05:30,58.92046273608733,58.97288227601732,58.18657717900376,58.44868087768555,6332934
2021-12-30 00:00:00+05:30,58.448685071578886,58.57973393080709,57.60995437542172,57.950687408447266,8269432
2021-12-31 00:00:00+05:30,57.976893020251964,59.02530181594732,57.976893020251964,58.44868087768555,8717971
2022-01-03 00:00:00+05:30,58.448690557808554,59.39225443088275,58.370055235858366,59.20878601074219,10026562
2022-01-04 00:00:00+05:30,59.60193199090374,60.230972503265896,59.366038049372854,59.785400390625,8322088
2022-01-05 00:00:00+05:30,59.78540674930517,61.5677013884629,59.65435787842327,61.46285629272461,21374004
2022-01-06 00:00:00+05:30,61.48906606690099,61.67254048516842,59.26120526674479,61.46285629272461,10795557
2022-01-07 00:00:00+05:30,61.67252714896672,62.48504197080008,61.305584390813124,62.118099212646484,11303518
2022-01-10 00:00:00+05:30,62.3802076351163,62.983038355638946,62.01326484909002,62.74715042114258,9923601
2022-01-11 00:00:00+05:30,63.14030024609702,63.14030024609702,61.96084262754501,62.1705207824707,8919054
2022-01-12 00:00:00+05:30,62.48504537174192,62.90440768973805,62.03947328381051,62.45883560180664,10748385
2022-01-13 00:00:00+05:30,62.720935175787034,63.6907146894726,62.301572845256835,63.507240295410156,12559629
2022-01-14 00:00:00+05:30,63.690713615722416,65.21090428790275,63.61208430489209,64.63427734375,22431007
2022-01-17 00:00:00+05:30,65.52542684135578,65.52542684135578,64.58185712421651,64.87017059326172,14548522
2022-01-18 00:00:00+05:30,65.10606859013637,65.81373842341631,64.6604904742123,64.97501373291016,21395779
2022-01-19 00:00:00+05:30,64.79154519620947,65.8399480576379,64.47702193816806,65.57785034179688,14870110
2022-01-20 00:00:00+05:30,65.57785081750538,66.02342293669952,65.1846982418597,65.78752899169922,10007508
2022-01-21 00:00:00+05:30,65.00122259026931,65.78752772643801,63.297563461581134,63.795555114746094,14728332
2022-01-24 00:00:00+05:30,63.428616041150335,64.18871145066599,62.85199504032765,63.08788299560547,19665838
2022-01-25 00:00:00+05:30,63.009252513401556,63.795557681202844,62.53747061252725,63.66450881958008,9651480
2022-01-27 00:00:00+05:30,63.376193411304314,64.8701743848218,62.79957243854313,64.31976318359375,12890338
2022-01-28 00:00:00+05:30,64.63428751290365,66.60005058810187,64.63428751290365,65.05364990234375,14995069
2022-01-31 00:00:00+05:30,66.41656936068851,67.09803536176399,65.10606289626249,65.63026428222656,19787082
2022-02-01 00:00:00+05:30,66.04963248719743,66.04963248719743,62.642308176672536,63.8217658996582,34627617
2022-02-02 00:00:00+05:30,64.21492242625038,65.4992253140595,64.05766378645298,65.23712158203125,14749194
2022-02-03 00:00:00+05:30,65.73510199395379,65.9709959122043,65.07984577583801,65.34194946289062,13117138
2022-02-04 00:00:00+05:30,65.47300947065793,65.70890342913056,64.84396891311853,65.0798568725586,10723602
2022-02-07 00:00:00+05:30,65.26333879185776,65.31575834442992,64.21492974331483,64.42461395263672,13452373
2022-02-08 00:00:00+05:30,64.52943351055622,64.76532742470732,62.904403876939476,63.61207962036133,23545662
2022-02-09 00:00:00+05:30,64.2354722425221,65.97009937454715,63.828918620733994,65.61775207519531,17581473
2022-02-10 00:00:00+05:30,65.64485566117234,65.83458399444295,64.85885157372837,65.02147674560547,18120168
2022-02-11 00:00:00+05:30,64.77754213982888,66.4850661230098,64.5336136870979,66.15982818603516,26486850
2022-02-14 00:00:00+05:30,65.59064715471266,65.59064715471266,62.961603365972856,63.178428649902344,16463770
2022-02-15 00:00:00+05:30,63.42236390516948,64.50650894574605,62.06718725708568,64.37098693847656,12978223
2022-02-16 00:00:00+05:30,64.642025841607,66.24113716697967,64.642025841607,65.86168670654297,17673190
2022-02-17 00:00:00+05:30,66.59347621368121,67.18975188989408,65.31960918419061,65.8074722290039,16774602
2022-02-18 00:00:00+05:30,65.80747328889268,66.29533634156344,65.37381655279475,65.67195129394531,7978566
2022-02-21 00:00:00+05:30,65.04857834522466,65.6719572458246,64.28967743739493,64.61492156982422,8595442
2022-02-22 00:00:00+05:30,63.422363807976154,64.31678051841111,63.15132599736841,63.47657012939453,11409610
2022-02-23 00:00:00+05:30,63.856017011800425,64.12705480725084,63.15132246573864,63.50366973876953,8525215
2022-02-24 00:00:00+05:30,62.31111494017838,62.98870635767388,59.2484143882709,59.627864837646484,19848141
2022-02-25 00:00:00+05:30,61.2540806955554,64.2354718352605,60.169935643155405,60.9017333984375,28048713
2022-02-28 00:00:00+05:30,61.14565726702481,62.988703097678346,59.95309965978204,62.33821487426758,24781798
2022-03-02 00:00:00+05:30,61.66062991601117,63.0971159595369,60.41386598627515,60.8475227355957,22390246
2022-03-03 00:00:00+05:30,62.3382130132085,63.151320166439554,61.25407427791062,62.14849090576172,28291584
2022-03-04 00:00:00+05:30,62.31111102033289,62.55504565227033,61.14565658510357,61.389591217041016,25005861
2022-03-07 00:00:00+05:30,61.76904255246243,61.76904255246243,60.27834398719559,60.8475227355957,25392553
2022-03-08 00:00:00+05:30,60.71199676021363,63.82890948217073,60.495171501511955,63.449459075927734,33483859
2022-03-09 00:00:00+05:30,64.45229939699661,64.45229939699661,62.77187853879004,63.395263671875,23476054
2022-03-10 00:00:00+05:30,64.5336127019877,65.80747987957409,63.801814947933686,65.56354522705078,27592384
2022-03-11 00:00:00+05:30,65.48222936670976,67.43368778629527,65.26539789630456,67.05423736572266,18598243
2022-03-14 00:00:00+05:30,67.67761804443006,67.67761804443006,65.07567755019237,65.48223114013672,22317814
2022-03-15 00:00:00+05:30,65.48222630657784,65.61774209205107,64.0728435271113,64.50650024414062,16501842
2022-03-16 00:00:00+05:30,65.21119088160273,66.45795476342093,64.7504309908781,66.1056137084961,15176752
2022-03-17 00:00:00+05:30,66.34954516869547,66.62058296533054,65.10278122979899,65.7803726196289,41700111
2022-03-21 00:00:00+05:30,66.02430294706005,66.02430294706005,63.85601912233815,63.96443176269531,18166521
2022-03-22 00:00:00+05:30,64.50651550920034,66.05141443973069,64.2354776705995,65.40093231201172,30929289
2022-03-23 00:00:00+05:30,66.05141752655176,66.6748027234118,65.40093536843341,65.97010803222656,25271163
2022-03-24 00:00:00+05:30,66.02430716041152,66.21403549665982,65.23830306063167,65.37382507324219,12377631
2022-03-25 00:00:00+05:30,65.07567793628411,65.5093346878966,64.28967391082732,64.39808654785156,12238471
2022-03-28 00:00:00+05:30,64.72333576676078,65.42803037002422,63.80181587234924,65.02147674560547,15342876
2022-03-29 00:00:00+05:30,65.21119103963225,65.75326660939919,63.96442715479272,64.1270523071289,14627074
2022-03-30 00:00:00+05:30,64.88595594222855,64.88595594222855,62.93449745458342,63.5307731628418,159640347
2022-03-31 00:00:00+05:30,63.96442821460307,65.56353938523179,63.96442821460307,64.47940063476562,31701618
2022-04-01 00:00:00+05:30,64.5607133837466,66.37664991513026,64.50650706382656,66.18692779541016,16052676
2022-04-04 00:00:00+05:30,66.18692123321335,66.67478426763941,65.97008977151563,66.29533386230469,14095200
2022-04-05 00:00:00+05:30,66.5663773277912,66.94582776555649,66.32244268797223,66.48506164550781,13071195
2022-04-06 00:00:00+05:30,66.37665116962954,68.51783186451674,65.86168491714088,68.32810974121094,23580340
2022-04-07 00:00:00+05:30,67.37949218116297,68.70756576253866,66.81031335806175,66.97293853759766,30238785
2022-04-08 00:00:00+05:30,67.70472320815735,69.11411233690254,67.24396328638008,68.81597137451172,21699732
2022-04-11 00:00:00+05:30,68.78886728635749,70.17115323655197,68.62624832916546,69.84590911865234,19137451
2022-04-12 00:00:00+05:30,69.62908005442661,69.8188083812482,67.86734980966679,68.32810974121094,14583673
2022-04-13 00:00:00+05:30,68.32810336624571,69.92721449897603,68.1112718991821,69.3309326171875,17675811
2022-04-18 00:00:00+05:30,69.22253007360194,69.6561868674132,68.5720479846431,69.43936157226562,17471850
2022-04-19 00:00:00+05:30,70.08983664083989,72.09550143764278,69.65617989046484,70.63191223144531,30183165
2022-04-20 00:00:00+05:30,71.01136940802532,72.8002028977839,70.82164107223863,72.31233978271484,28690066
2022-04-21 00:00:00+05:30,72.8815048514617,73.39647107506704,72.31233230995215,73.20674896240234,22154311
2022-04-22 00:00:00+05:30,73.12544964820806,73.74882859425635,72.55627082408104,72.82730865478516,13678113
2022-04-25 00:00:00+05:30,71.98708865580888,72.06839813318113,69.05990404579937,69.24962615966797,16604310
2022-04-26 00:00:00+05:30,70.14405258462136,70.46929674291272,69.2496358019574,69.95433044433594,14133414
2022-04-27 00:00:00+05:30,69.1683222029209,69.92722312599743,67.81314552800768,69.03280639648438,14967738
2022-04-28 00:00:00+05:30,70.19824841080727,70.60480196105613,69.16830985520323,70.44217681884766,15773589
2022-04-29 00:00:00+05:30,71.22817912690309,71.22817912690309,68.08416342292081,68.30099487304688,13013304
2022-05-02 00:00:00+05:30,68.2739079839812,69.00570577268014,67.21686604435872,68.65335845947266,8623737
2022-05-04 00:00:00+05:30,68.76175775948738,69.7645931798557,67.81313485667857,68.21968841552734,8118435
2022-05-05 00:00:00+05:30,68.84307798356538,69.46646309947741,67.86735177132982,68.13838958740234,8015140
2022-05-06 00:00:00+05:30,67.75893065788182,69.24962295118598,66.45795426614083,68.43651580810547,13680673
2022-05-09 00:00:00+05:30,68.11128229523621,68.11128229523621,65.78037933874127,67.21686553955078,12361746
2022-05-10 00:00:00+05:30,67.43369122550206,68.46362370278753,65.72616734759703,66.13272094726562,15563373
2022-05-11 00:00:00+05:30,66.8916082152454,67.43368375711155,64.42518373065076,65.2925033569336,14615373
2022-05-12 00:00:00+05:30,65.29251110969834,67.21686028092206,64.80464182338673,66.18692779541016,30617643
2022-05-13 00:00:00+05:30,67.7589300630864,67.8944458512385,65.42802128577915,65.75326538085938,22601469
2022-05-16 00:00:00+05:30,67.21686028092206,67.21686028092206,65.40092374953839,66.18692779541016,12566889
2022-05-17 00:00:00+05:30,68.30099874538166,68.30099874538166,65.9158836763441,67.43368530273438,27391533
2022-05-18 00:00:00+05:30,67.21686087882436,67.4336923639489,63.828916225560974,63.99153518676758,64902469
2022-05-19 00:00:00+05:30,63.42236078981708,64.18126166059132,62.609253600204035,63.55787658691406,21865050
2022-05-20 00:00:00+05:30,64.50651192451733,64.61492457252649,62.961606876322215,63.395263671875,24237945
2022-05-23 00:00:00+05:30,63.74760489942882,64.28967429127334,63.25974182641719,63.80181121826172,17487906
2022-05-24 00:00:00+05:30,63.801802750412044,64.83173507857438,63.53076498870446,64.3438720703125,18454173
2022-05-25 00:00:00+05:30,64.66913456162058,64.75044405223562,61.90456845609364,62.22981262207031,17317285
2022-05-26 00:00:00+05:30,62.33820532636812,62.771862007716706,60.63068175583841,61.90454864501953,23782918
2022-05-27 00:00:00+05:30,62.55504420958456,62.63635368385003,61.33538348505674,61.8774528503418,11616970
2022-05-30 00:00:00+05:30,62.47373413198485,63.01580349203493,61.82324593711261,62.93449401855469,12222628
2022-05-31 00:00:00+05:30,62.71766582614311,63.693398169382455,62.609253189177245,62.88029098510742,19925845
2022-06-01 00:00:00+05:30,63.42236481400834,64.53361303125975,63.286849008312785,64.0728530883789,16686021
2022-06-02 00:00:00+05:30,64.42518982100037,64.6420212989477,62.88029113012725,63.77470779418945,16274652
2022-06-03 00:00:00+05:30,63.99153031292955,64.50650272455965,63.88311768038226,64.1270523071289,13564659
2022-06-06 00:00:00+05:30,64.12705837477752,64.28967733898533,63.12422281828192,63.72050476074219,12162841
2022-06-07 00:00:00+05:30,63.61208694198213,64.77754148151175,63.23263648251862,64.0728530883789,14801011
2022-06-08 00:00:00+05:30,64.31677904737182,64.58781685178045,63.77470964207027,63.96443176269531,12953038
2022-06-09 00:00:00+05:30,63.96442715479272,65.42802250824208,63.36815147226741,64.1270523071289,32112393
2022-06-10 00:00:00+05:30,63.910223862881786,63.96443018172059,63.151322992107545,63.55787658691406,16173466
2022-06-13 00:00:00+05:30,63.04291451965307,63.04291451965307,61.2811842269331,61.57931900024414,15123129
2022-06-14 00:00:00+05:30,61.552211470275545,61.79614610736873,59.65496550616491,59.76337814331055,23524399
2022-06-15 00:00:00+05:30,60.16992851215704,60.16992851215704,58.706333175049856,59.1942024230957,14386729
2022-06-16 00:00:00+05:30,59.92599305672078,60.00730873261037,58.27267563771236,58.625022888183594,14897512
2022-06-17 00:00:00+05:30,58.54371978010211,58.54371978010211,56.1315012830024,56.483848571777344,23651413
2022-06-20 00:00:00+05:30,56.971710350257524,57.16143867223485,55.04735498828217,55.8604621887207,19163382
2022-06-21 00:00:00+05:30,56.4025311719111,57.59508867282916,56.131493402402256,57.32405090332031,14169558
2022-06-22 00:00:00+05:30,57.43246628492543,57.78481354113561,56.15859925309797,57.215641021728516,18641673
2022-06-23 00:00:00+05:30,57.45957015776654,58.32688362837616,56.99881026422489,58.16426467895508,16579252
2022-06-24 00:00:00+05:30,58.32688900055246,58.896067782980765,58.164270036153425,58.81475830078125,11807979
2022-06-27 00:00:00+05:30,59.62786485364708,60.08862478440198,58.97737659639559,59.38393020629883,17830735
2022-06-28 00:00:00+05:30,59.35682906922016,59.9802079837797,58.299787166033134,58.70634078979492,22631172
2022-06-29 00:00:00+05:30,58.868961485510795,59.65496551192353,58.543717370526984,59.51944351196289,18903900
2022-06-30 00:00:00+05:30,60.12928005957957,61.796152442392675,59.92600324233486,60.37321472167969,34424950
2022-07-01 00:00:00+05:30,60.983037467028836,61.105004782665965,59.2348558189376,60.61714172363281,22029311
2022-07-04 00:00:00+05:30,60.73910363572653,60.73910363572653,59.60075855082823,60.45451736450195,12798384
2022-07-05 00:00:00+05:30,60.57648613300502,60.57648613300502,59.68206945765035,59.844688415527344,17464685
2022-07-06 00:00:00+05:30,60.1699293188075,60.657792369878564,58.746991801133,59.031578063964844,21856830
2022-07-07 00:00:00+05:30,59.60076144353155,59.60076144353155,58.66568690396832,59.112892150878906,17846046
2022-07-08 00:00:00+05:30,59.35682679720523,59.56010360130525,58.70633854267887,59.112892150878906,11692575
2022-07-11 00:00:00+05:30,59.11289358721044,59.23486091333718,58.58437884652109,58.99093246459961,11548617
2022-07-12 00:00:00+05:30,58.90961510991453,58.95027295197736,57.24274904510599,57.44602584838867,16729806
2022-07-13 00:00:00+05:30,57.44602888923826,57.689957343980154,57.12078474606634,57.24275207519531,13704386
2022-07-14 00:00:00+05:30,57.2427422411447,57.73060527033182,57.08011709573899,57.52732849121094,8917897
2022-07-15 00:00:00+05:30,57.486677501003264,57.81192162703829,56.91750493307877,57.202091217041016,7310057
2022-07-18 00:00:00+05:30,57.4866790462268,57.93389050698532,57.20209275461496,57.85258102416992,6697658
2022-07-19 00:00:00+05:30,57.93388605117798,58.66568374726436,57.730609258015946,58.54371643066406,7585011
2022-07-20 00:00:00+05:30,59.35682905695304,59.43813854098539,58.70634077766223,58.82830810546875,10590222
2022-07-21 00:00:00+05:30,58.82830729525866,59.153551430424656,58.01520005910162,58.99093246459961,9537111
2022-07-22 00:00:00+05:30,59.27551412581435,59.31616576233686,58.54371642973952,58.66568374633789,8740051
2022-07-25 00:00:00+05:30,58.706332360558086,58.82829967087738,57.933883067727756,58.625022888183594,10124538
2022-07-26 00:00:00+05:30,58.62502814550916,58.66568598710004,58.09650722240606,58.259132385253906,8202210
2022-07-27 00:00:00+05:30,58.34043663311532,58.78764803644768,58.05585037804705,58.625022888183594,8726504
2022-07-28 00:00:00+05:30,58.58437728881835,59.072240376837584,58.46240996593461,58.58437728881836,11715079
2022-07-29 00:00:00+05:30,58.95027396796093,59.56010438831915,58.74699716117486,59.31616973876953,16983013
2022-08-01 00:00:00+05:30,58.95027536642287,58.95027536642287,57.56799552889245,57.81192398071289,30168751
2022-08-02 00:00:00+05:30,58.05585794380785,58.6250305281182,57.933890617593946,58.5030632019043,15655719
2022-08-03 00:00:00+05:30,58.78765171128866,58.86896118874584,57.527333098398124,57.73060989379883,18893830
2022-08-04 00:00:00+05:30,58.13716891158753,58.21847839663479,57.36471949836447,57.89323425292969,25024630
2022-08-05 00:00:00+05:30,58.09650888915754,59.60076222195681,57.64930363640616,59.43813705444336,48935830
2022-08-08 00:00:00+05:30,59.438134031221104,59.9666549426048,58.86896148266361,59.64141082763672,16091607
2022-08-10 00:00:00+05:30,59.885349996112176,59.926001636361995,58.86896593712696,58.95027542114258,29085499
2022-08-11 00:00:00+05:30,60.00145667320797,60.00145667320797,59.37074758466849,59.665077209472656,16670568
2022-08-12 00:00:00+05:30,59.66507483333598,60.295783896757726,59.53893815337512,60.169647216796875,12294928
2022-08-16 00:00:00+05:30,60.33783097778172,61.59924904700364,59.91735828804108,61.51515579223633,26772067
2022-08-17 00:00:00+05:30,61.64129474867102,62.06176741021474,61.55719508363936,61.6833381652832,18542371
2022-08-18 00:00:00+05:30,61.8094907670676,61.935633868140506,60.92649547546193,61.094688415527344,18850835
2022-08-19 00:00:00+05:30,61.09468227879825,61.17877553243179,60.37987999905717,60.67420959472656,13357442
2022-08-22 00:00:00+05:30,60.632152541885155,60.674202371648015,59.623020786608734,59.95940017700195,13714233
2022-08-23 00:00:00+05:30,59.538935864302324,60.211688323211156,59.496886028662466,59.74917221069336,11581331
2022-08-24 00:00:00+05:30,59.917356385170315,60.08554288936363,59.076411032395995,59.328697204589844,19584234
2022-08-25 00:00:00+05:30,59.62303226396977,60.506021115835104,59.53893900415942,60.085548400878906,13090152
2022-08-26 00:00:00+05:30,60.42192416373563,60.800353433613665,60.29578107377628,60.46397399902344,10546886
2022-08-29 00:00:00+05:30,59.833265466068944,60.085545232195706,59.16050659125599,59.74917221069336,14387511
2022-08-30 00:00:00+05:30,60.08555178331061,60.42193125739247,60.00145851876635,60.127601623535156,14284488
2022-09-01 00:00:00+05:30,59.70712411721795,60.12759682226878,59.53893760155934,59.83326721191406,17854146
2022-09-02 00:00:00+05:30,60.08553683448408,60.16963649400981,59.58097095684587,59.95940017700195,13349456
2022-09-05 00:00:00+05:30,60.127599774096794,60.25374287498561,59.58098394751499,59.665077209472656,11658725
2022-09-06 00:00:00+05:30,59.83327476029662,59.875318186563184,59.370752160028545,59.4548454284668,10545363
2022-09-07 00:00:00+05:30,59.53894063373796,60.16964972343474,59.454840955721345,60.04350662231445,19254652
2022-09-08 00:00:00+05:30,60.46397234892516,62.01971997355561,60.37987909654858,61.431060791015625,24401527
2022-09-09 00:00:00+05:30,61.64130248578781,61.725395745471076,60.84240047903566,61.01059341430664,9906299
2022-09-12 00:00:00+05:30,61.26287493968812,61.346968201768505,60.50602274915534,61.094688415527344,21463828
2022-09-13 00:00:00+05:30,61.431063476174096,61.47310689624816,60.54806824786441,60.758304595947266,11555561
2022-09-14 00:00:00+05:30,60.506019490875744,60.758305679435814,60.211689881491864,60.3798828125,9024753
2022-09-15 00:00:00+05:30,60.548070088488174,60.71625660570556,59.959410862322954,60.169647216796875,9985561
2022-09-16 00:00:00+05:30,60.16964494788462,60.29578162308904,58.44570433984411,58.824127197265625,25993505
2022-09-19 00:00:00+05:30,59.07641194457544,59.2025550326201,58.52979617365124,58.57184600830078,13595148
2022-09-20 00:00:00+05:30,58.866177546282884,58.992320638491464,58.067281988802144,58.10932540893555,20693245
2022-09-21 00:00:00+05:30,58.277526252038534,58.277526252038534,57.352481060811684,57.56271743774414,24710729
2022-09-22 00:00:00+05:30,57.35247487122407,57.39452470843449,56.76381564570444,57.0161018371582,15775504
2022-09-23 00:00:00+05:30,57.016095793607946,57.14223246006032,56.5115234641837,56.72175979614258,13578280
2022-09-26 00:00:00+05:30,56.51152709425103,56.67972002016436,55.41830194738283,55.5444450378418,19194238
2022-09-27 00:00:00+05:30,55.838776620771576,56.42743584260734,55.58649043089663,56.13310623168945,14140070
2022-09-28 00:00:00+05:30,55.83877582720414,55.83877582720414,55.1239735205895,55.29216003417969,15974881
2022-09-29 00:00:00+05:30,55.5864833083949,56.595621522685725,54.82963125165265,55.418296813964844,24560255
2022-09-30 00:00:00+05:30,55.4603470126256,56.511528771135595,55.081924145923715,56.301292419433594,16041026
2022-10-03 00:00:00+05:30,56.55357552391752,57.22633437903946,55.964916337613786,56.0910530090332,13288633
2022-10-04 00:00:00+05:30,57.18428988705095,57.18428988705095,56.42743770830614,56.59563064575195,10513995
2022-10-06 00:00:00+05:30,57.142238947499294,57.268382044176555,56.637672976694645,56.97405242919922,13000167
2022-10-07 00:00:00+05:30,56.88995271125189,57.05813921045751,56.38538679773133,56.72175979614258,14879891
2022-10-10 00:00:00+05:30,56.34334747321919,56.93200674612967,56.217204367336976,56.805870056152344,9042660
2022-10-11 00:00:00+05:30,56.93200457877757,56.93200457877757,55.334213351445676,55.460350036621094,14905741
2022-10-12 00:00:00+05:30,55.502399430399045,57.05814722216113,55.460349591741455,56.55358123779297,14459865
2022-10-13 00:00:00+05:30,56.595630529457225,56.97405341009977,55.880821774614276,56.217201232910156,9890714
2022-10-14 00:00:00+05:30,57.184285197111095,57.184285197111095,55.67058096376714,55.75468063354492,10119406
2022-10-17 00:00:00+05:30,55.92286789331462,56.09105440332385,55.12397234691462,55.5444450378418,10841451
2022-10-18 00:00:00+05:30,55.83877325029044,56.1751526778514,55.586487075643724,56.0910530090332,8153819
2022-10-19 00:00:00+05:30,56.17515151036222,56.55357434856358,55.880815507423605,56.34333801269531,7157066
2022-10-20 00:00:00+05:30,56.049015458000326,57.35247705438359,55.96492219628279,57.05814743041992,19426605
2022-10-21 00:00:00+05:30,56.67971976417401,57.22633554309141,56.51152683902031,56.76381301879883,9542021
2022-10-24 00:00:00+05:30,57.394523947664936,57.562710462468544,57.14223775955525,57.22633743286133,3745316
2022-10-25 00:00:00+05:30,57.05813937610905,57.394518791400564,56.511523628248305,57.100189208984375,12609170
2022-10-27 00:00:00+05:30,57.10019737983541,57.604763367022564,57.05814754094288,57.43657684326172,10404151
2022-10-28 00:00:00+05:30,57.604767279492656,58.193426568541504,57.226344367376264,57.56271743774414,9586976
2022-10-31 00:00:00+05:30,57.604759970864094,57.857046157536146,57.26838052726944,57.39452362060547,10549071
2022-11-01 00:00:00+05:30,57.52066215135906,57.730898484941584,57.31042581777654,57.60475540161133,7840600
2022-11-02 00:00:00+05:30,57.646810796298794,58.067283504029916,57.478617863663736,57.6888542175293,6785578
2022-11-03 00:00:00+05:30,57.60476650053761,58.15138235635144,57.60476650053761,57.772953033447266,6466688
2022-11-04 00:00:00+05:30,57.730898484941584,58.02522806877637,57.4365689011068,57.60475540161133,8971834
2022-11-07 00:00:00+05:30,57.899093596885734,59.11846836256648,57.772950494793974,58.95027542114258,13032194
2022-11-09 00:00:00+05:30,59.16051114719194,59.28665424792163,58.36161553574492,58.48775863647461,10410493
2022-11-10 00:00:00+05:30,58.40365351137754,58.74003294331422,58.36161009232546,58.5297966003418,5974147
2022-11-11 00:00:00+05:30,58.82412369568802,58.866173528855846,58.36160761036069,58.65593719482422,8792244
2022-11-14 00:00:00+05:30,58.866178546515144,58.992321640867104,57.899090044355816,58.403656005859375,10222979
2022-11-15 00:00:00+05:30,58.69798952426215,58.69798952426215,58.15137374935304,58.5297966003418,6477425
2022-11-16 00:00:00+05:30,58.57184883511413,58.613892255888814,58.06728287448795,58.27751922607422,5638631
2022-11-17 00:00:00+05:30,58.40365501348612,58.61389136186571,58.02523215276455,58.10932540893555,5264089
2022-11-18 00:00:00+05:30,58.31955925598219,58.445702342780486,57.81499332469293,58.23546600341797,6231903
2022-11-21 00:00:00+05:30,58.319567955014485,59.20256327840751,58.151381424799084,58.908233642578125,14820946
2022-11-22 00:00:00+05:30,58.90823025801219,59.034366940474136,58.4036578645464,58.866180419921875,13456815
2022-11-23 00:00:00+05:30,58.90822851333165,59.118464865747676,58.61389248722577,58.78208541870117,7949141
2022-11-24 00:00:00+05:30,58.99232458514038,61.1367316325327,58.99232458514038,60.59012222290039,29444796
2022-11-25 00:00:00+05:30,60.71624976055192,62.18790407595494,60.25373368239601,61.6833381652832,22422462
2022-11-28 00:00:00+05:30,62.14586931507539,64.29027633808111,62.14586931507539,64.08003997802734,40695313
2022-11-29 00:00:00+05:30,64.29027469524704,64.50051104992856,63.070906404455975,63.32319259643555,17421133
2022-11-30 00:00:00+05:30,62.650439115690986,64.75280284440545,62.60838927475472,64.4584732055664,29122442
2022-12-01 00:00:00+05:30,64.75279889656123,64.8789419957744,63.91185345634615,64.08003997802734,15072561
2022-12-02 00:00:00+05:30,64.08002595766598,64.92097121388682,63.91183947278307,64.7527847290039,18220281
2022-12-05 00:00:00+05:30,64.79484558105469,65.34145495786473,64.50050955858254,64.79484558105469,10947250
2022-12-06 00:00:00+05:30,64.75278407465613,65.08916345692587,63.61750927341097,63.74365234375,10369691
2022-12-07 00:00:00+05:30,64.54255337244119,65.4255485256569,64.03798746313377,64.50050354003906,20909569
2022-12-08 00:00:00+05:30,65.1312159518241,65.17326578643501,64.33232042144876,64.54255676269531,11996025
2022-12-09 00:00:00+05:30,65.17325735711432,65.8880595417214,64.5004985857764,64.7527847290039,24702723
2022-12-12 00:00:00+05:30,64.7527960183264,66.47673666050069,64.58460950412103,66.35059356689453,20455051
2022-12-13 00:00:00+05:30,66.60287507443907,66.64492491203872,65.1312205811133,65.38350677490234,16409283
2022-12-14 00:00:00+05:30,65.50965802681885,66.18241060083041,65.21532837469472,65.71989440917969,16268873
2022-12-15 00:00:00+05:30,65.71988339291458,66.01421299570185,65.42555379012731,65.6778335571289,9555282
2022-12-16 00:00:00+05:30,65.80397836503903,66.39263758596839,64.45846699155456,64.71074676513672,18672807
2022-12-19 00:00:00+05:30,64.9209801192676,65.71988207180674,64.4164141795031,65.55168914794922,12681354
2022-12-20 00:00:00+05:30,65.55168904097133,65.71988196455435,64.79484334051172,65.42555236816406,9368946
2022-12-21 00:00:00+05:30,65.42554705696502,65.71987662946184,64.03798602559027,64.24822235107422,8618706
2022-12-22 00:00:00+05:30,64.24823425543362,64.54256388246587,62.77657970436761,63.15500259399414,15215404
2022-12-23 00:00:00+05:30,62.73452267813463,63.154995358840495,61.22082487713587,61.38901138305664,15286836
2022-12-26 00:00:00+05:30,61.389016512614084,62.73452792012062,60.842400698841416,62.566341400146484,9571856
2022-12-27 00:00:00+05:30,62.98681606880561,63.239095856588406,62.524293500680145,63.15500259399414,5815217
2022-12-28 00:00:00+05:30,62.94476482743755,63.19705102550525,62.6083853686488,62.9027214050293,6599386
2022-12-29 00:00:00+05:30,62.90272183567099,63.19705145816197,62.31405617478444,62.86067199707031,10191269
2022-12-30 00:00:00+05:30,63.23908961347907,65.1732665417241,63.23908961347907,64.33232116699219,15567911
2023-01-02 00:00:00+05:30,64.7527969555977,66.05626491522148,64.2902744109817,65.59374237060547,16878293
2023-01-03 00:00:00+05:30,65.59374086416452,66.35059300347032,65.34145467909451,66.01421356201172,11509540
2023-01-04 00:00:00+05:30,66.35059243427479,66.85515838418213,65.08917435155438,65.6778335571289,11974831
2023-01-05 00:00:00+05:30,66.22445394608978,66.64492666955702,65.88807448413507,66.51878356933594,14449439
2023-01-06 00:00:00+05:30,66.68696376481576,67.94838169416862,66.43467761258384,67.31767272949219,19075518
2023-01-09 00:00:00+05:30,67.9904273078282,68.11657038802377,66.98129549807076,67.3597183227539,16438468
2023-01-10 00:00:00+05:30,67.7381537236017,67.94839007107916,67.02334500945497,67.78019714355469,11953196
2023-01-11 00:00:00+05:30,67.99043004103918,70.68145900174417,67.78019370422959,70.260986328125,44099830
2023-01-12 00:00:00+05:30,70.42917331862307,70.55531640476256,68.28476010196314,68.62113952636719,16440461
2023-01-13 00:00:00+05:30,68.57909174554425,69.33593738242618,68.20066251119981,69.20980072021484,8018070
2023-01-16 00:00:00+05:30,69.33594927875507,69.5461856397166,68.74729003442457,69.16776275634766,9367702
2023-01-17 00:00:00+05:30,69.20980512305024,69.54617813155042,68.11657359771306,68.62113952636719,8776414
2023-01-18 00:00:00+05:30,68.49499832752664,69.71437297260178,68.32681181864238,69.08366394042969,7980164
2023-01-19 00:00:00+05:30,69.08366647455631,70.13484823340256,68.87343012278706,70.00870513916016,9857262
2023-01-20 00:00:00+05:30,69.96665813974461,70.26099417688096,69.5882352575758,69.7143783569336,9411562
2023-01-23 00:00:00+05:30,69.92460775451666,70.30303059900417,69.46208524156177,70.17688751220703,6972772
2023-01-24 00:00:00+05:30,70.47122207757195,70.47122207757195,69.54617707059676,69.92460632324219,7069973
2023-01-25 00:00:00+05:30,69.7143778090598,70.13485052634496,69.20981183149851,69.37799835205078,8188678
2023-01-27 00:00:00+05:30,69.42004507998534,69.84051777843248,67.27563175154322,68.1165771484375,10838959
2023-01-30 00:00:00+05:30,68.11657490861525,69.37799296247849,67.61200897025076,68.74728393554688,10783051
2023-01-31 00:00:00+05:30,69.37799296247849,70.05075182423383,68.24271799718237,68.74728393554688,21752061
2023-02-01 00:00:00+05:30,68.70523587324173,68.91547222097614,65.88807009678155,67.1074447631836,20031377
2023-02-02 00:00:00+05:30,66.93924791449447,67.27562733434696,65.71987973542095,66.05625915527344,10817457
2023-02-03 00:00:00+05:30,66.35059727069303,66.35059727069303,64.66870637113632,65.97216796875,11116563
2023-02-06 00:00:00+05:30,66.01421132373508,66.93924994445376,65.67783189368176,66.6449203491211,9507602
2023-02-07 00:00:00+05:30,66.64493214230494,67.06540490030056,66.14036611589123,66.47674560546875,6876198
2023-02-08 00:00:00+05:30,66.43468400732576,66.7710634373791,65.84602481666042,66.6449203491211,6093832
2023-02-09 00:00:00+05:30,66.60287530648631,67.86429344801752,66.35059552772273,66.93925476074219,8609974
2023-02-10 00:00:00+05:30,66.98130167136212,67.6540541345697,66.85515857954064,67.1074447631836,6286269
2023-02-13 00:00:00+05:30,67.27562862372248,67.48586496317161,66.64491960537508,66.85515594482422,6470826
2023-02-14 00:00:00+05:30,66.8131089310441,67.14948837154353,66.14035646594941,66.56082916259766,5013825
2023-02-15 00:00:00+05:30,65.97216075277629,67.06539228427334,65.97216075277629,66.85515594482422,3686045
2023-02-16 00:00:00+05:30,67.14948818318797,67.317681110918,66.60287239589769,67.1074447631836,8603036
2023-02-17 00:00:00+05:30,67.19154334903715,68.15863190851013,66.9392571453817,67.7381591796875,9145422
2023-02-20 00:00:00+05:30,67.86429124520694,68.07452759530473,66.68697281738267,66.89720916748047,6867570
2023-02-21 00:00:00+05:30,67.2756259523498,67.4858622834509,66.43468062794543,66.60286712646484,4633296
2023-02-22 00:00:00+05:30,66.14035616943771,66.26649926104751,64.83688824931002,65.00508117675781,9878001
2023-02-23 00:00:00+05:30,65.34145506114555,65.50964799081038,64.5425594969264,64.92098236083984,6290065
2023-02-24 00:00:00+05:30,65.17326986584398,65.29941296166842,64.83689041561358,65.04712677001953,6103178
2023-02-27 00:00:00+05:30,65.04712829729769,65.08917813552794,64.08003976114264,64.62665557861328,6945215
2023-02-28 00:00:00+05:30,64.66870168083229,64.79484477233103,63.743663036348394,63.95389938354492,10000095
2023-03-01 00:00:00+05:30,63.911851191603404,64.92098311774068,63.78570809686016,64.71074676513672,6694749
2023-03-02 00:00:00+05:30,64.7527839209583,65.71987223672465,64.58459743817417,65.50963592529297,5273986
2023-03-03 00:00:00+05:30,65.71988132509368,65.9721610841575,65.34145206264202,65.76192474365234,5522499
2023-03-06 00:00:00+05:30,65.84602481666042,67.10744286743243,65.63578847486508,66.6449203491211,8582554
2023-03-08 00:00:00+05:30,66.22444429684434,66.72901020830624,66.01420796574324,66.60286712646484,5969771
2023-03-09 00:00:00+05:30,66.68696827363745,66.81310494237836,66.05625926631768,66.1823959350586,6135751
2023-03-10 00:00:00+05:30,66.01421412257952,66.64492317470608,65.17326871974412,66.35059356689453,6305111
2023-03-13 00:00:00+05:30,66.01421156094464,66.35059099220669,65.29940927945279,65.42555236816406,7151999
2023-03-14 00:00:00+05:30,65.46760428672894,65.6778406565745,64.96303828228054,65.34146118164062,8316642
2023-03-15 00:00:00+05:30,65.80398274786141,66.47674168736438,65.59374638125483,66.09831237792969,8183051
2023-03-16 00:00:00+05:30,66.43468383799215,67.65405205093548,66.22444749673268,67.19153594970703,27348566
2023-03-17 00:00:00+05:30,67.78019875511042,67.99043510758652,66.30854428777779,66.68697357177734,22904016
2023-03-20 00:00:00+05:30,66.60287231450005,67.86429039936485,66.18239961954511,67.78019714355469,18090005
2023-03-21 00:00:00+05:30,67.94839091796945,68.24272052492552,66.68697281738267,66.89720916748047,9942587
2023-03-22 00:00:00+05:30,67.10744769582234,67.23358437725192,66.51878204689845,66.93925476074219,8162089
2023-03-23 00:00:00+05:30,66.7290143520561,66.93925069621248,66.26649824445448,66.43468475341797,7065528
2023-03-24 00:00:00+05:30,66.30854524906961,66.60287486362225,65.5937429234691,65.93012237548828,10269895
2023-03-27 00:00:00+05:30,65.59374334221516,65.93012279638177,64.54256155788478,64.8368911743164,4845906
2023-03-28 00:00:00+05:30,64.66870880126953,65.08918154195932,63.70162021450206,64.66870880126953,7446988
2023-03-29 00:00:00+05:30,64.62665896083861,65.21532464734722,64.45847243092464,64.66870880126953,9921198
2023-03-31 00:00:00+05:30,65.00507006103754,65.88805871950878,64.92097040374242,65.50963592529297,9748505
2023-04-03 00:00:00+05:30,64.96303482055664,65.80398025512694,64.66870520163793,65.17327117919922,11416090
2023-04-05 00:00:00+05:30,65.63578888596253,65.8039753940906,64.75279367853005,64.87893676757812,6867318
2023-04-06 00:00:00+05:30,64.87894501752328,65.46760428672894,64.66870864767772,65.34146118164062,5063531
2023-04-10 00:00:00+05:30,65.34145269842054,65.7619253835221,65.08917293690202,65.42555236816406,5706517
2023-04-11 00:00:00+05:30,65.4255426839009,65.67782240807709,65.29939961386128,65.50963592529297,2998570
2023-04-12 00:00:00+05:30,65.50964911228556,65.76192888724528,65.21531950021371,65.59374237060547,4182972
2023-04-13 00:00:00+05:30,65.59374124769067,65.71988434096323,64.75279584707926,64.92098236083984,6411454
2023-04-17 00:00:00+05:30,64.92098574491193,65.13122210602357,64.58461269985698,64.9630355834961,7736935
2023-04-18 00:00:00+05:30,64.92098347223752,65.67783562892538,64.92098347223752,65.59374237060547,5096362
2023-04-19 00:00:00+05:30,65.5516868175428,66.22444565724778,65.34145048212297,66.05625915527344,7940271
2023-04-20 00:00:00+05:30,66.35059034660917,66.51877685265171,65.67783149063106,65.76192474365234,7789377
2023-04-21 00:00:00+05:30,66.22445066896871,66.22445066896871,65.46759852099964,65.8039779663086,5001767
2023-04-24 00:00:00+05:30,65.84602780293632,66.09830757498982,65.55169177835081,65.8039779663086,7060879
2023-04-25 00:00:00+05:30,65.80398144515618,66.30854743184227,65.63579492156235,65.97216796875,4656411
2023-04-26 00:00:00+05:30,65.88807470695309,66.30854743184227,65.71988818335927,65.97216796875,5090493
2023-04-27 00:00:00+05:30,66.05626910659589,67.90634657064156,66.05626910659589,67.65406036376953,17036886
2023-04-28 00:00:00+05:30,68.07452787206323,68.57910024707267,67.61201174951024,68.45295715332031,11996476
2023-05-02 00:00:00+05:30,68.7472845067571,69.54618004781345,68.45295490825761,69.08366394042969,11768608
2023-05-03 00:00:00+05:30,69.33595198532394,70.30304056667882,69.33595198532394,69.54618835449219,12067736
2023-05-04 00:00:00+05:30,69.88256542272873,71.05989033272402,69.71437889954566,70.0507583618164,15811123
2023-05-05 00:00:00+05:30,70.05075222806063,70.17688890145091,69.2939001081988,69.63027954101562,5895640
2023-05-08 00:00:00+05:30,69.7984687873909,70.17689165421383,69.29390282632556,70.00870513916016,6051050
2023-05-09 00:00:00+05:30,70.42917558125087,70.89169810665355,70.21893923623222,70.63941192626953,7286472
2023-05-10 00:00:00+05:30,71.0598991688352,71.14399244088351,70.51328327666307,70.84966278076172,7349573
2023-05-11 00:00:00+05:30,70.89171002764664,71.01784672314542,70.47123726690354,70.59737396240234,4455253
2023-05-12 00:00:00+05:30,70.5132660827542,70.76555225328724,70.09279340913503,70.260986328125,4700410
2023-05-15 00:00:00+05:30,70.47122889281178,71.10193795897929,70.26099253742261,70.80760192871094,7167177
2023-05-16 00:00:00+05:30,71.81675038238635,73.70887784694386,71.48037088328394,73.16226196289062,44298431
2023-05-17 00:00:00+05:30,73.83500746468549,74.50775992401157,73.41453477164265,73.62477111816406,20861152
2023-05-18 00:00:00+05:30,73.66680790530721,73.79295098504355,72.15311019618177,72.32129669189453,16119484
2023-05-19 00:00:00+05:30,72.32130008070047,72.53153641814436,71.3121682273313,72.36334991455078,11201198
2023-05-22 00:00:00+05:30,72.36335247892781,73.41453420339856,71.73264344424537,73.28839111328125,9226502
2023-05-23 00:00:00+05:30,73.54067118889836,75.60099122712448,72.95201198706467,74.8441390991211,27392800
2023-05-24 00:00:00+05:30,74.92822459114664,75.60098339431454,74.63389502072447,75.3907470703125,19866440
2023-05-25 00:00:00+05:30,75.55894272048744,75.55894272048744,74.5077609730797,74.97028350830078,9684940
2023-05-26 00:00:00+05:30,75.0123260957859,75.93737115595722,74.84413958442974,75.853271484375,9846321
2023-05-29 00:00:00+05:30,75.9373787020233,76.06351539012283,75.18052649390219,75.72714233398438,6891927
2023-05-30 00:00:00+05:30,75.68508412019735,76.48397966399335,75.51689761073631,75.93737030029297,9269698
2023-05-31 00:00:00+05:30,76.02146856833714,76.86241400290746,75.30666623213328,75.68508911132812,17157711
2023-06-01 00:00:00+05:30,76.10555267333984,76.65216842323518,75.60098675647635,76.10555267333984,11770478
2023-06-02 00:00:00+05:30,76.10555831958258,76.44193776108202,75.43279943658371,75.51689910888672,7123634
2023-06-05 00:00:00+05:30,75.60099815653966,75.68509141938026,74.54981633127049,75.05438232421875,9227005
2023-06-06 00:00:00+05:30,75.1805191040039,75.5168985429826,74.71799657342018,75.1805191040039,5740801
2023-06-07 00:00:00+05:30,75.30666193198735,76.61012343159864,75.26461209629815,76.39988708496094,11403972
2023-06-08 00:00:00+05:30,76.31580159813146,76.39989486216608,75.43280628600604,75.72714233398438,10809055
2023-06-09 00:00:00+05:30,75.85327062965837,77.0726452789151,75.81122721024515,75.93737030029297,9921823
2023-06-12 00:00:00+05:30,76.2737485615385,77.36698019588565,75.8532758430826,77.24083709716797,10813997
2023-06-13 00:00:00+05:30,78.08177053699107,78.29200686391668,77.11468214995256,77.28287506103516,19796495
2023-06-14 00:00:00+05:30,77.53516628814873,78.62839791645048,77.36697976805823,78.33406829833984,19246845
2023-06-15 00:00:00+05:30,78.46021216200474,78.7965852054682,77.87154650413457,78.12383270263672,8742159
2023-06-16 00:00:00+05:30,78.20792827789707,78.37611480460592,77.28288954918891,77.49312591552734,15146569
2023-06-19 00:00:00+05:30,77.49311138796077,78.08177053699107,77.07263873410955,77.28287506103516,6800507
2023-06-20 00:00:00+05:30,77.28287506103516,77.87153421006546,76.7783091595944,77.28287506103516,9394894
2023-06-21 00:00:00+05:30,77.32492404218014,78.08177615676591,77.1146877001232,77.36697387695312,9499893
2023-06-22 00:00:00+05:30,77.36697387695312,78.08177615676591,77.15673753489618,77.36697387695312,9694937
2023-06-23 00:00:00+05:30,77.61926415547998,77.70335741356577,74.71799863223795,75.09642791748047,18134295
2023-06-26 00:00:00+05:30,75.0964271621316,75.64303654214336,74.59185478688342,75.3066635131836,10963542
2023-06-27 00:00:00+05:30,75.47484530516427,76.10555431885645,74.7600430394939,75.13846588134766,10668117
2023-06-28 00:00:00+05:30,75.43281025122253,76.65218509948912,74.84415095613187,76.2317123413086,14388441
2023-06-30 00:00:00+05:30,76.48398427932574,77.32492970918486,76.23170449991068,76.7783203125,12595671
2023-07-03 00:00:00+05:30,77.03059978975628,80.81485420927831,76.7783200113308,80.10005187988281,32972732
2023-07-04 00:00:00+05:30,80.73076459590204,81.06714406489925,79.34320329622904,79.59548950195312,11918401
2023-07-05 00:00:00+05:30,80.01595786225943,80.4784739929427,78.54430337972252,80.31028747558594,14283796
2023-07-06 00:00:00+05:30,80.73075672839487,83.08540636600137,80.73075672839487,82.9172134399414,32778334
2023-07-07 00:00:00+05:30,83.63201980314675,85.14572413185255,83.08541041057937,83.42178344726562,37546405
2023-07-10 00:00:00+05:30,84.93549104200217,85.31391393077793,81.65580248096174,81.90808868408203,24042759
2023-07-11 00:00:00+05:30,82.24446247871464,83.1695011331983,81.48761033744466,82.49674224853516,17508261
2023-07-12 00:00:00+05:30,82.62288183969558,83.54792045497449,82.16035932410416,82.32855224609375,14979586
2023-07-13 00:00:00+05:30,82.74902468099599,83.0013044393738,80.73075453445385,80.89894104003906,11491737
2023-07-14 00:00:00+05:30,81.15123541302786,82.11832395760756,80.56257616810348,81.2353286743164,24048036
2023-07-17 00:00:00+05:30,81.9080852988428,82.3285580093955,81.48761258829013,81.86603546142578,19126927
2023-07-18 00:00:00+05:30,82.45470034266678,82.74902995414891,81.73989160861889,82.0762710571289,9527821
2023-07-19 00:00:00+05:30,82.41265030489623,83.29564555309614,82.16036411515216,82.62288665771484,15283446
2023-07-20 00:00:00+05:30,83.0013080129624,83.50588038325003,82.79107166397728,83.0433578491211,8940131
2023-07-21 00:00:00+05:30,83.12744754707981,83.96839290702175,82.91721120709433,83.54792022705078,18598910
2023-07-24 00:00:00+05:30,83.92635562632208,84.6832013728968,83.67406943352758,83.96839904785156,19073238
2023-07-25 00:00:00+05:30,84.0524966999832,84.30478290596393,83.00131486823801,83.25360107421875,11983867
2023-07-26 00:00:00+05:30,83.96839980941583,84.2627294264093,83.12745438034626,83.75816345214844,14912431
2023-07-27 00:00:00+05:30,84.43091769496046,84.47296111454736,82.49674074864768,82.9172134399414,16349608
2023-07-28 00:00:00+05:30,83.43761295144718,83.78454822748704,81.74631257945784,82.6136474609375,27278447
2023-07-31 00:00:00+05:30,83.26415625,83.43762059529125,80.66215136718749,81.31265258789062,25418124
2023-08-01 00:00:00+05:30,81.35601564868293,82.17998115052568,80.92234820197831,81.52947998046875,16132927
2023-08-02 00:00:00+05:30,81.8764204132097,82.09325415020588,80.66215016258292,81.39938354492188,16780965
2023-08-03 00:00:00+05:30,81.44274520622392,81.70294169556938,80.79224405700047,81.09580993652344,8703991
2023-08-04 00:00:00+05:30,81.13918421127076,81.44275010906837,79.83818183450367,80.05501556396484,10743670
2023-08-07 00:00:00+05:30,80.18511577305895,80.66215265609343,79.79481768129672,80.53205108642578,6947500
2023-08-08 00:00:00+05:30,80.66214239845863,81.05244044058747,79.75143814383814,80.09837341308594,14652588
2023-08-09 00:00:00+05:30,80.18510943898279,81.57285058282801,79.96827571241201,81.4427490234375,9339961
2023-08-10 00:00:00+05:30,81.44275293921731,81.78968824185932,81.0958176365753,81.39938354492188,6480305
2023-08-11 00:00:00+05:30,81.52947736933908,81.7896804759244,80.96570838323078,81.09580993652344,9294868
2023-08-14 00:00:00+05:30,81.09581114924802,81.1391805400741,79.36114139204486,80.3152084350586,6762888
2023-08-16 00:00:00+05:30,80.31521720023053,81.05245060405159,79.83818693528313,80.92235565185547,7026509
2023-08-17 00:00:00+05:30,80.92235444063513,81.09581878579407,79.79481634538026,80.01165008544922,6856243
2023-08-18 00:00:00+05:30,79.92491526112461,80.09837960052835,79.01421093615402,79.2744140625,7603578
2023-08-21 00:00:00+05:30,79.18768324793326,79.92491662887599,78.7106463805489,79.79481506347656,7450923
2023-08-22 00:00:00+05:30,80.14174785095213,80.14174785095213,79.49124666160552,79.66471099853516,5274379
2023-08-23 00:00:00+05:30,79.66471335475441,79.79481491991977,79.10094431719818,79.18768310546875,6805550
2023-08-24 00:00:00+05:30,79.53461321040125,80.87898504572509,79.40451826015236,80.01165008544922,9936618
2023-08-25 00:00:00+05:30,79.7514404596803,80.8356090717871,79.4912439631187,79.62134552001953,7021529
2023-08-28 00:00:00+05:30,80.01164236039018,80.22847607952403,79.53460553139972,79.70807647705078,6866040
2023-08-29 00:00:00+05:30,79.83817803197908,80.14174391531849,79.44787336719418,79.70807647705078,6510089
2023-08-30 00:00:00+05:30,79.36114880270209,79.36114880270209,78.58054601562084,78.71064758300781,10926964
2023-08-31 00:00:00+05:30,78.71064497498183,79.40451556656102,77.14943945254885,77.279541015625,15918998
2023-09-01 00:00:00+05:30,77.49637969201437,78.06014875648155,76.97598002375265,77.2361831665039,14735373
2023-09-04 00:00:00+05:30,77.45300684056346,78.49380604173469,77.45300684056346,78.10350799560547,13063008
2023-09-05 00:00:00+05:30,78.5371845748439,79.53461450156088,78.40708300524234,79.23104858398438,12849665
2023-09-06 00:00:00+05:30,79.31778075797185,79.53461450156088,78.49381517922981,79.23104858398438,8805552
2023-09-07 00:00:00+05:30,79.31777321063713,79.70807788230309,78.97084454769859,79.53460693359375,7697172
2023-09-08 00:00:00+05:30,79.96827452543607,82.35344548231149,79.40451213851215,81.52947998046875,29294769
2023-09-11 00:00:00+05:30,82.83048510609106,83.2641525673795,81.61621489103538,82.57028198242188,23997873
2023-09-12 00:00:00+05:30,83.17742387488757,83.17742387488757,79.2310471653318,79.4045181274414,21373206
2023-09-13 00:00:00+05:30,79.70807923800587,81.0958137650833,79.23104239249164,80.7488784790039,11716054
2023-09-14 00:00:00+05:30,81.18254220299274,82.48354450309594,80.79224415985772,82.09324645996094,16430876
2023-09-15 00:00:00+05:30,81.83304705330384,82.00651800483874,79.5779776212717,79.7514419555664,35184771
2023-09-18 00:00:00+05:30,80.4886793811229,81.00907898483585,79.62134450252132,80.3152084350586,17302409
2023-09-20 00:00:00+05:30,80.1851106265644,80.61877808612881,79.2744129318233,79.66471099853516,18228395
2023-09-21 00:00:00+05:30,79.70807159416104,80.79224012341449,79.62133943526868,80.44530487060547,15173388
2023-09-22 00:00:00+05:30,80.48868696049719,80.96571721830456,79.79481634538026,80.01165008544922,10983768
2023-09-25 00:00:00+05:30,80.22847880073714,80.31521096788448,79.62134701346547,79.7514419555664,10885789
2023-09-26 00:00:00+05:30,79.96827940584879,80.48868566744648,79.70808289229045,79.79481506347656,8786944
2023-09-27 00:00:00+05:30,79.83818560956394,80.14175152171532,78.14687846945097,78.4070816040039,17576586
2023-09-28 00:00:00+05:30,78.75401554685953,79.27441518971077,77.62647747298149,77.88668060302734,17116633
2023-09-29 00:00:00+05:30,78.58054359401605,79.05758045398731,78.27697769096179,78.88410949707031,7353379
2023-10-03 00:00:00+05:30,79.27441272413708,79.27441272413708,77.88667818061464,78.06014251708984,12491467
2023-10-04 00:00:00+05:30,78.06014377684149,78.19024533991764,76.93260571983541,77.279541015625,10554372
2023-10-05 00:00:00+05:30,78.45044050049928,78.71064362217946,77.36627185556569,77.75657653808594,9293183
2023-10-06 00:00:00+05:30,78.06014122073033,78.06014122073033,77.49637221068814,77.84330749511719,8500414
2023-10-09 00:00:00+05:30,76.71576934927293,76.84587090787556,75.45813638967441,75.84843444824219,10345543
2023-10-10 00:00:00+05:30,75.84843322789072,76.80250689746623,75.71833828862137,76.62903594970703,9460129
2023-10-11 00:00:00+05:30,77.1928102012408,78.2769788838425,76.88924429356044,77.79994201660156,12124613
2023-10-12 00:00:00+05:30,77.93003834771243,78.66727167891646,77.93003834771243,78.32034301757812,9922340
2023-10-13 00:00:00+05:30,78.32034070675894,79.1443061789867,78.10350699120008,78.79737091064453,12881848
2023-10-16 00:00:00+05:30,78.9274761854203,79.05757774433881,78.23360561601505,78.84074401855469,8631278
2023-10-17 00:00:00+05:30,78.92747764072371,80.05501568248731,78.7106439109415,79.66471099853516,13355267
2023-10-18 00:00:00+05:30,80.22848376229447,80.22848376229447,78.49381384310972,78.71064758300781,11466227
2023-10-19 00:00:00+05:30,78.1902415521632,78.84074271879145,78.1468721608253,78.62390899658203,6724121
2023-10-20 00:00:00+05:30,78.53717673953462,78.79737323553836,77.62647246042135,78.32034301757812,8772287
2023-10-23 00:00:00+05:30,78.32034687269778,78.32034687269778,76.02190798337624,76.2821044921875,9592121
2023-10-25 00:00:00+05:30,76.71576417650724,77.3662653084185,75.28466698009419,75.97853088378906,9057651
2023-10-26 00:00:00+05:30,75.93517439590211,76.15200812448295,74.15713517464323,74.76426696777344,10108394
2023-10-27 00:00:00+05:30,75.06784065387005,75.8918061884485,75.06784065387005,75.37140655517578,6454064
2023-10-30 00:00:00+05:30,75.84842686493361,76.84586322484354,75.24129514180905,76.54229736328125,10175983
2023-10-31 00:00:00+05:30,77.1928102012408,78.06014514732217,76.02190934747908,77.79994201660156,29025469
2023-11-01 00:00:00+05:30,79.79481392611709,80.66214886009662,78.45044213155265,80.18511199951172,54027867
2023-11-02 00:00:00+05:30,81.39937215518826,83.69781076918903,80.92234197088897,82.44017791748047,63995437
2023-11-03 00:00:00+05:30,83.69781353012239,83.914647243931,82.74374651281248,83.17741394042969,34490201
2023-11-06 00:00:00+05:30,84.13148768261226,87.1671599185828,83.78455238933898,85.86615753173828,63500708
2023-11-07 00:00:00+05:30,86.7334915085318,90.46303429029477,85.64932286467516,90.24620056152344,79534919
2023-11-08 00:00:00+05:30,91.41709894090862,92.71810127891801,89.3788632681419,89.72579193115234,69412828
2023-11-09 00:00:00+05:30,90.28955830744198,90.63649357759847,88.90182384405591,89.29212188720703,32091128
2023-11-10 00:00:00+05:30,89.20096712188912,90.11257640664022,88.79074572576188,89.38329315185547,28403392
2023-11-13 00:00:00+05:30,89.61119725389025,90.4772233096036,88.92749027673959,90.24932098388672,23502134
2023-11-15 00:00:00+05:30,91.16093731878311,92.98415606515879,90.38607074257898,92.7106704711914,35721107
2023-11-16 00:00:00+05:30,92.9841433915774,95.85571391673437,92.71065783488564,94.89852142333984,43421272
2023-11-17 00:00:00+05:30,95.71898056725553,96.90407548962295,92.52834788168035,93.62227630615234,50796419
2023-11-20 00:00:00+05:30,93.89576073446925,94.76178681360153,92.98415140695013,93.75901794433594,16980763
2023-11-21 00:00:00+05:30,93.89576133351997,94.0780804181761,91.93579987584395,92.11812591552734,20429383
2023-11-22 00:00:00+05:30,92.07254322193286,93.62227631593467,91.47999576068725,92.30044555664062,16652996
2023-11-23 00:00:00+05:30,92.98415379212503,94.98969158210107,91.84464210349604,94.62505340576172,18589035
2023-11-24 00:00:00+05:30,94.89852428837952,95.99245959314645,93.89575547527996,94.30597686767578,26009963
2023-11-28 00:00:00+05:30,95.44549110142869,99.00076876889459,94.89852691144016,98.63612365722656,61127565
2023-11-29 00:00:00+05:30,99.09192839726794,100.04912094687987,97.95241676917135,98.95519256591797,36828919
2023-11-30 00:00:00+05:30,98.95519041869126,102.5560443033308,97.63335278576554,101.8723373413086,46269884
2023-12-01 00:00:00+05:30,102.87510790992947,103.87787674693494,100.8239869889981,101.41653442382812,24131009
2023-12-04 00:00:00+05:30,104.37926318744776,107.70663847045476,103.10300879677054,105.655517578125,50645500
2023-12-05 00:00:00+05:30,109.39311373554223,109.39311373554223,105.38203150756698,107.2964096069336,47272168
2023-12-06 00:00:00+05:30,108.29919258254031,109.34753776153704,107.02293811307743,108.75499725341797,31094949
2023-12-07 00:00:00+05:30,109.66660133634268,111.67213901002208,108.98289436281193,110.62378692626953,38173544
2023-12-08 00:00:00+05:30,111.35307644472262,111.62655505939466,106.97734905970043,108.29918670654297,22610433
2023-12-11 00:00:00+05:30,109.3019614051864,110.30473028954039,106.2936477970971,107.11409759521484,28917089
2023-12-12 00:00:00+05:30,107.56989699960681,108.39034675755836,106.5671281643447,107.15967559814453,15735665
2023-12-13 00:00:00+05:30,108.02569884838547,109.25636997590603,107.61547745755422,109.07405090332031,23660687
2023-12-14 00:00:00+05:30,109.8489209298053,109.8489209298053,108.80056884112956,109.4842758178711,20038925
2023-12-15 00:00:00+05:30,109.66659867443849,113.9055762434161,109.07405125408916,112.85723114013672,43200717
2023-12-18 00:00:00+05:30,113.44977159712619,114.68044968354086,112.31026000231766,113.35861206054688,19345644
2023-12-19 00:00:00+05:30,113.95115890322221,114.81718492887597,113.22186870423087,113.67767333984375,22074723
2023-12-20 00:00:00+05:30,114.4981331728264,115.22742343613565,108.48151284312097,109.43870544433594,27660494
2023-12-21 00:00:00+05:30,107.56989401010497,113.49535427337347,106.97734659277276,113.1762924194336,20805929
2023-12-22 00:00:00+05:30,113.26745540134625,113.95116237559985,111.30749401748054,112.76606750488281,12915880
2023-12-26 00:00:00+05:30,112.94839498195668,117.14179641999384,112.67490940674742,116.73157501220703,30770511
2023-12-27 00:00:00+05:30,117.0506292094453,117.50643386198995,114.36138454144266,115.40973663330078,16455934
2023-12-28 00:00:00+05:30,115.77438096839089,122.11006281417787,115.31857631890904,121.47193908691406,54672874
2023-12-29 00:00:00+05:30,118.2357173070626,120.37800461518046,116.95946991715405,118.37246704101562,30650133
2024-01-01 00:00:00+05:30,120.42359917622213,120.78823734758923,118.50921400140831,118.78269958496094,18629028
2024-01-02 00:00:00+05:30,119.42081863313746,119.83104003727102,117.2329618710558,119.0105972290039,17271309
2024-01-03 00:00:00+05:30,119.010588613161,122.01890187577519,118.78268630402437,120.97054290771484,24221613
2024-01-04 00:00:00+05:30,120.33243203354887,120.33243203354887,117.4152849480798,119.60314178466797,23880980
2024-01-05 00:00:00+05:30,121.06170939539071,122.70260880318509,119.92219784970754,120.97054290771484,21903222
2024-01-08 00:00:00+05:30,122.15565069852242,124.07003586304347,120.56033436477307,120.92497253417969,26199907
2024-01-09 00:00:00+05:30,122.97609231689212,122.97609231689212,119.92220942570414,120.24126434326172,15051378
2024-01-10 00:00:00+05:30,119.3752353859995,119.42081863313746,117.14179537677988,119.0105972290039,17547639
2024-01-11 00:00:00+05:30,119.73988698290462,122.06447956721887,119.5119846581637,121.47193908691406,21653666
2024-01-12 00:00:00+05:30,121.65426120924391,123.84213192754338,121.01613746601028,123.34074401855469,24471509
2024-01-15 00:00:00+05:30,124.38908100609332,125.80207814407002,123.24956942870139,125.4830093383789,22824583
2024-01-16 00:00:00+05:30,126.02998904469997,131.59081148519672,125.34628205169075,130.9071044921875,54350562
2024-01-17 00:00:00+05:30,130.3601391737043,132.5479960853249,129.03830837668124,131.3629150390625,43031636
2024-01-18 00:00:00+05:30,131.08941535770273,132.77588415537738,127.53413087088343,131.7275390625,26958686
2024-01-19 00:00:00+05:30,132.27450990741303,136.10326603816765,131.089415080975,135.51071166992188,23970656
2024-01-23 00:00:00+05:30,138.10882190834909,138.38230750602025,125.6653593598368,126.66812133789062,38167576
2024-01-24 00:00:00+05:30,126.66811325158886,132.41125479582846,125.84767042100654,130.77035522460938,40122151
2024-01-25 00:00:00+05:30,133.00379828121427,133.00379828121427,129.44852738878365,130.99826049804688,38252600
2024-01-29 00:00:00+05:30,130.9982501750168,135.2828109900696,130.81593110183334,133.7330780029297,28420760
2024-01-30 00:00:00+05:30,135.28282286385684,138.74694119860325,133.55077065151104,134.6446990966797,41378967
2024-01-31 00:00:00+05:30,134.73585674205341,136.83256090503917,133.1861237207349,133.9609832763672,27393172
2024-02-01 00:00:00+05:30,135.37397717713117,137.3795147977446,134.05214651195777,136.51348876953125,27883335
2024-02-02 00:00:00+05:30,138.47345667501665,152.05644452968477,137.69859706250332,148.50115966796875,94675914
2024-02-05 00:00:00+05:30,153.10477666203596,161.53716254984445,150.1420464852384,158.57443237304688,101043319
2024-02-06 00:00:00+05:30,160.94463349946682,169.55933907361535,156.20426766221541,168.19192504882812,97077698
2024-02-07 00:00:00+05:30,171.56487506133496,175.62153384363268,168.69331120343045,169.9695587158203,82890137
2024-02-08 00:00:00+05:30,171.2913889624505,179.40472041271744,170.24304378828478,175.3936309814453,83103687
2024-02-09 00:00:00+05:30,176.30521780792878,176.7154530854921,162.0385390608278,166.36868286132812,84137345
2024-02-12 00:00:00+05:30,166.36870255225438,168.05518537502505,157.84514976158286,159.89627075195312,54071070
2024-02-13 00:00:00+05:30,159.4860475794287,161.76507087696285,157.11587169602578,159.03024291992188,37121416
2024-02-14 00:00:00+05:30,157.708415893315,168.05518747114684,155.7940307144032,167.32589721679688,52764452
2024-02-15 00:00:00+05:30,168.6477201031023,174.43644470850066,167.2803061563204,173.06903076171875,70678699
2024-02-16 00:00:00+05:30,173.20575979304186,176.94336333154467,169.6960585700562,170.47093200683594,54056644
2024-02-19 00:00:00+05:30,171.92951488022047,174.02620508530194,169.92396334658034,171.83834838867188,30664067
2024-02-20 00:00:00+05:30,170.92674204845304,172.93227970647743,167.553790454041,172.06625366210938,34936800
2024-02-21 00:00:00+05:30,172.84113709821315,173.84389903006857,165.09245767816765,166.18638610839844,22131487
2024-02-22 00:00:00+05:30,165.45709219102375,165.45709219102375,159.8962697544662,163.81619262695312,39618423
2024-02-23 00:00:00+05:30,163.81617521295078,164.72778443941132,159.57719787393034,160.30648803710938,31342100
2024-02-26 00:00:00+05:30,160.35205809478714,162.9957332094974,157.29817551837996,161.81063842773438,36264939
2024-02-27 00:00:00+05:30,161.81064930485095,162.5855227669521,156.8879646928376,157.93630981445312,27603342
2024-02-28 00:00:00+05:30,157.2525908950784,158.118616874519,151.9652546221029,152.60337829589844,35971734
2024-02-29 00:00:00+05:30,152.60340010915058,153.56059271169218,149.8230027108911,150.91693115234375,52797150
2024-03-01 00:00:00+05:30,153.10478968944273,156.61449129999698,152.60340175792712,154.42662048339844,33401242
2024-03-04 00:00:00+05:30,156.97912547575143,160.8534651685243,155.42939238065318,159.75953674316406,28643745
2024-03-05 00:00:00+05:30,160.85344522695397,161.6283186334666,159.12139326070007,160.30648803710938,21719198
2024-03-06 00:00:00+05:30,160.62556060584456,162.4487792595092,156.88797071186468,161.67391967773438,37730619
2024-03-07 00:00:00+05:30,161.67390230816625,162.5855115370591,158.62000582735408,159.16697692871094,17880714
2024-03-11 00:00:00+05:30,158.57444531831575,161.81066132686402,156.88797634911097,158.84793090820312,22843402
2024-03-12 00:00:00+05:30,159.53161825950252,160.35206101795868,156.29540264994196,157.6172332763672,20208400
2024-03-13 00:00:00+05:30,157.7084168355393,158.52885968280057,147.4528116944999,148.91139221191406,26725350
2024-03-14 00:00:00+05:30,146.99699820172916,156.2498269431188,146.40445772648792,155.2926483154297,25912125
2024-03-15 00:00:00+05:30,151.3271507121021,153.78849315251693,140.02320043979827,146.76910400390625,108719847
2024-03-18 00:00:00+05:30,148.1821084170495,148.82023220498323,145.99423754549127,146.5867919921875,22670787
2024-03-19 00:00:00+05:30,144.8547121292151,144.8547121292151,140.61573445048307,141.52734375,50547948
2024-03-20 00:00:00+05:30,142.2110555205865,144.53566209476082,141.29944619032634,144.26217651367188,23956154
2024-03-21 00:00:00+05:30,146.76909945873504,150.18763438401615,145.67517106465593,149.95973205566406,26756447
2024-03-22 00:00:00+05:30,151.05366452925455,152.37549528738444,149.09371001651584,150.55227661132812,25141774
2024-03-26 00:00:00+05:30,149.82299112817708,153.8340664067615,149.09370092023798,152.6489715576172,21189137
2024-03-27 00:00:00+05:30,154.0619692303116,156.29540919749766,150.73460090267253,151.50946044921875,31466480
2024-03-28 00:00:00+05:30,152.01084556522738,154.51777105430912,151.96526231977884,152.92245483398438,17007401
2024-04-01 00:00:00+05:30,154.9280102540886,156.11310522172442,153.83408178783063,154.28988647460938,14548989
2024-04-02 00:00:00+05:30,154.4265953759799,159.0758079340624,154.33544280055935,158.8023223876953,29081495
2024-04-03 00:00:00+05:30,158.80233173369578,159.71394100186862,157.84513922010362,158.34652709960938,18996701
2024-04-04 00:00:00+05:30,158.62003212395697,159.48605825296752,154.10756847485544,154.65452575683594,17913673
2024-04-05 00:00:00+05:30,153.8796503185156,153.92523356484404,150.05089409784082,153.15036010742188,26551221
2024-04-08 00:00:00+05:30,154.06197541193578,156.66006754355524,153.83407308144476,155.2470703125,14541348
2024-04-09 00:00:00+05:30,155.4293750220209,155.74844381922514,153.15035192785638,153.97079467773438,10074537
2024-04-10 00:00:00+05:30,154.06197722335895,158.80234297129755,153.9708107260689,157.75399780273438,26458888
2024-04-12 00:00:00+05:30,157.6628299362777,158.11863459866072,154.7456828790372,155.11032104492188,23635268
2024-04-15 00:00:00+05:30,152.05643979961445,154.92800363970207,148.2732527148344,151.69178771972656,30165832
2024-04-16 00:00:00+05:30,151.69179131097803,155.70288082437875,150.87134845440204,154.06198120117188,19347109
2024-04-18 00:00:00+05:30,157.07029485870868,159.62280383813552,153.1959550947739,154.06198120117188,29756025
2024-04-19 00:00:00+05:30,149.0481290975092,152.69456650662258,147.8630341575364,151.91969299316406,28613815
2024-04-22 00:00:00+05:30,154.9280107396515,156.9791318365844,153.60617992586137,155.79403686523438,19022799
2024-04-23 00:00:00+05:30,158.34653518859025,158.34653518859025,153.10478162882654,153.2415313720703,19730937
2024-04-24 00:00:00+05:30,154.4266164339527,155.5205587685936,152.74014750314808,153.83407592773438,17496649
2024-04-25 00:00:00+05:30,154.47219207739096,155.88518926502033,153.8340683536385,155.15589904785156,14757776
2024-04-26 00:00:00+05:30,155.61170793590293,157.34377398764164,154.8368483609617,156.38658142089844,17306072
2024-04-29 00:00:00+05:30,157.70841805162658,162.26646481612448,156.97912778729597,161.126953125,40527426
2024-04-30 00:00:00+05:30,163.63388138756744,163.90736697969695,153.01363782532115,153.9252471923828,67530236
2024-05-02 00:00:00+05:30,156.79679639336422,159.1669860889133,153.37826158827633,158.0730438232422,60555113
2024-05-03 00:00:00+05:30,159.34930803571686,159.4404606194635,154.42660948161804,155.65728759765625,30968452
2024-05-06 00:00:00+05:30,156.6600716104857,156.79680744830827,150.50670852748522,151.5550537109375,28686100
2024-05-07 00:00:00+05:30,152.69456839561462,153.33269216809276,145.40169348716736,145.8574981689453,40995072
2024-05-08 00:00:00+05:30,147.22489992235458,149.77740870921113,145.53841717655996,148.7290496826172,28458714
2024-05-09 00:00:00+05:30,148.5923202498154,148.5923202498154,142.2566382113587,142.75802612304688,27225782
2024-05-10 00:00:00+05:30,144.49007765903002,145.99422747757865,141.8008329388697,144.90029907226562,24021566
2024-05-13 00:00:00+05:30,145.72074688847854,146.49560641936722,141.0715340629324,144.21658325195312,28720880
2024-05-14 00:00:00+05:30,144.21659452826734,146.49561787387856,143.168249353308,145.26495361328125,17592865
2024-05-15 00:00:00+05:30,146.40446937273072,148.22768810011192,145.62959584957173,147.49839782714844,17906679
2024-05-16 00:00:00+05:30,148.63790074498834,149.86856496718656,146.90583471033483,148.45558166503906,23017120
2024-05-17 00:00:00+05:30,148.45557119908963,150.0508873787726,148.27323822194046,149.54949951171875,13305287
2024-05-21 00:00:00+05:30,150.41553094279573,153.5149969254743,149.09370027106675,152.1475830078125,26148240
2024-05-22 00:00:00+05:30,153.33268794257364,153.33268794257364,149.7318338377706,152.19317626953125,20053145
2024-05-23 00:00:00+05:30,152.6945606935949,154.38104349512795,151.96527045752507,153.1047821044922,17423296
2024-05-24 00:00:00+05:30,153.05919720765417,155.38380372443433,152.51223996903502,153.87965393066406,17579600
2024-05-27 00:00:00+05:30,154.15312765330998,155.383791778127,152.056423624668,153.97079467773438,14367479
2024-05-28 00:00:00+05:30,154.15313407243534,154.79125778336305,151.1448206808577,152.28433227539062,12934677
2024-05-29 00:00:00+05:30,151.3271466749107,152.14758949647586,149.95973269893258,150.46112060546875,12374782
2024-05-30 00:00:00+05:30,150.1420575549826,150.6434454808026,147.08817457054235,147.6351318359375,13980050
2024-05-31 00:00:00+05:30,148.95694309522543,149.27601189076887,146.81466974389352,148.0453338623047,34520338
2024-06-03 00:00:00+05:30,155.70287285311957,160.80787664056606,153.15036400436927,159.80511474609375,62214295
2024-06-04 00:00:00+05:30,161.35485336155568,161.35485336155568,135.829791812835,140.84364318847656,88989411
2024-06-05 00:00:00+05:30,144.49007536739904,145.76632283501374,134.73585855047506,145.1737823486328,36919071
2024-06-06 00:00:00+05:30,149.50392037076244,153.24152394405294,147.81743765621718,149.1392822265625,35722401
2024-06-07 00:00:00+05:30,149.2304441155901,150.0053176079134,147.133739880528,149.68624877929688,33444357
2024-06-10 00:00:00+05:30,151.0536590270455,151.69178275841028,149.59509248536227,150.6069793701172,19825323
2024-06-11 00:00:00+05:30,151.23597911749295,154.0619735453645,149.77741256605455,152.858642578125,28559865
2024-06-12 00:00:00+05:30,154.06198327389419,156.10399326691947,153.61528967571692,153.91612243652344,28047986
2024-06-13 00:00:00+05:30,154.97358048327237,155.15589956065367,153.19594513621033,154.01638793945312,17279580
2024-06-14 00:00:00+05:30,154.24428770714022,156.8879629705397,154.20782945628983,155.3017578125,22000973
2024-06-18 00:00:00+05:30,156.7056383255794,156.7056383255794,154.06197683154508,154.59982299804688,17723479
2024-06-19 00:00:00+05:30,154.9735791894092,155.2470647582248,151.37272527848958,152.01084899902344,18053095
2024-06-20 00:00:00+05:30,152.5578196000484,154.71832915699002,151.41830799236968,154.0346221923828,15794096
2024-06-21 00:00:00+05:30,154.23517651391637,154.5177731654836,151.5641540867364,151.892333984375,19269862
2024-06-24 00:00:00+05:30,151.89233946114527,152.8677681040392,150.15117624288965,151.6006317138672,13445384
2024-06-25 00:00:00+05:30,152.22051788393435,152.36637871117594,149.54950929658656,149.84121704101562,14775324
2024-06-26 00:00:00+05:30,150.55226774654858,150.63432315378103,149.50392263356642,149.75006103515625,10441389
2024-06-27 00:00:00+05:30,149.95972684361251,150.30614282188486,147.84478663318686,149.1210479736328,24654739
2024-06-28 00:00:00+05:30,149.41274370063118,151.91055793939807,149.32159112581795,150.98983764648438,15335579
2024-07-01 00:00:00+05:30,151.3271487579914,153.10478416922197,150.98073276142435,152.84042358398438,19014104
2024-07-02 00:00:00+05:30,153.15035781995698,154.70921579676227,152.24785963232722,153.42384338378906,31012683
2024-07-03 00:00:00+05:30,154.42660020928238,154.79125225253577,152.922450522265,154.3445587158203,20184032
2024-07-04 00:00:00+05:30,155.06474987909823,156.15867827391332,154.22605706935065,155.12855529785156,26156046
2024-07-05 00:00:00+05:30,155.79402590464747,156.74210737904912,154.70922250747967,156.14044189453125,26431264
2024-07-08 00:00:00+05:30,156.98825807534723,157.53521535949207,154.7456928711931,155.03741455078125,30322381
2024-07-09 00:00:00+05:30,156.14954045879287,157.43491282445004,155.42937528026368,156.49595642089844,28600182
2024-07-10 00:00:00+05:30,157.07027949425728,157.2434874806048,152.42106666829474,156.70562744140625,34673112
2024-07-11 00:00:00+05:30,157.61724726791635,160.26092266549688,157.0247067686602,159.02113342285156,55143055
2024-07-12 00:00:00+05:30,160.01834105704614,160.74012309889721,157.75800263554387,158.6412353515625,35355791
2024-07-15 00:00:00+05:30,159.07811443624436,161.75633203524805,158.0334165448078,161.16749572753906,32915517
2024-07-16 00:00:00+05:30,160.97755428090167,163.63677341512604,160.74012425983838,162.15521240234375,33837471
2024-07-18 00:00:00+05:30,161.4524062258306,163.02894496460266,160.17978485473506,161.08201599121094,22673600
2024-07-19 00:00:00+05:30,162.30714858267996,162.30714858267996,156.84625836804543,157.16917419433594,26361146
2024-07-22 00:00:00+05:30,157.16918753495435,160.50269993195735,155.64013756540686,159.73342895507812,17140562
2024-07-23 00:00:00+05:30,160.8351004255967,160.8351004255967,152.58203065890336,157.4825897216797,21714840
2024-07-24 00:00:00+05:30,157.48258275066596,160.74011550629865,157.23564626759753,160.30323791503906,16076455
2024-07-25 00:00:00+05:30,158.49877470950324,168.63228565752576,158.16636690345757,167.95799255371094,75894556
2024-07-26 00:00:00+05:30,169.37307298510402,169.92391236202425,166.7233603789379,167.67308044433594,27261949
2024-07-29 00:00:00+05:30,169.05017687727135,172.56413832977532,169.05017687727135,171.32000732421875,42913186
2024-07-30 00:00:00+05:30,170.94961046508573,176.619440371504,169.34458124817772,173.75128173828125,75819147
2024-07-31 00:00:00+05:30,174.27361859746304,175.55574638377544,171.0255779625922,172.53562927246094,32726809
2024-08-01 00:00:00+05:30,172.84906023838622,173.31442830984255,168.9267115418253,170.6931915283203,26184112
2024-08-02 00:00:00+05:30,169.05017739666235,170.27530994644468,165.85911728861277,168.37586975097656,27097002
2024-08-05 00:00:00+05:30,163.3518498475731,166.0870482497677,158.593757577702,162.0127410888672,37579908
2024-08-06 00:00:00+05:30,163.35183994908436,165.63116215174307,157.91944039145145,158.61273193359375,18084781
2024-08-07 00:00:00+05:30,162.63006940807603,163.8267114749247,160.56917860271417,163.560791015625,15591095
2024-08-08 00:00:00+05:30,163.3423693540894,163.4658231159435,160.6926420926771,161.6708526611328,14932165
2024-08-09 00:00:00+05:30,163.4468320063387,164.30157428401725,160.3127528355533,160.58816528320312,14137851
2024-08-12 00:00:00+05:30,159.55296908643007,162.40212924868777,159.35352149877772,160.65464782714844,11563339
2024-08-13 00:00:00+05:30,159.8473867650465,160.20828503821292,154.81386736656086,155.86805725097656,16620160
2024-08-14 00:00:00+05:30,156.7132903253767,157.3116185563525,154.8993361581627,155.5071563720703,14369897
2024-08-16 00:00:00+05:30,156.94123351205081,159.0306146604918,156.5613513001806,158.7646942138672,10622879
2024-08-19 00:00:00+05:30,161.45241725933383,162.2216882229169,160.80661454625428,161.5283966064453,11457875
2024-08-20 00:00:00+05:30,163.34235844248374,164.68145271435438,162.4306208079971,163.57028198242188,15526789
2024-08-21 00:00:00+05:30,164.30156979761855,166.058557699022,163.45631952687776,165.14682006835938,15640289
2024-08-22 00:00:00+05:30,166.08703993059808,166.66636971616757,164.6814438823322,165.0518341064453,11809546
2024-08-23 00:00:00+05:30,164.87140314313714,166.66637342168195,163.98815597887477,164.42503356933594,13815705
2024-08-26 00:00:00+05:30,165.25129155624953,165.60268334351815,163.7317336533539,164.7384490966797,8952470
2024-08-27 00:00:00+05:30,164.11163033338056,165.84961979347045,163.11442136558102,164.53900146484375,11132430
2024-08-28 00:00:00+05:30,164.53901018101533,167.6256005595914,164.52001172104355,165.0138702392578,14449023
2024-08-29 00:00:00+05:30,165.14681514292997,168.38536391744114,164.45352357990637,167.948486328125,21375638
2024-08-30 00:00:00+05:30,169.0501709532738,169.79095144194505,167.26469260028256,168.07196044921875,22288432
2024-09-02 00:00:00+05:30,170.23731244422447,172.0892635724989,168.10993439671236,169.7434539794922,26940504
2024-09-03 00:00:00+05:30,169.62001016989905,169.9144210727231,166.7708499620614,167.27420043945312,11874065
2024-09-04 00:00:00+05:30,168.10046158203554,170.66470301293722,167.25521125317886,168.1289520263672,23923887
2024-09-05 00:00:00+05:30,169.6674797713006,174.74848779456724,168.96469621456268,172.22222900390625,46162315
2024-09-06 00:00:00+05:30,171.98479614200292,172.1747372490107,165.9160857515866,167.758544921875,31875186
2024-09-09 00:00:00+05:30,166.67586920883517,168.29989687485656,164.9188813151308,166.52391052246094,15121584
2024-09-10 00:00:00+05:30,167.25519906517076,167.85352733569283,165.77363810157127,166.72335815429688,14875095
2024-09-11 00:00:00+05:30,168.09096062892536,168.94570289642627,160.58816337104005,161.2054901123047,29731172
2024-09-12 00:00:00+05:30,162.8674983588353,164.96637157682773,161.51889761219022,164.54849243164062,18368650
2024-09-13 00:00:00+05:30,164.53900603338448,167.15073628788267,163.77922706103294,164.48202514648438,15061240
2024-09-16 00:00:00+05:30,165.0613498704825,165.3557607714006,162.96246215466863,163.180908203125,8492383
2024-09-17 00:00:00+05:30,162.70605302513476,163.30436682848207,161.4999044513367,161.936767578125,6417946
2024-09-18 00:00:00+05:30,162.02225357346342,162.45911670071953,159.1730932960279,159.9803466796875,10726650
2024-09-19 00:00:00+05:30,160.39821876284984,161.39542771427477,154.03509732227718,156.74179077148438,19197503
2024-09-20 00:00:00+05:30,157.08369475696904,159.31554273196167,156.703812523241,158.65074157714844,20652037
2024-09-23 00:00:00+05:30,159.12560108412623,161.64235348022783,158.6032521458094,161.19598388671875,9393577
2024-09-24 00:00:00+05:30,160.66414654008338,162.3546471478361,160.31275474265863,161.3479461669922,10027795
2024-09-25 00:00:00+05:30,161.07253929462308,162.3451607864985,160.0278413585587,161.28147888183594,8749024
2024-09-26 00:00:00+05:30,161.65184635953915,163.2568609745334,160.132288574346,162.7440185546875,11349547
2024-09-27 00:00:00+05:30,162.9719715832397,171.66190452173345,162.8769937785742,170.9591064453125,52095985
2024-09-30 00:00:00+05:30,170.67420685891793,173.28593715398895,167.31218956379692,171.09207153320312,33375167
2024-10-01 00:00:00+05:30,170.9496086707691,172.22223005733946,168.35687699690422,170.05686950683594,17390545
2024-10-03 00:00:00+05:30,164.5105160546135,167.3406778807491,162.145707800529,162.71554565429688,25392543
2024-10-04 00:00:00+05:30,160.97754062692317,161.91776864755266,157.2736384091293,160.17027282714844,25223563
2024-10-07 00:00:00+05:30,162.20268430769667,162.20268430769667,153.94962907595067,154.5574493408203,19798152
2024-10-08 00:00:00+05:30,153.90215098809185,156.703822491904,152.67700389696168,155.98204040527344,14948163
2024-10-09 00:00:00+05:30,159.35352862208126,160.73063435532654,156.19097345319364,156.45689392089844,20278252
2024-10-10 00:00:00+05:30,156.86526169394764,158.79319227022023,155.76358293848384,156.12448120117188,10145184
2024-10-11 00:00:00+05:30,156.12448122005662,156.45688904010723,154.42448867657794,154.9468231201172,8750905
2024-10-14 00:00:00+05:30,155.89655472368867,157.66303475853184,154.66193013860047,157.1501922607422,14345120
2024-10-15 00:00:00+05:30,159.55298333736164,161.12001576993617,158.12840312899235,159.4864959716797,22551022
2024-10-16 00:00:00+05:30,159.79039487814308,163.01943718008968,159.1825746392504,159.92335510253906,21433632
2024-10-17 00:00:00+05:30,159.55296391855515,160.122801729181,155.75408382525623,156.02000427246094,13215492
2024-10-18 00:00:00+05:30,155.08928019189085,157.6250308740519,153.60771929818574,157.0362091064453,11701011
2024-10-21 00:00:00+05:30,156.7987843215716,158.29932923142655,151.71777631350236,152.0691680908203,20627025
2024-10-22 00:00:00+05:30,151.95519608394093,152.6579940827968,147.0736359894074,147.50100708007812,15190259
2024-10-23 00:00:00+05:30,147.11164169561528,147.71946199648818,142.60047109788658,145.2501983642578,16503290
2024-10-24 00:00:00+05:30,145.25018927191533,146.5797915682262,144.85130858302207,145.5635986328125,8648491
2024-10-25 00:00:00+05:30,145.78204241465778,146.20941358205263,138.13679234085006,138.95355224609375,20505003
2024-10-28 00:00:00+05:30,141.128397470285,142.2015712135309,137.70939968156023,139.62783813476562,21349891
2024-10-29 00:00:00+05:30,133.92002711320083,137.8043933656518,133.49265596323224,136.8736572265625,35275184
2024-10-30 00:00:00+05:30,136.37980545744765,138.1272868776298,135.09767758879627,136.18984985351562,17388536
2024-10-31 00:00:00+05:30,136.18986196908438,137.1395821069206,134.48037731424253,135.44908142089844,18657930
2024-11-01 00:00:00+05:30,137.0445962893309,138.1842573693192,135.80995741451989,137.6999053955078,4076745
2024-11-04 00:00:00+05:30,137.31052214137412,137.31052214137412,129.5038224227202,131.94459533691406,46651179
2024-11-05 00:00:00+05:30,131.05187013030434,134.00549995759752,130.74795276944633,133.7205810546875,18594095
2024-11-06 00:00:00+05:30,134.4898595680247,137.842370252699,134.2619215344673,137.33901977539062,18107864
2024-11-07 00:00:00+05:30,137.38649659421603,138.41219591764835,135.92391970111598,136.90213012695312,14637973
2024-11-08 00:00:00+05:30,136.57923635647495,137.13007571754602,132.96080533007324,133.28370666503906,15316464
2024-11-11 00:00:00+05:30,131.82115031378768,133.62561267342,130.74796198354684,132.41946411132812,17669364
2024-11-12 00:00:00+05:30,132.58093095709938,134.82227095924608,131.536233056768,131.8116455078125,10561738
2024-11-13 00:00:00+05:30,131.2893054232798,132.29600636141765,128.6870672595142,129.15243530273438,12503679
2024-11-14 00:00:00+05:30,128.68707391080991,129.95969537039917,127.02506373115,127.9842758178711,17425507
2024-11-18 00:00:00+05:30,128.33567484270478,128.9909839950857,126.62617585640194,127.39544677734375,12693551
2024-11-19 00:00:00+05:30,128.07925311331914,129.80773615764227,125.98036531852104,126.4267349243164,12696762
2024-11-21 00:00:00+05:30,126.42673091707253,126.69265137700127,122.9887489054379,124.1379165649414,15787410
2024-11-22 00:00:00+05:30,124.87869337477386,126.40774322003944,124.15689686919647,125.94237518310547,12070416
2024-11-25 00:00:00+05:30,128.9434953045333,131.02338453362762,128.38314946118032,129.54180908203125,22201129
2024-11-26 00:00:00+05:30,130.39655548838215,130.82392657889076,129.29487683921306,130.0736541748047,9265539
2024-11-27 00:00:00+05:30,131.19431811430752,132.72336786942518,128.44962793803043,132.01107788085938,18242345
2024-11-28 00:00:00+05:30,132.20103534181584,134.00551223113268,130.34908404064697,130.82394409179688,17331637
2024-11-29 00:00:00+05:30,130.11165012851592,132.25801227863127,129.98818188159987,131.65969848632812,14012364
2024-12-02 00:00:00+05:30,131.2703055103815,131.67867817293777,129.99768413066653,130.7289581298828,16069119
2024-12-03 00:00:00+05:30,131.06138067163832,132.72339093377866,130.9854013206652,132.49545288085938,13089770
2024-12-04 00:00:00+05:30,132.4954425187338,134.00550845240903,132.1535427118837,132.82785034179688,12745610
2024-12-05 00:00:00+05:30,133.33120151502803,133.33120151502803,131.1183519885849,132.42897033691406,14056789
2024-12-06 00:00:00+05:30,133.5781201778014,136.3228105619926,133.24572685290426,134.822265625,20687458
2024-12-09 00:00:00+05:30,134.82226848718756,135.9524232057239,134.20494174228227,135.1736602783203,16119047
2024-12-10 00:00:00+05:30,134.955230188754,137.17757171483967,134.79376502133974,136.32281494140625,13694082
2024-12-11 00:00:00+05:30,136.27533639630335,137.17756755346457,135.75298746586958,135.99041748046875,9714837
2024-12-12 00:00:00+05:30,135.09768256864487,135.9904217703521,133.78706420940844,134.36639404296875,14929334
2024-12-13 00:00:00+05:30,137.46248514669978,137.80438494409609,133.79656517689733,136.9876251220703,36825429
2024-12-16 00:00:00+05:30,137.06360808550872,137.66192187807317,135.0501916736229,135.96192932128906,12428446
2024-12-17 00:00:00+05:30,135.80996751635382,135.9999086285506,132.96080735866806,133.2647247314453,11896291
2024-12-18 00:00:00+05:30,132.15353204122417,133.61610895471287,129.4753291801303,129.8362274169922,12013629
2024-12-19 00:00:00+05:30,127.26249227333889,133.2457317486847,126.82561465491197,132.59991455078125,18879012
2024-12-20 00:00:00+05:30,132.6568854271711,134.5278350257496,129.73176051839016,130.1876220703125,19545043
2024-12-23 00:00:00+05:30,131.13733588299417,132.77085539927054,130.36806502191988,130.8524169921875,12517478
2024-12-24 00:00:00+05:30,130.97589500362912,132.44796397304,130.50103498069512,131.3177947998047,7802858
2024-12-26 00:00:00+05:30,131.34628591945165,132.59990885084412,130.21611674038593,130.91891479492188,8620779
2024-12-27 00:00:00+05:30,131.10886742602693,131.81165105073174,129.25691606263297,129.3993682861328,6146307
2024-12-30 00:00:00+05:30,129.39936010515314,129.95019948715895,127.35746774232697,127.8418197631836,29229520
2024-12-31 00:00:00+05:30,127.75634499542475,130.33958468694522,127.47142608252892,129.5513153076172,8243910
2025-01-01 00:00:00+05:30,128.9719841125451,130.45354505379103,128.87700631207437,130.14962768554688,4144374
2025-01-02 00:00:00+05:30,129.55132266636974,131.26082174926947,128.82952611382387,131.0233917236328,10625223
2025-01-03 00:00:00+05:30,130.7954552287031,132.79936524843586,130.23512383955358,131.1943359375,14567050
2025-01-06 00:00:00+05:30,131.19433701460187,131.51723837795817,125.41054495219375,126.19881439208984,19711596
2025-01-07 00:00:00+05:30,126.77812826382747,129.427840692693,126.50270134800796,127.57588958740234,13658286
2025-01-08 00:00:00+05:30,127.40494316634918,128.687071073305,126.39824219837661,127.83232879638672,14259056
2025-01-09 00:00:00+05:30,127.87030535675622,128.02226404083876,125.36304503570521,125.55298614501953,9734279
2025-01-10 00:00:00+05:30,125.552991141293,126.31277010036273,123.22617985354935,123.72953033447266,12948066
2025-01-13 00:00:00+05:30,121.59265606521144,121.93455586068985,115.0680840007076,115.8563461303711,30291583
2025-01-14 00:00:00+05:30,116.8155725326608,120.80439406228957,116.54965206345746,120.26305389404297,17430438
2025-01-15 00:00:00+05:30,121.81108649382539,122.39041629494166,119.87366399837452,120.56695556640625,11472116
2025-01-16 00:00:00+05:30,121.51667985951062,121.82059723737127,120.18707756031574,120.70941925048828,11843193
2025-01-17 00:00:00+05:30,120.6144535407013,122.029541716533,119.94965236438327,121.63066101074219,24617689
2025-01-20 00:00:00+05:30,122.37143661678944,124.58427162369591,120.4339995618617,123.93846893310547,8234561
2025-01-21 00:00:00+05:30,125.0781330371448,126.93959079106655,124.08092404367166,124.48931121826172,20272605
2025-01-22 00:00:00+05:30,125.5529888682282,125.9328855866744,121.98204666430216,123.95746612548828,9202153
2025-01-23 00:00:00+05:30,123.84349509112377,124.11892203506923,122.36193405559769,123.30216217041016,7058477
2025-01-24 00:00:00+05:30,124.40383473598068,126.07533680929022,121.46919600967169,121.81108856201172,12630632
2025-01-27 00:00:00+05:30,121.53567395310276,121.53567395310276,116.34070420596724,117.9267349243164,18934026
2025-01-28 00:00:00+05:30,117.9267384332639,119.5222684282528,115.71388894843133,116.41668701171875,19861475
2025-01-29 00:00:00+05:30,116.99602210040649,118.13568332854666,116.7206024003516,117.42339324951172,12017314
2025-01-30 00:00:00+05:30,118.14517672447049,122.03902751509389,117.63232702339486,120.7284164428711,17776744
2025-01-31 00:00:00+05:30,120.72841432049773,122.37143318093705,119.80718472063774,122.02953338623047,9686000
2025-02-01 00:00:00+05:30,122.37143903638672,123.22618131826351,118.34462064955768,119.1138916015625,10535114
2025-02-03 00:00:00+05:30,117.8697552696499,117.95522659565235,114.06137586344727,114.87813568115234,26047332
2025-02-04 00:00:00+05:30,116.53065427846128,118.4111032792412,116.340713155299,118.20216369628906,14405748
2025-02-05 00:00:00+05:30,119.18037327547525,122.02003434458909,119.15188283181222,120.07311248779297,11469878
2025-02-06 00:00:00+05:30,121.6116613333042,121.77311201082354,119.01892228004547,119.68372344970703,9804040
2025-02-07 00:00:00+05:30,119.69321395325356,120.37701353264687,118.17366335781774,118.81947326660156,8892600
2025-02-10 00:00:00+05:30,118.71500910256506,120.2535582290184,116.68260872639227,116.98651885986328,12773729
2025-02-11 00:00:00+05:30,116.98651354320496,117.51835444116149,113.96640355905836,114.41277313232422,14532810
2025-02-12 00:00:00+05:30,114.62171625436714,115.10606826755244,111.38316737477446,114.36528778076172,14799271
2025-02-13 00:00:00+05:30,114.91612965040117,115.86584973015655,113.91892066834235,114.04238891601562,10136689
2025-02-14 00:00:00+05:30,114.44126543968217,115.14405624426678,110.1675252365405,111.35467529296875,12351973
2025-02-17 00:00:00+05:30,111.35467780766557,112.82674680919554,108.64797706704218,112.49433898925781,12518983
2025-02-18 00:00:00+05:30,112.49433656216955,113.25411549736471,110.46193624317975,113.01668548583984,8678689
2025-02-19 00:00:00+05:30,112.17143202194579,114.12785294240187,111.97199168745364,113.84294128417969,9158990
2025-02-20 00:00:00+05:30,113.81444849023292,116.76807845592023,112.99769590491806,116.61612701416016,9940851
2025-02-21 00:00:00+05:30,115.86584867250549,117.48986912456805,114.75467792832413,115.22953796386719,9657933
2025-02-24 00:00:00+05:30,114.20383681688615,115.2105377583243,113.39657621785807,114.17534637451172,8764985
2025-02-25 00:00:00+05:30,114.1753482485467,114.6407090551418,112.44685800683293,112.68428802490234,7607411
2025-02-27 00:00:00+05:30,112.31389490614336,113.01668571284772,110.25299689516831,110.56640625,10709253
2025-02-28 00:00:00+05:30,110.16752897627157,110.366969323027,107.24238939894668,107.78372955322266,24161878
2025-03-03 00:00:00+05:30,108.93288698533081,109.55020646783098,105.15300523881473,108.7999267578125,18881646
2025-03-04 00:00:00+05:30,107.41333813083381,112.4943390402344,106.28317617821627,112.1049575805664,14145658
2025-03-05 00:00:00+05:30,112.10495846940762,116.41668847736051,111.82953877829334,116.10327911376953,19577861
2025-03-06 00:00:00+05:30,118.33511317970955,120.50047366848783,117.7177937168378,119.51276397705078,19384187
2025-03-07 00:00:00+05:30,119.42729805265871,119.94964698619472,117.48036902306714,118.56304931640625,14763396
2025-03-10 00:00:00+05:30,117.76528445300144,119.13288362336614,115.0110948997009,115.47645568847656,12727300
2025-03-11 00:00:00+05:30,115.09657107394068,118.95243202079264,114.28930326359577,118.54405212402344,18090217
2025-03-12 00:00:00+05:30,118.71500542777618,121.37422444767392,117.93623528200152,118.99042510986328,14079943
2025-03-13 00:00:00+05:30,118.71500765732112,120.11109730669747,118.07869695526725,119.351318359375,10882226
2025-03-17 00:00:00+05:30,119.12338880999951,119.66472896070447,116.95802820717968,117.86975860595703,13126112
2025-03-18 00:00:00+05:30,117.86975860595703,117.86975860595703,117.86975860595703,117.86975860595703,0
2025-03-19 00:00:00+05:30,119.00941720834538,121.46919590692673,119.00941720834538,121.32673645019531,11273526
2025-03-20 00:00:00+05:30,121.9440553037089,124.41333336561208,121.01333366136392,122.71334075927734,13947925
2025-03-21 00:00:00+05:30,122.76081201531174,126.74014145916351,122.27645999269723,124.8976821899414,42928510
2025-03-24 00:00:00+05:30,126.3127631148021,127.57589248493942,124.7647148393234,126.9490737915039,13965745
2025-03-25 00:00:00+05:30,127.26248797335377,127.48091952939751,123.89097886380378,124.44181823730469,12380949
2025-03-26 00:00:00+05:30,124.31835631079065,126.59769326439195,122.4189160952456,122.599365234375,16379725
2025-03-27 00:00:00+05:30,122.56138047573832,124.36584284956102,122.05802998751687,123.80551147460938,13141045
2025-03-28 00:00:00+05:30,123.46361017700316,124.66975873406659,121.08930998129156,121.27925109863281,15396398
2025-04-01 00:00:00+05:30,121.56417509936408,124.88819551223732,120.85188501089124,124.64127349853516,12740476
2025-04-02 00:00:00+05:30,124.24237962042461,124.88818227623813,121.56416221565384,124.70773315429688,8531198
2025-04-03 00:00:00+05:30,123.55858327137017,126.50270670687462,123.34964370278612,124.47030639648438,9909642
2025-04-04 00:00:00+05:30,126.22729381120627,127.49991518498086,122.39992321488651,123.59656524658203,21497796
2025-04-07 00:00:00+05:30,116.29321491879008,123.09321381996574,116.19824436483057,121.6496353149414,24739154
2025-04-08 00:00:00+05:30,122.96974521381456,125.09712329429858,121.75410473684587,124.39432525634766,12634136
2025-04-09 00:00:00+05:30,125.36304210322277,125.83790211118952,122.3049424925907,125.00214385986328,14769184
2025-04-11 00:00:00+05:30,125.83790983181997,125.93288763587152,124.47031060631598,125.20159912109375,10020795
2025-04-15 00:00:00+05:30,126.692643352956,126.692643352956,125.36304113752227,126.18929290771484,10142685
2025-04-16 00:00:00+05:30,126.30327470749688,127.40493895225555,125.65745753766659,127.10103607177734,9200167
2025-04-17 00:00:00+05:30,126.78763009878446,128.02226909544035,126.21779225676535,127.54740905761719,10404917
2025-04-21 00:00:00+05:30,128.37365644585282,132.67588708039605,127.55689662938448,131.70716857910156,20249817
2025-04-22 00:00:00+05:30,132.15353526629247,132.41945571312954,130.3015841216852,131.35577392578125,12648948
2025-04-23 00:00:00+05:30,131.9635970841698,132.18202863643066,128.94349430321242,130.7289581298828,12689457
2025-04-24 00:00:00+05:30,130.72896461163793,132.32450189870005,130.40606325896798,131.4317626953125,8177419
2025-04-25 00:00:00+05:30,131.4412490753593,132.4859469266089,126.14182395088352,127.87979888916016,14663542
2025-04-28 00:00:00+05:30,127.08204662618354,130.44406395800402,126.93008792937809,129.62730407714844,10943944
2025-04-29 00:00:00+05:30,130.39656620947957,131.29879736175107,128.71555765758603,128.95298767089844,15222917
2025-04-30 00:00:00+05:30,129.63678592304217,132.86582827394471,129.589297022557,130.92840576171875,39902398
2025-05-02 00:00:00+05:30,132.7613605446606,136.84515969278024,131.1658378030202,135.7909698486328,45858781
2025-05-05 00:00:00+05:30,137.709407265468,142.2110855199417,137.47197725294134,141.0904083251953,47549493
2025-05-06 00:00:00+05:30,141.79320252802933,142.2680625401851,136.40829172917216,136.83566284179688,18018626
2025-05-07 00:00:00+05:30,132.96080374287553,137.84236410062942,132.96080374287553,137.2250518798828,19316740
2025-05-08 00:00:00+05:30,137.2725416314208,139.02952967389635,132.4859585379572,133.9010467529297,12047287
2025-05-09 00:00:00+05:30,131.0613611702583,133.76806899105756,130.69097094661413,132.95130920410156,15348575
2025-05-12 00:00:00+05:30,136.75968978620546,137.1870609184717,134.584837206872,135.19265747070312,13526883
2025-05-13 00:00:00+05:30,135.1926604112708,135.79097421282617,133.91053249500635,134.5658416748047,9484801
2025-05-14 00:00:00+05:30,134.85075082582514,136.67421152481745,134.81275390975048,136.25633239746094,9987794
2025-05-15 00:00:00+05:30,136.75969154094827,138.65913170123923,136.35131886244335,137.70941162109375,10181275
2025-05-16 00:00:00+05:30,137.70940188963525,139.46638971037532,137.1680545262499,137.4434814453125,14529013
2025-05-19 00:00:00+05:30,137.70940417640927,138.48818155598482,136.85466194711776,137.4149932861328,6802870
2025-05-20 00:00:00+05:30,137.70941080881798,138.47868175054575,134.28092076005254,134.78427124023438,11330045
2025-05-21 00:00:00+05:30,134.48036635482686,136.40829691819226,133.48315739305005,136.18035888671875,8705960
2025-05-22 00:00:00+05:30,135.42058700491935,136.9496369616599,134.73678736640315,136.08538818359375,7157328
2025-05-23 00:00:00+05:30,136.075885182924,138.11777745745317,135.80996473298285,136.81666564941406,9699995
2025-05-26 00:00:00+05:30,136.81667090191797,137.44348962580523,135.71499214325155,136.36080932617188,5996548
2025-05-27 00:00:00+05:30,136.3608067488856,136.8736492004597,135.33510735415945,136.19935607910156,4970656
2025-05-28 00:00:00+05:30,136.180359801832,137.18706075401,135.5345571123511,136.9496307373047,6390053
2025-05-29 00:00:00+05:30,136.99712618169343,137.5479655857462,135.44907776153786,136.4747772216797,7054326
2025-05-30 00:00:00+05:30,136.47476821985046,137.1395693562093,134.10997457111839,134.83175659179688,28315951
2025-06-02 00:00:00+05:30,134.83175914672418,136.2848296907206,134.34740712925145,136.17086791992188,7051525
2025-06-03 00:00:00+05:30,136.66470134960872,136.75967914564626,133.5306369624493,133.94850158691406,7002799
2025-06-04 00:00:00+05:30,133.91053155842386,134.29041379458235,132.1060691993034,133.5971221923828,11904779
2025-06-05 00:00:00+05:30,133.5876297029749,134.53734978135537,132.03958133790968,132.23902893066406,9478214
2025-06-06 00:00:00+05:30,132.2390214011694,133.98650276791165,132.2390214011694,133.7015838623047,5702365
2025-06-09 00:00:00+05:30,133.91053401500326,136.27534227947058,133.7490833370952,136.1138916015625,9972191
2025-06-10 00:00:00+05:30,135.9524183161399,136.18984832681537,134.86024606366388,135.0406951904297,7906157
2025-06-11 00:00:00+05:30,135.2401224129449,139.7987813183247,135.04068932791904,137.8518524169922,28652440
2025-06-12 00:00:00+05:30,137.40549079652192,137.49097661519258,134.3853879732916,135.80047607421875,30425949
2025-06-13 00:00:00+05:30,132.0110852920013,135.9904145701752,130.12113719927012,133.28370666503906,23705826
2025-06-16 00:00:00+05:30,132.96080088792488,135.05018200356253,131.9161030843174,134.71778869628906,15176810
2025-06-17 00:00:00+05:30,134.1954516691474,136.25634252628467,134.10047386347787,134.55633544921875,9983651
2025-06-18 00:00:00+05:30,133.92953463048053,134.94572761757215,132.48595599851768,133.73959350585938,9045315
2025-06-19 00:00:00+05:30,133.68258903909418,134.09097619626988,131.37477627323975,131.6976776123047,5943647
2025-06-20 00:00:00+05:30,131.33678061892473,132.16304692475498,130.11164811877225,131.67868041992188,33690253
2025-06-23 00:00:00+05:30,130.11166081430156,133.12227195692762,129.54182292651225,132.8848419189453,14001242
2025-06-24 00:00:00+05:30,137.13956567964513,137.99432239625818,135.01220210032912,135.6580047607422,25393037
2025-06-25 00:00:00+05:30,136.10437695394026,136.75968610183065,134.54683666411032,134.84124755859375,15297425
2025-06-26 00:00:00+05:30,134.95522594440823,139.5613595275523,134.86974012564846,138.925048828125,24194161
2025-06-27 00:00:00+05:30,138.9250555838416,140.84349425059767,138.6591351141818,139.8177947998047,19189378
2025-06-30 00:00:00+05:30,139.85578152173647,141.98315983591195,139.05802008826285,139.5708770751953,10645295
2025-07-01 00:00:00+05:30,139.1434777680925,140.7485069534759,138.8395748910775,139.74180603027344,9899904
2025-07-02 00:00:00+05:30,140.55857008303562,141.46080124944217,139.62784847391148,140.4730987548828,7881728
2025-07-03 00:00:00+05:30,140.54908063462176,141.27086268245125,140.08371257587604,140.4351043701172,8006482
2025-07-04 00:00:00+05:30,142.17309072918232,144.34795779174044,140.4256092888271,143.99655151367188,22612766
2025-07-07 00:00:00+05:30,144.37644335793075,147.11162719649332,144.17699577486735,146.0194549560547,24354631
2025-07-08 00:00:00+05:30,147.01665904327612,147.17810970444606,145.14570948210516,146.0859375,13876094
2025-07-09 00:00:00+05:30,145.74405782903312,146.0004718307291,142.54349113000671,142.69544982910156,12440150
2025-07-10 00:00:00+05:30,143.17029328768552,144.97475553249137,142.45800327132886,144.6708526611328,14545796
2025-07-11 00:00:00+05:30,147.2066210283847,147.2066210283847,142.7049423683546,143.07533264160156,12767735
2025-07-14 00:00:00+05:30,143.07532823969723,143.97757393408546,142.09711768938251,142.55299377441406,8021902
2025-07-15 00:00:00+05:30,142.9803595498478,144.26247295041446,142.97085307453025,143.78761291503906,4853043
2025-07-16 00:00:00+05:30,143.59767014628565,145.0032517771756,143.05633724780952,144.3954315185547,7218210
2025-07-17 00:00:00+05:30,144.70882988681595,144.8038076822156,143.0468199083608,143.36973571777344,6727858
2025-07-18 00:00:00+05:30,142.9423552422885,143.98705306273973,141.12840101452682,142.51498413085938,9017783
2025-07-21 00:00:00+05:30,142.00215879611864,143.59768166868284,141.5747876332232,143.47422790527344,5030900
2025-07-22 00:00:00+05:30,143.69265249504411,144.77533281782823,143.07532574168408,144.3384552001953,11381024
2025-07-23 00:00:00+05:30,144.3669340353265,144.9272798568909,143.14180159420417,144.68984985351562,7597121
2025-07-24 00:00:00+05:30,144.37644764785065,145.06973923434018,143.13231668730847,143.61666870117188,5879844
2025-07-25 00:00:00+05:30,143.40774003493448,144.11053815008742,139.20997878747093,139.5708770751953,11646131
2025-07-28 00:00:00+05:30,139.57086270914675,141.1663854118666,139.32392622545603,140.14068603515625,6023438
2025-07-29 00:00:00+05:30,139.13398771953203,140.7485089107946,139.13398771953203,140.5015869140625,4240012
2025-07-30 00:00:00+05:30,140.08371730286763,142.63846673707764,138.89656715623315,141.54627990722656,9331773
2025-07-31 00:00:00+05:30,139.18148023982,139.79879249349216,137.06360852488223,138.29823303222656,11960546
2025-08-01 00:00:00+05:30,138.02280952390385,138.9345326098421,133.5876188569511,133.9390106201172,8981850
2025-08-04 00:00:00+05:30,134.59432691763595,135.71498962294586,132.694886813793,135.2211456298828,8163596
2025-08-05 00:00:00+05:30,135.35411178682816,135.80997337407817,132.39097524075666,134.16696166992188,11034758
2025-08-06 00:00:00+05:30,135.32560826087465,136.07588068593296,134.58482781886565,135.11666870117188,7574568
2025-08-07 00:00:00+05:30,133.920025740053,135.8099739511669,132.9608136584851,134.54684448242188,8365458
2025-08-08 00:00:00+05:30,135.82759256754767,137.77782261415518,135.1678037465234,135.74996948242188,9551412
2025-08-11 00:00:00+05:30,137.38972101721953,138.69957170604786,135.20662173074945,137.2053680419922,11260944
2025-08-12 00:00:00+05:30,136.91428933257527,139.5728245408615,136.67172273782583,138.4084930419922,12858483
2025-08-13 00:00:00+05:30,138.4084976366697,139.13619744507508,137.48674750704097,138.19503784179688,4990372
2025-08-14 00:00:00+05:30,138.7480998654117,138.90334604785352,135.701463859172,135.96343994140625,11453732
2025-08-18 00:00:00+05:30,137.7778293738709,138.35999513833187,135.1095967627572,136.13807678222656,11766741
2025-08-19 00:00:00+05:30,136.2253919202008,137.90396339373348,134.67297461701838,137.7875213623047,8913748
2025-08-20 00:00:00+05:30,137.78752596017813,138.45701214414717,137.01132468523053,137.23448181152344,5531826
2025-08-21 00:00:00+05:30,137.43822946441557,138.65106246288408,137.0792356344978,137.23448181152344,8746473
2025-08-22 00:00:00+05:30,137.19565582805518,137.58377125071314,135.30363940850253,135.7887725830078,5874783
2025-08-25 00:00:00+05:30,135.7887802923418,136.19629040545166,135.0513831550607,135.79849243164062,8282860
2025-08-26 00:00:00+05:30,135.3521691779723,136.244812531424,134.43041901555628,134.82823181152344,10846493
2025-08-28 00:00:00+05:30,134.8670228923695,135.76936349304813,133.99378909783607,134.3721923828125,8420916
2025-08-29 00:00:00+05:30,134.37219319030473,135.3424595478791,132.40255366883596,132.5577850341797,10577763
2025-09-01 00:00:00+05:30,132.92649037786606,135.58502551525564,132.69362112328423,135.41036987304688,6229505
2025-09-02 00:00:00+05:30,135.41038379375175,136.47768281394542,134.96406951628248,135.46859741210938,3714758
2025-09-03 00:00:00+05:30,135.44919239694306,137.19566003463922,135.36185717098624,136.31272888183594,4902101
2025-09-04 00:00:00+05:30,136.98220935731865,137.48675205325523,135.206634794577,135.5268096923828,4768126
2025-09-05 00:00:00+05:30,135.30364560518018,136.51647859698906,134.3527886850273,135.49769592285156,4533550
2025-09-08 00:00:00+05:30,135.83729170235895,137.6710945481372,135.83729170235895,136.7105255126953,5069174
2025-09-09 00:00:00+05:30,136.94339418408094,137.87485640885777,136.32242430259302,136.7493438720703,3636766
2025-09-10 00:00:00+05:30,137.05983238687983,137.49646413023424,136.6232154486164,136.9434051513672,4302236
2025-09-11 00:00:00+05:30,136.85607922570702,141.06703186524499,136.68142357436494,139.6504364013672,15031791
2025-09-12 00:00:00+05:30,140.6692165392911,140.88267632868272,138.1853369591962,138.36968994140625,9001678
2025-09-15 00:00:00+05:30,138.49583094325456,139.90271425895966,138.07860869357935,139.7086639404297,8158591
2025-09-16 00:00:00+05:30,139.76687931588293,140.82446614951857,139.54372218701727,140.66921997070312,6389632
2025-09-17 00:00:00+05:30,140.7274288674978,142.862026741905,140.61100163983556,141.60067749023438,9549049
2025-09-18 00:00:00+05:30,141.7074046094857,142.89113075117552,141.18345248508413,142.77468872070312,8002633
2025-09-19 00:00:00+05:30,142.61946723608594,145.49144756515832,142.36718849015895,144.08456420898438,14995288
2025-09-22 00:00:00+05:30,144.08455323902518,144.66671897212777,142.88141763298827,143.8905029296875,9720233
2025-09-23 00:00:00+05:30,143.68674181224569,144.70552445206533,143.1628044916729,143.83229064941406,7296186
2025-09-24 00:00:00+05:30,143.62853621230846,144.4629659213207,142.15372711624468,142.406005859375,6288775
2025-09-25 00:00:00+05:30,141.67830990225283,143.7255726855735,141.40663648309956,141.8723602294922,8605676
2025-09-26 00:00:00+05:30,141.67830398337955,141.8723543025121,139.52431138930064,140.72743225097656,11925305
2025-09-29 00:00:00+05:30,140.72742662853355,145.4914380191173,140.72742662853355,144.87046813964844,16918652
2025-09-30 00:00:00+05:30,145.578763498342,146.75279235139286,144.56969296104154,145.33619689941406,13201863
2025-10-01 00:00:00+05:30,145.92805433927575,147.46107696171677,144.57938469369194,145.24887084960938,7658596
2025-10-03 00:00:00+05:30,145.53996216907964,146.35498240400477,144.2203992532097,145.91836547851562,5989839
2025-10-06 00:00:00+05:30,146.4908243800358,150.6726704079939,146.0445101041779,150.23605346679688,18473741
2025-10-07 00:00:00+05:30,150.15841732825928,151.11898635951002,149.22696990864324,149.78001403808594,11389659
2025-10-08 00:00:00+05:30,149.42102213314223,151.63322828940753,148.8194617167285,149.00381469726562,9953844
2025-10-09 00:00:00+05:30,149.44044177634146,152.52588196029066,148.77095556149825,150.6338653564453,13999206
2025-10-10 00:00:00+05:30,150.8861227774588,152.32212771143926,149.12994295944156,149.5277557373047,7992863
2025-10-13 00:00:00+05:30,149.13965362401797,151.07047426878142,147.59691880891637,150.6435546875,11375913
2025-10-14 00:00:00+05:30,151.10929139104172,152.11836191226928,148.06265554923866,148.2664031982422,5976061
2025-10-15 00:00:00+05:30,148.68362235677014,150.34276954174908,148.28580959589365,149.1202392578125,19147599
2025-10-16 00:00:00+05:30,149.32398719596915,149.90615293522924,147.57751958836838,149.100830078125,7119984
2025-10-17 00:00:00+05:30,149.17845403353522,150.00318636811426,147.50959469668783,148.36343383789062,7126668
2025-10-20 00:00:00+05:30,148.74184793450448,149.76063065561505,148.1693942891982,149.27549743652344,5564426
2025-10-21 00:00:00+05:30,149.32399298540568,150.39129194706615,149.12994266649207,149.5471649169922,1188949
2025-10-23 00:00:00+05:30,149.42102570128225,149.42102570128225,145.35560711371213,145.65638732910156,13612250
2025-10-24 00:00:00+05:30,145.53996246238322,146.79159962531986,144.7152300863935,145.89895629882812,8519673
2025-10-27 00:00:00+05:30,146.8013093670452,150.75028591871236,146.63636585555938,150.58534240722656,16809115
2025-10-28 00:00:00+05:30,151.7496583836263,152.7975478677187,148.8873754769864,149.92556762695312,22709449
2025-10-29 00:00:00+05:30,150.39128657539024,158.8617077964371,150.39128657539024,158.24073791503906,58449093
2025-10-30 00:00:00+05:30,158.24074428144584,162.1315220368988,157.32869149283505,158.64825439453125,33405636
2025-10-31 00:00:00+05:30,158.6482574454717,161.94717216569836,158.24074732454955,160.96719360351562,25385134
2025-11-03 00:00:00+05:30,162.0344922511131,163.68394220522606,160.96719326634496,162.74278259277344,19190570
2025-11-04 00:00:00+05:30,163.0047573162851,165.0908241813323,162.1606302749547,164.21759033203125,23469790
2025-11-05 00:00:00+05:30,164.21759033203125,164.21759033203125,164.21759033203125,164.21759033203125,0
2025-11-06 00:00:00+05:30,164.9647027668871,164.97440010136575,162.3740931723693,163.36375427246094,19729771
2025-11-07 00:00:00+05:30,162.23824780353328,164.5086675779652,161.16125153026326,164.13026428222656,12104934
2025-11-10 00:00:00+05:30,164.11085747349287,166.2939568624477,163.4898875728382,164.35342407226562,12402893
2025-11-11 00:00:00+05:30,163.87799271667166,168.33152684451255,162.3449847987384,167.312744140625,20113006
2025-11-12 00:00:00+05:30,167.5650110539535,169.31149360516827,166.41039162273123,167.17691040039062,16003745
2025-11-13 00:00:00+05:30,167.55530273160105,169.2629662224213,166.35216709630885,167.3224334716797,11618468
2025-11-14 00:00:00+05:30,167.2739273081758,169.03012199008253,165.3333944400759,166.1581268310547,11051895
2025-11-17 00:00:00+05:30,166.07080501690916,169.21445876169287,166.07080501690916,167.97251892089844,13233156
2025-11-18 00:00:00+05:30,168.34121895309002,168.82635214892025,164.75123626496435,166.48800659179688,17543851
2025-11-19 00:00:00+05:30,166.4103854440295,167.1089784385771,163.82948806399057,164.2952117919922,10315121
2025-11-20 00:00:00+05:30,165.04232659485578,165.62447757308104,163.14059786710183,163.68394470214844,9529662
2025-11-21 00:00:00+05:30,163.00475169706723,163.59661478055185,161.25826925358064,162.37408447265625,9261908
2025-11-24 00:00:00+05:30,162.03448961474066,162.82040303387794,160.1424730862453,160.76344299316406,16397744
2025-11-25 00:00:00+05:30,159.99691889077147,160.48205207698373,158.2407391254974,159.2401123046875,9625540
2025-11-26 00:00:00+05:30,159.24011953686667,161.06422513749865,158.7064848518691,160.66641235351562,5855993
2025-11-27 00:00:00+05:30,160.66640400185858,161.06421676516277,157.71680076329028,158.9393310546875,4631417
2025-11-28 00:00:00+05:30,158.63856381352937,158.8326141415797,156.698030922844,156.9405975341797,5937318
2025-12-01 00:00:00+05:30,157.21226058720026,159.55060611949722,157.21226058720026,158.1243133544922,10208196
2025-12-02 00:00:00+05:30,158.64825619363637,160.2103857140571,156.92118315926936,157.51304626464844,13247668
2025-12-03 00:00:00+05:30,157.37721055593886,159.66703990215,156.21289381152945,159.2304229736328,11250522
2025-12-04 00:00:00+05:30,159.12368310205304,159.80286659329997,157.19284771506778,157.92054748535156,6382061
2025-12-05 00:00:00+05:30,157.87205783303529,158.96844883490076,157.08612958600227,158.79380798339844,6124074
2025-12-08 00:00:00+05:30,158.79381043362702,159.5312076042776,156.2128981287134,157.2801971435547,8744916
2025-12-09 00:00:00+05:30,157.3772030601616,158.47360880151376,155.56280967658444,158.16311645507812,10272407
2025-12-10 00:00:00+05:30,158.3959848342222,161.53965320149945,157.6197687775388,158.22134399414062,12155035
2025-12-11 00:00:00+05:30,158.41540667652606,159.12369703620072,155.72776447750132,156.9405975341797,8829634
2025-12-12 00:00:00+05:30,157.5227533860443,159.99692082151162,157.24136784379525,158.80349731445312,13492656
2025-12-15 00:00:00+05:30,160.25890116853,163.97502329556704,157.61977534883317,163.5384063720703,33661881
2025-12-16 00:00:00+05:30,164.46984800786615,164.6639131270696,161.07391569306498,162.7524871826172,26675256
2025-12-17 00:00:00+05:30,163.62572739520607,164.36312453970004,162.27705767252294,163.16000366210938,17416464
2025-12-18 00:00:00+05:30,162.0,163.8000030517578,161.27999877929688,161.75,10014354
2025-12-19 00:00:00+05:30,161.1999969482422,162.89999389648438,160.41000366210938,162.60000610351562,14335462
2025-12-22 00:00:00+05:30,162.60000610351562,164.39999389648438,162.1199951171875,163.66000366210938,9224512
2025-12-23 00:00:00+05:30,163.64999389648438,165.5,162.66000366210938,163.27000427246094,8439146
2025-12-24 00:00:00+05:30,163.3000030517578,163.41000366210938,161.0,161.1699981689453,7879339
2025-12-25 00:00:00+05:30,161.1699981689453,161.1699981689453,161.1699981689453,161.1699981689453,0
2025-12-26 00:00:00+05:30,161.10000610351562,161.94000244140625,159.61000061035156,160.3000030517578,7762050
2025-12-29 00:00:00+05:30,159.55999755859375,162.8000030517578,159.52999877929688,161.97999572753906,8219066
2025-12-30 00:00:00+05:30,162.0,162.88999938964844,160.97999572753906,161.57000732421875,8132881
2025-12-31 00:00:00+05:30,161.57000732421875,167.3300018310547,161.42999267578125,166.4600067138672,24383706
2026-01-01 00:00:00+05:30,167.0,168.1999969482422,164.9199981689453,165.8800048828125,9679405
2026-01-02 00:00:00+05:30,166.6999969482422,167.35000610351562,164.91000366210938,166.7899932861328,9638213
