Date,Open,High,Low,Close,Volume
2021-01-04 00:00:00+05:30,167.62380784542486,169.190382704762,166.13556731461122,167.15383911132812,27927482
2021-01-05 00:00:00+05:30,166.40971267417487,167.03633762973044,164.96062074284433,165.6264190673828,18718244
2021-01-06 00:00:00+05:30,165.62640971204925,165.6655706664726,160.18255296567676,160.88751220703125,50957586
2021-01-07 00:00:00+05:30,161.43581090591945,162.61073880600887,158.30264915177003,158.8509521484375,36298522
2021-01-08 00:00:00+05:30,160.0650604156226,161.35748364472192,156.8535766142459,157.8326873779297,58600546
2021-01-11 00:00:00+05:30,159.79089464349096,161.43580355863008,157.63685612057972,158.615966796875,44625924
2021-01-12 00:00:00+05:30,159.00759192825325,162.0624190473431,157.91099846068468,161.70994567871094,36989137
2021-01-13 00:00:00+05:30,162.49323642323947,166.8404992529769,160.77000560188674,165.46974182128906,66387977
2021-01-14 00:00:00+05:30,166.05721724513396,169.58201344760576,165.74390478543577,167.7412872314453,50164605
2021-01-15 00:00:00+05:30,168.3287579216576,171.14860740864256,165.4305989351397,170.63946533203125,60567280
2021-01-18 00:00:00+05:30,171.07027096837035,173.89010800812812,168.09377769444237,172.12771606445312,70211602
2021-01-19 00:00:00+05:30,173.1068271996123,173.655117814182,170.36531206502767,171.42274475097656,33009228
2021-01-20 00:00:00+05:30,171.148586316605,171.54022065243686,168.95537445668654,170.4827880859375,46392916
2021-01-21 00:00:00+05:30,171.54024584877905,171.931892654483,166.21388404577877,167.38882446289062,30116008
2021-01-22 00:00:00+05:30,167.62378676060257,168.2112507074154,163.82483917055356,165.0389404296875,25663922
2021-01-25 00:00:00+05:30,166.0572129992869,166.4488597700692,162.02327484368743,162.76739501953125,25929487
2021-01-27 00:00:00+05:30,162.92408184357177,166.5663736349474,162.21912254241352,164.99978637695312,50338134
2021-01-28 00:00:00+05:30,163.90318572986155,165.27393090401284,161.16167055686418,161.8274688720703,22984352
2021-01-29 00:00:00+05:30,163.35486340102804,163.55068057067908,158.4984709877531,159.20343017578125,24679902
2021-02-01 00:00:00+05:30,159.79089997040728,170.71777399264815,158.0676690946313,169.1511993408203,59968324
2021-02-02 00:00:00+05:30,172.323538558395,175.06505377162827,169.97367014881613,170.9136199951172,50324035
2021-02-03 00:00:00+05:30,173.4984451766026,173.89009193199394,168.955377568632,169.77783203125,55709225
2021-02-04 00:00:00+05:30,169.2686676303998,181.25298476942046,169.19033332473902,180.11721801757812,109894300
2021-02-05 00:00:00+05:30,181.84047459705636,187.08851386809314,178.00236614293019,183.56370544433594,130323308
2021-02-08 00:00:00+05:30,186.0310532861808,186.46186096193858,181.33132980182,182.58457946777344,43093963
2021-02-09 00:00:00+05:30,183.75953167752107,187.36266194004332,178.746483036159,179.37310791015625,73377134
2021-02-10 00:00:00+05:30,179.37311741744563,181.01802641739232,174.75171528355727,178.2373504638672,49104142
2021-02-11 00:00:00+05:30,179.37311479989341,179.60810534284138,175.84831871740607,177.375732421875,45311749
2021-02-12 00:00:00+05:30,176.8274305724221,176.8274305724221,169.0337057752037,170.32614135742188,114826417
2021-02-15 00:00:00+05:30,171.109433431188,173.10682836223484,170.3653132092376,171.2269287109375,33000365
2021-02-16 00:00:00+05:30,171.57939607614034,173.73343459846362,170.16947769564766,170.9527587890625,30271502
2021-02-17 00:00:00+05:30,170.44363143177793,171.07026877276328,169.6211893160269,170.56112670898438,20615018
2021-02-18 00:00:00+05:30,170.9136150919446,172.79350231826888,170.67862453402384,171.42274475097656,24997592
2021-02-19 00:00:00+05:30,171.422733206588,171.46190657183485,167.6237856418929,169.1511993408203,29208388
2021-02-22 00:00:00+05:30,170.14848374611563,170.14848374611563,165.33295654181626,166.17567443847656,53531490
2021-02-23 00:00:00+05:30,166.93813318687302,168.98472643274246,166.1355411164908,167.33941650390625,27703323
2021-02-24 00:00:00+05:30,167.82095464311152,168.3827664744614,165.73422316693254,167.62030029296875,13667471
2021-02-25 00:00:00+05:30,168.14200519032863,169.5064091388874,167.58019329599946,167.86109924316406,26953713
2021-02-26 00:00:00+05:30,166.33618665495206,166.93813708085872,162.92518935349977,163.60739135742188,45101885
2021-03-01 00:00:00+05:30,164.89153295298829,166.73748460448974,163.76790910266928,166.05528259277344,16850430
2021-03-02 00:00:00+05:30,166.13552892619578,169.18535567718118,165.73423292045,168.46302795410156,26590262
2021-03-03 00:00:00+05:30,170.14845558226915,170.14845558226915,167.58017652751204,168.50315856933594,21648963
2021-03-04 00:00:00+05:30,167.5801929917211,169.58666040549426,166.61708507202587,168.30252075195312,25858155
2021-03-05 00:00:00+05:30,166.93812531668829,168.54329666362014,166.2960491470212,167.37954711914062,17990773
2021-03-08 00:00:00+05:30,168.30251680628874,169.1853604127464,166.69734545653318,166.93812561035156,23874105
2021-03-09 00:00:00+05:30,167.4999309192198,168.34264877035278,164.3297138896192,166.77760314941406,23463213
2021-03-10 00:00:00+05:30,167.8209538787845,167.90120544395117,165.17241058331823,165.73422241210938,20358192
2021-03-12 00:00:00+05:30,166.93813509946224,166.93813509946224,163.32648345952188,164.69088745117188,31973696
2021-03-15 00:00:00+05:30,165.21258501229528,165.33296238622333,161.80158751518664,164.89154052734375,42699297
2021-03-16 00:00:00+05:30,165.65398423046116,167.66045157592004,164.4902219781167,166.81773376464844,50641203
2021-03-17 00:00:00+05:30,170.30898090740672,171.6733847953392,167.37954420413558,169.02484130859375,81604999
2021-03-18 00:00:00+05:30,170.95106139364376,175.8468397636343,170.06820506360708,174.68309020996094,95536034
2021-03-19 00:00:00+05:30,175.7665960506055,181.50509291782095,172.9976748131437,178.9368133544922,139352860
2021-03-22 00:00:00+05:30,179.21767835266695,181.705705764741,177.77302301837182,181.38467407226562,47823778
2021-03-23 00:00:00+05:30,180.5821171037225,183.07013227959732,177.61254157769497,178.33486938476562,43165463
2021-03-24 00:00:00+05:30,177.37176853646656,178.81642410512484,172.75688315630805,173.31869506835938,28672557
2021-03-25 00:00:00+05:30,172.6766235711441,173.3186870304788,167.78084518016607,169.8274383544922,42248040
2021-03-26 00:00:00+05:30,171.95427882732764,172.11479467629871,168.82418797700146,169.26560974121094,27083832
2021-03-30 00:00:00+05:30,171.15172401430368,172.55625389536127,168.86435041319817,172.19508361816406,28862387
2021-03-31 00:00:00+05:30,171.79376744399303,176.00734356394133,170.7102695375785,175.3652801513672,37890481
2021-04-01 00:00:00+05:30,176.5691729183289,177.0507205255117,174.4021896087696,176.6092987060547,30182056
2021-04-05 00:00:00+05:30,174.64295003214528,176.56916581975278,168.9445923960198,170.5898895263672,32586507
2021-04-06 00:00:00+05:30,171.59313547112933,172.51611764479182,168.66369851237735,170.670166015625,26663018
2021-04-07 00:00:00+05:30,170.71028078013882,172.71674815380882,170.50963913003474,171.59312438964844,15790468
2021-04-08 00:00:00+05:30,172.43585788422982,173.43909166224157,170.83068638304272,171.15171813964844,14660557
2021-04-09 00:00:00+05:30,171.55299712635588,173.31868433017434,170.58988923420162,171.03131103515625,16994483
2021-04-12 00:00:00+05:30,168.54328519863543,169.34586445842808,164.5303507452029,164.7711181640625,35840817
2021-04-13 00:00:00+05:30,166.13553251880302,168.30251573490193,165.33294048995577,167.4999237060547,21027436
2021-04-15 00:00:00+05:30,167.74071171006543,168.9044613036575,165.33294822897662,165.89476013183594,18205903
2021-04-16 00:00:00+05:30,166.93811823896368,167.94135187803136,165.7342302411884,166.89797973632812,13824608
2021-04-19 00:00:00+05:30,164.53035428922053,165.4131978530873,163.52712065425254,165.01190185546875,16400507
2021-04-20 00:00:00+05:30,165.49345232622352,166.1355284773133,162.5238898716735,163.36660766601562,22187707
2021-04-22 00:00:00+05:30,162.12259450364348,165.5737172646021,160.95884498826504,165.252685546875,24030915
2021-04-23 00:00:00+05:30,163.9284508078488,166.13556017738696,163.9284508078488,164.81129455566406,20381213
2021-04-26 00:00:00+05:30,165.17241415303704,165.93488034753557,164.2895706081869,164.7711181640625,20652091
2021-04-27 00:00:00+05:30,164.7711456136805,166.09542386972674,164.57050394484605,164.85140991210938,11885588
2021-04-28 00:00:00+05:30,165.33296976869667,165.73426585418565,164.77115779264403,164.9316864013672,13197445
2021-04-29 00:00:00+05:30,166.21581464188006,166.57697219089906,163.76791250671306,163.96856689453125,13601150
2021-04-30 00:00:00+05:30,163.64752874647795,165.09218432246706,162.1226088748636,162.60415649414062,17130954
2021-05-03 00:00:00+05:30,161.4805183530283,162.0022044329622,160.51742319982912,161.27987670898438,21405441
2021-05-04 00:00:00+05:30,161.48052021916357,162.40350231600863,159.79509732250915,160.19638061523438,18962501
2021-05-05 00:00:00+05:30,161.6811932951677,162.1226151427772,160.1161475743127,161.6410675048828,14396547
2021-05-06 00:00:00+05:30,162.36337557609323,165.29281227381827,162.2028469981581,162.7245330810547,14872429
2021-05-07 00:00:00+05:30,162.88507845301322,165.69413830347932,162.88507845301322,164.81129455566406,20213092
2021-05-10 00:00:00+05:30,166.25592614167923,166.4966935809439,164.5303646891878,164.97178649902344,16922951
2021-05-11 00:00:00+05:30,163.64753162424662,165.7342507293004,163.52714153777077,163.727783203125,14277000
2021-05-12 00:00:00+05:30,163.64751004114797,164.73099524021563,162.80479226511943,163.12582397460938,17174525
2021-05-14 00:00:00+05:30,164.53037298078746,171.11158739129263,163.72778089437148,170.34912109375,64021335
2021-05-17 00:00:00+05:30,174.00089150623748,174.1614073733881,169.8675665930967,170.63002014160156,39465392
2021-05-18 00:00:00+05:30,171.83391649990676,172.23521254619303,168.26240330882806,168.58343505859375,31653409
2021-05-19 00:00:00+05:30,168.58343947976988,169.66693756134217,166.5769719138763,166.73748779296875,25345241
2021-05-20 00:00:00+05:30,167.2992934415462,167.98149544067002,165.97502795018212,166.1355438232422,21688686
2021-05-21 00:00:00+05:30,166.6171060914927,168.4229320789643,166.45659020431998,167.78086853027344,23509878
2021-05-24 00:00:00+05:30,168.14199061408527,170.18858364134647,166.7374610000211,169.74716186523438,29977506
2021-05-25 00:00:00+05:30,170.95104523264135,171.2720769305835,168.74392369343786,169.26560974121094,26310600
2021-05-26 00:00:00+05:30,169.98794918724275,170.509635271127,168.7840738775493,169.02484130859375,18253046
2021-05-27 00:00:00+05:30,169.34588799093433,171.87404162644836,168.78408879008938,169.46627807617188,49385674
2021-05-28 00:00:00+05:30,170.5497568619505,171.35233614262108,169.78730336577428,170.87078857421875,26583388
2021-05-31 00:00:00+05:30,172.5562381362359,174.88373731619018,172.0746778106193,173.8403778076172,75852502
2021-06-01 00:00:00+05:30,174.96398810138052,176.08761181685713,171.95428717127825,172.75686645507812,40247686
2021-06-02 00:00:00+05:30,168.9446262027375,170.5096720740336,167.4197061255834,167.74073791503906,100377464
2021-06-03 00:00:00+05:30,169.1452599303211,169.1452599303211,167.49994983002222,167.78086853027344,48454441
2021-06-04 00:00:00+05:30,168.1419919555026,168.30250781008243,166.9381166870755,167.54005432128906,31286264
2021-06-07 00:00:00+05:30,168.86434387158948,170.46951536569043,168.70382799399522,169.70706176757812,32643869
2021-06-08 00:00:00+05:30,170.30899816062805,171.95430814992207,169.50641877891246,171.47274780273438,22080199
2021-06-09 00:00:00+05:30,171.75363420568178,172.35557185295627,169.74716690266223,170.5497589111328,25846432
2021-06-10 00:00:00+05:30,172.34292554610215,174.57257682410275,171.35198396241645,172.83840942382812,31902690
2021-06-11 00:00:00+05:30,173.66422151464423,173.78807940842842,171.55844103205038,171.68231201171875,22249404
2021-06-14 00:00:00+05:30,171.72360067789867,172.1364995879943,169.45267630119935,171.1868438720703,18358717
2021-06-15 00:00:00+05:30,171.3932760815779,172.09520287632043,170.93909123459946,170.98037719726562,15426377
2021-06-16 00:00:00+05:30,170.98035048208433,172.87967458445013,170.98035048208433,171.6409912109375,20878518
2021-06-17 00:00:00+05:30,170.897819591497,171.76490339544088,169.28752296787053,169.82427978515625,22304032
2021-06-18 00:00:00+05:30,170.11329114272166,170.48490405929263,167.22302516377545,168.9158935546875,24475206
2021-06-21 00:00:00+05:30,167.71850253955068,170.11329780947116,167.14044670393073,168.8333282470703,19809308
2021-06-22 00:00:00+05:30,170.19588446761222,170.31975544585418,168.75074486459613,169.37008666992188,18737552
2021-06-23 00:00:00+05:30,169.82428130764322,169.9894513453954,168.131412736589,168.42044067382812,13059519
2021-06-24 00:00:00+05:30,168.83333145830727,168.99848840221372,167.2643208623697,167.84237670898438,23299321
2021-06-25 00:00:00+05:30,168.46171264702588,169.7829812380983,168.25526974581106,169.32879638671875,14411660
2021-06-28 00:00:00+05:30,170.0307332210112,170.0307332210112,167.9249526921257,168.13140869140625,15190488
2021-06-29 00:00:00+05:30,168.13139367605618,169.53523415072226,167.75978076206957,167.88365173339844,13839294
2021-06-30 00:00:00+05:30,168.70943678654714,168.7920087039625,167.2642973729556,167.38816833496094,16556397
2021-07-01 00:00:00+05:30,167.55335336170248,168.2965661725214,166.93401153366747,167.63592529296875,10583793
2021-07-02 00:00:00+05:30,167.8836546495307,168.21396852155635,167.01657092105077,167.14044189453125,13187847
2021-07-05 00:00:00+05:30,167.63592906576017,168.54431193132456,167.3882001805015,168.17269897460938,10642939
2021-07-06 00:00:00+05:30,167.8423489106924,168.29653370268346,167.01655124204578,167.22300720214844,11515716
2021-07-07 00:00:00+05:30,167.22302363790402,169.45266185933474,167.05786670511839,168.25526428222656,18568033
2021-07-08 00:00:00+05:30,168.04881850171213,168.87461630164606,166.64497794488534,166.8101348876953,21730892
2021-07-09 00:00:00+05:30,166.81013107232283,167.0991589871005,165.9017613647027,166.2733612060547,12289809
2021-07-12 00:00:00+05:30,166.81013784760273,167.2643227198603,165.94305406805165,166.06692504882812,13589278
2021-07-13 00:00:00+05:30,166.81013501676028,166.97529195969804,166.27336513779952,166.68626403808594,11247522
2021-07-14 00:00:00+05:30,166.68627291612776,169.4113953344564,166.56240193085583,168.5443115234375,21269167
2021-07-15 00:00:00+05:30,168.79202337512783,172.17777325873448,167.55333981917462,170.3197479248047,29963443
2021-07-16 00:00:00+05:30,171.51715506745566,173.12745163137603,171.10425616385584,171.68231201171875,30137464
2021-07-19 00:00:00+05:30,170.7739272157799,173.00356539553925,170.40231430954518,171.5584259033203,17099088
2021-07-20 00:00:00+05:30,171.9300527274022,172.83842245722062,170.4436271539022,170.77394104003906,24567907
2021-07-22 00:00:00+05:30,170.93910217285156,171.97134290674273,169.98944645546084,170.93910217285156,19016769
2021-07-23 00:00:00+05:30,170.93908482871254,176.38931587409175,170.52618595987352,175.3983612060547,46241640
2021-07-26 00:00:00+05:30,176.71964399133066,177.83446971854417,174.07710672063888,174.3661346435547,49084040
2021-07-27 00:00:00+05:30,175.06805921529457,175.89385700896335,171.7235951625852,172.30165100097656,25378089
2021-07-28 00:00:00+05:30,172.01262269916236,173.4164763280998,171.31069588469364,172.6732635498047,15304399
2021-07-29 00:00:00+05:30,172.6732374052892,173.5816069872374,169.82424461495492,170.15457153320312,16204679
2021-07-30 00:00:00+05:30,170.19585390814925,171.02165155756376,168.95717051990914,169.24618530273438,15515733
2021-08-02 00:00:00+05:30,170.4849170334962,171.35200081893169,169.65911921330496,171.1868438720703,10046707
2021-08-03 00:00:00+05:30,171.35198134054718,174.1596752897955,170.48489765367717,173.33387756347656,19179805
2021-08-04 00:00:00+05:30,174.1597005539113,174.32485750595666,171.8474770535067,172.2603759765625,11421835
2021-08-05 00:00:00+05:30,172.2603596247604,178.9905734826389,170.85650603680838,177.7518768310547,48995450
2021-08-06 00:00:00+05:30,177.8757573913376,178.37122822714434,175.56353398580436,176.9261016845703,24489836
2021-08-09 00:00:00+05:30,177.54544389544256,179.32089741838507,175.64611939180196,176.5544891357422,21142199
2021-08-10 00:00:00+05:30,176.7196228958347,177.0912357891735,172.21906073154346,173.29258728027344,18855165
2021-08-11 00:00:00+05:30,173.2926057362023,173.9119475385119,171.3106962657508,172.30165100097656,16012451
2021-08-12 00:00:00+05:30,173.62291501440507,176.88479396688084,172.05391756828567,172.5081024169922,28758718
2021-08-13 00:00:00+05:30,173.2925925660604,175.31578784666837,172.75582273238152,174.61386108398438,19576945
2021-08-16 00:00:00+05:30,174.57258210951738,176.10029357836532,173.8293693563098,174.15968322753906,11621038
2021-08-17 00:00:00+05:30,174.07708204670018,174.6551378105973,172.42549975808654,172.7558135986328,8161139
2021-08-18 00:00:00+05:30,173.08616257387186,174.65516005927662,172.0539218762597,172.5493927001953,11149120
2021-08-20 00:00:00+05:30,170.93909188498915,173.9945279374651,170.69134993628248,172.5081024169922,20168965
2021-08-23 00:00:00+05:30,173.00357540788914,173.58163123823093,170.11329625618026,170.3610382080078,10319044
2021-08-24 00:00:00+05:30,170.93910107884736,170.93910107884736,169.0397765703371,169.9068603515625,12971124
2021-08-25 00:00:00+05:30,170.44361877441406,171.68230232947218,170.1132918186329,170.44361877441406,10994627
2021-08-26 00:00:00+05:30,170.44360925529827,170.81520906670883,168.75072786632234,168.95718383789062,15407558
2021-08-27 00:00:00+05:30,169.2875032094444,170.81521463662804,169.20491820094762,170.0307159423828,10879860
2021-08-30 00:00:00+05:30,170.11328189443256,171.93003424464973,170.11328189443256,171.76487731933594,12550267
2021-08-31 00:00:00+05:30,171.80618226001639,174.73774745144618,171.14554139989215,174.49000549316406,26802390
2021-09-01 00:00:00+05:30,174.24225410927653,175.31579381316996,172.83841362201474,173.00357055664062,16867486
2021-09-02 00:00:00+05:30,172.59068016587642,174.65516157906515,172.59068016587642,173.21002197265625,14872714
2021-09-03 00:00:00+05:30,173.210014736548,174.44871138424327,173.210014736548,173.9119415283203,10622796
2021-09-06 00:00:00+05:30,174.24224987699108,174.40741989348848,172.63196653203104,172.83840942382812,11041632
2021-09-07 00:00:00+05:30,174.1596760214714,177.0086559432399,173.5403342670717,174.86160278320312,38933378
2021-09-08 00:00:00+05:30,175.2744999073173,175.89385478768938,173.16873257170377,174.44871520996094,17897021
2021-09-09 00:00:00+05:30,174.28354412763528,176.63705322441385,173.87064526952133,175.6048126220703,19784972
2021-09-13 00:00:00+05:30,176.18287811868046,177.66930362112666,174.90289551373047,176.843505859375,16661794
2021-09-14 00:00:00+05:30,177.46285689687943,179.40348042965957,176.8848010506699,178.4538116455078,20377545
2021-09-15 00:00:00+05:30,179.2795832484374,179.36215516532272,177.7931578856796,178.37120056152344,21028598
2021-09-16 00:00:00+05:30,179.1557184649155,192.94645913322665,178.61894864312308,190.55165100097656,154986538
2021-09-17 00:00:00+05:30,192.4097153649208,195.9606224554208,189.189122169843,190.8820037841797,82563658
2021-09-20 00:00:00+05:30,190.7581133191399,197.65348388272415,190.13875847112453,193.02903747558594,73101936
2021-09-21 00:00:00+05:30,194.01999464944532,200.21343852243155,191.33617158832797,199.42893981933594,58854434
2021-09-22 00:00:00+05:30,201.0805206298828,202.9798449727437,198.76829741494203,201.0805206298828,54648494
2021-09-23 00:00:00+05:30,202.31922699088034,202.81471092764218,199.59411768222887,200.25474548339844,22630330
2021-09-24 00:00:00+05:30,201.49342584719582,201.49342584719582,196.29092344974697,196.9102783203125,25779310
2021-09-27 00:00:00+05:30,198.0250994712255,199.71798104743945,194.47419246068986,197.11672973632812,23772123
2021-09-28 00:00:00+05:30,198.06636866347716,199.5115081583867,195.13480371262722,196.33221435546875,16319138
2021-09-29 00:00:00+05:30,194.88706378377486,199.3463398981444,194.63932185990467,196.62123107910156,16045073
2021-09-30 00:00:00+05:30,198.10769335099357,198.52057918650678,194.2677582451735,195.01097106933594,16987893
2021-10-01 00:00:00+05:30,194.22645555539796,195.71288117588475,192.3271310212461,194.35032653808594,16570661
2021-10-04 00:00:00+05:30,194.88708229167435,196.8276926505992,194.3915983968792,195.38255310058594,11098123
2021-10-05 00:00:00+05:30,195.21739114899836,196.08447485673025,193.6483806655954,193.81353759765625,9578825
2021-10-06 00:00:00+05:30,193.89611876220036,195.21738727837328,190.42778400004028,190.9645538330078,18179336
2021-10-07 00:00:00+05:30,192.40969416403252,194.019990584139,191.83163836779516,192.368408203125,10770973
2021-10-08 00:00:00+05:30,193.85483244144368,193.89611840209284,190.92326751769568,191.33616638183594,10114327
2021-10-11 00:00:00+05:30,191.58389465243567,197.77733833816725,191.33616580340677,196.57994079589844,22000303
2021-10-12 00:00:00+05:30,197.03414036312506,200.66763230822826,196.53866954210892,199.26377868652344,30347455
2021-10-13 00:00:00+05:30,200.29601963451157,207.19137706699547,198.31411030562523,205.78753662109375,52091422
2021-10-14 00:00:00+05:30,209.13202269804162,216.23383686316075,206.7372142468746,211.8571319580078,88696178
2021-10-18 00:00:00+05:30,215.53190696732716,219.08281399955175,212.51776982076788,216.8118896484375,62614961
2021-10-19 00:00:00+05:30,215.8622175556917,216.81188633227546,202.36051646396933,203.10372924804688,61336411
2021-10-20 00:00:00+05:30,203.10371565645755,205.2094828894464,200.13085163320585,203.64047241210938,49663940
2021-10-21 00:00:00+05:30,204.7965965913583,205.08562451056295,200.7502188083771,202.0714874267578,23385990
2021-10-22 00:00:00+05:30,202.07148099325195,202.979850685865,192.9877578953546,195.38255310058594,36905793
2021-10-25 00:00:00+05:30,193.31807658636632,195.42384393408074,190.3452254870321,192.74002075195312,23194065
2021-10-26 00:00:00+05:30,193.31806737209706,197.36445802012315,192.07938383504276,195.4651336669922,19663381
2021-10-27 00:00:00+05:30,198.39670383790258,199.26377448492713,195.0522398803831,196.9102783203125,26909428
2021-10-28 00:00:00+05:30,194.14388165661995,194.8458084941484,185.10144395676858,185.88595581054688,48064941
2021-10-29 00:00:00+05:30,185.80336587367466,188.48718908539595,183.57372752458846,184.3169403076172,27668175
2021-11-01 00:00:00+05:30,185.10143168596338,187.90912576406427,183.7388771523005,187.33106994628906,24090945
2021-11-02 00:00:00+05:30,188.28075293355516,189.3129936740087,185.39047362593146,186.29884338378906,14896284
2021-11-03 00:00:00+05:30,186.629135526721,187.33104915392636,183.07821600342055,183.69757080078125,18530527
2021-11-04 00:00:00+05:30,185.67950504999553,187.7027006033957,184.97757819266906,187.08335876464844,7295341
2021-11-08 00:00:00+05:30,189.68458112607286,190.51037889876287,186.38141620708012,189.7671661376953,21051238
2021-11-09 00:00:00+05:30,189.80845516230016,190.67553891184622,188.1568726761627,188.90008544921875,11964518
2021-11-10 00:00:00+05:30,187.82656779819592,192.28584465025486,187.62011179885639,190.63426208496094,13948380
2021-11-11 00:00:00+05:30,190.26264115252673,191.1710239569046,188.7349296337763,189.9323272705078,8448263
2021-11-12 00:00:00+05:30,190.92327741215155,193.1942016537875,189.23039590720907,192.32711791992188,12312123
2021-11-15 00:00:00+05:30,193.19418244713242,197.36444376482982,192.49225572008842,196.62123107910156,40247848
2021-11-16 00:00:00+05:30,197.4057737695092,197.9012446419188,194.06130939456014,194.43292236328125,15241184
2021-11-17 00:00:00+05:30,194.8870928382357,202.52567679949146,194.59806491259195,197.77735900878906,48496295
2021-11-18 00:00:00+05:30,198.19024424136683,200.66762442083996,195.1348082504872,196.12576293945312,21005037
2021-11-22 00:00:00+05:30,196.45608229915413,198.8095915725644,189.56072450327125,190.675537109375,23443628
2021-11-23 00:00:00+05:30,189.23040559165574,192.16197081736175,189.23040559165574,191.25360107421875,13950744
2021-11-24 00:00:00+05:30,191.95550910222374,192.16195199239252,187.41364774556382,188.03298950195312,14684422
2021-11-25 00:00:00+05:30,187.4549373522419,191.74905685550948,186.42269670955596,191.00584411621094,24825493
2021-11-26 00:00:00+05:30,189.02394490590217,189.9736005246435,184.2343415935271,184.97755432128906,28067913
2021-11-29 00:00:00+05:30,183.32596954115934,184.68852400994444,181.83954410505143,182.91307067871094,22985358
2021-11-30 00:00:00+05:30,183.32598075559042,185.96851793385017,181.67439829064898,182.62405395507812,24408641
2021-12-01 00:00:00+05:30,183.32598012885376,184.39950676451306,182.16986848158206,183.243408203125,13496307
2021-12-02 00:00:00+05:30,183.2434074649456,186.7530152696033,182.74792356903453,186.1749725341797,16517389
2021-12-03 00:00:00+05:30,185.80334951047428,186.79430416253655,182.7892126797169,183.0369415283203,14325920
2021-12-06 00:00:00+05:30,183.03693783959224,183.49112265307537,179.60990221571677,179.94021606445312,13644352
2021-12-07 00:00:00+05:30,180.76601169408545,183.28467766204,180.1053709183249,182.21115112304688,9246755
2021-12-08 00:00:00+05:30,182.5001908288768,186.3401255111721,182.5001908288768,185.76206970214844,10241656
2021-12-09 00:00:00+05:30,184.1517941987357,195.2587006334791,184.1517941987357,194.39161682128906,39714672
2021-12-10 00:00:00+05:30,195.05226580848068,197.32319034948065,193.0290701627537,194.9696807861328,36517117
2021-12-13 00:00:00+05:30,196.53866640271642,197.15800819056454,193.35935936579997,193.73097229003906,22903720
2021-12-14 00:00:00+05:30,194.06130471349044,195.79547235392093,187.9091460381832,188.77622985839844,38953007
2021-12-15 00:00:00+05:30,189.93232123120126,191.74906061042205,184.48209000765533,185.01885986328125,35987634
2021-12-16 00:00:00+05:30,186.6291639314271,186.75302182386815,182.33503108361464,184.06919860839844,25131188
2021-12-17 00:00:00+05:30,183.98664212853808,184.02792809615167,178.990595127197,179.98153686523438,30827201
2021-12-20 00:00:00+05:30,178.57766810164384,178.57766810164384,173.25130802550464,175.3983612060547,38778895
2021-12-21 00:00:00+05:30,176.7196406282395,177.91703826156504,174.28355939792445,175.48095703125,20142586
2021-12-22 00:00:00+05:30,176.7196520560906,176.8848090073104,174.32485663457635,175.0680694580078,17903428
2021-12-23 00:00:00+05:30,176.6370690176174,180.39441886487054,176.05901318175017,179.44476318359375,23065082
2021-12-24 00:00:00+05:30,180.0228271484375,182.04600957944623,178.74284444180725,180.0228271484375,17220191
2021-12-27 00:00:00+05:30,180.35312612742237,180.39441208960974,178.08220191886676,179.6511993408203,8467106
2021-12-28 00:00:00+05:30,180.02281456728522,182.16986783093532,180.02281456728522,181.71568298339844,12014352
2021-12-29 00:00:00+05:30,181.6744086210213,181.9221505849089,178.61897238131704,178.99058532714844,11923119
2021-12-30 00:00:00+05:30,178.8666844063642,179.94021092704878,177.95831480533244,178.37120056152344,10116360
2021-12-31 00:00:00+05:30,179.1144465063965,180.68344396279042,178.49509163057397,180.06410217285156,7875890
2022-01-03 00:00:00+05:30,180.06408395002174,181.55050932979935,179.23828625641977,180.93116760253906,8064567
2022-01-04 00:00:00+05:30,181.26150231763432,183.07824174969477,180.88990247284192,181.88084411621094,9398805
2022-01-05 00:00:00+05:30,181.38537304099978,182.9130845534713,180.55957525346258,182.1285858154297,11663111
2022-01-06 00:00:00+05:30,180.8486200038939,182.00473177970323,180.18799218108006,180.60089111328125,9295303
2022-01-07 00:00:00+05:30,181.5092458350473,182.21117265289342,179.60992137340224,180.35313415527344,9196075
2022-01-10 00:00:00+05:30,181.5918115261666,185.55561725530058,180.76602684460758,184.39950561523438,16451394
2022-01-11 00:00:00+05:30,184.44081016085138,185.18402293934722,182.66535668522894,183.28469848632812,8329596
2022-01-12 00:00:00+05:30,183.73886961036138,184.6885252229352,182.99565688742618,183.9453125,13665682
2022-01-13 00:00:00+05:30,184.89499333341422,186.46400388964653,183.94532457262912,184.936279296875,11944029
2022-01-14 00:00:00+05:30,184.93626946453776,185.6381962354717,183.57371496981872,183.8214569091797,10976796
2022-01-17 00:00:00+05:30,183.8214402155789,186.29880704067583,182.78919967649452,185.4730224609375,12792728
2022-01-18 00:00:00+05:30,185.47303858399627,187.70267677193377,181.92213186773841,182.29373168945312,14948456
2022-01-19 00:00:00+05:30,182.293738555668,183.65629309641528,180.60087014186993,181.9634246826172,11915686
2022-01-20 00:00:00+05:30,182.12859173486606,183.44986038633832,180.02282431985486,180.6421661376953,17997322
2022-01-21 00:00:00+05:30,180.43572251949428,182.08730505588713,178.37122799164794,179.23831176757812,17225050
2022-01-24 00:00:00+05:30,179.23831417724696,179.81637003563844,174.15969551953262,174.9029083251953,18023332
2022-01-25 00:00:00+05:30,175.0680674220073,177.2977058663716,173.0448718927957,176.96739196777344,19028606
2022-01-27 00:00:00+05:30,174.4487103065785,177.95833115787565,174.32483933398586,177.21511840820312,24041247
2022-01-28 00:00:00+05:30,177.62799317916267,181.05504189331248,177.62799317916267,179.69247436523438,15865353
2022-01-31 00:00:00+05:30,180.43572846962874,182.29375397713522,179.279616730264,181.83956909179688,15618203
2022-02-01 00:00:00+05:30,182.50020557021872,188.94137882751897,180.97248091473378,188.0742950439453,44871108
2022-02-02 00:00:00+05:30,189.93232547424861,192.65744768984197,189.10652769112727,191.70777893066406,42714702
2022-02-03 00:00:00+05:30,191.7077619177225,194.22642792107678,191.41873402786794,193.60708618164062,28918394
2022-02-04 00:00:00+05:30,195.9193248682934,196.95156554467005,191.21230633714515,193.4832305908203,58889867
2022-02-07 00:00:00+05:30,193.2354940986752,193.85483586287515,188.69363268473688,190.09747314453125,25101983
2022-02-08 00:00:00+05:30,190.1800551498024,191.83163752354784,189.14781453047613,190.9645538330078,16825239
2022-02-09 00:00:00+05:30,191.83165159213155,192.40970742821847,188.90008644794338,190.0561981201172,12351873
2022-02-10 00:00:00+05:30,188.8587794210462,192.73999981400524,188.0742676819186,191.79034423828125,20317032
2022-02-11 00:00:00+05:30,191.58390770220268,192.6574474360228,189.7671682847898,191.9555206298828,18793513
2022-02-14 00:00:00+05:30,191.111736802837,191.111736802837,184.76953465984377,185.5728759765625,23621214
2022-02-15 00:00:00+05:30,186.88360833739787,188.9976757896236,184.8118184821637,188.57485961914062,13371177
2022-02-16 00:00:00+05:30,189.2513590547316,190.012422818749,187.60238533266227,188.3634490966797,11664158
2022-02-17 00:00:00+05:30,188.61714774167055,189.7164591261206,186.7567725679566,188.27890014648438,14564261
2022-02-18 00:00:00+05:30,188.27890143324666,188.95539662824243,187.30642284020269,187.64468383789062,9004891
2022-02-21 00:00:00+05:30,186.29166913584174,187.13728808005507,183.6279393111439,184.3467254638672,16750193
2022-02-22 00:00:00+05:30,181.80982958157065,183.41652556761014,180.1185784069013,181.6829833984375,26741024
2022-02-23 00:00:00+05:30,183.33197587564987,183.92391585782633,181.8521259202087,182.61318969726562,11438476
2022-02-24 00:00:00+05:30,177.58171148876832,180.37227417692046,175.04482779032756,176.31326293945312,42933709
2022-02-25 00:00:00+05:30,178.85014612402676,183.07828114255003,178.04680475856802,180.92193603515625,24543858
2022-02-28 00:00:00+05:30,180.28772693787565,183.03601214907678,178.25821452946943,182.5286407470703,20806226
2022-03-02 00:00:00+05:30,181.30246043343658,183.1628489456577,179.65350011152918,182.06353759765625,20039140
2022-03-03 00:00:00+05:30,182.69774043433452,186.20708898545823,182.65544943960643,185.5305938720703,29631546
2022-03-04 00:00:00+05:30,184.09305406721504,192.29563246222358,183.5011140386896,190.68894958496094,69409780
2022-03-07 00:00:00+05:30,187.729225178936,191.9573600361073,186.12254250933188,190.2238311767578,47001716
2022-03-08 00:00:00+05:30,189.3359191679149,193.18351541356472,189.2090729795636,191.872802734375,37424203
2022-03-09 00:00:00+05:30,192.5492746887862,195.67809782404512,191.196271176257,193.86000061035156,43923809
2022-03-10 00:00:00+05:30,195.33988214056504,196.60831727776144,192.67615227222518,196.1855010986328,37523806
2022-03-11 00:00:00+05:30,196.10094201498103,200.49820071032096,194.62109211746537,199.86398315429688,43305144
2022-03-14 00:00:00+05:30,199.77940676771337,202.48541407471205,198.97606545476302,202.10488891601562,36465969
2022-03-15 00:00:00+05:30,202.10490962472147,204.13440861282902,199.4834572398529,201.13243103027344,34269168
2022-03-16 00:00:00+05:30,202.95050348925318,205.48738696039948,202.18943978792814,205.14913940429688,22462538
2022-03-17 00:00:00+05:30,207.39005565891384,207.51690184417842,205.23369730979334,207.09408569335938,35541798
2022-03-21 00:00:00+05:30,207.93970874325845,209.50412719248055,206.16390231469245,206.75582885742188,29052540
2022-03-22 00:00:00+05:30,206.79813000231573,212.04102115395426,205.95249764230678,211.1953887939453,38368305
2022-03-23 00:00:00+05:30,212.6329610300656,214.53562725903979,210.13836819227603,213.0980682373047,42051087
2022-03-24 00:00:00+05:30,213.05574364862863,216.90335310059643,212.63292750882508,215.50807189941406,39712133
2022-03-25 00:00:00+05:30,215.8886129689563,216.26915154290435,210.77256812040878,214.23963928222656,30412482
2022-03-28 00:00:00+05:30,214.78929286215492,218.171795291394,213.56313539655102,217.3684539794922,25876007
2022-03-29 00:00:00+05:30,217.3684511227327,217.74897627593143,214.57787526512513,215.29666137695312,18820674
2022-03-30 00:00:00+05:30,215.71946856620025,216.81877978557222,210.2651766621545,210.7302703857422,18281803
2022-03-31 00:00:00+05:30,211.06852626797823,215.0852595669318,210.98397107863372,211.95643615722656,26644916
2022-04-01 00:00:00+05:30,211.40679628806967,215.93090140434975,210.3920535069864,214.19737243652344,14856664
2022-04-04 00:00:00+05:30,214.0282207899201,218.08723158665674,212.33696964132687,216.01544189453125,16520039
2022-04-05 00:00:00+05:30,216.52281818020762,221.42746136371431,215.71947688126133,219.39794921875,28230046
2022-04-06 00:00:00+05:30,217.7489757543832,222.6958965354375,217.5798519755679,219.52479553222656,20352716
2022-04-07 00:00:00+05:30,218.171816647668,221.7234566061997,216.31144146949805,217.0302276611328,16679649
2022-04-08 00:00:00+05:30,218.1717947846387,227.34685035788857,216.4805435739475,226.45895385742188,39283623
2022-04-11 00:00:00+05:30,227.26231024107324,230.98306047134218,224.93684134715514,226.2052764892578,47924937
2022-04-12 00:00:00+05:30,225.69789329581278,227.17775663896487,222.48451441980117,223.9220733642578,24460888
2022-04-13 00:00:00+05:30,224.34487969350914,228.8266935236568,222.9495984086572,227.9387969970703,22239115
2022-04-18 00:00:00+05:30,226.62808021994405,230.4334124625846,225.99387604642342,228.40390014648438,25339139
2022-04-19 00:00:00+05:30,230.01057737111762,230.43340694371716,218.8483135006603,221.1737823486328,24280577
2022-04-20 00:00:00+05:30,222.31538227084016,224.47172730657584,217.79127741535453,219.48252868652344,25454589
2022-04-21 00:00:00+05:30,219.60938448206312,223.62610475174708,219.52481588472074,220.20132446289062,24313956
2022-04-22 00:00:00+05:30,219.86305772132224,222.39994137275343,218.63690019317153,220.7932586669922,16274820
2022-04-25 00:00:00+05:30,218.84830603683585,219.01742981999413,213.52084656650035,215.84632873535156,25140992
2022-04-26 00:00:00+05:30,216.98795427080736,220.45502591160974,216.69198425024408,218.97518920898438,21327644
2022-04-27 00:00:00+05:30,216.64968157086753,218.59462528084956,216.26915638858276,217.74899291992188,17219401
2022-04-28 00:00:00+05:30,219.4402549462415,222.9918813380937,218.2986526130312,220.7932586669922,28999835
2022-04-29 00:00:00+05:30,222.3999374642946,222.3999374642946,218.5946187541172,219.48252868652344,21206335
2022-05-02 00:00:00+05:30,218.17179819409054,223.66838146496997,217.36845687150054,222.5267791748047,19696250
2022-05-04 00:00:00+05:30,223.2455745066142,224.979103411058,218.67919195812922,219.6516571044922,26951488
2022-05-05 00:00:00+05:30,221.55431053956295,224.26031783593035,220.20130689137923,221.59658813476562,18623544
2022-05-06 00:00:00+05:30,219.01744710445303,226.0784359595429,218.93287850610548,225.4864959716797,35818441
2022-05-09 00:00:00+05:30,225.06368688457994,225.06368688457994,220.32816711414566,222.357666015625,22228031
2022-05-10 00:00:00+05:30,221.55432319978897,225.61333437628318,219.10199473469348,219.6516571044922,18727774
2022-05-11 00:00:00+05:30,219.0174082936066,221.72341535855358,212.8866081057951,216.18455505371094,18012072
2022-05-12 00:00:00+05:30,215.6349374763248,216.81881748775157,210.6880294288492,213.859130859375,20816708
2022-05-13 00:00:00+05:30,215.59265308613874,220.58185197702954,215.2121278945588,218.67919921875,12380764
2022-05-16 00:00:00+05:30,219.82077662228224,219.82077662228224,213.94366806015688,214.8738555908203,8502159
2022-05-17 00:00:00+05:30,215.6349184017659,224.51400430185308,215.46579461512098,223.83750915527344,18483427
2022-05-18 00:00:00+05:30,224.93684709878738,226.4589746683072,222.52679614682611,225.61334228515625,20978307
2022-05-19 00:00:00+05:30,222.0616766328102,236.1413617199908,222.0616766328102,233.09710693359375,81302807
2022-05-20 00:00:00+05:30,234.23869217272664,238.76281008866695,234.23869217272664,236.7755889892578,33617466
2022-05-23 00:00:00+05:30,236.77559806410468,237.1561366212256,230.89848972773143,232.1246337890625,22535903
2022-05-24 00:00:00+05:30,232.54749607024084,232.54749607024084,228.31936075261396,229.03814697265625,16146766
2022-05-25 00:00:00+05:30,230.81395199613317,231.61729336612385,228.74214867312637,230.60252380371094,15877459
2022-05-26 00:00:00+05:30,232.37027518655884,232.37027518655884,228.55880571752272,231.02761840820312,19129574
2022-05-27 00:00:00+05:30,233.0199762088019,234.49259943543856,229.59830978603864,233.1932373046875,13986762
2022-05-30 00:00:00+05:30,234.31930274195977,234.75244168895867,231.80719568312466,233.06326293945312,12274291
2022-05-31 00:00:00+05:30,233.06328565008766,237.7843002195113,230.76773411415323,234.4492645263672,24102167
2022-06-01 00:00:00+05:30,234.44924275794457,237.4377834545352,234.05942594000095,235.48875427246094,15265925
2022-06-02 00:00:00+05:30,234.49258509045922,237.7410039455293,232.02377248461733,236.91807556152344,14789457
2022-06-03 00:00:00+05:30,238.21744614864787,238.82381878814158,235.2721997700139,236.22506713867188,12968807
2022-06-06 00:00:00+05:30,235.96522103974723,238.91044001894534,233.62634725741495,238.044189453125,11345943
2022-06-07 00:00:00+05:30,236.6581843012291,238.2174241654912,235.8352559636773,237.26455688476562,11245578
2022-06-08 00:00:00+05:30,237.30786319640762,237.69768004503814,230.59446976989744,232.0670928955078,14915091
2022-06-09 00:00:00+05:30,231.98048179342808,235.35883965711028,230.20467231745383,234.62252807617188,10239939
2022-06-10 00:00:00+05:30,233.06329169201675,234.75247064991302,232.80341378252115,234.0161590576172,8693455
2022-06-13 00:00:00+05:30,230.7677320783068,233.10657827485122,227.82248581145916,229.25180053710938,11519902
2022-06-14 00:00:00+05:30,227.99573686986855,231.67728103626797,227.86581164443905,229.94479370117188,7708043
2022-06-15 00:00:00+05:30,230.42124957493758,231.54735059820896,227.86582002334745,228.16900634765625,5254329
2022-06-16 00:00:00+05:30,231.28746380244854,232.06709751522965,224.7906397381504,225.8301239013672,14843837
2022-06-17 00:00:00+05:30,224.3574993665701,228.81866321245468,223.9676825364273,228.0823516845703,17296080
2022-06-20 00:00:00+05:30,228.08235696897128,230.55116949658571,226.39317811970565,228.77536010742188,17738981
2022-06-21 00:00:00+05:30,229.5549828234673,234.62251943229427,228.775362862641,233.79959106445312,14417711
2022-06-22 00:00:00+05:30,231.28745925255973,234.14608868936412,229.4683551392596,229.81484985351562,11756920
2022-06-23 00:00:00+05:30,229.98809814453125,231.5040434111091,227.30274350777486,229.98809814453125,9416459
2022-06-24 00:00:00+05:30,230.50784450802124,232.45690122592805,229.72822456624084,230.29127502441406,7283228
2022-06-27 00:00:00+05:30,231.28748112178442,234.44928343734077,230.85436955146787,233.84291076660156,8487729
2022-06-28 00:00:00+05:30,232.9333250710375,235.83524895935906,232.63012506136292,235.48875427246094,11673046
2022-06-29 00:00:00+05:30,233.23653935566455,238.21745971034244,233.14992253189874,237.39453125,16635367
2022-06-30 00:00:00+05:30,237.30786495922536,237.9575597117691,235.61868605643596,236.91807556152344,20003893
2022-07-01 00:00:00+05:30,236.9180424438626,246.87985338279782,234.92566378378325,246.31680297851562,36520000
2022-07-04 00:00:00+05:30,247.44296267218996,254.06973998351685,246.70665103161733,252.85699462890625,41417701
2022-07-05 00:00:00+05:30,253.8098028197534,253.8098028197534,247.52954917878637,248.5257110595703,19283789
2022-07-06 00:00:00+05:30,247.83275118552126,251.21110893600158,247.13976176332628,250.604736328125,18997440
2022-07-07 00:00:00+05:30,252.07737066503816,253.93978325184372,249.9117580338816,252.90029907226562,14326277
2022-07-08 00:00:00+05:30,253.72321046859886,255.06589460250757,251.55759798263597,253.8531494140625,11538313
2022-07-11 00:00:00+05:30,253.80984206841,257.23152207526715,252.98691366841047,255.54234313964844,12828405
2022-07-12 00:00:00+05:30,253.8098076924399,255.84548107583,251.9906900501681,253.54995727539062,14616684
2022-07-13 00:00:00+05:30,253.80983348744223,255.36907341731109,253.54998304398404,254.7194061279297,9634877
2022-07-14 00:00:00+05:30,254.93600541052055,256.711801406658,250.47484062248733,251.9474639892578,13930984
2022-07-15 00:00:00+05:30,252.94362859109762,254.67610227429466,250.77801589673192,254.28628540039062,11450042
2022-07-18 00:00:00+05:30,255.54235291894747,256.6684814037305,254.45954657144196,255.80223083496094,11751684
2022-07-19 00:00:00+05:30,255.54231071956275,256.062066465759,253.54995944884612,255.19581604003906,9542292
2022-07-20 00:00:00+05:30,255.45569878614288,259.44042885740913,254.3295704658431,258.3143005371094,16397373
2022-07-21 00:00:00+05:30,259.00730048624257,261.7792855423284,258.1410500086239,259.4837341308594,16660697
2022-07-22 00:00:00+05:30,259.8735419578317,262.0391543499166,258.22768532507024,260.3499755859375,10351425
2022-07-25 00:00:00+05:30,259.0072982643778,262.42897801278093,258.83406464263396,260.826416015625,11050533
2022-07-26 00:00:00+05:30,260.73984008400623,263.12200866013575,260.26340636878035,261.9958801269531,10114261
2022-07-27 00:00:00+05:30,262.3423469285922,264.2047869057587,260.3933175900261,263.4684753417969,9706094
2022-07-28 00:00:00+05:30,264.11818903507816,264.3780669532138,261.9525763223826,262.86212158203125,11256515
2022-07-29 00:00:00+05:30,264.20480400220015,264.98443775113526,261.0430017767843,262.515625,17584873
2022-08-01 00:00:00+05:30,263.33852886133457,267.49652022670386,262.55892263896743,266.3703918457031,16501510
2022-08-02 00:00:00+05:30,268.5360284360003,274.29655489626225,266.9767883975371,268.4927062988281,40483892
2022-08-03 00:00:00+05:30,269.31563685990477,269.31563685990477,263.03535515937955,266.9334411621094,18376724
2022-08-04 00:00:00+05:30,266.8035157527804,268.83921685053497,266.0672316295076,268.1029052734375,16514348
2022-08-05 00:00:00+05:30,268.10288532186826,270.0952366822354,267.7563906267532,269.2723083496094,10477269
2022-08-08 00:00:00+05:30,269.358974573011,271.9577264438408,268.5793682294414,271.26470947265625,8627072
2022-08-10 00:00:00+05:30,271.2646794082685,272.08763525447733,269.1857110866108,269.57550048828125,9267241
2022-08-11 00:00:00+05:30,271.1347406781587,271.52455753397254,264.46466926319283,265.28759765625,11305242
2022-08-12 00:00:00+05:30,265.2875863225842,268.0162492890572,263.7716685531711,267.2799377441406,6669853
2022-08-16 00:00:00+05:30,267.279950109119,269.8353795678454,267.279950109119,269.012451171875,8941455
2022-08-17 00:00:00+05:30,270.00862255241856,271.351306667958,269.40224996649187,270.74493408203125,8283028
2022-08-18 00:00:00+05:30,271.1347462585126,273.7334978969329,270.7882515308216,273.4302978515625,10264507
2022-08-19 00:00:00+05:30,273.8634378686201,273.8634378686201,269.57550725814093,270.2685241699219,10823811
2022-08-22 00:00:00+05:30,269.575518263298,274.5997606731493,269.4022846186496,272.3475036621094,11793184
2022-08-23 00:00:00+05:30,271.09142136841507,273.7334673947522,270.3551098589346,273.6468505859375,9698555
2022-08-24 00:00:00+05:30,273.51694755969055,276.7220444448988,271.1780737840124,272.087646484375,11783894
2022-08-25 00:00:00+05:30,273.25705414898465,274.0799825286657,269.92201849571046,270.5716857910156,8057930
2022-08-26 00:00:00+05:30,272.6506576413246,273.21370807201237,270.26848952631286,271.048095703125,7224507
2022-08-29 00:00:00+05:30,268.53602074913493,272.82392386871066,267.5398312532971,271.6112060546875,11798961
2022-08-30 00:00:00+05:30,272.2175032112145,278.4111674117641,272.2175032112145,277.6315612792969,18516092
2022-09-01 00:00:00+05:30,276.7653605892457,278.8443289516939,273.7334974100605,275.1194763183594,13765474
2022-09-02 00:00:00+05:30,276.0723325905808,280.88001880189364,275.50928211343205,279.9271240234375,26750910
2022-09-05 00:00:00+05:30,281.5297101723017,285.51444089512205,280.4469038058992,284.86474609375,18144801
2022-09-06 00:00:00+05:30,285.86096700494096,285.86096700494096,282.74248652382244,283.3921813964844,12431779
2022-09-07 00:00:00+05:30,282.39592713338453,284.38827853066687,281.7462324093668,282.4825439453125,8397233
2022-09-08 00:00:00+05:30,284.9946583037194,286.3806645986103,283.695296276763,285.7742919921875,11331350
2022-09-09 00:00:00+05:30,286.38065367604156,288.7194997445946,285.86089790355294,286.2940368652344,9770432
2022-09-12 00:00:00+05:30,287.5934619719319,287.939956745042,285.86096065255254,286.6405944824219,9048240
2022-09-13 00:00:00+05:30,287.3335505531153,290.19215268860654,286.3806831746182,289.67242431640625,10925371
2022-09-14 00:00:00+05:30,286.7271562639485,293.65710530333837,286.68383413044126,290.4953308105469,12739464
2022-09-15 00:00:00+05:30,291.4048574028096,291.9679352872059,288.3729945962129,289.4125061035156,8742900
2022-09-16 00:00:00+05:30,287.8966364178716,289.8456935510014,285.6010845094477,286.9870910644531,12973988
2022-09-19 00:00:00+05:30,285.0812666507833,291.837981284184,285.0812666507833,290.71185302734375,14918717
2022-09-20 00:00:00+05:30,293.4405483839667,294.17685992773875,290.19212963699636,291.0583801269531,9892945
2022-09-21 00:00:00+05:30,291.0583800968041,299.0278406774634,290.6252685787823,295.3462829589844,21800547
2022-09-22 00:00:00+05:30,295.3896218630126,302.103015496443,295.30300504525525,298.8979187011719,25111230
2022-09-23 00:00:00+05:30,301.02021968496126,302.7960429607854,297.38201122018637,300.0673522949219,23718397
2022-09-26 00:00:00+05:30,298.72467001631543,299.67753741268865,287.3768780811906,288.1131896972656,16829922
2022-09-27 00:00:00+05:30,290.1921337722551,294.1335694396506,289.32588326995415,290.06219482421875,10375837
2022-09-28 00:00:00+05:30,287.5500877725656,288.7195108518306,280.92331123369075,281.48638916015625,16151900
2022-09-29 00:00:00+05:30,284.9946634512529,290.10552229110306,283.91185716692775,288.5029602050781,18985406
2022-09-30 00:00:00+05:30,288.5029742011768,290.84184796846716,285.990866794132,287.76666259765625,12906555
2022-10-03 00:00:00+05:30,288.37300604881233,288.4596503137431,280.0137562505924,281.0099182128906,9462192
2022-10-04 00:00:00+05:30,284.7348286644227,289.3259045012544,284.12845601369764,288.3297424316406,9142294
2022-10-06 00:00:00+05:30,290.19215886278187,293.91701163629165,288.06986828439784,291.6214599609375,23091432
2022-10-07 00:00:00+05:30,291.7513520873033,291.79467421804816,286.98701585823824,289.4125061035156,10910698
2022-10-10 00:00:00+05:30,285.8609171927222,287.1169845763849,282.4392646698154,283.9985046386719,9750594
2022-10-11 00:00:00+05:30,284.9946689994388,286.2507363933913,281.6163111302697,282.65582275390625,11018577
2022-10-12 00:00:00+05:30,284.0850973694773,287.11696023348526,281.3131123872161,285.947509765625,10735673
2022-10-13 00:00:00+05:30,285.81759561094077,286.9870186140641,284.12841684917504,284.69146728515625,7546587
2022-10-14 00:00:00+05:30,287.8532842733375,289.23926309786907,286.59721694151034,287.6800231933594,6672357
2022-10-17 00:00:00+05:30,286.8138079972282,289.9756103287982,285.5144458258709,287.80999755859375,7195922
2022-10-18 00:00:00+05:30,289.28258556393104,295.38960624246374,288.93609085739973,294.7832336425781,21691854
2022-10-19 00:00:00+05:30,297.2087404565035,300.9769152106048,294.3501383793767,300.0240478515625,16923690
2022-10-20 00:00:00+05:30,300.5870604174988,304.0087400141454,298.68132593990185,302.9259338378906,19186222
2022-10-21 00:00:00+05:30,305.95778277052545,305.95778277052545,298.4214613321205,299.37432861328125,28426343
2022-10-24 00:00:00+05:30,302.2762571685325,302.9259518945407,300.5870783347345,301.1934509277344,3292671
2022-10-25 00:00:00+05:30,302.7093758972401,302.7526980312808,297.68516140912146,299.980712890625,17906260
2022-10-27 00:00:00+05:30,300.28386094609635,301.7564839373385,297.85839816818304,299.5475769042969,19273344
2022-10-28 00:00:00+05:30,301.0634945722204,301.9730396822102,298.9412043463632,299.5475769042969,13572499
2022-10-31 00:00:00+05:30,301.4533502642519,303.61896289991506,298.6380428563598,302.0597229003906,14358449
2022-11-01 00:00:00+05:30,302.5361297932492,303.6189360152009,300.7603341781658,302.752685546875,20422565
2022-11-02 00:00:00+05:30,301.886452579585,308.5998460541116,301.886452579585,307.2138671875,17427813
2022-11-03 00:00:00+05:30,306.6508386128717,310.548925044078,305.7845880324394,306.3909606933594,11149636
2022-11-04 00:00:00+05:30,306.6508434898075,308.38331722439904,305.3514538715805,306.3043212890625,8709851
2022-11-07 00:00:00+05:30,307.5170439533487,308.6864945235157,303.18581875552195,306.2176818847656,10437370
2022-11-09 00:00:00+05:30,306.21769080496347,313.1043456590359,305.9578128929116,312.45465087890625,21404869
2022-11-10 00:00:00+05:30,310.9820524253106,311.7616587008511,306.7374439576893,308.38330078125,20071989
2022-11-11 00:00:00+05:30,311.84823670099684,312.6711924641619,307.21383939940233,308.68646240234375,11372654
2022-11-14 00:00:00+05:30,308.6864526846749,309.2061809693702,300.24055920289,300.76031494140625,18319254
2022-11-15 00:00:00+05:30,302.2762328056711,302.2762328056711,293.78701718788665,299.0711364746094,16046491
2022-11-16 00:00:00+05:30,299.46099120832076,300.4571807741395,295.9526941122946,298.07501220703125,7897812
2022-11-17 00:00:00+05:30,298.0749798200963,300.97690392429695,296.7756177841111,297.7284851074219,10379179
2022-11-18 00:00:00+05:30,297.7284737694272,298.63801892383265,294.35011613222457,295.43292236328125,8140173
2022-11-21 00:00:00+05:30,293.74372338230205,294.5233295391632,289.67237662559535,292.09783935546875,9553090
2022-11-22 00:00:00+05:30,291.92461901841466,295.38959338675096,290.79849068083087,294.7398986816406,6746019
2022-11-23 00:00:00+05:30,296.2558628258381,296.2558628258381,292.3577492530366,294.3501281738281,8067471
2022-11-24 00:00:00+05:30,294.3501367848161,296.68898303385885,292.4010799413972,295.1730651855469,8454385
2022-11-25 00:00:00+05:30,295.38960624246374,296.1692399225267,292.61762113639,294.7832336425781,7200274
2022-11-28 00:00:00+05:30,294.52335877425793,296.03930401645385,293.44055251004244,294.5666809082031,10284123
2022-11-29 00:00:00+05:30,294.5233377943605,298.85456254269457,294.5233377943605,296.5157165527344,10582296
2022-11-30 00:00:00+05:30,295.6061827940981,298.11829018350926,293.6571259106752,294.52337646484375,23425220
2022-12-01 00:00:00+05:30,295.9960186870685,295.9960186870685,291.75140991649255,294.13360595703125,17270904
2022-12-02 00:00:00+05:30,293.9603307250403,295.21639816702407,291.7081012107453,292.0545959472656,8711914
2022-12-05 00:00:00+05:30,292.4877362531544,293.5272480187151,289.4558726933167,291.7081298828125,10090597
2022-12-06 00:00:00+05:30,289.4125241744894,292.9641155026778,289.4125241744894,292.18450927734375,6571118
2022-12-07 00:00:00+05:30,293.22397914060446,295.8227030371453,291.62141718057177,294.6099853515625,10191144
2022-12-08 00:00:00+05:30,294.6966607932119,296.38583989818875,292.3577868579256,293.1374206542969,6439244
2022-12-09 00:00:00+05:30,294.306813476826,296.6889818520379,292.79089563455244,295.7361145019531,8445424
2022-12-12 00:00:00+05:30,295.3896447772274,297.9883965959648,294.6100384492851,297.2953796386719,11646572
2022-12-13 00:00:00+05:30,298.4214613321205,299.72082331062853,296.60234358068004,299.37432861328125,11105261
2022-12-14 00:00:00+05:30,299.72086668799824,300.89028989251904,297.77180971124574,299.20111083984375,7664099
2022-12-15 00:00:00+05:30,298.6380534043801,299.80747658187164,292.7909100630962,293.5272216796875,8469001
2022-12-16 00:00:00+05:30,292.3577770735075,293.57052241361276,286.9870673200606,290.27880859375,12907968
2022-12-19 00:00:00+05:30,291.7513881789219,296.5590471334717,290.4953482239795,294.9565124511719,8113695
2022-12-20 00:00:00+05:30,294.56670349179274,295.3463097858097,291.70810132402073,294.6533203125,5693354
2022-12-21 00:00:00+05:30,295.38961930252106,295.60617507194974,289.75903202825174,290.32208251953125,7316532
2022-12-22 00:00:00+05:30,290.7552003589933,292.27111808853175,285.77428075538523,287.98321533203125,6838031
2022-12-23 00:00:00+05:30,286.64052422500407,287.5067746723703,281.83286581401717,283.0022888183594,10461859
2022-12-26 00:00:00+05:30,282.8290486378816,290.27878107243066,281.9628255803559,289.84564208984375,9934633
2022-12-27 00:00:00+05:30,290.7118900074967,291.40487942886415,285.9908480985113,288.589599609375,6986433
2022-12-28 00:00:00+05:30,288.32974006838975,290.19215268860654,287.16028945983146,289.67242431640625,8035558
2022-12-29 00:00:00+05:30,289.6290803171673,290.84182551713405,287.2035899172337,290.4953308105469,8417520
2022-12-30 00:00:00+05:30,290.5386182536009,291.7080687447557,286.2940376132632,287.2035827636719,7228324
2023-01-02 00:00:00+05:30,286.640563437037,289.3259045012544,285.55775709315833,288.3297424316406,6181118
2023-01-03 00:00:00+05:30,287.1602459008859,288.76280781882497,286.07743973013174,286.8137512207031,6228015
2023-01-04 00:00:00+05:30,287.4634625024694,288.02651295854855,282.395926036288,283.2621765136719,6947412
2023-01-05 00:00:00+05:30,284.6915227864099,289.23930419966496,284.30170589143245,288.8494873046875,8486143
2023-01-06 00:00:00+05:30,289.93227358426805,292.4010862939212,288.5462946589947,290.2354736328125,8603181
2023-01-09 00:00:00+05:30,291.8813002046903,295.6494746295194,291.18831081391016,292.83416748046875,11027747
2023-01-10 00:00:00+05:30,292.7042383884391,293.13737736262027,288.06984079608327,288.80615234375,7217255
2023-01-11 00:00:00+05:30,290.2787955914432,290.2787955914432,286.987054465199,287.420166015625,4760847
2023-01-12 00:00:00+05:30,288.806172905305,288.979406544252,284.21506966582723,285.7309875488281,6894087
2023-01-13 00:00:00+05:30,285.7309740200217,287.8099697657277,282.7424330783454,284.7781066894531,14967746
2023-01-16 00:00:00+05:30,286.1641186400296,287.7666532981862,283.7386281312442,286.0341796875,8571826
2023-01-17 00:00:00+05:30,286.03420167594453,288.892803943696,285.0813342533607,287.80999755859375,14240647
2023-01-18 00:00:00+05:30,289.32586863558544,291.53480318664924,287.93988986506713,289.8889465332031,13039078
2023-01-19 00:00:00+05:30,289.32589280987884,290.7552212854076,287.2902191619527,287.7233581542969,8667564
2023-01-20 00:00:00+05:30,287.5934127233935,290.36539788741845,285.2112444075496,289.84564208984375,13608325
2023-01-23 00:00:00+05:30,291.05839247138414,292.9208324764726,288.5029630264685,292.5743103027344,7399204
2023-01-24 00:00:00+05:30,292.61764105866564,295.1730705788664,292.4444074205175,293.61383056640625,12776694
2023-01-25 00:00:00+05:30,293.5704877180346,295.3896055132003,290.4086857797354,293.8736877441406,12978859
2023-01-27 00:00:00+05:30,296.08261981668693,302.1896684473952,295.8227419021258,299.7208557128906,21850457
2023-01-30 00:00:00+05:30,300.5004838811472,304.7017702117329,296.12593645946015,298.6813659667969,14634225
2023-01-31 00:00:00+05:30,299.72084819253394,307.5170481646217,295.4329450713419,305.22149658203125,17794183
2023-02-01 00:00:00+05:30,305.78459061752136,316.7858879751552,285.0813306031473,313.06103515625,67003785
2023-02-02 00:00:00+05:30,313.2342435487181,333.2445107073745,312.19475949061695,327.9604187011719,57892084
2023-02-03 00:00:00+05:30,330.819042834567,331.122215410176,322.2432095500694,329.7362365722656,23153980
2023-02-06 00:00:00+05:30,331.3388019624054,336.2763996663762,328.8266672492031,332.118408203125,26783409
2023-02-07 00:00:00+05:30,332.5515199558387,332.5515199558387,319.16805527486946,323.3260192871094,21438758
2023-02-08 00:00:00+05:30,324.62534257749246,326.8342769960425,321.85335774892445,325.318359375,10821785
2023-02-09 00:00:00+05:30,323.97570498421317,329.17318044471324,322.3731429583213,324.1922607421875,12318006
2023-02-10 00:00:00+05:30,322.4165179597362,326.5311603974172,320.77063353083605,321.6802062988281,10674456
2023-02-13 00:00:00+05:30,323.1094721315297,324.97188469633414,320.5107205325465,324.1489562988281,10282470
2023-02-14 00:00:00+05:30,324.84197705221504,335.79997916275533,323.7591432827541,334.7604675292969,30246745
2023-02-15 00:00:00+05:30,336.108494477409,337.07697754732436,333.2910815729985,336.50469970703125,12679568
2023-02-16 00:00:00+05:30,336.32862463934197,339.19006986478894,335.44817780814725,336.8128662109375,10151755
2023-02-17 00:00:00+05:30,335.4921837170436,338.5737334337114,333.90739070614893,337.56121826171875,7967611
2023-02-20 00:00:00+05:30,338.7058201779204,341.17106008470176,335.7123066043306,338.1335144042969,8105569
2023-02-21 00:00:00+05:30,338.9699109115317,339.7622934002373,336.0644340429728,336.5486755371094,8577674
2023-02-22 00:00:00+05:30,336.3285724710632,338.8818483528659,334.5677069855473,337.9573974609375,9306194
2023-02-23 00:00:00+05:30,338.4857133125479,346.89392030282175,337.2970975697395,341.25909423828125,19555814
2023-02-24 00:00:00+05:30,342.491675498078,342.491675498078,335.4481297611275,339.0579528808594,13407431
2023-02-27 00:00:00+05:30,339.0579757916936,340.5547325011052,332.8948763433763,336.50469970703125,8455904
2023-02-28 00:00:00+05:30,336.7688421207816,338.3096030565833,330.1655331323589,331.6622619628906,16997837
2023-03-01 00:00:00+05:30,329.50516211572597,334.9198828234449,328.93288431621755,333.4231262207031,8065784
2023-03-02 00:00:00+05:30,334.12747660156657,334.347581303844,329.90137144512414,330.6497497558594,5212922
2023-03-03 00:00:00+05:30,331.92641918316,339.32213909844006,331.13403656580516,338.9259338378906,8495772
2023-03-06 00:00:00+05:30,339.7623184270974,345.5732446885081,339.1900405928928,341.7433166503906,11126980
2023-03-08 00:00:00+05:30,341.611236353403,346.14551047639543,339.05796038476257,345.48516845703125,9261146
2023-03-09 00:00:00+05:30,345.2210839213111,346.54174014952065,339.54222586514476,341.1710510253906,10005328
2023-03-10 00:00:00+05:30,340.6868160832971,343.5482333159362,337.6492704246597,341.61126708984375,8684320
2023-03-13 00:00:00+05:30,342.66772734559294,344.16448386322514,336.76879337659597,337.7812805175781,9130473
2023-03-14 00:00:00+05:30,339.5862414264013,340.2465555564648,332.1024859594935,334.3035888671875,10623744
2023-03-15 00:00:00+05:30,335.4481210796263,338.3535979215904,332.80680893646525,334.0394287109375,8748113
2023-03-16 00:00:00+05:30,335.0959819908537,336.63677081716304,331.7943275250021,335.8443603515625,16315136
2023-03-17 00:00:00+05:30,338.96991957036994,338.96991957036994,325.45513368266415,330.6497497558594,50787703
2023-03-20 00:00:00+05:30,328.6687543287377,333.99541094407937,327.52417080225337,333.51116943359375,10512002
2023-03-21 00:00:00+05:30,333.51117982404367,333.51117982404367,329.3290787011538,331.8823547363281,12057999
2023-03-22 00:00:00+05:30,331.8823263594225,333.55518340778906,329.4611189385827,332.5867004394531,4958761
2023-03-23 00:00:00+05:30,331.92636625837906,336.98891381487243,329.6372271797751,335.1399841308594,10127917
2023-03-24 00:00:00+05:30,335.888365824339,337.20902192521834,332.8068163197941,333.4231262207031,10317108
2023-03-27 00:00:00+05:30,332.7628066946465,338.44166458686414,331.35411419955665,334.7438049316406,11232922
2023-03-28 00:00:00+05:30,334.74380043767184,336.636762344245,332.9389027386657,334.34759521484375,9523719
2023-03-29 00:00:00+05:30,334.7437871824261,338.08947353647784,332.05844284027285,336.9889221191406,10551626
2023-03-31 00:00:00+05:30,336.32860525580224,338.52970825506156,334.5677395986402,337.6492614746094,9877493
2023-04-03 00:00:00+05:30,338.08945171248405,338.08945171248405,333.24700904654026,333.59918212890625,7331070
2023-04-05 00:00:00+05:30,333.5992086593539,340.7748229824051,333.5992086593539,340.2025451660156,12055499
2023-04-06 00:00:00+05:30,340.42263054558765,343.6362204592077,338.2655319993687,341.0389404296875,13394394
2023-04-10 00:00:00+05:30,341.0389701387759,343.372141481566,338.74980299627975,342.0954895019531,7044256
2023-04-11 00:00:00+05:30,342.0954781569584,350.50368439072156,341.6112366435935,348.6547546386719,18939829
2023-04-12 00:00:00+05:30,350.19554013384305,350.23957223600956,345.2210566423761,346.4976806640625,10122932
2023-04-13 00:00:00+05:30,348.21454548563435,349.183028513081,346.6297525403816,348.3025817871094,6292395
2023-04-17 00:00:00+05:30,345.92542012916545,353.9374214767136,345.92542012916545,352.3086242675781,11466474
2023-04-18 00:00:00+05:30,352.176549548398,353.93741513533917,349.5352093123745,350.8558654785156,9860308
2023-04-19 00:00:00+05:30,348.6988157215506,353.3651586401988,348.6547836153159,351.0760192871094,10119480
2023-04-20 00:00:00+05:30,352.17656751824904,354.50973895577,350.15153711026284,352.4407043457031,6924577
2023-04-21 00:00:00+05:30,352.4406992394649,360.100527605943,351.340147743513,359.440185546875,14801099
2023-04-24 00:00:00+05:30,360.98094826441377,360.98094826441377,355.87436848584315,359.83636474609375,6212135
2023-04-25 00:00:00+05:30,359.8363703118754,364.106507640949,358.6917867758515,362.34564208984375,9180650
2023-04-26 00:00:00+05:30,362.7418424739918,363.6222892574224,360.14456213292397,362.96197509765625,7914219
2023-04-27 00:00:00+05:30,362.9179243957424,367.49623069273684,361.86140505200876,366.26361083984375,13100076
2023-04-28 00:00:00+05:30,368.0245032133652,377.0490201548708,364.2386070762766,374.6718444824219,13208557
2023-05-02 00:00:00+05:30,375.0680575272066,375.94847644420054,370.84192394916397,373.703369140625,10648421
2023-05-03 00:00:00+05:30,373.30712468555373,377.26912101096,371.59026333170976,376.08050537109375,7607609
2023-05-04 00:00:00+05:30,374.4517286542246,375.9484574798595,373.3071450546289,373.8354187011719,8292456
2023-05-05 00:00:00+05:30,375.0239876069196,380.2626079920541,373.61529515877015,377.4892272949219,12890455
2023-05-08 00:00:00+05:30,379.47021674087387,381.6272874664087,378.017492223219,379.86639404296875,7522610
2023-05-09 00:00:00+05:30,381.05500435428866,381.36314535204275,371.10600966749894,373.1310119628906,10377820
2023-05-10 00:00:00+05:30,373.2631076504559,375.3761743028874,371.7223467415686,374.4957275390625,10130159
2023-05-11 00:00:00+05:30,376.168573578589,376.3006419844237,368.81688657000376,370.1375427246094,16597954
2023-05-12 00:00:00+05:30,370.13754748608545,372.1625498953651,366.30761947509376,370.18157958984375,11564770
2023-05-15 00:00:00+05:30,369.7853862340839,377.44521459813876,368.9489715620238,376.65283203125,9503538
2023-05-16 00:00:00+05:30,378.5898075550505,378.5898075550505,372.86694521722967,373.26312255859375,8302077
2023-05-17 00:00:00+05:30,373.4392278285098,377.66533345216067,372.0745394582834,376.47674560546875,9844782
2023-05-18 00:00:00+05:30,378.5897887975532,380.74685963002366,368.11254774877995,369.521240234375,24919291
2023-05-19 00:00:00+05:30,370.62180340285613,372.51476538184284,362.1695645112314,369.6533203125,26759905
2023-05-22 00:00:00+05:30,371.5022285737764,374.84788708992033,368.99295678292765,373.96746826171875,16015615
2023-05-23 00:00:00+05:30,375.0680497448412,379.6463284716909,373.4832566618943,377.8414306640625,9068926
2023-05-24 00:00:00+05:30,377.0930496030457,382.7719077205179,375.94846597757845,381.6713562011719,11921823
2023-05-25 00:00:00+05:30,384.7088784360364,389.5512940163806,382.8159164067926,388.40673828125,18905572
2023-05-26 00:00:00+05:30,390.3876812278762,391.57629688969274,386.95398636051846,390.56378173828125,13496209
2023-05-29 00:00:00+05:30,391.7963936602326,397.78339233656226,391.00398323507955,395.40618896484375,20589822
2023-05-30 00:00:00+05:30,396.99593695264826,406.4032149725208,396.99593695264826,405.00787353515625,19627897
2023-05-31 00:00:00+05:30,404.46768017910813,406.8982792192145,398.30118311090456,401.0468444824219,14821960
2023-06-01 00:00:00+05:30,402.39719371380977,402.39719371380977,395.195438846782,395.8255920410156,9142172
2023-06-02 00:00:00+05:30,396.0956787493507,400.5067512980585,395.915622744494,399.1564025878906,9558309
2023-06-05 00:00:00+05:30,400.59677090626224,402.2621819862083,396.18569829290715,396.6808166503906,7427630
2023-06-06 00:00:00+05:30,396.81585651464604,399.3364694682682,396.4557730256291,398.6163024902344,6703067
2023-06-07 00:00:00+05:30,399.69651237538466,401.18186731570756,398.57124088751874,399.6515197753906,7833952
2023-06-08 00:00:00+05:30,401.2269116717338,401.2719328048348,397.8060758796215,398.706298828125,7294955
2023-06-09 00:00:00+05:30,391.7296074323785,400.32667495431707,391.7296074323785,394.7003173828125,7329661
2023-06-12 00:00:00+05:30,396.0956367882403,396.9508385270806,390.55929325456407,393.3499755859375,9054977
2023-06-13 00:00:00+05:30,396.9958711302651,401.85704052088244,394.5652721697059,400.9568176269531,16732376
2023-06-14 00:00:00+05:30,401.7220669047201,403.0723871862265,399.4715235920411,400.1466979980469,9039402
2023-06-15 00:00:00+05:30,400.5967382141317,403.9725527025246,400.3716896210057,403.3874206542969,7787525
2023-06-16 00:00:00+05:30,404.1976138294872,410.1390623491588,403.2073771646256,407.8885192871094,12181426
2023-06-19 00:00:00+05:30,409.3738808605887,410.4091386743024,407.1233377623865,408.338623046875,4350517
2023-06-20 00:00:00+05:30,409.41887891671377,409.41887891671377,405.23288353415927,407.6634826660156,4644353
2023-06-21 00:00:00+05:30,406.89829334685965,408.8787667287822,400.64178232823934,402.44219970703125,6292873
2023-06-22 00:00:00+05:30,403.2974231991234,404.7828068458839,401.3619708466093,402.98236083984375,6892713
2023-06-23 00:00:00+05:30,402.8473264827625,402.98236135991505,398.52629600539564,400.3717346191406,6325479
2023-06-26 00:00:00+05:30,402.3071485769733,406.3581374439033,399.6965220853635,401.2268981933594,5688287
2023-06-27 00:00:00+05:30,401.5869905162523,402.57722718904165,398.9313428344525,400.686767578125,5052984
2023-06-28 00:00:00+05:30,400.5967715677404,405.637997419899,400.14667434401343,404.5127258300781,12548096
2023-06-30 00:00:00+05:30,405.09781517142324,406.8532398074896,402.0370630755125,406.5381774902344,9456776
2023-07-03 00:00:00+05:30,406.53819907495927,419.4562968478072,405.14285781188636,417.0257263183594,11111199
2023-07-04 00:00:00+05:30,418.6010904809607,421.30175924370985,413.9199769409983,419.8163757324219,8022597
2023-07-05 00:00:00+05:30,419.81639730543486,432.6895315280947,417.9709587675512,427.69329833984375,16878943
2023-07-06 00:00:00+05:30,429.71878201666647,429.7638031495629,423.55231333498,426.613037109375,9835812
2023-07-07 00:00:00+05:30,425.8028372501517,428.053380244551,420.9416392754082,421.6618347167969,7605499
2023-07-10 00:00:00+05:30,423.10220072144466,423.9124099556968,417.4308216731899,419.3663024902344,6772454
2023-07-11 00:00:00+05:30,419.5013296979041,427.1981746301535,419.5013296979041,425.9378967285156,8783282
2023-07-12 00:00:00+05:30,430.07886119120076,430.07886119120076,423.5072879706138,425.1726989746094,12816220
2023-07-13 00:00:00+05:30,426.61305261096066,429.1786866692333,424.0024259486592,424.90264892578125,8214385
2023-07-14 00:00:00+05:30,425.80287185889915,427.6032892824536,424.31748825502433,425.71282958984375,5277090
2023-07-17 00:00:00+05:30,427.15319323480816,428.3234574307135,423.64234358608485,425.21771240234375,6325310
2023-07-18 00:00:00+05:30,425.397773820771,426.8831289171215,424.00243246436503,425.3527526855469,5558415
2023-07-19 00:00:00+05:30,425.57777101949983,432.50945617309526,421.39177577863205,431.0691223144531,14401395
2023-07-20 00:00:00+05:30,432.0143853490817,444.43739463321737,428.7736052802645,443.04205322265625,21030102
2023-07-21 00:00:00+05:30,442.72694305512846,448.03823870537934,438.40591266161397,441.51165771484375,14510084
2023-07-24 00:00:00+05:30,444.21227882516524,449.8386651147941,421.43677805134166,424.3174743652344,40477929
2023-07-25 00:00:00+05:30,421.2116984899145,421.75183792485365,409.95898379868584,416.1705017089844,45211370
2023-07-26 00:00:00+05:30,418.51109107392693,425.80285989329934,415.945457088017,425.127685546875,18842179
2023-07-27 00:00:00+05:30,427.06315838407096,427.7383041874473,415.09024755647266,418.6461181640625,14528232
2023-07-28 00:00:00+05:30,421.03173279988783,422.607101675576,417.1607995194354,421.7068786621094,10362522
2023-07-31 00:00:00+05:30,422.20197229994073,422.83212551939147,417.25078881175824,419.23126220703125,8510403
2023-08-01 00:00:00+05:30,419.50130138123507,422.0669066753035,417.52082813026976,418.4210510253906,6686176
2023-08-02 00:00:00+05:30,418.24102198279616,418.4210779856223,412.2995733165724,414.1900329589844,10715605
2023-08-03 00:00:00+05:30,414.1900454478843,417.47584648714025,408.968792105028,410.544189453125,11026824
2023-08-04 00:00:00+05:30,410.7692384236965,415.3603385374175,408.9237713268594,409.5539245605469,7097614
2023-08-07 00:00:00+05:30,408.7887441967912,410.99426613729486,405.9530405241411,409.5089111328125,9513953
2023-08-08 00:00:00+05:30,411.39940304529773,411.39940304529773,406.0430861454346,407.21337890625,6638681
2023-08-09 00:00:00+05:30,407.21335616398375,414.01000666941735,402.3071653063629,412.8847351074219,10134166
2023-08-10 00:00:00+05:30,413.1097848199284,413.46986829707083,404.197626036519,406.6732177734375,13702317
2023-08-11 00:00:00+05:30,408.6086856814209,408.6086856814209,400.37170150883003,403.9725646972656,12028396
2023-08-14 00:00:00+05:30,403.9725809326383,406.2231240821711,400.64178734231103,404.377685546875,7854074
2023-08-16 00:00:00+05:30,405.99805029174667,411.7594426796469,403.47743755572765,405.3228759765625,15494896
2023-08-17 00:00:00+05:30,405.0978604353064,405.0978604353064,396.0956876609999,396.99591064453125,16896158
2023-08-18 00:00:00+05:30,396.9959225693553,399.1114309524219,394.74537930817763,397.5810546875,20068497
2023-08-21 00:00:00+05:30,397.89614757821397,403.7475543805615,397.3109869266259,403.1174011230469,9940689
2023-08-22 00:00:00+05:30,404.1976019865375,409.73394574550537,402.39718470795117,408.9237365722656,10234488
2023-08-23 00:00:00+05:30,410.1390505443228,410.1840431447475,403.8375187397575,405.5029296875,8770272
2023-08-24 00:00:00+05:30,405.63801129900935,408.2486380530573,404.4677185345722,405.9080810546875,6322751
2023-08-25 00:00:00+05:30,405.90803936819486,405.99805310067507,397.9410965159074,399.11138916015625,9628041
2023-08-28 00:00:00+05:30,400.59673664497285,402.2621475824836,396.9958735775587,397.35595703125,7176903
2023-08-29 00:00:00+05:30,398.75130281167924,399.69651832212924,395.37548829785555,396.1856689453125,9845106
2023-08-30 00:00:00+05:30,396.9959125244064,399.69655295728506,396.5457867652574,398.6163024902344,7648569
2023-08-31 00:00:00+05:30,398.79630201504494,400.5067341311088,392.5848123365288,395.8255920410156,20666732
2023-09-01 00:00:00+05:30,396.0956779898854,400.5967642671397,394.5653018082983,397.0408935546875,11879159
2023-09-04 00:00:00+05:30,399.1114284301284,399.1114284301284,393.0799656809686,393.84515380859375,14128562
2023-09-05 00:00:00+05:30,395.1054332953647,400.14665895362845,394.74534982413195,398.8863525390625,8701612
2023-09-06 00:00:00+05:30,399.6515391172189,403.74752068396276,397.89611436997114,402.8022766113281,13358433
2023-09-07 00:00:00+05:30,404.0175783810463,404.197605845373,400.2366592641672,401.4069519042969,8401953
2023-09-08 00:00:00+05:30,403.20739716567397,403.20739716567397,397.76109523877216,398.48126220703125,10322317
2023-09-11 00:00:00+05:30,401.496989548433,403.3874492194627,398.4812583015882,402.5772399902344,9679540
2023-09-12 00:00:00+05:30,404.1076230985392,408.96879296561787,401.1369129348529,406.13311767578125,14961276
2023-09-13 00:00:00+05:30,407.07830354697046,411.39936213373215,406.08806689802543,408.24859619140625,12268130
2023-09-14 00:00:00+05:30,410.4091425172324,410.4091425172324,402.5322415997681,405.0528259277344,14986708
2023-09-15 00:00:00+05:30,403.3424180566077,406.9883024364766,402.3972025098466,403.61248779296875,15657801
2023-09-18 00:00:00+05:30,403.61250468978994,408.69872316917696,401.677023851844,406.94329833984375,8513132
2023-09-20 00:00:00+05:30,406.62823792119,409.68896183812865,404.692757074042,407.7535095214844,10343224
2023-09-21 00:00:00+05:30,407.6184458521485,408.2935916463294,400.14664980133546,402.8472900390625,11132308
2023-09-22 00:00:00+05:30,402.84729925312547,403.657508461276,398.12116446375444,398.8863525390625,7795399
2023-09-25 00:00:00+05:30,398.88634398898813,400.41669157629906,394.6103064976888,398.43621826171875,6005673
2023-09-26 00:00:00+05:30,399.3364357536007,400.1466449333633,395.8255863689656,398.3011779785156,5533023
2023-09-27 00:00:00+05:30,398.3012095161176,404.91780421941024,395.01543699713795,404.3326721191406,10894817
2023-09-28 00:00:00+05:30,405.05285154293455,405.05285154293455,395.73561613456116,396.7708740234375,10610213
2023-09-29 00:00:00+05:30,397.8961396683316,401.1369196338384,395.37552668838094,400.056640625,8474326
2023-10-03 00:00:00+05:30,396.9959075744143,398.7063112585442,395.42051023279157,395.8706359863281,7770032
2023-10-04 00:00:00+05:30,395.87063992563714,397.62606476173994,390.0642259199113,392.5848388671875,13912656
2023-10-05 00:00:00+05:30,396.09569631642825,396.5457935527775,391.6396309667545,392.5398254394531,10416552
2023-10-06 00:00:00+05:30,394.16022511585453,399.33648611355187,393.0799746037764,398.0311584472656,8742804
2023-10-09 00:00:00+05:30,396.95086013265677,398.9763545630763,393.62006672364566,396.5007629394531,5827256
2023-10-10 00:00:00+05:30,396.5007983022515,400.4617452533144,396.5007983022515,400.056640625,5207891
2023-10-11 00:00:00+05:30,402.5772168909702,404.6027113173182,400.4166876008322,403.5224609375,7946195
2023-10-12 00:00:00+05:30,404.7828117240157,407.34841735651213,401.6320454407269,405.72802734375,12227957
2023-10-13 00:00:00+05:30,404.9628079442714,406.7182327001156,402.3972025098466,403.61248779296875,7926432
2023-10-16 00:00:00+05:30,403.2973880849691,405.9980568588885,401.6769982328182,404.1526184082031,4377288
2023-10-17 00:00:00+05:30,404.9178121672719,409.1488574177046,404.19764517888075,408.20361328125,7203352
2023-10-18 00:00:00+05:30,408.92377840238265,412.4796492533964,405.9980893264639,406.5832214355469,7160492
2023-10-19 00:00:00+05:30,404.8728451461923,409.50896678898886,402.26221825042916,405.4579772949219,9830006
2023-10-20 00:00:00+05:30,400.5967701648256,404.19763353354125,393.71010577679914,394.5653076171875,13521824
2023-10-23 00:00:00+05:30,394.29521421317946,396.0506389230435,389.8841704031635,392.4047546386719,7555671
2023-10-25 00:00:00+05:30,393.304997711885,394.29523441634143,384.4378599752961,389.5240783691406,11308597
2023-10-26 00:00:00+05:30,386.6884016368794,393.0349264538433,386.6884016368794,391.00946044921875,19525305
2023-10-27 00:00:00+05:30,391.0094387706277,393.2149606578627,389.0739580800019,390.46929931640625,13638258
2023-10-30 00:00:00+05:30,391.18950392038863,393.5300608966573,385.60816696759287,387.4986267089844,7911426
2023-10-31 00:00:00+05:30,387.0934996300126,390.10923081420543,385.2030399982573,385.65313720703125,8952141
2023-11-01 00:00:00+05:30,387.09352140192635,388.08375814132665,383.0425321731041,385.38311767578125,8297973
2023-11-02 00:00:00+05:30,387.1385474277788,389.5240970351919,385.8782409198033,388.1287841796875,8465990
2023-11-03 00:00:00+05:30,389.61408898778353,391.0544227934441,388.0837129213936,390.0191650390625,14334179
2023-11-06 00:00:00+05:30,390.244285387793,393.2149955889094,389.38908352963864,391.90966796875,7589690
2023-11-07 00:00:00+05:30,391.5045803085566,391.5045803085566,389.02896001691244,389.5240783691406,5321353
2023-11-08 00:00:00+05:30,389.92914010007655,393.8450938837134,389.16395208887735,393.3499755859375,7248663
2023-11-09 00:00:00+05:30,394.11519565312284,394.2952231230478,390.6043461540603,391.054443359375,8085620
2023-11-10 00:00:00+05:30,391.0544484241924,394.29522822983876,389.34404478524095,392.98992919921875,4236307
2023-11-13 00:00:00+05:30,394.655312868183,394.655312868183,391.5945890562739,392.49481201171875,3888975
2023-11-15 00:00:00+05:30,394.3852762743342,398.34622308804154,393.84513678864573,397.8511047363281,7722827
2023-11-16 00:00:00+05:30,397.85111177415934,400.14667609843997,393.93515749465223,394.8804016113281,11276031
2023-11-17 00:00:00+05:30,395.4205322265625,397.4460269038788,394.5653303369302,395.4205322265625,6911592
2023-11-20 00:00:00+05:30,395.9606271978163,396.36573179380093,391.14447876944973,393.2149658203125,4502356
2023-11-21 00:00:00+05:30,393.5300904577073,395.46557148017695,392.0447352344313,392.71990966796875,6228803
2023-11-22 00:00:00+05:30,393.3950215279014,396.4557452352493,391.41451968138,395.8255920410156,5074887
2023-11-23 00:00:00+05:30,396.9508450020634,398.12113760248695,394.52027460260734,396.41070556640625,6611803
2023-11-24 00:00:00+05:30,396.9959002107098,398.12117177792385,393.2600020312197,394.1152038574219,7084608
2023-11-28 00:00:00+05:30,394.29526357507416,395.1954866085628,391.50460926091625,391.8196716308594,9082513
2023-11-29 00:00:00+05:30,392.49482278430634,394.7453659694364,390.8294116975489,393.5750732421875,14316126
2023-11-30 00:00:00+05:30,393.1249369439635,394.7003056047744,391.14446370277244,392.3147277832031,15710110
2023-12-01 00:00:00+05:30,394.20523937996376,405.9530740497005,393.75514214040476,404.9178161621094,20081576
2023-12-04 00:00:00+05:30,409.5989151614798,410.85922153490446,405.9980520361957,408.74371337890625,13293194
2023-12-05 00:00:00+05:30,409.59893525466117,412.11954812516103,405.1878627312864,406.6732177734375,12603697
2023-12-06 00:00:00+05:30,408.6086861382112,418.1509978491598,406.98829627507865,417.0257263183594,21203900
2023-12-07 00:00:00+05:30,418.3760282623099,418.4210493925656,411.7594342312683,412.38958740234375,11746535
2023-12-08 00:00:00+05:30,414.0550118631009,415.54039547694543,403.747540018871,404.3326721191406,19386851
2023-12-11 00:00:00+05:30,406.4482038641858,408.33866367844536,404.46773030558205,407.30340576171875,6854157
2023-12-12 00:00:00+05:30,408.87875595197096,414.1000090086052,407.2133449562937,407.8885192871094,10549319
2023-12-13 00:00:00+05:30,410.7692121056427,413.06474775017597,407.8885158691386,410.1840515136719,11718443
2023-12-14 00:00:00+05:30,414.10001922282265,415.00024217594785,404.6027284079333,414.1900329589844,14924265
2023-12-15 00:00:00+05:30,415.8104076791995,416.7556517311415,409.5989180313016,412.4796142578125,16397959
2023-12-18 00:00:00+05:30,409.59895278248155,410.49917577911197,405.4129286868769,406.5832214355469,12490839
2023-12-19 00:00:00+05:30,408.1135806238675,412.2995760140575,406.9432879240979,410.58917236328125,10664235
2023-12-20 00:00:00+05:30,413.19977303401726,413.42482162701754,404.467670793796,405.998046875,10766954
2023-12-21 00:00:00+05:30,404.1976475975982,408.473685478828,400.10166572979574,406.4031982421875,11584223
2023-12-22 00:00:00+05:30,407.798489777051,410.4091449175215,405.5929677782429,409.77899169921875,11450973
2023-12-26 00:00:00+05:30,410.5441828771826,413.1097883728261,409.328869034559,410.9042663574219,6097422
2023-12-27 00:00:00+05:30,411.3993661494393,412.7496862720448,408.4736487750424,411.4893798828125,7833901
2023-12-28 00:00:00+05:30,411.5794357413069,418.3310655758652,410.5891989813454,417.79095458984375,21493169
2023-12-29 00:00:00+05:30,417.7908937707011,421.21170079604315,415.3152737006764,415.9904479980469,13384631
2024-01-01 00:00:00+05:30,417.2507895715969,423.0572034278601,416.4856014801201,421.3467712402344,9706230
2024-01-02 00:00:00+05:30,423.1022064799492,424.31749181736427,417.3408136151982,423.41729736328125,10924918
2024-01-03 00:00:00+05:30,423.3272518661251,432.7345292019063,422.51707115752623,429.6287841796875,24961710
2024-01-04 00:00:00+05:30,432.10436624826673,433.4096938161719,426.8831130376516,428.86358642578125,12240910
2024-01-05 00:00:00+05:30,431.5642412446206,431.5642412446206,424.9026258128853,426.6580505371094,9564086
2024-01-08 00:00:00+05:30,427.60328590157116,428.05341165177845,418.196008647429,419.0512390136719,8311403
2024-01-09 00:00:00+05:30,420.8516622164166,423.05721280263634,417.38583369157607,418.1960144042969,5916180
2024-01-10 00:00:00+05:30,418.1959807331679,420.1764825469771,414.14502043472044,417.0707092285156,6123200
2024-01-11 00:00:00+05:30,417.7909232600095,419.99644523625966,415.09025441040444,416.485595703125,6786448
2024-01-12 00:00:00+05:30,417.0257551691492,421.03172323716086,414.41512846074323,420.1315002441406,9714589
2024-01-15 00:00:00+05:30,423.10221038505165,423.55233614675143,419.59136068411175,420.9416809082031,7167978
2024-01-16 00:00:00+05:30,421.12171003048576,427.6032695166818,417.9259514198344,425.1726989746094,12531058
2024-01-17 00:00:00+05:30,424.3625345090613,429.40376065442877,418.7811973699081,420.04150390625,11536527
2024-01-18 00:00:00+05:30,418.8261618733166,421.16674730118666,409.19383600932247,419.0512390136719,9495938
2024-01-19 00:00:00+05:30,421.7968954354353,425.8028633522556,419.86141464696465,424.4525146484375,12673308
2024-01-23 00:00:00+05:30,426.47801992456624,426.47801992456624,410.85925247470357,413.4698791503906,8728196
2024-01-24 00:00:00+05:30,414.190054081136,420.7616562966244,412.3896366135739,417.3408203125,22459072
2024-01-25 00:00:00+05:30,417.2957926369959,418.556070493121,406.98829294576194,410.1840515136719,20435547
2024-01-29 00:00:00+05:30,410.4091679616553,411.62445333286826,402.8473289174317,404.9178161621094,18557346
2024-01-30 00:00:00+05:30,402.3971972082923,408.42863094204745,393.75510841111077,394.3402404785156,45190319
2024-01-31 00:00:00+05:30,396.09568649125384,398.3462296781842,394.92539376306877,397.49102783203125,20648695
2024-02-01 00:00:00+05:30,397.89611814582366,403.0723501713392,395.46551903791453,398.706298828125,19903526
2024-02-02 00:00:00+05:30,400.59674123191587,402.57721451514556,395.64555802384166,396.1856689453125,17816750
2024-02-05 00:00:00+05:30,397.89611107625,399.3814660761637,392.9899203450033,394.3402404785156,12505666
2024-02-06 00:00:00+05:30,396.095655967197,396.90583661619564,386.6433581922035,388.3537902832031,19487043
2024-02-07 00:00:00+05:30,391.59456333742565,391.59456333742565,387.8136442911793,388.7138671875,13376903
2024-02-08 00:00:00+05:30,392.08703057366546,392.17841802252724,373.4423399489455,378.88037109375,50039587
2024-02-09 00:00:00+05:30,374.81326995012324,387.7000589587421,373.4423423447581,379.7486267089844,33527317
2024-02-12 00:00:00+05:30,381.62222138780527,382.0335083512696,371.1117379944829,371.8428955078125,11326971
2024-02-13 00:00:00+05:30,371.88862153996564,375.4530507956858,368.5983836063643,371.75152587890625,16207766
2024-02-14 00:00:00+05:30,371.0660668579939,376.7782893667236,369.60372283348534,376.1385192871094,12618012
2024-02-15 00:00:00+05:30,377.46374115666544,378.8803769826403,368.4612807413084,369.1467590332031,21169031
2024-02-16 00:00:00+05:30,370.15210830847485,374.31059937497434,365.0339476322224,369.7865295410156,38963810
2024-02-19 00:00:00+05:30,370.1521077273739,377.23525788833905,369.78652896048857,374.0364074707031,17602580
2024-02-20 00:00:00+05:30,375.13315616944266,375.13315616944266,369.5123213242641,371.1574401855469,14626643
2024-02-21 00:00:00+05:30,371.9799904971458,374.8132620636199,366.77044253364437,368.6440734863281,20162369
2024-02-22 00:00:00+05:30,371.88862598407167,379.4287715687956,368.73548367384933,378.78900146484375,19321180
2024-02-23 00:00:00+05:30,380.11424812129746,380.11424812129746,375.17889080869196,376.00146484375,11576964
2024-02-26 00:00:00+05:30,375.7272290145601,377.5094435802666,372.254187332029,373.99072265625,8289561
2024-02-27 00:00:00+05:30,374.7218905950383,377.2352627534842,373.396642202815,375.7729187011719,8083518
2024-02-28 00:00:00+05:30,375.77291141482976,376.86967667427535,371.7972242470729,373.16815185546875,8949664
2024-02-29 00:00:00+05:30,373.8079334221908,375.6815355101058,369.69512150470285,371.3402404785156,15468800
2024-03-01 00:00:00+05:30,373.7165084349587,377.60080788230704,372.43696836540437,374.2648620605469,12873024
2024-03-04 00:00:00+05:30,376.7782716984024,377.41804174801575,373.30523014822865,373.8992919921875,7103794
2024-03-05 00:00:00+05:30,374.40200610495873,376.0014458816055,369.19245771005683,371.2031555175781,10108373
2024-03-06 00:00:00+05:30,371.5230344989099,374.67617670129044,366.22209894227285,372.7568664550781,11534613
2024-03-07 00:00:00+05:30,372.7568522385688,379.24594026182575,368.91823189254467,377.9664001464844,23907135
2024-03-11 00:00:00+05:30,380.93680290963096,382.3077305995477,372.89398271438637,374.17352294921875,18298683
2024-03-12 00:00:00+05:30,371.52301600748615,371.52301600748615,364.9882198540191,369.6494140625,36226074
2024-03-13 00:00:00+05:30,397.5708009908885,400.31265639826904,384.9125231468841,386.10064697265625,105525827
2024-03-14 00:00:00+05:30,385.64364849759943,388.88817809071077,382.03351117920647,383.5415344238281,31949569
2024-03-15 00:00:00+05:30,381.3023425789304,391.67573009307705,379.5201280750981,383.0388488769531,76074975
2024-03-18 00:00:00+05:30,382.94748912903253,384.5012206480152,381.028178834862,381.5308532714844,16547358
2024-03-19 00:00:00+05:30,382.0335283428739,383.4501642027759,373.5337421493741,374.31060791015625,21803126
2024-03-20 00:00:00+05:30,374.72187897781316,380.79968017832465,374.3105920102969,379.9314270019531,20364534
2024-03-21 00:00:00+05:30,382.94746988018204,385.6893250392281,380.3883896165868,385.0038757324219,19968509
2024-03-22 00:00:00+05:30,385.00389452753257,392.68110672719376,385.00389452753257,391.7214660644531,40358503
2024-03-26 00:00:00+05:30,388.93390016963383,392.26984629600133,388.93390016963383,390.85321044921875,10669833
2024-03-27 00:00:00+05:30,390.2591342548215,391.99566969637203,389.7564598031415,391.173095703125,12698464
2024-03-28 00:00:00+05:30,391.1730814271391,395.9713426482272,390.2591200121909,391.49298095703125,29009002
2024-04-01 00:00:00+05:30,392.17842745488764,394.23483338215703,389.11667266822633,389.9849548339844,9743648
2024-04-02 00:00:00+05:30,391.8128590335726,391.8128590335726,388.06565481612205,389.2080993652344,9194659
2024-04-03 00:00:00+05:30,389.3451696321282,391.9042498897617,384.77539173375715,388.6139831542969,13152268
2024-04-04 00:00:00+05:30,388.9338972480882,390.5790161945303,383.7700572984611,386.37481689453125,19065447
2024-04-05 00:00:00+05:30,386.1463241399223,394.55472252991405,383.81572695487466,390.7618103027344,16768902
2024-04-08 00:00:00+05:30,391.447278722544,394.28055046235164,390.94460428153735,392.1784362792969,8844633
2024-04-09 00:00:00+05:30,393.4123028017299,394.3719434877883,388.9339120129943,389.6650695800781,6967273
2024-04-10 00:00:00+05:30,391.44724267718294,400.1298320033252,389.1166455929887,399.35296630859375,14547618
2024-04-12 00:00:00+05:30,397.5707980604603,398.25627639020945,391.4472882010774,393.0924072265625,18785009
2024-04-15 00:00:00+05:30,391.1730638575208,392.22412088579836,386.5118985063276,389.2537536621094,9083087
2024-04-16 00:00:00+05:30,386.831769055941,390.2591024836234,386.7860898150879,389.2537536621094,10357752
2024-04-18 00:00:00+05:30,389.34519094310184,390.16773594755756,381.71365795919775,382.8103942871094,22133191
2024-04-19 00:00:00+05:30,382.03351067965104,389.5736558588104,380.20561688518654,388.2027282714844,17221280
2024-04-22 00:00:00+05:30,390.25908570711454,390.80746830106114,386.923168836364,388.70538330078125,7386048
2024-04-23 00:00:00+05:30,388.7054072770841,393.4579601647396,388.522603412523,392.26983642578125,12484384
2024-04-24 00:00:00+05:30,392.3155065344747,393.7321423126332,391.4472533713222,391.9956359863281,6070285
2024-04-25 00:00:00+05:30,393.9149534166353,400.5868165029518,392.08703064360867,399.9013671875,30337038
2024-04-26 00:00:00+05:30,401.4550856562055,405.1566105910282,398.850326015204,402.14056396484375,15342965
2024-04-29 00:00:00+05:30,403.96846398764586,404.379721983682,397.2051845995297,400.49542236328125,12075706
2024-04-30 00:00:00+05:30,402.09486408753065,402.5975385356441,397.6621815089178,398.16485595703125,12528665
2024-05-02 00:00:00+05:30,398.48473777993564,404.51683088911363,397.4336807202778,401.2265930175781,24123523
2024-05-03 00:00:00+05:30,402.1862321644066,402.1862321644066,394.2348004388622,398.8959655761719,23786388
2024-05-06 00:00:00+05:30,400.3126234420568,402.55183317412144,396.06274501390186,397.34228515625,10753860
2024-05-07 00:00:00+05:30,399.3072462588027,407.62425659352783,397.75351491542756,402.46038818359375,26969062
2024-05-08 00:00:00+05:30,403.2830180317506,406.43616039417304,400.49545445393676,403.0545349121094,10916481
2024-05-09 00:00:00+05:30,402.18626860635175,403.5114880367474,386.92320277397204,388.5226135253906,24314298
2024-05-10 00:00:00+05:30,389.80213909836215,398.80459931623363,389.80213909836215,396.062744140625,14524604
2024-05-13 00:00:00+05:30,395.9713447246366,397.98207143443125,392.5440111250424,394.69183349609375,7584217
2024-05-14 00:00:00+05:30,393.4579641744985,396.0170445089671,391.67574958198725,392.726806640625,11423749
2024-05-15 00:00:00+05:30,393.68644240363693,395.97133139310563,390.0306258136693,390.99029541015625,7856433
2024-05-16 00:00:00+05:30,393.0009830334952,395.37725941130304,386.5118949934838,394.3262023925781,23911954
2024-05-17 00:00:00+05:30,395.1944821049078,399.85564738527927,391.9956318278254,398.7589111328125,11894830
2024-05-21 00:00:00+05:30,398.4847046296703,399.49005339756417,395.9256245056099,397.387939453125,11175153
2024-05-22 00:00:00+05:30,399.71856660848556,403.9227658482658,397.93635202820826,402.0491638183594,11036895
2024-05-23 00:00:00+05:30,403.42006733589994,406.6189175410056,398.98738525379264,403.3743591308594,27244733
2024-05-24 00:00:00+05:30,403.05451410700533,404.3797335120663,397.84496600489564,398.6675109863281,13252938
2024-05-27 00:00:00+05:30,401.04380974465363,401.1351971930909,393.64076020528995,394.3719177246094,12282545
2024-05-28 00:00:00+05:30,394.9203077808962,395.2858865474374,391.4015578418531,392.0870361328125,9668761
2024-05-29 00:00:00+05:30,388.88819753870166,395.19451110947864,388.88819753870166,393.8692626953125,10832067
2024-05-30 00:00:00+05:30,391.63006488826727,393.86924566680193,386.009229872296,387.3801574707031,21314885
2024-05-31 00:00:00+05:30,390.03063052557883,392.5897108592454,387.7457415085067,389.7564392089844,29300711
2024-06-03 00:00:00+05:30,396.65680783600834,397.479381772038,391.7671593248684,393.32086181640625,16116836
2024-06-04 00:00:00+05:30,396.52177031965385,396.80101565647095,374.97368265988365,386.4690856933594,47791986
2024-06-05 00:00:00+05:30,392.7985512208221,405.82980402897,389.12189949981456,400.52423095703125,28197030
2024-06-06 00:00:00+05:30,405.829791944629,407.41213302436523,401.2688535975877,405.27130126953125,32318523
2024-06-07 00:00:00+05:30,401.5481302044602,411.0888461479956,401.268884845166,408.7618408203125,29543660
2024-06-10 00:00:00+05:30,409.5530068967988,410.48381488403055,405.6901817746213,406.6675109863281,11872688
2024-06-11 00:00:00+05:30,406.7606160148987,407.50525061130764,402.33930016150435,403.0373840332031,13158571
2024-06-12 00:00:00+05:30,400.7569114290619,404.34049107486396,400.43111537044854,402.38580322265625,10751658
2024-06-13 00:00:00+05:30,406.66751056673644,406.66751056673644,400.0122909895558,400.52423095703125,9641349
2024-06-14 00:00:00+05:30,401.17580700990004,402.01351357567347,399.36074170092695,401.3154296875,9572809
2024-06-18 00:00:00+05:30,403.03737898986196,404.1543603703237,398.5695419674905,399.08148193359375,14641141
2024-06-19 00:00:00+05:30,400.24496579903524,400.94304962931466,393.77589043943306,394.3343811035156,11329972
2024-06-20 00:00:00+05:30,394.70671932417883,396.98717382381864,392.33316337570244,394.00860595703125,15147549
2024-06-21 00:00:00+05:30,395.59096381210924,395.87020914994883,389.58727754803,390.56463623046875,26176371
2024-06-24 00:00:00+05:30,390.9369661412327,394.61361787534224,390.9369661412327,394.00860595703125,9723008
2024-06-25 00:00:00+05:30,393.72936061017225,394.66016859976054,390.7042715187919,394.00860595703125,10655609
2024-06-26 00:00:00+05:30,393.72935968027775,396.89410093743857,392.8451024171962,394.6136169433594,11511714
2024-06-27 00:00:00+05:30,394.61362565963486,397.6852950358517,391.9608538117953,396.14947509765625,38438054
2024-06-28 00:00:00+05:30,396.05635546638285,398.38336062952527,394.19476903576367,395.4978942871094,18554411
2024-07-01 00:00:00+05:30,396.8010483258212,400.47770023042045,395.2651988468778,399.3607482910156,13391362
2024-07-02 00:00:00+05:30,400.2449871714336,400.84999908994706,393.3104927215312,396.0563659667969,11177863
2024-07-03 00:00:00+05:30,396.61483787535605,399.9191721581942,396.0563472079035,398.66259765625,7435499
2024-07-04 00:00:00+05:30,400.24500559718945,401.64120289640215,397.4991322255142,399.3607482910156,9478861
2024-07-05 00:00:00+05:30,399.31418163243075,403.96819211066986,398.0110563385377,403.6424255371094,13427543
2024-07-08 00:00:00+05:30,405.0386270748445,413.78815742675266,403.64242981653535,412.9039001464844,21311436
2024-07-09 00:00:00+05:30,416.6270870588992,423.5150306416012,413.27620196457383,421.2810974121094,27489709
2024-07-10 00:00:00+05:30,422.30500507362405,423.8408545509285,415.6032344446931,420.2107238769531,12065662
2024-07-11 00:00:00+05:30,418.86102924280897,427.70366090287615,417.6509759051689,426.9124755859375,19556596
2024-07-12 00:00:00+05:30,426.912503236289,431.19419667007304,424.3062524940008,427.2848205566406,19693114
2024-07-15 00:00:00+05:30,427.284802643238,434.1727465305415,425.56280929645555,431.33380126953125,16876907
2024-07-16 00:00:00+05:30,431.3803339460018,434.45200341635984,429.4721966461106,433.33502197265625,13497253
2024-07-18 00:00:00+05:30,430.9614560409826,438.3147887078045,430.63565998305126,437.7097473144531,21907158
2024-07-19 00:00:00+05:30,438.4078847537507,446.22663657603687,436.91858604958037,441.71221923828125,25939326
2024-07-22 00:00:00+05:30,441.75876374646487,446.27315152086356,433.614245462781,434.26580810546875,18762384
2024-07-23 00:00:00+05:30,434.26580514596367,462.9810529532946,434.12618247349457,458.140869140625,56125835
2024-07-24 00:00:00+05:30,461.67791921290376,475.3141836420076,456.69814231888404,459.86285400390625,43693692
2024-07-25 00:00:00+05:30,456.09309104663214,461.6779092226846,451.11331426036946,456.04656982421875,18567567
2024-07-26 00:00:00+05:30,459.8628566318143,471.3582598545481,453.67302639648256,467.44891357421875,21534703
2024-07-29 00:00:00+05:30,470.52053724178256,471.1720998495296,459.8628409078825,461.7244567871094,12978187
2024-07-30 00:00:00+05:30,461.9571970374462,463.3533943348958,454.8365583706438,456.00006103515625,13891052
2024-07-31 00:00:00+05:30,458.373614385957,463.49301427967293,456.55854906003475,461.07293701171875,11982586
2024-08-01 00:00:00+05:30,461.6313905239546,462.3760546322901,456.97737997103144,459.537109375,12114803
2024-08-02 00:00:00+05:30,451.25295384341814,464.88918898880655,451.25295384341814,455.2554016113281,22141163
2024-08-05 00:00:00+05:30,446.83163592942134,457.86164997554926,446.36621719129073,452.3699035644531,25022076
2024-08-06 00:00:00+05:30,452.6026191959533,457.6754978281909,450.55485925262013,452.649169921875,14251363
2024-08-07 00:00:00+05:30,456.0930950965633,461.3055960404738,454.32458063337543,458.5597229003906,11320399
2024-08-08 00:00:00+05:30,459.8163509371657,463.5395534488428,458.42012418293916,460.5144348144531,21349889
2024-08-09 00:00:00+05:30,463.5395573573386,463.5395573573386,458.9786187546684,461.5848693847656,9556181
2024-08-12 00:00:00+05:30,457.95470930476176,465.4011139114233,457.95470930476176,460.3747863769531,9425644
2024-08-13 00:00:00+05:30,461.6313768042684,463.39992082169977,454.4642172856773,456.0931091308594,8056478
2024-08-14 00:00:00+05:30,457.9081745197849,464.47035162635643,456.0000373291409,458.140869140625,9609981
2024-08-16 00:00:00+05:30,460.2817096214168,469.31048470007704,458.5597164054454,467.86773681640625,13643352
2024-08-19 00:00:00+05:30,469.82246388684206,474.057606447632,465.0288306148003,466.7508239746094,10591508
2024-08-20 00:00:00+05:30,466.3319395570424,468.56587282373647,463.2602997527288,464.2841796875,6888634
2024-08-21 00:00:00+05:30,465.40113299398797,473.77837539474945,464.5168757294204,470.427490234375,8801221
2024-08-22 00:00:00+05:30,472.70796194704985,473.3129738869813,466.75082600059324,469.6363220214844,8686423
2024-08-23 00:00:00+05:30,470.101691325043,471.87020584350046,465.35460895981095,470.7998046875,8195369
2024-08-26 00:00:00+05:30,470.98594089706575,472.84755683334987,467.2627385243222,470.7066955566406,8126402
2024-08-27 00:00:00+05:30,472.42870096422115,472.47525168876325,465.40113454893714,465.9596252441406,8260450
2024-08-28 00:00:00+05:30,465.77346700783545,467.54201110027503,462.1433658703206,462.88800048828125,8081932
2024-08-29 00:00:00+05:30,463.5395558890962,472.56833161488777,462.9345144591377,470.14825439453125,19389694
2024-08-30 00:00:00+05:30,467.21619895900704,473.91799878978713,465.58730710072587,467.169677734375,15523349
2024-09-02 00:00:00+05:30,469.12436710280446,477.40850809281204,468.47280445752887,474.7557067871094,16497266
2024-09-03 00:00:00+05:30,474.7557077226489,480.24745424362595,472.75449855810376,474.15069580078125,12481552
2024-09-04 00:00:00+05:30,465.4011226864979,474.755694093594,465.354601462967,471.3117370605469,8739052
2024-09-05 00:00:00+05:30,473.1733400299588,476.47770400804217,471.9633161786824,475.8261413574219,11318636
2024-09-06 00:00:00+05:30,476.5707559468642,476.5707559468642,462.74834768895016,466.9834899902344,14245025
2024-09-09 00:00:00+05:30,467.26274749161126,477.17578026799583,465.72692758962387,476.33807373046875,14265060
2024-09-10 00:00:00+05:30,476.4777184120114,479.3631849521356,473.54567164567135,478.0600891113281,11332248
2024-09-11 00:00:00+05:30,477.50157364424496,483.5517812694099,476.5242149395142,478.7581481933594,15497555
2024-09-12 00:00:00+05:30,479.4562685547481,484.4825963244237,473.3595101165837,483.5517883300781,19085324
2024-09-13 00:00:00+05:30,483.55177740140044,484.0171666381423,476.57076185132354,478.2927551269531,9165077
2024-09-16 00:00:00+05:30,480.20089978594154,481.2247797226006,474.4299374611518,475.7330627441406,7821668
2024-09-17 00:00:00+05:30,475.68650794774527,478.0135131474731,471.21864144436574,472.6148681640625,10889862
2024-09-18 00:00:00+05:30,472.7079419349947,476.94308433487333,470.1482421053882,472.2425231933594,5638729
2024-09-19 00:00:00+05:30,474.7091530835231,479.1770196230398,472.38214786497383,473.08026123046875,14461616
2024-09-20 00:00:00+05:30,476.5707542994241,481.5505606528095,472.8475519650138,478.8046875,24725118
2024-09-23 00:00:00+05:30,479.78202544282846,483.5052278452276,478.06006166286596,481.17822265625,8105508
2024-09-24 00:00:00+05:30,481.2248086999554,481.9694433351235,478.572036749734,479.5959167480469,7015487
2024-09-25 00:00:00+05:30,479.8285876329136,483.3656462246209,476.85001973985106,481.7367248535156,8802667
2024-09-26 00:00:00+05:30,481.82979240141503,487.50771228617066,481.2247804832943,486.576904296875,16086557
2024-09-27 00:00:00+05:30,484.2499104377946,491.9290101550874,484.2499104377946,486.5303649902344,17916386
2024-09-30 00:00:00+05:30,484.5756816249072,488.06618957500433,478.47892301876533,482.29522705078125,10936940
2024-10-01 00:00:00+05:30,482.2952288952036,483.78449813302376,478.4324036223028,480.48016357421875,5285319
2024-10-03 00:00:00+05:30,473.3594842009567,480.0147034715061,472.94061620145965,477.26885986328125,16481353
2024-10-04 00:00:00+05:30,474.70916243329543,481.5505850504167,466.8438893596582,468.70550537109375,18930962
2024-10-07 00:00:00+05:30,471.9167871845915,479.3166713074241,471.68409254861746,474.8953552246094,17114457
2024-10-08 00:00:00+05:30,474.70916262824323,477.08271861882434,470.9859601036691,472.801025390625,9868331
2024-10-09 00:00:00+05:30,474.52300307966124,474.52300307966124,456.6050454275096,457.67547607421875,24874940
2024-10-10 00:00:00+05:30,461.07292157165,461.35216692010636,455.58117505154325,458.00128173828125,13292273
2024-10-11 00:00:00+05:30,458.88553006277044,459.76978731576037,453.6730289927351,454.41766357421875,14949380
2024-10-14 00:00:00+05:30,457.0239270306357,464.4703615554793,454.83654444829324,462.56219482421875,6970606
2024-10-15 00:00:00+05:30,463.53957367293145,464.8426990338473,460.2817602706419,464.051513671875,8347216
2024-10-16 00:00:00+05:30,461.67793639321064,464.3307377203826,458.28050046536174,459.0716857910156,6939430
2024-10-17 00:00:00+05:30,460.7471349200635,460.7471349200635,454.2315378220923,455.0692443847656,7669729
2024-10-18 00:00:00+05:30,454.92962162837006,457.5358722670346,445.295833910263,453.021484375,22616838
2024-10-21 00:00:00+05:30,453.0214708169555,453.85920685423713,444.3184618732703,450.1825256347656,7680088
2024-10-22 00:00:00+05:30,450.1825341028487,454.6038499942979,447.52973276804886,448.4605407714844,12772970
2024-10-23 00:00:00+05:30,447.71588225632615,449.8567140000435,446.3196850756562,447.1108703613281,10553961
2024-10-24 00:00:00+05:30,448.64671463785675,449.0190319396523,437.47707758468704,439.0594482421875,13596626
2024-10-25 00:00:00+05:30,442.87572701792476,459.35093740661614,441.38645779625773,448.92596435546875,32154050
2024-10-28 00:00:00+05:30,448.6001588146549,452.27684006531985,443.0618910761679,450.6479187011719,8946214
2024-10-29 00:00:00+05:30,451.4390938460629,455.34846963211504,447.9951367963455,454.1849670410156,7131161
2024-10-30 00:00:00+05:30,454.184973007894,459.11822877893854,452.83529700456427,457.5358581542969,6640080
2024-10-31 00:00:00+05:30,457.9547336726039,458.8855416729211,451.1598618201317,454.9761657714844,8111694
2024-11-01 00:00:00+05:30,457.0239381563187,458.04781813468816,455.4415674625382,456.37237548828125,1517892
2024-11-04 00:00:00+05:30,459.30436247116853,459.30436247116853,446.3662114156426,451.0667724609375,8754385
2024-11-05 00:00:00+05:30,449.5309829088084,451.48567091589945,443.94616424566635,446.9712829589844,7610046
2024-11-06 00:00:00+05:30,446.9712534416916,450.8806291977046,444.9234936170633,447.8089599609375,11749720
2024-11-07 00:00:00+05:30,448.4139924222489,449.2982496470861,443.1549407958729,444.83038330078125,9267980
2024-11-08 00:00:00+05:30,444.83040906313397,447.4366596661155,441.7587692095454,444.97003173828125,6325023
2024-11-11 00:00:00+05:30,444.9700163904902,448.18127880846396,441.2933647379613,443.9461364746094,5700343
2024-11-12 00:00:00+05:30,444.5511679234768,444.8769344804047,438.54748173315295,440.1298522949219,5236095
2024-11-13 00:00:00+05:30,437.5236321065983,441.8518465898786,435.84818948406627,439.52484130859375,11548660
2024-11-14 00:00:00+05:30,438.5940712100893,440.22296313830753,430.2633791633469,433.70733642578125,12087836
2024-11-18 00:00:00+05:30,433.7538681362016,435.42931071742356,430.03066567791126,434.26580810546875,8448573
2024-11-19 00:00:00+05:30,435.6154784219088,440.96757266705566,433.9865570865663,435.01043701171875,7121472
2024-11-21 00:00:00+05:30,429.09984555266027,431.9387906655465,423.88734455857747,425.5162658691406,20313155
2024-11-22 00:00:00+05:30,424.63200449659763,443.5272922291219,423.9804418334131,441.8053283691406,20214206
2024-11-25 00:00:00+05:30,445.85427840836786,448.83284624094614,439.7109988473268,443.8065185546875,14427013
2024-11-26 00:00:00+05:30,446.7851008259381,449.25172877480986,441.29338372266824,443.9927062988281,6791715
2024-11-27 00:00:00+05:30,444.4580764325498,446.878183051745,440.2694848220805,443.9461364746094,7339184
2024-11-28 00:00:00+05:30,443.99268224778774,450.32213506622037,437.9889959899466,442.0379943847656,14967609
2024-11-29 00:00:00+05:30,440.4556457729167,445.7612189514994,439.897155069963,443.760009765625,8668142
2024-12-02 00:00:00+05:30,443.061911581005,446.1335515529355,440.6418342849228,444.1788635253906,5689595
2024-12-03 00:00:00+05:30,433.7538882828634,440.64183232551295,430.72876955134234,439.85064697265625,23073942
2024-12-04 00:00:00+05:30,441.57264312803585,445.10967237496146,434.1262083190559,434.77777099609375,13957078
2024-12-05 00:00:00+05:30,435.196636175782,440.0367907449456,430.4960747866547,435.15008544921875,27432375
2024-12-06 00:00:00+05:30,437.47708517052604,442.0845745472696,435.33625327312325,438.5475158691406,7842234
2024-12-09 00:00:00+05:30,438.8732783278562,439.3386970836674,430.9149332516241,432.7765197753906,12154116
2024-12-10 00:00:00+05:30,433.148871407106,434.17275138154446,430.5891419711834,433.241943359375,9163636
2024-12-11 00:00:00+05:30,434.8708208734233,435.801628864771,432.543815644967,433.0557556152344,7005617
2024-12-12 00:00:00+05:30,433.28847754716475,435.5223813153135,427.37786305689633,428.7275390625,13380617
2024-12-13 00:00:00+05:30,428.1690601754377,441.5726306530016,420.39685899742756,437.4770812988281,32976794
2024-12-16 00:00:00+05:30,437.7097825910721,441.572637375938,435.6155014062847,437.5701599121094,9354160
2024-12-17 00:00:00+05:30,437.4770650364245,442.87571000734806,431.00798941615113,437.0581970214844,20608409
2024-12-18 00:00:00+05:30,439.9902648325609,441.0141448074351,434.5915901016112,437.9425048828125,12841386
2024-12-19 00:00:00+05:30,436.5462626049631,441.52606912403894,433.10230549351394,434.26580810546875,15161531
2024-12-20 00:00:00+05:30,434.21924770297886,435.10353444820845,427.5174775274632,432.4972839355469,20231570
2024-12-23 00:00:00+05:30,438.5940382938608,444.6442457872411,435.2431237361696,441.4329833984375,19562956
2024-12-24 00:00:00+05:30,442.0380117336406,447.01778878263576,439.94370111964736,445.34234619140625,12009880
2024-12-26 00:00:00+05:30,447.2970215629146,448.50707487251225,443.06187922906,443.9461364746094,9188830
2024-12-27 00:00:00+05:30,446.5523947692474,448.55363341232163,443.0618869497857,445.4819641113281,16906420
2024-12-30 00:00:00+05:30,447.48321420762863,448.1347768639311,443.0618982898495,443.9927062988281,13578360
2024-12-31 00:00:00+05:30,445.34234180784205,451.1133336206923,441.7122113126057,450.1825256347656,13787501
2025-01-01 00:00:00+05:30,452.369898630606,453.16108392695634,448.78631893522765,450.4617614746094,18931186
2025-01-02 00:00:00+05:30,451.7649051388864,456.09311958375633,448.92595990090587,455.2088623046875,27131131
2025-01-03 00:00:00+05:30,456.3258002607226,457.02391361750296,446.645462212376,448.2743835449219,38500784
2025-01-06 00:00:00+05:30,440.4058583256005,446.35075144323366,426.5344213845736,427.8877258300781,22009958
2025-01-07 00:00:00+05:30,430.6426900507923,432.6726614930842,425.4711052691848,426.3894348144531,14294780
2025-01-08 00:00:00+05:30,428.2260997902769,436.9742735503957,422.52286869529286,434.5576477050781,13482926
2025-01-09 00:00:00+05:30,434.412657911659,445.2874742620835,431.1743733651227,435.0893249511719,19732649
2025-01-10 00:00:00+05:30,434.94428448591486,436.9259056652191,427.74272844437934,430.06268310546875,9145729
2025-01-13 00:00:00+05:30,420.4928844446885,429.19273722630277,420.4928844446885,424.4078063964844,17799607
2025-01-14 00:00:00+05:30,426.29277561702855,426.77610075945154,421.3145325500375,422.0395202636719,18048459
2025-01-15 00:00:00+05:30,422.0395386220168,427.066102621971,420.8312257133989,422.7645263671875,9786805
2025-01-16 00:00:00+05:30,423.4411450753659,424.7944790727276,416.72294330195155,418.4145812988281,15774070
2025-01-17 00:00:00+05:30,418.5595763145332,427.0660870817343,418.0762511686735,425.51947021484375,11270061
2025-01-20 00:00:00+05:30,424.35944720863523,426.486089495715,421.4594965443393,423.1028137207031,8742771
2025-01-21 00:00:00+05:30,423.39282913963933,432.09268179319355,420.7345408288311,422.95782470703125,15686500
2025-01-22 00:00:00+05:30,425.2294579278358,427.2111087280882,421.99117354679964,422.4261779785156,9619648
2025-01-23 00:00:00+05:30,420.49287689797217,427.1144372962157,419.6228975353898,425.51947021484375,8888248
2025-01-24 00:00:00+05:30,424.74612978757085,430.15937728937985,424.40779628749044,426.8727722167969,9665384
2025-01-27 00:00:00+05:30,426.09942801772166,430.15937095928996,421.9911643624925,425.42279052734375,10480203
2025-01-28 00:00:00+05:30,425.32613404915026,427.06609279760266,420.00955737353587,420.9278869628906,20813072
2025-01-29 00:00:00+05:30,421.4111847122362,422.90948078709505,415.7562748977468,418.89788818359375,15158510
2025-01-30 00:00:00+05:30,418.5595698630739,423.392821247174,417.061273733933,421.6528625488281,22496695
2025-01-31 00:00:00+05:30,421.9428359729618,433.2526557474246,420.58953151699967,432.57598876953125,13546181
2025-02-01 00:00:00+05:30,433.05930484973186,455.775585349662,424.8910985721678,447.1240539550781,30393007
2025-02-03 00:00:00+05:30,446.59243971426656,449.68573248191484,437.21591998094135,439.19757080078125,16991730
2025-02-04 00:00:00+05:30,442.7258148273928,444.9974488165376,433.78430000828064,439.9708557128906,18923681
2025-02-05 00:00:00+05:30,439.97089811017986,440.64756515081626,431.60937853571323,433.204345703125,12836283
2025-02-06 00:00:00+05:30,434.99261621292146,434.99261621292146,423.5861549654903,426.3894348144531,17469129
2025-02-07 00:00:00+05:30,425.32610601162634,430.64268233677166,414.1129573168095,416.48126220703125,18875982
2025-02-10 00:00:00+05:30,412.7596610777305,418.84954591665235,412.2763359476629,412.9530029296875,12227140
2025-02-11 00:00:00+05:30,414.49965150720004,416.19128959205887,403.5765145306136,404.3498229980469,14288751
2025-02-12 00:00:00+05:30,405.6753937562897,406.3136281355489,400.2258148708563,402.48419189453125,13884574
2025-02-13 00:00:00+05:30,402.5333188714483,406.46095206462076,401.60049400188456,402.287841796875,12989029
2025-02-14 00:00:00+05:30,404.30071268308313,408.6702162817502,401.01131412778494,402.8278503417969,14124236
2025-02-17 00:00:00+05:30,402.3860051226291,403.95706437920165,399.39119682530554,401.2077331542969,11975265
2025-02-18 00:00:00+05:30,400.6185827614127,403.4170273840887,396.69094959708514,397.9183349609375,12998403
2025-02-19 00:00:00+05:30,397.4764566403701,401.40408972956527,397.1818961448654,399.0475158691406,7079032
2025-02-20 00:00:00+05:30,392.71423117033765,396.5927509227199,389.03207509597695,394.7762145996094,15355585
2025-02-21 00:00:00+05:30,394.7761916445472,395.9544935060131,391.9777771631228,393.6470031738281,8240986
2025-02-24 00:00:00+05:30,392.7633170048975,396.10179920634647,391.53593163925717,394.6289367675781,7037625
2025-02-25 00:00:00+05:30,394.7271291352976,399.63667054245303,393.25426671315097,397.52557373046875,15760891
2025-02-27 00:00:00+05:30,397.525552328783,399.1456949128277,392.2723373128528,394.3343505859375,19051003
2025-02-28 00:00:00+05:30,391.7813927759098,395.218071659909,385.1044286446103,387.853759765625,31954776
2025-03-03 00:00:00+05:30,388.7865980194929,391.78140630708367,384.12253365869424,390.25946044921875,10702826
2025-03-04 00:00:00+05:30,388.2465194896839,390.01397233458835,385.7426654162302,387.70648193359375,13404774
2025-03-05 00:00:00+05:30,387.3628037989018,405.2826293231856,387.3628037989018,397.721923828125,15665018
2025-03-06 00:00:00+05:30,401.747764542559,402.28783207284374,393.3033473882626,398.3601989746094,17869996
2025-03-07 00:00:00+05:30,396.2490690334906,398.50747602613745,394.432562712498,396.5927429199219,11180761
2025-03-10 00:00:00+05:30,393.7943018882363,399.489387865199,393.1560675022779,397.6728515625,9785018
2025-03-11 00:00:00+05:30,394.23615458392493,401.01131538193874,393.94159410093084,398.85113525390625,11099475
2025-03-12 00:00:00+05:30,399.0475152195476,405.8226762942879,396.69094136295917,404.93896484375,13844306
2025-03-13 00:00:00+05:30,405.5281006874954,406.90276622215737,400.8149531499511,404.59527587890625,8196569
2025-03-17 00:00:00+05:30,405.5281132753817,408.719315135297,399.63666368784595,400.5694885253906,5257805
2025-03-18 00:00:00+05:30,402.5823808619056,404.4971139277993,400.37308730839516,401.69866943359375,13861897
2025-03-19 00:00:00+05:30,402.5823921632704,403.31882336844717,395.3162769319527,395.75811767578125,12830387
2025-03-20 00:00:00+05:30,397.6728373693795,399.2929799729773,394.62891583099076,396.641845703125,16994037
2025-03-21 00:00:00+05:30,398.60567790903195,400.12762375553666,394.4325677226245,398.212890625,25302035
2025-03-24 00:00:00+05:30,399.6366587789359,405.38082804931764,398.2619932184889,403.4660949707031,14362572
2025-03-25 00:00:00+05:30,404.5461964506968,407.73739824308706,401.3059112323006,402.385986328125,20338110
2025-03-26 00:00:00+05:30,402.8769581468943,403.76069957751406,398.90024157095667,399.9803466796875,13891436
2025-03-27 00:00:00+05:30,400.6185794021223,403.2697437519979,398.3110889443362,402.0423583984375,18642328
2025-03-28 00:00:00+05:30,403.46610258111434,408.08108344123156,400.7658548357284,402.3369140625,12981873
2025-04-01 00:00:00+05:30,402.38600438126315,406.90278849853894,398.2620075515041,399.2929992675781,15206240
2025-04-02 00:00:00+05:30,399.685750106513,402.5823914949175,398.7038418345742,401.6495666503906,8001323
2025-04-03 00:00:00+05:30,399.68573475414075,402.7787696643111,399.34209084453187,401.99322509765625,7059566
2025-04-04 00:00:00+05:30,400.12763155444486,405.3317335492131,397.1819066595655,402.287841796875,18627592
2025-04-07 00:00:00+05:30,383.09149195819776,400.71675676567065,383.09149195819776,398.7038269042969,26762866
2025-04-08 00:00:00+05:30,404.4480082967242,408.2774445365288,399.88214085828554,405.08624267578125,18600796
2025-04-09 00:00:00+05:30,405.52811678460984,411.4686498505965,403.8097773067089,408.7684020996094,21785572
2025-04-11 00:00:00+05:30,412.40145511407445,414.8071422550909,409.4557304346882,413.92340087890625,8939356
2025-04-15 00:00:00+05:30,421.4350305010776,421.4350305010776,411.4195544215754,412.7942199707031,11685880
2025-04-16 00:00:00+05:30,410.4376454249374,418.3419947920321,410.4376454249374,416.7709655761719,13034594
2025-04-17 00:00:00+05:30,417.3110006565654,420.10944512464874,413.92340525328643,419.5202941894531,22410217
2025-04-21 00:00:00+05:30,420.3058257121206,421.336847381582,413.87433848811077,415.1999206542969,27388236
2025-04-22 00:00:00+05:30,418.24383985184426,426.9337040743589,415.88723603001415,425.75543212890625,32031936
2025-04-23 00:00:00+05:30,428.3083909152653,429.53577622856506,421.0913592799704,423.05517578125,19566317
2025-04-24 00:00:00+05:30,424.0370755980093,428.16107218939527,421.53319162940176,422.2696228027344,26064089
2025-04-25 00:00:00+05:30,422.2696267928269,424.87170760222523,415.6417461702055,420.0603332519531,22944377
2025-04-28 00:00:00+05:30,418.9311396302756,422.71149230249586,417.06551998951244,421.042236328125,6287095
2025-04-29 00:00:00+05:30,421.14043560056143,421.82778335059663,417.31099948077133,418.29290771484375,11189930
2025-04-30 00:00:00+05:30,419.6675863161336,421.5332060258665,414.3652876801437,418.0965270996094,10026546
2025-05-02 00:00:00+05:30,416.42728530446215,423.69340019536935,416.42728530446215,421.7295837402344,9263372
2025-05-05 00:00:00+05:30,422.4660329307672,430.56677615372786,421.5823214813549,429.0448303222656,11525305
2025-05-06 00:00:00+05:30,429.5848686129065,431.69596540271175,425.16628139288804,427.6701354980469,15026568
2025-05-07 00:00:00+05:30,425.5590249840726,427.13008416028316,421.9259824773884,423.3497314453125,9710361
2025-05-08 00:00:00+05:30,421.2386332122387,423.6934038020536,415.88722134025767,422.8096923828125,19937960
2025-05-09 00:00:00+05:30,418.24384137926455,421.38592987740896,415.34719998420627,415.8872375488281,8226512
2025-05-12 00:00:00+05:30,421.7296134519522,428.3084110263286,420.40403125825395,427.6210632324219,8031891
2025-05-13 00:00:00+05:30,427.0318966442069,430.026734819032,417.654684739414,420.1585388183594,14976369
2025-05-14 00:00:00+05:30,419.3730364482981,424.0371008235316,418.1947345146855,421.33685302734375,9557309
2025-05-15 00:00:00+05:30,421.3368389928473,427.52284902460343,418.2929174036252,424.8226013183594,24263510
2025-05-16 00:00:00+05:30,427.03189925490824,428.3083979810754,424.2825680939457,427.81744384765625,16402035
2025-05-19 00:00:00+05:30,427.1300810084491,430.56675982116076,424.822590669679,427.4737548828125,7543854
2025-05-20 00:00:00+05:30,429.09390418210114,432.82514353663043,425.068074374028,427.0318908691406,9868414
2025-05-21 00:00:00+05:30,428.70116612622536,430.27222538595333,424.184381991556,425.1662902832031,5776672
2025-05-22 00:00:00+05:30,425.1662742449478,425.1662742449478,415.248994880322,418.39111328125,19451749
2025-05-23 00:00:00+05:30,426.14817819915925,431.05771942265187,421.2386369756667,428.40655517578125,18536884
2025-05-26 00:00:00+05:30,430.32130894917486,435.5254109103499,428.8484465112427,434.8871765136719,13107662
2025-05-27 00:00:00+05:30,434.8871621282408,436.1636608448351,423.0551795877558,426.04998779296875,26986022
2025-05-28 00:00:00+05:30,417.70001220703125,422.6000061035156,413.0,420.20001220703125,431851622
2025-05-29 00:00:00+05:30,422.0,422.79998779296875,416.6000061035156,418.75,21478547
2025-05-30 00:00:00+05:30,419.1000061035156,420.04998779296875,416.3999938964844,418.04998779296875,30656239
2025-06-02 00:00:00+05:30,418.29998779296875,420.45001220703125,414.54998779296875,419.29998779296875,14973380
2025-06-03 00:00:00+05:30,419.0,421.70001220703125,415.6499938964844,416.95001220703125,13216486
2025-06-04 00:00:00+05:30,417.1499938964844,419.0,415.95001220703125,417.0,12598933
2025-06-05 00:00:00+05:30,418.5,420.95001220703125,415.75,419.1000061035156,13212523
2025-06-06 00:00:00+05:30,420.29998779296875,421.29998779296875,419.0,421.04998779296875,8774988
2025-06-09 00:00:00+05:30,422.0,423.6000061035156,420.5,423.04998779296875,10473123
2025-06-10 00:00:00+05:30,424.5,428.54998779296875,423.04998779296875,427.0,13041075
2025-06-11 00:00:00+05:30,428.0,428.1000061035156,424.8500061035156,426.1499938964844,20789182
2025-06-12 00:00:00+05:30,427.0,427.20001220703125,419.54998779296875,421.0,18508835
2025-06-13 00:00:00+05:30,415.0,419.3500061035156,413.5,413.8999938964844,17873926
2025-06-16 00:00:00+05:30,414.95001220703125,418.8999938964844,413.25,418.20001220703125,7006629
2025-06-17 00:00:00+05:30,418.1000061035156,419.04998779296875,415.70001220703125,417.3999938964844,9028406
2025-06-18 00:00:00+05:30,417.0,418.45001220703125,414.8999938964844,415.8999938964844,8036215
2025-06-19 00:00:00+05:30,415.6499938964844,418.25,414.79998779296875,416.0,12601006
2025-06-20 00:00:00+05:30,416.0,419.5,416.0,418.54998779296875,13203184
2025-06-23 00:00:00+05:30,417.0,417.5,411.75,413.8999938964844,14839890
2025-06-24 00:00:00+05:30,416.8999938964844,420.6499938964844,413.75,414.3500061035156,16690068
2025-06-25 00:00:00+05:30,416.3999938964844,418.1499938964844,415.1000061035156,416.3500061035156,9946718
2025-06-26 00:00:00+05:30,417.20001220703125,420.8999938964844,416.25,420.29998779296875,13703918
2025-06-27 00:00:00+05:30,421.0,422.0,417.79998779296875,418.6499938964844,21409935
2025-06-30 00:00:00+05:30,419.79998779296875,420.75,415.79998779296875,416.45001220703125,12317124
2025-07-01 00:00:00+05:30,417.0,418.8500061035156,414.8999938964844,415.1000061035156,13670465
2025-07-02 00:00:00+05:30,416.8999938964844,416.8999938964844,411.70001220703125,412.95001220703125,15990899
2025-07-03 00:00:00+05:30,414.0,416.0,411.25,413.3500061035156,14185298
2025-07-04 00:00:00+05:30,414.8999938964844,415.0,411.75,412.54998779296875,8256733
2025-07-07 00:00:00+05:30,413.0,417.20001220703125,412.0,416.1499938964844,6845218
2025-07-08 00:00:00+05:30,416.1499938964844,418.1000061035156,414.6499938964844,417.20001220703125,6807192
2025-07-09 00:00:00+05:30,416.20001220703125,420.29998779296875,415.45001220703125,419.45001220703125,9930533
2025-07-10 00:00:00+05:30,420.29998779296875,420.29998779296875,416.3999938964844,416.8500061035156,6220360
2025-07-11 00:00:00+05:30,417.0,418.04998779296875,415.5,416.79998779296875,8578844
2025-07-14 00:00:00+05:30,417.04998779296875,419.95001220703125,416.54998779296875,419.3999938964844,6896989
2025-07-15 00:00:00+05:30,420.8999938964844,422.3999938964844,419.0,422.1000061035156,8532755
2025-07-16 00:00:00+05:30,422.1000061035156,425.45001220703125,420.29998779296875,424.6000061035156,9780773
2025-07-17 00:00:00+05:30,425.79998779296875,425.8999938964844,423.0,423.95001220703125,7240795
2025-07-18 00:00:00+05:30,425.20001220703125,425.20001220703125,420.1000061035156,422.75,6730256
2025-07-21 00:00:00+05:30,422.0,422.75,418.3999938964844,420.1000061035156,4822343
2025-07-22 00:00:00+05:30,420.1000061035156,420.3999938964844,415.20001220703125,416.0,9869507
2025-07-23 00:00:00+05:30,417.1000061035156,417.8999938964844,414.0,414.95001220703125,12196187
2025-07-24 00:00:00+05:30,415.8500061035156,415.8500061035156,409.45001220703125,409.95001220703125,9005157
2025-07-25 00:00:00+05:30,410.0,410.25,407.75,409.3999938964844,5824089
2025-07-28 00:00:00+05:30,410.79998779296875,410.8500061035156,408.6000061035156,409.8999938964844,8123337
2025-07-29 00:00:00+05:30,410.0,411.3999938964844,408.0,408.45001220703125,6811772
2025-07-30 00:00:00+05:30,409.0,409.29998779296875,405.75,407.6000061035156,10915863
2025-07-31 00:00:00+05:30,405.95001220703125,414.0,405.54998779296875,411.95001220703125,19364174
2025-08-01 00:00:00+05:30,412.3999938964844,419.3500061035156,411.79998779296875,416.45001220703125,14324065
2025-08-04 00:00:00+05:30,420.20001220703125,422.5,415.1000061035156,416.8500061035156,18352458
2025-08-05 00:00:00+05:30,417.20001220703125,417.95001220703125,413.0,414.1499938964844,8495104
2025-08-06 00:00:00+05:30,414.1499938964844,415.0,410.5,412.0,9080543
2025-08-07 00:00:00+05:30,412.0,414.75,411.6499938964844,413.6000061035156,11514878
2025-08-08 00:00:00+05:30,413.8999938964844,415.3500061035156,412.95001220703125,414.5,9814361
2025-08-11 00:00:00+05:30,414.5,417.0,414.0,416.8500061035156,8514272
2025-08-12 00:00:00+05:30,417.0,419.79998779296875,415.29998779296875,416.3500061035156,13635738
2025-08-13 00:00:00+05:30,417.20001220703125,417.5,413.6000061035156,414.1000061035156,10874910
2025-08-14 00:00:00+05:30,414.25,415.04998779296875,411.0,411.45001220703125,9580361
2025-08-18 00:00:00+05:30,413.0,413.70001220703125,404.8500061035156,406.29998779296875,30950814
2025-08-19 00:00:00+05:30,406.3500061035156,409.3999938964844,404.5,409.1000061035156,16681331
2025-08-20 00:00:00+05:30,409.1000061035156,410.25,405.45001220703125,406.04998779296875,18188129
2025-08-21 00:00:00+05:30,406.04998779296875,406.8500061035156,403.3500061035156,405.54998779296875,15028966
2025-08-22 00:00:00+05:30,406.0,406.5,397.5,398.29998779296875,13087624
2025-08-25 00:00:00+05:30,399.0,400.54998779296875,396.25,399.3500061035156,10440286
2025-08-26 00:00:00+05:30,399.29998779296875,405.3999938964844,398.3999938964844,403.3500061035156,13715752
2025-08-28 00:00:00+05:30,404.5,404.5,400.0,400.8999938964844,12471719
2025-08-29 00:00:00+05:30,402.0,410.45001220703125,401.8999938964844,409.75,25255050
2025-09-01 00:00:00+05:30,409.75,410.20001220703125,405.0,405.8500061035156,12268090
2025-09-02 00:00:00+05:30,406.54998779296875,407.8500061035156,404.45001220703125,406.75,19808255
2025-09-03 00:00:00+05:30,408.5,413.25,407.29998779296875,411.75,12936588
2025-09-04 00:00:00+05:30,423.95001220703125,427.0,415.0,415.8999938964844,27274123
2025-09-05 00:00:00+05:30,416.8999938964844,417.0,404.3999938964844,407.3500061035156,16000675
2025-09-08 00:00:00+05:30,407.45001220703125,410.54998779296875,406.79998779296875,407.54998779296875,7419022
2025-09-09 00:00:00+05:30,408.5,410.95001220703125,407.3999938964844,410.04998779296875,8825896
2025-09-10 00:00:00+05:30,411.0,413.70001220703125,408.95001220703125,413.04998779296875,9252397
2025-09-11 00:00:00+05:30,413.04998779296875,416.70001220703125,412.45001220703125,415.04998779296875,8274406
2025-09-12 00:00:00+05:30,415.3500061035156,417.04998779296875,412.8500061035156,413.75,7803379
2025-09-15 00:00:00+05:30,413.04998779296875,414.29998779296875,411.75,412.6499938964844,5707331
2025-09-16 00:00:00+05:30,413.20001220703125,414.3500061035156,412.0,413.1000061035156,8239087
2025-09-17 00:00:00+05:30,413.95001220703125,414.6000061035156,408.04998779296875,409.29998779296875,14113882
2025-09-18 00:00:00+05:30,411.3500061035156,413.04998779296875,410.1000061035156,411.54998779296875,15647808
2025-09-19 00:00:00+05:30,411.54998779296875,412.6000061035156,408.95001220703125,410.6499938964844,19505321
2025-09-22 00:00:00+05:30,410.6499938964844,411.0,406.04998779296875,406.95001220703125,8930779
2025-09-23 00:00:00+05:30,407.1000061035156,408.1000061035156,402.1000061035156,403.20001220703125,14936357
2025-09-24 00:00:00+05:30,403.20001220703125,404.6499938964844,400.70001220703125,401.0,12380865
2025-09-25 00:00:00+05:30,401.45001220703125,403.0,398.0,400.1000061035156,22006368
2025-09-26 00:00:00+05:30,400.1000061035156,405.8999938964844,399.79998779296875,405.1000061035156,14414044
2025-09-29 00:00:00+05:30,406.8999938964844,408.0,403.20001220703125,407.25,19717660
2025-09-30 00:00:00+05:30,406.75,406.75,400.3999938964844,401.54998779296875,9465490
2025-10-01 00:00:00+05:30,402.3500061035156,406.0,399.75,405.6000061035156,17643039
2025-10-03 00:00:00+05:30,404.8999938964844,405.5,402.29998779296875,404.29998779296875,16987141
2025-10-06 00:00:00+05:30,403.0,403.8999938964844,399.79998779296875,400.75,13989077
2025-10-07 00:00:00+05:30,402.5,402.6000061035156,399.5,399.79998779296875,12298968
2025-10-08 00:00:00+05:30,400.0,401.75,398.0,399.75,8402463
2025-10-09 00:00:00+05:30,399.0,401.3999938964844,398.95001220703125,399.8999938964844,15656267
2025-10-10 00:00:00+05:30,400.45001220703125,403.8500061035156,399.5,402.79998779296875,15085738
2025-10-13 00:00:00+05:30,400.0,400.95001220703125,398.54998779296875,399.25,9508594
2025-10-14 00:00:00+05:30,400.0,400.8500061035156,396.20001220703125,396.79998779296875,10291102
2025-10-15 00:00:00+05:30,398.0,400.8500061035156,397.25,399.8999938964844,16043867
2025-10-16 00:00:00+05:30,401.0,406.0,399.54998779296875,405.1499938964844,22962049
2025-10-17 00:00:00+05:30,405.3500061035156,413.8500061035156,405.25,412.1499938964844,21071344
2025-10-20 00:00:00+05:30,412.54998779296875,414.8500061035156,411.29998779296875,413.04998779296875,13083621
2025-10-21 00:00:00+05:30,413.5,413.95001220703125,412.3500061035156,412.8500061035156,1142130
2025-10-23 00:00:00+05:30,416.0,420.45001220703125,413.54998779296875,415.95001220703125,24305990
2025-10-24 00:00:00+05:30,415.95001220703125,417.95001220703125,413.45001220703125,416.79998779296875,14935678
2025-10-27 00:00:00+05:30,417.0,422.70001220703125,416.6000061035156,420.6499938964844,11603679
2025-10-28 00:00:00+05:30,420.5,421.6499938964844,415.8999938964844,417.8999938964844,17163147
2025-10-29 00:00:00+05:30,418.20001220703125,422.20001220703125,416.04998779296875,421.6000061035156,11470661
2025-10-30 00:00:00+05:30,421.6000061035156,421.70001220703125,416.1499938964844,418.75,12938674
2025-10-31 00:00:00+05:30,420.5,426.3999938964844,418.20001220703125,420.3500061035156,18599864
2025-11-03 00:00:00+05:30,419.95001220703125,421.6499938964844,413.29998779296875,413.95001220703125,7635440
2025-11-04 00:00:00+05:30,414.0,414.5,408.3500061035156,408.8999938964844,10085404
2025-11-05 00:00:00+05:30,408.8999938964844,408.8999938964844,408.8999938964844,408.8999938964844,0
2025-11-06 00:00:00+05:30,410.0,413.29998779296875,406.54998779296875,407.5,10095563
2025-11-07 00:00:00+05:30,406.04998779296875,409.1000061035156,403.1000061035156,404.04998779296875,8411611
2025-11-10 00:00:00+05:30,404.04998779296875,407.1000061035156,403.6499938964844,405.54998779296875,6650003
2025-11-11 00:00:00+05:30,406.0,408.04998779296875,404.6000061035156,406.8500061035156,12005318
2025-11-12 00:00:00+05:30,408.0,408.1000061035156,405.54998779296875,407.0,7987236
2025-11-13 00:00:00+05:30,407.0,407.5,404.5,405.70001220703125,6617185
2025-11-14 00:00:00+05:30,404.70001220703125,408.75,400.1000061035156,408.1499938964844,64020258
2025-11-17 00:00:00+05:30,409.75,412.0,406.0,407.1000061035156,7855399
2025-11-18 00:00:00+05:30,408.25,409.79998779296875,404.54998779296875,405.8500061035156,7661681
2025-11-19 00:00:00+05:30,404.8500061035156,405.54998779296875,402.79998779296875,403.54998779296875,7882450
2025-11-20 00:00:00+05:30,403.54998779296875,407.0,403.25,405.45001220703125,6693410
2025-11-21 00:00:00+05:30,405.0,408.5,404.70001220703125,407.8500061035156,5808131
2025-11-24 00:00:00+05:30,408.3999938964844,408.79998779296875,402.8500061035156,403.54998779296875,11037491
2025-11-25 00:00:00+05:30,403.54998779296875,404.5,400.1000061035156,400.79998779296875,8199785
2025-11-26 00:00:00+05:30,401.0,403.95001220703125,400.95001220703125,402.29998779296875,11443953
2025-11-27 00:00:00+05:30,403.5,405.95001220703125,402.1000061035156,404.29998779296875,8679529
2025-11-28 00:00:00+05:30,404.29998779296875,405.0,402.5,404.25,6883500
2025-12-01 00:00:00+05:30,402.79998779296875,405.5,398.20001220703125,404.25,13442658
2025-12-02 00:00:00+05:30,404.25,405.5,400.5,400.95001220703125,8093808
2025-12-03 00:00:00+05:30,401.70001220703125,402.20001220703125,398.8500061035156,400.5,10772192
2025-12-04 00:00:00+05:30,400.1000061035156,403.54998779296875,399.04998779296875,403.04998779296875,8057989
2025-12-05 00:00:00+05:30,403.04998779296875,405.3500061035156,402.0,404.95001220703125,4419747
2025-12-08 00:00:00+05:30,404.95001220703125,405.25,400.54998779296875,402.29998779296875,6056866
2025-12-09 00:00:00+05:30,402.0,404.5,400.0,401.04998779296875,9426717
2025-12-10 00:00:00+05:30,401.1000061035156,404.3999938964844,401.0,403.1499938964844,6969146
2025-12-11 00:00:00+05:30,403.1499938964844,404.0,401.1000061035156,402.8999938964844,6980147
2025-12-12 00:00:00+05:30,402.8999938964844,404.0,399.8500061035156,400.1000061035156,12407516
2025-12-15 00:00:00+05:30,400.1000061035156,403.3500061035156,399.5,402.29998779296875,7756564
2025-12-16 00:00:00+05:30,401.3999938964844,405.75,401.04998779296875,401.70001220703125,12347384
2025-12-17 00:00:00+05:30,401.0,403.1000061035156,399.1000061035156,399.79998779296875,8087490
2025-12-18 00:00:00+05:30,400.0,401.95001220703125,399.8500061035156,400.3999938964844,7227668
2025-12-19 00:00:00+05:30,400.25,402.6499938964844,400.25,401.04998779296875,10654835
2025-12-22 00:00:00+05:30,401.6000061035156,403.6499938964844,401.20001220703125,402.70001220703125,6847871
2025-12-23 00:00:00+05:30,402.5,408.8999938964844,401.79998779296875,407.3500061035156,10081997
2025-12-24 00:00:00+05:30,407.95001220703125,409.5,405.6499938964844,406.6000061035156,5777430
2025-12-25 00:00:00+05:30,406.6000061035156,406.6000061035156,406.6000061035156,406.6000061035156,0
2025-12-26 00:00:00+05:30,406.5,407.1499938964844,403.8500061035156,404.1499938964844,3152453
2025-12-29 00:00:00+05:30,404.1000061035156,404.79998779296875,401.45001220703125,402.6000061035156,6647710
2025-12-30 00:00:00+05:30,403.0,403.45001220703125,400.29998779296875,400.6000061035156,12340527
2025-12-31 00:00:00+05:30,401.1000061035156,403.75,400.8500061035156,403.0,9945109
2026-01-01 00:00:00+05:30,402.70001220703125,402.70001220703125,362.70001220703125,363.8500061035156,282626710
2026-01-02 00:00:00+05:30,360.0,360.0,345.25,350.04998779296875,118790358
