Date,Open,High,Low,Close,Volume
2021-01-04 00:00:00+05:30,1238.3700330470137,1255.0240212058352,1235.5232053848367,1247.4798583984375,4014636
2021-01-05 00:00:00+05:30,1240.2677289764429,1245.9613834323409,1228.9279135201914,1239.603515625,2833637
2021-01-06 00:00:00+05:30,1241.2167455943209,1262.0934798474364,1233.6252058659152,1246.910400390625,4615963
2021-01-07 00:00:00+05:30,1262.093437331281,1278.0357165589664,1257.3487251608626,1270.58642578125,4270598
2021-01-08 00:00:00+05:30,1280.8826891439714,1312.3400417317023,1278.2256036920803,1303.2777099609375,4984995
2021-01-11 00:00:00+05:30,1311.4384230324074,1314.2377568333236,1276.3275535300925,1281.072265625,3252470
2021-01-12 00:00:00+05:30,1284.8679578735348,1297.061844055092,1275.426027708728,1280.8824462890625,2836161
2021-01-13 00:00:00+05:30,1284.8681158661623,1302.8980229573417,1275.6634201599577,1283.4447021484375,4389762
2021-01-14 00:00:00+05:30,1288.663781411314,1318.745209207855,1287.0031322084644,1306.3140869140625,5168591
2021-01-15 00:00:00+05:30,1306.408957624736,1313.8107546904648,1276.3750232916761,1285.0103759765625,2587576
2021-01-18 00:00:00+05:30,1276.517325392192,1284.7257006749871,1258.44004139243,1267.8345947265625,3185998
2021-01-19 00:00:00+05:30,1271.6303975012167,1311.4384876024021,1268.7360766457393,1299.9088134765625,3885798
2021-01-20 00:00:00+05:30,1299.1022102791208,1321.9243224704562,1292.9815778294676,1312.0552978515625,3957992
2021-01-21 00:00:00+05:30,1323.7748032925958,1324.7237458039167,1291.5582513683362,1301.284912109375,2985423
2021-01-22 00:00:00+05:30,1292.4595722851902,1304.7958237093515,1279.6488496524075,1292.554443359375,3282665
2021-01-25 00:00:00+05:30,1300.051286029034,1325.1033923726104,1273.4808947817253,1291.7955322265625,4847989
2021-01-27 00:00:00+05:30,1298.9124155853701,1321.5920464870146,1262.1882748597934,1290.4193115234375,8896211
2021-01-28 00:00:00+05:30,1276.042954236456,1295.4014047198743,1271.5829707487642,1276.6597900390625,2962948
2021-01-29 00:00:00+05:30,1292.4596425306995,1299.1022398124285,1257.4436422637589,1266.553466796875,5130876
2021-02-01 00:00:00+05:30,1277.0394141947677,1387.3539836914363,1268.9259091999281,1374.8753662109375,11317043
2021-02-02 00:00:00+05:30,1398.7412986155352,1511.6654604440623,1398.7412986155352,1442.5823974609375,14349665
2021-02-03 00:00:00+05:30,1451.8819016183031,1478.4522893603373,1428.1583411343438,1450.5059814453125,6197782
2021-02-04 00:00:00+05:30,1447.1371687891324,1470.8607289332165,1432.903032702682,1451.692138671875,3957579
2021-02-05 00:00:00+05:30,1456.0572593250154,1468.013910541981,1433.9468548027176,1439.0711669921875,3270494
2021-02-08 00:00:00+05:30,1443.4837402249568,1489.8395528252613,1442.3924333085333,1472.56884765625,5223019
2021-02-09 00:00:00+05:30,1477.5032442205868,1494.1097354048259,1466.1159359799656,1486.470703125,3825206
2021-02-10 00:00:00+05:30,1480.3503921524082,1484.1461623886964,1450.648443718367,1473.5654296875,2578777
2021-02-11 00:00:00+05:30,1470.2914811010182,1480.2553770015613,1448.6081689040436,1452.3564453125,2720190
2021-02-12 00:00:00+05:30,1456.6265485261495,1465.1670299181596,1438.69151443539,1443.6734619140625,1867284
2021-02-15 00:00:00+05:30,1449.0350973279808,1465.1671187127718,1443.673549406084,1459.141357421875,1917477
2021-02-16 00:00:00+05:30,1461.3714071604606,1493.6354512146524,1460.4224646882785,1470.3388671875,3838556
2021-02-17 00:00:00+05:30,1465.1671673860853,1486.992844102329,1454.7288002609255,1469.2950439453125,2340184
2021-02-18 00:00:00+05:30,1463.4590550093005,1471.9995373800043,1437.7902302755308,1446.7576904296875,2446843
2021-02-19 00:00:00+05:30,1446.0459185610396,1468.013959283468,1422.322357486646,1431.764404296875,3044240
2021-02-22 00:00:00+05:30,1433.7571913312122,1434.753511415308,1373.214615822233,1378.05419921875,6168108
2021-02-23 00:00:00+05:30,1387.3539802410853,1421.515911355093,1385.4560951791962,1410.413330078125,3733776
2021-02-24 00:00:00+05:30,1410.7928096249032,1453.7799524656627,1410.7928096249032,1448.6556396484375,2380414
2021-02-25 00:00:00+05:30,1455.6778367887173,1461.9408343009702,1425.3116759169839,1429.534423828125,3168105
2021-02-26 00:00:00+05:30,1406.332714166757,1417.2455523671063,1361.8747834485264,1368.8494873046875,5579058
2021-03-01 00:00:00+05:30,1381.6602447937262,1410.1285190683222,1364.7690223890509,1397.64990234375,2494481
2021-03-02 00:00:00+05:30,1403.7706252744706,1413.5921565529673,1383.7004691085065,1409.79638671875,2089473
2021-03-03 00:00:00+05:30,1417.2454964503872,1432.903046293997,1405.7158229434622,1420.471923828125,2184001
2021-03-04 00:00:00+05:30,1397.792242517476,1418.052140855535,1383.558105628296,1387.9232177734375,3530366
2021-03-05 00:00:00+05:30,1379.3826605726506,1401.777678225329,1365.6229956619236,1388.82470703125,3306902
2021-03-08 00:00:00+05:30,1402.5370314065203,1447.1373294282434,1394.9454913177165,1437.837646484375,4150049
2021-03-09 00:00:00+05:30,1447.1372092767283,1454.06453536769,1415.6323668590294,1431.2899169921875,3779948
2021-03-10 00:00:00+05:30,1445.2392451662413,1456.3893181345297,1430.5306382719034,1446.3779296875,2210547
2021-03-12 00:00:00+05:30,1448.3708908729739,1485.0949169244602,1426.4028502442188,1436.6988525390625,4885349
2021-03-15 00:00:00+05:30,1442.3924481360573,1450.0788584092431,1388.58746038606,1407.9932861328125,3181450
2021-03-16 00:00:00+05:30,1412.311160670486,1420.566914036215,1382.6092142623681,1387.1641845703125,3233903
2021-03-17 00:00:00+05:30,1400.6389883392774,1416.7235157524042,1358.6482869612198,1364.2470703125,5178384
2021-03-18 00:00:00+05:30,1381.23310777326,1394.6605495879066,1347.4981603120611,1355.1845703125,3381940
2021-03-19 00:00:00+05:30,1342.753602641995,1349.2538354307069,1308.212073371155,1339.195068359375,9920812
2021-03-22 00:00:00+05:30,1337.0600057894135,1345.0311460957994,1321.1652186375522,1328.5670166015625,2964175
2021-03-23 00:00:00+05:30,1330.3223542859291,1344.176889955917,1326.7163268835502,1332.647216796875,2564844
2021-03-24 00:00:00+05:30,1328.5193566342314,1335.1619534174024,1290.6091541853539,1299.2445068359375,4237815
2021-03-25 00:00:00+05:30,1291.5105539495858,1318.0809400705177,1291.5105539495858,1301.0948486328125,3894604
2021-03-26 00:00:00+05:30,1315.5190618301474,1336.1110681793618,1311.4385626590044,1326.9063720703125,3093766
2021-03-30 00:00:00+05:30,1336.1109640583097,1355.2795551337251,1324.2966769398915,1350.8670654296875,2801282
2021-03-31 00:00:00+05:30,1350.9144509609785,1358.5059905739513,1338.3884569346537,1346.4544677734375,2400871
2021-04-01 00:00:00+05:30,1358.8856330608257,1373.92634822011,1347.9727945271668,1370.84228515625,1380763
2021-04-05 00:00:00+05:30,1365.5280918231676,1365.5280918231676,1310.869033622385,1332.1253662109375,2548649
2021-04-06 00:00:00+05:30,1334.1181025040055,1343.987126329556,1322.1614517974137,1329.46826171875,1824079
2021-04-07 00:00:00+05:30,1330.4171482814138,1344.8410253799177,1318.3181335591682,1332.4573974609375,1841308
2021-04-08 00:00:00+05:30,1338.0086828491794,1361.5424989251476,1338.0086828491794,1346.6915283203125,1644834
2021-04-09 00:00:00+05:30,1341.8047102744847,1344.6515378068918,1325.7675586743837,1332.41015625,2015002
2021-04-12 00:00:00+05:30,1322.7784196554264,1322.7784196554264,1263.9914750883186,1276.4700927734375,3755497
2021-04-13 00:00:00+05:30,1278.462653543167,1311.4384020758264,1278.462653543167,1303.5621337890625,2063654
2021-04-15 00:00:00+05:30,1308.5442505487194,1320.0739254129426,1288.7588220392413,1304.4638671875,2625838
2021-04-16 00:00:00+05:30,1291.036176066136,1322.1615341064485,1286.10172176502,1289.755126953125,3752588
2021-04-19 00:00:00+05:30,1271.5827977590743,1277.4661942195985,1239.3187566219037,1243.54150390625,4157065
2021-04-20 00:00:00+05:30,1252.6040077567593,1271.0608916874894,1250.4213938324065,1263.516845703125,2989204
2021-04-22 00:00:00+05:30,1243.11456163263,1271.1083628297008,1240.504969995615,1268.5462646484375,2398100
2021-04-23 00:00:00+05:30,1262.0935478057656,1275.995578849514,1247.337445329043,1255.3560791015625,2062964
2021-04-26 00:00:00+05:30,1262.1408489599312,1272.7214637438335,1255.4507588982988,1267.692138671875,1431562
2021-04-27 00:00:00+05:30,1270.6339928657856,1317.5591526152534,1267.6922943172074,1310.157470703125,4303909
2021-04-28 00:00:00+05:30,1314.1428906904262,1328.4718981032781,1302.423474939566,1305.64990234375,3220346
2021-04-29 00:00:00+05:30,1313.2889376695866,1318.6031083847884,1284.3936846347922,1289.28076171875,2221346
2021-04-30 00:00:00+05:30,1281.0722116797374,1295.3063473650677,1267.8818894437927,1272.009765625,1968093
2021-05-03 00:00:00+05:30,1257.82329956282,1282.30606270569,1251.7975377796083,1273.955322265625,1653245
2021-05-04 00:00:00+05:30,1281.0722064711322,1281.9262777763179,1263.0423013430197,1269.3052978515625,2029558
2021-05-05 00:00:00+05:30,1273.670556199738,1277.9882908387492,1256.3998493191045,1270.3018798828125,1813150
2021-05-06 00:00:00+05:30,1275.378678063904,1287.287952382395,1267.5499026963244,1271.488037109375,2333882
2021-05-07 00:00:00+05:30,1278.2253960625847,1290.4667760298319,1270.6338569619902,1274.1448974609375,2362325
2021-05-10 00:00:00+05:30,1278.2254226520497,1327.428063303745,1278.2254226520497,1323.774658203125,3929224
2021-05-11 00:00:00+05:30,1309.5404956093594,1328.4244723005404,1305.839597128142,1312.9566650390625,1975828
2021-05-12 00:00:00+05:30,1309.5406268631518,1352.2430386086894,1306.6937994134494,1314.570068359375,4283174
2021-05-14 00:00:00+05:30,1322.8256446140388,1351.1990442334848,1303.8942909419054,1343.2279052734375,4558155
2021-05-17 00:00:00+05:30,1359.8345105075095,1367.4260499939437,1298.3429943323135,1315.9459228515625,9620003
2021-05-18 00:00:00+05:30,1333.264239971295,1349.396262803688,1325.672699814875,1344.936279296875,3312380
2021-05-19 00:00:00+05:30,1341.8048478820067,1361.7326426525315,1328.5196513683234,1331.79345703125,3215258
2021-05-20 00:00:00+05:30,1338.7680423436254,1354.0933700984285,1330.0851958393416,1337.7716064453125,1996254
2021-05-21 00:00:00+05:30,1342.753384663035,1351.958078844732,1335.2567171570963,1345.647705078125,2185322
2021-05-24 00:00:00+05:30,1347.4982458075308,1383.5580580192816,1338.0088215412807,1369.5611572265625,5035538
2021-05-25 00:00:00+05:30,1385.4558949206735,1387.3062862534691,1368.4698029044496,1376.867919921875,2892219
2021-05-26 00:00:00+05:30,1384.4121931108948,1401.2084285003984,1378.6236672095106,1397.6973876953125,3230579
2021-05-27 00:00:00+05:30,1400.5914346823868,1409.1794094047445,1387.1164994595188,1407.13916015625,3747221
2021-05-28 00:00:00+05:30,1411.1721953185863,1423.0814685664475,1398.646202191612,1402.6317138671875,2315923
2021-05-31 00:00:00+05:30,1397.1280454165392,1400.6390862217154,1383.1311439790254,1392.7628173828125,2405318
2021-06-01 00:00:00+05:30,1391.102284610593,1416.2967556440703,1388.3029504236347,1399.358154296875,2077742
2021-06-02 00:00:00+05:30,1393.3323026869623,1399.3105708639796,1380.7588147099395,1395.94189453125,2469417
2021-06-03 00:00:00+05:30,1404.5297356578435,1437.6478512400902,1397.9820094054467,1433.709716796875,3025466
2021-06-04 00:00:00+05:30,1441.3959659739737,1468.2510813688261,1439.4507036189018,1459.04638671875,5677538
2021-06-07 00:00:00+05:30,1466.543041486585,1489.3651534091061,1462.083058372144,1478.2625732421875,3131245
2021-06-08 00:00:00+05:30,1481.299143927921,1502.1758775386925,1467.1125008320448,1470.05419921875,3945382
2021-06-09 00:00:00+05:30,1470.8607575734934,1475.605469694698,1436.0346169389293,1441.728271484375,3025732
2021-06-10 00:00:00+05:30,1447.137106886109,1455.6775881726498,1437.6476832343967,1442.107666015625,1584311
2021-06-11 00:00:00+05:30,1443.3416100599354,1449.1776298756492,1422.1327673597334,1426.6876220703125,1909384
2021-06-14 00:00:00+05:30,1426.68745877484,1441.9180312045785,1402.5369201187016,1438.3594970703125,2005404
2021-06-15 00:00:00+05:30,1442.3924552340188,1445.9034957965498,1428.9648970391368,1433.6622314453125,1831871
2021-06-16 00:00:00+05:30,1428.964963589276,1438.5967526136956,1412.0263640429941,1414.7783203125,1504791
2021-06-17 00:00:00+05:30,1405.3837459513,1423.2712876798992,1404.6720391251936,1411.599365234375,1675778
2021-06-18 00:00:00+05:30,1411.599369576771,1414.8256811948852,1385.5508301585287,1400.6390380859375,4649835
2021-06-21 00:00:00+05:30,1385.4560273135278,1394.3761098350053,1373.357010636646,1392.1461181640625,1970012
2021-06-22 00:00:00+05:30,1395.0402179001655,1427.9685891271897,1394.5183690757397,1422.6544189453125,3862264
2021-06-23 00:00:00+05:30,1428.158288865108,1430.056173634364,1400.7338307818206,1403.7230224609375,1818874
2021-06-24 00:00:00+05:30,1413.9242700657358,1435.9396888753022,1406.3327303606848,1427.2569580078125,2762042
2021-06-25 00:00:00+05:30,1433.3776611685025,1451.2178266892647,1430.530833638873,1446.0460205078125,2099002
2021-06-28 00:00:00+05:30,1448.0861861813935,1449.9365776333727,1433.235213594627,1437.1258544921875,1173658
2021-06-29 00:00:00+05:30,1435.749835929391,1451.6921144149073,1427.1144833487756,1433.757080078125,2174022
2021-06-30 00:00:00+05:30,1438.5969070911985,1445.619105135044,1419.1435847987384,1423.935791015625,2139362
2021-07-01 00:00:00+05:30,1420.6616656105157,1426.2604490237238,1404.5771380194788,1416.1068115234375,2060651
2021-07-02 00:00:00+05:30,1423.413687831464,1424.0305235970648,1400.1645975968834,1409.79638671875,1814564
2021-07-05 00:00:00+05:30,1413.9242925232043,1436.698912000088,1412.0264075667972,1430.957763671875,1605396
2021-07-06 00:00:00+05:30,1429.107283709731,1441.4435351627367,1423.4136291929592,1428.6328125,1072506
2021-07-07 00:00:00+05:30,1418.6689131350702,1442.1077444952664,1418.6689131350702,1439.023681640625,1096808
2021-07-08 00:00:00+05:30,1426.2604948179292,1446.1882861626907,1420.5668401479975,1424.077880859375,1456033
2021-07-09 00:00:00+05:30,1421.420901806806,1426.1181205423343,1409.6539924017823,1423.0340576171875,1248405
2021-07-12 00:00:00+05:30,1427.5891516501756,1438.5968617253873,1415.4426410472256,1424.12548828125,865284
2021-07-13 00:00:00+05:30,1437.647756413591,1437.647756413591,1424.694669302127,1436.3192138671875,995833
2021-07-14 00:00:00+05:30,1436.2718353373232,1470.765868877677,1431.0051586108054,1465.831298828125,4010254
2021-07-15 00:00:00+05:30,1470.8607119573687,1542.0313915682093,1470.8132185025504,1527.180419921875,9066480
2021-07-16 00:00:00+05:30,1527.1805037689944,1539.9438491825708,1513.6580739005099,1536.1005859375,4157388
2021-07-19 00:00:00+05:30,1518.307900374667,1555.6962555889331,1516.030415356565,1527.417724609375,3027093
2021-07-20 00:00:00+05:30,1527.6548893729782,1539.8013983477545,1501.2268668752356,1509.1505126953125,1847026
2021-07-22 00:00:00+05:30,1527.7973844699268,1563.0506205772551,1510.2894421444682,1558.305908203125,3231269
2021-07-23 00:00:00+05:30,1560.0614021056306,1561.911793565018,1524.8081665973211,1529.4580078125,2259058
2021-07-26 00:00:00+05:30,1529.457830841994,1544.213930702488,1511.4754196653862,1516.0302734375,2219416
2021-07-27 00:00:00+05:30,1527.939610385819,1536.3377273585663,1503.361979350098,1526.1365966796875,3984778
2021-07-28 00:00:00+05:30,1528.2479220617595,1536.7412146410677,1490.388455357962,1529.9273681640625,4119892
2021-07-29 00:00:00+05:30,1529.735418257558,1542.5471688765556,1522.0579506627898,1531.65478515625,1672177
2021-07-30 00:00:00+05:30,1533.5741487320984,1559.3896568933428,1521.098263917632,1536.885009765625,2536568
2021-08-02 00:00:00+05:30,1541.5396186230043,1552.7678684637226,1537.4609638387208,1548.881103515625,1083353
2021-08-03 00:00:00+05:30,1559.4857227364037,1572.6333401239267,1545.3784218271967,1568.458740234375,1777140
2021-08-04 00:00:00+05:30,1573.8809080431192,1578.007593868875,1548.5452407277746,1557.7581787109375,2067087
2021-08-05 00:00:00+05:30,1554.687259149479,1567.0191686086387,1543.9388508840404,1561.7889404296875,1831728
2021-08-06 00:00:00+05:30,1561.4050229127727,1572.9212246798,1543.4589886853669,1545.42626953125,1192143
2021-08-09 00:00:00+05:30,1554.6871730839327,1558.5259068446337,1525.8966698786746,1533.0462646484375,1223794
2021-08-10 00:00:00+05:30,1541.2516716513296,1544.994460659832,1508.6224332726588,1524.4091796875,1429931
2021-08-11 00:00:00+05:30,1526.0886413175447,1533.4782744913828,1499.7453763355222,1519.4669189453125,1370930
2021-08-12 00:00:00+05:30,1525.8968019524632,1561.4050923123634,1518.219333766539,1557.9981689453125,1645811
2021-08-13 00:00:00+05:30,1560.4453822061375,1609.1973512157895,1559.4856986992459,1601.135986328125,5439442
2021-08-16 00:00:00+05:30,1606.510144823702,1609.4372262959782,1586.692657540519,1589.331787109375,1794407
2021-08-17 00:00:00+05:30,1591.1551810700323,1597.8729653085668,1559.5336578353317,1572.6812744140625,1838525
2021-08-18 00:00:00+05:30,1580.5987098681271,1594.1302236630906,1561.500984965145,1567.0191650390625,1570228
2021-08-20 00:00:00+05:30,1553.63160127974,1557.5662800979044,1525.8967254193888,1529.3515625,2416059
2021-08-23 00:00:00+05:30,1535.5896286989869,1553.7276712683358,1504.687865172593,1517.019775390625,1973841
2021-08-24 00:00:00+05:30,1525.8966473919538,1548.3052319600458,1518.986973584061,1541.0596923828125,1580003
2021-08-25 00:00:00+05:30,1549.840791008598,1560.4453403347475,1525.896735013683,1529.5435791015625,1795313
2021-08-26 00:00:00+05:30,1529.543581061111,1538.3245912057077,1521.0983195567082,1531.4149169921875,2051262
2021-08-27 00:00:00+05:30,1539.3321921424454,1599.5042951877238,1533.6221227032042,1572.057373046875,4903187
2021-08-30 00:00:00+05:30,1580.3107500799688,1617.018643432089,1578.7752799316133,1593.1705322265625,3345934
2021-08-31 00:00:00+05:30,1593.1226539433624,1608.4295590328459,1578.6793702917848,1604.78271484375,3264644
2021-09-01 00:00:00+05:30,1604.8306123153627,1648.73612914205,1604.7825812844249,1618.41015625,3530101
2021-09-02 00:00:00+05:30,1619.8496717554851,1641.0586519562598,1614.1875161347539,1618.2181396484375,2400278
2021-09-03 00:00:00+05:30,1628.5828244364052,1635.5885605230474,1604.6866829580379,1623.3045654296875,2336258
2021-09-06 00:00:00+05:30,1631.4619631575617,1646.8168992813976,1622.057017922166,1625.895751953125,1850835
2021-09-07 00:00:00+05:30,1625.8957016789432,1636.2603301015947,1611.7403703774778,1613.899658203125,1734879
2021-09-08 00:00:00+05:30,1614.1876590290717,1626.3755927103514,1591.155254857432,1599.360595703125,1644392
2021-09-09 00:00:00+05:30,1588.4679676861247,1612.843950256459,1588.4679676861247,1602.7193603515625,1225239
2021-09-13 00:00:00+05:30,1595.042004410446,1608.0936765510182,1593.55444812928,1604.3028564453125,1578773
2021-09-14 00:00:00+05:30,1608.4294520712558,1630.3102814530093,1607.8536654346535,1628.054931640625,1407269
2021-09-15 00:00:00+05:30,1631.4618705522896,1655.0700600728628,1628.5828201924915,1647.7764892578125,2757989
2021-09-16 00:00:00+05:30,1640.6748884030158,1658.8129299853622,1640.339022607741,1651.855224609375,2128381
2021-09-17 00:00:00+05:30,1654.4943672821396,1671.4807185089585,1637.31600906446,1647.0087890625,3473932
2021-09-20 00:00:00+05:30,1631.6537648376766,1665.05079596205,1631.413843973705,1635.636474609375,1820374
2021-09-21 00:00:00+05:30,1630.1182991259686,1660.9721457455246,1624.1683085430036,1651.519287109375,2029747
2021-09-22 00:00:00+05:30,1651.5193201281234,1660.2524163450212,1637.2200128812754,1641.9224853515625,1487933
2021-09-23 00:00:00+05:30,1649.0240509935293,1703.4380535051087,1645.9050799096467,1698.3516845703125,3702946
2021-09-24 00:00:00+05:30,1708.236624889576,1737.0271298034452,1679.4461199757068,1697.440185546875,3612494
2021-09-27 00:00:00+05:30,1700.5590997223105,1710.875696969497,1666.9701784524002,1669.46533203125,1650711
2021-09-28 00:00:00+05:30,1674.9357019659988,1688.1313504262714,1649.6959784151668,1667.1142578125,1442615
2021-09-29 00:00:00+05:30,1662.1718752837196,1671.7687105913624,1647.392725480176,1651.6153564453125,1698747
2021-09-30 00:00:00+05:30,1650.607588242858,1664.3311091463959,1628.5828987870457,1634.29296875,1792078
2021-10-01 00:00:00+05:30,1629.0627251410958,1643.4579774987492,1619.4658902359938,1628.4869384765625,1563937
2021-10-04 00:00:00+05:30,1628.102860384442,1654.4461224064537,1616.1548491173767,1646.096923828125,1588493
2021-10-05 00:00:00+05:30,1645.3773905822043,1669.8493202759028,1637.2200806843048,1647.4886474609375,1705242
2021-10-06 00:00:00+05:30,1647.4887253366076,1665.9147200309908,1621.8652210703701,1626.711669921875,1845661
2021-10-07 00:00:00+05:30,1641.0587344663215,1659.5806723055152,1631.4618997618402,1643.409912109375,1378863
2021-10-08 00:00:00+05:30,1669.8492962878793,1670.808979791493,1650.6556262156048,1657.2774658203125,1755402
2021-10-11 00:00:00+05:30,1663.8511847268846,1676.4230145169672,1645.857120003811,1647.6805419921875,1528151
2021-10-12 00:00:00+05:30,1641.538584684843,1655.9818678492734,1631.4619081930623,1648.9281005859375,1671988
2021-10-13 00:00:00+05:30,1657.3734549523945,1692.7858006101608,1654.542435400761,1681.41357421875,2105025
2021-10-14 00:00:00+05:30,1703.4381010818297,1744.6085439687338,1696.1924442712063,1717.16162109375,4440909
2021-10-18 00:00:00+05:30,1734.291976061343,1737.506892200127,1710.1559137810693,1716.3458251953125,1918546
2021-10-19 00:00:00+05:30,1736.8352522792682,1809.0034049155577,1729.3977051237798,1771.623779296875,6639827
2021-10-20 00:00:00+05:30,1780.2128666585677,1793.3125696731863,1723.8794928858445,1733.860107421875,3295376
2021-10-21 00:00:00+05:30,1741.82543603928,1752.8617955513746,1718.8410646105908,1732.9483642578125,2774633
2021-10-22 00:00:00+05:30,1742.7852815725694,1757.6603762115424,1709.5322239982531,1719.9927978515625,1520637
2021-10-25 00:00:00+05:30,1719.9927733643904,1739.714316383869,1689.3788459199293,1712.2193603515625,2488386
2021-10-26 00:00:00+05:30,1713.034981936652,1738.8504905283826,1709.7241208479152,1723.8314208984375,1930107
2021-10-27 00:00:00+05:30,1728.3900185196915,1740.8659042724712,1703.5341919363034,1712.603271484375,1408879
2021-10-28 00:00:00+05:30,1726.9984129239365,1786.9305979894414,1718.793072502196,1741.105712890625,6379424
2021-10-29 00:00:00+05:30,1748.543260663731,1751.3263661220017,1665.8185934347932,1695.4248046875,3984689
2021-11-01 00:00:00+05:30,1704.3979208712938,1732.228742777413,1680.5977228644454,1722.9677734375,2316925
2021-11-02 00:00:00+05:30,1727.4303918869448,1750.8946078505276,1723.0158709818968,1742.449462890625,1687119
2021-11-03 00:00:00+05:30,1744.704531958066,1837.7938276675998,1744.704531958066,1813.3218994140625,11580233
2021-11-04 00:00:00+05:30,1823.3985508997948,1843.407927357529,1823.3985508997948,1831.9876708984375,764191
2021-11-08 00:00:00+05:30,1866.1526549734824,1875.125672548499,1835.1067990613426,1846.958984375,3674523
2021-11-09 00:00:00+05:30,1855.5480647151035,1884.9143566617367,1852.4771243457444,1865.2408447265625,3550645
2021-11-10 00:00:00+05:30,1854.7801866386171,1875.221491310295,1854.1084550724106,1871.5267333984375,3208195
2021-11-11 00:00:00+05:30,1869.319345392066,1901.8526370935524,1848.0144201090693,1853.8204345703125,7061537
2021-11-12 00:00:00+05:30,1861.7860015408658,1885.7780891895882,1850.3657443903007,1880.931640625,2026320
2021-11-15 00:00:00+05:30,1882.1792163049145,1894.895022355158,1864.6649928772206,1868.5517578125,1127678
2021-11-16 00:00:00+05:30,1871.3827470133574,1900.1252197810186,1865.6246462533163,1876.4691162109375,2279531
2021-11-17 00:00:00+05:30,1870.4231045488552,1899.117664061753,1865.192876436727,1874.1658935546875,2166686
2021-11-18 00:00:00+05:30,1874.1659859860406,1875.2216144374752,1816.6809192068274,1820.5196533203125,1883794
2021-11-22 00:00:00+05:30,1821.7192754522985,1823.3987216432856,1763.7543663450222,1789.3299560546875,2407464
2021-11-23 00:00:00+05:30,1775.4144783345657,1819.1760225869853,1770.1362190746522,1810.2989501953125,2028470
2021-11-24 00:00:00+05:30,1817.6404286388422,1825.7017929348049,1771.5275926578124,1787.410400390625,1361828
2021-11-25 00:00:00+05:30,1780.2128437314595,1791.585069465147,1764.0901145135922,1775.3184814453125,1930012
2021-11-26 00:00:00+05:30,1746.6239113369245,1767.4970267608685,1697.2961576639007,1706.461181640625,2796595
2021-11-29 00:00:00+05:30,1706.3172076418607,1717.8814403012275,1665.1947944307701,1696.0006103515625,2111420
2021-11-30 00:00:00+05:30,1696.0006491567449,1726.3746550710619,1680.6937443376653,1693.6014404296875,3385628
2021-12-01 00:00:00+05:30,1692.8817137304907,1721.6722190660432,1691.0103777432262,1713.9947509765625,1359786
2021-12-02 00:00:00+05:30,1713.946580600029,1721.6720790965433,1691.9218926684534,1717.0655517578125,2813690
2021-12-03 00:00:00+05:30,1727.3822474185167,1770.4241455757146,1724.1194172783082,1728.6298828125,3612772
2021-12-06 00:00:00+05:30,1726.470586680466,1747.5836233158025,1706.317233528554,1710.77978515625,1566109
2021-12-07 00:00:00+05:30,1718.0252887353813,1737.027068163789,1700.6550414835156,1725.6068115234375,2097201
2021-12-08 00:00:00+05:30,1729.3495864103684,1766.7772411661977,1729.3495864103684,1751.4703369140625,3433206
2021-12-09 00:00:00+05:30,1761.019075385267,1808.187538899608,1754.2532604159342,1804.012939453125,3791595
2021-12-10 00:00:00+05:30,1804.012969097288,1814.6174007713355,1786.0189046798193,1797.8709716796875,1771926
2021-12-13 00:00:00+05:30,1817.3525669927433,1819.7998067367598,1780.2608940511213,1786.4508056640625,1857829
2021-12-14 00:00:00+05:30,1775.4145823810732,1798.4469877741249,1771.767738000958,1790.4815673828125,1685243
2021-12-15 00:00:00+05:30,1790.769294514352,1822.1989270949225,1788.5140618658227,1804.97265625,2176709
2021-12-16 00:00:00+05:30,1815.7210769938015,1831.0760121057997,1791.0572593296974,1798.350830078125,2469902
2021-12-17 00:00:00+05:30,1791.2492307574366,1799.1185885012726,1757.8521985079321,1772.63134765625,2352938
2021-12-20 00:00:00+05:30,1747.5835666566602,1755.884851948914,1700.079235767311,1726.806396484375,2488158
2021-12-21 00:00:00+05:30,1744.6085382671702,1777.525609767241,1739.4262242932973,1753.8695068359375,2077840
2021-12-22 00:00:00+05:30,1753.8696688891478,1803.7732120729397,1753.8696688891478,1795.56787109375,1692505
2021-12-23 00:00:00+05:30,1807.0840139711684,1811.7384554738228,1787.0266055748543,1802.7174072265625,1677127
2021-12-24 00:00:00+05:30,1812.60223454188,1812.60223454188,1775.4144984261964,1784.435546875,1203991
2021-12-27 00:00:00+05:30,1784.4356478153186,1800.0305057782448,1771.3839747345826,1790.96142578125,1139744
2021-12-28 00:00:00+05:30,1796.6234716961544,1832.0358165671682,1796.6234716961544,1822.9188232421875,1916098
2021-12-29 00:00:00+05:30,1818.6001527062683,1831.9876900843246,1813.8497664492443,1818.4561767578125,1287946
2021-12-30 00:00:00+05:30,1816.0091758638605,1825.0301072531745,1805.0687602813368,1809.6751708984375,1805349
2021-12-31 00:00:00+05:30,1811.258648391288,1830.2123977056526,1811.2107345051281,1819.4639892578125,1145546
2022-01-03 00:00:00+05:30,1818.600230561389,1859.338748233416,1817.304681267543,1845.327392578125,1906676
2022-01-04 00:00:00+05:30,1845.3272755531807,1864.6649202610063,1837.3619733061253,1859.4346923828125,1643920
2022-01-05 00:00:00+05:30,1862.457661734197,1872.3424483260624,1849.9338627510097,1870.0391845703125,1711667
2022-01-06 00:00:00+05:30,1866.1045585983168,1874.2618683170547,1842.2084161101238,1846.910888671875,1372015
2022-01-07 00:00:00+05:30,1851.2774535604094,1856.9394923415327,1820.6635272905046,1828.10107421875,1447123
2022-01-10 00:00:00+05:30,1832.9954533792463,1880.9315965177607,1830.3563237997737,1874.3577880859375,2397846
2022-01-11 00:00:00+05:30,1870.4230744165488,1890.576427193741,1859.5306905119812,1882.083251953125,2232435
2022-01-12 00:00:00+05:30,1898.7337414360024,1904.012000509997,1881.2675491779653,1894.6070556640625,1585970
2022-01-13 00:00:00+05:30,1895.9027330716533,1947.1977678744495,1895.9027330716533,1937.025146484375,2373324
2022-01-14 00:00:00+05:30,1932.8024779064526,1967.3030512458845,1926.0846937230638,1962.312744140625,3124945
2022-01-17 00:00:00+05:30,1962.3127683376233,1988.4161117696958,1959.6736388044635,1985.9688720703125,1858651
2022-01-18 00:00:00+05:30,1991.9667845484041,1994.7500070276271,1929.49153487568,1940.6717529296875,1460676
2022-01-19 00:00:00+05:30,1938.4647549617687,1945.2784844870314,1906.8911438952794,1939.4244384765625,2336679
2022-01-20 00:00:00+05:30,1938.5606073161032,1952.9558593506285,1904.1079473503664,1922.725830078125,2031107
2022-01-21 00:00:00+05:30,1902.2365571690552,1914.376576134887,1864.7129580328221,1877.1888427734375,2209132
2022-01-24 00:00:00+05:30,1876.1811470342968,1880.0198808389705,1805.6924444055185,1823.3026123046875,2307120
2022-01-25 00:00:00+05:30,1818.6001335399606,1853.4366895538576,1775.5103233049413,1847.6785888671875,2998042
2022-01-27 00:00:00+05:30,1837.3619340908087,1844.5115286926407,1791.728940722768,1833.81103515625,2932713
2022-01-28 00:00:00+05:30,1838.8494208513448,1869.4633460986456,1815.0493417652763,1821.04736328125,2233620
2022-01-31 00:00:00+05:30,1813.993674933433,1846.4310235581897,1775.8462564373635,1832.2276611328125,3161064
2022-02-01 00:00:00+05:30,1850.8935991645128,1919.2710482978964,1839.7132629992464,1910.25,5392787
2022-02-02 00:00:00+05:30,1914.664625808467,1927.044567024404,1891.152378850251,1902.7645263671875,3579380
2022-02-03 00:00:00+05:30,1901.6127233923307,1904.9716154094253,1852.1890265693658,1855.69189453125,2262217
2022-02-04 00:00:00+05:30,1869.463436307426,1878.8683813578405,1845.759300992026,1869.4154052734375,1440816
2022-02-07 00:00:00+05:30,1854.5883676676197,1868.983620198028,1798.9747555846877,1808.5235595703125,2641464
2022-02-08 00:00:00+05:30,1813.8017652554538,1820.4715185379862,1773.4950593608883,1799.9822998046875,2040523
2022-02-09 00:00:00+05:30,1808.5234607915054,1823.302609345283,1799.9822546601977,1812.650146484375,1390810
2022-02-10 00:00:00+05:30,1815.721125137674,1833.9551110666466,1805.164606968269,1824.3582763671875,1288856
2022-02-11 00:00:00+05:30,1812.8421212868445,1812.8421212868445,1775.4144649977036,1795.8077392578125,1744894
2022-02-14 00:00:00+05:30,1768.9365750578393,1772.487357075394,1722.6318471334987,1726.4705810546875,2290199
2022-02-15 00:00:00+05:30,1737.0271635637387,1806.1243766999758,1733.3324054577547,1800.414306640625,2602134
2022-02-16 00:00:00+05:30,1800.4143414398145,1811.21078120103,1767.8810461962453,1785.68310546875,1898439
2022-02-17 00:00:00+05:30,1793.648425536585,1808.9074163104085,1779.3491182435191,1793.3604736328125,1459905
2022-02-18 00:00:00+05:30,1794.6079803038372,1819.559749013944,1789.9535391857612,1807.1798095703125,1912482
2022-02-21 00:00:00+05:30,1799.3585203881364,1807.9477579495776,1774.3108046221096,1788.802001953125,1262585
2022-02-22 00:00:00+05:30,1739.906136401872,1780.2128422644635,1727.9100929903864,1770.088134765625,2288298
2022-02-23 00:00:00+05:30,1774.454733931254,1777.3337843378488,1742.9291554088134,1746.911865234375,1583872
2022-02-24 00:00:00+05:30,1711.3557055220988,1727.4304051253487,1680.405910763603,1686.4998779296875,3616355
2022-02-25 00:00:00+05:30,1710.1559037846503,1726.1825705015399,1693.84128517391,1705.405517578125,2476882
2022-02-28 00:00:00+05:30,1693.7454386589877,1748.7832641517573,1682.1332916970823,1743.5050048828125,2553662
2022-03-02 00:00:00+05:30,1727.4302697709443,1753.293692783803,1697.2002400499528,1712.55517578125,3152628
2022-03-03 00:00:00+05:30,1737.0271334229942,1740.4340567044471,1675.1755787636937,1681.6534423828125,2259979
2022-03-04 00:00:00+05:30,1669.8493409522418,1683.3329413982137,1634.3410503687746,1642.73828125,3906819
2022-03-07 00:00:00+05:30,1591.3952022097458,1599.6005431919482,1540.8199274009958,1568.5546875,6318251
2022-03-08 00:00:00+05:30,1562.2688392969565,1598.8327582988677,1530.6952277831294,1591.6351318359375,4421730
2022-03-09 00:00:00+05:30,1608.9092329469368,1631.269903205025,1583.5256536737932,1622.776611328125,3306502
2022-03-10 00:00:00+05:30,1669.8492139878088,1687.1235162014757,1638.1796599294194,1658.52490234375,2776325
2022-03-11 00:00:00+05:30,1650.6555019980437,1665.482564153542,1637.0280441317886,1658.956787109375,1577597
2022-03-14 00:00:00+05:30,1665.050867347395,1683.284853790969,1646.3370391553062,1676.3271484375,1558334
2022-03-15 00:00:00+05:30,1677.526763047685,1693.8413825967757,1656.9895126561155,1673.16015625,2062332
2022-03-16 00:00:00+05:30,1690.0027682339146,1699.2637381222112,1675.799404526062,1685.396240234375,2101909
2022-03-17 00:00:00+05:30,1709.3403733617065,1731.8449056818476,1697.152322024109,1715.8182373046875,3383036
2022-03-21 00:00:00+05:30,1732.2287273563852,1732.2287273563852,1674.6477170287492,1685.4921875,2301462
2022-03-22 00:00:00+05:30,1685.4922286899146,1705.3576308788718,1651.7593292188396,1702.526611328125,3986030
2022-03-23 00:00:00+05:30,1708.2365745795905,1719.320965504525,1688.2271976835286,1696.0006103515625,1574226
2022-03-24 00:00:00+05:30,1684.2446317797755,1707.9487686267573,1680.405897576289,1700.12744140625,1580887
2022-03-25 00:00:00+05:30,1704.013954112664,1706.2212729638438,1668.8895623711965,1680.501708984375,1483897
2022-03-28 00:00:00+05:30,1681.3654974873464,1684.2445479967425,1655.5499878233213,1671.384765625,1799629
2022-03-29 00:00:00+05:30,1678.1984820487153,1683.3807963551992,1663.1314980259715,1676.231201171875,2071779
2022-03-30 00:00:00+05:30,1695.6646503971103,1705.4054604948979,1683.3806558182964,1702.094482421875,1712835
2022-03-31 00:00:00+05:30,1708.1885579617094,1709.5321382592306,1687.1235525019044,1696.384521484375,1401916
2022-04-01 00:00:00+05:30,1688.0831894086527,1721.672110175738,1688.0831894086527,1717.9293212890625,2050573
2022-04-04 00:00:00+05:30,1712.0753236699709,1756.0767876786897,1704.9736425074868,1752.7178955078125,1955281
2022-04-05 00:00:00+05:30,1765.8176805916553,1770.6160982019587,1753.3417948048664,1762.0269775390625,1718581
2022-04-06 00:00:00+05:30,1759.099903888079,1783.0919920480364,1754.013534338621,1778.1016845703125,2245496
2022-04-07 00:00:00+05:30,1775.3186750351101,1781.0287454667932,1737.171252795361,1752.670166015625,2003954
2022-04-08 00:00:00+05:30,1761.4032258026493,1764.7621182556868,1744.7527395009377,1756.940673828125,1903321
2022-04-11 00:00:00+05:30,1746.863882916515,1755.9808761249792,1707.276938721868,1709.6761474609375,2262446
2022-04-12 00:00:00+05:30,1708.2365927651285,1709.6761179837508,1663.707255905973,1677.23876953125,4215141
2022-04-13 00:00:00+05:30,1683.4766644437593,1701.374784251257,1676.6629353651208,1689.8106689453125,1673417
2022-04-18 00:00:00+05:30,1675.895423622391,1679.3981748469953,1645.8572817661773,1668.265869140625,1808707
2022-04-19 00:00:00+05:30,1677.8146816354754,1689.7626941495848,1618.9860372172934,1636.9801025390625,2737766
2022-04-20 00:00:00+05:30,1641.0108040988482,1643.3620990349998,1603.9670432969226,1623.400634765625,3832617
2022-04-21 00:00:00+05:30,1634.2929283303852,1656.2217894725286,1631.4619089361877,1645.3773193359375,1797489
2022-04-22 00:00:00+05:30,1632.421591391714,1647.200740340259,1622.2489699838895,1626.0396728515625,1474689
2022-04-25 00:00:00+05:30,1607.4699320785703,1607.4699320785703,1585.397210623163,1590.531494140625,1964344
2022-04-26 00:00:00+05:30,1612.2683012123375,1634.436966924234,1596.9133650103154,1631.4139404296875,2440990
2022-04-27 00:00:00+05:30,1607.469735909452,1623.400457325112,1599.5043166271944,1609.4371337890625,1346726
2022-04-28 00:00:00+05:30,1621.8650497696124,1661.2120716871002,1612.2682151555912,1649.935791015625,3117433
2022-04-29 00:00:00+05:30,1661.2120956490635,1668.8895634510234,1619.1299986893434,1626.0396728515625,2404830
2022-05-02 00:00:00+05:30,1601.3278142280826,1617.978298998816,1588.3241735020188,1611.7403564453125,1399802
2022-05-04 00:00:00+05:30,1611.7883345020268,1614.0915981835428,1559.5336181501166,1568.07470703125,1777673
2022-05-05 00:00:00+05:30,1584.1494089654504,1603.822919503048,1567.1630589217993,1571.6256103515625,1707752
2022-05-06 00:00:00+05:30,1550.8485404153603,1567.163159961809,1547.1057513249314,1557.0384521484375,1439520
2022-05-09 00:00:00+05:30,1542.7392988185145,1564.1401711553547,1527.0964104878274,1550.9925537109375,1400010
2022-05-10 00:00:00+05:30,1546.0501284283428,1563.9002182131985,1536.4532933667144,1543.123046875,1176030
2022-05-11 00:00:00+05:30,1535.9732527074539,1544.1305614534792,1494.5628913493324,1507.470703125,2988788
2022-05-12 00:00:00+05:30,1487.509399329927,1492.2597857134033,1452.0970553612678,1464.6209716796875,3407191
2022-05-13 00:00:00+05:30,1468.3157017503665,1511.4055127674533,1441.4445647248697,1472.63427734375,4328846
2022-05-16 00:00:00+05:30,1487.5094080535391,1504.303869112208,1477.384700384339,1480.6956787109375,1775914
2022-05-17 00:00:00+05:30,1482.7109533089608,1543.0750666825088,1482.7109533089608,1539.42822265625,1608711
2022-05-18 00:00:00+05:30,1557.5661853978288,1557.5661853978288,1501.9045472258792,1509.1021728515625,2984009
2022-05-19 00:00:00+05:30,1487.5093901759872,1499.7453545145315,1478.2484211880223,1485.5419921875,1798843
2022-05-20 00:00:00+05:30,1506.1273292345993,1548.4013177070372,1498.1139953281483,1545.1864013671875,2175224
2022-05-23 00:00:00+05:30,1563.3242980836487,1593.0744842350257,1540.8676825267091,1577.863525390625,4177811
2022-05-24 00:00:00+05:30,1578.4875440466692,1587.028633890903,1545.186454695824,1560.7333984375,1970395
2022-05-25 00:00:00+05:30,1567.1630341559671,1573.592866248565,1507.758606675826,1511.261474609375,1417130
2022-05-26 00:00:00+05:30,1511.501546330541,1524.8411707088824,1474.6977067115677,1501.472900390625,3578710
2022-05-27 00:00:00+05:30,1511.6933454776167,1541.2516430253177,1510.5417721804795,1535.781494140625,1279218
2022-05-30 00:00:00+05:30,1554.6872126889918,1596.6253332334657,1548.5452150856336,1593.8902587890625,2119326
2022-05-31 00:00:00+05:30,1593.5544878491896,1606.8941122311485,1578.6793932622204,1587.79638671875,3534742
2022-06-01 00:00:00+05:30,1586.8845172158613,1594.0341116155234,1572.3932043002756,1581.5582275390625,1425466
2022-06-02 00:00:00+05:30,1566.203358855397,1582.949787861067,1558.2379395212836,1571.145751953125,1852251
2022-06-03 00:00:00+05:30,1591.1072294227183,1606.2222447135566,1578.6313437858357,1585.4451904296875,2928263
2022-06-06 00:00:00+05:30,1585.5411644270173,1595.2819756672934,1568.2188298847534,1574.0728759765625,1538005
2022-06-07 00:00:00+05:30,1564.2841093778297,1572.3454742301633,1522.1539801801507,1525.368896484375,2157491
2022-06-08 00:00:00+05:30,1530.6952722802291,1542.9792686602711,1506.79912829887,1520.6666259765625,2122442
2022-06-09 00:00:00+05:30,1493.4593067715998,1535.4934878613467,1493.4593067715998,1530.791015625,1361104
2022-06-10 00:00:00+05:30,1506.7030171952722,1530.215261731122,1505.7913647768949,1521.1942138671875,1337799
2022-06-13 00:00:00+05:30,1497.2501626547016,1502.8162563928865,1457.0874335756996,1470.2830810546875,2460367
2022-06-14 00:00:00+05:30,1470.283254634811,1491.6362139853543,1463.7093284864445,1482.375244140625,1983405
2022-06-15 00:00:00+05:30,1485.541918639546,1503.8239348409652,1477.0008298314553,1497.4420166015625,1461683
2022-06-16 00:00:00+05:30,1505.1677042880801,1511.5015922926752,1455.6000254666128,1465.8206787109375,2329325
2022-06-17 00:00:00+05:30,1460.6382738514149,1468.2677107481893,1421.6751475319318,1429.88037109375,4548572
2022-06-20 00:00:00+05:30,1429.928473832515,1437.4619661876975,1397.6350992990738,1412.4622802734375,1837431
2022-06-21 00:00:00+05:30,1420.3314896808565,1454.1122998731826,1417.35649444981,1439.8131103515625,1458922
2022-06-22 00:00:00+05:30,1429.928397248785,1430.8400497029215,1408.8153605108832,1419.1319580078125,1906619
2022-06-23 00:00:00+05:30,1421.771058455691,1450.8014833752216,1421.771058455691,1434.0550537109375,1828491
2022-06-24 00:00:00+05:30,1441.2046028229572,1451.0413580611362,1428.9686389901003,1434.582763671875,1731440
2022-06-27 00:00:00+05:30,1462.557645910899,1482.4230473914818,1448.8821561115353,1473.8819580078125,2389778
2022-06-28 00:00:00+05:30,1468.3157790218136,1494.7070757035783,1462.6536228494072,1488.948974609375,2072405
2022-06-29 00:00:00+05:30,1469.5153866239361,1491.3481866537775,1463.9012614746075,1485.494140625,1480197
2022-06-30 00:00:00+05:30,1486.5977168030404,1503.7280432060636,1479.9278464387703,1495.4267578125,3308971
2022-07-01 00:00:00+05:30,1498.0179537069541,1512.461237639134,1472.7303162155404,1508.7664794921875,1294305
2022-07-04 00:00:00+05:30,1508.7184580022176,1523.449576796209,1487.7013652108508,1517.931396484375,1269969
2022-07-05 00:00:00+05:30,1520.1386470359864,1532.8544532690842,1498.641713446109,1501.8087158203125,1445200
2022-07-06 00:00:00+05:30,1502.4325473355036,1526.3766037539592,1489.2368992364045,1493.4114990234375,2422594
2022-07-07 00:00:00+05:30,1502.7683506421629,1549.073077500837,1502.52842977761,1546.14599609375,1697912
2022-07-08 00:00:00+05:30,1555.646926087941,1633.3812882181835,1552.7678756386726,1619.4178466796875,6516138
2022-07-11 00:00:00+05:30,1617.0184949419438,1620.7612836247044,1586.740554017963,1595.9534912109375,1316037
2022-07-12 00:00:00+05:30,1588.276142423115,1605.4544999612704,1582.5660726376943,1587.0765380859375,781516
2022-07-13 00:00:00+05:30,1596.9133214448323,1615.3872285589027,1578.1035485402788,1580.838623046875,1914814
2022-07-14 00:00:00+05:30,1585.2532303670937,1600.1283252206526,1568.698689320391,1579.7830810546875,1170472
2022-07-15 00:00:00+05:30,1587.2204520528167,1619.80165771867,1582.7098696318574,1616.922607421875,1345141
2022-07-18 00:00:00+05:30,1627.6712177580507,1664.6669457282994,1621.8650858279382,1657.9971923828125,3200640
2022-07-19 00:00:00+05:30,1650.6075707850268,1665.002823126472,1644.8975008824657,1660.060546875,1351783
2022-07-20 00:00:00+05:30,1670.1851663634523,1676.4231091529232,1658.2850674583804,1669.80126953125,1509911
2022-07-21 00:00:00+05:30,1678.5004930001353,1719.3718936578289,1667.03116212086,1715.678466796875,2827327
2022-07-22 00:00:00+05:30,1716.0186267799374,1729.6748972394278,1703.4316217236767,1718.20556640625,1495629
2022-07-25 00:00:00+05:30,1715.5326459080813,1735.4580959030477,1710.7214261738022,1732.4935302734375,1916615
2022-07-26 00:00:00+05:30,1730.8413006299909,1730.8413006299909,1693.0801650002802,1702.1680908203125,1585897
2022-07-27 00:00:00+05:30,1704.8409740431496,1768.5052179427084,1700.9530812859246,1746.295654296875,5369460
2022-07-28 00:00:00+05:30,1754.4116231268433,1765.1033283093338,1736.867459435946,1750.7667236328125,1831059
2022-07-29 00:00:00+05:30,1764.0826184383156,1781.1407946543866,1743.7198284365454,1757.3760986328125,1747781
2022-08-01 00:00:00+05:30,1757.32742706825,1766.9013387126752,1740.1235500482805,1763.839599609375,1341943
2022-08-02 00:00:00+05:30,1758.2994331139398,1760.8751856982317,1725.9326796716186,1742.7965087890625,1749346
2022-08-03 00:00:00+05:30,1742.7966082388168,1753.4396674078548,1723.308497956833,1739.6376953125,1264299
2022-08-04 00:00:00+05:30,1743.5255767092906,1763.9370139454613,1725.2524330572803,1730.20947265625,1856927
2022-08-05 00:00:00+05:30,1732.9795142939727,1756.3555164691975,1725.5440144700126,1737.3533935546875,1430542
2022-08-08 00:00:00+05:30,1746.052499906036,1780.7033646376751,1740.0748416134963,1778.37060546875,2625195
2022-08-10 00:00:00+05:30,1778.7108575032198,1814.673863911755,1771.1780656203512,1803.156005859375,3422074
2022-08-11 00:00:00+05:30,1817.638325771041,1826.14309031489,1803.2044304545186,1814.819580078125,1918049
2022-08-12 00:00:00+05:30,1812.7298557369445,1816.6177481889272,1786.486581686061,1794.69970703125,1041383
2022-08-16 00:00:00+05:30,1807.8701777721114,1811.7580706275353,1790.374659922704,1797.081298828125,1426893
2022-08-17 00:00:00+05:30,1809.2793974470403,1815.0140628405834,1798.198998304173,1803.6905517578125,1748371
2022-08-18 00:00:00+05:30,1804.9540232654908,1845.3395525057717,1798.1502116538277,1841.45166015625,2519639
2022-08-19 00:00:00+05:30,1841.0143507686928,1887.571889169579,1839.702210723852,1881.7886962890625,4134598
2022-08-22 00:00:00+05:30,1882.8092454483167,1889.5158841992084,1822.449733988434,1827.94140625,3175874
2022-08-23 00:00:00+05:30,1817.589802529708,1858.3640289824457,1813.4102704974193,1824.4422607421875,1811509
2022-08-24 00:00:00+05:30,1823.4215684612113,1844.8049770465773,1799.705400663993,1840.2852783203125,1534933
2022-08-25 00:00:00+05:30,1846.74901586134,1864.2445328537106,1820.505740372784,1825.2684326171875,1121363
2022-08-26 00:00:00+05:30,1837.223617459612,1858.412679782872,1834.3076979829652,1851.9976806640625,1119310
2022-08-29 00:00:00+05:30,1817.589764986588,1837.0292277137173,1808.84200675938,1828.7674560546875,1183546
2022-08-30 00:00:00+05:30,1840.8199994363927,1873.9642606063069,1836.203126906372,1868.618408203125,1394462
2022-09-01 00:00:00+05:30,1851.60892019762,1876.3942364522336,1839.0704423625305,1859.3360595703125,2014905
2022-09-02 00:00:00+05:30,1847.2349657246943,1903.901047649856,1846.991972437964,1886.1138916015625,3201140
2022-09-05 00:00:00+05:30,1893.355073375627,1917.4600552518018,1887.6690541079888,1913.183349609375,2474746
2022-09-06 00:00:00+05:30,1918.4806698508662,1929.46389536475,1896.6112737601768,1907.302978515625,1172733
2022-09-07 00:00:00+05:30,1886.6971586908385,1906.379616031531,1879.7961726863855,1903.220703125,1238549
2022-09-08 00:00:00+05:30,1912.7458955256907,1921.5908270442867,1892.966266584612,1919.063720703125,1632797
2022-09-09 00:00:00+05:30,1921.931048973193,1931.6994264101445,1889.5157687483972,1895.1046142578125,980869
2022-09-12 00:00:00+05:30,1895.1046868335607,1911.8712240039051,1893.306560200178,1906.9141845703125,791708
2022-09-13 00:00:00+05:30,1913.7179466691077,1939.0864219939524,1908.080454975113,1935.5386962890625,1761021
2022-09-14 00:00:00+05:30,1909.587139461203,1917.654445698056,1894.7645484068657,1899.138427734375,2322752
2022-09-15 00:00:00+05:30,1904.1925844902735,1929.0750735318522,1900.013171112644,1902.637451171875,1566565
2022-09-16 00:00:00+05:30,1892.43175201416,1902.054310076249,1861.3286107381184,1866.1884765625,3881617
2022-09-19 00:00:00+05:30,1867.2575923283462,1877.8034772624394,1851.60884836333,1857.1490478515625,1755456
2022-09-20 00:00:00+05:30,1876.8801637979375,1900.9851455207381,1871.0483248632986,1878.532470703125,1666658
2022-09-21 00:00:00+05:30,1867.2575425398484,1891.7513364246145,1838.5843354163487,1842.5208740234375,1618385
2022-09-22 00:00:00+05:30,1829.253476986946,1852.1920197060658,1820.5057185954038,1835.2796630859375,1875115
2022-09-23 00:00:00+05:30,1837.0292837930185,1842.3264900882443,1800.6289361848953,1804.808349609375,1948766
2022-09-26 00:00:00+05:30,1797.1784055570888,1824.199307356623,1767.04723704856,1799.5596923828125,1529101
2022-09-27 00:00:00+05:30,1803.9822970196465,1811.758082782662,1781.1409263407877,1789.5970458984375,1443698
2022-09-28 00:00:00+05:30,1778.419211072194,1803.982152175252,1774.4341449184303,1784.008056640625,1853503
2022-09-29 00:00:00+05:30,1792.950227487386,1805.342884684095,1747.0244978760531,1764.6171875,2377718
2022-09-30 00:00:00+05:30,1772.8304319264964,1830.1768494729101,1765.1519387336052,1795.914794921875,2339518
2022-10-03 00:00:00+05:30,1800.0942654129112,1800.0942654129112,1763.1592858850006,1768.310791015625,1850414
2022-10-04 00:00:00+05:30,1783.8624081000194,1828.2328884345288,1783.8624081000194,1819.096435546875,1637532
2022-10-06 00:00:00+05:30,1829.2535369091447,1865.2165448079961,1825.4628177521543,1859.3360595703125,2771898
2022-10-07 00:00:00+05:30,1851.6089603178095,1874.8876711781863,1849.7136600227827,1870.611083984375,1469264
2022-10-10 00:00:00+05:30,1851.6088411850967,1863.2725189248454,1830.711418568047,1856.1285400390625,1656954
2022-10-11 00:00:00+05:30,1869.8820320262546,1869.8820320262546,1818.8047944798323,1826.2889404296875,1047963
2022-10-12 00:00:00+05:30,1827.3095543451602,1862.3005883645358,1805.9747907846406,1857.6837158203125,1907748
2022-10-13 00:00:00+05:30,1847.7208909821652,1858.4125952435033,1815.8887714768175,1823.5673828125,1303645
2022-10-14 00:00:00+05:30,1846.7490605100554,1882.469075233079,1845.2424546063266,1858.02392578125,1819114
2022-10-17 00:00:00+05:30,1849.5678655134107,1860.3567445340282,1825.7545216047984,1830.419921875,2588147
2022-10-18 00:00:00+05:30,1840.0423460609502,1877.0744993365927,1840.0423460609502,1864.3416748046875,1401849
2022-10-19 00:00:00+05:30,1866.1883668768758,1892.4316407860817,1848.3526840795053,1851.5115966796875,1636141
2022-10-20 00:00:00+05:30,1845.4368624680828,1864.05017219681,1833.4330176816254,1850.78271484375,1374019
2022-10-21 00:00:00+05:30,1860.064995700611,1871.0483399087937,1814.7710700071777,1824.150634765625,2225676
2022-10-24 00:00:00+05:30,1852.580930555783,1866.0913818484125,1846.7490913200354,1856.225830078125,269400
2022-10-25 00:00:00+05:30,1861.3286387002413,1899.8673989963554,1838.5359151011116,1894.472900390625,2136147
2022-10-27 00:00:00+05:30,1897.3887559574089,1916.585225604877,1895.2504624942792,1909.00390625,2245395
2022-10-28 00:00:00+05:30,1916.7311130490784,1930.3387375839095,1908.7609804240194,1919.6956787109375,2013794
2022-10-31 00:00:00+05:30,1930.3387443670474,1977.6252635215628,1922.7573060685154,1966.39892578125,3176507
2022-11-01 00:00:00+05:30,1975.0495045493044,1998.3768609022488,1934.275277050348,1967.7110595703125,4464211
2022-11-02 00:00:00+05:30,1979.4233876175244,1984.7692401252073,1943.9463664301736,1956.8736572265625,1889651
2022-11-03 00:00:00+05:30,1949.7780638056988,1965.8156201630238,1937.1424133423518,1952.40234375,1052241
2022-11-04 00:00:00+05:30,1953.6660076004537,1972.473664093063,1948.5631486253778,1958.623046875,2312753
2022-11-07 00:00:00+05:30,1964.7464616501936,1975.0493528515954,1937.1424016895814,1961.1015625,1395070
2022-11-09 00:00:00+05:30,1968.2942127119375,1979.8605979124388,1940.3013394162754,1947.34814453125,1301233
2022-11-10 00:00:00+05:30,1939.0864892210677,1945.7444817575017,1914.9815069580902,1922.2227783203125,1261210
2022-11-11 00:00:00+05:30,1947.4453090609593,1962.2193715951855,1936.1217985438577,1954.735107421875,1203125
2022-11-14 00:00:00+05:30,1956.6307202435662,1965.2326594327737,1939.3295496247733,1943.7520751953125,1175155
2022-11-15 00:00:00+05:30,1946.8623193279325,1960.469944126031,1922.6601629215002,1940.5931396484375,1450841
2022-11-16 00:00:00+05:30,1930.3387303773463,1953.5202669292544,1929.415403318415,1947.4454345703125,1195832
2022-11-17 00:00:00+05:30,1945.8903043496618,2001.2927755524245,1945.0155047587518,1972.668212890625,3786182
2022-11-18 00:00:00+05:30,1981.8533168189133,1993.4683488766889,1950.6043553079674,1967.7110595703125,1248459
2022-11-21 00:00:00+05:30,1962.413762020872,1976.0213859279013,1950.7500843862754,1955.0753173828125,714687
2022-11-22 00:00:00+05:30,1964.892475958169,1976.1673413830047,1962.9970570229007,1972.9112548828125,1337869
2022-11-23 00:00:00+05:30,1981.8045832912421,1986.7130951003087,1961.4417934992284,1968.24560546875,1046988
2022-11-24 00:00:00+05:30,1973.5915786709932,2002.264788013911,1971.550458684871,1994.683349609375,1611889
2022-11-25 00:00:00+05:30,2003.2365470852017,2037.0612582219555,2000.7579682354435,2004.9375,2652761
2022-11-28 00:00:00+05:30,2006.4929108820752,2013.9284107224858,1994.4889472985235,2006.5899658203125,1105372
2022-11-29 00:00:00+05:30,2011.984420148319,2013.9283664479794,1981.4644395138405,1993.07958984375,1413764
2022-11-30 00:00:00+05:30,1995.4608999073494,2027.5360142263667,1987.6851146178906,2016.6986083984375,2104550
2022-12-01 00:00:00+05:30,2026.8069249964728,2050.863259437745,2021.1694335061666,2045.2744140625,2614357
2022-12-02 00:00:00+05:30,2037.3530593635767,2040.0743944048168,2011.1581925574724,2027.050048828125,1957264
2022-12-05 00:00:00+05:30,2037.2071188007624,2038.0333909147603,2010.8667882649013,2027.1473388671875,1767537
2022-12-06 00:00:00+05:30,2022.6761411926982,2041.1436311891716,2009.0685169847704,2034.8258056640625,1530731
2022-12-07 00:00:00+05:30,2037.547579731252,2083.910656485405,2037.547579731252,2064.47119140625,3438327
2022-12-08 00:00:00+05:30,2060.5832142025715,2114.041740986129,2060.5832142025715,2106.9462890625,3743754
2022-12-09 00:00:00+05:30,2107.2376882709477,2132.8492744659984,2077.5925086158445,2093.6787109375,2573609
2022-12-12 00:00:00+05:30,2088.6728564269574,2108.2096102517175,2074.7251851096016,2103.05810546875,1536090
2022-12-13 00:00:00+05:30,2109.1816170831257,2114.7218162674526,2092.1720879131003,2112.000244140625,1233124
2022-12-14 00:00:00+05:30,2115.9369533153463,2148.0607141701425,2114.0902992043193,2133.91845703125,1516631
2022-12-15 00:00:00+05:30,2135.1334553088236,2147.088772984709,2112.681017037665,2116.520263671875,1323412
2022-12-16 00:00:00+05:30,2100.4338804328304,2149.615814477438,2100.4338804328304,2114.04150390625,2822390
2022-12-19 00:00:00+05:30,2110.1536560058594,2126.1425664648414,2094.650732109753,2122.789306640625,1592779
2022-12-20 00:00:00+05:30,2118.8041071209564,2118.8041071209564,2078.0785283554114,2102.620849609375,1747181
2022-12-21 00:00:00+05:30,2092.7557058139655,2113.9931790117043,2082.79297997138,2086.146240234375,1979681
2022-12-22 00:00:00+05:30,2083.910430432446,2088.138608547772,2038.1304002177787,2050.814697265625,1993744
2022-12-23 00:00:00+05:30,2035.7976457399102,2045.1770911794072,1992.6421352779919,2004.9375,2026125
2022-12-26 00:00:00+05:30,1995.2179595574564,2048.9194781376777,1993.5170064802548,2032.444580078125,1154610
2022-12-27 00:00:00+05:30,2042.6503163579696,2068.3589599179986,2026.5641125136403,2064.568359375,1059351
2022-12-28 00:00:00+05:30,2069.3308367171094,2076.1346487683163,2054.4109539427095,2061.65234375,1153883
2022-12-29 00:00:00+05:30,2050.5230706661346,2061.1177204300698,2035.457486769956,2051.738037109375,1517150
2022-12-30 00:00:00+05:30,2055.7232437600933,2073.2187607282644,2022.7734483892923,2027.3416748046875,1189427
2023-01-02 00:00:00+05:30,2034.2424199144461,2038.810883354032,2016.8928423402485,2030.88916015625,807344
2023-01-03 00:00:00+05:30,2029.4799932541243,2038.0334046699954,2009.9918835987373,2030.4033203125,1260225
2023-01-04 00:00:00+05:30,2032.3473234817711,2042.55304212396,2000.3208538690078,2012.5191650390625,1015547
2023-01-05 00:00:00+05:30,2021.7042906103147,2040.366128910165,2010.5265986189595,2028.848388671875,1881403
2023-01-06 00:00:00+05:30,2031.6182858856014,2062.235440942713,2013.7827204772466,2028.0706787109375,1877917
2023-01-09 00:00:00+05:30,2048.9196096465525,2067.678740818792,2041.8728035887073,2062.235595703125,1844365
2023-01-10 00:00:00+05:30,2072.1495002058364,2072.1495002058364,2038.422078764089,2047.607177734375,1425414
2023-01-11 00:00:00+05:30,2047.0727202243197,2080.022514673019,2038.3249619850405,2065.783203125,1455621
2023-01-12 00:00:00+05:30,2058.736647114432,2103.9818123132904,2058.736647114432,2099.21923828125,2726901
2023-01-13 00:00:00+05:30,2101.3088918347407,2104.1764027847553,2057.8617346559045,2093.047119140625,2180210
2023-01-16 00:00:00+05:30,2086.826409980111,2100.434034451336,2072.5384517449515,2077.301025390625,1009649
2023-01-17 00:00:00+05:30,2079.9251107706823,2155.641956511039,2076.523204971386,2151.07373046875,4645453
2023-01-18 00:00:00+05:30,2158.7522743371524,2211.0444750427646,2138.3408390552613,2202.97705078125,4090049
2023-01-19 00:00:00+05:30,2196.513689328349,2219.7923995677265,2178.19189993618,2209.392333984375,2176835
2023-01-20 00:00:00+05:30,2218.480243139282,2233.254188720947,2175.713421177639,2186.89111328125,1962410
2023-01-23 00:00:00+05:30,2191.7995229993912,2209.5866796700566,2164.5842739333234,2170.902099609375,1466706
2023-01-24 00:00:00+05:30,2181.7882152987227,2189.1753066081287,2138.3410603057755,2145.630859375,1036962
2023-01-25 00:00:00+05:30,2139.312941766055,2143.200834436234,2094.602176058995,2113.75,2134447
2023-01-27 00:00:00+05:30,2113.750065858873,2133.4811692344283,2067.4842840211036,2099.31640625,1647900
2023-01-30 00:00:00+05:30,2069.7196870931593,2112.340807860661,2025.3978504827728,2053.68212890625,3441304
2023-01-31 00:00:00+05:30,2060.5343861786882,2072.9756896823574,2014.5600097438078,2064.859619140625,4516463
2023-02-01 00:00:00+05:30,2073.2186819717817,2153.8438054777257,2021.9957455870974,2085.4169921875,6868872
2023-02-02 00:00:00+05:30,2075.7462386946418,2106.217458746609,2048.7739800835875,2084.785400390625,3488506
2023-02-03 00:00:00+05:30,2115.936794470382,2120.6996050434973,2071.3233240598856,2105.828369140625,2045634
2023-02-06 00:00:00+05:30,2103.5928729080574,2120.456701843692,2082.2581098973906,2095.67138671875,1332484
2023-02-07 00:00:00+05:30,2101.648716003901,2111.1254531901827,2089.7906923176106,2104.61328125,1089248
2023-02-08 00:00:00+05:30,2099.996458901377,2114.284415537098,2065.9774015315124,2071.12890625,1452145
2023-02-09 00:00:00+05:30,2089.7423130489155,2091.637613268565,2075.8430492745906,2087.215087890625,1563181
2023-02-10 00:00:00+05:30,2080.216795213337,2109.1329951336807,2077.641161400185,2103.2041015625,1454665
2023-02-13 00:00:00+05:30,2112.097507988339,2148.449206349702,2099.6562050743896,2141.54833984375,2978938
2023-02-14 00:00:00+05:30,2152.9205214259823,2153.892494573353,2120.991108615604,2130.224853515625,1874906
2023-02-15 00:00:00+05:30,2124.733145620639,2126.531390731741,2096.788919666113,2114.090087890625,1946344
2023-02-16 00:00:00+05:30,2125.5107946792077,2140.5763775317337,2110.833906142339,2117.2490234375,2464602
2023-02-17 00:00:00+05:30,2108.9875045964395,2185.967734860672,2099.462119741686,2163.95263671875,3753179
2023-02-20 00:00:00+05:30,2171.096352982778,2188.8835088849414,2152.920502744292,2163.126220703125,1779752
2023-02-21 00:00:00+05:30,2176.247967575382,2198.603350895719,2160.40475715395,2166.965576171875,1882604
2023-02-22 00:00:00+05:30,2166.528364919125,2178.1920438688917,2120.8942684877948,2133.23828125,2103097
2023-02-23 00:00:00+05:30,2142.2288330978786,2146.3110728882566,2093.1441887823416,2098.6357421875,2000556
2023-02-24 00:00:00+05:30,2099.4619124960573,2111.4172291796176,2059.3680218060285,2074.2392578125,1479060
2023-02-27 00:00:00+05:30,2074.2392199549067,2079.925120151935,2023.7452653943667,2054.45947265625,1398112
2023-02-28 00:00:00+05:30,2055.7234921365452,2078.3705170745616,2026.564293666523,2050.037353515625,2108587
2023-03-01 00:00:00+05:30,2041.1436556274973,2070.3028507078902,2041.1436556274973,2056.014892578125,1389077
2023-03-02 00:00:00+05:30,2070.2540164413285,2088.770151094225,2048.4819143459117,2062.13818359375,1727640
2023-03-03 00:00:00+05:30,2080.0225393732835,2099.3647101239035,2072.4897474666745,2091.73486328125,1821066
2023-03-06 00:00:00+05:30,2097.7609718761937,2123.615551610412,2079.8281153946086,2081.14013671875,1821012
2023-03-08 00:00:00+05:30,2091.686086987523,2128.232370043727,2080.605688695033,2109.959228515625,2965342
2023-03-09 00:00:00+05:30,2113.992935489825,2137.3689369897434,2110.6396756131094,2131.7314453125,1873933
2023-03-10 00:00:00+05:30,2110.639407079484,2120.8451237611944,2073.218445913212,2097.3720703125,1900535
2023-03-13 00:00:00+05:30,2103.39871002077,2117.881016188435,2047.9475899430795,2074.045166015625,2334468
2023-03-14 00:00:00+05:30,2084.2509188341132,2110.153910844378,2074.579595226404,2084.10498046875,2871343
2023-03-15 00:00:00+05:30,2103.5442454046,2150.4419499285345,2099.462005631055,2115.645263671875,3044201
2023-03-16 00:00:00+05:30,2123.6640148267616,2125.7052533363226,2072.2467307329857,2112.680908203125,2946792
2023-03-17 00:00:00+05:30,2125.4135568131896,2166.430774685029,2125.4135568131896,2134.2099609375,3286473
2023-03-20 00:00:00+05:30,2129.6905478331523,2143.2008802314544,2091.6863012508347,2116.520263671875,1996773
2023-03-21 00:00:00+05:30,2121.525647638361,2164.584103625424,2120.8453139248654,2146.553955078125,3178680
2023-03-22 00:00:00+05:30,2157.29440077174,2183.2946824661053,2146.0194173420336,2151.89990234375,1956033
2023-03-23 00:00:00+05:30,2151.9482959334346,2179.1635408684556,2138.875306093911,2144.80419921875,2455799
2023-03-24 00:00:00+05:30,2144.1726764008095,2157.148612312783,2092.706747788166,2105.439453125,1449544
2023-03-27 00:00:00+05:30,2114.0902088474595,2128.621159715573,2089.742234423964,2093.630126953125,1540581
2023-03-28 00:00:00+05:30,2106.994541965158,2108.987134142126,2062.9641161173367,2073.8017578125,1627243
2023-03-29 00:00:00+05:30,2077.738287644097,2098.781648502378,2061.5550297835766,2087.263671875,2372385
2023-03-31 00:00:00+05:30,2096.0600438510055,2115.9368467956247,2090.276851217464,2103.544189453125,1489542
2023-04-03 00:00:00+05:30,2118.9016680740347,2122.3035744218596,2094.6023370181397,2109.32763671875,1231654
2023-04-05 00:00:00+05:30,2109.18153227425,2199.089039986401,2104.321666992512,2194.47216796875,2763363
2023-04-06 00:00:00+05:30,2194.4724522582565,2227.4222482177756,2191.2648932971547,2210.510009765625,2389899
2023-04-10 00:00:00+05:30,2220.8613273201554,2254.8803871382565,2214.2034537060617,2244.96630859375,1955914
2023-04-11 00:00:00+05:30,2254.977842236042,2264.6975743146454,2223.194365798637,2236.996337890625,1342440
2023-04-12 00:00:00+05:30,2239.4264256062925,2247.8825456391833,2217.9943674328492,2224.36083984375,1165839
2023-04-13 00:00:00+05:30,2230.484263226441,2230.678610416955,2179.601368631654,2195.444580078125,1956668
2023-04-17 00:00:00+05:30,2195.4442834208003,2210.072526327236,2139.4585368247213,2151.948486328125,4125850
2023-04-18 00:00:00+05:30,2157.7804439468964,2167.5001756763872,2126.677302412527,2154.475830078125,2848601
2023-04-19 00:00:00+05:30,2146.213910840569,2172.359892479576,2146.213910840569,2157.3916015625,1970015
2023-04-20 00:00:00+05:30,2162.6403036342863,2188.348946525727,2159.9673774163116,2170.173095703125,1898996
2023-04-21 00:00:00+05:30,2177.3656741716695,2180.13589271743,2140.284991423888,2153.114990234375,1009316
2023-04-24 00:00:00+05:30,2157.7804418913743,2170.1244537164403,2125.267986746828,2166.430908203125,1239073
2023-04-25 00:00:00+05:30,2168.5207699701436,2190.8275065725575,2155.933764985177,2184.947021484375,1350118
2023-04-26 00:00:00+05:30,2184.8497968105685,2223.1940876028802,2181.1562516232552,2212.3564453125,1894812
2023-04-27 00:00:00+05:30,2211.967951143922,2245.258032359644,2203.560478106506,2240.9814453125,1252989
2023-04-28 00:00:00+05:30,2247.4934015248787,2302.6042277302213,2247.4934015248787,2298.133056640625,2884961
2023-05-02 00:00:00+05:30,2306.6866399161695,2348.627423859294,2306.6866399161695,2317.621337890625,1840153
2023-05-03 00:00:00+05:30,2317.2814004597462,2323.0159474190546,2282.679059629142,2290.260498046875,998235
2023-05-04 00:00:00+05:30,2295.606316846947,2314.8998421991737,2277.187472442366,2290.843505859375,1230912
2023-05-05 00:00:00+05:30,2290.940518923337,2339.4905261604567,2290.940518923337,2310.865966796875,2425866
2023-05-08 00:00:00+05:30,2310.8175486819723,2318.1559935215105,2288.0734715893173,2299.105224609375,1583576
2023-05-09 00:00:00+05:30,2301.2920336988004,2334.5821126400156,2301.2920336988004,2307.804443359375,1417301
2023-05-10 00:00:00+05:30,2320.099926926632,2321.9952271241095,2284.136920099533,2298.181884765625,1675409
2023-05-11 00:00:00+05:30,2235.5383136868804,2249.1945843235953,2174.6442888876654,2179.3095703125,9470848
2023-05-12 00:00:00+05:30,2160.356222195775,2172.360186602527,2135.765489116605,2158.849853515625,5367292
2023-05-15 00:00:00+05:30,2158.6550370374007,2196.6592814723913,2152.920490469622,2183.8779296875,2662740
2023-05-16 00:00:00+05:30,2191.410771292498,2191.7994656354413,2160.793616894486,2164.778564453125,2528855
2023-05-17 00:00:00+05:30,2162.0084738172104,2181.1076504358693,2148.2549119848313,2157.3916015625,1961004
2023-05-18 00:00:00+05:30,2167.500355633973,2170.9509081440533,2119.8736662052443,2126.871826171875,2290757
2023-05-19 00:00:00+05:30,2130.5652221266614,2137.417680542491,2107.7238522726575,2128.669921875,1729803
2023-05-22 00:00:00+05:30,2128.621248758425,2159.724390292795,2117.3462650329607,2154.475830078125,1112099
2023-05-23 00:00:00+05:30,2163.223479274031,2166.1393986454655,2132.5090336423386,2136.056640625,2265389
2023-05-24 00:00:00+05:30,2138.3408782694446,2146.6026498445763,2115.013523233778,2123.906982421875,2648479
2023-05-25 00:00:00+05:30,2128.620979173687,2145.4361603957304,2116.957302575475,2142.908935546875,1689521
2023-05-26 00:00:00+05:30,2147.088826382881,2158.509511629599,2139.3130406829882,2156.27392578125,1249128
2023-05-29 00:00:00+05:30,2162.640221309677,2178.969417406607,2157.974702810822,2162.202880859375,1369656
2023-05-30 00:00:00+05:30,2167.499970459736,2174.3037820262016,2145.3389367550535,2148.838134765625,1716729
2023-05-31 00:00:00+05:30,2139.4102314626793,2161.668322053781,2138.3409660603947,2143.83251953125,2809284
2023-06-01 00:00:00+05:30,2154.864468781837,2159.7243345210836,2140.430572617023,2145.92236328125,1049488
2023-06-02 00:00:00+05:30,2158.752566696862,2174.595777973313,2150.1505086009824,2171.9228515625,1399950
2023-06-05 00:00:00+05:30,2182.0797841384906,2209.10068594068,2177.219918249541,2204.726806640625,2344944
2023-06-06 00:00:00+05:30,2205.407088893469,2216.7791273483654,2200.2555837118784,2214.106201171875,1677680
2023-06-07 00:00:00+05:30,2214.155007945773,2253.0339369702815,2214.155007945773,2250.60400390625,2128603
2023-06-08 00:00:00+05:30,2252.013314667476,2279.3258571906,2247.9310745848916,2274.708984375,2556995
2023-06-09 00:00:00+05:30,2279.276944942208,2302.458598555219,2272.7161264439733,2296.7724609375,2501720
2023-06-12 00:00:00+05:30,2298.7166285753933,2303.576494597751,2267.710778272007,2274.36865234375,1172382
2023-06-13 00:00:00+05:30,2280.103150062843,2291.81523586622,2261.8786547694767,2288.413330078125,1688768
2023-06-14 00:00:00+05:30,2286.955525508715,2293.8566297802727,2274.4171668160334,2289.04541015625,1013564
2023-06-15 00:00:00+05:30,2288.9966392280307,2303.0902491086276,2283.164800656749,2295.1201171875,2561534
2023-06-16 00:00:00+05:30,2297.501498930363,2313.2960623814974,2286.3238078726376,2300.466064453125,1794542
2023-06-19 00:00:00+05:30,2312.3239288444656,2352.0775324076662,2294.8284136199172,2300.028564453125,3111256
2023-06-20 00:00:00+05:30,2298.6680433401834,2322.6757346668933,2288.4623244229133,2315.240234375,1771306
2023-06-21 00:00:00+05:30,2315.240289051412,2344.399486646518,2315.240289051412,2327.34130859375,1607299
2023-06-22 00:00:00+05:30,2327.4871483174743,2356.0630658303157,2313.2962445033627,2348.5302734375,1741775
2023-06-23 00:00:00+05:30,2351.154283368464,2358.978714285028,2316.4548911494826,2322.578369140625,1212955
2023-06-26 00:00:00+05:30,2330.888890481583,2336.4777360570315,2301.5837578244823,2310.914794921875,793572
2023-06-27 00:00:00+05:30,2320.5373266401093,2329.7710718720296,2305.0830479606784,2321.12060546875,1012317
2023-06-28 00:00:00+05:30,2332.735694843218,2364.7135184074355,2323.06460890131,2353.58447265625,1734938
2023-06-30 00:00:00+05:30,2352.175056186712,2413.8953520825203,2347.363836485957,2406.168212890625,2690699
2023-07-03 00:00:00+05:30,2408.7438085644108,2422.545779810111,2379.3902669465106,2385.270751953125,1078456
2023-07-04 00:00:00+05:30,2389.304450396226,2414.770100538023,2389.304450396226,2392.852294921875,1441581
2023-07-05 00:00:00+05:30,2392.0258853481737,2415.304594472899,2385.562358919369,2401.55126953125,1191896
2023-07-06 00:00:00+05:30,2398.9268468385935,2429.8840469696033,2398.3922141864923,2418.852294921875,1796824
2023-07-07 00:00:00+05:30,2413.1664464664873,2433.8208768309673,2376.0857640490426,2380.70263671875,1837661
2023-07-10 00:00:00+05:30,2381.3343567801767,2394.31029401087,2352.1751605747054,2370.399658203125,1178479
2023-07-11 00:00:00+05:30,2378.612727570397,2409.5215222701177,2378.612727570397,2405.1962890625,1219658
2023-07-12 00:00:00+05:30,2410.785122814099,2416.2766763550103,2379.1959945034023,2386.1455078125,1822435
2023-07-13 00:00:00+05:30,2396.886095936015,2415.25629591261,2377.689623756479,2381.480224609375,1141663
2023-07-14 00:00:00+05:30,2381.577283407345,2407.626212081264,2380.0220314006688,2402.960693359375,845623
2023-07-17 00:00:00+05:30,2405.6336081003105,2424.101098425121,2395.91387635041,2399.607421875,878697
2023-07-18 00:00:00+05:30,2399.80159763292,2420.1643867348225,2398.926916757163,2405.341796875,720865
2023-07-19 00:00:00+05:30,2405.2449402301295,2432.8002376655836,2397.274570268951,2424.246826171875,1431080
2023-07-20 00:00:00+05:30,2424.10116308294,2425.753470064867,2399.8504791797304,2419.921630859375,1045704
2023-07-21 00:00:00+05:30,2451.316110402066,2522.2701453185414,2450.4414295483693,2513.765380859375,4610417
2023-07-24 00:00:00+05:30,2563.7249907466685,2564.065276282566,2511.4814317625182,2532.233154296875,2155297
2023-07-25 00:00:00+05:30,2542.6817927276616,2544.3827457617876,2481.4474834991283,2489.1259765625,2068876
2023-07-26 00:00:00+05:30,2518.382706125266,2598.9107852986695,2512.550866589661,2572.084228515625,5820099
2023-07-27 00:00:00+05:30,2594.1478319300177,2601.340576009005,2572.278434868901,2585.64306640625,2117794
2023-07-28 00:00:00+05:30,2585.594276904825,2593.370062095357,2551.42951564318,2575.29150390625,1325724
2023-07-31 00:00:00+05:30,2580.5886089261307,2614.607667800863,2557.3585464994912,2606.2001953125,1284981
2023-08-01 00:00:00+05:30,2606.2003045397114,2613.635804228994,2580.9290026022054,2591.912109375,1298745
2023-08-02 00:00:00+05:30,2593.2393620081925,2600.071388900892,2558.538271749699,2577.658203125,1479486
2023-08-03 00:00:00+05:30,2570.629507570981,2597.908654353044,2542.4165280878956,2554.016357421875,1612618
2023-08-04 00:00:00+05:30,2560.7993238152967,2590.290294914897,2554.4096134103834,2582.32763671875,1101278
2023-08-07 00:00:00+05:30,2583.4089453335787,2608.9677857364222,2578.592182949216,2591.1748046875,1163125
2023-08-08 00:00:00+05:30,2594.2714649771096,2604.5441046141023,2583.703867647575,2587.53759765625,767310
2023-08-09 00:00:00+05:30,2590.290209773469,2609.950856526968,2570.875321104389,2606.608642578125,906865
2023-08-10 00:00:00+05:30,2595.3037821301805,2616.4389774833166,2577.1666434216595,2598.64599609375,1040041
2023-08-11 00:00:00+05:30,2597.2207700100184,2611.818656980212,2586.6039722146966,2593.73095703125,1320121
2023-08-14 00:00:00+05:30,2592.256233943249,2618.3557901003232,2571.612555174645,2614.767578125,1364413
2023-08-16 00:00:00+05:30,2623.7132496036984,2649.2720898021607,2607.0508998585565,2645.38916015625,1703875
2023-08-17 00:00:00+05:30,2645.389354746101,2645.389354746101,2597.1715681329524,2607.493408203125,1629067
2023-08-18 00:00:00+05:30,2605.035528123971,2629.316377311013,2588.0782213842963,2597.1220703125,1898966
2023-08-21 00:00:00+05:30,2597.0241168644384,2621.354167592683,2578.936177576682,2617.077880859375,1376318
2023-08-22 00:00:00+05:30,2622.7303703440416,2640.080795722812,2616.8321761078855,2633.34716796875,1497180
2023-08-23 00:00:00+05:30,2643.914664535535,2679.7461451458007,2636.9350389579504,2671.48876953125,1990672
2023-08-24 00:00:00+05:30,2700.8813963683565,2719.8539688265487,2635.1166277936177,2642.538330078125,2619182
2023-08-25 00:00:00+05:30,2632.0200312859306,2637.180951346529,2586.3582246541696,2593.632568359375,1408427
2023-08-28 00:00:00+05:30,2608.5254127182684,2654.1872151421076,2605.0847996616026,2649.6162109375,1551734
2023-08-29 00:00:00+05:30,2664.017582579011,2675.9123696296283,2650.550087817997,2672.815673828125,1101830
2023-08-30 00:00:00+05:30,2676.7479214154737,2691.1984491335065,2661.0686032452586,2663.03466796875,1920079
2023-08-31 00:00:00+05:30,2673.848060826761,2678.3701057524145,2632.9048583946064,2656.841552734375,2439625
2023-09-01 00:00:00+05:30,2664.0178131123052,2669.8668079126833,2642.686057958969,2656.251953125,1263430
2023-09-04 00:00:00+05:30,2686.627433729209,2695.4747249489537,2659.102527712225,2665.09912109375,1548282
2023-09-05 00:00:00+05:30,2674.3394206427047,2692.525518522466,2673.8479044837923,2686.578125,1066447
2023-09-06 00:00:00+05:30,2693.508612317878,2696.2611508702375,2665.983706790542,2684.12060546875,1747425
2023-09-07 00:00:00+05:30,2686.6272611356144,2807.491033756782,2683.6781642518213,2798.10302734375,4100519
2023-09-08 00:00:00+05:30,2838.997363557318,2879.0067313114264,2823.711162855713,2852.36669921875,3638510
2023-09-11 00:00:00+05:30,2855.7088378789645,2876.352516225077,2841.0125529607603,2845.092041015625,1545803
2023-09-12 00:00:00+05:30,2901.5184948693486,2957.9444579889237,2882.6932806243726,2894.145751953125,7788759
2023-09-13 00:00:00+05:30,2893.5556370174218,2893.752195482007,2839.439659743868,2857.42919921875,2458417
2023-09-14 00:00:00+05:30,2875.2712810689263,2881.9067495619383,2856.6920652877484,2869.078369140625,1910041
2023-09-15 00:00:00+05:30,2883.233822929619,2885.1506879728545,2850.7937560504242,2859.19873046875,1655275
2023-09-18 00:00:00+05:30,2860.624164172598,2880.284811349042,2857.675067096131,2870.30712890625,736631
2023-09-20 00:00:00+05:30,2877.2863747995616,2894.980956398286,2837.080449277266,2840.96337890625,1399240
2023-09-21 00:00:00+05:30,2836.097375315198,2855.8072208617195,2797.7591157476663,2850.15478515625,2444711
2023-09-22 00:00:00+05:30,2859.3462152141647,2886.625363563662,2853.0057044082337,2868.97998046875,1965569
2023-09-25 00:00:00+05:30,2868.439267018743,2874.190102404505,2822.285945070252,2853.25146484375,1049532
2023-09-26 00:00:00+05:30,2865.539240582725,2894.047178139123,2860.6240789350704,2863.130859375,953456
2023-09-27 00:00:00+05:30,2872.4206420090172,2944.0836072015663,2862.246160778825,2914.740234375,2903693
2023-09-28 00:00:00+05:30,2938.283810069949,2998.7403019800536,2927.7162118905408,2958.927490234375,4081102
2023-09-29 00:00:00+05:30,2988.418393016862,3006.4571329344913,2954.258018294054,2972.24755859375,2698016
2023-10-03 00:00:00+05:30,2988.909937748808,3025.232936024404,2944.2803638997502,3021.104248046875,3254492
2023-10-04 00:00:00+05:30,3012.1095429008956,3012.1095429008956,2939.315948821484,2976.376220703125,3100946
2023-10-05 00:00:00+05:30,2981.0947801948587,3062.047349653723,2981.0947801948587,3043.517333984375,3413447
2023-10-06 00:00:00+05:30,3062.0967138048354,3062.0967138048354,3021.00591165396,3041.207275390625,1898118
2023-10-09 00:00:00+05:30,3022.8244987224443,3032.6548222955257,3003.7045673724283,3022.529541015625,1181760
2023-10-10 00:00:00+05:30,3021.694193558358,3046.417362049435,3020.0228465048326,3023.8076171875,1551789
2023-10-11 00:00:00+05:30,3037.5699822508573,3057.2306293851666,3032.064905053997,3036.2919921875,2066921
2023-10-12 00:00:00+05:30,3041.502107289892,3052.364662815554,3015.009433314256,3029.4599609375,1870280
2023-10-13 00:00:00+05:30,3015.69764799326,3046.4174105227326,3011.5197602892517,3037.177001953125,1437808
2023-10-16 00:00:00+05:30,3046.3679249546717,3060.4253349682836,3022.5293914694134,3049.267822265625,818794
2023-10-17 00:00:00+05:30,3057.1322843100943,3061.3593715184847,3011.0281619626157,3014.272216796875,1847182
2023-10-18 00:00:00+05:30,3016.5820428973298,3026.9038822919865,2985.6165247133586,2993.92333984375,1350839
2023-10-19 00:00:00+05:30,2974.262834354896,3017.810976342754,2956.1256951318155,3002.573974609375,1599104
2023-10-20 00:00:00+05:30,2988.369343638926,3004.3928200119526,2926.782458804239,2961.23779296875,1667471
2023-10-23 00:00:00+05:30,2952.0459878633646,2955.879717822381,2898.9622438258616,2908.1044921875,1614030
2023-10-25 00:00:00+05:30,2908.7925954254843,2915.182305418815,2860.9189700904612,2866.62060546875,2108353
2023-10-26 00:00:00+05:30,2856.6920731088903,2866.669755685704,2808.572686497823,2815.99462890625,3286109
2023-10-27 00:00:00+05:30,2816.0436642510904,2861.164995339321,2809.1624374618655,2852.66162109375,2399538
2023-10-30 00:00:00+05:30,2850.0075472526282,2882.2510586643284,2807.687953524656,2876.697021484375,1693052
2023-10-31 00:00:00+05:30,2880.235463156178,2901.469057010668,2858.608752377691,2879.350830078125,1556467
2023-11-01 00:00:00+05:30,2897.438624551836,2932.532831114658,2822.335049722768,2846.173583984375,3875595
2023-11-02 00:00:00+05:30,2885.200065458901,2888.001803770443,2853.939587448508,2868.5869140625,1451606
2023-11-03 00:00:00+05:30,2884.217014075247,2898.028667067294,2855.709074944987,2861.85302734375,1136175
2023-11-06 00:00:00+05:30,2883.233946858254,2928.453435966839,2877.581510719681,2924.963623046875,1235499
2023-11-07 00:00:00+05:30,2919.6060442797034,2932.975380077677,2905.941990778791,2911.0537109375,1112206
2023-11-08 00:00:00+05:30,2924.226224553206,2951.8003294140635,2910.75872962952,2945.607177734375,1013438
2023-11-09 00:00:00+05:30,2952.0462809446426,2977.310165485899,2946.148086577121,2973.525634765625,1719911
2023-11-10 00:00:00+05:30,2969.790011978774,2992.350557042261,2954.258052414998,2981.782958984375,947753
2023-11-13 00:00:00+05:30,2998.24847421119,3002.5247606572625,2980.209735752345,2996.77392578125,531769
2023-11-15 00:00:00+05:30,3010.389328150513,3018.9416619229605,3003.163944102434,3012.945068359375,1160184
2023-11-16 00:00:00+05:30,3006.0638185745934,3029.8041945516875,2993.3335972525724,2999.379150390625,1597607
2023-11-17 00:00:00+05:30,2998.248650276918,3062.5880692152014,2993.480847407553,3056.24755859375,1325050
2023-11-20 00:00:00+05:30,3042.5835326847646,3059.147483838917,3024.004077208596,3036.390380859375,1231164
2023-11-21 00:00:00+05:30,3036.0952970188937,3046.4171362996767,3010.4872572798026,3022.677001953125,1884782
2023-11-22 00:00:00+05:30,3022.677189239935,3036.2428439938585,3010.5366434296247,3030.000732421875,1104208
2023-11-23 00:00:00+05:30,3027.739669684493,3035.6039285667907,2979.620283648063,2993.972412109375,1514688
2023-11-24 00:00:00+05:30,2998.248626241866,3014.9601759619027,2988.025185941801,3002.426513671875,915121
2023-11-28 00:00:00+05:30,3002.180908843494,3007.243429635509,2983.5032934970545,2998.248779296875,1210508
2023-11-29 00:00:00+05:30,2998.2486834021583,3037.4715783759366,2997.2656510469446,3031.426025390625,1801107
2023-11-30 00:00:00+05:30,3024.1024239342632,3071.5337341572085,3006.8009588174195,3056.444091796875,3131624
2023-12-01 00:00:00+05:30,3076.8419493120086,3143.6881467966937,3068.093057699292,3136.511962890625,2112908
2023-12-04 00:00:00+05:30,3229.2612825931287,3290.7500043298023,3194.8551502062915,3257.326904296875,3095974
2023-12-05 00:00:00+05:30,3262.733592562646,3268.582587087281,3223.4122982818967,3259.194580078125,1659309
2023-12-06 00:00:00+05:30,3273.4977586317705,3343.2930561881835,3264.650467392225,3334.74072265625,2057233
2023-12-07 00:00:00+05:30,3334.7405680156485,3352.041792749576,3280.4280326470534,3298.663330078125,2128823
2023-12-08 00:00:00+05:30,3319.7003834549623,3371.8011001630207,3308.887027157063,3321.125732421875,2428891
2023-12-11 00:00:00+05:30,3320.633930475794,3347.2250023561032,3302.988548580472,3328.350830078125,1534238
2023-12-12 00:00:00+05:30,3317.734206714598,3317.734206714598,3275.46381534016,3285.687255859375,1888423
2023-12-13 00:00:00+05:30,3296.0583625004438,3352.1404076425965,3289.422893951591,3342.113525390625,1509107
2023-12-14 00:00:00+05:30,3367.819563512354,3381.6312157507286,3342.4083217765915,3374.848388671875,2425646
2023-12-15 00:00:00+05:30,3376.8632975183427,3439.531606423848,3374.602515234757,3428.816650390625,2632935
2023-12-18 00:00:00+05:30,3436.6809590595285,3446.5112821689663,3407.1899897312146,3432.355712890625,1767429
2023-12-19 00:00:00+05:30,3429.750731011291,3465.189095863652,3417.0697094682364,3439.5810546875,1311700
2023-12-20 00:00:00+05:30,3445.528392158476,3454.9655987325427,3354.6470992579452,3360.49609375,1876048
2023-12-21 00:00:00+05:30,3332.528790453094,3381.582007605103,3276.446748159293,3366.050048828125,2292802
2023-12-22 00:00:00+05:30,3365.9029498269756,3436.6812828840852,3350.764346811241,3418.9375,1681707
2023-12-26 00:00:00+05:30,3418.937487352161,3448.821816309053,3418.937487352161,3430.832275390625,1072263
2023-12-27 00:00:00+05:30,3450.4435988312116,3488.781861040447,3444.692763500572,3483.86669921875,1389266
2023-12-28 00:00:00+05:30,3484.849606864931,3499.5458921862173,3441.1046682174024,3458.35693359375,3371121
2023-12-29 00:00:00+05:30,3471.0872809658385,3479.934572251223,3435.6981158243007,3466.172119140625,968577
2024-01-01 00:00:00+05:30,3477.968451638937,3477.968451638937,3436.730292587616,3465.63134765625,777080
2024-01-02 00:00:00+05:30,3465.2382880568675,3465.6314050038186,3373.7670784461066,3379.763671875,1511464
2024-01-03 00:00:00+05:30,3374.7502018567843,3407.042911934397,3353.7134046664887,3381.9755859375,1283859
2024-01-04 00:00:00+05:30,3382.6634911645956,3421.0509521502554,3364.919709377571,3400.013916015625,1651616
2024-01-05 00:00:00+05:30,3406.157716000353,3494.67982251401,3401.291754120527,3462.141357421875,2069018
2024-01-08 00:00:00+05:30,3479.9346884970446,3499.546136835132,3430.783068603019,3441.69482421875,1993855
2024-01-09 00:00:00+05:30,3467.5975902807595,3532.7726863797207,3460.3724461419374,3495.614013671875,1807271
2024-01-10 00:00:00+05:30,3489.715510244733,3498.562801058463,3460.2737404808913,3485.341064453125,1534821
2024-01-11 00:00:00+05:30,3485.3412734209137,3499.152926241177,3441.154016318223,3445.381103515625,1105348
2024-01-12 00:00:00+05:30,3445.5775381734243,3517.928574122562,3434.7641824746715,3508.245849609375,1782631
2024-01-15 00:00:00+05:30,3515.4221289211832,3544.5197428637716,3478.0176995136876,3482.932861328125,1783518
2024-01-16 00:00:00+05:30,3487.798642841839,3528.1029676322887,3477.968319722217,3512.865966796875,1791818
2024-01-17 00:00:00+05:30,3494.6800567814375,3553.12128286779,3487.5038725189397,3510.359375,2699076
2024-01-18 00:00:00+05:30,3510.2120074684813,3555.5788549915437,3465.189077273359,3534.984375,2148898
2024-01-19 00:00:00+05:30,3541.86535356598,3593.818706277956,3541.86535356598,3584.1357421875,1913923
2024-01-23 00:00:00+05:30,3575.8784984849062,3599.2255163150785,3476.198876255316,3490.747802734375,1742142
2024-01-24 00:00:00+05:30,3509.42538797253,3556.5617397917517,3461.944878841512,3528.299560546875,3711521
2024-01-25 00:00:00+05:30,3538.818049700548,3556.856789265897,3504.3137583223156,3532.4775390625,2206540
2024-01-29 00:00:00+05:30,3542.848619117449,3670.4954668349046,3539.0148889195443,3645.083984375,2072982
2024-01-30 00:00:00+05:30,3652.898892229969,3674.4764035995604,3563.3937517215904,3571.6513671875,1454989
2024-01-31 00:00:00+05:30,3460.274085782025,3477.968669175228,3329.5799747746314,3420.70703125,9637606
2024-02-01 00:00:00+05:30,3420.952648501876,3434.4693435929394,3313.8021201436277,3340.343994140625,6149780
2024-02-02 00:00:00+05:30,3344.9640731096847,3378.0432551299355,3303.9716728034773,3318.766357421875,7579802
2024-02-05 00:00:00+05:30,3318.2259281033166,3350.1252820787877,3262.1438806374467,3285.048583984375,2954238
2024-02-06 00:00:00+05:30,3289.226158100314,3369.5890506360884,3280.9195829570976,3366.1484375,2545192
2024-02-07 00:00:00+05:30,3386.5466762260303,3388.512741059834,3331.4968608795407,3337.10009765625,2099940
2024-02-08 00:00:00+05:30,3355.089301524322,3359.807904650614,3237.9610968272273,3278.904296875,3471727
2024-02-09 00:00:00+05:30,3279.641811825158,3332.479802798737,3252.8049795729025,3268.140380859375,3121873
2024-02-12 00:00:00+05:30,3273.497740318375,3282.4923903623385,3231.2273490770262,3243.564453125,1922273
2024-02-13 00:00:00+05:30,3255.8030386779315,3281.9025947321757,3228.3765329926664,3265.141845703125,2151493
2024-02-14 00:00:00+05:30,3234.2255891152977,3260.669062987632,3207.683716009988,3252.85400390625,2502138
2024-02-15 00:00:00+05:30,3252.8538465925767,3265.5840667444713,3234.3727915467334,3244.301513671875,1999189
2024-02-16 00:00:00+05:30,3248.8725772025077,3340.343781429929,3247.987944124862,3329.28466796875,2768329
2024-02-19 00:00:00+05:30,3342.850927811554,3350.1744713058297,3278.9046211973573,3283.180908203125,1216447
2024-02-20 00:00:00+05:30,3283.1807940708886,3310.6073015047805,3271.9740809272776,3299.7939453125,1578162
2024-02-21 00:00:00+05:30,3299.941231179559,3299.941231179559,3234.2256619543627,3240.4677734375,2430672
2024-02-22 00:00:00+05:30,3253.83706031099,3311.8359686367753,3221.3477933254794,3306.675048828125,2521388
2024-02-23 00:00:00+05:30,3306.675020932053,3342.2115438868536,3284.0652771991845,3330.46435546875,2107176
2024-02-26 00:00:00+05:30,3342.3099095564894,3432.404726266313,3335.428683272108,3411.26953125,4122419
2024-02-27 00:00:00+05:30,3416.0372949709936,3452.4094906296773,3393.329152492944,3446.95361328125,2122286
2024-02-28 00:00:00+05:30,3445.528421783715,3453.392680663678,3387.676871398735,3411.31884765625,1666903
2024-02-29 00:00:00+05:30,3425.8677324453834,3436.681088272327,3378.1414639550185,3418.544189453125,2119512
2024-03-01 00:00:00+05:30,3442.235229526505,3596.2765951174333,3440.613322102484,3571.84814453125,4407803
2024-03-04 00:00:00+05:30,3607.7288299638517,3617.3625952750995,3560.5924754030525,3582.6123046875,1307501
2024-03-05 00:00:00+05:30,3569.587237333214,3582.61241675893,3529.3813077844134,3551.302978515625,1981370
2024-03-06 00:00:00+05:30,3556.6110556652293,3590.476472250364,3525.20321996433,3580.400390625,1500196
2024-03-07 00:00:00+05:30,3598.635714770417,3642.2822555903413,3581.4326484565518,3614.560791015625,2344401
2024-03-11 00:00:00+05:30,3637.21966177612,3637.21966177612,3569.8327467995337,3578.82763671875,1748541
2024-03-12 00:00:00+05:30,3577.3038813071857,3609.6947488782403,3551.8431997277125,3560.198974609375,1470377
2024-03-13 00:00:00+05:30,3573.2240523994465,3575.0919577898185,3452.311078107708,3478.509033203125,2503293
2024-03-14 00:00:00+05:30,3467.204315321638,3574.3056423875005,3462.2399539298067,3546.977294921875,4528490
2024-03-15 00:00:00+05:30,3536.950427542037,3541.8655893368423,3464.2552325964903,3477.1328125,4054210
2024-03-18 00:00:00+05:30,3477.1329253438525,3511.5882586432494,3466.8602848589567,3500.77490234375,1354787
2024-03-19 00:00:00+05:30,3480.9176442134026,3489.273419411317,3421.9357016398912,3442.284423828125,1447405
2024-03-20 00:00:00+05:30,3443.3166546278585,3465.139925372857,3428.571168989598,3450.148681640625,1442811
2024-03-21 00:00:00+05:30,3465.3364409688484,3534.9843799376754,3465.3364409688484,3499.59521484375,2504962
2024-03-22 00:00:00+05:30,3486.0293371969537,3585.4140056521824,3486.0293371969537,3556.41455078125,3020545
2024-03-26 00:00:00+05:30,3543.831646015062,3614.511576464763,3538.9164842314067,3607.8271484375,2320963
2024-03-27 00:00:00+05:30,3620.5081254618312,3663.958107097126,3607.827104214693,3643.510986328125,2387693
2024-03-28 00:00:00+05:30,3643.658638595526,3748.646542546278,3634.8113473636895,3700.035400390625,4278668
2024-04-01 00:00:00+05:30,3716.697970808546,3786.493267927305,3716.697970808546,3772.878173828125,1905190
2024-04-02 00:00:00+05:30,3784.478079921172,3794.5049621323606,3707.2608389745246,3742.79736328125,3608162
2024-04-03 00:00:00+05:30,3735.2280603905624,3735.2280603905624,3706.1794057633247,3718.270751953125,1684618
2024-04-04 00:00:00+05:30,3740.339609743757,3754.93773581746,3667.7428163016702,3733.409423828125,2339529
2024-04-05 00:00:00+05:30,3706.1302515889165,3725.692498789113,3653.19386507257,3679.58837890625,1645597
2024-04-08 00:00:00+05:30,3681.45630839201,3754.9871793202697,3679.5886428462886,3743.239990234375,1083395
2024-04-09 00:00:00+05:30,3755.1835674348627,3762.9986265978296,3710.947111797541,3721.023193359375,1997057
2024-04-10 00:00:00+05:30,3735.522806157532,3735.522806157532,3686.469589518029,3689.516845703125,1951581
2024-04-12 00:00:00+05:30,3686.3221165584205,3737.5873976609155,3601.3390178158124,3616.82177734375,3437544
2024-04-15 00:00:00+05:30,3564.5244473250796,3617.411634962523,3525.3505127651024,3539.702880859375,1719910
2024-04-16 00:00:00+05:30,3519.3050076932896,3537.0977492045167,3469.56347485363,3483.325927734375,2291042
2024-04-18 00:00:00+05:30,3501.5120864898577,3556.266941251657,3479.6396163562536,3490.69873046875,3273257
2024-04-19 00:00:00+05:30,3465.189168992757,3482.785352745265,3413.48156936541,3458.652099609375,2759031
2024-04-22 00:00:00+05:30,3508.1966556579137,3558.5770629720905,3480.8683086664028,3551.40087890625,2605754
2024-04-23 00:00:00+05:30,3571.1106694558407,3571.1106694558407,3527.1199730252715,3548.89404296875,1434580
2024-04-24 00:00:00+05:30,3555.1855097527296,3592.933854043625,3539.997708729366,3573.175048828125,1501234
2024-04-25 00:00:00+05:30,3554.7433784756945,3603.7965967640926,3550.3197328986516,3590.3291015625,2420380
2024-04-26 00:00:00+05:30,3590.0342841106994,3598.783176372282,3524.1711140571897,3544.0283203125,1973113
2024-04-29 00:00:00+05:30,3544.913057183897,3587.9696821621487,3544.0281840690564,3572.634521484375,1396979
2024-04-30 00:00:00+05:30,3577.254730576903,3587.035854484185,3523.2371508092306,3533.313232421875,1571996
2024-05-02 00:00:00+05:30,3529.1351973449114,3572.4867782763663,3515.3727449860767,3538.4248046875,3748847
2024-05-03 00:00:00+05:30,3548.7468675840228,3560.5432560635268,3429.2592346107563,3440.416748046875,4079696
2024-05-06 00:00:00+05:30,3463.026311828979,3467.1549995816204,3382.7126191238076,3404.535888671875,2614667
2024-05-07 00:00:00+05:30,3420.362635808808,3436.6810686902854,3366.8857723867927,3369.589111328125,3376013
2024-05-08 00:00:00+05:30,3370.818004699296,3438.057322967009,3310.6564715126897,3427.6865234375,4116670
2024-05-09 00:00:00+05:30,3256.5404459914744,3319.700275032287,3211.2225582602136,3219.873291015625,12120574
2024-05-10 00:00:00+05:30,3225.919084549805,3250.0523369591824,3179.716563687459,3215.941162109375,4132191
2024-05-13 00:00:00+05:30,3211.615866827031,3258.7522197128437,3170.4758672395483,3237.961181640625,3557067
2024-05-14 00:00:00+05:30,3244.006770008901,3327.466120910786,3237.51866046963,3322.108642578125,2870328
2024-05-15 00:00:00+05:30,3332.4795764021014,3359.4145660646263,3296.254739284734,3353.418212890625,2718682
2024-05-16 00:00:00+05:30,3370.768718156894,3409.647695479342,3321.3713427214498,3401.8818359375,3398714
2024-05-17 00:00:00+05:30,3416.9710965842637,3416.9710965842637,3354.2535874518694,3392.19873046875,2676919
2024-05-21 00:00:00+05:30,3399.3259354549778,3411.417281605587,3375.7331585750126,3382.565185546875,2100848
2024-05-22 00:00:00+05:30,3391.510887914321,3413.7764751730087,3376.7654023130335,3402.127685546875,1409992
2024-05-23 00:00:00+05:30,3402.1766773364525,3540.5384852034813,3396.3768822776947,3524.564208984375,4525637
2024-05-24 00:00:00+05:30,3525.1540577951887,3596.915420377188,3521.516886047509,3564.376953125,2740360
2024-05-27 00:00:00+05:30,3583.0545539303653,3632.304571178892,3538.916496953724,3590.0341796875,2570708
2024-05-28 00:00:00+05:30,3590.0341536601704,3622.7199794020107,3584.1851591586255,3596.12890625,1440187
2024-05-29 00:00:00+05:30,3549.7297590075214,3599.7170492038185,3549.0908839895046,3573.1259765625,1506146
2024-05-30 00:00:00+05:30,3564.5244541734073,3582.120637009393,3546.534914403679,3573.027587890625,2701849
2024-05-31 00:00:00+05:30,3574.6988620799234,3681.259716412045,3574.6988620799234,3607.040771484375,6432341
2024-06-03 00:00:00+05:30,3789.9828135864914,3853.3883999506247,3736.6043491575165,3831.0244140625,5767666
2024-06-04 00:00:00+05:30,3786.640798989519,3831.8602893201314,3263.6675629920055,3345.455810546875,9920882
2024-06-05 00:00:00+05:30,3383.1057774170854,3383.1057774170854,3121.176860025811,3351.1572265625,10372458
2024-06-06 00:00:00+05:30,3379.6653320036944,3478.165128758799,3327.8595734307237,3423.45947265625,8374602
2024-06-07 00:00:00+05:30,3406.25628373822,3487.798768964526,3387.5294695185335,3472.561767578125,5879660
2024-06-10 00:00:00+05:30,3461.3060635247307,3524.170933573082,3461.3060635247307,3483.620849609375,3151257
2024-06-11 00:00:00+05:30,3509.4256898192198,3577.254925840936,3490.9446325846884,3537.638671875,2548176
2024-06-12 00:00:00+05:30,3553.661949605066,3587.03584992884,3517.2897526104916,3568.702392578125,2242274
2024-06-13 00:00:00+05:30,3603.305271173983,3652.8500082581154,3573.3227828993117,3640.807861328125,2965500
2024-06-14 00:00:00+05:30,3654.9140899485865,3656.880154547806,3612.6437010653726,3625.2265625,1746508
2024-06-18 00:00:00+05:30,3645.083838799685,3647.0499034376567,3612.6437722731503,3626.602783203125,1936792
2024-06-19 00:00:00+05:30,3627.3895487993927,3636.2368403818305,3514.340823023802,3529.037109375,2936151
2024-06-20 00:00:00+05:30,3551.8243540135686,3579.9124915512257,3531.6625368886803,3561.236572265625,2618715
2024-06-21 00:00:00+05:30,3570.7481998456587,3576.643172764542,3483.5117438892325,3502.336181640625,4508508
2024-06-24 00:00:00+05:30,3487.8214811554917,3534.0403306945373,3472.6132209375814,3498.967529296875,2330559
2024-06-25 00:00:00+05:30,3523.6373620686804,3558.7597499311096,3495.400706699931,3554.648193359375,2158039
2024-06-26 00:00:00+05:30,3567.7262697674155,3591.4053337598266,3559.057120958622,3569.658203125,2480187
2024-06-27 00:00:00+05:30,3564.209017285815,3568.0235395085265,3517.1975102093993,3531.46435546875,5519875
2024-06-28 00:00:00+05:30,3507.289749024576,3542.9075160367374,3505.407402127858,3515.66162109375,3141514
2024-07-01 00:00:00+05:30,3502.5340870656305,3508.676749607373,3481.530027139966,3493.964111328125,2961120
2024-07-02 00:00:00+05:30,3502.385541573321,3600.4211771476025,3502.385541573321,3592.990478515625,5087748
2024-07-03 00:00:00+05:30,3616.6202346651207,3616.7687518854223,3571.689179714271,3580.952880859375,1923801
2024-07-04 00:00:00+05:30,3582.686796593475,3610.3288997028403,3532.851527674528,3540.2822265625,1851947
2024-07-05 00:00:00+05:30,3540.2822482724014,3604.3843626954545,3535.0311726490877,3593.634521484375,1635209
2024-07-08 00:00:00+05:30,3606.464948630707,3612.0130585397096,3560.7908237810175,3598.439697265625,1706210
2024-07-09 00:00:00+05:30,3616.2735228663482,3650.950118291094,3612.4096561300557,3632.224853515625,2425176
2024-07-10 00:00:00+05:30,3650.999592405431,3659.866844585888,3567.7261795760105,3616.322998046875,2231438
2024-07-11 00:00:00+05:30,3626.1810867915146,3650.553876095973,3569.707774784106,3587.640625,2942924
2024-07-12 00:00:00+05:30,3596.45833837869,3633.809937207494,3579.3181442017562,3615.629638671875,2001185
2024-07-15 00:00:00+05:30,3636.0885264472968,3640.051565713179,3603.3934525037653,3617.858642578125,943302
2024-07-16 00:00:00+05:30,3612.4095587798215,3617.8587379140035,3587.541389977207,3602.94775390625,2220953
2024-07-18 00:00:00+05:30,3606.3657548731135,3645.2530779167314,3565.397739447795,3622.416015625,3240772
2024-07-19 00:00:00+05:30,3617.264147674278,3625.1406399640023,3576.6429945505733,3585.064453125,2432533
2024-07-22 00:00:00+05:30,3584.4699200062273,3628.0140083802585,3534.634893678459,3617.7099609375,3639057
2024-07-23 00:00:00+05:30,3635.6924158520765,3679.682056118013,3428.02905604963,3505.35791015625,6957691
2024-07-24 00:00:00+05:30,3516.2066892915877,3525.0739415258454,3468.6502167398844,3486.9296875,3184060
2024-07-25 00:00:00+05:30,3506.2991890603626,3597.349924596564,3499.413456322879,3585.70849609375,4691483
2024-07-26 00:00:00+05:30,3595.4673944643587,3666.8021016568177,3562.8714930705823,3645.89697265625,2617659
2024-07-29 00:00:00+05:30,3666.802205120295,3754.979831776795,3652.535360033135,3740.06884765625,4159919
2024-07-30 00:00:00+05:30,3739.969946119707,3759.9336605012822,3704.054901273021,3749.67919921875,1979989
2024-07-31 00:00:00+05:30,3742.1494918483113,3786.6840981579703,3728.3284404949313,3779.748779296875,2703636
2024-08-01 00:00:00+05:30,3774.7949404176857,3803.477389028954,3731.0529908147664,3744.378662109375,1998663
2024-08-02 00:00:00+05:30,3695.881139197811,3714.259541086526,3623.307979478477,3631.828369140625,2512525
2024-08-05 00:00:00+05:30,3563.7630621462454,3574.5622473988606,3479.0530977833027,3495.400634765625,2900685
2024-08-06 00:00:00+05:30,3515.215894468333,3601.3128273732077,3513.2343747983955,3543.1552734375,2125532
2024-08-07 00:00:00+05:30,3596.458311189059,3621.970377721598,3576.9899765889945,3604.632080078125,1613097
2024-08-08 00:00:00+05:30,3587.5413009561235,3595.2196895455763,3514.6708679657236,3520.714599609375,2038088
2024-08-09 00:00:00+05:30,3566.7353789703648,3572.234144389889,3542.6598667853705,3558.85888671875,848232
2024-08-12 00:00:00+05:30,3545.9294853625324,3577.6338004034938,3530.0773278420515,3538.944580078125,1965035
2024-08-13 00:00:00+05:30,3546.9203370072655,3573.6708535154207,3512.4418451309184,3518.98095703125,1316218
2024-08-14 00:00:00+05:30,3526.0645978570737,3545.6321042179725,3503.822088370616,3512.441650390625,1584372
2024-08-16 00:00:00+05:30,3544.9386652756757,3547.811772023547,3500.3544730069766,3535.3779296875,2808865
2024-08-19 00:00:00+05:30,3566.5870183316038,3566.636362817366,3514.2252623959716,3522.200927734375,1898535
2024-08-20 00:00:00+05:30,3529.086661893691,3546.920339578724,3515.2160236942213,3539.687744140625,1285569
2024-08-21 00:00:00+05:30,3556.827875990509,3581.894148674575,3548.8026244189223,3562.822021484375,1714248
2024-08-22 00:00:00+05:30,3573.7202592470203,3578.7729892012117,3550.8336106374327,3573.17529296875,1734927
2024-08-23 00:00:00+05:30,3573.1753203821986,3588.532097719208,3553.905090100767,3565.298828125,1825180
2024-08-26 00:00:00+05:30,3577.6339076404442,3614.292023005356,3561.4844733054415,3608.248291015625,1606911
2024-08-27 00:00:00+05:30,3608.9911527032123,3702.469438244461,3602.4026966702863,3668.486328125,3315435
2024-08-28 00:00:00+05:30,3670.7652176002025,3689.985861796769,3650.950020744061,3654.962646484375,1278175
2024-08-29 00:00:00+05:30,3656.3992119323852,3675.7190289308087,3617.809164304788,3649.414306640625,2165489
2024-08-30 00:00:00+05:30,3683.992060763176,3710.3957145547793,3632.5218919894023,3670.41845703125,2592912
2024-09-02 00:00:00+05:30,3671.7559303082635,3687.5585012212314,3632.4723997991414,3649.067626953125,1277813
2024-09-03 00:00:00+05:30,3659.8171817795624,3679.6323781420283,3633.0170803223837,3656.05224609375,1211993
2024-09-04 00:00:00+05:30,3616.2735058407375,3646.9870616437684,3597.5482411534276,3617.066162109375,1930121
2024-09-05 00:00:00+05:30,3634.107024290044,3634.107024290044,3575.0576421905484,3590.662109375,2958770
2024-09-06 00:00:00+05:30,3581.6960064328896,3590.315568693052,3503.5249096620782,3541.71875,3096557
2024-09-09 00:00:00+05:30,3550.883366854938,3560.7909655347785,3521.012053589111,3545.236083984375,1454589
2024-09-10 00:00:00+05:30,3551.8740229860086,3591.5044165479167,3538.003385239341,3562.9208984375,1203483
2024-09-11 00:00:00+05:30,3561.7817251150263,3570.6489775558207,3483.907902743875,3504.26806640625,1865165
2024-09-12 00:00:00+05:30,3525.12359528144,3604.4339707528998,3501.3453585510424,3588.5322265625,3751523
2024-09-13 00:00:00+05:30,3588.5320727667454,3601.164260488384,3566.7849430660444,3579.615234375,1752455
2024-09-16 00:00:00+05:30,3585.708311189913,3636.088544866544,3579.615235041641,3628.41015625,1045964
2024-09-17 00:00:00+05:30,3634.1070451471865,3670.7651587432733,3625.883690206795,3661.0556640625,1289060
2024-09-18 00:00:00+05:30,3654.9130336586118,3723.2258759487204,3650.1573380706172,3695.97998046875,2249929
2024-09-19 00:00:00+05:30,3715.349537576296,3715.7457447730767,3640.051786948083,3649.662109375,1711564
2024-09-20 00:00:00+05:30,3665.8114955558667,3774.6959078186196,3646.243988248508,3758.84375,5401701
2024-09-23 00:00:00+05:30,3764.8873219164702,3803.328851369825,3714.358571017065,3752.700927734375,1937874
2024-09-24 00:00:00+05:30,3752.7010769583158,3796.3936835802774,3740.118475101147,3756.565185546875,2676546
2024-09-25 00:00:00+05:30,3752.5525980290936,3777.9654919680165,3743.0907928834763,3758.79443359375,2113862
2024-09-26 00:00:00+05:30,3765.8780786807533,3767.810011954277,3701.874897506245,3727.386962890625,2750597
2024-09-27 00:00:00+05:30,3703.460357923151,3703.460357923151,3617.2642500742177,3671.4091796875,4095425
2024-09-30 00:00:00+05:30,3664.820672368274,3681.3167270593494,3631.134837585759,3641.58740234375,1837697
2024-10-01 00:00:00+05:30,3633.116469278175,3689.5897822721363,3605.7220554306127,3619.7412109375,1674100
2024-10-03 00:00:00+05:30,3549.397123794199,3583.578338245253,3453.194246657778,3465.3310546875,5315877
2024-10-04 00:00:00+05:30,3482.5208261434614,3520.7146662267596,3436.4504937350202,3461.665283203125,3445879
2024-10-07 00:00:00+05:30,3472.6132534846006,3480.4897458680553,3397.3155053348632,3436.302001953125,2304227
2024-10-08 00:00:00+05:30,3460.6745819218163,3505.803741625895,3436.9459318073277,3499.760009765625,2249452
2024-10-09 00:00:00+05:30,3509.3208657946843,3524.826160210482,3448.834930458676,3454.878662109375,1645791
2024-10-10 00:00:00+05:30,3482.5209061300893,3522.052127770106,3423.5706944900494,3428.3759765625,2686116
2024-10-11 00:00:00+05:30,3437.3422121277545,3464.7864541615186,3415.1492876909674,3450.370849609375,1280465
2024-10-14 00:00:00+05:30,3477.5671471693995,3540.8272616859044,3468.947584668747,3522.200927734375,1974378
2024-10-15 00:00:00+05:30,3537.012684122755,3537.012684122755,3487.623208572359,3519.079833984375,1231552
2024-10-16 00:00:00+05:30,3517.19737614145,3548.802517781621,3481.0842289239285,3499.958251953125,1961835
2024-10-17 00:00:00+05:30,3517.09841185004,3549.892660730696,3489.258204269039,3537.31005859375,2968537
2024-10-18 00:00:00+05:30,3536.9631608978584,3559.255258044508,3507.5376410412273,3544.74072265625,2102609
2024-10-21 00:00:00+05:30,3546.920154115808,3588.482480170472,3538.300592062359,3552.468505859375,1750549
2024-10-22 00:00:00+05:30,3551.874105562686,3558.462561891636,3467.6595172857465,3479.449462890625,1363574
2024-10-23 00:00:00+05:30,3468.699767124874,3481.4804722366666,3411.186110352357,3423.471435546875,2125268
2024-10-24 00:00:00+05:30,3412.1769780415616,3442.4943266909463,3385.1787716967206,3410.83935546875,1924421
2024-10-25 00:00:00+05:30,3393.3525953226635,3403.260194141124,3284.4185946906396,3295.66357421875,3236774
2024-10-28 00:00:00+05:30,3285.3597705978486,3341.833083904265,3232.403703251498,3309.9306640625,2991674
2024-10-29 00:00:00+05:30,3285.3596939840263,3353.1275716175005,3285.3596939840263,3349.659912109375,2253467
2024-10-30 00:00:00+05:30,3348.7187203265817,3406.6285854189828,3322.017790636822,3376.8564453125,1785128
2024-10-31 00:00:00+05:30,3497.3821659060313,3621.177557084316,3475.93231254891,3588.829345703125,7637083
2024-11-01 00:00:00+05:30,3591.4548321093766,3608.248163013316,3586.5506192804,3592.842041015625,212796
2024-11-04 00:00:00+05:30,3591.454757579255,3591.454757579255,3498.273748223489,3541.42138671875,1724189
2024-11-05 00:00:00+05:30,3523.141977250831,3551.874012498377,3509.1721668076166,3541.768310546875,1251506
2024-11-06 00:00:00+05:30,3560.7908358845502,3626.0818120535296,3524.5289292827542,3611.765380859375,1819732
2024-11-07 00:00:00+05:30,3613.64812502655,3629.1534203086458,3586.550745704968,3612.85546875,1581009
2024-11-08 00:00:00+05:30,3606.762005642167,3633.116314000204,3587.1944989060057,3626.478271484375,1622142
2024-11-11 00:00:00+05:30,3612.3105270062706,3627.171925224892,3572.6801317566133,3595.319091796875,926127
2024-11-12 00:00:00+05:30,3616.2734964993606,3617.264256361415,3546.920306155537,3558.16552734375,1116206
2024-11-13 00:00:00+05:30,3551.8739595234183,3571.540638731014,3502.979865586132,3515.166259765625,1568694
2024-11-14 00:00:00+05:30,3525.1236180654023,3532.802007059221,3467.8080628221655,3493.6669921875,1291765
2024-11-18 00:00:00+05:30,3488.5646204454893,3535.3284372010994,3478.4093319368303,3509.419921875,1233217
2024-11-19 00:00:00+05:30,3527.0059150429074,3573.670801019988,3462.7056971346988,3473.5048828125,1826460
2024-11-21 00:00:00+05:30,3497.3823457348035,3497.9273120409725,3420.5488693375355,3451.31201171875,1510581
2024-11-22 00:00:00+05:30,3467.65948036631,3580.110723515332,3441.008137113958,3570.203125,2534018
2024-11-25 00:00:00+05:30,3626.18110979966,3726.247856272274,3620.2365506032675,3718.32177734375,4753829
2024-11-26 00:00:00+05:30,3720.203996884119,3720.203996884119,3655.9037805332373,3668.387451171875,1141534
2024-11-27 00:00:00+05:30,3669.774513123046,3685.6266708471194,3650.950075825708,3664.5234375,971816
2024-11-28 00:00:00+05:30,3665.811542392949,3686.1221198575586,3614.2920288241835,3632.17529296875,2124283
2024-11-29 00:00:00+05:30,3601.511214374312,3715.349423970889,3601.511214374312,3690.38232421875,2094305
2024-12-02 00:00:00+05:30,3672.5981504936294,3683.4965085580607,3638.96166095972,3669.823974609375,1158369
2024-12-03 00:00:00+05:30,3686.61739260098,3763.7481434838655,3667.29757557445,3752.05712890625,3252670
2024-12-04 00:00:00+05:30,3740.118390394391,3799.5639807052953,3723.3250595085055,3754.880615234375,2510166
2024-12-05 00:00:00+05:30,3774.795072699305,3848.1113024577694,3725.2570796192617,3796.14599609375,2765170
2024-12-06 00:00:00+05:30,3796.591629891723,3848.0615541590573,3764.8873156546315,3830.970947265625,1856562
2024-12-09 00:00:00+05:30,3831.7637313714667,3922.418257918458,3831.7637313714667,3910.826416015625,3332753
2024-12-10 00:00:00+05:30,3918.4552120818294,3926.8766708182884,3865.251456441381,3886.8994140625,2349493
2024-12-11 00:00:00+05:30,3886.8993599564724,3911.1729759766104,3865.9448861460396,3880.55859375,1237958
2024-12-12 00:00:00+05:30,3893.6862496560757,3922.4182855950135,3811.403594909171,3824.23388671875,1899867
2024-12-13 00:00:00+05:30,3823.342220588058,3861.981854328129,3759.1409346122255,3851.08349609375,2300361
2024-12-16 00:00:00+05:30,3846.1296229071436,3878.230144335169,3821.6083173515144,3842.01806640625,918660
2024-12-17 00:00:00+05:30,3827.354784853903,3839.59052354427,3761.9150501295635,3772.020751953125,1690180
2024-12-18 00:00:00+05:30,3772.020891790718,3783.7119065193083,3710.395676856457,3723.424072265625,1318341
2024-12-19 00:00:00+05:30,3667.941514543971,3727.4366924425294,3665.8114776014195,3682.010498046875,1856838
2024-12-20 00:00:00+05:30,3682.0105432934306,3690.5805194235677,3573.770027388189,3596.309814453125,2796593
2024-12-23 00:00:00+05:30,3636.0887444633295,3665.8115407395962,3583.628057412665,3606.861328125,1217612
2024-12-24 00:00:00+05:30,3614.2423464556105,3645.0054881752694,3598.835982411058,3606.1181640625,627922
2024-12-26 00:00:00+05:30,3624.1995464681772,3631.283382671433,3576.989936171985,3595.962890625,1124705
2024-12-27 00:00:00+05:30,3598.836013241129,3609.9820616491907,3570.2031500845333,3574.7607421875,1309122
2024-12-30 00:00:00+05:30,3574.562331818288,3589.522902163864,3533.0495912548545,3545.8798828125,1591690
2024-12-31 00:00:00+05:30,3529.6315728968502,3587.1452309068904,3517.19748832877,3574.314697265625,1267628
2025-01-01 00:00:00+05:30,3566.7355253067485,3654.9131535712763,3566.6859389363945,3633.61181640625,1202029
2025-01-02 00:00:00+05:30,3642.627825225075,3689.6889189264243,3616.3231023687426,3679.186767578125,1882900
2025-01-03 00:00:00+05:30,3673.7374314503086,3685.5273766150435,3617.7099149642713,3626.081787109375,1290107
2025-01-06 00:00:00+05:30,3650.702274020346,3658.132972725863,3552.3693611506756,3569.90576171875,1212012
2025-01-07 00:00:00+05:30,3573.770038977811,3616.1250235998264,3562.4752312810992,3609.635498046875,1453540
2025-01-08 00:00:00+05:30,3628.1626740164215,3629.99567654501,3556.8279627850775,3563.119384765625,1813201
2025-01-09 00:00:00+05:30,3566.6362215577715,3572.977229611797,3453.7887734755,3495.301513671875,2921681
2025-01-10 00:00:00+05:30,3467.60988365528,3519.377085743505,3460.030667567546,3503.475341796875,1794238
2025-01-13 00:00:00+05:30,3473.158149380393,3501.8405979080853,3416.734425780858,3432.289306640625,2137212
2025-01-14 00:00:00+05:30,3433.825194188746,3459.683881679932,3416.734586421315,3430.605224609375,2924491
2025-01-15 00:00:00+05:30,3439.224660840124,3493.5676926152337,3439.224660840124,3469.04638671875,1155446
2025-01-16 00:00:00+05:30,3502.336016404937,3510.7078886329764,3451.559574865827,3475.486328125,2305460
2025-01-17 00:00:00+05:30,3491.437718193442,3546.7717526774995,3479.499013600767,3535.675048828125,1600246
2025-01-20 00:00:00+05:30,3541.86719925381,3583.7268018318755,3523.6373152399738,3559.800048828125,1593334
2025-01-21 00:00:00+05:30,3579.3677309545706,3609.635493449755,3495.500004464314,3508.3798828125,2576596
2025-01-22 00:00:00+05:30,3530.0772505720984,3549.24854990768,3457.8509562042627,3485.691162109375,1626055
2025-01-23 00:00:00+05:30,3459.7333463792547,3495.2025968754374,3428.6235842911324,3470.87939453125,1993204
2025-01-24 00:00:00+05:30,3482.0254324332586,3488.5645440837366,3414.2079702539204,3426.24560546875,1206454
2025-01-27 00:00:00+05:30,3415.3472915835446,3461.6157279989393,3369.722752313938,3425.70068359375,1552938
2025-01-28 00:00:00+05:30,3432.933319566636,3449.9743407371952,3372.5961410040695,3382.35498046875,1657689
2025-01-29 00:00:00+05:30,3399.2970578637423,3423.0752943512766,3380.4726206444443,3417.82421875,1238704
2025-01-30 00:00:00+05:30,3423.07526485292,3485.295031502735,3363.629674146357,3389.33984375,2717740
2025-01-31 00:00:00+05:30,3468.6997537985585,3556.827792366174,3448.884557183705,3534.4365234375,3995513
2025-02-01 00:00:00+05:30,3544.938689720812,3595.6655448971665,3370.5649587563453,3415.64453125,4752505
2025-02-03 00:00:00+05:30,3388.3985608380526,3388.3985608380526,3239.7845888714714,3258.80712890625,6077580
2025-02-04 00:00:00+05:30,3285.359605382587,3417.1306631376783,3276.6904568460677,3407.37158203125,4742516
2025-02-05 00:00:00+05:30,3412.8208659180355,3419.0627014329593,3348.2233712162338,3351.938720703125,2670316
2025-02-06 00:00:00+05:30,3372.546460811088,3372.546460811088,3311.8128348643077,3321.77001953125,2874856
2025-02-07 00:00:00+05:30,3335.8883741239174,3338.811067268702,3280.504995940615,3306.06640625,1722789
2025-02-10 00:00:00+05:30,3316.8657738090396,3318.054637216108,3263.61243348346,3297.892578125,1236663
2025-02-11 00:00:00+05:30,3329.894307442661,3329.9438938126723,3201.1451118443156,3209.715087890625,2593537
2025-02-12 00:00:00+05:30,3228.8862381020726,3269.507390529868,3192.475814889354,3259.2529296875,1632415
2025-02-13 00:00:00+05:30,3259.253165263129,3284.269852407941,3222.892325789994,3233.493408203125,2127644
2025-02-14 00:00:00+05:30,3244.7882073809574,3255.4388761369437,3191.782553572095,3207.733642578125,1378340
2025-02-17 00:00:00+05:30,3183.8564785574367,3209.4674764678302,3165.0320407321565,3192.079833984375,1966689
2025-02-18 00:00:00+05:30,3197.1820654609105,3211.0527034889406,3153.5886316585306,3190.395263671875,2428215
2025-02-19 00:00:00+05:30,3190.395264786494,3272.331298674196,3181.9244614956297,3245.630126953125,1677978
2025-02-20 00:00:00+05:30,3229.9267819538545,3255.091986048982,3217.740387102775,3245.53125,1236693
2025-02-21 00:00:00+05:30,3245.531107782703,3294.177270429151,3240.676239472465,3284.468017578125,1706850
2025-02-24 00:00:00+05:30,3259.302704595859,3294.771956412763,3219.9695860296133,3227.598388671875,1512844
2025-02-25 00:00:00+05:30,3203.1265325672966,3218.929103489593,3176.7722243174926,3196.092041015625,2529084
2025-02-27 00:00:00+05:30,3208.0804058264525,3228.3909828244273,3154.5793737342265,3179.84375,2572065
2025-02-28 00:00:00+05:30,3170.233491733098,3170.233491733098,3111.976762791947,3134.61572265625,2494680
2025-03-03 00:00:00+05:30,3136.696173009949,3197.1821116617484,3130.801200139797,3167.756591796875,1352460
2025-03-04 00:00:00+05:30,3141.7489535167992,3191.2373578011934,3138.52898412442,3183.311279296875,1442098
2025-03-05 00:00:00+05:30,3183.3114343410048,3215.0157499024463,3158.3939205833267,3209.715087890625,1945855
2025-03-06 00:00:00+05:30,3220.068579328378,3236.2673572122503,3185.292812983288,3229.77783203125,1854837
2025-03-07 00:00:00+05:30,3229.778007525388,3258.60921653258,3210.1611555824775,3214.718505859375,930240
2025-03-10 00:00:00+05:30,3216.0065951851507,3216.3038715283815,3139.7676702104354,3148.337646484375,1777752
2025-03-11 00:00:00+05:30,3141.006069962357,3174.7908364600885,3131.891127518692,3165.923583984375,1274649
2025-03-12 00:00:00+05:30,3175.3853579070405,3192.1786891920365,3123.9154314498933,3164.14013671875,1360149
2025-03-13 00:00:00+05:30,3172.6606881398275,3203.2750703502657,3148.6843484605674,3157.848876953125,1414376
2025-03-17 00:00:00+05:30,3160.523832416647,3210.1114098884045,3129.8102779323476,3144.126708984375,2805790
2025-03-18 00:00:00+05:30,3144.126708984375,3144.126708984375,3144.126708984375,3144.126708984375,0
2025-03-19 00:00:00+05:30,3244.7385528309187,3295.8618585393383,3238.29861371843,3288.876953125,1616312
2025-03-20 00:00:00+05:30,3304.4318830508832,3327.863257411344,3246.6209474165394,3320.0859375,2434722
2025-03-21 00:00:00+05:30,3325.980742840182,3423.07520599131,3301.954817009418,3384.385986328125,3042073
2025-03-24 00:00:00+05:30,3417.130688591747,3484.502357720259,3414.1584090713714,3449.67724609375,1955564
2025-03-25 00:00:00+05:30,3472.613329841321,3492.4285271585327,3403.607001938025,3437.54052734375,4235900
2025-03-26 00:00:00+05:30,3440.9088610189397,3464.4889931540906,3386.912450732291,3412.969482421875,2315715
2025-03-27 00:00:00+05:30,3428.029165516825,3495.4008369778494,3419.1123266469835,3469.244873046875,3467864
2025-03-28 00:00:00+05:30,3477.46799039738,3481.5302026409804,3440.463254176872,3460.03076171875,1348143
2025-04-01 00:00:00+05:30,3447.8442336234234,3469.244742861873,3398.3062417610176,3405.04345703125,1935147
2025-04-02 00:00:00+05:30,3401.2786115130666,3425.7999181355394,3376.5096149247106,3388.299560546875,1338839
2025-04-03 00:00:00+05:30,3368.583405418285,3431.001274401036,3361.648086642424,3388.547119140625,1200631
2025-04-04 00:00:00+05:30,3368.583496822648,3372.3484326372195,3207.3869172781106,3230.025634765625,2366979
2025-04-07 00:00:00+05:30,3020.8762544006017,3062.0423729831123,2937.900120111403,3040.146484375,4953864
2025-04-08 00:00:00+05:30,3096.0749989474543,3164.3878434209587,3064.122993226975,3131.89111328125,2877816
2025-04-09 00:00:00+05:30,3129.6123660818375,3129.6123660818375,3019.8361226935876,3025.92919921875,4451381
2025-04-11 00:00:00+05:30,3085.2262697338097,3127.8289446209496,3071.5041486267314,3087.158203125,3979116
2025-04-15 00:00:00+05:30,3150.6162092402606,3241.7661121490983,3146.752342718665,3227.499267578125,2161492
2025-04-16 00:00:00+05:30,3239.7846779044826,3246.5218931957247,3194.3088979868703,3197.87548828125,1578260
2025-04-17 00:00:00+05:30,3184.401255724522,3219.870264012315,3133.178779176769,3217.29443359375,3209331
2025-04-21 00:00:00+05:30,3219.4741882594,3259.59996287842,3195.2997442551673,3250.187744140625,1643003
2025-04-22 00:00:00+05:30,3249.692330208996,3254.646129492851,3217.9880147923227,3227.697509765625,2060322
2025-04-23 00:00:00+05:30,3245.134741898812,3284.368929026597,3236.515179511797,3270.498291015625,2381699
2025-04-24 00:00:00+05:30,3276.442817054013,3276.442817054013,3249.6923011603153,3270.10205078125,1993448
2025-04-25 00:00:00+05:30,3279.415180963702,3304.8776613332107,3200.2535638327017,3241.865478515625,2004819
2025-04-28 00:00:00+05:30,3229.876991956853,3319.8380313981165,3224.7250893036817,3296.55517578125,1689485
2025-04-29 00:00:00+05:30,3304.1841644644924,3345.201526303951,3284.3689670763993,3291.6015625,1843861
2025-04-30 00:00:00+05:30,3293.2857446427906,3323.999300023033,3272.777064104542,3310.128662109375,1930714
2025-05-02 00:00:00+05:30,3294.2765350756786,3343.7153553444255,3294.2765350756786,3304.0849609375,1411889
2025-05-05 00:00:00+05:30,3319.045560576633,3319.045560576633,3270.2010506664237,3299.428466796875,1947332
2025-05-06 00:00:00+05:30,3315.082477645096,3322.017796635985,3272.2817002496968,3303.193359375,1695516
2025-05-07 00:00:00+05:30,3301.211868113193,3308.939843432301,3253.7545673632976,3290.709716796875,2422707
2025-05-08 00:00:00+05:30,3279.5142312030375,3334.897609303595,3269.30935651123,3293.1865234375,3204333
2025-05-09 00:00:00+05:30,3300.220950142965,3444.871883412516,3300.220950142965,3412.07763671875,5637694
2025-05-12 00:00:00+05:30,3480.539377919171,3569.5096614618274,3457.7519012063494,3554.0537109375,3147384
2025-05-13 00:00:00+05:30,3554.0535832199857,3572.67991624067,3512.243567130664,3534.040283203125,2374439
2025-05-14 00:00:00+05:30,3553.8556941113675,3583.578490549433,3534.0404964859904,3540.084228515625,2440116
2025-05-15 00:00:00+05:30,3560.7909933686897,3614.9855101940984,3510.2622397065293,3584.767333984375,3720879
2025-05-16 00:00:00+05:30,3608.3474817321217,3608.3474817321217,3566.7355667862817,3571.39208984375,1278520
2025-05-19 00:00:00+05:30,3571.3920131126943,3586.45151458307,3553.855611996377,3566.93359375,1519244
2025-05-20 00:00:00+05:30,3596.458221523366,3600.4212608859257,3523.1419933160023,3534.8330078125,1532347
2025-05-21 00:00:00+05:30,3532.7524049540325,3577.138495316908,3522.1513227673754,3555.837158203125,1563885
2025-05-22 00:00:00+05:30,3551.8741007307995,3558.8094197559362,3504.2184546756093,3518.58447265625,1597159
2025-05-23 00:00:00+05:30,3537.012608179345,3598.043510721428,3518.3862749189907,3566.63623046875,1119217
2025-05-26 00:00:00+05:30,3582.389449835285,3638.565483947053,3575.0576819457824,3614.9853515625,1678934
2025-05-27 00:00:00+05:30,3614.985529384525,3631.134963821579,3569.7078512003136,3606.365966796875,2013954
2025-05-28 00:00:00+05:30,3626.181027495699,3629.153307026433,3586.5506337525767,3612.607666015625,1293244
2025-05-29 00:00:00+05:30,3630.044803373408,3634.9986024674436,3584.569024444051,3621.5244140625,1972248
2025-05-30 00:00:00+05:30,3621.52450826291,3661.1549020460297,3620.7318520103017,3641.1416015625,2571304
2025-06-02 00:00:00+05:30,3641.1416782617343,3663.1364988977325,3572.2838676131,3645.60009765625,1954517
2025-06-03 00:00:00+05:30,3655.0,3669.199951171875,3615.300048828125,3644.800048828125,2472483
2025-06-04 00:00:00+05:30,3645.0,3661.699951171875,3615.300048828125,3626.5,1086783
2025-06-05 00:00:00+05:30,3629.89990234375,3677.39990234375,3612.0,3642.60009765625,1466416
2025-06-06 00:00:00+05:30,3645.0,3667.0,3623.0,3656.300048828125,1172711
2025-06-09 00:00:00+05:30,3664.0,3708.89990234375,3662.199951171875,3678.89990234375,898170
2025-06-10 00:00:00+05:30,3704.0,3704.0,3667.199951171875,3679.800048828125,1454535
2025-06-11 00:00:00+05:30,3689.89990234375,3692.0,3656.10009765625,3684.800048828125,1265737
2025-06-12 00:00:00+05:30,3684.800048828125,3708.0,3585.0,3603.89990234375,2335718
2025-06-13 00:00:00+05:30,3501.199951171875,3596.0,3485.89990234375,3587.39990234375,1981445
2025-06-16 00:00:00+05:30,3575.5,3653.699951171875,3561.800048828125,3628.699951171875,1322630
2025-06-17 00:00:00+05:30,3622.0,3627.60009765625,3602.0,3622.300048828125,930603
2025-06-18 00:00:00+05:30,3622.0,3639.10009765625,3587.199951171875,3601.5,743311
2025-06-19 00:00:00+05:30,3607.0,3643.0,3591.10009765625,3621.10009765625,1580819
2025-06-20 00:00:00+05:30,3614.0,3669.89990234375,3614.0,3662.0,2575277
2025-06-23 00:00:00+05:30,3645.0,3660.0,3574.60009765625,3583.699951171875,1867977
2025-06-24 00:00:00+05:30,3637.10009765625,3684.0,3597.0,3604.800048828125,2751637
2025-06-25 00:00:00+05:30,3640.0,3642.0,3608.89990234375,3619.800048828125,1405262
2025-06-26 00:00:00+05:30,3620.10009765625,3669.0,3620.10009765625,3659.60009765625,2578926
2025-06-27 00:00:00+05:30,3665.0,3731.39990234375,3665.0,3679.199951171875,2720600
2025-06-30 00:00:00+05:30,3682.0,3717.5,3652.699951171875,3669.800048828125,1508882
2025-07-01 00:00:00+05:30,3669.800048828125,3678.89990234375,3645.0,3666.699951171875,1054380
2025-07-02 00:00:00+05:30,3666.60009765625,3674.199951171875,3583.89990234375,3596.800048828125,1330176
2025-07-03 00:00:00+05:30,3605.0,3625.0,3576.0,3582.89990234375,1229034
2025-07-04 00:00:00+05:30,3590.0,3600.0,3570.10009765625,3594.60009765625,696402
2025-07-07 00:00:00+05:30,3599.89990234375,3609.800048828125,3575.10009765625,3581.39990234375,719539
2025-07-08 00:00:00+05:30,3580.0,3614.0,3560.0,3606.39990234375,1513912
2025-07-09 00:00:00+05:30,3605.0,3605.10009765625,3568.199951171875,3579.699951171875,1008876
2025-07-10 00:00:00+05:30,3575.0,3589.89990234375,3569.0,3574.699951171875,1063910
2025-07-11 00:00:00+05:30,3575.0,3586.60009765625,3535.5,3540.60009765625,1439747
2025-07-14 00:00:00+05:30,3540.60009765625,3548.699951171875,3488.0,3495.89990234375,1358844
2025-07-15 00:00:00+05:30,3519.0,3521.0,3481.699951171875,3494.0,1585193
2025-07-16 00:00:00+05:30,3504.0,3516.0,3477.0,3503.800048828125,1266964
2025-07-17 00:00:00+05:30,3515.0,3515.0,3467.5,3474.0,2217275
2025-07-18 00:00:00+05:30,3489.0,3499.0,3450.0,3464.800048828125,1818696
2025-07-21 00:00:00+05:30,3467.60009765625,3508.10009765625,3444.89990234375,3502.800048828125,1521623
2025-07-22 00:00:00+05:30,3502.0,3507.60009765625,3454.10009765625,3464.60009765625,2586522
2025-07-23 00:00:00+05:30,3476.199951171875,3490.0,3458.60009765625,3484.89990234375,1192261
2025-07-24 00:00:00+05:30,3484.89990234375,3493.39990234375,3461.0,3477.5,1083671
2025-07-25 00:00:00+05:30,3470.0,3477.0,3437.39990234375,3442.89990234375,1338744
2025-07-28 00:00:00+05:30,3430.10009765625,3446.10009765625,3405.10009765625,3422.199951171875,2256080
2025-07-29 00:00:00+05:30,3418.0,3504.300048828125,3406.5,3495.60009765625,1241060
2025-07-30 00:00:00+05:30,3622.0,3685.300048828125,3590.0,3665.10009765625,8760659
2025-07-31 00:00:00+05:30,3625.0,3662.89990234375,3621.0,3636.5,1927627
2025-08-01 00:00:00+05:30,3636.0,3636.0,3578.10009765625,3587.300048828125,1205945
2025-08-04 00:00:00+05:30,3595.199951171875,3636.800048828125,3577.0,3631.10009765625,1033049
2025-08-05 00:00:00+05:30,3630.0,3657.699951171875,3608.300048828125,3652.60009765625,1158433
2025-08-06 00:00:00+05:30,3650.0,3671.0,3622.199951171875,3628.39990234375,931383
2025-08-07 00:00:00+05:30,3610.300048828125,3649.0,3599.199951171875,3641.60009765625,1211790
2025-08-08 00:00:00+05:30,3641.60009765625,3662.300048828125,3600.0,3607.60009765625,1337067
2025-08-11 00:00:00+05:30,3610.0,3676.89990234375,3600.0,3668.39990234375,1822410
2025-08-12 00:00:00+05:30,3680.0,3727.89990234375,3673.10009765625,3686.10009765625,2280103
2025-08-13 00:00:00+05:30,3696.0,3716.0,3681.300048828125,3693.699951171875,1227196
2025-08-14 00:00:00+05:30,3700.0,3708.5,3641.699951171875,3677.0,1769702
2025-08-18 00:00:00+05:30,3699.0,3701.5,3621.699951171875,3635.10009765625,1950151
2025-08-19 00:00:00+05:30,3648.89990234375,3654.0,3608.199951171875,3613.0,1352944
2025-08-20 00:00:00+05:30,3613.5,3619.89990234375,3580.0,3592.300048828125,1325096
2025-08-21 00:00:00+05:30,3599.0,3648.0,3588.0,3612.60009765625,1624009
2025-08-22 00:00:00+05:30,3610.0,3634.5,3582.0,3595.800048828125,1060447
2025-08-25 00:00:00+05:30,3616.0,3617.89990234375,3584.300048828125,3603.10009765625,980393
2025-08-26 00:00:00+05:30,3599.0,3600.0,3531.0,3541.300048828125,1787363
2025-08-28 00:00:00+05:30,3540.0,3576.89990234375,3537.199951171875,3560.10009765625,1695226
2025-08-29 00:00:00+05:30,3575.60009765625,3615.0,3540.199951171875,3601.0,1678055
2025-09-01 00:00:00+05:30,3601.0,3628.60009765625,3581.89990234375,3598.39990234375,1094155
2025-09-02 00:00:00+05:30,3598.39990234375,3619.89990234375,3560.0,3574.89990234375,1230950
2025-09-03 00:00:00+05:30,3594.0,3606.300048828125,3560.0,3600.800048828125,1314831
2025-09-04 00:00:00+05:30,3622.89990234375,3624.89990234375,3572.5,3592.60009765625,1434998
2025-09-05 00:00:00+05:30,3592.800048828125,3609.10009765625,3549.10009765625,3553.60009765625,830812
2025-09-08 00:00:00+05:30,3570.0,3579.89990234375,3525.0,3529.60009765625,1039999
2025-09-09 00:00:00+05:30,3547.199951171875,3550.0,3516.39990234375,3525.0,1522116
2025-09-10 00:00:00+05:30,3559.0,3577.39990234375,3541.10009765625,3550.0,1136732
2025-09-11 00:00:00+05:30,3548.0,3564.699951171875,3533.0,3539.699951171875,1177793
2025-09-12 00:00:00+05:30,3556.39990234375,3595.39990234375,3548.10009765625,3579.800048828125,1146873
2025-09-15 00:00:00+05:30,3581.0,3607.0,3575.5,3586.199951171875,1177076
2025-09-16 00:00:00+05:30,3603.89990234375,3674.0,3593.10009765625,3667.800048828125,2928060
2025-09-17 00:00:00+05:30,3672.0,3704.0,3662.699951171875,3685.5,1610471
2025-09-18 00:00:00+05:30,3691.0,3700.0,3672.5,3686.0,1270148
2025-09-19 00:00:00+05:30,3679.0,3705.0,3671.0,3675.39990234375,2227521
2025-09-22 00:00:00+05:30,3693.60009765625,3693.60009765625,3633.89990234375,3644.5,839430
2025-09-23 00:00:00+05:30,3646.89990234375,3673.5,3613.199951171875,3657.60009765625,1262120
2025-09-24 00:00:00+05:30,3657.60009765625,3709.199951171875,3637.10009765625,3673.800048828125,1745130
2025-09-25 00:00:00+05:30,3684.0,3704.0,3635.699951171875,3644.39990234375,1999071
2025-09-26 00:00:00+05:30,3664.0,3794.89990234375,3661.0,3729.5,5870301
2025-09-29 00:00:00+05:30,3738.0,3740.0,3679.60009765625,3688.39990234375,2599630
2025-09-30 00:00:00+05:30,3695.0,3696.60009765625,3648.0,3659.0,1676302
2025-10-01 00:00:00+05:30,3658.89990234375,3688.0,3615.0,3670.300048828125,2005028
2025-10-03 00:00:00+05:30,3690.0,3746.0,3666.300048828125,3733.10009765625,1959124
2025-10-06 00:00:00+05:30,3720.0,3767.0,3703.0,3737.0,1581506
2025-10-07 00:00:00+05:30,3748.0,3766.0,3725.0,3729.699951171875,1673945
2025-10-08 00:00:00+05:30,3730.0,3760.0,3715.0,3729.800048828125,1424633
2025-10-09 00:00:00+05:30,3735.5,3796.39990234375,3730.10009765625,3769.199951171875,1827249
2025-10-10 00:00:00+05:30,3765.0,3799.0,3760.0,3784.0,1129678
2025-10-13 00:00:00+05:30,3780.0,3784.0,3745.0,3769.5,1191248
2025-10-14 00:00:00+05:30,3775.0,3786.800048828125,3730.199951171875,3744.300048828125,1364583
2025-10-15 00:00:00+05:30,3747.0,3843.89990234375,3744.300048828125,3828.699951171875,2575918
2025-10-16 00:00:00+05:30,3830.300048828125,3885.89990234375,3830.0,3861.800048828125,2330283
2025-10-17 00:00:00+05:30,3860.0,3869.5,3830.10009765625,3839.39990234375,1337364
2025-10-20 00:00:00+05:30,3862.0,3887.60009765625,3845.39990234375,3872.699951171875,1223232
2025-10-21 00:00:00+05:30,3892.0,3895.0,3877.199951171875,3888.199951171875,260327
2025-10-23 00:00:00+05:30,3890.0,3966.199951171875,3890.0,3918.699951171875,2815778
2025-10-24 00:00:00+05:30,3929.300048828125,3939.89990234375,3897.5,3904.89990234375,1146636
2025-10-27 00:00:00+05:30,3912.0,3948.0,3907.0,3923.800048828125,1057688
2025-10-28 00:00:00+05:30,3922.10009765625,3986.0,3917.300048828125,3972.800048828125,3391806
2025-10-29 00:00:00+05:30,3988.0,4016.699951171875,3920.0,3958.10009765625,2563641
2025-10-30 00:00:00+05:30,3980.0,4062.60009765625,3975.60009765625,3987.5,4959400
2025-10-31 00:00:00+05:30,4001.10009765625,4045.89990234375,3980.199951171875,4030.89990234375,2328183
2025-11-03 00:00:00+05:30,4030.0,4041.0,3974.89990234375,3980.5,1154072
2025-11-04 00:00:00+05:30,3985.0,3990.0,3916.800048828125,3924.39990234375,2042881
2025-11-05 00:00:00+05:30,3924.39990234375,3924.39990234375,3924.39990234375,3924.39990234375,0
2025-11-06 00:00:00+05:30,3945.0,3978.0,3872.10009765625,3881.60009765625,1749063
2025-11-07 00:00:00+05:30,3877.10009765625,3892.89990234375,3831.10009765625,3882.5,1577294
2025-11-10 00:00:00+05:30,3895.0,3943.800048828125,3894.0,3918.5,1397176
2025-11-11 00:00:00+05:30,3929.0,3966.800048828125,3897.0,3955.0,1775462
2025-11-12 00:00:00+05:30,3970.0,3973.800048828125,3936.89990234375,3954.60009765625,981350
2025-11-13 00:00:00+05:30,3954.60009765625,4022.89990234375,3925.60009765625,4002.5,1834962
2025-11-14 00:00:00+05:30,4002.0,4011.5,3971.60009765625,4004.39990234375,1916910
2025-11-17 00:00:00+05:30,4004.39990234375,4030.0,4000.10009765625,4027.699951171875,1206133
2025-11-18 00:00:00+05:30,4020.0,4026.800048828125,3978.89990234375,3999.60009765625,1748928
2025-11-19 00:00:00+05:30,4007.0,4026.5,3980.300048828125,4019.60009765625,923032
2025-11-20 00:00:00+05:30,4035.0,4048.0,4007.699951171875,4037.39990234375,1463574
2025-11-21 00:00:00+05:30,4026.0,4057.0,4015.199951171875,4024.89990234375,1241149
2025-11-24 00:00:00+05:30,4025.0,4038.0,4003.699951171875,4013.300048828125,1584741
2025-11-25 00:00:00+05:30,4013.0,4055.5,3981.60009765625,3996.699951171875,1749083
2025-11-26 00:00:00+05:30,3999.0,4074.60009765625,3998.0,4062.0,2058237
2025-11-27 00:00:00+05:30,4071.0,4140.0,4059.60009765625,4081.300048828125,2225064
2025-11-28 00:00:00+05:30,4085.0,4104.2001953125,4054.699951171875,4069.60009765625,1318133
2025-12-01 00:00:00+05:30,4087.0,4103.39990234375,4050.0,4073.199951171875,1251770
2025-12-02 00:00:00+05:30,4066.5,4088.60009765625,4023.800048828125,4030.5,1490917
2025-12-03 00:00:00+05:30,4032.0,4046.89990234375,3970.10009765625,3988.0,1123990
2025-12-04 00:00:00+05:30,3990.0,4009.199951171875,3961.699951171875,3983.60009765625,1026968
2025-12-05 00:00:00+05:30,3999.0,4048.0,3975.10009765625,4038.199951171875,1073758
2025-12-08 00:00:00+05:30,4047.0,4047.89990234375,3976.89990234375,3996.699951171875,1127841
2025-12-09 00:00:00+05:30,3990.0,4019.89990234375,3949.10009765625,3997.5,1788464
2025-12-10 00:00:00+05:30,4000.0,4030.0,3970.0,3991.300048828125,957277
2025-12-11 00:00:00+05:30,3993.199951171875,4015.0,3984.60009765625,4003.89990234375,841371
2025-12-12 00:00:00+05:30,4061.0,4114.0,4048.60009765625,4074.10009765625,2207898
2025-12-15 00:00:00+05:30,4072.800048828125,4096.0,4063.800048828125,4092.300048828125,1064975
2025-12-16 00:00:00+05:30,4083.699951171875,4103.7998046875,4051.199951171875,4063.800048828125,2199214
2025-12-17 00:00:00+05:30,4079.0,4079.0,4040.0,4062.39990234375,1087334
2025-12-18 00:00:00+05:30,4067.0,4071.800048828125,4023.39990234375,4031.10009765625,1004303
2025-12-19 00:00:00+05:30,4040.10009765625,4091.5,4040.10009765625,4073.5,1327935
2025-12-22 00:00:00+05:30,4081.0,4098.5,4068.5,4072.39990234375,764774
2025-12-23 00:00:00+05:30,4089.0,4095.0,4053.300048828125,4058.800048828125,1867147
2025-12-24 00:00:00+05:30,4065.0,4080.699951171875,4048.10009765625,4053.60009765625,1021436
2025-12-25 00:00:00+05:30,4053.60009765625,4053.60009765625,4053.60009765625,4053.60009765625,0
2025-12-26 00:00:00+05:30,4052.0,4061.5,4030.199951171875,4047.300048828125,594330
2025-12-29 00:00:00+05:30,4053.0,4061.10009765625,4033.39990234375,4038.699951171875,952143
2025-12-30 00:00:00+05:30,4039.0,4063.89990234375,4006.199951171875,4052.0,1362208
2025-12-31 00:00:00+05:30,4058.0,4094.5,4048.0,4083.5,1160164
2026-01-01 00:00:00+05:30,4090.0,4146.7998046875,4088.300048828125,4140.39990234375,1360716
2026-01-02 00:00:00+05:30,4138.10009765625,4172.7001953125,4127.10009765625,4163.39990234375,984027
