Date,Open,High,Low,Close,Volume
2021-01-04 00:00:00+05:30,7417.34916627098,7432.87604379968,7324.955868005311,7382.17431640625,598645
2021-01-05 00:00:00+05:30,7341.632676933981,7354.092366855671,7270.70828814898,7337.27197265625,562668
2021-01-06 00:00:00+05:30,7335.881820526208,7426.933397864853,7241.475711390875,7311.53759765625,840678
2021-01-07 00:00:00+05:30,7356.967319704659,7384.186855064972,7238.216989785747,7251.5869140625,642968
2021-01-08 00:00:00+05:30,7284.126518511208,7725.007860421097,7284.126518511208,7681.7822265625,2557157
2021-01-11 00:00:00+05:30,7762.386599834217,7943.531317375725,7554.788909308269,7890.57763671875,2182019
2021-01-12 00:00:00+05:30,7821.81028653491,7982.827824598611,7801.6830942769475,7847.73583984375,1514072
2021-01-13 00:00:00+05:30,7847.687743309059,7907.11087961648,7773.888041765972,7801.5390625,877225
2021-01-14 00:00:00+05:30,7825.451389352983,7840.019828551988,7689.976604480357,7810.73974609375,718274
2021-01-15 00:00:00+05:30,7818.119213227873,7877.87789147564,7667.548571938885,7691.22216796875,751177
2021-01-18 00:00:00+05:30,7678.044270962752,7690.456226140257,7423.099847535454,7505.18994140625,771183
2021-01-19 00:00:00+05:30,7571.658061376902,7658.204801136759,7509.359608973168,7593.31884765625,779892
2021-01-20 00:00:00+05:30,7554.405868451131,7830.435923020266,7533.559848705025,7806.42724609375,999226
2021-01-21 00:00:00+05:30,7863.981651797114,7923.404791640066,7688.0605919246655,7741.06201171875,769494
2021-01-22 00:00:00+05:30,7748.968227458733,7962.6998186428145,7667.501029025339,7714.32080078125,1172914
2021-01-25 00:00:00+05:30,7779.63881625184,7825.356481768154,7619.675657609228,7649.7705078125,753043
2021-01-27 00:00:00+05:30,7660.744690223254,7753.760880463371,7495.461924062274,7543.76708984375,1080785
2021-01-28 00:00:00+05:30,7514.151573927654,7652.693556377081,7247.705893117463,7273.1044921875,2085637
2021-01-29 00:00:00+05:30,7365.59324954796,7365.59324954796,6871.997865876237,6907.12451171875,3069968
2021-02-01 00:00:00+05:30,6963.242210317598,7164.322265435549,6854.746868547832,7092.24755859375,1611478
2021-02-02 00:00:00+05:30,7221.731625182894,7446.8207968245615,7178.841541118684,7336.552734375,1700845
2021-02-03 00:00:00+05:30,7360.8013443239715,7395.736584774118,7165.1363865615385,7273.775390625,1491567
2021-02-04 00:00:00+05:30,7284.12636002945,7442.268577056405,7216.125019513001,7322.4638671875,1198036
2021-02-05 00:00:00+05:30,7360.802021420484,7414.474536160009,7150.904151278416,7182.67626953125,1128089
2021-02-08 00:00:00+05:30,7202.658762152318,7320.5465901955295,7163.8420382844315,7259.78173828125,912372
2021-02-09 00:00:00+05:30,7265.916376156051,7360.801710708149,7259.2073120968125,7310.05224609375,925127
2021-02-10 00:00:00+05:30,7289.110582638793,7355.9134095310355,7194.081110301838,7304.9248046875,1015600
2021-02-11 00:00:00+05:30,7284.126374689044,7422.141400735783,7253.120822115141,7348.67724609375,818869
2021-02-12 00:00:00+05:30,7303.391024527229,7356.009159313685,7213.106008302097,7253.935546875,756833
2021-02-15 00:00:00+05:30,7284.126387177634,7331.185770986961,7264.957633527166,7280.91552734375,470093
2021-02-16 00:00:00+05:30,7321.505457841434,7474.85548706707,7308.326939704856,7377.142578125,1321126
2021-02-17 00:00:00+05:30,7360.753465112597,7371.82323284713,7160.775073751744,7191.349609375,1023548
2021-02-18 00:00:00+05:30,7260.021593853826,7264.046751228778,7149.94493513571,7185.93408203125,821462
2021-02-19 00:00:00+05:30,7138.443870660078,7175.247784129424,6982.218528163086,7018.63916015625,1013887
2021-02-22 00:00:00+05:30,7018.6396494878745,7020.556524989578,6762.736770010439,6791.92138671875,1502068
2021-02-23 00:00:00+05:30,6822.926163867201,6826.328898520579,6649.640813573721,6680.7900390625,1589884
2021-02-24 00:00:00+05:30,6618.012450734365,6743.567791943084,6591.655413457725,6663.9697265625,1225254
2021-02-25 00:00:00+05:30,6771.362132298934,6775.195882975394,6627.596481931652,6642.30859375,1740066
2021-02-26 00:00:00+05:30,6613.219574203298,6780.946157607005,6538.653314604955,6580.7763671875,2687534
2021-03-01 00:00:00+05:30,6687.019797281495,6740.548636138805,6629.561270277685,6723.4404296875,1417600
2021-03-02 00:00:00+05:30,6766.570757123924,6934.297369375579,6737.817623595069,6914.26611328125,1395296
2021-03-03 00:00:00+05:30,6944.456075393812,6960.461703690628,6806.057769442356,6828.5810546875,796258
2021-03-04 00:00:00+05:30,6785.738857446812,6876.982312894349,6719.606656717458,6835.1943359375,906310
2021-03-05 00:00:00+05:30,6833.660758164919,7010.97173155349,6776.1544965253825,6947.71484375,1821165
2021-03-08 00:00:00+05:30,6962.953790173943,7033.782240948866,6916.086281338246,6957.7783203125,977572
2021-03-09 00:00:00+05:30,7024.772659672129,7024.772659672129,6954.423431348252,6998.080078125,678485
2021-03-10 00:00:00+05:30,7015.764053285577,7079.979380002808,6949.63185114395,6969.85498046875,659270
2021-03-12 00:00:00+05:30,6996.595538517878,7009.055229202909,6767.912198962857,6801.26611328125,946720
2021-03-15 00:00:00+05:30,6848.037019851247,6865.241162890234,6719.606374552428,6794.65185546875,700250
2021-03-16 00:00:00+05:30,6804.907956356178,6900.751730389364,6804.907956356178,6853.1171875,796357
2021-03-17 00:00:00+05:30,6862.413984459792,6871.950626842558,6750.7559915562215,6771.02685546875,688581
2021-03-18 00:00:00+05:30,6828.868361228256,6941.005568002109,6766.5699130205585,6818.0859375,984545
2021-03-19 00:00:00+05:30,6766.522158677948,6852.781548253438,6618.491274594932,6817.89404296875,838756
2021-03-22 00:00:00+05:30,6808.7416607991545,6845.6415135498255,6757.177897916464,6806.10595703125,533767
2021-03-23 00:00:00+05:30,6841.328621010176,6924.712704791051,6833.661119053314,6887.5732421875,757590
2021-03-24 00:00:00+05:30,6839.411953001946,6860.880865535007,6756.9385697714015,6772.51318359375,457147
2021-03-25 00:00:00+05:30,6756.985734491008,6765.611673726528,6474.486224527714,6504.77294921875,1338767
2021-03-26 00:00:00+05:30,6602.677623549485,6612.214266304572,6489.581969669555,6502.47314453125,911299
2021-03-30 00:00:00+05:30,6527.919365392561,6589.259379984416,6459.870286704722,6567.0234375,1088817
2021-03-31 00:00:00+05:30,6567.502616264958,6651.461854322366,6512.776196720167,6574.1162109375,735382
2021-04-01 00:00:00+05:30,6661.142271656281,6700.917437738833,6570.09068664803,6636.126953125,660759
2021-04-05 00:00:00+05:30,6621.366943635077,6621.366943635077,6445.110341721981,6487.2333984375,668129
2021-04-06 00:00:00+05:30,6534.867785912464,6562.3751348358755,6440.7012827824965,6470.7001953125,628262
2021-04-07 00:00:00+05:30,6507.791977251001,6598.843558670566,6493.463146453796,6579.6748046875,598115
2021-04-08 00:00:00+05:30,6595.009658196335,6650.886387593955,6523.9415980144795,6543.1103515625,604553
2021-04-09 00:00:00+05:30,6565.29871724882,6589.499270914592,6496.291197885037,6543.3505859375,641327
2021-04-12 00:00:00+05:30,6459.726834483761,6459.726834483761,6231.905991590514,6249.58935546875,1020746
2021-04-13 00:00:00+05:30,6249.013844928037,6560.88938095324,6199.941647171774,6532.51953125,995718
2021-04-15 00:00:00+05:30,6562.0395691660615,6562.2791785880945,6278.7252949566355,6368.099609375,1267365
2021-04-16 00:00:00+05:30,6397.571430439074,6502.8559018093465,6331.4869660713675,6371.78955078125,1000325
2021-04-19 00:00:00+05:30,6230.180349563506,6258.597932643394,6148.37760151721,6241.1064453125,772219
2021-04-20 00:00:00+05:30,6340.064956507475,6401.117621061286,6285.96096480849,6370.3994140625,914142
2021-04-22 00:00:00+05:30,6350.560366472149,6397.475610363205,6272.974648672244,6373.70654296875,667911
2021-04-23 00:00:00+05:30,6287.351266795113,6435.621765113939,6287.351266795113,6398.6259765625,709306
2021-04-26 00:00:00+05:30,6412.139812378368,6506.833265877084,6325.688548355981,6362.9716796875,937344
2021-04-27 00:00:00+05:30,6392.731381927549,6430.158184913178,6270.099097585633,6295.7373046875,1610651
2021-04-28 00:00:00+05:30,6295.737713473571,6373.610777484186,6272.974817839699,6300.57763671875,1406270
2021-04-29 00:00:00+05:30,6359.233858435955,6371.166594468417,6279.683532851903,6292.76611328125,757075
2021-04-30 00:00:00+05:30,6265.403318463068,6286.968167181839,6154.128605476777,6187.33837890625,849997
2021-05-03 00:00:00+05:30,6162.754552726656,6346.774595358617,6134.001421065411,6323.62841796875,834923
2021-05-04 00:00:00+05:30,6363.978381202823,6372.172836069844,6212.592964338532,6237.751953125,507170
2021-05-05 00:00:00+05:30,6285.147394220385,6324.730685935824,6213.551907398386,6316.20068359375,499160
2021-05-06 00:00:00+05:30,6316.10468869099,6430.158779427595,6302.399216242722,6389.56884765625,520125
2021-05-07 00:00:00+05:30,6401.4053271722305,6473.815107407802,6364.02625728756,6424.45556640625,605050
2021-05-10 00:00:00+05:30,6397.763960479915,6491.642658833284,6383.29145662112,6482.873046875,541534
2021-05-11 00:00:00+05:30,6402.507450127467,6468.495978772832,6383.43463366747,6456.6591796875,406046
2021-05-12 00:00:00+05:30,6450.285743609489,6555.713890979036,6407.156046958311,6534.19677734375,770204
2021-05-14 00:00:00+05:30,6555.713669910881,6557.774217306188,6421.724270694403,6456.41943359375,647029
2021-05-17 00:00:00+05:30,6437.346640542043,6554.180099461859,6419.184059416079,6438.640625,995827
2021-05-18 00:00:00+05:30,6505.874645542486,6578.7159055691845,6436.340182540797,6528.0146484375,805827
2021-05-19 00:00:00+05:30,6516.418326152048,6570.043105985283,6479.039253535498,6494.2783203125,432774
2021-05-20 00:00:00+05:30,6498.974188861227,6531.465601380424,6449.806521895568,6457.8095703125,470476
2021-05-21 00:00:00+05:30,6498.207221445239,6551.400510647335,6463.943075697944,6531.4169921875,434363
2021-05-24 00:00:00+05:30,6519.293131823642,6675.5184744415865,6519.293131823642,6586.00048828125,1027484
2021-05-25 00:00:00+05:30,6651.510181931143,6659.225418544459,6601.7191541356115,6624.52978515625,438736
2021-05-26 00:00:00+05:30,6638.139374685119,6757.944084739355,6624.721247159045,6741.93798828125,691574
2021-05-27 00:00:00+05:30,6730.148990769327,6775.195559064137,6662.243591561534,6679.255859375,922091
2021-05-28 00:00:00+05:30,6698.137581099671,6754.110247321109,6652.0366356651275,6680.310546875,393809
2021-05-31 00:00:00+05:30,6665.934652459197,6804.908128319238,6636.270816451437,6791.77734375,718277
2021-06-01 00:00:00+05:30,6812.143577397407,6846.120380508412,6754.158097484099,6796.42529296875,642841
2021-06-02 00:00:00+05:30,6769.87683337959,6898.547092212072,6769.87683337959,6886.08740234375,598862
2021-06-03 00:00:00+05:30,6900.751287363895,6929.5044177279115,6867.253703294957,6909.8564453125,401590
2021-06-04 00:00:00+05:30,6900.751598603816,6969.759114589854,6853.884087594066,6914.8408203125,575591
2021-06-07 00:00:00+05:30,6920.878311652115,7024.245906414434,6911.389872458329,6973.2568359375,520482
2021-06-08 00:00:00+05:30,7013.367945170343,7060.2836582847285,6991.994971425365,7031.81787109375,538816
2021-06-09 00:00:00+05:30,7006.37132115943,7034.1660139017595,6900.751301543722,6938.13037109375,443778
2021-06-10 00:00:00+05:30,6956.340595555425,6976.899270732463,6875.8795661179565,6900.6552734375,278027
2021-06-11 00:00:00+05:30,6942.922640290457,6942.922640290457,6887.716535638259,6923.56201171875,253689
2021-06-14 00:00:00+05:30,6895.95908521747,6913.1632287124885,6800.16305221754,6879.52197265625,322353
2021-06-15 00:00:00+05:30,6882.684435979829,6928.402099074899,6858.867166782395,6868.40380859375,207625
2021-06-16 00:00:00+05:30,6868.164580825895,6894.761227088513,6776.154561322785,6818.5654296875,283007
2021-06-17 00:00:00+05:30,6766.570768254332,6804.045779279356,6643.028231252907,6679.6884765625,595255
2021-06-18 00:00:00+05:30,6699.336355959878,6699.336355959878,6537.504044518008,6670.10400390625,797389
2021-06-21 00:00:00+05:30,6584.4678028687995,6637.181882804431,6557.631543992478,6613.125,443795
2021-06-22 00:00:00+05:30,6651.558040877476,6996.5478990829915,6641.973663296962,6963.43359375,1757310
2021-06-23 00:00:00+05:30,6964.104454683928,7168.155752957693,6939.136871128617,7123.7802734375,2227399
2021-06-24 00:00:00+05:30,7139.210783226022,7236.204868794668,7102.119523829934,7214.59228515625,1041762
2021-06-25 00:00:00+05:30,7226.620617533747,7346.425335994187,7226.620617533747,7331.09033203125,1216123
2021-06-28 00:00:00+05:30,7378.053260500658,7378.053260500658,7256.71495661752,7280.5322265625,433364
2021-06-29 00:00:00+05:30,7280.292736070534,7285.084924548727,7142.80466143632,7176.30224609375,480219
2021-06-30 00:00:00+05:30,7193.554313956682,7328.789969968249,7181.190560954949,7203.52197265625,729267
2021-07-01 00:00:00+05:30,7188.282273486046,7288.91822531485,7183.537819990694,7269.17431640625,584331
2021-07-02 00:00:00+05:30,7308.087471379634,7317.192629540697,7232.897846528413,7259.0634765625,434905
2021-07-05 00:00:00+05:30,7280.579668133652,7370.385462327212,7267.832634697951,7283.59912109375,484183
2021-07-06 00:00:00+05:30,7284.126264455397,7339.6679144167265,7176.254292299668,7202.611328125,425103
2021-07-07 00:00:00+05:30,7215.118940670754,7265.916138313627,7124.690250892095,7139.78564453125,395336
2021-07-08 00:00:00+05:30,7145.1531169920845,7186.3659384583025,7078.062477395914,7093.58935546875,391940
2021-07-09 00:00:00+05:30,7074.228449692441,7138.347836285288,7038.191099665201,7117.07080078125,400686
2021-07-12 00:00:00+05:30,7188.283171876946,7274.350695193344,7141.367456513621,7159.6259765625,496478
2021-07-13 00:00:00+05:30,7207.451680341073,7216.269494591678,7096.272904420919,7121.52783203125,350032
2021-07-14 00:00:00+05:30,7126.9427168637185,7139.402406928166,7006.179567008308,7022.2333984375,460178
2021-07-15 00:00:00+05:30,7051.226083707725,7052.184521397504,6965.92512931735,7003.30419921875,430055
2021-07-16 00:00:00+05:30,7028.223246133924,7028.223246133924,6970.525112748253,6999.9970703125,281552
2021-07-19 00:00:00+05:30,6950.302196278837,6993.719232771059,6853.88327921742,6867.732421875,386598
2021-07-20 00:00:00+05:30,6881.582433028165,6963.049634533373,6847.510161240549,6932.09228515625,413816
2021-07-22 00:00:00+05:30,6998.511933727719,7020.556000349979,6945.126767799824,6996.16357421875,439934
2021-07-23 00:00:00+05:30,6996.595470351903,7068.478300526751,6974.551402431615,6990.701171875,436330
2021-07-26 00:00:00+05:30,7003.303936427747,7054.1011320799535,6881.582354393216,6935.06298828125,431758
2021-07-27 00:00:00+05:30,6940.334297327437,7015.763526811919,6863.228269959603,6939.328125,417171
2021-07-28 00:00:00+05:30,6977.426507879027,7008.096514507066,6769.445525432632,6867.25390625,739427
2021-07-29 00:00:00+05:30,6833.6607290475085,6833.6607290475085,6647.723817205262,6702.833984375,1519226
2021-07-30 00:00:00+05:30,6709.063891456671,6800.1154728407255,6675.4226346320775,6687.69091796875,715546
2021-08-02 00:00:00+05:30,6804.907719920952,6812.048268033199,6738.775518135805,6782.81591796875,433760
2021-08-03 00:00:00+05:30,6828.82086370592,6920.878617405924,6791.585465540392,6900.17626953125,470570
2021-08-04 00:00:00+05:30,6919.920655756593,6947.33206940315,6712.418879860291,6807.6875,484122
2021-08-05 00:00:00+05:30,6821.287458080371,6828.955807567708,6757.627252730639,6778.4130859375,495133
2021-08-06 00:00:00+05:30,6804.696686207198,6914.366040927938,6792.880966879394,6849.06591796875,517575
2021-08-09 00:00:00+05:30,6882.053614374096,6910.990069655276,6788.492408964945,6830.69140625,264983
2021-08-10 00:00:00+05:30,6795.437426646641,6853.020690751743,6747.016902517532,6753.720703125,356726
2021-08-11 00:00:00+05:30,6753.7684530882825,6843.471461676859,6679.642808248589,6772.5771484375,414311
2021-08-12 00:00:00+05:30,6773.05954747219,6833.633004709169,6737.371253075085,6763.4140625,330283
2021-08-13 00:00:00+05:30,6780.776174843481,6799.9705964216055,6726.616869006741,6753.9619140625,431784
2021-08-16 00:00:00+05:30,6734.960007192418,6769.201479481044,6568.575388325151,6584.828125,750966
2021-08-17 00:00:00+05:30,6558.92989716763,6696.860334711007,6507.230002607529,6641.30224609375,752517
2021-08-18 00:00:00+05:30,6697.583757925977,6697.583757925977,6578.2208790718505,6597.6083984375,434144
2021-08-20 00:00:00+05:30,6573.398678521005,6669.515851871138,6539.639477677537,6608.02587890625,657982
2021-08-23 00:00:00+05:30,6660.20799684222,6672.747128480012,6559.894943739891,6583.912109375,537302
2021-08-24 00:00:00+05:30,6548.80258590533,6609.086872173697,6501.636254523156,6562.01708984375,646993
2021-08-25 00:00:00+05:30,6595.582961429751,6595.582961429751,6462.475262003411,6473.51953125,722194
2021-08-26 00:00:00+05:30,6462.475070030743,6463.77730472412,6357.339281578004,6374.3154296875,1199429
2021-08-27 00:00:00+05:30,6394.715939935404,6457.267009461222,6366.020619717737,6389.98974609375,1428388
2021-08-30 00:00:00+05:30,6452.82931506501,6568.575132375592,6417.960981794384,6555.939453125,819447
2021-08-31 00:00:00+05:30,6578.221184463411,6628.377709623543,6523.772229819455,6603.39599609375,938326
2021-09-01 00:00:00+05:30,6558.88197235043,6578.220982010331,6464.74194152219,6544.365234375,1108476
2021-09-02 00:00:00+05:30,6609.761827009073,6615.790255255075,6470.384565961502,6552.08154296875,741052
2021-09-03 00:00:00+05:30,6529.993889992401,6711.329023126606,6512.246290305377,6619.79345703125,1196077
2021-09-06 00:00:00+05:30,6679.498323795177,6707.470230133092,6595.582604781433,6604.1669921875,897444
2021-09-07 00:00:00+05:30,6635.997723455582,6684.225152761602,6610.726833081821,6633.34521484375,743783
2021-09-08 00:00:00+05:30,6609.182590802769,6615.211018672152,6516.489389688941,6540.84423828125,847767
2021-09-09 00:00:00+05:30,6510.702438043249,6576.725971895935,6501.056952949852,6561.10009765625,515702
2021-09-13 00:00:00+05:30,6593.171635006562,6650.996509155852,6571.758468738406,6630.017578125,508397
2021-09-14 00:00:00+05:30,6665.030279392803,6708.434962833132,6608.218465706208,6650.03173828125,817280
2021-09-15 00:00:00+05:30,6692.037825860064,6692.037825860064,6636.094010077435,6664.06591796875,310138
2021-09-16 00:00:00+05:30,6668.212647674619,6702.647215917393,6626.447887948264,6685.2373046875,556648
2021-09-17 00:00:00+05:30,6708.43426349095,6814.293452623679,6703.611521389231,6765.77685546875,980793
2021-09-20 00:00:00+05:30,6732.452228671953,6766.7422116911985,6661.365284188923,6703.998046875,550405
2021-09-21 00:00:00+05:30,6667.441437591648,6693.677344909861,6502.02137154507,6536.7451171875,1085249
2021-09-22 00:00:00+05:30,6578.221020783011,6603.299282739075,6544.461821996001,6588.8310546875,548623
2021-09-23 00:00:00+05:30,6624.519304677592,6635.9973379915045,6579.185523763229,6603.974609375,432740
2021-09-24 00:00:00+05:30,6607.157624751654,6788.299655622879,6605.2285276349385,6705.78271484375,1649962
2021-09-27 00:00:00+05:30,6726.761272622442,7183.9572639076505,6726.761272622442,7140.98681640625,2646138
2021-09-28 00:00:00+05:30,7183.957326619331,7254.8996813798285,7073.516521853231,7160.66357421875,1346961
2021-09-29 00:00:00+05:30,7128.496429202936,7200.355299912038,7032.52384349078,7122.27490234375,643556
2021-09-30 00:00:00+05:30,7122.949878948593,7145.423671694231,7042.216977216084,7077.9052734375,625717
2021-10-01 00:00:00+05:30,6964.040380709813,6964.040380709813,6838.649071915868,6908.3857421875,901588
2021-10-04 00:00:00+05:30,6925.458359794982,6959.169518890166,6878.966932835274,6916.10205078125,466994
2021-10-05 00:00:00+05:30,6910.797319189194,7041.2044726044505,6901.971794078686,7000.9345703125,546004
2021-10-06 00:00:00+05:30,7013.135685635577,7023.3599940626955,6910.266680967337,6944.02587890625,726695
2021-10-07 00:00:00+05:30,6978.460596550453,7287.164166119244,6969.104287392862,7226.8798828125,1646727
2021-10-08 00:00:00+05:30,7281.08730794302,7303.513060129443,7138.767896968776,7166.59521484375,630622
2021-10-11 00:00:00+05:30,7157.142988769681,7537.753451192737,7156.756792591807,7427.794921875,1069536
2021-10-12 00:00:00+05:30,7415.3527147716795,7475.251274013128,7359.553486874045,7421.04345703125,406814
2021-10-13 00:00:00+05:30,7465.605915067521,7475.203361705903,7172.913463768633,7216.89697265625,1084436
2021-10-14 00:00:00+05:30,7272.695669583736,7291.986639529581,7181.06356234097,7231.12353515625,831546
2021-10-18 00:00:00+05:30,7142.481629988287,7432.135355642512,7142.481629988287,7385.5478515625,913963
2021-10-19 00:00:00+05:30,7398.280068680016,7493.191546572694,7316.100348362764,7384.24560546875,658869
2021-10-20 00:00:00+05:30,7345.037275206975,7395.531486453972,7248.582419327698,7321.64697265625,488082
2021-10-21 00:00:00+05:30,7378.795798947435,7378.795798947435,7219.645301323079,7306.69580078125,563128
2021-10-22 00:00:00+05:30,7330.569475175252,7354.683190554118,7124.686384882093,7146.244140625,224520
2021-10-25 00:00:00+05:30,7094.253964553039,7133.8484906779095,6963.702235538695,7003.20068359375,248058
2021-10-26 00:00:00+05:30,7007.444711676629,7077.808711725955,6954.587643327236,7038.64794921875,292203
2021-10-27 00:00:00+05:30,7026.7363633044815,7196.738049513461,6987.189871760833,7095.46044921875,1218064
2021-10-28 00:00:00+05:30,6992.97694463434,7262.761360803999,6978.556755511844,7108.43359375,961511
2021-10-29 00:00:00+05:30,7089.431086817992,7282.340776255216,7036.236334149861,7217.13720703125,819875
2021-11-01 00:00:00+05:30,7138.624158232481,7394.229536145142,7138.624158232481,7345.56787109375,1005690
2021-11-02 00:00:00+05:30,7376.81910609945,7629.578859576034,7360.276722060768,7515.52099609375,1302733
2021-11-03 00:00:00+05:30,7515.521111547005,7564.230812979048,7438.212640003015,7460.0595703125,656492
2021-11-04 00:00:00+05:30,7499.075621432799,7542.721442280583,7461.26513078512,7472.7431640625,53365
2021-11-08 00:00:00+05:30,7484.848256638335,7603.150034952457,7400.016028404008,7412.16943359375,428433
2021-11-09 00:00:00+05:30,7435.70514063503,7489.237587814332,7271.442702813783,7308.9150390625,632879
2021-11-10 00:00:00+05:30,7301.632576715634,7311.278062285932,7195.532235442355,7245.35107421875,562432
2021-11-11 00:00:00+05:30,7245.688482931759,7299.22092579687,7178.170086525312,7189.21435546875,486991
2021-11-12 00:00:00+05:30,7263.050235943142,7276.5539150006725,7178.1699675815225,7214.67822265625,349666
2021-11-15 00:00:00+05:30,7187.815965913569,7311.133595164401,7187.815965913569,7237.1044921875,314414
2021-11-16 00:00:00+05:30,7277.5184454626,7840.573633340505,7267.920999482126,7764.953125,2619355
2021-11-17 00:00:00+05:30,7750.14743913383,8053.980226106718,7730.904507570495,7981.39794921875,2377268
2021-11-18 00:00:00+05:30,7942.092352088012,8071.341851138266,7717.449100544856,7829.384765625,1337493
2021-11-22 00:00:00+05:30,7868.786751835044,7897.5786190792805,7529.795989294613,7585.59521484375,672298
2021-11-23 00:00:00+05:30,7570.837771359339,7671.970776390538,7528.301088057738,7575.56396484375,567198
2021-11-24 00:00:00+05:30,7586.656184611302,7617.955971650832,7365.871128381802,7397.556640625,571078
2021-11-25 00:00:00+05:30,7369.1509728870915,7445.7360340917485,7171.418518771665,7304.0439453125,1007618
2021-11-26 00:00:00+05:30,7253.405129959557,7253.405129959557,6877.231193698356,6916.29541015625,1154876
2021-11-29 00:00:00+05:30,6911.955090554847,6954.395227867771,6742.86991369425,6896.0400390625,733010
2021-11-30 00:00:00+05:30,6896.039642299674,6992.976768539426,6766.838179684276,6817.23583984375,1287938
2021-12-01 00:00:00+05:30,6936.068230008078,7118.3678956278145,6877.278810828573,7015.40234375,1669583
2021-12-02 00:00:00+05:30,7026.735631334951,7094.688259699652,6988.780554698344,7065.26953125,618573
2021-12-03 00:00:00+05:30,7046.026947486009,7069.176111995203,6895.316241045942,6953.14111328125,603798
2021-12-06 00:00:00+05:30,6937.997770067812,6944.74960996639,6772.095418274171,6793.1708984375,609507
2021-12-07 00:00:00+05:30,6876.266616329748,7004.358475444318,6839.8068695102165,6931.82470703125,637151
2021-12-08 00:00:00+05:30,6968.862660429805,7232.039803329634,6897.582623052259,7171.3212890625,930339
2021-12-09 00:00:00+05:30,7204.212611080818,7204.212611080818,7065.317629691658,7158.6376953125,615037
2021-12-10 00:00:00+05:30,7118.368354884763,7210.000467854146,7097.10024757868,7162.39990234375,431682
2021-12-13 00:00:00+05:30,7219.645886952794,7307.32325583462,7161.772974031329,7249.9326171875,883009
2021-12-14 00:00:00+05:30,7250.317825010712,7288.417489965116,7193.409464699071,7227.50634765625,749704
2021-12-15 00:00:00+05:30,7210.964847260775,7369.150806992017,7188.828269995364,7299.6552734375,529018
2021-12-16 00:00:00+05:30,7322.370373540278,7350.824555983726,7143.446616141645,7186.658203125,595582
2021-12-17 00:00:00+05:30,7214.822908545069,7214.822908545069,6984.295812937813,7037.9248046875,1081907
2021-12-20 00:00:00+05:30,6944.749301361654,7061.989984859454,6786.41875696994,7028.279296875,867425
2021-12-21 00:00:00+05:30,7047.473644166206,7142.433632769212,7025.77130282716,7055.81689453125,415744
2021-12-22 00:00:00+05:30,7046.50951542505,7189.744976795336,7046.50951542505,7160.5673828125,368978
2021-12-23 00:00:00+05:30,7215.7876230518805,7234.114045299973,7094.254507090841,7125.2646484375,249919
2021-12-24 00:00:00+05:30,7177.205712538874,7185.742061343465,6995.050625895686,7057.6982421875,357447
2021-12-27 00:00:00+05:30,7019.115864871404,7070.140385464539,6931.438501897962,7031.076171875,190180
2021-12-28 00:00:00+05:30,7060.4950091594765,7098.112400601719,6997.895905799779,7038.74462890625,214533
2021-12-29 00:00:00+05:30,7038.986239948416,7103.900169880864,6983.765834690347,7089.47998046875,287776
2021-12-30 00:00:00+05:30,7089.432151485633,7132.981426221989,6998.185760484558,7024.083984375,296041
2021-12-31 00:00:00+05:30,7031.606594716379,7185.404041225903,7031.606594716379,7163.17138671875,313398
2022-01-03 00:00:00+05:30,7156.950488570049,7336.30848603521,7156.950488570049,7257.1669921875,456599
2022-01-04 00:00:00+05:30,7330.569044974721,7377.831924343636,7253.405160290776,7359.60205078125,495182
2022-01-05 00:00:00+05:30,7354.538080441548,7531.195052574062,7335.97052091772,7499.70263671875,710043
2022-01-06 00:00:00+05:30,7506.116567893493,7619.402979733314,7411.542774081676,7602.66796875,739981
2022-01-07 00:00:00+05:30,7602.668087376784,7663.144997823037,7557.7200315375585,7625.720703125,523116
2022-01-10 00:00:00+05:30,7668.160828145566,7940.163514125068,7643.227154403252,7837.53564453125,827930
2022-01-11 00:00:00+05:30,7812.843124469942,7873.079368799457,7783.231296091281,7855.138671875,688923
2022-01-12 00:00:00+05:30,7909.298005652786,7909.298005652786,7827.311379984434,7881.0849609375,288174
2022-01-13 00:00:00+05:30,7885.184260199526,7967.170885534933,7670.08993726075,7790.70654296875,684931
2022-01-14 00:00:00+05:30,7669.124981140271,7856.247386666772,7669.124981140271,7797.60302734375,299536
2022-01-17 00:00:00+05:30,7836.7639042632945,8072.210771493286,7812.939837558697,7972.47607421875,862249
2022-01-18 00:00:00+05:30,7956.512976361685,7956.512976361685,7611.73490762961,7634.54638671875,785199
2022-01-19 00:00:00+05:30,7647.905193445432,7774.261049207993,7581.351345753701,7731.53173828125,681632
2022-01-20 00:00:00+05:30,7716.388273618802,7851.42506840713,7714.024941321621,7751.44970703125,522850
2022-01-21 00:00:00+05:30,7687.452128959527,7951.738438035425,7577.541630647051,7899.26708984375,1041476
2022-01-24 00:00:00+05:30,7898.687957572291,8037.389848595177,7670.861405088342,7766.833984375,1153538
2022-01-25 00:00:00+05:30,7706.742933583621,8356.848657893428,7608.262432190567,8297.625,2162832
2022-01-27 00:00:00+05:30,8349.13265082538,8653.592792069949,8102.25624917696,8507.51171875,2899559
2022-01-28 00:00:00+05:30,8483.204526680778,8613.41858138253,8220.219986834129,8247.806640625,1045088
2022-01-31 00:00:00+05:30,8319.230877359181,8410.862985573573,8249.590286727864,8292.5126953125,561419
2022-02-01 00:00:00+05:30,8384.821329368091,8479.153997992476,8054.945694415383,8255.9580078125,819689
2022-02-02 00:00:00+05:30,8275.537412974885,8375.175090164521,8141.0309287989285,8213.3720703125,580433
2022-02-03 00:00:00+05:30,8246.889270762002,8486.097287036737,8220.557286391097,8288.9921875,810019
2022-02-04 00:00:00+05:30,8333.602894821155,8372.280912582946,8191.0418741156,8247.419921875,404421
2022-02-07 00:00:00+05:30,8242.066728966387,8309.585122299055,8102.207199920146,8209.8994140625,446099
2022-02-08 00:00:00+05:30,8311.225375942955,8477.512974730878,8136.979309965948,8294.5869140625,998182
2022-02-09 00:00:00+05:30,8316.337118081952,8671.097865906813,8316.337118081952,8632.1787109375,1403525
2022-02-10 00:00:00+05:30,8729.164338137967,8729.164338137967,8478.28563819102,8493.2841796875,811887
2022-02-11 00:00:00+05:30,8428.225739540276,8550.723412797499,8365.819256193276,8427.40625,671572
2022-02-14 00:00:00+05:30,8198.662129047154,8309.633243946644,8029.866144037359,8069.798828125,995540
2022-02-15 00:00:00+05:30,8111.853037126633,8357.089497850706,8060.249691408884,8317.0126953125,682766
2022-02-16 00:00:00+05:30,8410.863060748728,8426.682033190204,8241.10252190793,8278.671875,422704
2022-02-17 00:00:00+05:30,8271.003309769712,8351.35001067624,8222.77588522295,8249.2529296875,305313
2022-02-18 00:00:00+05:30,8246.889999701416,8339.438620308674,8218.001582600626,8265.3125,385273
2022-02-21 00:00:00+05:30,8241.150555136834,8414.9623860113,8144.261468370386,8307.3671875,626049
2022-02-22 00:00:00+05:30,8193.839291771326,8352.796691997894,8087.593900516814,8317.1083984375,620828
2022-02-23 00:00:00+05:30,8381.92701261908,8478.333829881036,8348.360911014475,8390.462890625,557954
2022-02-24 00:00:00+05:30,8104.136635005687,8282.81924767348,7865.8931514486285,7919.08837890625,947351
2022-02-25 00:00:00+05:30,7967.171513230768,8165.868526756862,7918.509847500662,8059.8642578125,1344343
2022-02-28 00:00:00+05:30,8005.75360390148,8044.287509937579,7826.444108340829,8019.40234375,961303
2022-03-02 00:00:00+05:30,7907.079141068794,7908.332865685105,7488.754283349086,7537.1748046875,1783011
2022-03-03 00:00:00+05:30,7643.082518893734,7658.467256269543,7290.540032692868,7326.2763671875,1050154
2022-03-04 00:00:00+05:30,7216.75178888689,7252.633181037174,6877.230721032281,6990.3720703125,2511658
2022-03-07 00:00:00+05:30,6744.123435206803,6780.631691875622,6491.411716095793,6529.0771484375,2469925
2022-03-08 00:00:00+05:30,6467.29825281065,6611.980540345564,6304.819855520547,6565.0068359375,2840376
2022-03-09 00:00:00+05:30,6630.306936653207,6827.171395958099,6536.745724425194,6777.73828125,1827539
2022-03-10 00:00:00+05:30,6997.799544014441,7137.514491957839,6922.853935285613,6956.130859375,1535070
2022-03-11 00:00:00+05:30,6944.7493479660625,6944.7493479660625,6829.003525499962,6850.75390625,1024452
2022-03-14 00:00:00+05:30,6800.0670350245155,7074.963361972315,6763.414191431476,7057.3603515625,1023874
2022-03-15 00:00:00+05:30,7061.459536606287,7349.859536803702,7058.565891119356,7157.04638671875,1586111
2022-03-16 00:00:00+05:30,7301.632164492694,7326.469288434,7176.240859157945,7220.4169921875,584457
2022-03-17 00:00:00+05:30,7305.490214825978,7467.486321035851,7263.050081547348,7420.271484375,1133271
2022-03-21 00:00:00+05:30,7565.918392321484,7658.515047811395,7378.7959843522885,7432.37646484375,1354525
2022-03-22 00:00:00+05:30,7441.443671784276,7532.159270227099,7269.464390881629,7491.310546875,1093502
2022-03-23 00:00:00+05:30,7523.478217215391,7584.051673960492,7341.178552721325,7373.82861328125,808597
2022-03-24 00:00:00+05:30,7329.893173772929,7383.618713216323,7259.529643797804,7289.044921875,565485
2022-03-25 00:00:00+05:30,7248.582140381786,7274.914126635109,7123.190832564137,7152.5615234375,686637
2022-03-28 00:00:00+05:30,7161.772879790027,7271.731412893874,7150.198297358043,7212.26708984375,599515
2022-03-29 00:00:00+05:30,7267.872966599649,7294.976873715066,7138.623467259987,7175.4208984375,446257
2022-03-30 00:00:00+05:30,7254.369204584033,7359.456951121516,7224.468201347481,7329.21826171875,589206
2022-03-31 00:00:00+05:30,7329.170155946347,7381.448875457508,7261.121444506108,7293.24072265625,434317
2022-04-01 00:00:00+05:30,7305.490142299455,7454.995155774028,7250.848565439871,7427.0712890625,449386
2022-04-04 00:00:00+05:30,7378.796404398978,7517.691395540606,7361.096844319723,7499.171875,491029
2022-04-05 00:00:00+05:30,7505.152162623821,7619.933438469116,7455.960187261552,7486.68115234375,488132
2022-04-06 00:00:00+05:30,7464.640897655138,7570.741233453312,7402.909793190746,7469.65673828125,393628
2022-04-07 00:00:00+05:30,7388.199881609132,7473.321281074128,7350.8716687528295,7369.63232421875,458566
2022-04-08 00:00:00+05:30,7435.511534896582,7456.442426428814,7248.967943006908,7290.009765625,849846
2022-04-11 00:00:00+05:30,7344.892425421261,7346.53187533021,7219.645705330323,7297.1953125,496254
2022-04-12 00:00:00+05:30,7272.6955981910705,7438.115663852844,7234.113658678121,7348.26806640625,598047
2022-04-13 00:00:00+05:30,7348.268456733102,7431.798454409791,7176.241130597765,7204.6953125,527991
2022-04-18 00:00:00+05:30,7113.063143079333,7329.604288325968,7094.254446721608,7305.00830078125,551783
2022-04-19 00:00:00+05:30,7311.2781297273905,7405.803889188246,7089.431959564158,7171.51513671875,425990
2022-04-20 00:00:00+05:30,7233.1493223344005,7426.0590255570805,7207.685335703198,7394.904296875,542622
2022-04-21 00:00:00+05:30,7436.476193243879,7619.740417025317,7413.568165271199,7599.87109375,772708
2022-04-22 00:00:00+05:30,7512.868569537625,7732.447950225347,7456.924754281086,7624.27392578125,960818
2022-04-25 00:00:00+05:30,7533.124066269768,7714.459191040411,7533.124066269768,7631.845703125,701521
2022-04-26 00:00:00+05:30,7716.387995225598,7781.495018935314,7552.414750327054,7626.44384765625,801963
2022-04-27 00:00:00+05:30,7572.670381940088,7586.17406113346,7446.314526630682,7512.28955078125,570519
2022-04-28 00:00:00+05:30,7565.9191799704995,7658.515845100174,7491.359761957607,7608.50390625,561932
2022-04-29 00:00:00+05:30,7637.295184996838,7664.784817829927,7355.647017022718,7444.1923828125,1162749
2022-05-02 00:00:00+05:30,7393.264507192646,7475.251132517027,7276.843310843641,7364.0869140625,544053
2022-05-04 00:00:00+05:30,7378.796073421121,7472.357278535089,7095.701086813396,7135.63330078125,599211
2022-05-05 00:00:00+05:30,7185.886811874364,7270.7670856253635,7118.513000390312,7145.0380859375,524174
2022-05-06 00:00:00+05:30,7054.708003083465,7098.98068675932,6902.936196517768,7021.18994140625,650559
2022-05-09 00:00:00+05:30,6946.196095912575,7161.290413678111,6877.230877436182,7099.3662109375,570578
2022-05-10 00:00:00+05:30,7089.576276622026,7306.455107573704,7089.576276622026,7249.4501953125,663616
2022-05-11 00:00:00+05:30,7252.4400922766345,7291.552345136006,7086.152026887302,7134.23486328125,605312
2022-05-12 00:00:00+05:30,6965.487416625857,7064.3056048526905,6955.166558659415,6996.49755859375,571754
2022-05-13 00:00:00+05:30,7079.786375798791,7079.786375798791,6811.979564374384,6850.17578125,703097
2022-05-16 00:00:00+05:30,6903.273917248334,7046.3647876928835,6896.522077452228,6990.662109375,369545
2022-05-17 00:00:00+05:30,7021.913296628403,7315.762912024575,6997.847622422591,7265.7509765625,811448
2022-05-18 00:00:00+05:30,7297.774374182627,7369.295555410801,7243.373929822249,7298.3046875,576970
2022-05-19 00:00:00+05:30,7185.886772002908,7258.227914002938,7123.239154642492,7142.0478515625,363255
2022-05-20 00:00:00+05:30,7253.934845330682,7377.7347362921055,7185.886138807264,7317.6435546875,742204
2022-05-23 00:00:00+05:30,7523.575225723371,7672.839113571493,7500.426060564373,7617.47412109375,1161175
2022-05-24 00:00:00+05:30,7638.25998623139,7660.39656389671,7515.0869477051365,7526.03466796875,581609
2022-05-25 00:00:00+05:30,7562.060108269929,7580.868803692283,7423.213165725245,7511.18017578125,454335
2022-05-26 00:00:00+05:30,7523.47803891736,7562.011938543521,7349.859314942345,7528.30078125,476799
2022-05-27 00:00:00+05:30,7644.047492734135,7683.497435442503,7555.309023417853,7661.361328125,431411
2022-05-30 00:00:00+05:30,7697.290407110532,7774.2611918122975,7669.125401501188,7729.79541015625,389517
2022-05-31 00:00:00+05:30,7729.795245817829,7812.842967106822,7619.933264215296,7683.93115234375,2494005
2022-06-01 00:00:00+05:30,7692.322584421101,7782.845558375066,7600.738983858337,7657.9365234375,522004
2022-06-02 00:00:00+05:30,7644.047380236814,7689.381162807304,7577.107803997138,7644.43310546875,352848
2022-06-03 00:00:00+05:30,7668.160380437393,7711.565061836095,7408.696840520706,7431.89404296875,591905
2022-06-06 00:00:00+05:30,7417.377935542098,7501.197105665024,7322.32186963299,7437.19921875,606990
2022-06-07 00:00:00+05:30,7345.085303826615,7542.769719059144,7287.164351341667,7532.54541015625,991192
2022-06-08 00:00:00+05:30,7546.627830765384,7640.18903981245,7446.990154261382,7612.6513671875,813596
2022-06-09 00:00:00+05:30,7569.777191145034,7726.034059769587,7552.5118659047885,7648.7255859375,687937
2022-06-10 00:00:00+05:30,7548.556724674076,7705.006683154732,7548.556724674076,7653.7890625,442921
2022-06-13 00:00:00+05:30,7571.658211492642,7684.896119058004,7517.450393641839,7621.47705078125,565826
2022-06-14 00:00:00+05:30,7528.301666450081,7621.284055362326,7475.251494553251,7534.7158203125,553462
2022-06-15 00:00:00+05:30,7538.911647237051,7647.905635995724,7538.911647237051,7575.0341796875,604566
2022-06-16 00:00:00+05:30,7656.586470802326,7740.502195539011,7528.30151229682,7555.8876953125,1319566
2022-06-17 00:00:00+05:30,7528.301340886387,7571.416848933662,7375.082711394333,7415.59375,1317656
2022-06-20 00:00:00+05:30,7426.830732807565,7508.142458110326,7355.647238245194,7389.3583984375,1043423
2022-06-21 00:00:00+05:30,7441.444082949362,7562.060691690552,7354.827339893077,7504.7666015625,954884
2022-06-22 00:00:00+05:30,7475.2508803523815,7590.032151934567,7443.035054623504,7506.83984375,796824
2022-06-23 00:00:00+05:30,7533.123896629602,8022.921443799289,7526.37205702955,7977.78076171875,1676430
2022-06-24 00:00:00+05:30,8015.398232491043,8092.562114392281,7946.2399149486755,8066.71240234375,1156788
2022-06-27 00:00:00+05:30,8144.647886614144,8243.707210241195,8093.76795103635,8149.2294921875,921090
2022-06-28 00:00:00+05:30,8116.91719928491,8237.148553025041,8083.929450430041,8188.72802734375,691242
2022-06-29 00:00:00+05:30,8092.514801292581,8227.599645775323,8073.271868128892,8207.248046875,655413
2022-06-30 00:00:00+05:30,8198.662752385046,8328.49061166368,8136.545448401958,8170.44970703125,1130302
2022-07-01 00:00:00+05:30,8140.789334401951,8150.434819395318,8011.153639314338,8104.71484375,530569
2022-07-04 00:00:00+05:30,8104.715640879946,8167.411299503191,8025.044303775507,8144.02099609375,625431
2022-07-05 00:00:00+05:30,8197.216242055129,8206.90976705529,8039.512546629347,8052.72705078125,610290
2022-07-06 00:00:00+05:30,8080.023701815887,8345.708804692193,8073.271861549359,8324.1025390625,976098
2022-07-07 00:00:00+05:30,8386.749640358954,8391.572383107867,8272.16146103318,8301.291015625,547662
2022-07-08 00:00:00+05:30,8314.407366753336,8350.047619202202,8145.611393530386,8175.46435546875,686327
2022-07-11 00:00:00+05:30,8152.075311479581,8222.776533046888,8117.736817331827,8206.0419921875,536114
2022-07-12 00:00:00+05:30,8193.839296163329,8196.202628315752,8079.299164742565,8121.208984375,424358
2022-07-13 00:00:00+05:30,8154.293491839706,8187.233201801526,8083.881447256751,8140.98291015625,413855
2022-07-14 00:00:00+05:30,8164.855340800639,8282.915516768653,8150.43515175914,8264.0107421875,606496
2022-07-15 00:00:00+05:30,8291.258631954728,8487.061970982975,8272.160760674335,8466.8544921875,631246
2022-07-18 00:00:00+05:30,8489.956457212285,8529.502948321771,8376.139726702055,8396.2021484375,478682
2022-07-19 00:00:00+05:30,8391.525569109826,8486.967850432384,8360.177736665564,8406.861328125,478458
2022-07-20 00:00:00+05:30,8464.395308553037,8551.15663397114,8411.055965226644,8438.8828125,398132
2022-07-21 00:00:00+05:30,8481.274618655507,8518.795930569939,8412.839716950451,8485.1328125,421090
2022-07-22 00:00:00+05:30,8536.255322273524,8573.872718608967,8479.346953458367,8517.880859375,415294
2022-07-25 00:00:00+05:30,8515.517638124542,8544.550175309054,8189.01792463922,8315.9521484375,623462
2022-07-26 00:00:00+05:30,8316.337421009406,8319.617262786342,8171.027808269397,8223.595703125,429454
2022-07-27 00:00:00+05:30,8252.242963486655,8398.75826154491,8160.080540101201,8351.1572265625,1298855
2022-07-28 00:00:00+05:30,8391.572417893802,8459.23587571831,8322.896372476212,8411.8759765625,725196
2022-07-29 00:00:00+05:30,8453.97877064162,8625.95758680738,8420.508747940114,8462.5146484375,821432
2022-08-01 00:00:00+05:30,8536.25563236633,8762.924567237074,8509.82662233224,8684.2177734375,1009408
2022-08-02 00:00:00+05:30,8666.468402737597,8870.8076287566,8636.567398788253,8847.8515625,848311
2022-08-03 00:00:00+05:30,8878.629083952143,8878.629083952143,8597.893244498986,8698.7216796875,753729
2022-08-04 00:00:00+05:30,8761.393068385294,8784.69464569483,8573.038651799883,8705.7607421875,643264
2022-08-05 00:00:00+05:30,8705.857630420762,8723.722552646597,8553.62084518847,8583.9130859375,558385
2022-08-08 00:00:00+05:30,8583.913373679172,8736.150164014598,8583.719004229059,8662.3134765625,520993
2022-08-10 00:00:00+05:30,8678.478357124777,8737.606491852412,8569.155497204221,8621.29296875,445375
2022-08-11 00:00:00+05:30,8695.081000557282,8736.149841635512,8470.123496157836,8557.3583984375,508318
2022-08-12 00:00:00+05:30,8558.474838462274,8558.474838462274,8422.548976024982,8446.044921875,712782
2022-08-16 00:00:00+05:30,8482.891600276735,8776.9280186347,8451.725169731442,8741.6845703125,963726
2022-08-17 00:00:00+05:30,8747.800448825605,8806.054391881047,8660.419534242441,8684.060546875,623749
2022-08-18 00:00:00+05:30,8665.273878860937,8750.130833693996,8618.670725226728,8687.3134765625,442229
2022-08-19 00:00:00+05:30,8694.838295816457,8707.022889557931,8461.385424007289,8523.474609375,572597
2022-08-22 00:00:00+05:30,8496.337575177657,8512.309054157498,8351.86798635975,8376.9169921875,488485
2022-08-23 00:00:00+05:30,8356.528538290702,8502.163403022154,8314.779877067685,8466.7255859375,558231
2022-08-24 00:00:00+05:30,8407.985521204331,8516.726211547852,8343.906185823329,8450.705078125,442582
2022-08-25 00:00:00+05:30,8467.21193358226,8577.894442517978,8427.405066333451,8481.6787109375,525721
2022-08-26 00:00:00+05:30,8543.912032998376,8575.708978348455,8452.8418875481,8466.822265625,398063
2022-08-29 00:00:00+05:30,8352.256382632386,8602.069484489366,8340.023432989312,8577.1171875,459057
2022-08-30 00:00:00+05:30,8626.244027628834,8897.319242633295,8611.874910754837,8817.9482421875,1016312
2022-09-01 00:00:00+05:30,8689.49856815299,8964.942831769546,8680.808831600782,8761.87890625,888864
2022-09-02 00:00:00+05:30,8763.819754983484,8883.629069904224,8643.039541070335,8660.0302734375,632909
2022-09-05 00:00:00+05:30,8641.00239054623,8754.403221054095,8616.729911921098,8689.595703125,386455
2022-09-06 00:00:00+05:30,8722.848317998105,8760.179576838482,8611.874744014556,8630.0791015625,397902
2022-09-07 00:00:00+05:30,8606.048707954811,8615.320603745886,8505.075212283862,8529.2509765625,496785
2022-09-08 00:00:00+05:30,8572.067583123315,8626.53463974913,8524.493530391064,8534.833984375,428924
2022-09-09 00:00:00+05:30,8577.554818086648,8727.412727231444,8475.949839662977,8685.6640625,632296
2022-09-12 00:00:00+05:30,8708.86814287895,8750.033695485483,8644.885513471248,8667.84765625,383641
2022-09-13 00:00:00+05:30,8711.196474545824,8727.459031986495,8651.583847798667,8666.7294921875,405093
2022-09-14 00:00:00+05:30,8602.019512529176,8738.091392752645,8568.863879075056,8706.24609375,509547
2022-09-15 00:00:00+05:30,8767.266560086897,9053.633417433799,8767.218204764313,8941.7373046875,1392132
2022-09-16 00:00:00+05:30,8941.494622750924,9044.798658869284,8757.557611765982,8922.22265625,1056382
2022-09-19 00:00:00+05:30,8908.289378608135,9071.54642423058,8806.053903840548,9010.767578125,727024
2022-09-20 00:00:00+05:30,9067.226703394661,9155.578521577434,8980.816683413708,9030.1865234375,747257
2022-09-21 00:00:00+05:30,9029.360802969424,9124.508906054478,8943.387885167713,8978.77734375,440725
2022-09-22 00:00:00+05:30,8931.30057261007,9160.4327538402,8918.678884660952,9128.2470703125,511112
2022-09-23 00:00:00+05:30,9124.460872972135,9175.966877699775,9007.369879215528,9071.546875,574213
2022-09-26 00:00:00+05:30,9000.526272180818,9000.526272180818,8543.912587933952,8577.845703125,865432
2022-09-27 00:00:00+05:30,8631.292733688331,8649.691460696517,8418.180387789052,8518.716796875,686285
2022-09-28 00:00:00+05:30,8466.239400406796,8592.45627220185,8408.033814900286,8472.79296875,663740
2022-09-29 00:00:00+05:30,8515.174508516538,8543.912744855379,8353.7132171073,8373.859375,817007
2022-09-30 00:00:00+05:30,8415.75425468909,8613.817691232303,8309.149712296052,8571.244140625,658982
2022-10-03 00:00:00+05:30,8708.964723779178,8708.964723779178,8262.351148200758,8298.2744140625,1123076
2022-10-04 00:00:00+05:30,8445.85127516667,8503.668126972147,8378.859237232826,8437.5986328125,503140
2022-10-06 00:00:00+05:30,8479.832245346433,8568.184058298863,8437.598136957084,8449.734375,474445
2022-10-07 00:00:00+05:30,8495.366358621184,8588.183924950521,8457.501297137043,8523.619140625,428616
2022-10-10 00:00:00+05:30,8422.550188989695,8618.13801384287,8406.044903316746,8604.4970703125,411218
2022-10-11 00:00:00+05:30,8554.591762336422,8592.4568263168,8412.840497179106,8431.43359375,422610
2022-10-12 00:00:00+05:30,8444.880152147065,8466.239931791491,8340.605212261815,8433.8115234375,380365
2022-10-13 00:00:00+05:30,8412.841402285772,8529.786398250966,8341.965762081863,8397.8408203125,355605
2022-10-14 00:00:00+05:30,8505.075806468976,8511.483361038321,8355.84843060118,8366.5283203125,274160
2022-10-17 00:00:00+05:30,8359.441555523788,8495.076354363522,8317.74124803097,8469.9296875,304671
2022-10-18 00:00:00+05:30,8509.979009057424,8629.59396839975,8497.35732069479,8551.0478515625,369973
2022-10-19 00:00:00+05:30,8593.815387365046,8597.310244344755,8441.96641158415,8465.607421875,385416
2022-10-20 00:00:00+05:30,8446.821803651663,8484.88123634971,8360.411787499363,8454.0068359375,328270
2022-10-21 00:00:00+05:30,8475.94956407406,8538.087109560973,8389.539539881323,8450.0263671875,356203
2022-10-24 00:00:00+05:30,8533.037300847083,8533.037300847083,8491.336997412618,8510.3671875,30052
2022-10-25 00:00:00+05:30,8563.329957749167,8754.597078120662,8541.388017613752,8742.9462890625,727441
2022-10-27 00:00:00+05:30,8786.635859741005,8812.801777150931,8642.942809217064,8778.8203125,849108
2022-10-28 00:00:00+05:30,8830.326888243257,9272.037602094768,8787.607329905411,9216.3076171875,1873029
2022-10-31 00:00:00+05:30,9369.17631978313,9484.713312742115,9176.064109437082,9250.337890625,1932020
2022-11-01 00:00:00+05:30,9354.61248451946,9356.457571999075,9102.178727801758,9179.4619140625,805517
2022-11-02 00:00:00+05:30,9170.140870621293,9179.461121576474,8941.979610208798,8960.8154296875,788679
2022-11-03 00:00:00+05:30,8941.980614190836,9039.070523139704,8897.707994967608,8970.2333984375,616860
2022-11-04 00:00:00+05:30,8988.486999150275,9052.663049274744,8923.581826569969,8960.9130859375,465775
2022-11-07 00:00:00+05:30,9007.030953096686,9080.624915267537,8984.99135389209,9061.6923828125,469017
2022-11-09 00:00:00+05:30,9204.462925864418,9204.9483754156,8951.689723820717,8984.21484375,617256
2022-11-10 00:00:00+05:30,8933.242499020995,8981.544728596726,8807.02561771758,8832.51171875,445700
2022-11-11 00:00:00+05:30,8932.271541238759,8971.107504461535,8786.636679153344,8823.09375,461074
2022-11-14 00:00:00+05:30,8835.180653960315,8896.395644576905,8730.857369686772,8886.0068359375,282822
2022-11-15 00:00:00+05:30,8922.562092488319,8935.71758472611,8864.308150643998,8895.5712890625,359888
2022-11-16 00:00:00+05:30,8893.43508881422,8983.24324882681,8835.035133072926,8869.1142578125,350737
2022-11-17 00:00:00+05:30,8836.151838189548,8902.755130627522,8708.964068625453,8724.935546875,409572
2022-11-18 00:00:00+05:30,8747.80077332101,8761.345005212537,8578.864332193612,8590.5634765625,515615
2022-11-21 00:00:00+05:30,8568.184510515297,8669.352385809261,8530.319445822935,8607.21484375,520644
2022-11-22 00:00:00+05:30,8616.729248837864,8674.93483773057,8601.24321903799,8615.515625,455948
2022-11-23 00:00:00+05:30,8679.83896911201,8727.413030575823,8642.944798997216,8674.4990234375,621006
2022-11-24 00:00:00+05:30,8707.89681429394,8733.140189435924,8661.390370832612,8706.1484375,455343
2022-11-25 00:00:00+05:30,8738.090907201064,8815.762826376185,8687.118710242392,8757.0234375,545439
2022-11-28 00:00:00+05:30,8765.276913830487,8839.161954726167,8689.54678542123,8723.9169921875,439956
2022-11-29 00:00:00+05:30,8723.528335842271,8762.121574723711,8629.351123980647,8650.9052734375,606692
2022-11-30 00:00:00+05:30,8664.304144825688,8757.510464626592,8611.87558993768,8712.9951171875,1087650
2022-12-01 00:00:00+05:30,8756.587145942953,8762.364185089828,8670.128772615197,8697.4599609375,694489
2022-12-02 00:00:00+05:30,8563.330391927713,8669.061687248786,8499.979223211922,8559.30078125,971612
2022-12-05 00:00:00+05:30,8586.631757939163,8595.564219410166,8509.930727989231,8536.193359375,519621
2022-12-06 00:00:00+05:30,8521.77488964213,8543.911197206182,8441.918446918244,8463.666015625,551379
2022-12-07 00:00:00+05:30,8466.239962467449,8493.279122539667,8389.538935284545,8407.1611328125,546450
2022-12-08 00:00:00+05:30,8412.840287771402,8457.501644175036,8355.605599012373,8430.025390625,476001
2022-12-09 00:00:00+05:30,8453.618439082684,8508.716962847233,8296.769879563164,8362.693359375,790406
2022-12-12 00:00:00+05:30,8358.470036596214,8440.316638010012,8267.496604729244,8407.7431640625,445039
2022-12-13 00:00:00+05:30,8409.92704016733,8444.247940160652,8359.440292754642,8369.8291015625,330236
2022-12-14 00:00:00+05:30,8398.2770252632,8425.171119354329,8345.896830372862,8390.12109375,343670
2022-12-15 00:00:00+05:30,8389.538983660157,8421.189914536635,8325.4596441252,8334.34375,472176
2022-12-16 00:00:00+05:30,8310.410922705314,8338.081547309217,8200.21387384416,8238.85546875,624222
2022-12-19 00:00:00+05:30,8251.476967149069,8370.558119371977,8205.068180440669,8353.4697265625,464106
2022-12-20 00:00:00+05:30,8334.587434904843,8334.587434904843,8186.670373552277,8276.2841796875,694906
2022-12-21 00:00:00+05:30,8276.283131278393,8317.644000662416,8047.102594791698,8107.39599609375,800720
2022-12-22 00:00:00+05:30,8113.464308351731,8140.018019364982,8046.811706166146,8091.8125,580858
2022-12-23 00:00:00+05:30,8058.1716088331395,8087.54130718741,7886.468004797199,7904.67236328125,503012
2022-12-26 00:00:00+05:30,7909.914517485175,8103.123427388151,7841.029040632253,8016.51904296875,315102
2022-12-27 00:00:00+05:30,8057.443062267068,8073.025802780812,7991.275911096266,8063.75390625,423308
2022-12-28 00:00:00+05:30,8073.026085290128,8207.495611785942,8046.423070465984,8175.98974609375,538632
2022-12-29 00:00:00+05:30,8126.425090403055,8203.126115748555,8090.50182536782,8190.31005859375,452134
2022-12-30 00:00:00+05:30,8223.51574498579,8242.933727854706,8118.901362279507,8150.3095703125,433976
2023-01-02 00:00:00+05:30,8121.5701290497045,8207.980139986395,8094.967117211773,8158.75537109375,398159
2023-01-03 00:00:00+05:30,8136.134226769631,8157.494006362583,8062.49191138502,8138.80419921875,493207
2023-01-04 00:00:00+05:30,8132.251560966113,8288.614684839467,8069.191469369273,8177.689453125,566744
2023-01-05 00:00:00+05:30,8199.19554650442,8228.370878397298,8145.892800140833,8214.875,417716
2023-01-06 00:00:00+05:30,8213.805594739106,8237.058815572782,8107.006704027368,8139.0947265625,368978
2023-01-09 00:00:00+05:30,8179.678330831971,8201.135768326225,8082.831152385896,8133.22119140625,613406
2023-01-10 00:00:00+05:30,8136.134710191227,8165.26168409406,8022.4428013146435,8051.8125,493677
2023-01-11 00:00:00+05:30,8092.104558797985,8092.104558797985,8009.092685791834,8043.365234375,327536
2023-01-12 00:00:00+05:30,8073.026005007432,8133.221749121739,8019.62655458345,8125.64892578125,283772
2023-01-13 00:00:00+05:30,8152.639351629256,8252.69030945622,8107.977995171599,8207.3984375,705220
2023-01-16 00:00:00+05:30,8233.224153855943,8266.525802491045,8100.793140802979,8136.23095703125,500575
2023-01-17 00:00:00+05:30,8165.115287060325,8246.13700529589,8099.386177550274,8232.5927734375,409248
2023-01-18 00:00:00+05:30,8226.427998137942,8288.954278856521,8217.980986417417,8246.865234375,402883
2023-01-19 00:00:00+05:30,8232.252898276874,8271.08885958494,8210.407670041088,8254.244140625,184776
2023-01-20 00:00:00+05:30,8215.79684170705,8252.642653535986,8167.203529593497,8194.1943359375,346337
2023-01-23 00:00:00+05:30,8233.223736557487,8235.16553460856,8134.095325307546,8172.15380859375,410827
2023-01-24 00:00:00+05:30,8204.09771081252,8464.298679628822,8172.05803927917,8445.6572265625,1039571
2023-01-25 00:00:00+05:30,8493.32881962791,8575.951955759909,8427.695470009296,8528.474609375,1131883
2023-01-27 00:00:00+05:30,8571.5339271779,8630.321675160945,8369.24654076223,8483.23046875,743546
2023-01-30 00:00:00+05:30,8523.523800346631,8607.021128838465,8464.29895106754,8560.41796875,1036998
2023-01-31 00:00:00+05:30,8599.155548085053,8683.574455811186,8573.232355711853,8636.4375,643670
2023-02-01 00:00:00+05:30,8676.92502735736,8767.655735482958,8421.481860156522,8513.66796875,707460
2023-02-02 00:00:00+05:30,8509.93009439357,8679.83742656914,8496.434218466187,8612.0205078125,456995
2023-02-03 00:00:00+05:30,8679.838410643759,8702.16909111857,8587.749005421423,8682.0712890625,351157
2023-02-06 00:00:00+05:30,8667.167280925032,8675.953727513192,8563.329440092473,8648.7685546875,205161
2023-02-07 00:00:00+05:30,8648.768260875235,8660.419048833306,8497.84182223967,8507.4541015625,318669
2023-02-08 00:00:00+05:30,8517.697874470265,8596.826151772137,8420.65631899709,8577.6025390625,391645
2023-02-09 00:00:00+05:30,8546.144758165037,8575.951549465744,8446.82197218974,8545.0771484375,392186
2023-02-10 00:00:00+05:30,8541.776147087205,8616.72974929573,8517.649683046648,8554.931640625,276298
2023-02-13 00:00:00+05:30,8531.29004053597,8606.438007040198,8500.901089585568,8553.0869140625,253037
2023-02-14 00:00:00+05:30,8558.47523610643,8589.544006107042,8509.930282980471,8519.10546875,227030
2023-02-15 00:00:00+05:30,8519.106202239313,8636.827723705504,8487.600335319208,8587.9423828125,452568
2023-02-16 00:00:00+05:30,8621.584003055757,8621.584003055757,8534.203084105868,8548.86328125,247514
2023-02-17 00:00:00+05:30,8531.28939290859,8615.757604719565,8495.123405667682,8551.435546875,214587
2023-02-20 00:00:00+05:30,8551.436433126592,8591.48602046348,8422.792304105074,8440.6572265625,298434
2023-02-21 00:00:00+05:30,8440.996419659275,8466.23979519541,8387.06316655599,8417.548828125,323478
2023-02-22 00:00:00+05:30,8423.034987055595,8465.269097128434,8335.168620122446,8406.966796875,363931
2023-02-23 00:00:00+05:30,8440.463312663542,8492.891866188767,8365.266984691678,8443.181640625,317544
2023-02-24 00:00:00+05:30,8457.502084378248,8485.658158359072,8358.761455996071,8408.4716796875,242982
2023-02-27 00:00:00+05:30,8378.858949611018,8391.528992808764,8281.769042894784,8380.9951171875,220225
2023-02-28 00:00:00+05:30,8398.276007905488,8455.559046572127,8354.876634744602,8373.3720703125,370998
2023-03-01 00:00:00+05:30,8369.149988467312,8520.852968246663,8369.149988467312,8509.10546875,333441
2023-03-02 00:00:00+05:30,8515.755956531475,8515.755956531475,8261.47710446412,8299.9736328125,603893
2023-03-03 00:00:00+05:30,8342.012851762433,8377.887760681588,8301.186737029502,8350.9453125,437977
2023-03-06 00:00:00+05:30,8388.567598619918,8410.898276255133,8340.945190943969,8380.2666015625,275417
2023-03-08 00:00:00+05:30,8374.005060794914,8458.521641084111,8359.489929060797,8440.900390625,348171
2023-03-09 00:00:00+05:30,8471.093970165854,8482.744758434275,8285.700612215858,8293.37109375,431466
2023-03-10 00:00:00+05:30,8281.769660877111,8376.917776558934,8233.321414553073,8351.2373046875,516128
2023-03-13 00:00:00+05:30,8351.237509047904,8385.947154138346,8234.292515191366,8270.5078125,479314
2023-03-14 00:00:00+05:30,8296.283774806016,8296.283774806016,8199.242228078841,8264.4384765625,349510
2023-03-15 00:00:00+05:30,8398.27698217714,8451.628075871835,8194.388176829487,8228.3212890625,509229
2023-03-16 00:00:00+05:30,8213.90240324742,8285.070059784477,8166.231640719175,8191.912109375,340261
2023-03-17 00:00:00+05:30,8255.555023546185,8263.273860997706,8052.20001800757,8074.82177734375,471602
2023-03-20 00:00:00+05:30,8074.821298795093,8074.821298795093,7893.409192490795,7980.4013671875,488199
2023-03-21 00:00:00+05:30,8005.062834371523,8034.189806479607,7975.935862263441,7988.9462890625,287497
2023-03-22 00:00:00+05:30,7996.324922507159,8048.364734586075,7977.877839757324,8012.248046875,218120
2023-03-23 00:00:00+05:30,8023.50938853548,8131.279178241124,7993.022780478442,8110.11376953125,540553
2023-03-24 00:00:00+05:30,8110.114393068477,8142.445142837172,7972.0523541210305,8003.0244140625,391840
2023-03-27 00:00:00+05:30,8009.917771908322,8074.773643753948,7990.062695196493,8037.4423828125,364326
2023-03-28 00:00:00+05:30,8064.190883255215,8112.443808031562,7903.118349912935,7969.916015625,360349
2023-03-29 00:00:00+05:30,8009.7713730920705,8077.006134190782,7949.2361948837515,8053.89892578125,339851
2023-03-31 00:00:00+05:30,8083.6570180993085,8126.424931004732,8016.761695264068,8050.8408203125,478757
2023-04-03 00:00:00+05:30,8168.02822597758,8329.343492908047,8146.182995928574,8255.603515625,627265
2023-04-05 00:00:00+05:30,8273.953138126013,8299.24486810588,8184.6787831226675,8201.232421875,272888
2023-04-06 00:00:00+05:30,8217.689403913519,8286.623235160903,8133.317898805413,8268.8076171875,309551
2023-04-10 00:00:00+05:30,8210.504651203672,8306.818028049687,8158.513195918223,8286.76953125,308275
2023-04-11 00:00:00+05:30,8330.313996954455,8418.61745674903,8296.332529600912,8407.548828125,409240
2023-04-12 00:00:00+05:30,8419.636440829161,8456.482248876868,8340.99361890721,8370.1689453125,408458
2023-04-13 00:00:00+05:30,8376.965743394047,8450.705719256408,8369.150195311378,8418.4716796875,480202
2023-04-17 00:00:00+05:30,8592.45673287896,8592.45673287896,8398.276919706554,8422.2099609375,489356
2023-04-18 00:00:00+05:30,8439.977576783887,8494.20191261999,8437.113234791217,8478.5224609375,276111
2023-04-19 00:00:00+05:30,8437.161169979094,8487.405196234375,8410.364735233721,8427.35546875,280819
2023-04-20 00:00:00+05:30,8417.693904459109,8485.56012038568,8412.98542380456,8461.044921875,369060
2023-04-21 00:00:00+05:30,8426.822037471034,8450.705776100991,8301.187314529352,8309.3916015625,424157
2023-04-24 00:00:00+05:30,8327.401123822834,8327.401123822834,8198.999724892488,8219.77734375,543745
2023-04-25 00:00:00+05:30,8262.351818244924,8276.915305586132,8174.970894197681,8222.4482421875,906406
2023-04-26 00:00:00+05:30,8278.856489205798,8301.18716813763,8189.437062827526,8259.341796875,959058
2023-04-27 00:00:00+05:30,8320.60442518108,8320.60442518108,8224.728148986607,8294.341796875,536521
2023-04-28 00:00:00+05:30,8342.935728928423,8361.819905514865,8286.720293380393,8339.5859375,387567
2023-05-02 00:00:00+05:30,8371.772016680858,8570.126516913391,8355.55781177712,8521.435546875,865562
2023-05-03 00:00:00+05:30,8514.784684576178,8571.096829582497,8461.433592049229,8541.2900390625,537008
2023-05-04 00:00:00+05:30,8540.659847739607,8566.194304143297,8488.570732374192,8544.494140625,271926
2023-05-05 00:00:00+05:30,8544.49396252637,8726.440827210981,8534.20281165827,8688.236328125,951591
2023-05-08 00:00:00+05:30,8782.753348798375,8855.522426719439,8699.256025340861,8812.123046875,678780
2023-05-09 00:00:00+05:30,8818.67555462477,8874.016797233337,8788.431671731265,8846.39453125,415394
2023-05-10 00:00:00+05:30,8863.144158129173,8912.854385288063,8796.346484826781,8901.349609375,366827
2023-05-11 00:00:00+05:30,8973.971586442358,9043.924673542431,8876.007492793027,8991.3994140625,644550
2023-05-12 00:00:00+05:30,8991.447845543684,9058.29386661339,8963.971591755437,9024.8955078125,403028
2023-05-15 00:00:00+05:30,8973.048784215564,9036.6426703188,8918.096278687603,8939.3583984375,259316
2023-05-16 00:00:00+05:30,8950.814584955328,8960.717944376638,8793.528947072837,8807.3642578125,448981
2023-05-17 00:00:00+05:30,8816.103209984913,8866.250527453385,8769.208973367913,8854.017578125,290482
2023-05-18 00:00:00+05:30,8878.82311753861,8883.725967924982,8780.907383202717,8789.83984375,272497
2023-05-19 00:00:00+05:30,8796.345008784929,8852.851520655504,8699.788912851176,8840.9580078125,543472
2023-05-22 00:00:00+05:30,8825.47278969243,8902.853637334196,8809.792390022041,8890.18359375,182115
2023-05-23 00:00:00+05:30,8902.173482041162,8966.252820007649,8890.279968554958,8932.951171875,269008
2023-05-24 00:00:00+05:30,8901.203007442764,9047.032242852245,8892.464915485196,9000.962890625,470365
2023-05-25 00:00:00+05:30,8952.418673341179,9022.95487849334,8947.855257536177,9011.740234375,218979
2023-05-26 00:00:00+05:30,9061.401434972695,9141.015162355934,9040.28437923385,9126.4033203125,346760
2023-05-29 00:00:00+05:30,9160.433964244221,9212.66815164529,9041.061717815914,9061.8876953125,236834
2023-05-30 00:00:00+05:30,9107.033023713255,9129.266991056305,9029.361100270073,9110.28515625,372004
2023-05-31 00:00:00+05:30,9174.948248799807,9174.948248799807,8997.904226922868,9095.091796875,1614766
2023-06-01 00:00:00+05:30,9065.769374453725,9104.653689611827,8953.630540424336,9056.8369140625,378706
2023-06-02 00:00:00+05:30,9115.771633948654,9247.959925439804,9041.692222377013,9209.3173828125,445105
2023-06-05 00:00:00+05:30,9274.513718817741,9359.467390672915,9212.424531301715,9303.251953125,434649
2023-06-06 00:00:00+05:30,9348.787589184973,9485.684364558852,9331.311405094692,9452.8681640625,542318
2023-06-07 00:00:00+05:30,9503.159321883852,9514.81010977337,9369.660710649787,9425.001953125,453747
2023-06-08 00:00:00+05:30,9449.760660785816,9480.829431066833,9345.389010623023,9377.525390625,273746
2023-06-09 00:00:00+05:30,9393.934146540369,9431.217050858768,9331.407865878622,9347.6220703125,161389
2023-06-12 00:00:00+05:30,9344.90377529446,9417.721207309742,9260.096118731455,9272.5234375,316879
2023-06-13 00:00:00+05:30,9308.980613425925,9338.155941885789,9229.027451432281,9240.5322265625,561014
2023-06-14 00:00:00+05:30,9242.959464332547,9319.660493500853,9214.317940782357,9255.095703125,328167
2023-06-15 00:00:00+05:30,9276.940909460092,9415.58511144527,9265.29012024884,9315.630859375,459978
2023-06-16 00:00:00+05:30,9315.825952242232,9362.769496304154,9274.028932329855,9324.224609375,682099
2023-06-19 00:00:00+05:30,9357.525657612188,9361.55526819141,9233.25057106162,9254.6103515625,395006
2023-06-20 00:00:00+05:30,9252.668549400149,9261.30993076566,9145.869646941175,9215.87109375,612713
2023-06-21 00:00:00+05:30,9225.483163363997,9259.46463155151,9122.616215036212,9166.1123046875,356331
2023-06-22 00:00:00+05:30,9164.36447512485,9218.055002884095,9101.013312203248,9129.412109375,288487
2023-06-23 00:00:00+05:30,9145.869725703331,9152.666019554703,9034.216326716507,9055.8671875,309138
2023-06-26 00:00:00+05:30,9055.867506376975,9242.959963330699,9029.362149052049,9194.609375,405168
2023-06-27 00:00:00+05:30,9213.832832854943,9223.54182424889,9121.645769940687,9185.6767578125,339375
2023-06-28 00:00:00+05:30,9199.705978719325,9296.358793571013,9158.054028470306,9263.0087890625,482586
2023-06-30 00:00:00+05:30,9290.532574613275,9566.75334140996,9263.347402485657,9504.1787109375,845006
2023-07-03 00:00:00+05:30,9458.547228033314,9501.07241826751,9375.535356383085,9391.5068359375,398066
2023-07-04 00:00:00+05:30,9417.721257082492,9433.74109221052,9340.09768451523,9366.65234375,247673
2023-07-05 00:00:00+05:30,9414.808340895308,9744.865671442603,9393.448561221214,9701.5146484375,815044
2023-07-06 00:00:00+05:30,9708.942092997431,9724.815913122997,9529.568494464702,9572.482421875,652120
2023-07-07 00:00:00+05:30,9567.239504351095,9655.591320354337,9529.374440349706,9563.5986328125,457050
2023-07-10 00:00:00+05:30,9567.238870604539,9644.279328000497,9436.895678156938,9452.9638671875,272008
2023-07-11 00:00:00+05:30,9510.927356887925,9667.09609414287,9452.964492370857,9612.046875,568772
2023-07-12 00:00:00+05:30,9607.046753235922,9660.446204618234,9519.66583279214,9549.5693359375,552967
2023-07-13 00:00:00+05:30,9566.219917739332,9610.88127372846,9332.281603641468,9366.796875,519564
2023-07-14 00:00:00+05:30,9419.613989257112,9444.225900293959,9311.892552758565,9324.1748046875,498441
2023-07-17 00:00:00+05:30,9366.26265591585,9416.749403931568,9276.939947888042,9407.57421875,444583
2023-07-18 00:00:00+05:30,9427.624458236169,9482.091517493769,9322.28190781044,9384.37109375,320985
2023-07-19 00:00:00+05:30,9370.14767164617,9384.711158857306,9248.445842775905,9327.9619140625,450254
2023-07-20 00:00:00+05:30,9340.048256027756,9500.246588901413,9296.794895780578,9488.1103515625,466813
2023-07-21 00:00:00+05:30,9437.13911226823,9558.501497971269,9420.633827812619,9485.732421875,328483
2023-07-24 00:00:00+05:30,9485.732028160799,9529.374129876933,9398.302758757893,9412.671875,358506
2023-07-25 00:00:00+05:30,9343.932599512089,9490.490002970442,9336.941936616897,9474.615234375,240998
2023-07-26 00:00:00+05:30,9477.43117347857,9524.519777885036,9442.236082556212,9472.4306640625,209861
2023-07-27 00:00:00+05:30,9485.683866112731,9541.171126941146,9409.614303618906,9469.7607421875,256672
2023-07-28 00:00:00+05:30,9455.585719079652,9466.265608484096,9268.590943855648,9388.884765625,381151
2023-07-31 00:00:00+05:30,9388.885076699904,9551.413960097183,9326.456456196065,9534.95703125,600060
2023-08-01 00:00:00+05:30,9475.97576350117,9604.1344521059,9369.225211659626,9433.984375,1394528
2023-08-02 00:00:00+05:30,9432.285429727264,9508.452659187413,9243.299527165977,9372.8662109375,672815
2023-08-03 00:00:00+05:30,9407.215387326862,9467.096143417108,9325.62741451082,9353.1669921875,614897
2023-08-04 00:00:00+05:30,9369.141876055019,9424.023878676262,9238.797119829567,9281.3310546875,540470
2023-08-07 00:00:00+05:30,9300.539046350883,9349.344634127146,9233.896616935514,9333.6640625,366329
2023-08-08 00:00:00+05:30,9349.492328915996,9430.88410727405,9315.23988773146,9352.0400390625,430636
2023-08-09 00:00:00+05:30,9349.540912099568,9349.589722473089,9229.486534559504,9274.17578125,404602
2023-08-10 00:00:00+05:30,9274.174755418453,9310.338452867058,9155.541634229601,9209.982421875,523490
2023-08-11 00:00:00+05:30,9209.983330725638,9279.958264197749,9157.453798781684,9170.046875,498504
2023-08-14 00:00:00+05:30,9173.133789470707,9177.05393211578,9073.07253128165,9135.5498046875,336864
2023-08-16 00:00:00+05:30,9147.653254187211,9249.331958399975,9069.397786108702,9231.4951171875,336363
2023-08-17 00:00:00+05:30,9226.93889589693,9285.593652265496,9163.334193375274,9188.12890625,402798
2023-08-18 00:00:00+05:30,9163.333039002911,9280.937313300275,9150.249946313745,9267.265625,400745
2023-08-21 00:00:00+05:30,9266.776927083794,9279.958599452,9225.321605902582,9250.361328125,375347
2023-08-22 00:00:00+05:30,9232.132615151146,9318.228369713006,9221.842240164495,9302.4013671875,435930
2023-08-23 00:00:00+05:30,9328.960293033333,9447.544618640753,9257.417683369353,9409.2744140625,546842
2023-08-24 00:00:00+05:30,9468.762694157276,9468.762694157276,9364.241499616104,9382.568359375,385559
2023-08-25 00:00:00+05:30,9363.261315347689,9432.598842881795,9295.638850332094,9315.92578125,346449
2023-08-28 00:00:00+05:30,9324.990912685867,9476.94525716966,9320.139544538106,9406.0888671875,325938
2023-08-29 00:00:00+05:30,9408.34318565675,9491.401215342625,9316.219825297194,9429.1689453125,317224
2023-08-30 00:00:00+05:30,9467.145011211667,9621.941843879642,9418.14322543935,9600.822265625,543634
2023-08-31 00:00:00+05:30,9575.046517604256,9864.059431616364,9575.046517604256,9804.0810546875,1581818
2023-09-01 00:00:00+05:30,9799.37726916969,10190.362715261912,9752.678183785385,10124.994140625,1193178
2023-09-04 00:00:00+05:30,10193.351474472745,10258.965057022971,10080.941186518608,10155.5712890625,819552
2023-09-05 00:00:00+05:30,10143.369150745262,10204.817578462993,10041.249242857875,10057.2236328125,507107
2023-09-06 00:00:00+05:30,10055.167004344756,10055.167004344756,9927.909742384272,9975.63671875,663758
2023-09-07 00:00:00+05:30,9947.363250378437,10095.251033646504,9947.363250378437,10075.5029296875,445805
2023-09-08 00:00:00+05:30,10191.390905341112,10192.370941008518,10094.367374268051,10125.728515625,439721
2023-09-11 00:00:00+05:30,10138.469466272329,10339.376787740266,10137.489430557851,10323.548828125,598050
2023-09-12 00:00:00+05:30,10333.496167887386,10357.409421208553,10197.271208921495,10293.90234375,568773
2023-09-13 00:00:00+05:30,10290.3752083263,10326.048891874958,10231.573064278722,10264.306640625,301707
2023-09-14 00:00:00+05:30,10256.122320040833,10368.77761417135,10222.801106535933,10278.76171875,501196
2023-09-15 00:00:00+05:30,10279.888617752527,10339.376978129972,10268.226766775177,10315.12109375,544616
2023-09-18 00:00:00+05:30,10290.423607464327,10411.556593601199,10284.54339329456,10312.033203125,430213
2023-09-20 00:00:00+05:30,10284.543640233222,10284.543640233222,10131.168050289143,10140.1845703125,545106
2023-09-21 00:00:00+05:30,10136.558545470765,10138.469806591378,10002.73485557998,10078.9814453125,577252
2023-09-22 00:00:00+05:30,10170.810252768031,10355.791986744709,10102.648962866928,10324.8232421875,986206
2023-09-25 00:00:00+05:30,10324.823749335661,10505.982970245197,10319.776182526299,10376.814453125,756801
2023-09-26 00:00:00+05:30,10419.642219642517,10421.65110146789,10316.39488165331,10345.89453125,452503
2023-09-27 00:00:00+05:30,10339.376930129849,10492.262503693853,10314.87603693049,10467.5166015625,458359
2023-09-28 00:00:00+05:30,10437.870345537327,10491.282291815134,10321.784924094629,10354.419921875,598144
2023-09-29 00:00:00+05:30,10330.556498449092,10491.772373982238,10300.714219437177,10398.7666015625,481725
2023-10-03 00:00:00+05:30,10495.98642180295,10495.98642180295,10097.601899377474,10140.33203125,623006
2023-10-04 00:00:00+05:30,10078.589523126337,10078.589523126337,9888.5602179743,9927.6142578125,407793
2023-10-05 00:00:00+05:30,9978.675300148663,10065.898482807923,9907.181500027642,10006.3125,377196
2023-10-06 00:00:00+05:30,10077.706489028324,10126.659460673662,10055.165669301818,10096.3759765625,335700
2023-10-09 00:00:00+05:30,10045.365908294749,10128.081304063639,9980.634741830618,10040.26953125,230083
2023-10-10 00:00:00+05:30,10084.567084902108,10209.031615493222,10065.063992164152,10167.8701171875,348342
2023-10-11 00:00:00+05:30,10143.320846698965,10231.572871480841,10133.618110287489,10204.2294921875,193526
2023-10-12 00:00:00+05:30,10251.173456890281,10412.438140460928,10212.168227310747,10369.66015625,569237
2023-10-13 00:00:00+05:30,10323.745885964378,10530.53343893087,10319.580733831168,10513.3828125,625954
2023-10-16 00:00:00+05:30,10515.734091788974,10595.018404481723,10452.080582622233,10490.7919921875,304196
2023-10-17 00:00:00+05:30,10515.783416913295,10582.278458582416,10354.371340246978,10536.16796875,474718
2023-10-18 00:00:00+05:30,10540.284020463509,10594.038596123572,10497.21125976164,10573.06640625,267435
2023-10-19 00:00:00+05:30,10486.381641854683,10583.111353646504,10486.381641854683,10556.650390625,286284
2023-10-20 00:00:00+05:30,10548.222079890242,10583.405745080654,10482.16824657196,10511.5205078125,232512
2023-10-23 00:00:00+05:30,10467.761264569113,10510.540205507947,10320.21708201165,10342.9541015625,227925
2023-10-25 00:00:00+05:30,10309.97512307961,10434.880859116067,10291.942084144373,10377.4501953125,401105
2023-10-26 00:00:00+05:30,10328.596762045017,10382.498728257417,10185.021524770173,10216.0400390625,506129
2023-10-27 00:00:00+05:30,10231.621590386318,10628.487241307852,10231.572780014198,10349.86328125,1116713
2023-10-30 00:00:00+05:30,10486.381782329607,10486.381782329607,10040.465547660451,10190.1171875,991168
2023-10-31 00:00:00+05:30,10280.574878203372,10280.574878203372,10114.948838697523,10184.8251953125,439996
2023-11-01 00:00:00+05:30,10182.667974486172,10214.1276929371,9985.240559411153,10023.5595703125,699116
2023-11-02 00:00:00+05:30,10084.862199650408,10138.470349314739,9997.345194138197,10097.896484375,569194
2023-11-03 00:00:00+05:30,10112.008304910485,10162.970161070143,10036.545556366376,10071.140625,517582
2023-11-06 00:00:00+05:30,10132.540035517952,10132.540035517952,10047.32574214613,10079.51953125,490459
2023-11-07 00:00:00+05:30,10094.368447886298,10119.849377948924,10031.498770309154,10048.6005859375,264935
2023-11-08 00:00:00+05:30,10113.967789132203,10134.009709352365,10055.753289379962,10116.2216796875,287006
2023-11-09 00:00:00+05:30,10143.32161418317,10240.981606398265,10110.784234548155,10192.71484375,310536
2023-11-10 00:00:00+05:30,10167.870230212431,10208.444090391236,10113.968267546245,10181.39453125,206395
2023-11-13 00:00:00+05:30,10220.79242084072,10220.79242084072,10156.747470010832,10190.8037109375,261891
2023-11-15 00:00:00+05:30,10287.435390228538,10287.435390228538,10167.919837679896,10247.302734375,436538
2023-11-16 00:00:00+05:30,10270.774409545043,10333.202876710944,10201.388071550276,10275.1845703125,488715
2023-11-17 00:00:00+05:30,10290.375409797121,10395.043036837824,10289.54276223327,10313.40625,403772
2023-11-20 00:00:00+05:30,10290.375365994321,10381.861320350294,10290.375365994321,10355.302734375,234246
2023-11-21 00:00:00+05:30,10406.99885085216,10406.99885085216,10290.374605325142,10324.8232421875,312242
2023-11-22 00:00:00+05:30,10339.376372724719,10340.601417318643,10211.971734956547,10285.033203125,378891
2023-11-23 00:00:00+05:30,10278.418275780758,10314.875795421027,10186.539928434371,10279.1044921875,453820
2023-11-24 00:00:00+05:30,10296.206352830368,10355.547323622734,10253.133591987984,10305.712890625,380306
2023-11-28 00:00:00+05:30,10329.527273149655,10345.649051524346,10296.254870347866,10327.1748046875,268026
2023-11-29 00:00:00+05:30,10358.977510016923,10422.238624022013,10315.56211924531,10387.6435546875,343341
2023-11-30 00:00:00+05:30,10369.758092216653,10436.400522069289,10335.554462304062,10396.9052734375,665660
2023-12-01 00:00:00+05:30,10396.218862839822,10544.204255778059,10322.764994600631,10374.3642578125,591519
2023-12-04 00:00:00+05:30,10481.482065743203,10481.579686489125,10216.87242032472,10387.83984375,625235
2023-12-05 00:00:00+05:30,10438.263164793063,10554.985039929044,10352.510036567084,10507.845703125,580996
2023-12-06 00:00:00+05:30,10507.845072456807,10534.354846521206,10378.577981811577,10413.6142578125,464163
2023-12-07 00:00:00+05:30,10574.585562251617,10714.583283926331,10422.680023590914,10483.099609375,704413
2023-12-08 00:00:00+05:30,10515.783771306018,10533.424415097585,10340.35736915655,10406.55859375,548373
2023-12-11 00:00:00+05:30,10417.780148168295,10425.620434262872,10290.424309506285,10331.2919921875,579749
2023-12-12 00:00:00+05:30,10407.979636749444,10411.899779738804,10095.445854096295,10132.001953125,1088687
2023-12-13 00:00:00+05:30,10153.169811643824,10205.014082794203,10055.166242033363,10172.8193359375,603469
2023-12-14 00:00:00+05:30,10231.572767214093,10285.474731026045,10106.422016186574,10146.505859375,635475
2023-12-15 00:00:00+05:30,10250.192832352031,10267.588465086925,9636.298120222105,10081.0390625,1244681
2023-12-18 00:00:00+05:30,10089.467676135842,10144.25205537764,10022.041410422487,10113.576171875,652498
2023-12-19 00:00:00+05:30,10113.576039051319,10169.83047112539,10002.44056477739,10029.29296875,585734
2023-12-20 00:00:00+05:30,10035.566026038437,10103.237302798834,9790.557089855858,9879.9853515625,964051
2023-12-21 00:00:00+05:30,9800.357119240725,9897.62566364919,9702.353548048319,9812.9501953125,739806
2023-12-22 00:00:00+05:30,9849.359489759578,10112.302895470968,9829.758774357071,10013.1728515625,652545
2023-12-26 00:00:00+05:30,10064.96610962708,10075.942700302981,9912.766764835318,10065.603515625,395273
2023-12-27 00:00:00+05:30,10080.647566913301,10099.610875552891,10025.76556577125,10083.09765625,397675
2023-12-28 00:00:00+05:30,10105.099158210323,10105.099158210323,9983.62354339436,10066.5341796875,584234
2023-12-29 00:00:00+05:30,10075.208689811181,10189.089035061437,10067.907232080515,10096.6708984375,705227
2024-01-01 00:00:00+05:30,10138.469370990719,10138.469370990719,10010.722099635568,10078.0009765625,411724
2024-01-02 00:00:00+05:30,10078.001043416072,10089.173833356683,9948.391320534685,9994.1591796875,776837
2024-01-03 00:00:00+05:30,9996.365003235618,10006.165361081927,9864.06017231044,9876.4580078125,521046
2024-01-04 00:00:00+05:30,9898.360779459785,9917.961493874556,9786.195499808025,9815.3515625,711733
2024-01-05 00:00:00+05:30,9810.795710218159,9873.860630775338,9770.956872340459,9817.0185546875,673131
2024-01-08 00:00:00+05:30,9805.2569825047,9926.732596504771,9714.01604348494,9748.12109375,600153
2024-01-09 00:00:00+05:30,9775.856215363016,9842.156014025986,9692.553179943881,9823.9755859375,666469
2024-01-10 00:00:00+05:30,9849.309934541447,9850.093771685033,9751.3551753119,9810.353515625,481699
2024-01-11 00:00:00+05:30,9824.95585183534,9921.979389479007,9800.357337744063,9811.2353515625,1024815
2024-01-12 00:00:00+05:30,9824.858096551572,9844.410000585867,9737.58610706725,9766.693359375,850190
2024-01-15 00:00:00+05:30,9785.754061269035,9897.18431149926,9749.395119714558,9885.5224609375,463380
2024-01-16 00:00:00+05:30,9885.472545547342,10035.565393214682,9859.158970287079,9980.2421875,536823
2024-01-17 00:00:00+05:30,9921.881782864586,9958.926942240796,9796.878416256839,9851.025390625,610250
2024-01-18 00:00:00+05:30,9747.483835632574,9849.358737570217,9543.24497097576,9726.3642578125,614860
2024-01-19 00:00:00+05:30,9761.155721034129,9850.976377136963,9750.424138542056,9837.3046875,377018
2024-01-23 00:00:00+05:30,9665.112614006734,9773.896582791436,9635.809162111234,9663.59375,956269
2024-01-24 00:00:00+05:30,9663.152198047756,9800.357198831394,9560.248447460024,9788.79296875,459092
2024-01-25 00:00:00+05:30,9788.793423907258,9800.161455960038,9620.569901940842,9683.7333984375,718817
2024-01-29 00:00:00+05:30,9732.882532886373,9834.658863862809,9677.901952442116,9791.9296875,446516
2024-01-30 00:00:00+05:30,9810.990004034245,9833.188195464594,9733.22455406953,9752.97265625,399869
2024-01-31 00:00:00+05:30,9760.469660656285,10031.253341616297,9715.094197741317,9983.5263671875,997024
2024-02-01 00:00:00+05:30,10006.164806847095,10486.186116158031,10000.284592465012,10425.5712890625,1869594
2024-02-02 00:00:00+05:30,10386.41843683099,10497.75011047029,10329.968762857905,10442.7216796875,814940
2024-02-05 00:00:00+05:30,10390.337960835615,10545.13478315941,10192.370759544463,10220.3505859375,365105
2024-02-06 00:00:00+05:30,10290.32704848357,10640.003629112358,10249.214355424692,10628.3408203125,829040
2024-02-07 00:00:00+05:30,10643.18805674898,10754.422112406533,10571.449249704627,10717.376953125,560808
2024-02-08 00:00:00+05:30,10732.37126661803,10732.37126661803,10476.533131015403,10529.40625,557082
2024-02-09 00:00:00+05:30,10497.407782792641,10554.984882313152,10399.256820953771,10518.576171875,645489
2024-02-12 00:00:00+05:30,10486.382134041196,10534.355073628376,10437.429158740553,10495.888671875,190655
2024-02-13 00:00:00+05:30,10515.782816010178,10613.786383726956,10427.726993243092,10578.9951171875,397979
2024-02-14 00:00:00+05:30,10491.282427702125,10829.394752555672,10489.714753369839,10807.78515625,354676
2024-02-15 00:00:00+05:30,10819.594026847906,10910.73734609581,10760.791885397646,10868.8408203125,447248
2024-02-16 00:00:00+05:30,10897.996572712302,11250.809411397233,10876.435788126002,11153.1982421875,716486
2024-02-19 00:00:00+05:30,11153.198861976376,11381.203597407204,11106.793596514268,11254.0927734375,581383
2024-02-20 00:00:00+05:30,11211.608265901896,11250.76088303389,11089.936452462543,11217.9296875,355044
2024-02-21 00:00:00+05:30,11227.288437896845,11290.990755325554,11143.005371760399,11236.94140625,348461
2024-02-22 00:00:00+05:30,11270.410133974312,11461.517088419963,11163.831255533469,11425.0595703125,584406
2024-02-23 00:00:00+05:30,11471.269430104021,11486.018776454071,11246.106220727714,11305.2998046875,472884
2024-02-26 00:00:00+05:30,11275.310692418325,11303.682917255755,11188.528722874256,11238.0693359375,277700
2024-02-27 00:00:00+05:30,11187.10741180908,11332.055073322037,11156.971314313407,11271.0478515625,307585
2024-02-28 00:00:00+05:30,11241.990146812735,11269.38233758116,10907.797954321833,10930.142578125,358812
2024-02-29 00:00:00+05:30,10932.29797686186,11122.42489819859,10907.307067098529,11062.9853515625,943841
2024-03-01 00:00:00+05:30,11069.503454790576,11441.917028302787,11069.503454790576,11388.9462890625,487355
2024-03-04 00:00:00+05:30,11368.414466818447,11444.171037326345,11313.679854130094,11362.681640625,369936
2024-03-05 00:00:00+05:30,11364.543020667177,11495.81899678797,11330.976797253708,11437.6044921875,320702
2024-03-06 00:00:00+05:30,11437.604578481421,11445.83726141884,11288.443906409533,11336.1220703125,639542
2024-03-07 00:00:00+05:30,11340.041943580729,11401.245364720759,11193.135165761978,11280.259765625,255325
2024-03-11 00:00:00+05:30,11285.25874521744,11325.195200953356,11123.454273014575,11168.0458984375,525344
2024-03-12 00:00:00+05:30,11172.406975041358,11344.795637421294,11153.786296749622,11280.11328125,283816
2024-03-13 00:00:00+05:30,11280.211787802544,11324.166009553213,11042.650732746413,11162.7548828125,385204
2024-03-14 00:00:00+05:30,11174.122320074566,11231.209401017784,11076.412566943933,11176.9150390625,523058
2024-03-15 00:00:00+05:30,11152.806508459347,11291.040355536295,11088.172961226006,11247.52734375,972333
2024-03-18 00:00:00+05:30,11208.325703975555,11432.508871005486,11139.379618039467,11403.9892578125,311049
2024-03-19 00:00:00+05:30,11311.669309526122,11446.767800703834,11227.43600944938,11365.5224609375,409259
2024-03-20 00:00:00+05:30,11418.543547801037,11784.929518444049,11418.543547801037,11702.75390625,1031037
2024-03-21 00:00:00+05:30,11759.448950897437,11760.428986646324,11589.265360276711,11670.4130859375,544311
2024-03-22 00:00:00+05:30,11652.673352226242,12179.19753516242,11652.673352226242,12091.38671875,1062263
2024-03-26 00:00:00+05:30,12040.277813169314,12075.902686318417,11898.810037878187,12005.9765625,507568
2024-03-27 00:00:00+05:30,12044.639349388686,12468.701009189264,12040.425387083254,12260.58984375,878986
2024-03-28 00:00:00+05:30,12318.99948225088,12472.717693274693,12138.231712669492,12348.7919921875,860324
2024-04-01 00:00:00+05:30,12361.532811520347,12435.672894438543,12256.473751002231,12318.65625,314676
2024-04-02 00:00:00+05:30,12372.90219933172,12395.491831346111,12213.450195698377,12301.849609375,333508
2024-04-03 00:00:00+05:30,12201.444501771868,12275.437197344861,12164.741973283033,12179.736328125,271935
2024-04-04 00:00:00+05:30,12240.645758631064,12396.471433220524,12072.128430452703,12316.353515625,491166
2024-04-05 00:00:00+05:30,12242.606225704061,12307.19096253899,12137.252385705406,12173.611328125,231600
2024-04-08 00:00:00+05:30,12201.444401801082,12669.558834307869,12201.444401801082,12608.2568359375,570422
2024-04-09 00:00:00+05:30,12608.256994789539,12726.449875326129,12524.856338927199,12630.7001953125,314466
2024-04-10 00:00:00+05:30,12674.801787014474,12699.302679667018,12349.332311844517,12429.5478515625,464239
2024-04-12 00:00:00+05:30,12407.25248024691,12407.25248024691,11980.936932939849,12021.6572265625,973366
2024-04-15 00:00:00+05:30,11955.945349885284,12260.246430350826,11792.720597815296,12174.8359375,831257
2024-04-16 00:00:00+05:30,12062.279627564827,12299.35065078029,12030.281078518032,12253.0927734375,579183
2024-04-18 00:00:00+05:30,12319.048662806077,12350.40980498665,12074.08854989179,12157.3427734375,679117
2024-04-19 00:00:00+05:30,12152.344667078454,12504.667489858364,11980.936045853672,12457.1845703125,635535
2024-04-22 00:00:00+05:30,12527.943392745508,12622.026817328044,12406.271581149056,12530.24609375,342212
2024-04-23 00:00:00+05:30,12588.55866175339,12764.47507123449,12521.230017240714,12736.7890625,397281
2024-04-24 00:00:00+05:30,12740.464047979332,12812.937879111638,12642.460478379491,12685.630859375,296364
2024-04-25 00:00:00+05:30,12705.183201538015,12721.549989639434,12485.997827734702,12664.51171875,640725
2024-04-26 00:00:00+05:30,12664.021520222197,12784.565913271828,12407.252162669325,12449.736328125,704626
2024-04-29 00:00:00+05:30,12544.505986791457,12735.367942659235,12351.390140188016,12436.505859375,613937
2024-04-30 00:00:00+05:30,12530.7372718878,12736.544782219135,12485.851825333535,12561.6083984375,528776
2024-05-02 00:00:00+05:30,12495.455600297666,12587.726347419655,12264.951004398947,12549.7001953125,814923
2024-05-03 00:00:00+05:30,12562.049360336654,12573.858599642494,12163.616019896053,12242.75390625,834990
2024-05-06 00:00:00+05:30,12299.448152249954,12393.92397745703,12125.491813841638,12190.9580078125,342231
2024-05-07 00:00:00+05:30,12223.397401131855,12258.776306362313,11994.656690535903,12117.2099609375,604375
2024-05-08 00:00:00+05:30,12144.601765333979,12309.198944036398,12078.93937683516,12293.1259765625,399669
2024-05-09 00:00:00+05:30,12289.647785722218,12485.458728885334,12188.459098810272,12255.00390625,504590
2024-05-10 00:00:00+05:30,12255.34629774528,12443.464339766435,12251.426154987106,12422.4423828125,328670
2024-05-13 00:00:00+05:30,12407.252083560961,12454.686194732147,12228.444376930858,12420.8251953125,281421
2024-05-14 00:00:00+05:30,12420.825434704158,12583.658753819329,12398.824398252458,12558.3740234375,331037
2024-05-15 00:00:00+05:30,12564.058231344341,12615.412487128873,12446.45394212739,12512.41015625,232030
2024-05-16 00:00:00+05:30,12591.498679517415,12591.498679517415,12054.439115665024,12248.1435546875,914201
2024-05-17 00:00:00+05:30,12265.294934760297,12413.035325702796,12076.294464047884,12389.1220703125,809226
2024-05-21 00:00:00+05:30,12348.597401606958,12425.775214190853,12193.408171841442,12224.279296875,443136
2024-05-22 00:00:00+05:30,12179.68741708615,12312.188434443555,12116.278916215912,12281.169921875,280015
2024-05-23 00:00:00+05:30,12315.178271775096,12716.061711285434,12224.034945345828,12676.6650390625,768732
2024-05-24 00:00:00+05:30,12608.16021320175,12773.78625875411,12555.238281486796,12740.90625,624801
2024-05-27 00:00:00+05:30,12763.44624121208,12797.796301386987,12521.916249402422,12648.4384765625,464953
2024-05-28 00:00:00+05:30,12632.66048038411,12726.695099500428,12544.702274168867,12562.685546875,333806
2024-05-29 00:00:00+05:30,12562.097649450829,12593.50760233975,12495.455221602284,12533.333984375,353706
2024-05-30 00:00:00+05:30,12467.034630217842,12554.257810949655,12299.448518924135,12346.490234375,524559
2024-05-31 00:00:00+05:30,12346.490126907525,12381.1340071376,12083.840551259707,12151.7568359375,908304
2024-06-03 00:00:00+05:30,12568.9583261908,12568.9583261908,12154.942037709397,12227.0732421875,485936
2024-06-04 00:00:00+05:30,12345.117702313628,12345.706297991725,11330.634289935279,11932.9638671875,825928
2024-06-05 00:00:00+05:30,11936.835001970685,12362.268122785898,11883.030658421065,12252.994140625,447581
2024-06-06 00:00:00+05:30,12261.765449128865,12436.65301089626,12219.085085882945,12420.482421875,447536
2024-06-07 00:00:00+05:30,12331.151725039615,12571.897875969576,12331.151725039615,12555.1396484375,532480
2024-06-10 00:00:00+05:30,12510.302615507939,12662.060754965283,12375.792720877986,12463.65234375,293471
2024-06-11 00:00:00+05:30,12489.085239088949,12681.221051216617,12402.548276140222,12606.8369140625,358807
2024-06-12 00:00:00+05:30,12606.836565169848,12693.029938990368,12546.416981677849,12592.8212890625,302719
2024-06-13 00:00:00+05:30,12681.661800900543,12681.661800900543,12485.262266227079,12590.37109375,297240
2024-06-14 00:00:00+05:30,12575.32820218368,12637.560469715821,12523.680128897324,12588.7548828125,216967
2024-06-18 00:00:00+05:30,12621.292213651659,12622.85988795415,12291.656629837968,12310.1796875,823306
2024-06-19 00:00:00+05:30,12358.250848961105,12372.951385260423,11956.436190113043,11997.6953125,694871
2024-06-20 00:00:00+05:30,12001.517785743497,12059.829912825951,11892.733817572867,11906.9443359375,907751
2024-06-21 00:00:00+05:30,11976.036911445315,12119.367140438677,11842.26203105151,11957.90625,947800
2024-06-24 00:00:00+05:30,11937.814523747651,12043.658376351275,11800.609529631842,11940.1669921875,550862
2024-06-25 00:00:00+05:30,11957.807988434004,11993.480713720957,11831.039796233665,11874.7001953125,594272
2024-06-26 00:00:00+05:30,11875.092800997325,12077.812806541451,11826.777231488775,11954.720703125,447931
2024-06-27 00:00:00+05:30,11956.436111182387,11983.190895657293,11770.229319286924,11935.6103515625,1230852
2024-06-28 00:00:00+05:30,11941.686511507862,11957.90591136071,11764.496243651818,11793.6025390625,1160395
2024-07-01 00:00:00+05:30,11804.529527089444,12015.237194032095,11765.866928881404,11866.9091796875,1134926
2024-07-02 00:00:00+05:30,11907.385142760259,11907.385142760259,11755.528417105228,11802.177734375,687181
2024-07-03 00:00:00+05:30,11873.132659820867,11907.433909766696,11721.227124346477,11881.6103515625,467532
2024-07-04 00:00:00+05:30,11892.733261576364,11966.235939336415,11830.794813704004,11848.2392578125,299684
2024-07-05 00:00:00+05:30,11828.198694216944,11895.13494361918,11781.892005658661,11862.4013671875,406926
2024-07-08 00:00:00+05:30,11862.351892266559,11870.1921777208,11727.106968180902,11783.556640625,496933
2024-07-09 00:00:00+05:30,12078.940340594409,12701.214217140328,12019.206971594225,12571.6044921875,2114130
2024-07-10 00:00:00+05:30,12691.511132611593,13034.474817435457,12478.451945549723,12517.7998046875,2070520
2024-07-11 00:00:00+05:30,12544.457424964661,12665.785657708511,12441.602483024084,12461.3505859375,608983
2024-07-12 00:00:00+05:30,12368.051274875621,12416.955442061542,12225.946089863184,12311.69921875,674746
2024-07-15 00:00:00+05:30,12348.449700924624,12513.585714782228,12338.64934401913,12391.5224609375,697186
2024-07-16 00:00:00+05:30,12390.59225232307,12542.4977968228,12330.565061351403,12387.2109375,347810
2024-07-18 00:00:00+05:30,12380.790914189118,12426.852591776935,12214.18484631829,12391.6201171875,391216
2024-07-19 00:00:00+05:30,12397.45240560869,12456.254551406044,12246.968105568865,12274.26171875,351955
2024-07-22 00:00:00+05:30,12250.4459374691,12406.222799423174,12152.491180339879,12388.8759765625,249631
2024-07-23 00:00:00+05:30,12466.054362048313,12480.706087479828,12113.241502745059,12376.919921875,332258
2024-07-24 00:00:00+05:30,12381.771415281088,12410.388650016004,12209.48132532607,12237.951171875,285860
2024-07-25 00:00:00+05:30,12140.732148678479,12274.94824122027,12140.732148678479,12259.4638671875,396789
2024-07-26 00:00:00+05:30,12221.04482862673,12488.692187796923,12141.858137750207,12410.8779296875,537693
2024-07-29 00:00:00+05:30,12455.273306545841,12518.681805688502,12351.389525721712,12496.9736328125,388263
2024-07-30 00:00:00+05:30,12505.256248796712,12709.887523272879,12456.156840238797,12616.6376953125,526539
2024-07-31 00:00:00+05:30,12720.863490695376,13107.977595381406,12637.707843692431,12853.9521484375,836405
2024-08-01 00:00:00+05:30,13125.619085537683,13406.889351911856,12850.22903379154,13092.3466796875,2040384
2024-08-02 00:00:00+05:30,12985.453720174766,13033.830511227592,12537.353476477174,12590.1328125,1333355
2024-08-05 00:00:00+05:30,12356.263296533365,12356.263296533365,11898.864296654514,12070.208984375,1131415
2024-08-06 00:00:00+05:30,12257.334273528313,12420.468995862939,11980.332369041798,12001.2060546875,623565
2024-08-07 00:00:00+05:30,12266.237770452122,12316.69168821106,12134.563324468734,12239.0322265625,433514
2024-08-08 00:00:00+05:30,12238.537845919094,12260.005686966373,12022.031562926568,12088.0166015625,358577
2024-08-09 00:00:00+05:30,12257.334073572203,12257.334073572203,12064.52057890228,12093.3095703125,320211
2024-08-12 00:00:00+05:30,12069.368309891432,12237.548032242377,11970.439061449699,12141.833984375,291212
2024-08-13 00:00:00+05:30,12204.90181946797,12207.91896843283,11992.203927663997,12045.873046875,464483
2024-08-14 00:00:00+05:30,12107.95052520341,12107.95052520341,12000.117646108129,12074.9580078125,449827
2024-08-16 00:00:00+05:30,12183.088340167978,12211.777823784352,11981.321933720596,12082.5263671875,552732
2024-08-19 00:00:00+05:30,12064.422269769588,12112.946874607615,11996.952326749435,12019.7060546875,277319
2024-08-20 00:00:00+05:30,12030.291035119697,12178.1902588153,12020.002007028937,12084.158203125,471927
2024-08-21 00:00:00+05:30,12084.15897138798,12117.794917376925,12046.664398093202,12090.0947265625,295984
2024-08-22 00:00:00+05:30,12148.511694631334,12193.029856378762,12050.571738786994,12144.900390625,501316
2024-08-23 00:00:00+05:30,12168.298062600243,12242.544273411415,12123.186709883727,12170.5732421875,440809
2024-08-26 00:00:00+05:30,12193.029962311122,12202.428240983896,12091.1328356484,12112.69921875,232805
2024-08-27 00:00:00+05:30,12113.886676274258,12395.83503909485,12094.199369059488,12363.08984375,477609
2024-08-28 00:00:00+05:30,12366.155816938095,12385.892394843113,12197.976097827737,12225.181640625,313227
2024-08-29 00:00:00+05:30,12210.837752283029,12346.370829497868,12118.833546582442,12320.451171875,608598
2024-08-30 00:00:00+05:30,12326.584986999113,12435.40716585705,12184.324913676935,12270.1953125,2271179
2024-09-02 00:00:00+05:30,12240.51608600514,12390.888545802503,12218.158461977651,12294.333984375,331514
2024-09-03 00:00:00+05:30,12340.434400057347,12340.73099458027,12227.55651449022,12264.357421875,445514
2024-09-04 00:00:00+05:30,12193.07891085075,12265.247989442953,12103.102567876393,12204.1591796875,735076
2024-09-05 00:00:00+05:30,12204.901327053401,12237.54797889686,12099.047031682183,12166.912109375,595865
2024-09-06 00:00:00+05:30,12118.832930858209,12173.095237171552,11965.196001290638,12055.6669921875,733354
2024-09-09 00:00:00+05:30,12066.895104929965,12089.005405562413,11972.417672462589,12015.69921875,415790
2024-09-10 00:00:00+05:30,12020.002232344694,12156.47532383517,11968.460480332342,12132.08984375,285122
2024-09-11 00:00:00+05:30,12128.725794329514,12201.933437786316,12034.743008810648,12111.51171875,349799
2024-09-12 00:00:00+05:30,12130.80304988499,12293.937767857073,12021.238906665374,12268.0673828125,547830
2024-09-13 00:00:00+05:30,12232.60184266354,12262.280617858034,12159.443468587922,12184.17578125,361093
2024-09-16 00:00:00+05:30,12190.013398016583,12231.61295607352,12124.769361827652,12157.416015625,170114
2024-09-17 00:00:00+05:30,12153.458637754426,12153.458637754426,12021.536866334012,12114.62890625,568161
2024-09-18 00:00:00+05:30,12108.989085588015,12205.841204694501,12039.68934139223,12073.423828125,182282
2024-09-19 00:00:00+05:30,12128.67656022684,12277.119703958022,12075.700141026839,12219.24609375,465608
2024-09-20 00:00:00+05:30,12228.051817737978,12569.1104186683,12227.704985687653,12479.4306640625,875654
2024-09-23 00:00:00+05:30,12489.81741589255,12612.489681997158,12489.81741589255,12547.294921875,235586
2024-09-24 00:00:00+05:30,12448.366186686804,12642.119704286772,12448.366186686804,12602.201171875,425916
2024-09-25 00:00:00+05:30,12590.973130056514,12678.970892266965,12475.967875475275,12648.4013671875,341172
2024-09-26 00:00:00+05:30,12697.569617054667,13267.402114088052,12692.623154406809,13240.4931640625,1471069
2024-09-27 00:00:00+05:30,13239.701752177032,13396.653396407877,13132.314242700864,13351.095703125,865698
2024-09-30 00:00:00+05:30,13200.673534739395,13355.448537118522,13067.26782968322,13096.25390625,415743
2024-10-01 00:00:00+05:30,13096.254452460409,13158.035963898568,12860.852102798439,13025.025390625,388888
2024-10-03 00:00:00+05:30,12802.483126043613,13007.217395937236,12457.467377121106,12511.927734375,863520
2024-10-04 00:00:00+05:30,12554.023767598752,12739.960527278306,12378.522884870557,12470.7744140625,679362
2024-10-07 00:00:00+05:30,12490.856891360689,12512.572055852126,12245.463069840102,12393.3623046875,465500
2024-10-08 00:00:00+05:30,12368.382467231997,12494.863130075582,12328.612714516892,12397.7646484375,387060
2024-10-09 00:00:00+05:30,12420.518490851626,12712.409059737474,12406.22302051656,12624.0654296875,465231
2024-10-10 00:00:00+05:30,12661.856474927748,12826.17757676149,12575.391921866849,12805.5009765625,492698
2024-10-11 00:00:00+05:30,12805.50098699655,12841.01697508807,12588.747381201518,12639.8447265625,274243
2024-10-14 00:00:00+05:30,12638.211688778618,12661.95470878102,12328.859730776128,12403.6005859375,488067
2024-10-15 00:00:00+05:30,12572.91852353526,12572.91852353526,12222.708974606825,12313.4765625,532135
2024-10-16 00:00:00+05:30,12281.126393965864,12321.588843749056,12100.036594655643,12251.2998046875,418138
2024-10-17 00:00:00+05:30,12267.226904271745,12287.111296924193,11940.760381819351,12013.720703125,875937
2024-10-18 00:00:00+05:30,11940.760594345325,12011.247685674829,11717.625861961335,11975.484375,506871
2024-10-21 00:00:00+05:30,12015.501735698008,12118.83353403183,11816.653936486548,12045.52734375,375275
2024-10-22 00:00:00+05:30,12085.147690722919,12158.206554088418,11713.222988831856,11795.630859375,904901
2024-10-23 00:00:00+05:30,11795.631576415844,11990.127069896142,11627.60062454814,11828.1796875,412638
2024-10-24 00:00:00+05:30,11870.471292178363,11870.471292178363,11512.298140117053,11637.740234375,552495
2024-10-25 00:00:00+05:30,11637.640631348902,11668.012103706254,11317.505971261537,11379.6826171875,624582
2024-10-28 00:00:00+05:30,11381.612028656327,11508.093652976651,11317.506068621688,11360.29296875,613830
2024-10-29 00:00:00+05:30,11327.398766733999,11360.045418201442,10627.425073719145,10927.724609375,2268683
2024-10-30 00:00:00+05:30,10861.442474692243,11396.649722966997,10827.80652932932,11135.921875,1672966
2024-10-31 00:00:00+05:30,11104.808823795205,11127.117177476151,10931.682628324012,10957.849609375,838211
2024-11-01 00:00:00+05:30,11030.611740373257,11089.523917478447,10961.361263079434,10991.0400390625,65670
2024-11-04 00:00:00+05:30,11174.059155876865,11174.059155876865,10743.716904189709,10934.1064453125,444462
2024-11-05 00:00:00+05:30,10923.768107204449,11154.273266503365,10893.99078851853,11050.49609375,321159
2024-11-06 00:00:00+05:30,11098.872988862238,11307.613714475032,11052.969428635795,11232.6748046875,416027
2024-11-07 00:00:00+05:30,11184.100759492943,11263.095381059122,11066.819357936702,11179.154296875,530194
2024-11-08 00:00:00+05:30,11139.928699662492,11222.534627145447,11006.472748939246,11181.9736328125,269993
2024-11-11 00:00:00+05:30,11210.16775484861,11394.819582975008,11188.897966494973,11277.6376953125,450681
2024-11-12 00:00:00+05:30,11270.069723734487,11393.583475226844,10988.319405647448,11023.78515625,549747
2024-11-13 00:00:00+05:30,11020.718562165095,11023.537659376405,10747.970423917966,10931.2861328125,507710
2024-11-14 00:00:00+05:30,10936.62820785266,10998.65703867062,10775.47207875455,10888.2021484375,431348
2024-11-18 00:00:00+05:30,10832.753255773114,11063.20914496987,10798.12801705603,10975.162109375,333440
2024-11-19 00:00:00+05:30,10971.253848245145,11075.376884090754,10779.727206281736,10841.953125,864067
2024-11-21 00:00:00+05:30,10804.212323482298,10840.865417897234,10654.68037357969,10745.1513671875,540201
2024-11-22 00:00:00+05:30,10788.234343496577,10987.725555740513,10711.316854252482,10945.1357421875,493678
2024-11-25 00:00:00+05:30,11082.054625636662,11127.512809399543,10872.373886271595,10907.0986328125,635726
2024-11-26 00:00:00+05:30,10907.098320339392,10959.332769813294,10774.829723172497,10826.767578125,406586
2024-11-27 00:00:00+05:30,10818.902831305883,10997.866231846954,10753.609525996246,10939.9423828125,343332
2024-11-28 00:00:00+05:30,10941.971554960515,10961.954491309029,10771.417135259599,10832.6044921875,607669
2024-11-29 00:00:00+05:30,10832.70345543124,11010.923917205046,10803.073952240307,10955.623046875,338207
2024-12-02 00:00:00+05:30,11031.600742998355,11208.684101710282,11031.600742998355,11118.955078125,446880
2024-12-03 00:00:00+05:30,11129.540733156295,11187.908991223514,11083.043985204442,11158.4775390625,258644
2024-12-04 00:00:00+05:30,11160.208705808194,11179.00526333061,10987.082518101748,11010.6767578125,554674
2024-12-05 00:00:00+05:30,11015.722284803267,11149.326038476158,10912.885140233406,11062.515625,545501
2024-12-06 00:00:00+05:30,11080.076423815495,11254.14263906976,11001.922313326082,11196.763671875,417214
2024-12-09 00:00:00+05:30,11200.769821605356,11247.168026863616,11132.063263421216,11159.021484375,254485
2024-12-10 00:00:00+05:30,11154.273372177118,11193.201647126753,11050.397655629127,11078.2958984375,410569
2024-12-11 00:00:00+05:30,11109.655905770736,11199.631283117333,11100.454712906318,11156.9931640625,226584
2024-12-12 00:00:00+05:30,11178.361564782323,11178.361564782323,10959.629384535834,11047.8251953125,396561
2024-12-13 00:00:00+05:30,11018.146335235462,11169.111979624868,10915.457004026091,11151.8486328125,263579
2024-12-16 00:00:00+05:30,11135.031434959708,11208.140539974062,11085.022890375598,11156.251953125,223389
2024-12-17 00:00:00+05:30,11142.401895007146,11151.750902745598,10941.278914539722,10989.60546875,295445
2024-12-18 00:00:00+05:30,10966.307505279587,10979.217579351482,10852.637409107236,10884.6416015625,497103
2024-12-19 00:00:00+05:30,10771.4164601733,10917.238557327422,10736.247305933137,10838.044921875,435360
2024-12-20 00:00:00+05:30,10822.860285729002,10958.393362433288,10749.603367052738,10784.3271484375,404608
2024-12-23 00:00:00+05:30,10810.988048073368,10872.126129135762,10640.23655520594,10706.123046875,237165
2024-12-24 00:00:00+05:30,10706.123663054545,10770.873051779983,10610.16228851044,10621.6376953125,151149
2024-12-26 00:00:00+05:30,10655.174846229049,10857.287110283249,10654.68019998021,10779.3310546875,349811
2024-12-27 00:00:00+05:30,10812.472302426846,11013.79332475576,10795.752872852483,10823.8984375,257973
2024-12-30 00:00:00+05:30,10823.898388681258,10832.752749675014,10634.992794770531,10683.3203125,335481
2024-12-31 00:00:00+05:30,10649.733485523251,10777.055620183066,10635.487287451382,10742.1337890625,198997
2025-01-01 00:00:00+05:30,10741.738134381618,11153.23454946651,10684.557220201148,11088.287109375,383202
2025-01-02 00:00:00+05:30,11164.165578532036,11732.168239401895,11105.797322516672,11714.5087890625,1417042
2025-01-03 00:00:00+05:30,11723.066703724868,11920.776420879902,11661.730569509007,11806.4638671875,701315
2025-01-06 00:00:00+05:30,11801.2698297677,11851.625202741647,11565.521628284077,11629.7763671875,383268
2025-01-07 00:00:00+05:30,11629.77672222882,11699.32379150743,11548.704008924291,11595.7939453125,308104
2025-01-08 00:00:00+05:30,11600.443934970288,11732.959859480008,11599.751236994322,11695.416015625,303100
2025-01-09 00:00:00+05:30,11695.415958130554,11723.116148185338,11534.804706880288,11614.837890625,266413
2025-01-10 00:00:00+05:30,11564.829284802347,11634.079759561642,11446.114185214983,11506.5595703125,218246
2025-01-13 00:00:00+05:30,11345.701332212751,11529.660470607681,11345.206685949848,11374.5888671875,253524
2025-01-14 00:00:00+05:30,11410.450048148492,11659.355646516156,11407.531442148333,11615.431640625,627463
2025-01-15 00:00:00+05:30,11763.231774372274,12061.850295966045,11733.99837413964,11819.4736328125,692822
2025-01-16 00:00:00+05:30,11853.158603855054,12004.074978790657,11828.17896867997,11962.8212890625,551211
2025-01-17 00:00:00+05:30,11972.319060980433,12059.376799299154,11875.763535181559,12006.3994140625,285370
2025-01-20 00:00:00+05:30,12016.984869890734,12016.984869890734,11855.730197745048,11891.3447265625,251731
2025-01-21 00:00:00+05:30,11888.376842098909,12009.81249236961,11735.036509781525,11756.455078125,300038
2025-01-22 00:00:00+05:30,11772.629908178309,11949.51521225589,11772.629908178309,11891.6416015625,396590
2025-01-23 00:00:00+05:30,11876.456837165728,11976.671977356016,11833.224560330691,11916.7705078125,480876
2025-01-24 00:00:00+05:30,11802.2593346623,11963.51400956171,11786.529197723601,11839.75390625,310343
2025-01-27 00:00:00+05:30,11774.461106332845,11917.908522659996,11684.583300646347,11865.42578125,251783
2025-01-28 00:00:00+05:30,11889.662757643844,12034.446290136782,11757.69172195079,11993.9345703125,533451
2025-01-29 00:00:00+05:30,11990.225543950162,12188.77674927291,11757.79106924785,11849.6474609375,817549
2025-01-30 00:00:00+05:30,11892.284907714844,11981.172450642585,11795.432787434578,11871.509765625,418442
2025-01-31 00:00:00+05:30,11871.509885764883,12257.333957052242,11871.509885764883,12178.833984375,709009
2025-02-01 00:00:00+05:30,12188.083326075175,13009.196082620825,12097.71184467364,12778.1962890625,1101170
2025-02-03 00:00:00+05:30,12850.909305761763,13317.064115216588,12783.2915512458,12999.25390625,926127
2025-02-04 00:00:00+05:30,13108.125414491275,13117.969067929382,12832.607457665928,12969.5751953125,530749
2025-02-05 00:00:00+05:30,12969.624630705304,13009.196330570157,12864.264979815136,12946.6728515625,271633
2025-02-06 00:00:00+05:30,12920.159671031244,12989.41014400002,12867.52911835379,12934.009765625,414134
2025-02-07 00:00:00+05:30,12920.160032173168,12968.140718356964,12872.673992238686,12909.7724609375,355223
2025-02-10 00:00:00+05:30,12910.267140173535,12920.160065185162,12748.666596550987,12762.615234375,294142
2025-02-11 00:00:00+05:30,12761.823856628285,12877.867672548035,12563.470712273995,12588.103515625,354195
2025-02-12 00:00:00+05:30,12564.015262264124,12628.665143332666,12473.04961995905,12520.041015625,425735
2025-02-13 00:00:00+05:30,12539.282645844514,12608.483850590506,12479.677771729159,12535.6220703125,186742
2025-02-14 00:00:00+05:30,12564.01508990359,12643.158492044715,12449.355699609241,12544.4765625,233454
2025-02-17 00:00:00+05:30,12466.667563158257,12637.221970876586,12443.419190188504,12626.2412109375,192210
2025-02-18 00:00:00+05:30,12628.269526503556,12746.98462683641,12598.78880314209,12649.2919921875,267936
2025-02-19 00:00:00+05:30,12590.725688877928,12632.424754332349,12515.539458630838,12550.3134765625,288694
2025-02-20 00:00:00+05:30,12514.550385557177,12514.550385557177,12247.441404995878,12307.4423828125,423739
2025-02-21 00:00:00+05:30,12287.013069673996,12305.413524060586,12113.886879078751,12191.4970703125,477013
2025-02-24 00:00:00+05:30,12117.200115879941,12299.378711836465,12089.252603423927,12213.013671875,399571
2025-02-25 00:00:00+05:30,12256.097154659496,12373.477093308535,12217.762071237596,12342.7587890625,363355
2025-02-27 00:00:00+05:30,12397.516854156022,12415.620713449265,12180.169101512936,12248.0341796875,236805
2025-02-28 00:00:00+05:30,12206.385540627261,12206.385540627261,11685.226443594172,11817.939453125,605149
2025-03-03 00:00:00+05:30,11758.730976743322,11930.323958784655,11631.85421014671,11649.5126953125,186884
2025-03-04 00:00:00+05:30,11564.82946337297,11598.712731903383,11466.88950470112,11491.869140625,255726
2025-03-05 00:00:00+05:30,11480.739655112413,11703.330471346819,11444.48169793673,11492.95703125,349730
2025-03-06 00:00:00+05:30,11575.711555972455,11603.906392255269,11357.077913217996,11541.482421875,315309
2025-03-07 00:00:00+05:30,11525.257960212959,11616.569467397569,11476.78262630305,11539.2568359375,259055
2025-03-10 00:00:00+05:30,11475.793011109552,11572.645133395696,11410.153840113391,11461.9921875,153894
2025-03-11 00:00:00+05:30,11455.512263428673,11566.807667343843,11386.756436121077,11522.240234375,245822
2025-03-12 00:00:00+05:30,11496.369739180125,11598.415643876593,11398.627836390602,11515.462890625,249361
2025-03-13 00:00:00+05:30,11510.220015731536,11559.88269171903,11366.72333394769,11390.515625,260736
2025-03-17 00:00:00+05:30,11390.516099558723,11627.105793737772,11333.681050684292,11429.9892578125,275569
2025-03-18 00:00:00+05:30,11429.9892578125,11429.9892578125,11429.9892578125,11429.9892578125,0
2025-03-19 00:00:00+05:30,11574.722705949722,11589.018176359037,11423.360947487301,11491.1767578125,476555
2025-03-20 00:00:00+05:30,11574.623264430335,11639.025817274372,11463.921051472624,11604.5986328125,379421
2025-03-21 00:00:00+05:30,11653.865697850419,11794.048638897197,11580.460000827825,11607.1708984375,560565
2025-03-24 00:00:00+05:30,11653.816640742014,11861.61734182018,11616.322067706213,11794.5927734375,359033
2025-03-25 00:00:00+05:30,11823.431086553652,11945.954579506875,11673.651811613103,11741.814453125,514283
2025-03-26 00:00:00+05:30,11680.57703440676,11741.814629151844,11584.615657906596,11608.6552734375,478517
2025-03-27 00:00:00+05:30,11647.089469598593,11770.602252701492,11513.386200785002,11596.4375,645787
2025-03-28 00:00:00+05:30,11573.782613146495,11620.180819379271,11278.033417231607,11398.77734375,541795
2025-04-01 00:00:00+05:30,11357.078180290535,11422.173435175882,11169.11260065158,11358.166015625,498244
2025-04-02 00:00:00+05:30,11358.1656777408,11606.379551175158,11287.87663919324,11590.6494140625,452994
2025-04-03 00:00:00+05:30,11505.966357508061,11676.570041409126,11486.724425268469,11562.94921875,326624
2025-04-04 00:00:00+05:30,11475.793157224352,11505.471932630966,11208.68417856482,11359.056640625,355785
2025-04-07 00:00:00+05:30,10986.686226650365,11236.878682359702,10941.030958165768,11208.4365234375,602353
2025-04-08 00:00:00+05:30,11406.542411168175,11426.674126899887,11169.16148494093,11336.2041015625,629968
2025-04-09 00:00:00+05:30,11337.391020090874,11415.149993185025,11302.667238474587,11334.720703125,255114
2025-04-11 00:00:00+05:30,11357.423330592474,11553.699341511423,11357.077464673115,11474.8525390625,231420
2025-04-15 00:00:00+05:30,11663.758487979756,11812.152361872628,11554.93631379165,11728.0625,458593
2025-04-16 00:00:00+05:30,11641.99383921682,11641.99383921682,11490.632090627412,11539.107421875,470494
2025-04-17 00:00:00+05:30,11539.107324176997,11602.42204200513,11401.595671394025,11569.775390625,302146
2025-04-21 00:00:00+05:30,11569.775610133302,11642.983254011015,11463.921314256067,11619.240234375,318493
2025-04-22 00:00:00+05:30,11643.972929061647,11661.780194373721,11490.632588874345,11608.3583984375,516753
2025-04-23 00:00:00+05:30,11672.662268813776,11842.820579707577,11603.41179345002,11779.505859375,493839
2025-04-24 00:00:00+05:30,11812.152964795801,11911.082219107324,11731.030976260352,11766.6455078125,387863
2025-04-25 00:00:00+05:30,11774.559818919366,11917.017944774214,11473.814886559134,11572.744140625,906266
2025-04-28 00:00:00+05:30,11305.634906759138,11768.623805635869,11168.123246622672,11719.1591796875,457303
2025-04-29 00:00:00+05:30,11685.523407149945,11812.152851453635,11615.28363726274,11714.212890625,455596
2025-04-30 00:00:00+05:30,11698.38346518826,12193.029700502775,11673.651153422536,12125.7578125,967250
2025-05-02 00:00:00+05:30,12125.758533762846,12590.726022615629,12118.833486056528,12272.173828125,707908
2025-05-05 00:00:00+05:30,12356.263806546245,12356.263806546245,12229.634361611264,12324.6064453125,270014
2025-05-06 00:00:00+05:30,12304.820233636037,12464.096327671687,12238.53763549698,12446.2890625,414921
2025-05-07 00:00:00+05:30,12222.709100947171,12533.346952642632,12222.709100947171,12497.732421875,303619
2025-05-08 00:00:00+05:30,12425.51363783086,12462.11745985313,12197.976365800518,12259.3125,485326
2025-05-09 00:00:00+05:30,12005.064371412627,12227.655181760205,11985.278521603954,12118.8330078125,278112
2025-05-12 00:00:00+05:30,12292.948489269578,12494.76415736961,12292.948489269578,12480.9140625,185165
2025-05-13 00:00:00+05:30,12465.085144483057,12564.014391661492,12296.905424279714,12348.3486328125,378269
2025-05-14 00:00:00+05:30,12351.316825547554,12581.821977357933,12278.109180766574,12534.3359375,306050
2025-05-15 00:00:00+05:30,12465.085447710779,12883.556173455354,12413.642237926575,12813.31640625,561496
2025-05-16 00:00:00+05:30,12811.338281400298,12945.882065668286,12773.745165207773,12855.8564453125,425275
2025-05-19 00:00:00+05:30,12850.909214347235,12906.309592792459,12791.551666013069,12849.919921875,244277
2025-05-20 00:00:00+05:30,12865.749061223469,12870.695523761424,12474.978520724946,12502.6787109375,361111
2025-05-21 00:00:00+05:30,12539.282354293624,12670.858255920532,12459.149662325357,12479.9248046875,209104
2025-05-22 00:00:00+05:30,12475.96767158309,12475.96767158309,12262.280492369551,12311.7451171875,434848
2025-05-23 00:00:00+05:30,12316.691302265268,12361.209463598756,12289.980405465174,12319.6591796875,169465
2025-05-26 00:00:00+05:30,12321.637897606624,12404.73846632593,12258.323178582392,12288.001953125,214703
2025-05-27 00:00:00+05:30,12288.002195967632,12345.381161217301,12158.404877903728,12281.0771484375,344679
2025-05-28 00:00:00+05:30,12281.07709783143,12282.066390331658,12173.24421530657,12198.9658203125,178181
2025-05-29 00:00:00+05:30,12207.869290671402,12294.927029535185,12134.661646626857,12259.3125,191097
2025-05-30 00:00:00+05:30,12259.313081545783,12356.263749879505,12119.822834249304,12187.0947265625,351353
2025-06-02 00:00:00+05:30,12030.78653623055,12187.094756995653,12002.097052672398,12158.4052734375,264972
2025-06-03 00:00:00+05:30,12141.587063429539,12217.762587252897,11930.867757268821,11998.1396484375,369114
2025-06-04 00:00:00+05:30,11998.13941102113,12113.886633241567,11998.13941102113,12032.7646484375,205846
2025-06-05 00:00:00+05:30,12069.368779507877,12125.758453313774,11887.338955292347,11996.1611328125,319783
2025-06-06 00:00:00+05:30,12009.021990209612,12400.781831063308,11970.439581640687,12328.5634765625,456129
2025-06-09 00:00:00+05:30,12371.102841760554,12524.443180862743,12332.520433857422,12501.689453125,323443
2025-06-10 00:00:00+05:30,12524.44333597494,12607.543907872403,12327.574123979757,12385.9423828125,325292
2025-06-11 00:00:00+05:30,12336.477186458502,12425.513509376004,12293.937609953471,12318.669921875,306061
2025-06-12 00:00:00+05:30,12325.595166370309,12356.263233643564,12175.222707482093,12257.333984375,347339
2025-06-13 00:00:00+05:30,12069.368757177828,12291.959574420862,12045.625736671906,12275.1416015625,385493
2025-06-16 00:00:00+05:30,12271.184106581704,12432.43878324833,12203.91221692937,12395.8349609375,184242
2025-06-17 00:00:00+05:30,12394.845368790939,12479.924521294412,12336.477113003672,12460.138671875,226597
2025-06-18 00:00:00+05:30,12484.871534689266,12742.087588494274,12415.62105866484,12611.5009765625,467738
2025-06-19 00:00:00+05:30,12613.479502253582,12687.676440502133,12577.864971894278,12668.8798828125,339117
2025-06-20 00:00:00+05:30,12671.84730360031,12751.979994020454,12591.714613180166,12654.0400390625,652128
2025-06-23 00:00:00+05:30,12634.254450245837,12649.093837666844,12530.378738298783,12563.025390625,192037
2025-06-24 00:00:00+05:30,12692.622831908899,12717.35514451979,12418.588808180235,12475.9677734375,332717
2025-06-25 00:00:00+05:30,12548.186570785521,12669.869553141767,12481.90397064025,12630.2978515625,316536
2025-06-26 00:00:00+05:30,12643.158506500688,12710.430398397562,12553.132886462225,12578.8544921875,354735
2025-06-27 00:00:00+05:30,12613.479331821754,12661.954664155815,12485.860599758616,12506.6357421875,346403
2025-06-30 00:00:00+05:30,12531.367650579637,12539.281990297379,12199.954674899192,12267.2265625,448956
2025-07-01 00:00:00+05:30,12316.691683787776,12325.595316330273,12188.083658173928,12308.77734375,283481
2025-07-02 00:00:00+05:30,12247.440830618167,12507.624751333238,12226.66568865993,12486.849609375,609735
2025-07-03 00:00:00+05:30,12494.764322355073,12682.72989806746,12455.192622205095,12615.4580078125,606221
2025-07-04 00:00:00+05:30,12578.853954946846,12611.500606973055,12472.999658983077,12510.5927734375,225607
2025-07-07 00:00:00+05:30,12511.582533181285,12534.336261200828,12337.467049205645,12385.9423828125,220116
2025-07-08 00:00:00+05:30,12390.888616415314,12420.567391544451,12226.666060700747,12281.0771484375,241050
2025-07-09 00:00:00+05:30,12301.852301382693,12405.728014422113,12296.905838857007,12336.4775390625,174203
2025-07-10 00:00:00+05:30,12366.155933485672,12534.335654181077,12268.215978492464,12514.5498046875,277325
2025-07-11 00:00:00+05:30,12504.657564716877,12549.175728515314,12386.931753783228,12439.3642578125,194420
2025-07-14 00:00:00+05:30,12455.193068919061,12480.914674939067,12297.895555181321,12380.0068359375,246737
2025-07-15 00:00:00+05:30,12347.359421506686,12463.106641466326,12347.359421506686,12401.7705078125,147377
2025-07-16 00:00:00+05:30,12401.770513719755,12436.395750476311,12305.809143280156,12429.470703125,204480
2025-07-17 00:00:00+05:30,12434.417287363614,12491.796251693877,12329.552283587615,12342.4130859375,189207
2025-07-18 00:00:00+05:30,12390.888441475763,12392.867026456439,12237.548105473468,12286.0234375,124068
2025-07-21 00:00:00+05:30,12297.895433891323,12344.3921827766,12209.848398768137,12272.173828125,232066
2025-07-22 00:00:00+05:30,12315.702609044789,12395.835303344142,12187.094581156942,12358.2421875,169006
2025-07-23 00:00:00+05:30,12405.728424210025,12582.811788479052,12405.728424210025,12491.796875,342005
2025-07-24 00:00:00+05:30,12512.57151576312,12525.432318238209,12384.952783510318,12422.5458984375,157163
2025-07-25 00:00:00+05:30,12410.674817362973,12422.546327750246,12224.687821295676,12271.1845703125,260700
2025-07-28 00:00:00+05:30,12238.537207347801,12400.781173236172,12170.276026577694,12207.869140625,292879
2025-07-29 00:00:00+05:30,12207.869547728367,12373.081396550946,12136.640487158153,12335.48828125,285115
2025-07-30 00:00:00+05:30,12297.894883394505,12507.624890254745,12287.012666057417,12482.892578125,203847
2025-07-31 00:00:00+05:30,12372.092163705584,12623.372461928933,12330.54187817259,12473.0,709783
2025-08-01 00:00:00+05:30,12521.0,12779.0,12273.0,12302.0,346024
2025-08-04 00:00:00+05:30,12326.0,12425.0,12225.0,12365.0,255693
2025-08-05 00:00:00+05:30,12400.0,12577.0,12370.0,12537.0,233560
2025-08-06 00:00:00+05:30,12570.0,12619.0,12483.0,12524.0,151608
2025-08-07 00:00:00+05:30,12525.0,12654.0,12429.0,12632.0,173393
2025-08-08 00:00:00+05:30,12630.0,12725.0,12564.0,12590.0,247048
2025-08-11 00:00:00+05:30,12585.0,12734.0,12482.0,12597.0,187230
2025-08-12 00:00:00+05:30,12620.0,12959.0,12606.0,12840.0,504476
2025-08-13 00:00:00+05:30,12840.0,12925.0,12752.0,12834.0,252065
2025-08-14 00:00:00+05:30,12864.0,12956.0,12825.0,12936.0,318580
2025-08-18 00:00:00+05:30,13703.0,14125.0,13664.0,14068.0,2154781
2025-08-19 00:00:00+05:30,14070.0,14270.0,13979.0,14250.0,906623
2025-08-20 00:00:00+05:30,14362.0,14362.0,14200.0,14221.0,391425
2025-08-21 00:00:00+05:30,14219.0,14401.0,14156.0,14280.0,513460
2025-08-22 00:00:00+05:30,14349.0,14370.0,14230.0,14349.0,458935
2025-08-25 00:00:00+05:30,14401.0,14478.0,14280.0,14452.0,357110
2025-08-26 00:00:00+05:30,14452.0,14825.0,14391.0,14714.0,962974
2025-08-28 00:00:00+05:30,14895.0,14895.0,14625.0,14752.0,666635
2025-08-29 00:00:00+05:30,14750.0,14850.0,14692.0,14791.0,621560
2025-09-01 00:00:00+05:30,14790.0,14938.0,14654.0,14887.0,572927
2025-09-02 00:00:00+05:30,14859.0,14934.0,14783.0,14842.0,379167
2025-09-03 00:00:00+05:30,14875.0,14991.0,14750.0,14927.0,561656
2025-09-04 00:00:00+05:30,15240.0,15240.0,14630.0,14662.0,784369
2025-09-05 00:00:00+05:30,14740.0,14957.0,14701.0,14895.0,473806
2025-09-08 00:00:00+05:30,14921.0,15319.0,14850.0,15258.0,691077
2025-09-09 00:00:00+05:30,15249.0,15384.0,15201.0,15365.0,605860
2025-09-10 00:00:00+05:30,15366.0,15384.0,15072.0,15108.0,489062
2025-09-11 00:00:00+05:30,15111.0,15191.0,15038.0,15095.0,657161
2025-09-12 00:00:00+05:30,15160.0,15373.0,15153.0,15325.0,420101
2025-09-15 00:00:00+05:30,15350.0,15378.0,15249.0,15265.0,170587
2025-09-16 00:00:00+05:30,15300.0,15594.0,15284.0,15573.0,381944
2025-09-17 00:00:00+05:30,15592.0,15818.0,15570.0,15801.0,624986
2025-09-18 00:00:00+05:30,15916.0,15939.0,15703.0,15817.0,642175
2025-09-19 00:00:00+05:30,16000.0,16060.0,15811.0,15864.0,652443
2025-09-22 00:00:00+05:30,15879.0,16000.0,15779.0,15816.0,302234
2025-09-23 00:00:00+05:30,16120.0,16325.0,16031.0,16097.0,873114
2025-09-24 00:00:00+05:30,16188.0,16375.0,16063.0,16249.0,663647
2025-09-25 00:00:00+05:30,16249.0,16370.0,16067.0,16269.0,490262
2025-09-26 00:00:00+05:30,16235.0,16435.0,16202.0,16286.0,490957
2025-09-29 00:00:00+05:30,16300.0,16340.0,15950.0,15984.0,627326
2025-09-30 00:00:00+05:30,15985.0,16054.0,15921.0,16029.0,390006
2025-10-01 00:00:00+05:30,16026.0,16109.0,15850.0,15965.0,426075
2025-10-03 00:00:00+05:30,15949.0,16025.0,15736.0,15806.0,470216
2025-10-06 00:00:00+05:30,15840.0,16057.0,15708.0,15998.0,268497
2025-10-07 00:00:00+05:30,16014.0,16159.0,15977.0,16108.0,330326
2025-10-08 00:00:00+05:30,16108.0,16236.0,15979.0,16012.0,306518
2025-10-09 00:00:00+05:30,16070.0,16075.0,15853.0,15985.0,300499
2025-10-10 00:00:00+05:30,15980.0,16315.0,15911.0,16265.0,423031
2025-10-13 00:00:00+05:30,16264.0,16432.0,16218.0,16323.0,337617
2025-10-14 00:00:00+05:30,16350.0,16350.0,16121.0,16261.0,307925
2025-10-15 00:00:00+05:30,16300.0,16380.0,16200.0,16212.0,266435
2025-10-16 00:00:00+05:30,16246.0,16332.0,16200.0,16298.0,265727
2025-10-17 00:00:00+05:30,16298.0,16549.0,16298.0,16401.0,411608
2025-10-20 00:00:00+05:30,16500.0,16518.0,16380.0,16424.0,374246
2025-10-21 00:00:00+05:30,16453.0,16476.0,16330.0,16396.0,28990
2025-10-23 00:00:00+05:30,16660.0,16660.0,16340.0,16393.0,481753
2025-10-24 00:00:00+05:30,16392.0,16423.0,16200.0,16274.0,208520
2025-10-27 00:00:00+05:30,16350.0,16410.0,16275.0,16388.0,209829
2025-10-28 00:00:00+05:30,16399.0,16495.0,16261.0,16311.0,383383
2025-10-29 00:00:00+05:30,16360.0,16428.0,16046.0,16138.0,232815
2025-10-30 00:00:00+05:30,16190.0,16275.0,16077.0,16206.0,230383
2025-10-31 00:00:00+05:30,16204.0,16516.0,15949.0,16186.0,719402
2025-11-03 00:00:00+05:30,16016.0,16100.0,15530.0,15651.0,942850
2025-11-04 00:00:00+05:30,15607.0,15633.0,15355.0,15374.0,748848
2025-11-05 00:00:00+05:30,15374.0,15374.0,15374.0,15374.0,0
2025-11-06 00:00:00+05:30,15534.0,15534.0,15309.0,15452.0,429800
2025-11-07 00:00:00+05:30,15459.0,15499.0,15260.0,15479.0,227247
2025-11-10 00:00:00+05:30,15380.0,15647.0,15380.0,15583.0,274191
2025-11-11 00:00:00+05:30,15640.0,15680.0,15512.0,15645.0,181524
2025-11-12 00:00:00+05:30,15674.0,15731.0,15555.0,15696.0,244015
2025-11-13 00:00:00+05:30,15661.0,15800.0,15660.0,15749.0,250711
2025-11-14 00:00:00+05:30,15725.0,15735.0,15572.0,15684.0,253698
2025-11-17 00:00:00+05:30,15689.0,15892.0,15655.0,15878.0,301069
2025-11-18 00:00:00+05:30,15878.0,15999.0,15750.0,15930.0,392903
2025-11-19 00:00:00+05:30,15950.0,15950.0,15715.0,15768.0,286434
2025-11-20 00:00:00+05:30,15810.0,15823.0,15618.0,15801.0,249492
2025-11-21 00:00:00+05:30,15790.0,16150.0,15737.0,15977.0,586351
2025-11-24 00:00:00+05:30,16005.0,16085.0,15911.0,15958.0,525788
2025-11-25 00:00:00+05:30,15958.0,16050.0,15842.0,15889.0,214525
2025-11-26 00:00:00+05:30,15950.0,16210.0,15950.0,16156.0,314946
2025-11-27 00:00:00+05:30,16166.0,16171.0,15875.0,15903.0,339986
2025-11-28 00:00:00+05:30,15906.0,16049.0,15850.0,15900.0,352340
2025-12-01 00:00:00+05:30,15975.0,16177.0,15851.0,16097.0,434052
2025-12-02 00:00:00+05:30,16127.0,16261.0,16095.0,16239.0,383165
2025-12-03 00:00:00+05:30,16219.0,16248.0,16010.0,16082.0,264397
2025-12-04 00:00:00+05:30,16058.0,16135.0,15887.0,15994.0,248812
2025-12-05 00:00:00+05:30,16000.0,16338.0,15979.0,16282.0,332032
2025-12-08 00:00:00+05:30,16200.0,16256.0,16094.0,16187.0,220513
2025-12-09 00:00:00+05:30,16051.0,16226.0,15985.0,16020.0,276388
2025-12-10 00:00:00+05:30,16090.0,16125.0,15925.0,16019.0,293374
2025-12-11 00:00:00+05:30,16049.0,16296.0,15983.0,16248.0,268701
2025-12-12 00:00:00+05:30,16248.0,16536.0,16247.0,16522.0,404711
2025-12-15 00:00:00+05:30,16500.0,16500.0,16360.0,16415.0,225221
2025-12-16 00:00:00+05:30,16400.0,16451.0,16320.0,16354.0,156134
2025-12-17 00:00:00+05:30,16389.0,16490.0,16357.0,16398.0,257406
2025-12-18 00:00:00+05:30,16440.0,16486.0,16221.0,16329.0,213981
2025-12-19 00:00:00+05:30,16329.0,16475.0,16329.0,16414.0,360190
2025-12-22 00:00:00+05:30,16464.0,16693.0,16414.0,16649.0,271590
2025-12-23 00:00:00+05:30,16709.0,16720.0,16558.0,16585.0,215650
2025-12-24 00:00:00+05:30,16640.0,16720.0,16542.0,16703.0,258486
2025-12-25 00:00:00+05:30,16703.0,16703.0,16703.0,16703.0,0
2025-12-26 00:00:00+05:30,16703.0,16703.0,16516.0,16596.0,212925
2025-12-29 00:00:00+05:30,16600.0,16682.0,16499.0,16542.0,251796
2025-12-30 00:00:00+05:30,16575.0,16818.0,16482.0,16647.0,1055843
2025-12-31 00:00:00+05:30,16581.0,16776.0,16581.0,16697.0,314427
2026-01-01 00:00:00+05:30,16700.0,16798.0,16602.0,16708.0,171293
2026-01-02 00:00:00+05:30,16750.0,16999.0,16723.0,16960.0,388562
