Date,Open,High,Low,Close,Volume
2021-01-04 00:00:00+05:30,879.0314612369918,885.447749275218,871.1774377940774,873.4683227539062,1240700
2021-01-05 00:00:00+05:30,871.8309583589466,884.9724785728635,868.7202839584179,882.03759765625,1673460
2021-01-06 00:00:00+05:30,879.7467412974245,884.0218878375242,875.9421178949232,879.993896484375,1154120
2021-01-07 00:00:00+05:30,883.9744274171491,884.7348647975971,857.886267498415,861.555419921875,2412100
2021-01-08 00:00:00+05:30,866.3080757177906,872.1397771343676,855.5049584969273,870.0604248046875,3032700
2021-01-11 00:00:00+05:30,872.139877000793,881.448228730001,864.4451121470073,874.1099243164062,2291100
2021-01-12 00:00:00+05:30,874.9914180959158,876.4148809013358,853.1285146562568,855.462158203125,2831320
2021-01-13 00:00:00+05:30,857.4037898330387,868.5752622157868,853.8415641973521,856.42236328125,2187740
2021-01-14 00:00:00+05:30,857.8337908660759,866.4078116821825,857.8337908660759,861.80712890625,1169760
2021-01-15 00:00:00+05:30,860.7354049506384,867.3394370934438,845.9993300301658,847.6152954101562,1928020
2021-01-18 00:00:00+05:30,848.3734304621743,859.0221054535276,834.4382298132864,837.952880859375,2413480
2021-01-19 00:00:00+05:30,842.6724454352632,846.9737577744085,839.820762032775,843.8463745117188,1256980
2021-01-20 00:00:00+05:30,844.4309168081488,852.6532934019702,837.5893021324231,840.3577880859375,1476620
2021-01-21 00:00:00+05:30,844.573555557347,850.7522028405465,839.1244801790663,842.0213012695312,1419540
2021-01-22 00:00:00+05:30,845.2389346676398,849.9109215487867,834.1173582869516,835.9994506835938,1965000
2021-01-25 00:00:00+05:30,838.965245466784,841.2466154275452,818.9012922934918,827.7130126953125,2328720
2021-01-27 00:00:00+05:30,830.4554806834616,836.3845948777891,824.148497505841,833.5519409179688,1328040
2021-01-28 00:00:00+05:30,830.3151124093765,832.6915151352191,817.6251450604353,826.4011840820312,1781100
2021-01-29 00:00:00+05:30,826.2776719821619,830.213009132271,806.1376572845313,810.8286743164062,2257760
2021-02-01 00:00:00+05:30,817.482471372838,821.0803192801301,807.9768612405957,812.1450805664062,1688120
2021-02-02 00:00:00+05:30,815.1085295750368,824.6117619402066,810.567198349671,817.0215454101562,2605960
2021-02-03 00:00:00+05:30,817.4849957005406,821.7126258426724,810.4009245634903,815.8856811523438,2246500
2021-02-04 00:00:00+05:30,817.4777844038755,818.7633973987479,810.4697750504013,811.4940185546875,1842000
2021-02-05 00:00:00+05:30,814.2054646387794,815.9235991588475,808.1195297807358,813.478271484375,1961940
2021-02-08 00:00:00+05:30,816.5319270998131,821.5176150749775,812.7843355869337,818.3474731445312,2432140
2021-02-09 00:00:00+05:30,818.0054334077907,832.2163350269149,815.106233335899,823.1361083984375,2420240
2021-02-10 00:00:00+05:30,824.1460272593489,828.737253832691,812.0881614608495,816.4060668945312,2331520
2021-02-11 00:00:00+05:30,817.0025776029123,829.243431531657,815.106212688274,827.5704345703125,1307320
2021-02-12 00:00:00+05:30,827.4682669353497,832.6440795369418,819.3837394355853,821.9645385742188,1090560
2021-02-15 00:00:00+05:30,824.5642973153215,832.0618601362722,820.2416343252979,830.7833251953125,2202380
2021-02-16 00:00:00+05:30,834.3549798498636,838.6800211182425,814.58807862858,818.3023681640625,4595480
2021-02-17 00:00:00+05:30,803.2242160807577,803.2242160807577,777.0837830130408,795.6767578125,11986860
2021-02-18 00:00:00+05:30,796.3800164019219,803.2240673962824,774.7072366011481,777.7822875976562,5021320
2021-02-19 00:00:00+05:30,780.8860591744788,782.5352690027283,770.5701141969375,778.3385620117188,2605500
2021-02-22 00:00:00+05:30,779.9852612630908,785.6387325688459,761.6180355131637,765.0258178710938,4298300
2021-02-23 00:00:00+05:30,766.675079041696,772.5685697376567,760.5487055068816,768.5263061523438,2859960
2021-02-24 00:00:00+05:30,773.8993270370253,778.4144921702223,765.2016699418092,776.9006958007812,1686840
2021-02-25 00:00:00+05:30,774.9924251566655,778.1910538594897,765.2016577848108,765.8623046875,3714260
2021-02-26 00:00:00+05:30,762.8490942703925,773.9658556332746,760.6342705919413,765.2777709960938,4537460
2021-03-01 00:00:00+05:30,771.6655425696694,777.9202512837657,765.2017382476291,774.3485107421875,1814360
2021-03-02 00:00:00+05:30,774.8023186571281,789.9162631445694,774.220111594982,787.8321533203125,2461940
2021-03-03 00:00:00+05:30,793.956185481665,794.6691063306458,786.4301362849044,793.6829223632812,1857460
2021-03-04 00:00:00+05:30,791.6534812309501,794.0964303521323,781.5989067279189,791.9030151367188,2599620
2021-03-05 00:00:00+05:30,784.9733620433827,800.372463805643,782.1216786806548,797.6586303710938,2054820
2021-03-08 00:00:00+05:30,794.9090421922006,803.2240725037153,789.2983301698193,800.964111328125,1836840
2021-03-09 00:00:00+05:30,803.7089400934511,805.5981687117834,791.8174112254768,803.7374267578125,1854340
2021-03-10 00:00:00+05:30,805.5864191439189,807.977094707202,797.7585608623756,804.7190551757812,1275760
2021-03-12 00:00:00+05:30,806.8837679968598,808.4450808513928,791.3421171906247,794.7855224609375,1698280
2021-03-15 00:00:00+05:30,802.2663946377078,802.2663946377078,790.3915176144982,800.0421142578125,1379660
2021-03-16 00:00:00+05:30,800.1347912377721,808.9274812513739,793.4808636599112,795.7122802734375,1689400
2021-03-17 00:00:00+05:30,797.9960162604641,797.9960162604641,776.6107709625638,782.1097412109375,3143460
2021-03-18 00:00:00+05:30,782.6872286533152,790.1514883579483,769.0038838721694,770.0138549804688,1927300
2021-03-19 00:00:00+05:30,769.9544979511055,788.7280798455924,763.7758507453251,781.8768920898438,3988320
2021-03-22 00:00:00+05:30,781.8840696755642,792.5303662591266,777.1312638809068,788.3978271484375,2175720
2021-03-23 00:00:00+05:30,787.7775398485602,796.0949497715465,784.5171221208672,792.8321533203125,2007160
2021-03-24 00:00:00+05:30,788.9656994019126,797.0359537189959,780.3750268157838,781.7462158203125,1511100
2021-03-25 00:00:00+05:30,780.6482204870613,788.2289212475969,765.9620414478865,768.5333251953125,2174080
2021-03-26 00:00:00+05:30,774.6598186592587,789.8426310579891,772.5210560776582,787.6231079101562,2531560
2021-03-30 00:00:00+05:30,789.4410794372292,820.0277532773326,789.4410794372292,815.8191528320312,2978040
2021-03-31 00:00:00+05:30,822.1878696284159,822.1878696284159,805.6742485448356,815.82861328125,2206620
2021-04-01 00:00:00+05:30,815.8286695551766,816.9384311970036,806.4371202029649,811.928955078125,1663520
2021-04-05 00:00:00+05:30,815.1060906832801,815.1060906832801,794.8543947159425,802.2996826171875,1631140
2021-04-06 00:00:00+05:30,803.6995183919423,813.680411287407,798.4714316371751,811.860107421875,1283860
2021-04-07 00:00:00+05:30,812.7297979427925,849.133900318807,809.1651935658505,827.4563598632812,3569300
2021-04-08 00:00:00+05:30,828.178742047489,844.0507453924102,823.5115125463625,840.7665405273438,2360120
2021-04-09 00:00:00+05:30,837.021279586501,848.3282218576456,831.7409199085131,836.1325073242188,1478880
2021-04-12 00:00:00+05:30,825.8071486801067,837.4443867863565,824.1888043716441,831.8218383789062,1150640
2021-04-13 00:00:00+05:30,835.8759041166381,836.4914133329416,809.8828379380813,816.0020751953125,2210540
2021-04-15 00:00:00+05:30,823.4235312631198,826.9881352945619,797.2831016992112,802.0667724609375,2366280
2021-04-16 00:00:00+05:30,806.5035179808374,823.8987732365287,801.4560412292777,819.9586791992188,1883800
2021-04-19 00:00:00+05:30,817.5323736725478,819.3836005447681,805.6004657328201,812.2520141601562,1018760
2021-04-20 00:00:00+05:30,827.9387013954403,827.9387013954403,802.7512114770809,812.52294921875,2073740
2021-04-22 00:00:00+05:30,817.0072071534337,817.0072071534337,786.6486641883811,798.0173950195312,4088620
2021-04-23 00:00:00+05:30,797.7583782416932,798.4380549347143,789.2033286090744,790.1871337890625,1372000
2021-04-26 00:00:00+05:30,798.4262577330242,802.9865610941973,791.9909399444016,801.826904296875,3047240
2021-04-27 00:00:00+05:30,803.176633345693,804.6499914843972,796.0949413682016,797.4732666015625,893020
2021-04-28 00:00:00+05:30,797.2831639832622,799.9494810449572,789.4885509553955,790.5722045898438,1737520
2021-04-29 00:00:00+05:30,797.0329091259046,798.734082171079,787.5233617200348,788.6009521484375,1604140
2021-04-30 00:00:00+05:30,788.4791652851105,791.7860201176779,776.7714443460286,779.3638916015625,1955660
2021-05-03 00:00:00+05:30,781.7889274999204,792.0606568271099,777.6147741810173,788.8016357421875,1280960
2021-05-04 00:00:00+05:30,788.968884687444,794.2134534368378,782.7446671056199,790.7059326171875,2115920
2021-05-05 00:00:00+05:30,791.39655205633,793.7357163152185,786.4458654855669,790.8327026367188,706440
2021-05-06 00:00:00+05:30,789.676127255182,801.371888465139,789.676127255182,798.87744140625,1406380
2021-05-07 00:00:00+05:30,802.2678603702836,802.724259816778,796.3638341971515,800.9680786132812,753320
2021-05-10 00:00:00+05:30,804.2486886056266,805.2044208559007,796.6028306034342,802.2081909179688,953160
2021-05-11 00:00:00+05:30,800.3779653563313,809.9352876285825,798.53101749388,806.1649169921875,1201260
2021-05-12 00:00:00+05:30,801.393406697351,805.557993418668,794.2134568900406,798.8917846679688,1211520
2021-05-14 00:00:00+05:30,798.8487787133799,824.7969326629069,793.496701440763,823.0838012695312,1931640
2021-05-17 00:00:00+05:30,822.8855063400014,826.7084355216042,812.4011510594253,814.1859741210938,1214060
2021-05-18 00:00:00+05:30,818.1163555455947,824.2688817762946,814.3794098596202,821.002685546875,1108780
2021-05-19 00:00:00+05:30,821.3085281782235,834.5932304735496,821.3085281782235,833.8453979492188,1768740
2021-05-20 00:00:00+05:30,834.3542775896796,836.2490004949915,822.9810401632252,826.0083618164062,985060
2021-05-21 00:00:00+05:30,830.7869565275732,838.6550055310506,825.7645791497262,836.1270751953125,1345200
2021-05-24 00:00:00+05:30,831.4895332277308,840.4734406193127,826.7442964600988,829.5900268554688,1144120
2021-05-25 00:00:00+05:30,836.1224155306573,848.6329775460764,832.5408109146339,837.03515625,1439040
2021-05-26 00:00:00+05:30,837.0350868640074,841.8734814412096,829.957919795987,838.2393188476562,916060
2021-05-27 00:00:00+05:30,838.6551606444777,855.3804772385272,833.1740494634995,848.0548095703125,2393260
2021-05-28 00:00:00+05:30,849.1680623549014,851.2874265149943,836.2656776145625,836.71484375,1063240
2021-05-31 00:00:00+05:30,836.6958060768417,847.9853932279872,832.2158111755934,845.6104125976562,1140460
2021-06-01 00:00:00+05:30,840.996528571004,851.0794912248708,835.2693105837242,848.6184692382812,1155020
2021-06-02 00:00:00+05:30,837.0399201456062,851.2325217524242,836.7484287882427,843.6010131835938,1485240
2021-06-03 00:00:00+05:30,843.4337061769936,853.2275700238881,839.1329110746747,850.572998046875,1007980
2021-06-04 00:00:00+05:30,845.395338535851,846.1288793682652,830.5313221072938,832.7677612304688,4036440
2021-06-07 00:00:00+05:30,835.0494593281888,840.5664442845391,829.26489969729,837.8211059570312,988720
2021-06-08 00:00:00+05:30,837.7017376446189,841.6632666239741,831.6495442963732,835.4342651367188,948940
2021-06-09 00:00:00+05:30,834.354311745745,842.2678033210357,833.398579429885,838.9967651367188,837560
2021-06-10 00:00:00+05:30,837.4604374947025,844.6284298270394,835.7879059504905,838.9465942382812,841060
2021-06-11 00:00:00+05:30,841.4745008447508,841.4745008447508,829.8145553170341,838.0051879882812,979940
2021-06-14 00:00:00+05:30,834.4210979290579,842.4779131730239,832.3280421302153,839.9691162109375,730460
2021-06-15 00:00:00+05:30,843.2425567797773,846.3009116619228,836.7913640595989,845.0966796875,943920
2021-06-16 00:00:00+05:30,843.4433102245589,863.4324300140803,841.6680538341597,858.49609375,2339240
2021-06-17 00:00:00+05:30,856.0972200066053,869.2051143557907,855.3804207713222,862.9808959960938,1515740
2021-06-18 00:00:00+05:30,862.9784417129182,864.8875145376998,841.0443750381671,844.4204711914062,2953400
2021-06-21 00:00:00+05:30,842.5449643597829,846.3033771129712,836.8870452511377,843.3931884765625,803600
2021-06-22 00:00:00+05:30,844.3894128698486,848.1144001818334,831.9648940613505,833.233642578125,1410640
2021-06-23 00:00:00+05:30,836.2633732163248,839.1329617885739,830.0535049127294,832.1943359375,741680
2021-06-24 00:00:00+05:30,832.2063741920803,844.3895705578851,827.778936874476,841.98828125,1300900
2021-06-25 00:00:00+05:30,839.6228287473986,843.4337998306871,833.1596770565455,836.5859985351562,780000
2021-06-28 00:00:00+05:30,836.6025619288196,842.0000806078332,834.0435982589325,836.5595703125,809000
2021-06-29 00:00:00+05:30,840.566556435717,848.2124148228526,835.7711532952197,841.0086059570312,1421920
2021-06-30 00:00:00+05:30,842.9558818948125,847.9734764299006,839.8497519445198,842.6213989257812,1031340
2021-07-01 00:00:00+05:30,842.4779954256319,847.01772370501,839.5868819775627,843.2521362304688,534000
2021-07-02 00:00:00+05:30,844.8194965773554,844.8672715210827,835.5966574406802,841.139892578125,614460
2021-07-05 00:00:00+05:30,841.2881209884137,846.3964820140562,837.3791503049837,843.0203857421875,686440
2021-07-06 00:00:00+05:30,842.7432918119008,842.8531916967266,832.2994777569328,834.8369750976562,1251020
2021-07-07 00:00:00+05:30,831.48711443823,850.6017607471548,829.5876081279348,846.633056640625,1090380
2021-07-08 00:00:00+05:30,841.8089709551161,845.8158831599721,838.0864334336009,841.9475708007812,597360
2021-07-09 00:00:00+05:30,838.8963363297815,844.867270959482,838.6550116141916,842.7646484375,538820
2021-07-12 00:00:00+05:30,848.4657297924782,848.4681214566449,839.6873306349257,843.0228271484375,666020
2021-07-13 00:00:00+05:30,847.2566109605577,847.3999941265137,841.0969098177111,845.4359130859375,500080
2021-07-14 00:00:00+05:30,845.4358887286295,845.4358887286295,837.2213985544233,838.1627807617188,1017220
2021-07-15 00:00:00+05:30,837.4603398005794,843.8064156051572,833.8763440525028,842.0885009765625,556780
2021-07-16 00:00:00+05:30,843.6727297782977,846.5399268208747,838.0793272143819,843.634521484375,733700
2021-07-19 00:00:00+05:30,838.6550701663028,852.7521212032863,838.6550701663028,848.3294677734375,1028040
2021-07-20 00:00:00+05:30,848.2100481171257,855.7149152110999,845.8708839146589,853.2825927734375,891880
2021-07-22 00:00:00+05:30,853.2825822269706,862.3787808654569,845.8230985107189,859.9105834960938,2266340
2021-07-23 00:00:00+05:30,856.8306895712021,870.8632234325844,854.5321255480814,867.0379028320312,1504620
2021-07-26 00:00:00+05:30,863.5925155392721,869.1309675589929,860.6750938650155,865.002197265625,1069900
2021-07-27 00:00:00+05:30,860.7324923669335,881.6152782752351,858.8449443938816,870.963623046875,2783140
2021-07-28 00:00:00+05:30,876.1197834057937,876.1197834057937,855.428156430998,861.2366333007812,1752740
2021-07-29 00:00:00+05:30,857.7696948363093,869.7163479677342,849.6459707069404,856.085205078125,2710720
2021-07-30 00:00:00+05:30,856.0852291664969,858.0540353246229,843.6750595443617,845.94970703125,1667400
2021-08-02 00:00:00+05:30,850.4009501007966,855.4185442502916,844.6283484983056,846.5230712890625,639480
2021-08-03 00:00:00+05:30,844.3989617048642,878.3178880029055,843.6248209595415,873.7351684570312,1262560
2021-08-04 00:00:00+05:30,874.2131012327658,876.8819649266424,860.9761743104283,862.8995971679688,816440
2021-08-05 00:00:00+05:30,867.3269970290833,873.7351979520176,860.2545552076059,870.1344604492188,759280
2021-08-06 00:00:00+05:30,869.7163701634599,870.0986864067294,859.203315139506,861.1458129882812,767480
2021-08-09 00:00:00+05:30,863.5041341064012,871.3889255910474,861.1458366532964,869.8262939453125,612720
2021-08-10 00:00:00+05:30,870.1941228847722,877.873405046121,864.2255802725584,873.218994140625,1229340
2021-08-11 00:00:00+05:30,875.2117875004485,875.2117875004485,861.370411846348,868.1776123046875,699700
2021-08-12 00:00:00+05:30,868.7989149129144,872.0078282797281,863.9820448662931,866.5553588867188,489880
2021-08-13 00:00:00+05:30,869.7019681864651,874.0195048135505,866.45251364601,873.0398559570312,822460
2021-08-16 00:00:00+05:30,873.0399177528571,884.0045890639449,868.6244392608879,874.26806640625,899420
2021-08-17 00:00:00+05:30,876.8843891499283,898.2665077934441,874.5619666505918,895.1651611328125,1504020
2021-08-18 00:00:00+05:30,896.0468899091435,906.4643962856794,896.0015066206385,903.6927490234375,799760
2021-08-20 00:00:00+05:30,886.6925281218591,938.5816011674189,886.6925281218591,935.2437133789062,2862140
2021-08-23 00:00:00+05:30,941.3963364608196,960.2720498061001,934.5939186641017,956.7382202148438,2974840
2021-08-24 00:00:00+05:30,960.5108033355195,965.2416891081525,939.7236292334821,945.2119140625,1661680
2021-08-25 00:00:00+05:30,945.50593955427,971.2629363471788,945.50593955427,951.42431640625,2003180
2021-08-26 00:00:00+05:30,954.5352503749564,961.4523512832786,946.4402257310506,958.2506713867188,1264080
2021-08-27 00:00:00+05:30,960.5109201684427,960.5109201684427,950.7624394612736,953.6941528320312,702080
2021-08-30 00:00:00+05:30,958.1216255563104,961.5861551250302,940.6436945481112,943.415283203125,2679160
2021-08-31 00:00:00+05:30,943.5466784165343,948.0840150103066,924.6709661868797,930.2978515625,4547400
2021-09-01 00:00:00+05:30,943.6328087996186,950.4758267929456,934.3287099928974,947.4581298828125,2096860
2021-09-02 00:00:00+05:30,949.7112077935698,969.5904281682156,944.3112969105813,967.2297973632812,1571540
2021-09-03 00:00:00+05:30,967.6788825919563,972.1230607934629,960.5610574777907,968.4745483398438,939560
2021-09-06 00:00:00+05:30,968.163880205934,972.3619501697066,963.3780442806099,966.3981323242188,681380
2021-09-07 00:00:00+05:30,963.6720712530976,974.4981432165325,963.6720712530976,973.3392944335938,683060
2021-09-08 00:00:00+05:30,970.0683607545869,981.0592830685551,945.4582520950494,948.0673828125,3447460
2021-09-09 00:00:00+05:30,951.4314412450537,980.8202075115383,948.1055117293456,977.5802612304688,2207220
2021-09-13 00:00:00+05:30,970.0682497932046,979.6255724512657,966.7231868628833,977.34375,750060
2021-09-14 00:00:00+05:30,977.2362813492119,984.8415398289014,964.3338952384889,966.7447509765625,1183700
2021-09-15 00:00:00+05:30,973.4061536135482,973.413328605651,959.9327434431535,961.428466796875,752120
2021-09-16 00:00:00+05:30,960.80005900459,967.2823436479134,954.2986993819336,957.0631713867188,1025300
2021-09-17 00:00:00+05:30,963.1392606685905,970.0205451477619,960.5133884113118,964.12841796875,1902580
2021-09-20 00:00:00+05:30,961.705675164885,974.1779706394991,960.5587846806424,971.1483154296875,1830260
2021-09-21 00:00:00+05:30,965.2895522229235,971.5018117174274,955.8349548050888,964.7901611328125,2168220
2021-09-22 00:00:00+05:30,964.0399736476355,964.0399736476355,946.6575930550947,952.1578369140625,2150460
2021-09-23 00:00:00+05:30,955.7322683474495,961.5144369042979,947.1306779323224,948.0386352539062,1074480
2021-09-24 00:00:00+05:30,952.2438637490205,954.7765777038658,946.1749869137408,949.2453002929688,837880
2021-09-27 00:00:00+05:30,950.9536812444807,950.9536812444807,936.6702543789614,938.63427734375,919480
2021-09-28 00:00:00+05:30,940.918434377139,942.287516208441,929.8821298184948,933.9774169921875,1153720
2021-09-29 00:00:00+05:30,933.9774163985817,941.3962999212137,928.0949145227294,932.1615600585938,925900
2021-09-30 00:00:00+05:30,930.8020255611989,936.1374199279098,923.0534420757477,929.237060546875,887460
2021-10-01 00:00:00+05:30,929.2107491271327,938.7656806733579,919.9903005599613,934.2259521484375,797380
2021-10-04 00:00:00+05:30,934.2258275786062,939.0068802104126,925.2467049531049,931.5020141601562,655920
2021-10-05 00:00:00+05:30,931.8390036148024,935.9988075001926,924.424903209126,926.8477172851562,546560
2021-10-06 00:00:00+05:30,929.2058702521031,937.7764269596844,911.6729906255107,915.4552612304688,1452160
2021-10-07 00:00:00+05:30,917.5411751803563,922.4823529499147,905.8119883874411,910.1270751953125,953900
2021-10-08 00:00:00+05:30,910.5739810141638,916.544916436158,904.9614452173392,907.2982177734375,1744920
2021-10-11 00:00:00+05:30,908.9491703864742,917.2879695033731,908.0723046889608,911.9907836914062,776040
2021-10-12 00:00:00+05:30,911.2381816081319,929.4496534214513,906.5144700910481,927.810546875,1444980
2021-10-13 00:00:00+05:30,931.8389899943617,936.8589762199442,918.7478375169895,923.2684326171875,1078500
2021-10-14 00:00:00+05:30,926.7736382414392,928.4342114733863,918.6976885067671,923.4954833984375,843800
2021-10-18 00:00:00+05:30,936.6177082133622,936.6177082133622,918.4587934622868,928.8977661132812,1126060
2021-10-19 00:00:00+05:30,930.6443513003451,942.9278800052069,921.519510929044,925.5526733398438,1186040
2021-10-20 00:00:00+05:30,922.2816468659219,965.2895993104466,910.3565183853084,921.213623046875,4355380
2021-10-21 00:00:00+05:30,929.9275186731284,940.4405738688163,910.6551980348283,919.0870971679688,1519240
2021-10-22 00:00:00+05:30,928.8761759403645,928.8761759403645,900.777625097389,908.2658081054688,910300
2021-10-25 00:00:00+05:30,907.9455408890904,907.9909241661521,889.0387976652257,893.4303588867188,1082920
2021-10-26 00:00:00+05:30,897.9321116721844,926.7785803749183,895.9636826602969,923.779052734375,2133160
2021-10-27 00:00:00+05:30,922.8032718804681,933.5083434777046,909.0674555398845,913.540283203125,1057640
2021-10-28 00:00:00+05:30,913.7999071524137,919.0154288162936,906.2770292689296,912.9058227539062,629000
2021-10-29 00:00:00+05:30,913.3191985594789,922.9330848601049,901.6935783847642,913.326416015625,985500
2021-11-01 00:00:00+05:30,918.0731960697482,918.0731960697482,900.6263762315394,910.4157104492188,851420
2021-11-02 00:00:00+05:30,908.56026378151,914.9559271143393,895.992502208728,902.4530639648438,698980
2021-11-03 00:00:00+05:30,906.5895506640521,907.9331125062935,892.216777759286,900.6842041015625,889580
2021-11-04 00:00:00+05:30,908.5122062877559,910.867620039758,904.2772614356224,907.9954833984375,138100
2021-11-08 00:00:00+05:30,910.8676732430013,917.931450414511,897.9369843768203,915.6866455078125,866240
2021-11-09 00:00:00+05:30,914.1338351403697,915.4822083437364,903.7556626083426,910.470947265625,872960
2021-11-10 00:00:00+05:30,910.8147675971169,915.3669285158992,903.7052801532583,911.0551147460938,761180
2021-11-11 00:00:00+05:30,910.9156174893723,910.9156174893723,897.4585841047892,906.3009643554688,839120
2021-11-12 00:00:00+05:30,910.9156668417137,925.778755205418,906.6302585290292,920.1666259765625,1330240
2021-11-15 00:00:00+05:30,922.9331045097373,937.3058765708766,916.6768608249862,936.2291259765625,1016660
2021-11-16 00:00:00+05:30,934.9575785840918,942.1127175330756,928.7493932702234,935.531982421875,922400
2021-11-17 00:00:00+05:30,932.7392931879365,940.4784601944433,930.7684581631999,936.250732421875,1085520
2021-11-18 00:00:00+05:30,932.5469349976153,936.8155026967033,926.7810092595511,932.8113403320312,832140
2021-11-22 00:00:00+05:30,933.1959079843218,940.5192789205634,905.2675796804973,913.095703125,882760
2021-11-23 00:00:00+05:30,913.1269553625804,925.1635603979369,908.7382136968429,922.0462646484375,739200
2021-11-24 00:00:00+05:30,922.9330183676273,927.2592668912256,910.9156613576322,917.496337890625,687100
2021-11-25 00:00:00+05:30,917.4051042830222,923.4137832474119,908.7862293579591,921.8779907226562,594900
2021-11-26 00:00:00+05:30,920.4742838423164,934.186100105546,912.4779296891248,924.0025634765625,1128820
2021-11-29 00:00:00+05:30,915.722603758864,921.1207911368193,903.7052467541545,913.33837890625,962140
2021-11-30 00:00:00+05:30,913.3384738761107,933.7439247204865,910.2163665487873,920.6522216796875,3395600
2021-12-01 00:00:00+05:30,923.4137699159218,934.9456217236107,921.1016021181232,932.4412231445312,1096240
2021-12-02 00:00:00+05:30,932.4412123600417,944.5643086405156,924.2189456675356,937.5076904296875,972000
2021-12-03 00:00:00+05:30,932.6527523590129,937.2962760839556,919.904729154473,928.766357421875,1508960
2021-12-06 00:00:00+05:30,932.546918900161,933.2968301552669,909.913447122429,914.1123046875,698540
2021-12-07 00:00:00+05:30,924.1829416284137,934.645261152915,912.165582929723,929.8671875,1408580
2021-12-08 00:00:00+05:30,924.1371904833507,938.5532077355439,924.1371904833507,936.3492431640625,671560
2021-12-09 00:00:00+05:30,937.3539148808521,939.7093287616384,921.1280759199667,927.0069580078125,810440
2021-12-10 00:00:00+05:30,923.9425545258581,928.2207457734099,914.7829569815171,926.3099975585938,788980
2021-12-13 00:00:00+05:30,923.9040898149053,930.1194344015419,909.6659266579258,912.4539184570312,1089800
2021-12-14 00:00:00+05:30,911.0647463388909,928.8432180696165,909.1563453629274,924.7981567382812,1381340
2021-12-15 00:00:00+05:30,920.5800409186955,927.8890352481127,915.7226344431887,923.0820922851562,1298180
2021-12-16 00:00:00+05:30,923.1733715226126,928.4778493713652,919.3470638028208,925.68017578125,808340
2021-12-17 00:00:00+05:30,918.8495647910903,924.5217810304096,913.3191744952303,917.1478881835938,1085560
2021-12-20 00:00:00+05:30,913.3192069575472,916.5975163976627,894.0914341794935,907.6109619140625,1426200
2021-12-21 00:00:00+05:30,912.6941987393054,927.0645635147034,908.5145878263335,923.91845703125,693560
2021-12-22 00:00:00+05:30,924.3751696463443,929.6604013035003,913.9104449987086,922.4812622070312,732240
2021-12-23 00:00:00+05:30,927.4996055452195,927.7375468647003,920.7698856811962,923.343994140625,951380
2021-12-24 00:00:00+05:30,923.3441183908762,934.183799244761,921.5439204321455,924.096435546875,684400
2021-12-27 00:00:00+05:30,922.2600833663656,932.5469532461217,918.0996600668519,927.8529663085938,531760
2021-12-28 00:00:00+05:30,930.1435029392741,935.8421246759561,924.6155182964825,930.3838500976562,420980
2021-12-29 00:00:00+05:30,930.3838067376856,934.9984602278604,925.4110383453512,932.5300903320312,585380
2021-12-30 00:00:00+05:30,932.0662532521701,941.4397921580068,928.8551894905008,932.86181640625,797360
2021-12-31 00:00:00+05:30,931.3452252471967,952.4933690599278,930.1531127474411,947.2417602539062,797740
2022-01-03 00:00:00+05:30,946.7273995502655,952.4476733091434,943.9898714005714,945.9078369140625,517380
2022-01-04 00:00:00+05:30,945.9102541762819,958.8793768257424,943.5091885275023,956.0552978515625,700680
2022-01-05 00:00:00+05:30,955.3318577858106,962.5903299362711,953.1735450861263,958.3001098632812,648640
2022-01-06 00:00:00+05:30,949.3760556043828,958.3001171319919,939.0363165011242,944.446533203125,614180
2022-01-07 00:00:00+05:30,944.5884956444328,959.4659629308994,941.5384452698074,956.7188110351562,979660
2022-01-10 00:00:00+05:30,956.7258948668494,959.893653894084,945.9607365610899,947.3523559570312,412340
2022-01-11 00:00:00+05:30,939.7573281135716,952.976420964274,939.7573281135716,949.9456176757812,635760
2022-01-12 00:00:00+05:30,954.1782226226173,954.1782226226173,945.0450305672874,947.30908203125,474220
2022-01-13 00:00:00+05:30,949.3713342186977,949.3713342186977,942.1609190221,947.6600341796875,707660
2022-01-14 00:00:00+05:30,947.6599830332378,947.8979830532492,926.297955596072,932.55419921875,743800
2022-01-17 00:00:00+05:30,932.5470014472378,938.0749862496311,918.6597351935434,929.3359375,728060
2022-01-18 00:00:00+05:30,926.8747032315845,934.9503907464508,922.3562238643518,931.5662841796875,724160
2022-01-19 00:00:00+05:30,931.1047956932133,934.707596879228,892.7501813309817,910.2907104492188,1647660
2022-01-20 00:00:00+05:30,903.7052956690162,917.16473624281,894.3341625166523,900.5375366210938,1581120
2022-01-21 00:00:00+05:30,896.9755787969742,916.3114956020602,894.5745130754698,912.0814208984375,1104820
2022-01-24 00:00:00+05:30,912.0814693409295,915.2420111127335,894.0914604357586,899.7516479492188,1068740
2022-01-25 00:00:00+05:30,892.8007677622353,907.7455968376581,880.2931504958653,903.2606811523438,1157600
2022-01-27 00:00:00+05:30,891.6878793357387,903.2245419255272,875.7168237987003,883.778076171875,1085180
2022-01-28 00:00:00+05:30,884.4776335447029,896.4469349952221,881.0286279968401,883.7277221679688,748460
2022-01-31 00:00:00+05:30,885.8234269787428,896.009310426,885.8234269787428,890.3203125,595220
2022-02-01 00:00:00+05:30,894.0913647401385,902.657311028947,885.4869253545197,897.5379638671875,535820
2022-02-02 00:00:00+05:30,904.6666124077676,906.1086952118183,886.4314471848675,889.3156127929688,1208320
2022-02-03 00:00:00+05:30,885.4389109999508,893.1131791596083,877.8006714418152,879.9878540039062,687080
2022-02-04 00:00:00+05:30,884.4774822191597,884.4774822191597,874.998205025173,881.1919555664062,898480
2022-02-07 00:00:00+05:30,881.1920089755633,885.4389244533525,860.9715721885116,868.746826171875,969380
2022-02-08 00:00:00+05:30,875.1039021041584,875.5485677669592,864.7689754932056,869.4389038085938,787700
2022-02-09 00:00:00+05:30,869.576046835022,876.6494475024293,866.2808965767872,871.7415771484375,964860
2022-02-10 00:00:00+05:30,870.1047269835533,875.483726628615,865.7304206581824,871.9722290039062,1008440
2022-02-11 00:00:00+05:30,871.7390482610504,871.7390482610504,846.983293650935,856.366455078125,1919600
2022-02-14 00:00:00+05:30,851.5980789099278,855.6479521858521,837.8406092801671,849.39892578125,858340
2022-02-15 00:00:00+05:30,849.3988753594034,880.7881786136284,844.6496132266902,874.2435302734375,1003400
2022-02-16 00:00:00+05:30,873.2773818019929,884.352598144756,866.860124114895,876.0077514648438,808200
2022-02-17 00:00:00+05:30,884.4775547469466,884.4775547469466,863.3342219810062,871.3065185546875,2276800
2022-02-18 00:00:00+05:30,864.6729571409966,876.4210980318433,856.1694441973226,865.6968383789062,1926560
2022-02-21 00:00:00+05:30,864.1441952003163,872.9409251309133,856.8376646728266,870.3499755859375,740720
2022-02-22 00:00:00+05:30,864.5287732860195,874.5440211151877,852.734921185994,870.5855102539062,1261740
2022-02-23 00:00:00+05:30,870.5853843097358,875.3226169718786,857.3182341378359,861.7238159179688,1184960
2022-02-24 00:00:00+05:30,852.2709681333862,863.7451383803487,844.0991652804433,852.97998046875,2242100
2022-02-25 00:00:00+05:30,855.6357770456739,860.1999666665389,846.0218919103293,851.5546875,1619780
2022-02-28 00:00:00+05:30,850.8289980368155,854.160235695131,833.0433071174018,847.9039916992188,3157460
2022-03-02 00:00:00+05:30,846.022020624018,859.9332863656409,839.1504740538347,857.77978515625,1732620
2022-03-03 00:00:00+05:30,859.4813147679208,859.4813147679208,835.9056442684982,838.1625366210938,1339280
2022-03-04 00:00:00+05:30,831.6010913286378,843.332449130481,818.1897093917419,836.0162963867188,1034100
2022-03-07 00:00:00+05:30,821.9872521285342,836.7806309310511,819.1030863315921,833.6224365234375,1330840
2022-03-08 00:00:00+05:30,831.6011443141911,842.6571132848421,815.4978851612861,829.8369750976562,1954480
2022-03-09 00:00:00+05:30,835.4466447894712,835.4466447894712,820.335992182504,824.17919921875,1422440
2022-03-10 00:00:00+05:30,831.6011475332621,850.1199073664882,827.8036507885943,848.3822021484375,1329780
2022-03-11 00:00:00+05:30,846.0219179807711,846.889596959513,828.2362299323117,832.9205932617188,1465580
2022-03-14 00:00:00+05:30,840.1310874838948,840.1310874838948,824.7753333318738,834.8314208984375,773300
2022-03-15 00:00:00+05:30,837.369496879418,844.0992172906189,828.9597521841326,839.3692016601562,1244220
2022-03-16 00:00:00+05:30,846.5026206894096,859.745771474832,839.820958512152,856.7606201171875,967800
2022-03-17 00:00:00+05:30,854.9605623984706,883.2686600108113,854.9605623984706,878.9111938476562,2017800
2022-03-21 00:00:00+05:30,882.0741233775013,883.0355120678311,856.2848600237053,859.3108520507812,806700
2022-03-22 00:00:00+05:30,852.1268360657797,858.9983828046893,829.3731881783835,837.814208984375,2804480
2022-03-23 00:00:00+05:30,842.8974562104912,843.6184976614838,829.7264206366567,833.725830078125,1185580
2022-03-24 00:00:00+05:30,832.9471192553722,841.2150378704688,829.6783744939595,836.7974853515625,863620
2022-03-25 00:00:00+05:30,840.1574979733997,840.1574979733997,820.785494743199,824.9290771484375,1064340
2022-03-28 00:00:00+05:30,829.1976125333258,833.9540917050841,807.0856761991038,810.4529418945312,1602220
2022-03-29 00:00:00+05:30,812.3733940394245,817.1779313807009,808.5278395114273,813.4260864257812,1675180
2022-03-30 00:00:00+05:30,822.3718133885259,833.8868239614038,818.266665381868,831.5050048828125,1499400
2022-03-31 00:00:00+05:30,829.1977152996103,838.0328793900588,826.9336637932187,835.4732055664062,1245620
2022-04-01 00:00:00+05:30,835.4732349482941,846.3921905562404,829.1977444608019,843.9646606445312,623180
2022-04-04 00:00:00+05:30,846.502694052657,858.8325150458543,839.3908004931259,856.6044921875,795680
2022-04-05 00:00:00+05:30,856.8855912723047,868.1338488906408,851.713316249086,866.3648681640625,795640
2022-04-06 00:00:00+05:30,864.048014924719,877.7478026439705,858.6642621696078,875.6688232421875,941160
2022-04-07 00:00:00+05:30,872.4601805363338,877.2671236797847,864.5287243496399,874.3060302734375,749740
2022-04-08 00:00:00+05:30,872.5563624038239,889.0922598127893,868.5978514650321,887.0156860351562,685620
2022-04-11 00:00:00+05:30,885.3427796641358,890.2578671151389,875.4885465758792,885.744140625,753380
2022-04-12 00:00:00+05:30,878.4832969187394,889.2364264145999,875.9452168488152,885.3331909179688,1098000
2022-04-13 00:00:00+05:30,888.0827649028193,891.6399146413789,877.2671425968309,883.6315307617188,546600
2022-04-18 00:00:00+05:30,879.6705551731302,898.2253431257809,879.6705551731302,892.24072265625,1075460
2022-04-19 00:00:00+05:30,891.2312556860858,900.1000417043759,857.1860480070425,862.7789306640625,1318840
2022-04-20 00:00:00+05:30,874.8108101929412,885.3884912587673,864.7666927913402,879.9205932617188,1763540
2022-04-21 00:00:00+05:30,871.9885241512335,896.9584110128078,857.4964427826957,879.3287963867188,3706820
2022-04-22 00:00:00+05:30,871.4619562826541,881.5749826176567,861.4140900599565,878.594482421875,2174140
2022-04-25 00:00:00+05:30,864.6941492059019,886.432270275324,862.2836378314557,877.9640502929688,1690140
2022-04-26 00:00:00+05:30,884.0170157035094,895.8135918630087,879.1863216286268,889.6085205078125,1411860
2022-04-27 00:00:00+05:30,876.8674018806119,892.02128401776,876.7708116044432,880.2972412109375,1348600
2022-04-28 00:00:00+05:30,881.0460365015153,895.3593839330308,877.9809755784476,890.1857299804688,1579160
2022-04-29 00:00:00+05:30,889.3307618407928,901.6780439602252,882.3648798920353,885.480712890625,1267960
2022-05-02 00:00:00+05:30,882.5193888412723,892.7121401192957,879.6692679422281,890.8064575195312,831940
2022-05-04 00:00:00+05:30,883.1038594689552,892.3304718122275,868.1069509978183,873.7637329101562,1217140
2022-05-05 00:00:00+05:30,884.5072035357194,887.8041281523983,845.6611641781207,850.3831787109375,1266260
2022-05-06 00:00:00+05:30,845.3617424111227,850.1876007897649,820.0102708366418,820.9981689453125,1799940
2022-05-09 00:00:00+05:30,820.9014768028137,823.8892890606277,794.6490869254703,797.2745971679688,2302940
2022-05-10 00:00:00+05:30,803.8273899862832,805.7596673660578,792.282020848444,798.0595703125,1343540
2022-05-11 00:00:00+05:30,798.0596631148323,803.7840237243868,784.2583373025864,797.6635131835938,1235740
2022-05-12 00:00:00+05:30,796.3157363823545,796.3157363823545,779.0339756084724,783.53857421875,1435520
2022-05-13 00:00:00+05:30,796.5813179540498,800.0738997433639,787.6397000192749,792.376220703125,1108780
2022-05-16 00:00:00+05:30,797.1610521210063,798.0306005758333,779.4058350381983,783.4829711914062,1049660
2022-05-17 00:00:00+05:30,791.7507058150576,791.7507058150576,780.8647209356592,788.533447265625,1726100
2022-05-18 00:00:00+05:30,788.533467745723,793.1202092228405,783.1520676909518,789.50927734375,1920180
2022-05-19 00:00:00+05:30,781.1232163593213,784.743819137636,772.9110365954942,777.4639892578125,1410040
2022-05-20 00:00:00+05:30,788.4175327302708,819.2856782750022,784.990169590618,814.5515747070312,3049540
2022-05-23 00:00:00+05:30,824.1138878746326,839.0914553298006,816.9330667524537,820.9425659179688,2063460
2022-05-24 00:00:00+05:30,828.4156399560459,834.6616936280763,814.121634403339,830.256103515625,1848200
2022-05-25 00:00:00+05:30,834.7438978086353,849.5258092053103,831.045987511695,834.925048828125,1630020
2022-05-26 00:00:00+05:30,842.2314009515849,856.4819465942988,836.7461579874476,852.7381591796875,2111620
2022-05-27 00:00:00+05:30,857.4481086732023,861.1653014292015,844.7530318188464,852.18505859375,850540
2022-05-30 00:00:00+05:30,855.0327993011199,868.8920314550018,851.8855952263508,855.3660888671875,1041160
2022-05-31 00:00:00+05:30,855.2768030296807,877.1381114080924,843.2942404397069,854.6222534179688,7190740
2022-06-01 00:00:00+05:30,849.2360053377596,862.2039892304393,829.9180647461005,832.8865356445312,1164940
2022-06-02 00:00:00+05:30,832.8116015992981,844.2289509825493,822.1864930664016,840.2412109375,1377980
2022-06-03 00:00:00+05:30,848.4146855856814,848.6247900800861,827.285237865755,829.4783325195312,1053720
2022-06-06 00:00:00+05:30,829.4783691294208,832.6570031923599,818.9523280909673,821.068115234375,720020
2022-06-07 00:00:00+05:30,813.974407951577,821.1962723488748,802.3783239157785,808.9915161132812,1015240
2022-06-08 00:00:00+05:30,803.3685704829562,809.6242954793893,794.4824996426711,807.8731689453125,1632720
2022-06-09 00:00:00+05:30,805.7693262149238,812.7617430853976,796.3422210122147,810.0178833007812,574960
2022-06-10 00:00:00+05:30,804.8418878230945,815.0588170748533,798.8422038215538,810.3440551757812,896200
2022-06-13 00:00:00+05:30,806.2427787674009,819.7590503090321,798.9967382152672,814.1868286132812,2369280
2022-06-14 00:00:00+05:30,814.2859312944754,826.0486591797522,809.6242998744239,815.0081176757812,1321620
2022-06-15 00:00:00+05:30,824.3578437676089,824.3578437676089,804.7935351402498,811.6676025390625,1295060
2022-06-16 00:00:00+05:30,818.7543069844963,818.7543069844963,802.6173601334779,815.1312866210938,1615080
2022-06-17 00:00:00+05:30,813.8752938747102,814.2110011389825,793.924505411468,803.943359375,2912380
2022-06-20 00:00:00+05:30,806.72589731621,822.3266448046223,798.8784372785989,819.628662109375,978040
2022-06-21 00:00:00+05:30,820.2518038344713,830.8793301503478,814.4549712985386,819.855712890625,1112620
2022-06-22 00:00:00+05:30,818.8026011913811,818.8026011913811,801.1971635384226,810.3561401367188,1047280
2022-06-23 00:00:00+05:30,812.5226824505816,823.3893255982211,806.7258499955238,820.0730590820312,633500
2022-06-24 00:00:00+05:30,818.8050739932631,833.2947386996244,817.4524560474205,832.4083251953125,607600
2022-06-27 00:00:00+05:30,838.1253561036177,840.8884987448045,830.0436149866277,838.5238647460938,1276840
2022-06-28 00:00:00+05:30,835.7100280383172,845.3641625287795,823.6815886734439,840.7291259765625,1044480
2022-06-29 00:00:00+05:30,838.1253375427322,846.5790513219816,833.4057404721684,845.3255004882812,1939440
2022-06-30 00:00:00+05:30,845.3254496960825,848.694846477673,832.5313655728432,843.922119140625,2056840
2022-07-01 00:00:00+05:30,840.5406715254562,861.283641171935,837.2098989122504,859.6243286132812,770940
2022-07-04 00:00:00+05:30,859.863503047764,870.6576742748925,855.2501668457254,869.2615966796875,974580
2022-07-05 00:00:00+05:30,869.2616030049384,876.4400070232585,864.6942031771267,868.80029296875,828760
2022-07-06 00:00:00+05:30,868.8003461833664,890.2196276148071,859.9239456489659,888.2994384765625,1567820
2022-07-07 00:00:00+05:30,888.364616543607,896.0937268561125,877.9109877697314,879.4254150390625,1037580
2022-07-08 00:00:00+05:30,884.0169755148264,891.2630162977348,880.2490107203417,889.7727661132812,1176500
2022-07-11 00:00:00+05:30,888.8476478683283,894.8860150413468,886.0458219126758,893.166259765625,787640
2022-07-12 00:00:00+05:30,889.6568150964737,892.2291359318615,874.4062819001581,875.5704956054688,523780
2022-07-13 00:00:00+05:30,875.8047473955548,885.2197644799224,875.8047473955548,881.5846557617188,455020
2022-07-14 00:00:00+05:30,881.5821502927474,890.8256862694966,875.9350983560989,887.0746459960938,1045880
2022-07-15 00:00:00+05:30,888.8476020303021,909.9263377883155,887.7027300320763,906.7936401367188,990020
2022-07-18 00:00:00+05:30,910.0399328841083,916.4792266489635,896.2169069535158,899.736083984375,879540
2022-07-19 00:00:00+05:30,898.504110978681,900.851820826907,880.463901151042,887.7703247070312,874560
2022-07-20 00:00:00+05:30,896.0937063147067,901.4074695327454,881.6016248109647,899.3350830078125,1093260
2022-07-21 00:00:00+05:30,898.5090335186919,912.5156276260163,898.2071151606548,910.1002807617188,1013120
2022-07-22 00:00:00+05:30,913.3754529087637,921.8895501173969,909.8877063890537,917.2979736328125,1264000
2022-07-25 00:00:00+05:30,917.2980445999883,918.3148962152935,903.9218227337734,906.1198120117188,719180
2022-07-26 00:00:00+05:30,907.2041948608789,907.2041948608789,881.6136090918612,894.1371459960938,2789420
2022-07-27 00:00:00+05:30,895.8038162051994,901.8421830921408,886.4322590029813,895.7023315429688,899460
2022-07-28 00:00:00+05:30,897.3012727218031,934.4976108104055,891.745975474804,923.2614135742188,2609140
2022-07-29 00:00:00+05:30,923.2614302605117,938.2680098020937,917.8824485027499,935.1787719726562,2276500
2022-08-01 00:00:00+05:30,939.1834316797606,941.9852575717041,922.9040177388414,930.1597290039062,1171340
2022-08-02 00:00:00+05:30,936.0434618629394,942.0335336347347,932.3335222536547,939.9949951171875,1124380
2022-08-03 00:00:00+05:30,934.2585477741586,944.2194354888526,920.2471188111604,935.5072631835938,1026500
2022-08-04 00:00:00+05:30,937.1062833850646,962.4577545074206,936.9661743977584,958.8927001953125,1765600
2022-08-05 00:00:00+05:30,958.4097132219338,967.1049626362457,953.0500722492585,962.3467407226562,1251200
2022-08-08 00:00:00+05:30,961.5496444125625,965.5252961549634,944.40068064635,949.3739013671875,1149180
2022-08-10 00:00:00+05:30,958.9217117674626,973.3847803981606,942.226806038021,955.0039672851562,1444140
2022-08-11 00:00:00+05:30,956.4773680261573,965.2885487595905,946.216979159351,950.6611938476562,1009220
2022-08-12 00:00:00+05:30,951.6466598958265,954.3735959272786,937.8163814595171,944.0745239257812,978060
2022-08-16 00:00:00+05:30,944.4006304966431,959.1149048261972,941.1544184409141,950.8230590820312,1321660
2022-08-17 00:00:00+05:30,950.7770703026007,958.6004114417511,950.1587863511121,953.3518676757812,792000
2022-08-18 00:00:00+05:30,952.6127654825567,953.2286907022007,941.0191009939252,944.7701416015625,978420
2022-08-19 00:00:00+05:30,946.8160217405706,950.1926721210381,934.7392867693898,939.13037109375,733960
2022-08-22 00:00:00+05:30,937.2028347460786,948.2651346619022,934.7391928531741,939.6761474609375,795880
2022-08-23 00:00:00+05:30,932.323807208808,951.1127982403292,929.9640088135025,948.054931640625,857620
2022-08-24 00:00:00+05:30,947.7266218454456,952.4655020324075,935.6112624286465,950.2482299804688,675360
2022-08-25 00:00:00+05:30,950.2457810280233,955.8010789881929,940.2486859927669,943.272705078125,518180
2022-08-26 00:00:00+05:30,943.9176587849792,950.006739467217,938.5073047989697,943.3428344726562,559780
2022-08-29 00:00:00+05:30,937.1545740756504,954.4967761834166,931.6041117538829,949.0549926757812,969240
2022-08-30 00:00:00+05:30,949.7143221303397,965.8971450150632,949.7143221303397,962.5567016601562,2195020
2022-09-01 00:00:00+05:30,951.6466075682299,968.5540346062442,945.5888991252851,953.2383422851562,1581240
2022-09-02 00:00:00+05:30,954.1730163434174,958.7960228203192,943.4343946503178,944.9705810546875,624820
2022-09-05 00:00:00+05:30,941.9853077912117,945.9778833642923,928.7974898947622,930.3771362304688,994480
2022-09-06 00:00:00+05:30,930.4253951307414,932.7103627833418,915.1773387780771,919.8558349609375,1187400
2022-09-07 00:00:00+05:30,919.8558585705442,932.6644503155657,918.5564302372954,926.4932861328125,1114720
2022-09-08 00:00:00+05:30,927.541452374086,931.2127676611126,918.0733048543563,923.8097534179688,1092940
2022-09-09 00:00:00+05:30,935.7053926997388,935.7053926997388,917.38738051025,920.3075561523438,968680
2022-09-12 00:00:00+05:30,920.3220777606329,925.5585334365188,912.5229130249579,916.295654296875,871200
2022-09-13 00:00:00+05:30,916.4067921996266,930.7056340739634,916.3826151432207,920.9065551757812,1022920
2022-09-14 00:00:00+05:30,911.6002187305135,929.152584819241,911.5978010248668,923.085205078125,1232020
2022-09-15 00:00:00+05:30,927.2033235151772,930.2490427489821,916.756948806426,918.2665405273438,669100
2022-09-16 00:00:00+05:30,918.2617903396283,918.2666257510581,885.9758661594761,889.0505981445312,2323260
2022-09-19 00:00:00+05:30,893.4971824226883,910.1026919966722,882.4372997747547,906.4917602539062,1072620
2022-09-20 00:00:00+05:30,908.6534201902069,913.9671828813777,897.3061262153534,899.3132934570312,1676000
2022-09-21 00:00:00+05:30,899.2820043186338,912.4891055129465,898.076748496129,900.9196166992188,925980
2022-09-22 00:00:00+05:30,900.9195078199435,909.8611262603157,897.5694525208946,900.359130859375,1558620
2022-09-23 00:00:00+05:30,898.0742188559103,901.2238404600993,891.2653705044297,893.480224609375,716840
2022-09-26 00:00:00+05:30,893.475408066826,912.513188107292,888.7292751793067,891.42236328125,2261700
2022-09-27 00:00:00+05:30,895.9995896986945,907.9289629222375,895.8860164942687,902.0186157226562,1386280
2022-09-28 00:00:00+05:30,901.1658988956303,916.8173580890578,894.9197860705509,910.1485595703125,2110340
2022-09-29 00:00:00+05:30,914.7014857311511,924.1116672412418,907.7476929977514,916.8245849609375,1743900
2022-09-30 00:00:00+05:30,915.4164176244722,927.2516166913849,912.711241060006,924.8265991210938,1619460
2022-10-03 00:00:00+05:30,923.5078357013917,924.7855635751685,906.7211756827578,917.4743041992188,1040920
2022-10-04 00:00:00+05:30,929.9085896965059,934.7392836689553,920.3051677205392,929.9979858398438,745780
2022-10-06 00:00:00+05:30,934.3576269047974,943.2002380437797,929.2926514217485,932.3311767578125,1340720
2022-10-07 00:00:00+05:30,931.125820494919,936.1883777258985,925.927989696779,933.3382568359375,792260
2022-10-10 00:00:00+05:30,922.6625633382934,927.7347920896295,918.0709862860846,923.5828247070312,692380
2022-10-11 00:00:00+05:30,927.7347137780838,928.2008592032925,889.3427878589273,891.2605590820312,1098520
2022-10-12 00:00:00+05:30,895.610647119841,906.5691045130989,891.2606049135773,904.5667724609375,774960
2022-10-13 00:00:00+05:30,907.6873823041064,914.0470096828036,898.750598603933,906.4144897460938,605540
2022-10-14 00:00:00+05:30,915.8440099553794,918.4960561738826,910.5857949577378,914.353759765625,441300
2022-10-17 00:00:00+05:30,910.5856878404287,920.7301437792346,907.7935329581833,913.9744262695312,348500
2022-10-18 00:00:00+05:30,918.7979642660139,938.5579314827386,917.3487561204838,936.5676879882812,1070220
2022-10-19 00:00:00+05:30,936.5676500754025,958.7960938573128,930.1258800307562,953.5354614257812,2609600
2022-10-20 00:00:00+05:30,952.5644869873581,973.0804286448017,951.6466434056164,969.0902709960938,2257080
2022-10-21 00:00:00+05:30,969.0903195386165,983.0462011859646,965.2934012382574,980.3869018554688,1143860
2022-10-24 00:00:00+05:30,983.2876424930004,1016.8609616545152,983.0485255282128,1008.4096069335938,903960
2022-10-25 00:00:00+05:30,1004.7843156042169,1016.803025231174,976.6213470169765,979.7806396484375,1427060
2022-10-27 00:00:00+05:30,988.7705971460931,989.0846040521773,961.7911827437778,972.57568359375,2029480
2022-10-28 00:00:00+05:30,972.5756644647774,984.1065285452911,968.5613884626656,979.7830810546875,1298600
2022-10-31 00:00:00+05:30,985.614268067756,994.7281573930998,979.1779370528071,989.5479736328125,1591100
2022-11-01 00:00:00+05:30,991.3047903358494,1007.5985813199716,989.8688458393548,1000.5572509765625,794120
2022-11-02 00:00:00+05:30,1000.5595850914033,1005.9049738412846,982.7059914123512,990.7119140625,866340
2022-11-03 00:00:00+05:30,982.720603964235,994.9712443569948,979.1804820971059,992.4661865234375,706560
2022-11-04 00:00:00+05:30,992.4661631156953,997.8868874715328,986.6955730067474,992.5560913085938,377460
2022-11-07 00:00:00+05:30,993.829287408032,1006.8768838116945,989.8785567218447,995.226318359375,1354440
2022-11-09 00:00:00+05:30,1001.7962583154568,1012.8224274472304,981.8507074225723,987.4342041015625,1044900
2022-11-10 00:00:00+05:30,986.4476652801155,991.3265659890488,974.0731078685083,980.4074096679688,779820
2022-11-11 00:00:00+05:30,985.310560943049,996.185998755901,981.6125312562373,987.5604858398438,716740
2022-11-14 00:00:00+05:30,987.5847892857373,990.9596469114307,966.6745883335612,975.05712890625,969520
2022-11-15 00:00:00+05:30,979.8583710343629,980.9249929691318,964.599703904688,974.5883178710938,786820
2022-11-16 00:00:00+05:30,971.507342478168,978.89859733291,963.3847982288845,976.646240234375,895520
2022-11-17 00:00:00+05:30,978.2061163449592,978.677468195169,966.1862882482868,971.4514770507812,555640
2022-11-18 00:00:00+05:30,971.6458310946231,974.1119752052313,961.198026459197,968.2490844726562,733720
2022-11-21 00:00:00+05:30,964.6968097529549,965.0661322465639,955.6388582384789,960.3087768554688,996880
2022-11-22 00:00:00+05:30,960.3087235350282,964.5656010349963,950.0236917848754,953.1069946289062,948440
2022-11-23 00:00:00+05:30,957.3105739240679,962.8017699794092,948.0776293024652,950.7551879882812,1034440
2022-11-24 00:00:00+05:30,953.6659256432791,965.7853510224794,947.6329066779612,959.033203125,1193920
2022-11-25 00:00:00+05:30,962.1698785206862,963.3361569039818,944.675880729401,949.017822265625,1157160
2022-11-28 00:00:00+05:30,948.8064389101411,964.3688201497401,945.6478003170984,962.9207153320312,1060000
2022-11-29 00:00:00+05:30,959.740128743739,990.1116518052497,958.7682400057706,977.7783813476562,1474460
2022-11-30 00:00:00+05:30,977.7784880893521,988.3623718378956,964.1331900736297,980.8229370117188,6267780
2022-12-01 00:00:00+05:30,981.121731919596,988.8919780375392,968.7301498671196,974.294189453125,1058520
2022-12-02 00:00:00+05:30,974.2942233784124,978.580286303484,956.3021790116286,959.7985229492188,1392340
2022-12-05 00:00:00+05:30,960.2163683735082,964.5995961807557,950.1524792262882,959.8470458984375,1699980
2022-12-06 00:00:00+05:30,959.3029278082104,971.4029564887823,951.2362617942928,967.56884765625,1362180
2022-12-07 00:00:00+05:30,968.0012376947831,975.7350617462192,963.5426741297555,967.5565795898438,1139120
2022-12-08 00:00:00+05:30,967.0295015397352,976.6998084190113,958.8170280798657,962.4300537109375,812480
2022-12-09 00:00:00+05:30,970.3338678224695,986.2217949634633,964.317873367416,983.6365966796875,1535100
2022-12-12 00:00:00+05:30,984.0374679188843,997.1579674911361,978.9350514185642,995.5714111328125,1621200
2022-12-13 00:00:00+05:30,999.1503241692972,1002.7924157400962,987.9249611201469,990.7579956054688,982680
2022-12-14 00:00:00+05:30,990.6049691606858,993.7878694323556,972.2119852343415,974.9745483398438,1633600
2022-12-15 00:00:00+05:30,974.9745931641116,979.1755922435044,954.1251332032698,959.1498413085938,791080
2022-12-16 00:00:00+05:30,958.5254205905364,965.0856706173918,950.9981458608291,959.191162109375,1386420
2022-12-19 00:00:00+05:30,962.1699843801745,977.7202063499551,962.1675522852162,975.8566284179688,1308960
2022-12-20 00:00:00+05:30,979.178054734383,980.0454821764181,964.650736088797,978.4758911132812,933520
2022-12-21 00:00:00+05:30,979.9069751101966,988.7997821974949,974.9090198749263,987.1572875976562,1407560
2022-12-22 00:00:00+05:30,991.0836348531998,993.2703847217163,979.5424549915849,986.7879028320312,753760
2022-12-23 00:00:00+05:30,981.6076858988154,993.9992680722904,974.5639242086683,978.3397216796875,1488080
2022-12-26 00:00:00+05:30,980.3904233455605,983.8260242526952,965.0856063963555,966.9078979492188,667640
2022-12-27 00:00:00+05:30,967.0294461300235,972.7490217422067,959.4973072280058,961.0037231445312,805820
2022-12-28 00:00:00+05:30,961.6839194833966,966.8300538124888,957.7963644779054,964.28857421875,706920
2022-12-29 00:00:00+05:30,964.1137142122552,967.8822155032343,953.9356345949546,962.5587158203125,797020
2022-12-30 00:00:00+05:30,964.0918371454723,966.5434480910092,950.5972104762775,952.7426147460938,852880
2023-01-02 00:00:00+05:30,953.2602001589438,958.0394446503057,947.6523824492403,950.5826416015625,503280
2023-01-03 00:00:00+05:30,952.4025003135667,960.2723442576518,946.422928001304,958.6371459960938,628300
2023-01-04 00:00:00+05:30,961.1980740432783,962.0727977373015,947.5916301235555,948.5586547851562,639680
2023-01-05 00:00:00+05:30,949.5354460995306,966.745187611733,948.5392362589271,961.0037231445312,1027860
2023-01-06 00:00:00+05:30,962.169934101277,968.3147106715256,961.0304086937542,966.3126220703125,787720
2023-01-09 00:00:00+05:30,968.7278169963462,979.8729812925327,966.8593748458635,976.0534057617188,722880
2023-01-10 00:00:00+05:30,974.9526714516766,981.0731267190122,969.7044483874355,973.0526123046875,633360
2023-01-11 00:00:00+05:30,975.2904638138183,976.0145162636248,958.1560585928935,960.1435546875,650200
2023-01-12 00:00:00+05:30,960.1435026462509,969.4590781506773,959.2542457490912,965.7294311523438,661240
2023-01-13 00:00:00+05:30,969.4591257726438,969.4591257726438,958.5278083287499,961.4094848632812,695420
2023-01-16 00:00:00+05:30,964.1136974123984,964.1136974123984,957.3590583337874,959.0404663085938,485300
2023-01-17 00:00:00+05:30,959.0550873796137,970.2464022637513,957.9277223597737,969.2526245117188,803740
2023-01-18 00:00:00+05:30,969.4566995184958,973.9249324230705,960.8749043304742,963.3046264648438,727980
2023-01-19 00:00:00+05:30,963.3045145789625,966.7863249753128,953.017110221312,956.3919677734375,619980
2023-01-20 00:00:00+05:30,955.3715606722684,955.7481794485433,930.5762356405231,933.0156860351562,1440440
2023-01-23 00:00:00+05:30,935.4429718632749,944.6759154816657,930.6345425245956,941.1333618164062,758000
2023-01-24 00:00:00+05:30,942.7321749793282,944.3843978715199,930.5252535193816,937.4207763671875,754240
2023-01-25 00:00:00+05:30,940.2539219626856,940.3268254935825,930.5836156076367,934.7384643554688,823200
2023-01-27 00:00:00+05:30,935.9313750128993,942.4406099403393,924.560263842541,933.8078002929688,895540
2023-01-30 00:00:00+05:30,933.304843045504,933.6765976458703,922.2253458390869,931.356201171875,996600
2023-01-31 00:00:00+05:30,933.0132461957152,933.0132461957152,919.8441648450588,924.1569213867188,2350000
2023-02-01 00:00:00+05:30,928.15382419115,931.8980045196226,919.1760130697227,927.6605834960938,1376100
2023-02-02 00:00:00+05:30,929.5630357758662,929.5630357758662,916.029496374152,921.088134765625,1418440
2023-02-03 00:00:00+05:30,923.5568037001207,925.950044316691,912.1225175489529,923.5033569335938,1111560
2023-02-06 00:00:00+05:30,923.294440982921,926.2101076386565,911.3548121282155,924.3392333984375,1382680
2023-02-07 00:00:00+05:30,924.4606742596485,928.148975789194,917.4630627645163,922.225341796875,797460
2023-02-08 00:00:00+05:30,920.8646232136479,926.4456874397064,917.9562531446738,923.0465087890625,465340
2023-02-09 00:00:00+05:30,923.2457848156563,927.3933369122906,920.9059316648427,923.3089599609375,694680
2023-02-10 00:00:00+05:30,923.780270390696,926.7032329674123,917.2224533268999,924.4533081054688,527660
2023-02-13 00:00:00+05:30,927.9107942608965,932.964627680318,920.8621686512769,924.5966796875,649780
2023-02-14 00:00:00+05:30,928.8730713063945,935.9289940862468,924.6307858243023,927.3229370117188,771780
2023-02-15 00:00:00+05:30,926.9389754584857,937.8144138840848,919.8952135066108,935.97509765625,639960
2023-02-16 00:00:00+05:30,944.1900177077621,962.1626651467807,930.0976293837657,953.85302734375,3480140
2023-02-17 00:00:00+05:30,951.238640199382,951.238640199382,914.647001416573,924.3294677734375,3768700
2023-02-20 00:00:00+05:30,924.7522728344251,930.340633915663,912.6036617882555,914.6956787109375,1306220
2023-02-21 00:00:00+05:30,917.5165939882826,920.0775308023866,911.6318136528062,915.942138671875,899080
2023-02-22 00:00:00+05:30,917.5991252772528,917.5991252772528,905.370315210392,907.4598999023438,841600
2023-02-23 00:00:00+05:30,906.76982541124,914.7490538767487,901.4754516406484,906.1891479492188,985360
2023-02-24 00:00:00+05:30,910.7205940416286,915.9566570764785,904.5855456858488,907.7879028320312,777500
2023-02-27 00:00:00+05:30,908.7160669903171,915.7622610926485,898.6083993088731,904.962158203125,1032500
2023-02-28 00:00:00+05:30,905.324129524337,909.9308728635407,897.0606427761039,907.2581787109375,2183640
2023-03-01 00:00:00+05:30,908.716113825901,914.5669039366961,902.6491045372137,912.5477905273438,1278520
2023-03-02 00:00:00+05:30,913.5730768960609,913.5755089909347,896.8979226081838,898.1103515625,781400
2023-03-03 00:00:00+05:30,901.3783480503859,904.568544805967,894.4050572433508,896.5626220703125,920360
2023-03-06 00:00:00+05:30,900.0662446913142,901.6237345455202,895.3526074733481,899.7188110351562,1058980
2023-03-08 00:00:00+05:30,894.3807361825691,902.5834806508414,894.0187099498265,899.884033203125,914920
2023-03-09 00:00:00+05:30,898.9971381897725,902.8361108059192,895.5955273966221,900.73193359375,1132300
2023-03-10 00:00:00+05:30,900.4550152982865,900.4550152982865,891.9534199955933,898.3046875,472680
2023-03-13 00:00:00+05:30,895.5930951914429,898.9922738894038,887.3369045986362,890.126220703125,729520
2023-03-14 00:00:00+05:30,891.7079768815179,895.8385042948655,885.0505623077587,887.5604248046875,877580
2023-03-15 00:00:00+05:30,889.2782744031405,892.7333320558558,868.8686090889701,874.3767700195312,1559160
2023-03-16 00:00:00+05:30,874.2139981337463,898.9971631725573,873.1327836797539,896.5989990234375,1660860
2023-03-17 00:00:00+05:30,898.9437873463165,917.2201510253748,897.7799408953699,916.4013061523438,2668600
2023-03-20 00:00:00+05:30,918.43503662235,922.8085367967421,906.3884543820132,920.2743530273438,1512900
2023-03-21 00:00:00+05:30,922.80843521123,935.8803517129071,914.5498123304957,919.7664184570312,1955240
2023-03-22 00:00:00+05:30,923.7317911974463,923.7317911974463,908.6529210963495,914.5328369140625,564960
2023-03-23 00:00:00+05:30,914.5328176223184,931.5506009204956,909.2093177877919,925.4544067382812,1133700
2023-03-24 00:00:00+05:30,923.5397749107076,928.1538146689697,917.851816998304,921.0153198242188,525980
2023-03-27 00:00:00+05:30,923.2943644431165,929.5047481416547,914.3068250946417,917.99755859375,717080
2023-03-28 00:00:00+05:30,918.4349556134015,924.2638565700348,916.0052335086041,920.6702880859375,709620
2023-03-29 00:00:00+05:30,919.8927846922802,929.3687008578901,917.2784013466339,925.8674926757812,972120
2023-03-31 00:00:00+05:30,930.8264928701816,959.8324854667916,930.8264928701816,957.5291137695312,2968880
2023-04-03 00:00:00+05:30,961.3924623856458,961.6840171767991,942.0542826357441,957.5753784179688,1274800
2023-04-05 00:00:00+05:30,955.3181643858624,965.7173870254512,952.4996629712322,963.241455078125,943020
2023-04-06 00:00:00+05:30,961.9269562157889,964.113706053107,952.6940124582238,957.7113647460938,819560
2023-04-10 00:00:00+05:30,957.3105310660447,958.1099191478087,947.640225005104,949.0592041015625,448280
2023-04-11 00:00:00+05:30,954.7836024517101,957.0675174556344,946.3767404137335,956.076171875,882520
2023-04-12 00:00:00+05:30,957.0674801516361,957.0674801516361,941.028883119097,944.6904907226562,1137640
2023-04-13 00:00:00+05:30,947.5916788614585,956.3386789740257,943.5218940868612,945.9078979492188,923020
2023-04-17 00:00:00+05:30,951.9650855283326,991.8125265764812,947.6960473383195,983.7652587890625,3887020
2023-04-18 00:00:00+05:30,981.607725318947,1005.9049462426833,981.607725318947,1004.0219116210938,2797200
2023-04-19 00:00:00+05:30,1003.9538800666348,1004.1384819895673,990.7434532552372,1001.9542236328125,1797480
2023-04-20 00:00:00+05:30,1000.8024789011926,1006.9108331493208,990.3546744358488,994.8788452148438,1044260
2023-04-21 00:00:00+05:30,999.8603059143934,1005.4228739434483,995.6748767774908,1001.0202026367188,886100
2023-04-24 00:00:00+05:30,1001.2204940654605,1011.3811569781061,996.3416064523956,1010.4190673828125,1157360
2023-04-25 00:00:00+05:30,1011.3811020391804,1022.1059740563088,991.7972322469501,1009.2420654296875,3369280
2023-04-26 00:00:00+05:30,1006.0090183552646,1029.9395218925097,999.831089114797,1026.875,2497880
2023-04-27 00:00:00+05:30,1028.8284522905046,1035.3581179751702,1025.59533537601,1032.7867431640625,2044640
2023-04-28 00:00:00+05:30,1034.479000553581,1067.0854778218813,1031.9418455934497,1062.7779541015625,3330320
2023-05-02 00:00:00+05:30,1064.6632607694985,1079.2657045887584,1058.4364458269245,1062.0186767578125,1783400
2023-05-03 00:00:00+05:30,1061.9772221581743,1071.786268386531,1053.840893262652,1068.3603515625,1140260
2023-05-04 00:00:00+05:30,1068.5139949412278,1074.1841111528533,1056.7440474758846,1059.47412109375,1270680
2023-05-05 00:00:00+05:30,1064.6607283840754,1078.2742532813209,1062.2163366211967,1075.400146484375,1101520
2023-05-08 00:00:00+05:30,1076.8724928059685,1089.0819314999135,1062.7290981001502,1073.612548828125,1513120
2023-05-09 00:00:00+05:30,1074.430691157752,1081.5097815114696,1066.9438245962313,1073.031494140625,865740
2023-05-10 00:00:00+05:30,1073.0315953501904,1080.774813182054,1072.941216872217,1076.8726806640625,1208820
2023-05-11 00:00:00+05:30,1079.2656175406896,1085.9076006368557,1072.0035045826926,1075.397705078125,1378740
2023-05-12 00:00:00+05:30,1075.3585445099347,1077.8199865876395,1061.7328577362493,1064.37744140625,1339220
2023-05-15 00:00:00+05:30,1065.6400133082454,1075.4026775884429,1062.282417024334,1064.0087890625,1451400
2023-05-16 00:00:00+05:30,1068.325965486683,1073.8934222536957,1060.7561129312344,1063.7059326171875,1545140
2023-05-17 00:00:00+05:30,1063.7060471763687,1069.122078859695,1054.895695530887,1061.36669921875,1335760
2023-05-18 00:00:00+05:30,1067.104931393866,1071.9887068235862,1057.347157623909,1058.782958984375,1023500
2023-05-19 00:00:00+05:30,1064.6629751296812,1064.6629751296812,1050.3096125283196,1059.298095703125,1464400
2023-05-22 00:00:00+05:30,1059.7305675821876,1059.7305675821876,1046.2074196751953,1049.7579345703125,1021900
2023-05-23 00:00:00+05:30,1047.5698466491676,1055.3838874633338,1043.276988899637,1045.3087158203125,1109180
2023-05-24 00:00:00+05:30,1045.3088449602956,1049.914212448919,1039.0233678721333,1044.1806640625,887280
2023-05-25 00:00:00+05:30,1050.0118432913425,1056.4584037849872,1040.7741618811363,1048.7860107421875,1630040
2023-05-26 00:00:00+05:30,1049.2768110291652,1056.3117849099044,1043.6628537022823,1054.0042724609375,1263180
2023-05-29 00:00:00+05:30,1060.9980273483209,1067.1051324420532,1052.5563436186012,1061.2177734375,1068740
2023-05-30 00:00:00+05:30,1058.8026192457871,1061.1761868048725,1050.5514702919604,1053.6478271484375,939620
2023-05-31 00:00:00+05:30,1053.9187525669397,1067.5127225896458,1050.744298492943,1058.465576171875,8495880
2023-06-01 00:00:00+05:30,1063.9794550469082,1070.765471133399,1053.567211542938,1068.291748046875,1197320
2023-06-02 00:00:00+05:30,1074.4306953115017,1079.0702824048922,1065.6398987134985,1076.69921875,1164960
2023-06-05 00:00:00+05:30,1074.3843969810282,1080.7650220568446,1064.1748483887545,1066.3310546875,1630180
2023-06-06 00:00:00+05:30,1068.2844624769805,1071.0877450148844,1055.7526174740517,1060.0430908203125,1570460
2023-06-07 00:00:00+05:30,1062.2164989935816,1095.174717128712,1062.2164989935816,1092.390869140625,3136240
2023-06-08 00:00:00+05:30,1096.8961166924541,1102.636938290498,1078.701665986816,1081.70263671875,1458580
2023-06-09 00:00:00+05:30,1079.358353766237,1088.1051525308626,1076.4280885439816,1078.0177001953125,1418300
2023-06-12 00:00:00+05:30,1076.872785391619,1091.4752303439325,1075.8545370051345,1088.5621337890625,1247040
2023-06-13 00:00:00+05:30,1091.475125966959,1107.5428216569117,1088.7085668273544,1098.48828125,1666940
2023-06-14 00:00:00+05:30,1100.0704256347362,1111.1078059002623,1098.8494817661071,1110.0211181640625,1447540
2023-06-15 00:00:00+05:30,1110.0212147465663,1123.2684568738282,1105.3205804433444,1121.6177978515625,1475140
2023-06-16 00:00:00+05:30,1121.6177199197061,1131.8271478032686,1117.2759766763918,1121.732421875,1470820
2023-06-19 00:00:00+05:30,1124.4893468791297,1130.5940664604498,1111.6083885625449,1113.2493896484375,866620
2023-06-20 00:00:00+05:30,1113.2493925133647,1123.2660211974842,1109.593833956229,1121.0975341796875,1377540
2023-06-21 00:00:00+05:30,1121.1244959753442,1126.6723984498822,1111.7915480665872,1117.974365234375,1292840
2023-06-22 00:00:00+05:30,1113.5009679856148,1117.9329710182046,1098.493133337311,1100.4564208984375,998060
2023-06-23 00:00:00+05:30,1100.456495351895,1104.707860954695,1096.5860786244862,1100.6494140625,870300
2023-06-26 00:00:00+05:30,1099.8287933292113,1108.6172059002483,1099.0938422372285,1105.2376708984375,700300
2023-06-27 00:00:00+05:30,1105.264548640046,1116.919676392423,1099.0987808593488,1105.552734375,882660
2023-06-28 00:00:00+05:30,1107.1520388669667,1113.500947779746,1102.7566403888886,1110.7708740234375,1112480
2023-06-30 00:00:00+05:30,1111.058825081938,1120.6432336279745,1104.9541062628066,1118.1060791015625,737240
2023-07-03 00:00:00+05:30,1120.8264785510532,1120.8264785510532,1102.9030462918079,1105.3228759765625,1105380
2023-07-04 00:00:00+05:30,1110.9615317266766,1115.6987712115852,1100.095128724069,1104.9080810546875,602980
2023-07-05 00:00:00+05:30,1103.0497614876347,1120.5335852344008,1102.7566872168584,1118.3798828125,777760
2023-07-06 00:00:00+05:30,1120.0940848392993,1142.4349765646095,1118.6289519618117,1128.12548828125,1807340
2023-07-07 00:00:00+05:30,1130.8406615112583,1135.3240535050809,1115.942760792038,1118.6875,1129280
2023-07-10 00:00:00+05:30,1116.8705786050111,1125.3390883004358,1101.291382352655,1102.7686767578125,727760
2023-07-11 00:00:00+05:30,1104.2217956215516,1121.3077390702006,1101.3061955465348,1116.05517578125,1370520
2023-07-12 00:00:00+05:30,1120.2892489176293,1128.1521754090563,1114.331066469822,1126.2010498046875,961800
2023-07-13 00:00:00+05:30,1126.201124752259,1129.204718517267,1112.3703570354778,1114.5142822265625,864320
2023-07-14 00:00:00+05:30,1114.51428635582,1133.0360306604855,1113.5009266835807,1130.010498046875,909140
2023-07-17 00:00:00+05:30,1133.035936607618,1142.5763492965807,1121.0706864149945,1126.7236328125,835900
2023-07-18 00:00:00+05:30,1132.5476622549086,1132.5476622549086,1114.5021336563145,1122.152587890625,651680
2023-07-19 00:00:00+05:30,1120.8266396093998,1124.489471764986,1113.5741842482118,1120.3846435546875,557620
2023-07-20 00:00:00+05:30,1120.3870142762994,1127.3951607613194,1111.1078405850567,1123.6566162109375,755840
2023-07-21 00:00:00+05:30,1123.99871773195,1134.5964883332795,1119.009897375636,1122.416259765625,736860
2023-07-24 00:00:00+05:30,1122.298970006587,1125.6420195200722,1108.9955692837439,1114.4825439453125,841620
2023-07-25 00:00:00+05:30,1130.1055655257735,1130.1055655257735,1107.4081729070692,1112.17724609375,1251520
2023-07-26 00:00:00+05:30,1113.056479559563,1118.3846359274423,1108.7147361894563,1113.4959716796875,689240
2023-07-27 00:00:00+05:30,1116.3921788104885,1118.3847977400044,1078.1449124765804,1090.3177490234375,3587480
2023-07-28 00:00:00+05:30,1090.3176858486781,1105.2889158720068,1083.5780509477229,1097.9168701171875,1344220
2023-07-31 00:00:00+05:30,1106.1752097245328,1106.370513061825,1095.4162374164937,1101.45263671875,972180
2023-08-01 00:00:00+05:30,1104.138671336298,1108.1286778260674,1095.1866725539692,1103.4256591796875,1300380
2023-08-02 00:00:00+05:30,1108.1287719829845,1120.2478334846758,1099.3673064739696,1117.520263671875,2093220
2023-08-03 00:00:00+05:30,1117.7961303554048,1117.7961303554048,1094.0610513946817,1097.667724609375,899420
2023-08-04 00:00:00+05:30,1098.651898361758,1108.5610998954378,1094.5519584770643,1096.6275634765625,820200
2023-08-07 00:00:00+05:30,1096.6274047082823,1101.3695318962662,1081.7563313585154,1096.86181640625,824920
2023-08-08 00:00:00+05:30,1097.3844982609198,1098.7983609915636,1079.3145265494584,1085.6268310546875,1160640
2023-08-09 00:00:00+05:30,1088.1052869040116,1091.8291660838333,1082.3717386803917,1085.096923828125,745700
2023-08-10 00:00:00+05:30,1082.3912938163037,1086.3740274341737,1069.3027503491173,1073.93017578125,1411580
2023-08-11 00:00:00+05:30,1073.9301831338103,1074.9191000829696,1062.2212824536389,1066.73388671875,767260
2023-08-14 00:00:00+05:30,1066.8242224923863,1076.3841898052794,1060.231125141038,1069.5224609375,815760
2023-08-16 00:00:00+05:30,1080.7796900619142,1080.7796900619142,1063.9477122000135,1071.8863525390625,578600
2023-08-17 00:00:00+05:30,1069.546983612823,1075.8129066073939,1055.0128609292099,1058.1898193359375,1399840
2023-08-18 00:00:00+05:30,1058.189654117323,1068.5700615373053,1047.5698272383545,1066.128173828125,1313340
2023-08-21 00:00:00+05:30,1066.1282519525732,1083.0310523765652,1061.5057152565541,1076.1082763671875,741920
2023-08-22 00:00:00+05:30,1076.108400253435,1078.9459029219681,1069.8424770566644,1075.6981201171875,810440
2023-08-23 00:00:00+05:30,1079.3144133235633,1087.6070547977145,1071.9887498847154,1083.375244140625,1227560
2023-08-24 00:00:00+05:30,1088.2517383261895,1088.5935787708536,1081.429118136401,1086.3909912109375,920400
2023-08-25 00:00:00+05:30,1083.7099276991244,1088.1272650723558,1079.8639539809494,1083.63671875,839280
2023-08-28 00:00:00+05:30,1083.7830479171007,1084.908844075147,1074.4306650485507,1076.1131591796875,830140
2023-08-29 00:00:00+05:30,1077.8712255741939,1083.2116628672225,1071.9887559539914,1077.5074462890625,1048560
2023-08-30 00:00:00+05:30,1077.5074600583162,1088.1052295153834,1074.926308283437,1084.125,1296640
2023-08-31 00:00:00+05:30,1086.6401655564537,1088.5447905130677,1058.3166492678733,1073.7664794921875,4661300
2023-09-01 00:00:00+05:30,1076.8726670616934,1079.7882671856637,1067.5934921527717,1070.306396484375,716980
2023-09-04 00:00:00+05:30,1073.2194213131734,1073.4514483378084,1056.4827134775994,1061.6448974609375,1481820
2023-09-05 00:00:00+05:30,1062.443513454812,1074.3623829055605,1062.443513454812,1072.2061767578125,1246260
2023-09-06 00:00:00+05:30,1072.206262813378,1079.3145658562598,1063.4227386464463,1074.6309814453125,1125840
2023-09-07 00:00:00+05:30,1073.3710027331856,1078.586842232479,1065.754768199036,1069.3662109375,823180
2023-09-08 00:00:00+05:30,1071.7935227988858,1073.4222430087395,1066.1282949767046,1068.7288818359375,609540
2023-09-11 00:00:00+05:30,1070.0353459138232,1084.195911979336,1068.2479267810213,1080.6356201171875,939540
2023-09-12 00:00:00+05:30,1080.989458856116,1093.7214946370066,1075.2656884276614,1089.94873046875,987580
2023-09-13 00:00:00+05:30,1087.887861294042,1102.22667916868,1081.7586989623596,1083.211669921875,1016500
2023-09-14 00:00:00+05:30,1085.6633756807148,1099.3379481139402,1082.0981954497763,1097.760498046875,1621120
2023-09-15 00:00:00+05:30,1098.8496609250888,1108.6660989224806,1090.0075935254704,1104.822509765625,2322820
2023-09-18 00:00:00+05:30,1104.7101434219487,1115.4544507408184,1096.5370917330888,1114.4483642578125,1150640
2023-09-20 00:00:00+05:30,1101.5869760924359,1114.7976143689725,1101.5869760924359,1107.652587890625,1149000
2023-09-21 00:00:00+05:30,1106.661262092796,1107.1496396950683,1091.5239410786155,1100.4857177734375,923660
2023-09-22 00:00:00+05:30,1099.8262956112005,1105.6844418375551,1092.989009581646,1100.436767578125,766020
2023-09-25 00:00:00+05:30,1102.2682584457477,1109.0421130831887,1096.4566126184905,1105.6258544921875,688540
2023-09-26 00:00:00+05:30,1108.6172058732857,1126.3404489157972,1103.5405109359585,1123.53955078125,1320020
2023-09-27 00:00:00+05:30,1123.5126001184144,1123.539427499587,1110.6414187958692,1117.0660400390625,833060
2023-09-28 00:00:00+05:30,1118.384723739781,1118.7729457841333,1096.3003025859227,1100.7274169921875,1039620
2023-09-29 00:00:00+05:30,1101.3379633269033,1108.8614352033546,1095.4310500599533,1099.1866455078125,904580
2023-10-03 00:00:00+05:30,1099.1865580600268,1103.4745277198851,1086.891628064876,1089.8267822265625,1000260
2023-10-04 00:00:00+05:30,1113.7475295812758,1140.7914398642051,1101.3404012648386,1122.5946044921875,4269760
2023-10-05 00:00:00+05:30,1123.5126148868176,1128.5038194113708,1112.2799306258323,1119.2979736328125,1360000
2023-10-06 00:00:00+05:30,1122.7778582624173,1126.570058338584,1114.2287453034105,1118.983154296875,776240
2023-10-09 00:00:00+05:30,1114.08918162096,1122.3305515530778,1113.5006486061318,1117.498046875,475100
2023-10-10 00:00:00+05:30,1121.3148972550503,1124.0986255488872,1114.7388503715108,1121.7080078125,793260
2023-10-11 00:00:00+05:30,1121.7081226563366,1136.6451330406771,1119.8498792031617,1133.13623046875,1346760
2023-10-12 00:00:00+05:30,1134.159460696337,1137.91994482193,1121.4152599999293,1126.938720703125,1084440
2023-10-13 00:00:00+05:30,1126.9336515264724,1152.563816642261,1121.090290085479,1150.3416748046875,1815820
2023-10-16 00:00:00+05:30,1150.129138791932,1150.129138791932,1122.0498141143946,1128.5697021484375,1732160
2023-10-17 00:00:00+05:30,1129.6174879053822,1140.9576024643534,1129.6174879053822,1139.155517578125,763320
2023-10-18 00:00:00+05:30,1139.155438416486,1145.106348196918,1133.0360526689185,1136.1103515625,713420
2023-10-19 00:00:00+05:30,1135.8148490788574,1183.192363871073,1128.1766760309526,1178.5699462890625,5848240
2023-10-20 00:00:00+05:30,1176.9877188783764,1208.4904610775402,1172.1942017609367,1185.7662353515625,4158680
2023-10-23 00:00:00+05:30,1186.7576249082117,1205.0694011300607,1178.3746039249734,1181.763916015625,1584600
2023-10-25 00:00:00+05:30,1185.7807967839008,1197.9755709832511,1179.583313739484,1184.9359130859375,2227000
2023-10-26 00:00:00+05:30,1184.8039712252178,1184.8333024949543,1143.8291412654967,1149.914306640625,2538800
2023-10-27 00:00:00+05:30,1150.1536803741888,1183.2412624763722,1144.7741343882344,1174.8875732421875,2608740
2023-10-30 00:00:00+05:30,1176.9900698211284,1184.3157341561146,1165.5155803526754,1180.49169921875,1452280
2023-10-31 00:00:00+05:30,1186.7574734243658,1188.2226061076058,1178.0668328794443,1183.5732421875,1032780
2023-11-01 00:00:00+05:30,1188.7409178608295,1188.7433163728185,1168.109877137625,1172.6634521484375,1273800
2023-11-02 00:00:00+05:30,1178.4353125230214,1186.275089349441,1167.7710477841035,1184.408447265625,2141360
2023-11-03 00:00:00+05:30,1185.9360087602322,1188.7408284690628,1177.7793896531518,1178.869873046875,954280
2023-11-06 00:00:00+05:30,1186.287100491805,1198.0984514652657,1181.7999647911379,1193.1396484375,1485520
2023-11-07 00:00:00+05:30,1193.0144906634675,1202.4949692674038,1184.8136182313908,1197.0670166015625,1059300
2023-11-08 00:00:00+05:30,1197.0449597766417,1199.1891096293095,1189.7257803114487,1192.746826171875,726100
2023-11-09 00:00:00+05:30,1196.1092583125514,1199.3021577700592,1188.3653018571106,1190.0550537109375,844460
2023-11-10 00:00:00+05:30,1190.0549991259606,1191.1724659145887,1181.6502529414347,1185.6561279296875,566340
2023-11-13 00:00:00+05:30,1193.5549648683805,1193.5549648683805,1180.4885898640202,1183.1337890625,570560
2023-11-15 00:00:00+05:30,1190.9514666737227,1191.1479048188312,1179.3096883242733,1187.46630859375,1533940
2023-11-16 00:00:00+05:30,1188.4977943342508,1192.302314324929,1181.1763359610661,1182.9888916015625,1388360
2023-11-17 00:00:00+05:30,1183.8288550936718,1202.7357269076663,1182.0899337698768,1197.241455078125,1401020
2023-11-20 00:00:00+05:30,1197.3396310554494,1198.751874970757,1187.0708812684145,1193.7783203125,1082300
2023-11-21 00:00:00+05:30,1193.8987541525328,1199.5404144867375,1187.7707954815894,1197.2611083984375,906580
2023-11-22 00:00:00+05:30,1197.0939738187694,1204.45980412484,1191.6882075068768,1196.15087890625,736420
2023-11-23 00:00:00+05:30,1199.2554537744743,1207.8934552759217,1196.1656904784882,1198.2362060546875,736280
2023-11-24 00:00:00+05:30,1201.0213064437926,1202.1436901356988,1184.2241671084505,1185.7420654296875,808240
2023-11-28 00:00:00+05:30,1185.6953175751291,1191.6881192515398,1173.1766449731103,1189.654541015625,1753940
2023-11-29 00:00:00+05:30,1189.772624691315,1195.3724311344395,1179.4595019157348,1182.232421875,1254300
2023-11-30 00:00:00+05:30,1182.8464017837184,1195.6278330448818,1177.214575389383,1190.5167236328125,2944060
2023-12-01 00:00:00+05:30,1195.6156352684184,1196.846072024019,1186.5992681537666,1195.54931640625,1273000
2023-12-04 00:00:00+05:30,1198.0248193860725,1205.1966099711797,1185.7272888357788,1198.7027587890625,1987840
2023-12-05 00:00:00+05:30,1201.0705932784128,1212.0172832049402,1198.7029019231238,1208.8267822265625,1343740
2023-12-06 00:00:00+05:30,1214.7163096515155,1232.7979717831195,1213.3998863609042,1226.4908447265625,1592160
2023-12-07 00:00:00+05:30,1226.491035360888,1236.3913747272636,1218.8673639031692,1226.822509765625,1201700
2023-12-08 00:00:00+05:30,1227.7925838994586,1236.668877527063,1216.0697361200632,1217.7030029296875,1401520
2023-12-11 00:00:00+05:30,1222.14358619107,1233.9327526173504,1210.3052502677724,1230.1724853515625,1078740
2023-12-12 00:00:00+05:30,1230.1723615899214,1239.86402825378,1218.3243128847973,1225.4420166015625,1282460
2023-12-13 00:00:00+05:30,1225.99461528177,1231.9677490737643,1219.4417611944257,1230.218994140625,891440
2023-12-14 00:00:00+05:30,1235.1114746027254,1235.1114746027254,1215.7625602708158,1217.8846435546875,2094520
2023-12-15 00:00:00+05:30,1220.6724180914298,1225.6878270381592,1189.7234557025681,1196.914794921875,3190820
2023-12-18 00:00:00+05:30,1201.0212329185272,1207.4365325807987,1193.6038350026581,1196.31787109375,1326480
2023-12-19 00:00:00+05:30,1206.90612805672,1262.668897114059,1204.0129227792484,1252.093017578125,7057320
2023-12-20 00:00:00+05:30,1262.1284313311012,1266.2767777489473,1230.7496583288093,1232.8397216796875,2889760
2023-12-21 00:00:00+05:30,1232.8397534171677,1240.2203347870568,1223.5042647968914,1233.7288818359375,2212760
2023-12-22 00:00:00+05:30,1239.8273172617971,1248.1755781766656,1232.9503036161293,1246.136962890625,1776560
2023-12-26 00:00:00+05:30,1251.9112901069843,1257.5110962371741,1245.9675373459345,1255.64697265625,1235700
2023-12-27 00:00:00+05:30,1257.510963355246,1265.7608845999755,1256.553117661246,1263.4276123046875,1428320
2023-12-28 00:00:00+05:30,1270.7666016912806,1295.5311190570878,1266.117205937524,1289.4351806640625,3155440
2023-12-29 00:00:00+05:30,1289.4400625003962,1309.0886729765928,1284.3142024602741,1305.6649169921875,2068160
2024-01-01 00:00:00+05:30,1309.0885911056585,1348.1524343953374,1308.5973758744742,1344.573974609375,2632200
2024-01-02 00:00:00+05:30,1350.8418760709064,1360.3223539499043,1327.4625017013975,1337.2425537109375,2831540
2024-01-03 00:00:00+05:30,1343.2280189844378,1346.7794954307112,1305.306227988536,1308.361572265625,2026920
2024-01-04 00:00:00+05:30,1318.9645475526188,1333.6518359281395,1309.1894118010985,1331.9989013671875,2647800
2024-01-05 00:00:00+05:30,1352.8066212800463,1352.8066212800463,1298.0115433356746,1309.776123046875,5154128
2024-01-08 00:00:00+05:30,1317.9305243631236,1320.8778158823852,1282.563026131985,1286.64013671875,2064756
2024-01-09 00:00:00+05:30,1296.8083365272066,1296.955725096024,1270.7493419917946,1273.5247802734375,1626054
2024-01-10 00:00:00+05:30,1272.247513186207,1288.1628395121961,1262.6442309451834,1266.402099609375,2052936
2024-01-11 00:00:00+05:30,1267.3353518629567,1272.2229196418045,1252.6480637786603,1256.1356201171875,1551334
2024-01-12 00:00:00+05:30,1256.135629813988,1257.4864717692312,1242.7745988236131,1252.4024658203125,2214110
2024-01-15 00:00:00+05:30,1259.4759751657082,1265.4441928344143,1243.0938976432913,1251.3955078125,1787668
2024-01-16 00:00:00+05:30,1255.9881999490128,1255.9881999490128,1243.4377464998627,1248.6937255859375,1386740
2024-01-17 00:00:00+05:30,1248.693672690667,1256.1109505496174,1240.5148673307976,1249.20947265625,1603238
2024-01-18 00:00:00+05:30,1245.2307341138808,1252.5989633098209,1226.1469725261536,1229.0206298828125,1269820
2024-01-19 00:00:00+05:30,1232.9503960882344,1238.7958101552215,1227.8908545414754,1234.9888916015625,1882782
2024-01-23 00:00:00+05:30,1218.2137934056157,1227.1538867753281,1201.512475270216,1209.81396484375,1381076
2024-01-24 00:00:00+05:30,1217.1822902306894,1237.567724281837,1205.9335083269245,1234.890625,1318076
2024-01-25 00:00:00+05:30,1240.3432280399331,1241.7922892024167,1212.171982369626,1219.27001953125,1571546
2024-01-29 00:00:00+05:30,1219.2698041417457,1230.4941198318047,1216.5436556251054,1227.3258056640625,1265438
2024-01-30 00:00:00+05:30,1233.9327774445242,1243.339502041186,1222.1436107810414,1224.133056640625,1336068
2024-01-31 00:00:00+05:30,1232.4591194512077,1233.8099614514033,1219.0489185186905,1230.9854736328125,1432188
2024-02-01 00:00:00+05:30,1232.9502056220406,1233.3922513510313,1209.7157016664353,1212.220947265625,1641132
2024-02-02 00:00:00+05:30,1212.3192527923081,1226.0732799714754,1209.887761258254,1218.9014892578125,1508122
2024-02-05 00:00:00+05:30,1230.4943743662154,1230.4943743662154,1206.7686504681628,1209.7159423828125,1065954
2024-02-06 00:00:00+05:30,1209.5440417046652,1217.2069284279016,1201.389819755908,1206.7440185546875,1540366
2024-02-07 00:00:00+05:30,1213.3016555773277,1233.7116729993857,1201.8563163796773,1227.8416748046875,3094808
2024-02-08 00:00:00+05:30,1229.9784015051137,1234.841504436472,1183.386706988399,1190.2391357421875,3308894
2024-02-09 00:00:00+05:30,1199.9651788217752,1211.2875939917358,1188.76544753436,1203.5264892578125,1677638
2024-02-12 00:00:00+05:30,1208.2666782430056,1212.2946191980607,1198.2213506395203,1207.9228515625,890538
2024-02-13 00:00:00+05:30,1215.266576892943,1216.5437845640417,1200.9967493270867,1207.087890625,621970
2024-02-14 00:00:00+05:30,1203.4773792470849,1226.7364696284878,1196.1337351425134,1221.65234375,1018616
2024-02-15 00:00:00+05:30,1229.0413653446392,1229.0413653446392,1200.9630656153229,1208.623046875,1680952
2024-02-16 00:00:00+05:30,1210.3471134094789,1226.8246173430582,1206.1846528140147,1225.420654296875,1493232
2024-02-19 00:00:00+05:30,1229.041389959387,1244.0657436242213,1222.341957924509,1238.0313720703125,955040
2024-02-20 00:00:00+05:30,1240.863814154696,1252.0951581609606,1230.0758838840009,1250.912841796875,1262888
2024-02-21 00:00:00+05:30,1250.9129099099653,1256.6271386539402,1240.4451221026757,1252.98193359375,1786364
2024-02-22 00:00:00+05:30,1261.060535142478,1263.9914916303205,1243.8194731385772,1262.6121826171875,1504742
2024-02-23 00:00:00+05:30,1263.5234973281795,1272.3903288883773,1257.0950203942161,1270.419921875,1211238
2024-02-26 00:00:00+05:30,1274.853333451755,1274.853333451755,1264.3855462277015,1272.8336181640625,1323894
2024-02-27 00:00:00+05:30,1273.3755255759552,1281.478800322255,1264.385543625564,1280.1241455078125,1261744
2024-02-28 00:00:00+05:30,1281.257294068244,1283.227701287111,1261.1837705260366,1266.429931640625,985574
2024-02-29 00:00:00+05:30,1266.7006853956643,1283.818595389378,1254.6812513762193,1278.892578125,2774576
2024-03-01 00:00:00+05:30,1278.8926006562642,1288.91709407152,1272.1439809379892,1281.478759765625,1511456
2024-03-04 00:00:00+05:30,1278.252257665794,1281.3064847860826,1269.6317268742414,1275.395263671875,1268620
2024-03-05 00:00:00+05:30,1275.8386064658584,1278.40011166154,1247.26770330948,1250.54345703125,678604
2024-03-06 00:00:00+05:30,1251.208470288249,1264.385567367072,1235.568364409646,1247.784912109375,1983280
2024-03-07 00:00:00+05:30,1246.2825626896451,1264.0162276132924,1240.863942851864,1261.528564453125,1297304
2024-03-11 00:00:00+05:30,1261.5285210695824,1296.035300266325,1255.4203070226972,1286.4295654296875,2990598
2024-03-12 00:00:00+05:30,1283.744793369305,1288.1782090458453,1264.163874131251,1275.912353515625,1726470
2024-03-13 00:00:00+05:30,1278.276943918957,1307.1926438762107,1257.538481480756,1272.36572265625,3627604
2024-03-14 00:00:00+05:30,1275.8385977007285,1290.5919968143694,1267.9076610147845,1287.0452880859375,2245994
2024-03-15 00:00:00+05:30,1289.1141273365965,1295.4932959548223,1273.4740217531448,1282.5625,2533984
2024-03-18 00:00:00+05:30,1282.562608558387,1286.0847835321879,1260.4448361873096,1271.0850830078125,1285192
2024-03-19 00:00:00+05:30,1270.9126118307431,1273.2524703215167,1215.8150537897245,1229.5587158203125,3497728
2024-03-20 00:00:00+05:30,1238.400875890691,1258.5975488865215,1230.5439015463537,1256.2576904296875,1399290
2024-03-21 00:00:00+05:30,1256.6270265541718,1262.0702997812064,1243.893223593016,1257.932373046875,1807754
2024-03-22 00:00:00+05:30,1251.3069013576348,1276.823695246003,1249.7305998607676,1267.6612548828125,2027126
2024-03-26 00:00:00+05:30,1265.0013403613407,1279.0404907508648,1247.3415188709819,1273.91748046875,1941704
2024-03-27 00:00:00+05:30,1273.9173669364905,1276.1094205561506,1256.996449606214,1264.2376708984375,1801192
2024-03-28 00:00:00+05:30,1264.5335097162706,1299.8283815567834,1264.5335097162706,1291.7744140625,4365832
2024-04-01 00:00:00+05:30,1291.7742570281032,1301.7494425413565,1272.144029035888,1273.671142578125,1486064
2024-04-02 00:00:00+05:30,1279.286858342135,1295.542717535547,1272.3904332297786,1292.2423095703125,1445766
2024-04-03 00:00:00+05:30,1292.2423046366946,1292.5624476957591,1253.6715602813083,1258.080322265625,3850278
2024-04-04 00:00:00+05:30,1265.8880315356116,1265.9865278351517,1238.4501374559736,1255.9375,2782752
2024-04-05 00:00:00+05:30,1268.449628562583,1268.9422303600832,1248.2529548650816,1250.0509033203125,1532454
2024-04-08 00:00:00+05:30,1246.7750268202356,1254.7798052421356,1227.9823181999993,1230.5438232421875,2436980
2024-04-09 00:00:00+05:30,1234.4599685176827,1242.4400927050813,1230.0265528286727,1232.8836669921875,867882
2024-04-10 00:00:00+05:30,1238.4007878837638,1247.760221045972,1228.5734071162647,1245.1002197265625,989760
2024-04-12 00:00:00+05:30,1248.5975232204303,1260.5677687585282,1239.4843916369864,1249.33642578125,2479930
2024-04-15 00:00:00+05:30,1236.430355410024,1269.4346716699729,1236.430355410024,1257.932373046875,2293646
2024-04-16 00:00:00+05:30,1256.2081975420529,1272.710354759941,1252.3413462927324,1254.2132568359375,1537722
2024-04-18 00:00:00+05:30,1251.2578100532942,1252.5138483615044,1187.4658805338968,1213.0565185546875,6077666
2024-04-19 00:00:00+05:30,1197.0222980506708,1217.3914292939235,1187.170262675768,1200.8153076171875,3702024
2024-04-22 00:00:00+05:30,1200.2240562227462,1222.6374338374128,1195.9630995730658,1211.1597900390625,2504706
2024-04-23 00:00:00+05:30,1206.3816759588956,1236.4303824650176,1195.0271816607299,1232.1201171875,2248818
2024-04-24 00:00:00+05:30,1238.9180854820472,1249.1395720428138,1225.7163342085737,1231.5782470703125,1447036
2024-04-25 00:00:00+05:30,1241.3318937875401,1269.8781443190742,1217.342209949799,1262.365966796875,6481728
2024-04-26 00:00:00+05:30,1268.4248139382057,1272.2917856649742,1217.2435417590743,1223.0069580078125,2643128
2024-04-29 00:00:00+05:30,1232.4894697455998,1243.5236998663038,1226.5782492672035,1236.331787109375,1243124
2024-04-30 00:00:00+05:30,1240.2234806028318,1250.0263282081908,1231.7754081600197,1235.149658203125,1625278
2024-05-02 00:00:00+05:30,1235.1495338486163,1251.7010001378958,1233.9673377982797,1237.5633544921875,2223826
2024-05-03 00:00:00+05:30,1238.942652298045,1242.8588119768194,1200.1009579991862,1209.879150390625,2257460
2024-05-06 00:00:00+05:30,1218.8936383543642,1221.6276019318561,1205.3717452986602,1210.5194091796875,1431992
2024-05-07 00:00:00+05:30,1216.2337688057823,1245.4697319290922,1211.5787061371716,1235.765380859375,2146918
2024-05-08 00:00:00+05:30,1232.7113229404313,1255.1493584842087,1224.4355888316695,1250.7159423828125,1398140
2024-05-09 00:00:00+05:30,1250.7158819674346,1256.0851931030086,1232.4896166532185,1238.1298828125,1404310
2024-05-10 00:00:00+05:30,1238.1298798083737,1255.6418965733092,1233.203862167835,1247.8587646484375,1394832
2024-05-13 00:00:00+05:30,1247.6370841604764,1252.144342074013,1234.4846414688152,1239.5091552734375,680762
2024-05-14 00:00:00+05:30,1234.5093545562702,1240.8392151969335,1222.6376036911772,1225.2730712890625,1113494
2024-05-15 00:00:00+05:30,1225.5931458386156,1231.0117650525324,1211.800296930464,1214.2633056640625,868812
2024-05-16 00:00:00+05:30,1216.7264411501785,1221.6278049878194,1192.244155840586,1215.9136962890625,1944988
2024-05-17 00:00:00+05:30,1215.9135909894326,1215.9135909894326,1198.8941762883514,1204.6575927734375,1442356
2024-05-21 00:00:00+05:30,1214.7559631554818,1226.3814130171936,1198.0075029984314,1212.1944580078125,2574902
2024-05-22 00:00:00+05:30,1217.7114581320786,1225.3467848315315,1212.736132628734,1216.3074951171875,1574654
2024-05-23 00:00:00+05:30,1222.1450001371604,1225.3469116651295,1209.608309053548,1218.7706298828125,1563326
2024-05-24 00:00:00+05:30,1220.1499543131188,1224.1154226929737,1210.8398287813782,1215.6180419921875,907544
2024-05-27 00:00:00+05:30,1220.1745144530184,1221.15971793663,1209.3372761332903,1211.7509765625,1071662
2024-05-28 00:00:00+05:30,1212.3667323429556,1215.5686436742096,1204.9038640380563,1207.711669921875,1043344
2024-05-29 00:00:00+05:30,1205.7412460217138,1230.026535676802,1204.411245386376,1219.7803955078125,1739200
2024-05-30 00:00:00+05:30,1214.2880213936494,1218.2534897086937,1182.5152071186922,1184.6087646484375,2548428
2024-05-31 00:00:00+05:30,1194.8548725398166,1194.8548725398166,1155.1511227317542,1160.02783203125,5065946
2024-06-03 00:00:00+05:30,1169.8306914651973,1176.8009583098196,1157.6141436832936,1160.101806640625,2145030
2024-06-04 00:00:00+05:30,1164.486042488985,1200.9632311296468,1146.5060761492673,1195.9140625,3117062
2024-06-05 00:00:00+05:30,1197.0223871842445,1267.981701308627,1197.0223871842445,1236.356689453125,4057558
2024-06-06 00:00:00+05:30,1240.3713071432226,1240.3713071432226,1208.1797320630717,1217.416015625,1944280
2024-06-07 00:00:00+05:30,1219.9035365935592,1239.5091096030403,1215.2484742735026,1232.711181640625,2022404
2024-06-10 00:00:00+05:30,1236.430439226066,1263.523536499944,1234.9772880614696,1255.247802734375,1590348
2024-06-11 00:00:00+05:30,1261.0605535416598,1268.449580222568,1248.2529072947525,1252.1690673828125,1138822
2024-06-12 00:00:00+05:30,1253.178947963976,1258.4744171819843,1241.8491068463773,1249.8785400390625,960816
2024-06-13 00:00:00+05:30,1277.8828492300559,1287.8826893366572,1253.745362203689,1256.99658203125,2162544
2024-06-14 00:00:00+05:30,1263.326611249004,1263.326611249004,1248.3022565052338,1252.4400634765625,858944
2024-06-18 00:00:00+05:30,1255.6418243167825,1258.5974347310237,1248.2527982811796,1256.306884765625,519108
2024-06-19 00:00:00+05:30,1256.1345809645027,1260.8636063161307,1240.297481314065,1244.3367919921875,1568614
2024-06-20 00:00:00+05:30,1243.8194511466895,1256.700939139063,1231.5044070759302,1251.0853271484375,1314826
2024-06-21 00:00:00+05:30,1247.563262891745,1255.149281874356,1225.839477215202,1230.7161865234375,2543088
2024-06-24 00:00:00+05:30,1230.7162107690083,1247.2676783023587,1223.8690942899725,1246.30712890625,1448402
2024-06-25 00:00:00+05:30,1248.7456240889433,1250.3712341612907,1233.9675693659972,1239.115234375,625460
2024-06-26 00:00:00+05:30,1242.6373358282967,1254.6567715173219,1235.1743464776487,1248.3760986328125,958712
2024-06-27 00:00:00+05:30,1246.8736021496948,1258.1049467925197,1235.4699190422416,1248.1297607421875,1732622
2024-06-28 00:00:00+05:30,1248.1296207823752,1267.8090356443097,1245.4449654338068,1256.9471435546875,2364066
2024-07-01 00:00:00+05:30,1260.9619187421874,1276.3803767756988,1259.582609860425,1265.050537109375,1849028
2024-07-02 00:00:00+05:30,1273.5725305296728,1274.8533431995784,1247.8340888054927,1253.4005126953125,1162200
2024-07-03 00:00:00+05:30,1256.183818715263,1265.7648990655468,1251.5532899301074,1256.8734130859375,631912
2024-07-04 00:00:00+05:30,1261.0605458029759,1263.5235546814972,1252.218367981905,1253.745361328125,627352
2024-07-05 00:00:00+05:30,1256.4300865797345,1270.7155374994195,1247.5139466931873,1268.03076171875,1583026
2024-07-08 00:00:00+05:30,1268.0307300558247,1290.616568103271,1261.7747119655482,1282.4393310546875,1448552
2024-07-09 00:00:00+05:30,1294.2125879761966,1300.5179143615321,1277.611933231689,1297.0697021484375,1665146
2024-07-10 00:00:00+05:30,1299.4342041869104,1305.3700797656145,1279.8040951581208,1288.867919921875,1069980
2024-07-11 00:00:00+05:30,1290.6165454703448,1296.3307737009663,1262.8830437419608,1277.414794921875,2107598
2024-07-12 00:00:00+05:30,1283.227590997359,1290.5427752743283,1273.7943153534413,1285.197998046875,1451786
2024-07-15 00:00:00+05:30,1285.2226083108997,1290.370272499201,1279.28673322406,1283.27685546875,695922
2024-07-16 00:00:00+05:30,1288.5953831337683,1295.6454036824812,1271.0074129761522,1289.93115234375,1514138
2024-07-18 00:00:00+05:30,1273.951117928084,1303.5858936774443,1273.951117928084,1299.7022705078125,1733594
2024-07-19 00:00:00+05:30,1303.5611753128896,1308.8300895591062,1279.6157706416295,1285.255859375,1077872
2024-07-22 00:00:00+05:30,1285.2558899681494,1301.1616773676938,1269.1521347850303,1280.036376953125,1490342
2024-07-23 00:00:00+05:30,1284.6374857754465,1289.5353465079395,1261.5826332611723,1277.191650390625,1936998
2024-07-24 00:00:00+05:30,1276.919442092443,1276.919442092443,1246.0972245054838,1257.3277587890625,2622088
2024-07-25 00:00:00+05:30,1259.0099939408453,1264.8725700633886,1216.7840336016316,1227.2724609375,6938362
2024-07-26 00:00:00+05:30,1233.1846013552615,1233.1846013552615,1212.8508111128788,1225.4171142578125,3239386
2024-07-29 00:00:00+05:30,1228.7320207141295,1230.3893214539846,1216.5614109080443,1222.1519775390625,1605802
2024-07-30 00:00:00+05:30,1222.1767051283364,1227.1487279974046,1212.6034715126377,1215.8934326171875,3429516
2024-07-31 00:00:00+05:30,1222.0034951064536,1225.4666629063504,1213.0982064781474,1215.2503662109375,1644722
2024-08-01 00:00:00+05:30,1219.529782846546,1233.0361611909937,1215.2503453102713,1228.9298095703125,2653524
2024-08-02 00:00:00+05:30,1226.950912579636,1243.7720138004859,1219.5298385116141,1234.4215087890625,2310948
2024-08-05 00:00:00+05:30,1230.9088231136006,1251.1435701632013,1224.5019866359676,1242.23828125,2651820
2024-08-06 00:00:00+05:30,1243.7225638959949,1250.698422239386,1237.3404881411016,1241.051025390625,1898862
2024-08-07 00:00:00+05:30,1246.0230947731811,1251.1683244698186,1241.9167429727072,1248.125732421875,1299940
2024-08-08 00:00:00+05:30,1246.0230199574826,1249.214057452051,1225.9613601450228,1231.4530029296875,2850012
2024-08-09 00:00:00+05:30,1240.1110957679473,1242.7331121815416,1231.997315015082,1239.1710205078125,540012
2024-08-12 00:00:00+05:30,1237.736195261104,1241.7682637405287,1221.1872247250535,1223.5372314453125,950040
2024-08-13 00:00:00+05:30,1223.982447853961,1232.8877364802227,1223.7350787254536,1229.276123046875,623692
2024-08-14 00:00:00+05:30,1230.3644805977253,1232.8629328665736,1217.3529615158106,1224.279296875,1123752
2024-08-16 00:00:00+05:30,1231.8983196740448,1253.3946738260738,1222.6714990477997,1249.436767578125,1719668
2024-08-19 00:00:00+05:30,1251.6878236035027,1259.6036359266868,1237.1178057032837,1238.404052734375,955402
2024-08-20 00:00:00+05:30,1242.089907128588,1249.7088279156121,1236.3756561454668,1245.998291015625,969464
2024-08-21 00:00:00+05:30,1251.6384059079214,1264.0563858404464,1247.5568148381822,1262.448486328125,1249546
2024-08-22 00:00:00+05:30,1269.003728719283,1269.028489791216,1259.108962803343,1262.077392578125,1269810
2024-08-23 00:00:00+05:30,1262.0525494212086,1262.2505171980815,1246.740424319349,1251.2919921875,1023074
2024-08-26 00:00:00+05:30,1251.2921207561155,1259.1090102816095,1240.7789315740001,1246.5179443359375,1266798
2024-08-27 00:00:00+05:30,1251.0198549928784,1253.0730912468453,1242.5351421335245,1247.457763671875,782130
2024-08-28 00:00:00+05:30,1246.2456959256676,1246.2456959256676,1231.898286167095,1233.1351318359375,1130322
2024-08-29 00:00:00+05:30,1236.3014579628152,1246.46835392515,1232.2198670921175,1239.0968017578125,1799588
2024-08-30 00:00:00+05:30,1239.0968265617346,1245.40473985181,1232.788913271659,1237.216796875,3808974
2024-09-02 00:00:00+05:30,1236.8456697355687,1244.7614820218762,1235.3862160024225,1241.7435302734375,1751182
2024-09-03 00:00:00+05:30,1237.8352337537353,1266.0353170167102,1237.8352337537353,1252.0589599609375,1975054
2024-09-04 00:00:00+05:30,1249.2390262925985,1257.3526864731991,1243.623698013858,1254.0379638671875,1005886
2024-09-05 00:00:00+05:30,1254.0378837693115,1254.1615683421262,1232.9619842473824,1239.2698974609375,2238592
2024-09-06 00:00:00+05:30,1241.1004921797396,1246.3694065247735,1230.9335964123622,1238.4288330078125,1673400
2024-09-09 00:00:00+05:30,1234.446173178471,1246.7404677721763,1231.2798964952397,1245.132568359375,1167196
2024-09-10 00:00:00+05:30,1251.1931366586657,1260.5436420347112,1243.7720623012597,1254.408935546875,3044078
2024-09-11 00:00:00+05:30,1260.0984449918637,1267.3216724568697,1246.4683807249733,1250.1295166015625,1959876
2024-09-12 00:00:00+05:30,1251.6382623014226,1256.6351669883757,1230.9087777429445,1250.6241455078125,3109758
2024-09-13 00:00:00+05:30,1251.687907853451,1267.0247952619318,1250.8221158223269,1252.3804931640625,1465434
2024-09-16 00:00:00+05:30,1251.687847033303,1264.353195301759,1236.8456986495087,1261.384765625,788794
2024-09-17 00:00:00+05:30,1262.1514477845099,1279.0468316220915,1255.9919806822465,1260.024169921875,1390374
2024-09-18 00:00:00+05:30,1261.5578021099334,1286.8637365839704,1259.603610139796,1284.909423828125,2354058
2024-09-19 00:00:00+05:30,1287.8038130035886,1324.4144477182508,1284.9095455936147,1303.2396240234375,5068578
2024-09-20 00:00:00+05:30,1308.087944524175,1337.8959243492816,1301.7305096413843,1335.5706787109375,4645516
2024-09-23 00:00:00+05:30,1338.34119641324,1350.561328435325,1330.8459598606514,1348.2359619140625,2144494
2024-09-24 00:00:00+05:30,1348.1617696990725,1368.8418532960018,1322.930118229475,1334.01220703125,3080066
2024-09-25 00:00:00+05:30,1328.4960400407447,1338.0692746039063,1315.5339205430826,1334.482421875,1437914
2024-09-26 00:00:00+05:30,1339.7265131911897,1366.6897496931504,1339.7265131911897,1363.2513427734375,2317212
2024-09-27 00:00:00+05:30,1360.5303529924765,1374.3830256774909,1351.130325099074,1358.4029541015625,2194334
2024-09-30 00:00:00+05:30,1345.688199393086,1355.582965565094,1328.273435087496,1330.8212890625,1766384
2024-10-01 00:00:00+05:30,1330.845938389497,1340.740703730683,1322.3858657084993,1339.28125,1105518
2024-10-03 00:00:00+05:30,1328.3722531271376,1333.3196358203484,1311.2296204094457,1323.3507080078125,1624730
2024-10-04 00:00:00+05:30,1317.4879996019554,1325.0822802834527,1281.5205518961375,1285.4041748046875,2066068
2024-10-07 00:00:00+05:30,1288.768490569928,1296.2143260273426,1269.9436743878457,1273.3822021484375,2205716
2024-10-08 00:00:00+05:30,1271.7743654959636,1283.3511937949368,1262.3743374766484,1277.2906494140625,2404340
2024-10-09 00:00:00+05:30,1275.9299853011041,1276.4247235660523,1221.4840150864259,1244.761474609375,4733190
2024-10-10 00:00:00+05:30,1251.1931922520612,1252.5289615386025,1239.8142110651108,1243.0052490234375,2060004
2024-10-11 00:00:00+05:30,1246.7405458202024,1247.7300224438693,1234.916348481672,1242.6837158203125,1256928
2024-10-14 00:00:00+05:30,1246.5920680159056,1246.5920680159056,1233.4567420183864,1237.8599853515625,1340768
2024-10-15 00:00:00+05:30,1237.8599545285413,1237.8599545285413,1222.993044854458,1229.0535888671875,1590308
2024-10-16 00:00:00+05:30,1231.8982985859923,1233.4072744743341,1202.9313485725409,1218.1693115234375,2473286
2024-10-17 00:00:00+05:30,1224.4525463295208,1224.4525463295208,1170.0560937396563,1176.833984375,5255508
2024-10-18 00:00:00+05:30,1177.4770075158228,1179.2827537718915,1150.8106647775396,1162.758544921875,3278370
2024-10-21 00:00:00+05:30,1167.5824452240136,1174.508781763478,1154.224510469332,1164.935546875,1497408
2024-10-22 00:00:00+05:30,1164.861182435296,1179.9506987080829,1157.7122390468048,1162.758544921875,1934262
2024-10-23 00:00:00+05:30,1162.6596565996722,1174.95382972566,1147.8422700669755,1151.330078125,1414522
2024-10-24 00:00:00+05:30,1157.192820299132,1157.687558572026,1096.3400127331668,1117.4405517578125,5910994
2024-10-25 00:00:00+05:30,1122.5610634518334,1131.2189826278611,1116.6242045882714,1118.4547119140625,2683018
2024-10-28 00:00:00+05:30,1123.5258079685,1147.2980051077134,1116.1542563362084,1124.070068359375,1751130
2024-10-29 00:00:00+05:30,1128.003281911692,1130.872788101768,1118.479569992043,1121.76953125,1859662
2024-10-30 00:00:00+05:30,1127.3849362781507,1136.537595113541,1118.2075163698446,1126.1728515625,1787546
2024-10-31 00:00:00+05:30,1131.4664732378521,1131.4664732378521,1118.108539360536,1119.5679931640625,1319530
2024-11-01 00:00:00+05:30,1134.385266172276,1134.410027241504,1122.2395389661121,1129.14111328125,243228
2024-11-04 00:00:00+05:30,1129.487521242202,1131.4664744112642,1103.7116079008817,1111.2811279296875,1926320
2024-11-05 00:00:00+05:30,1116.1296407303553,1122.016978375593,1106.3833200637462,1119.3206787109375,1451860
2024-11-06 00:00:00+05:30,1122.0664786439188,1127.8548926702556,1117.1438566535728,1125.8265380859375,1613946
2024-11-07 00:00:00+05:30,1124.5400998680066,1130.4027967451755,1109.054767692444,1119.5185546875,1783914
2024-11-08 00:00:00+05:30,1123.0558614277895,1136.908532846282,1117.5148170175344,1135.745849609375,1669990
2024-11-11 00:00:00+05:30,1128.0033024141753,1135.3502143428695,1115.2390303612929,1127.5333251953125,1547190
2024-11-12 00:00:00+05:30,1133.1733022075452,1133.1733022075452,1108.708517707554,1116.228515625,2210678
2024-11-13 00:00:00+05:30,1108.8321992895264,1114.1258748679763,1099.3084871483895,1105.86376953125,1526776
2024-11-14 00:00:00+05:30,1107.743824542324,1110.6627322237814,1077.7378739112442,1079.914794921875,2318476
2024-11-18 00:00:00+05:30,1083.8231008705047,1097.7994569585273,1072.9388589612483,1094.9547119140625,1383330
2024-11-19 00:00:00+05:30,1100.7927637824812,1110.019585151133,1090.3537368992886,1095.4248046875,1612040
2024-11-21 00:00:00+05:30,1091.169987122558,1113.1610784938846,1081.9925682960559,1093.9652099609375,1655768
2024-11-22 00:00:00+05:30,1095.4495529123883,1114.5712612585107,1090.502169762404,1111.825439453125,1543916
2024-11-25 00:00:00+05:30,1117.3911168318193,1129.8089746369592,1111.3058121009033,1116.5994873046875,4059604
2024-11-26 00:00:00+05:30,1123.0559395391306,1131.9364678554352,1113.4085427016798,1120.7059326171875,634244
2024-11-27 00:00:00+05:30,1126.3212608008625,1126.4201843036053,1113.3837817992887,1125.0101318359375,874722
2024-11-28 00:00:00+05:30,1125.0596523564911,1132.7033349145386,1102.2769295433902,1106.3585205078125,2492756
2024-11-29 00:00:00+05:30,1101.7820731955399,1119.5926500410897,1101.7820731955399,1105.5667724609375,2698320
2024-12-02 00:00:00+05:30,1109.5990105374815,1116.624269779038,1099.8526908245983,1114.076416015625,936544
2024-12-03 00:00:00+05:30,1119.0979085210445,1121.4974373199977,1113.1610495898983,1118.949462890625,1532464
2024-12-04 00:00:00+05:30,1118.6032799813233,1125.529616080279,1108.9311222002816,1117.0201416015625,1937738
2024-12-05 00:00:00+05:30,1117.0201291888,1126.5190801475253,1098.8137360595758,1120.82958984375,2375568
2024-12-06 00:00:00+05:30,1121.299462286854,1133.9152874338115,1115.6842557222774,1121.9674072265625,1291202
2024-12-09 00:00:00+05:30,1123.0558181999415,1126.3211389371836,1095.1772697290223,1102.6973876953125,1939702
2024-12-10 00:00:00+05:30,1102.771708858729,1108.2138303470404,1093.3716808334639,1095.5732421875,1830596
2024-12-11 00:00:00+05:30,1100.792581406443,1115.1399903326394,1099.8031049287742,1108.733154296875,1469722
2024-12-12 00:00:00+05:30,1113.1364277207372,1115.140142017709,1095.8948702235277,1100.32275390625,1931220
2024-12-13 00:00:00+05:30,1100.7926593896473,1117.0448600009881,1092.5057933021073,1114.8927001953125,1109322
2024-12-16 00:00:00+05:30,1114.8927266268408,1116.8716797692891,1102.549030557962,1107.5953369140625,1331372
2024-12-17 00:00:00+05:30,1101.287408474277,1105.2205536331142,1088.4242132270483,1089.8836669921875,2997812
2024-12-18 00:00:00+05:30,1089.8836367956342,1095.325757710989,1078.7767869028023,1082.5120849609375,1932332
2024-12-19 00:00:00+05:30,1081.0031293938591,1085.5794584313387,1062.4009219650623,1068.83251953125,3107980
2024-12-20 00:00:00+05:30,1068.634748923908,1076.0558235692129,1061.4115212881898,1070.3663330078125,3303524
2024-12-23 00:00:00+05:30,1073.582140562631,1078.5295236988643,1062.5494520116863,1064.47900390625,877434
2024-12-24 00:00:00+05:30,1064.5282670792953,1076.0556924474831,1064.5282670792953,1071.9493408203125,645132
2024-12-26 00:00:00+05:30,1067.744169408827,1076.5505352606579,1061.9062333417223,1063.6378173828125,1047852
2024-12-27 00:00:00+05:30,1068.1399524570652,1073.1120963558444,1064.1820461950658,1071.4052734375,925334
2024-12-30 00:00:00+05:30,1075.5609405501332,1077.0451552795032,1063.1924844720497,1068.5850830078125,2470980
2024-12-31 00:00:00+05:30,1066.1609763712202,1075.8331337478785,1062.5741238985097,1073.6068115234375,1271114
2025-01-01 00:00:00+05:30,1073.5821132961062,1078.1584425808935,1067.2989610298116,1073.2110595703125,908580
2025-01-02 00:00:00+05:30,1073.0872620774546,1092.2583692261412,1070.1929950065319,1088.5230712890625,1258328
2025-01-03 00:00:00+05:30,1088.5231781801858,1107.199548913862,1087.4595391546738,1104.6021728515625,2022900
2025-01-06 00:00:00+05:30,1109.945238727072,1110.6378239470978,1073.581978175951,1081.0030517578125,2276932
2025-01-07 00:00:00+05:30,1083.5757668545448,1096.488484397853,1078.4799383656423,1094.6826171875,1191638
2025-01-08 00:00:00+05:30,1099.8032683325434,1100.7679838844629,1085.7279875036052,1098.26953125,899000
2025-01-09 00:00:00+05:30,1096.0678748223922,1123.9464246183152,1090.4279068653243,1116.154296875,2294636
2025-01-10 00:00:00+05:30,1124.0701949725035,1127.0138637430466,1108.8322309543912,1112.1221923828125,1619708
2025-01-13 00:00:00+05:30,1110.6874093891154,1118.6773840866954,1099.0858211853777,1106.9027099609375,1609062
2025-01-14 00:00:00+05:30,1113.7547863333843,1116.4264455037494,1088.0531569701895,1097.8489990234375,1405098
2025-01-15 00:00:00+05:30,1097.8489713773029,1098.3684707128232,1074.6704353420282,1088.2509765625,1447250
2025-01-16 00:00:00+05:30,1090.947371410809,1097.4531311318624,1066.9030439697335,1073.2357177734375,2651618
2025-01-17 00:00:00+05:30,1078.8510071077949,1101.4606436592296,1074.843699417842,1096.9337158203125,911802
2025-01-20 00:00:00+05:30,1097.923078559238,1100.7925845097075,1089.5868116827999,1095.3504638671875,802216
2025-01-21 00:00:00+05:30,1100.792648415373,1108.2137224496337,1084.243677476113,1086.6678466796875,1528828
2025-01-22 00:00:00+05:30,1086.6678753101778,1094.8310569629407,1085.5299531044682,1092.283203125,896072
2025-01-23 00:00:00+05:30,1085.5300171055637,1093.1738206414786,1071.1084436496956,1087.90478515625,992014
2025-01-24 00:00:00+05:30,1089.413612208823,1099.6794307616537,1083.5262754253367,1092.33251953125,1327200
2025-01-27 00:00:00+05:30,1079.543620210185,1104.206249447359,1072.8894149193695,1075.9320068359375,1099972
2025-01-28 00:00:00+05:30,1075.93209651497,1079.444786689358,1060.0263088007673,1066.80419921875,1442066
2025-01-29 00:00:00+05:30,1066.804166822954,1080.9536090202846,1054.4109488737702,1078.875732421875,794290
2025-01-30 00:00:00+05:30,1082.9820565154114,1104.6020944275815,1078.8757047798879,1097.0079345703125,1149120
2025-01-31 00:00:00+05:30,1097.007996217407,1180.9402988453558,1093.1242523245974,1144.4285888671875,6279774
2025-02-01 00:00:00+05:30,1144.3295992398826,1174.508633201678,1116.7479411518482,1151.3548583984375,2493130
2025-02-03 00:00:00+05:30,1151.3548160140474,1174.5085899649366,1143.6863732404768,1146.3580322265625,2281742
2025-02-04 00:00:00+05:30,1148.980073269227,1149.178041042336,1129.833726988338,1137.6258544921875,2487034
2025-02-05 00:00:00+05:30,1129.8834024459923,1136.85914030553,1100.9164495740688,1112.6417236328125,2950590
2025-02-06 00:00:00+05:30,1122.5611911625115,1122.5611911625115,1101.7821827760745,1107.941650390625,1973914
2025-02-07 00:00:00+05:30,1112.3231651051512,1114.314791184122,1099.153561969799,1107.891845703125,1585116
2025-02-10 00:00:00+05:30,1112.821138265449,1121.53450288274,1098.4814053262926,1105.8753662109375,1520362
2025-02-11 00:00:00+05:30,1105.8753450028692,1111.3772365818315,1084.4155245047173,1093.15380859375,953674
2025-02-12 00:00:00+05:30,1102.365078125,1102.365078125,1081.303607198574,1092.282470703125,1006516
2025-02-13 00:00:00+05:30,1092.2824924503138,1100.4730308738815,1081.7766156371338,1084.2164306640625,1022294
2025-02-14 00:00:00+05:30,1084.216411001846,1107.8420520241818,1080.4821119500791,1093.328125,1921722
2025-02-17 00:00:00+05:30,1093.3281416920972,1105.3525361986804,1080.4572088068182,1103.60986328125,1603030
2025-02-18 00:00:00+05:30,1103.6098852844407,1110.0826705353759,1095.369507441599,1106.5474853515625,906118
2025-02-19 00:00:00+05:30,1098.3818349715855,1107.344152754672,1094.1745489908128,1097.8590087890625,852958
2025-02-20 00:00:00+05:30,1097.8589929462194,1102.8380583094163,1088.8220379357026,1098.7552490234375,1316934
2025-02-21 00:00:00+05:30,1103.8338257267644,1104.406491155374,1090.0667591906256,1102.8380126953125,1188490
2025-02-24 00:00:00+05:30,1094.8964843814426,1114.2402021357418,1093.4276843963662,1105.5516357421875,968084
2025-02-25 00:00:00+05:30,1106.5723067885988,1123.4762086127155,1102.2903837073563,1120.48876953125,1285668
2025-02-27 00:00:00+05:30,1125.3683704929826,1136.1232006969653,1120.2897479474643,1134.3306884765625,1502006
2025-02-28 00:00:00+05:30,1125.7666457497241,1130.2478044457646,1087.925750094271,1090.240966796875,3687132
2025-03-03 00:00:00+05:30,1089.544030432038,1095.3944325147875,1070.8974540631189,1088.19970703125,1043550
2025-03-04 00:00:00+05:30,1075.478085691824,1077.5195510522374,1054.5660118033718,1068.75634765625,2085044
2025-03-05 00:00:00+05:30,1050.582767116736,1100.0498289693526,1050.582767116736,1093.900634765625,1693328
2025-03-06 00:00:00+05:30,1088.9215729280295,1103.5599761763544,1080.6065582513493,1095.9918212890625,2514922
2025-03-07 00:00:00+05:30,1095.89224361471,1118.2980368735296,1091.0376550752992,1114.538818359375,1051212
2025-03-10 00:00:00+05:30,1114.9123260293172,1132.2394983368163,1073.0384579753459,1119.4930419921875,1013160
2025-03-11 00:00:00+05:30,1115.7089581414232,1131.467650929604,1112.198692851583,1120.9866943359375,957110
2025-03-12 00:00:00+05:30,1119.7918084843288,1122.3311804620694,1091.2368197910228,1093.15380859375,717178
2025-03-13 00:00:00+05:30,1096.4400548520873,1101.2448044029184,1087.4777370136098,1091.38623046875,584340
2025-03-17 00:00:00+05:30,1083.220632500825,1097.0624590730872,1073.4865350166367,1082.6231689453125,820010
2025-03-18 00:00:00+05:30,1082.6231689453125,1082.6231689453125,1082.6231689453125,1082.6231689453125,0
2025-03-19 00:00:00+05:30,1098.630753318032,1102.066259735315,1085.5108676900738,1087.4278564453125,845086
2025-03-20 00:00:00+05:30,1097.385983731578,1109.7091702548798,1086.008770984361,1106.124267578125,953748
2025-03-21 00:00:00+05:30,1115.758708038437,1132.7373695418482,1111.3024688525215,1129.67529296875,1585274
2025-03-24 00:00:00+05:30,1131.7914087389465,1139.5089601365032,1125.2937040569025,1127.036376953125,861902
2025-03-25 00:00:00+05:30,1125.2687598542466,1135.2268904724258,1110.4311209213172,1122.70458984375,1484284
2025-03-26 00:00:00+05:30,1122.7294481557283,1130.1732484395357,1115.3605283503132,1117.0284423828125,1066938
2025-03-27 00:00:00+05:30,1115.4102451439169,1129.252071746123,1107.9665664255115,1116.3314208984375,1731172
2025-03-28 00:00:00+05:30,1116.829230093074,1139.185183939054,1116.829230093074,1120.6630859375,1432302
2025-04-01 00:00:00+05:30,1126.2147864273006,1139.1355587573807,1104.4065765986618,1112.3232421875,2040110
2025-04-02 00:00:00+05:30,1110.3315440141703,1110.3315440141703,1069.5032092118556,1100.721923828125,2601704
2025-04-03 00:00:00+05:30,1094.4235007933912,1119.8167344780475,1092.904861525897,1118.123779296875,635716
2025-04-04 00:00:00+05:30,1112.3232128892528,1136.621076408345,1103.983278325289,1126.3392333984375,1183470
2025-04-07 00:00:00+05:30,1075.4780683776123,1123.9493160552584,1075.4780683776123,1119.791748046875,1474570
2025-04-08 00:00:00+05:30,1122.7792783677492,1136.6957422290227,1110.953997719752,1132.9365234375,1747016
2025-04-09 00:00:00+05:30,1136.8202232677822,1176.3540767121697,1131.3432511569833,1167.5162353515625,3706748
2025-04-11 00:00:00+05:30,1167.9393612620445,1181.034327740658,1156.1639200665627,1175.7564697265625,2236634
2025-04-15 00:00:00+05:30,1185.714535858833,1185.714535858833,1167.8895797239568,1178.9927978515625,1561748
2025-04-16 00:00:00+05:30,1168.586613374292,1190.0464332107722,1168.586613374292,1186.66064453125,1354424
2025-04-17 00:00:00+05:30,1181.034286976251,1206.5270769532722,1174.362388110272,1203.240966796875,1815842
2025-04-21 00:00:00+05:30,1195.4735789547801,1205.4317095583185,1190.2455603879225,1194.6768798828125,953130
2025-04-22 00:00:00+05:30,1197.465264244976,1204.93386256667,1189.9966659232816,1198.6104736328125,975908
2025-04-23 00:00:00+05:30,1204.5853036870255,1215.837918435489,1194.9756832556686,1211.605712890625,1165112
2025-04-24 00:00:00+05:30,1212.4023595511592,1252.2348806041748,1184.5195948140483,1211.506103515625,4674476
2025-04-25 00:00:00+05:30,1208.3692864489303,1212.5019348825335,1188.6522611649677,1201.6973876953125,2256568
2025-04-28 00:00:00+05:30,1194.975695526808,1204.1371272354947,1188.0050039695682,1197.963134765625,1961052
2025-04-29 00:00:00+05:30,1197.9631017874672,1197.9631017874672,1174.6610520543227,1188.7518310546875,1952120
2025-04-30 00:00:00+05:30,1182.5279999615623,1198.1622162636857,1177.2004244419986,1189.100341796875,2040862
2025-05-02 00:00:00+05:30,1182.5279696908813,1187.4074778355525,1158.6284570402865,1161.0184326171875,1265148
2025-05-05 00:00:00+05:30,1169.5325929481526,1171.0761518059348,1156.9853727763598,1159.2259521484375,1827594
2025-05-06 00:00:00+05:30,1163.6075948403186,1182.1296939893484,1160.1222490277887,1173.3167724609375,1742026
2025-05-07 00:00:00+05:30,1160.6201057810506,1173.0677688632154,1158.7778759567323,1164.3045654296875,1353304
2025-05-08 00:00:00+05:30,1159.1264402727425,1170.1302235742755,1152.7034944464638,1165.4498291015625,2693092
2025-05-09 00:00:00+05:30,1146.1808230229217,1169.5824297484114,1141.0523614925148,1157.831787109375,1816458
2025-05-12 00:00:00+05:30,1174.9599106704172,1189.498757738212,1168.0887759120324,1186.90966796875,801500
2025-05-13 00:00:00+05:30,1185.0175699468261,1189.8970783702148,1166.0971213510365,1180.1380615234375,2333552
2025-05-14 00:00:00+05:30,1177.5489022838026,1184.61915045079,1171.7234203982991,1180.237548828125,1203066
2025-05-15 00:00:00+05:30,1180.0384413809027,1202.3943952964612,1165.8481056934108,1194.0296630859375,1928224
2025-05-16 00:00:00+05:30,1202.2451820532035,1202.2451820532035,1183.3744512211379,1199.3572998046875,1369102
2025-05-19 00:00:00+05:30,1196.96730586192,1205.9794627368947,1193.0836105909582,1198.859375,845862
2025-05-20 00:00:00+05:30,1204.8343185182216,1204.8343185182216,1172.2214388296036,1174.3126220703125,1555350
2025-05-21 00:00:00+05:30,1174.3125977924692,1193.9799065110626,1174.3125977924692,1191.291259765625,1350296
2025-05-22 00:00:00+05:30,1187.5071308043616,1187.5071308043616,1165.1013358835246,1175.9058837890625,2161612
2025-05-23 00:00:00+05:30,1173.067814348763,1206.925459245077,1171.1260274563367,1202.1455078125,1154460
2025-05-26 00:00:00+05:30,1202.1455229399596,1227.2898036573074,1197.6643640002344,1221.8626708984375,1248708
2025-05-27 00:00:00+05:30,1219.9208025816306,1235.803971806712,1211.0082030162348,1225.298095703125,1584098
2025-05-28 00:00:00+05:30,1220.9166680854576,1223.2069652202874,1202.9421934748345,1204.4359130859375,1447242
2025-05-29 00:00:00+05:30,1205.6308880240765,1214.7924416048204,1198.2121289513684,1212.4024658203125,1862596
2025-05-30 00:00:00+05:30,1212.402416087484,1223.3563598878636,1190.245575218534,1193.0836181640625,2134920
2025-06-02 00:00:00+05:30,1194.9757132689508,1202.8426610264812,1190.4945543441922,1198.112548828125,2052718
2025-06-03 00:00:00+05:30,1202.7927562656141,1208.1203317187176,1186.013330850478,1190.693603515625,1468888
2025-06-04 00:00:00+05:30,1189.1999587896346,1196.8677926170442,1187.4572858596619,1193.73095703125,1174082
2025-06-05 00:00:00+05:30,1197.4652768352105,1199.4569030752689,1185.2665661148517,1195.623046875,1467916
2025-06-06 00:00:00+05:30,1196.9174915099854,1206.377715838177,1189.9966391777837,1203.5396728515625,1004606
2025-06-09 00:00:00+05:30,1207.4232968050662,1208.5685060994444,1195.473540465552,1202.5936279296875,678874
2025-06-10 00:00:00+05:30,1202.5936412502256,1214.3441621787113,1199.4069665888667,1210.60986328125,1351562
2025-06-11 00:00:00+05:30,1216.1367695901613,1219.871068780305,1198.9589933154998,1204.5355224609375,1751374
2025-06-12 00:00:00+05:30,1208.419190643569,1208.966936469442,1178.1962875256368,1187.805908203125,2717158
2025-06-13 00:00:00+05:30,1176.0552751291605,1185.0175930598652,1168.4871198550752,1183.42431640625,829756
2025-06-16 00:00:00+05:30,1180.0883600262835,1192.4861844686804,1177.5988272820898,1189.8970947265625,532308
2025-06-17 00:00:00+05:30,1185.0674552352473,1188.4531226048875,1171.5741387996302,1176.0552978515625,1531068
2025-06-18 00:00:00+05:30,1177.0012017365343,1177.10088029025,1157.8318002648693,1165.4996337890625,1308554
2025-06-19 00:00:00+05:30,1165.4996854481371,1165.4996854481371,1150.1641392792371,1154.595458984375,1474774
2025-06-20 00:00:00+05:30,1164.1553263600329,1193.979879394278,1154.5954235728914,1175.258544921875,22941194
2025-06-23 00:00:00+05:30,1181.5321801774503,1194.4279105114554,1170.5283973852365,1174.611328125,1297744
2025-06-24 00:00:00+05:30,1182.527981282759,1186.810025964982,1173.9141742019942,1177.947265625,1100860
2025-06-25 00:00:00+05:30,1181.03425929555,1209.3650915124724,1181.03425929555,1197.1663818359375,2300288
2025-06-26 00:00:00+05:30,1204.9337775807926,1216.6844200684873,1196.568923738638,1210.60986328125,3115098
2025-06-27 00:00:00+05:30,1219.373089768624,1226.692291434568,1207.971078875893,1224.2027587890625,2375672
2025-06-30 00:00:00+05:30,1228.8333370139778,1232.617475330251,1216.3856735515187,1227.489013671875,1658010
2025-07-01 00:00:00+05:30,1229.8291927384855,1230.5262132928688,1197.564823613098,1200.004638671875,1077220
2025-07-02 00:00:00+05:30,1200.2037519905434,1201.896585655497,1185.0176020483275,1189.0008544921875,1475052
2025-07-03 00:00:00+05:30,1194.9258764765345,1199.5067139676348,1187.507117531575,1189.199951171875,1263638
2025-07-04 00:00:00+05:30,1192.449951171875,1198.5,1183.550048828125,1196.4000244140625,790114
2025-07-07 00:00:00+05:30,1199.699951171875,1213.0,1194.0,1211.050048828125,868414
2025-07-08 00:00:00+05:30,1211.050048828125,1217.8499755859375,1203.5,1208.949951171875,711576
2025-07-09 00:00:00+05:30,1210.0,1218.25,1207.25,1213.9000244140625,790360
2025-07-10 00:00:00+05:30,1212.5,1218.449951171875,1198.800048828125,1200.699951171875,569850
2025-07-11 00:00:00+05:30,1202.0,1214.3499755859375,1198.550048828125,1201.75,741064
2025-07-14 00:00:00+05:30,1202.6500244140625,1207.3499755859375,1188.5,1196.449951171875,942914
2025-07-15 00:00:00+05:30,1196.449951171875,1210.0,1190.050048828125,1208.1500244140625,1064608
2025-07-16 00:00:00+05:30,1208.0,1245.0,1203.699951171875,1230.0,2810630
2025-07-17 00:00:00+05:30,1229.0,1235.0,1223.050048828125,1224.550048828125,546708
2025-07-18 00:00:00+05:30,1229.5,1238.449951171875,1215.5,1236.0999755859375,899652
2025-07-21 00:00:00+05:30,1236.449951171875,1239.199951171875,1222.5,1236.300048828125,957974
2025-07-22 00:00:00+05:30,1236.4000244140625,1238.75,1219.0,1221.75,774548
2025-07-23 00:00:00+05:30,1230.0,1234.5,1216.800048828125,1226.25,720228
2025-07-24 00:00:00+05:30,1226.4000244140625,1237.5,1155.0,1161.050048828125,5372012
2025-07-25 00:00:00+05:30,1157.449951171875,1157.449951171875,1133.0,1137.300048828125,3178714
2025-07-28 00:00:00+05:30,1137.3499755859375,1149.949951171875,1111.050048828125,1114.6500244140625,1879938
2025-07-29 00:00:00+05:30,1115.0,1129.050048828125,1109.949951171875,1111.8499755859375,1801922
2025-07-30 00:00:00+05:30,1115.0,1119.75,1110.8499755859375,1115.75,929698
2025-07-31 00:00:00+05:30,1112.5,1132.949951171875,1110.5,1123.8499755859375,1346218
2025-08-01 00:00:00+05:30,1123.8499755859375,1143.8499755859375,1121.550048828125,1138.25,1410024
2025-08-04 00:00:00+05:30,1143.0,1143.300048828125,1129.0,1138.699951171875,812794
2025-08-05 00:00:00+05:30,1139.8499755859375,1141.199951171875,1125.050048828125,1133.6500244140625,1135934
2025-08-06 00:00:00+05:30,1135.0,1136.199951171875,1113.050048828125,1116.6500244140625,1127544
2025-08-07 00:00:00+05:30,1118.0,1123.199951171875,1107.5,1117.300048828125,1014230
2025-08-08 00:00:00+05:30,1122.0,1126.4000244140625,1093.4000244140625,1096.5,1242852
2025-08-11 00:00:00+05:30,1097.0,1108.9000244140625,1087.0,1105.0,1038967
2025-08-12 00:00:00+05:30,1108.0,1109.5999755859375,1089.0,1091.0999755859375,758197
2025-08-13 00:00:00+05:30,1091.0999755859375,1100.800048828125,1086.5999755859375,1096.9000244140625,813725
2025-08-14 00:00:00+05:30,1099.9000244140625,1103.0,1084.699951171875,1089.4000244140625,941698
2025-08-18 00:00:00+05:30,1120.5,1169.9000244140625,1120.5,1144.0999755859375,3478231
2025-08-19 00:00:00+05:30,1149.5999755859375,1168.0,1130.199951171875,1161.4000244140625,1851158
2025-08-20 00:00:00+05:30,1165.0,1192.800048828125,1156.699951171875,1190.300048828125,1652532
2025-08-21 00:00:00+05:30,1190.0,1190.300048828125,1168.800048828125,1179.4000244140625,991563
2025-08-22 00:00:00+05:30,1175.0,1191.0,1158.0,1162.9000244140625,921658
2025-08-25 00:00:00+05:30,1162.9000244140625,1166.800048828125,1148.800048828125,1153.0,931358
2025-08-26 00:00:00+05:30,1149.0,1179.0,1149.0,1162.199951171875,3619892
2025-08-28 00:00:00+05:30,1165.5999755859375,1168.199951171875,1155.0,1162.4000244140625,1065888
2025-08-29 00:00:00+05:30,1160.300048828125,1184.4000244140625,1150.0,1156.199951171875,1593255
2025-09-01 00:00:00+05:30,1157.9000244140625,1176.0,1156.199951171875,1174.4000244140625,643866
2025-09-02 00:00:00+05:30,1174.4000244140625,1202.5,1172.4000244140625,1200.9000244140625,1773623
2025-09-03 00:00:00+05:30,1206.5,1206.5,1191.300048828125,1194.800048828125,827824
2025-09-04 00:00:00+05:30,1230.0,1238.199951171875,1208.0,1212.5999755859375,3346196
2025-09-05 00:00:00+05:30,1212.0,1216.4000244140625,1191.0,1208.5,1434458
2025-09-08 00:00:00+05:30,1208.5,1211.0,1185.199951171875,1187.699951171875,1112974
2025-09-09 00:00:00+05:30,1195.199951171875,1204.0,1187.9000244140625,1202.199951171875,1295618
2025-09-10 00:00:00+05:30,1208.199951171875,1219.199951171875,1201.699951171875,1217.5,1015673
2025-09-11 00:00:00+05:30,1212.0999755859375,1224.9000244140625,1212.0999755859375,1220.800048828125,783400
2025-09-12 00:00:00+05:30,1220.199951171875,1223.0,1209.5,1217.5999755859375,632659
2025-09-15 00:00:00+05:30,1212.199951171875,1220.0,1209.5999755859375,1212.5,523120
2025-09-16 00:00:00+05:30,1212.0,1215.0,1201.199951171875,1204.199951171875,1137133
2025-09-17 00:00:00+05:30,1207.0,1212.5999755859375,1195.5999755859375,1204.300048828125,1005661
2025-09-18 00:00:00+05:30,1205.0999755859375,1213.300048828125,1200.0,1209.0999755859375,1345158
2025-09-19 00:00:00+05:30,1212.0,1212.0,1191.0,1194.5,2395784
2025-09-22 00:00:00+05:30,1198.9000244140625,1201.199951171875,1184.0,1188.300048828125,1107323
2025-09-23 00:00:00+05:30,1189.800048828125,1194.5,1165.0,1168.4000244140625,2114020
2025-09-24 00:00:00+05:30,1167.9000244140625,1185.199951171875,1161.4000244140625,1178.5999755859375,1395188
2025-09-25 00:00:00+05:30,1184.5,1192.4000244140625,1171.5999755859375,1173.5,1273981
2025-09-26 00:00:00+05:30,1170.0,1179.0,1160.199951171875,1162.5999755859375,1011036
2025-09-29 00:00:00+05:30,1160.0,1162.0999755859375,1149.199951171875,1152.5,2130382
2025-09-30 00:00:00+05:30,1155.5999755859375,1159.5999755859375,1146.4000244140625,1152.9000244140625,1409305
2025-10-01 00:00:00+05:30,1157.9000244140625,1169.199951171875,1145.0,1166.4000244140625,727804
2025-10-03 00:00:00+05:30,1160.0,1171.300048828125,1154.4000244140625,1169.9000244140625,1159975
2025-10-06 00:00:00+05:30,1163.5,1183.699951171875,1163.5,1181.699951171875,639965
2025-10-07 00:00:00+05:30,1181.699951171875,1192.199951171875,1175.0,1176.800048828125,922441
2025-10-08 00:00:00+05:30,1170.0,1182.5,1158.5999755859375,1180.5,893579
2025-10-09 00:00:00+05:30,1175.0999755859375,1189.0999755859375,1172.9000244140625,1187.800048828125,922191
2025-10-10 00:00:00+05:30,1186.4000244140625,1202.0,1184.4000244140625,1199.5,1110822
2025-10-13 00:00:00+05:30,1199.0,1200.800048828125,1181.9000244140625,1188.0999755859375,1062394
2025-10-14 00:00:00+05:30,1190.0999755859375,1194.300048828125,1171.0,1175.5,1293553
2025-10-15 00:00:00+05:30,1175.5,1225.0,1175.5,1221.4000244140625,2283392
2025-10-16 00:00:00+05:30,1221.4000244140625,1286.5,1216.5,1276.5999755859375,6927367
2025-10-17 00:00:00+05:30,1263.9000244140625,1311.5999755859375,1261.300048828125,1289.5,3171952
2025-10-20 00:00:00+05:30,1289.5,1305.5999755859375,1280.800048828125,1285.4000244140625,1246633
2025-10-21 00:00:00+05:30,1280.0,1292.0,1277.300048828125,1287.300048828125,245138
2025-10-23 00:00:00+05:30,1287.0,1303.800048828125,1270.800048828125,1272.800048828125,1751448
2025-10-24 00:00:00+05:30,1274.4000244140625,1284.5,1259.4000244140625,1282.0,1433533
2025-10-27 00:00:00+05:30,1282.0,1292.199951171875,1275.800048828125,1283.0,1107997
2025-10-28 00:00:00+05:30,1283.800048828125,1288.9000244140625,1263.699951171875,1271.0,1343829
2025-10-29 00:00:00+05:30,1275.0,1281.0,1266.5,1273.0,836932
2025-10-30 00:00:00+05:30,1278.0,1281.4000244140625,1267.699951171875,1279.9000244140625,728703
2025-10-31 00:00:00+05:30,1279.9000244140625,1284.0,1269.5999755859375,1271.5999755859375,943037
2025-11-03 00:00:00+05:30,1269.5999755859375,1269.9000244140625,1255.5,1266.699951171875,847050
2025-11-04 00:00:00+05:30,1266.0,1269.0,1250.699951171875,1265.0,770668
2025-11-05 00:00:00+05:30,1265.0,1265.0,1265.0,1265.0,0
2025-11-06 00:00:00+05:30,1265.0,1278.9000244140625,1260.0999755859375,1266.0999755859375,1171263
2025-11-07 00:00:00+05:30,1264.0,1270.9000244140625,1256.4000244140625,1262.699951171875,596683
2025-11-10 00:00:00+05:30,1263.0999755859375,1273.199951171875,1260.199951171875,1262.9000244140625,737986
2025-11-11 00:00:00+05:30,1268.0,1270.199951171875,1255.0,1268.0999755859375,729912
2025-11-12 00:00:00+05:30,1270.0,1286.9000244140625,1261.5999755859375,1278.199951171875,824792
2025-11-13 00:00:00+05:30,1280.0,1289.300048828125,1270.300048828125,1275.199951171875,691337
2025-11-14 00:00:00+05:30,1275.199951171875,1279.0,1262.4000244140625,1271.5999755859375,675047
2025-11-17 00:00:00+05:30,1272.0,1278.0,1264.0999755859375,1270.300048828125,774802
2025-11-18 00:00:00+05:30,1262.0999755859375,1269.9000244140625,1252.5999755859375,1265.0999755859375,810387
2025-11-19 00:00:00+05:30,1267.9000244140625,1280.0,1263.0,1279.0,726287
2025-11-20 00:00:00+05:30,1288.0,1288.5999755859375,1275.199951171875,1279.199951171875,796864
2025-11-21 00:00:00+05:30,1275.0,1288.9000244140625,1273.0,1280.699951171875,673231
2025-11-24 00:00:00+05:30,1285.0,1285.800048828125,1259.5,1269.199951171875,2636542
2025-11-25 00:00:00+05:30,1267.4000244140625,1270.9000244140625,1250.800048828125,1263.199951171875,1065974
2025-11-26 00:00:00+05:30,1257.0999755859375,1282.699951171875,1257.0999755859375,1276.800048828125,810809
2025-11-27 00:00:00+05:30,1276.0,1279.5,1260.5,1266.4000244140625,708607
2025-11-28 00:00:00+05:30,1266.300048828125,1269.699951171875,1258.199951171875,1261.0999755859375,626947
2025-12-01 00:00:00+05:30,1260.5999755859375,1264.0,1251.5999755859375,1260.5999755859375,644563
2025-12-02 00:00:00+05:30,1251.0,1261.800048828125,1251.0,1258.9000244140625,911551
2025-12-03 00:00:00+05:30,1257.0,1258.0,1236.0999755859375,1241.9000244140625,642993
2025-12-04 00:00:00+05:30,1241.9000244140625,1245.0,1233.199951171875,1242.4000244140625,664641
2025-12-05 00:00:00+05:30,1237.5,1249.0,1234.199951171875,1246.9000244140625,911699
2025-12-08 00:00:00+05:30,1246.9000244140625,1248.0,1212.800048828125,1214.800048828125,1534927
2025-12-09 00:00:00+05:30,1214.9000244140625,1221.5,1207.300048828125,1215.800048828125,810028
2025-12-10 00:00:00+05:30,1215.800048828125,1221.800048828125,1205.0,1209.300048828125,514862
2025-12-11 00:00:00+05:30,1209.4000244140625,1220.4000244140625,1205.800048828125,1215.0,339626
2025-12-12 00:00:00+05:30,1219.0,1240.0,1215.4000244140625,1238.300048828125,841766
2025-12-15 00:00:00+05:30,1238.0,1248.0,1225.5,1243.5,857798
2025-12-16 00:00:00+05:30,1236.5,1264.0,1234.4000244140625,1240.5999755859375,1086329
2025-12-17 00:00:00+05:30,1237.0,1241.4000244140625,1224.300048828125,1234.5999755859375,526222
2025-12-18 00:00:00+05:30,1234.699951171875,1243.9000244140625,1227.5,1233.5,707432
2025-12-19 00:00:00+05:30,1230.800048828125,1246.199951171875,1229.699951171875,1244.4000244140625,754446
2025-12-22 00:00:00+05:30,1246.0,1259.9000244140625,1240.0,1257.199951171875,880387
2025-12-23 00:00:00+05:30,1260.0,1261.5,1251.0999755859375,1256.5,663261
2025-12-24 00:00:00+05:30,1251.0999755859375,1264.0999755859375,1247.9000244140625,1259.699951171875,598956
2025-12-25 00:00:00+05:30,1259.699951171875,1259.699951171875,1259.699951171875,1259.699951171875,0
2025-12-26 00:00:00+05:30,1264.0,1277.0,1251.4000244140625,1272.5999755859375,1433973
2025-12-29 00:00:00+05:30,1275.0,1286.5,1270.800048828125,1280.0,888206
2025-12-30 00:00:00+05:30,1284.0,1289.0,1267.699951171875,1274.0999755859375,2043408
2025-12-31 00:00:00+05:30,1274.199951171875,1294.300048828125,1270.4000244140625,1288.0,738631
2026-01-01 00:00:00+05:30,1293.0,1299.0,1284.0,1295.0,932297
2026-01-02 00:00:00+05:30,1292.0,1299.0,1277.5999755859375,1279.699951171875,736473
