Date,Open,High,Low,Close,Volume
2021-01-04 00:00:00+05:30,81.25005154944103,81.45368576385064,80.23188047739289,80.67987823486328,22325584
2021-01-05 00:00:00+05:30,80.15041882326103,80.15041882326103,79.01006611073707,79.49878692626953,23510160
2021-01-06 00:00:00+05:30,79.8245972151345,80.63913392141139,79.21369468542684,79.7024154663086,21952878
2021-01-07 00:00:00+05:30,79.90606005151382,80.23187601935004,78.88788903603984,79.01007080078125,24999580
2021-01-08 00:00:00+05:30,79.49878781262544,81.86094569752815,79.29515361934801,81.57585906982422,43240591
2021-01-11 00:00:00+05:30,82.06459985598168,82.47186834161931,80.39479657909786,80.63916015625,22036573
2021-01-12 00:00:00+05:30,80.63914053786355,82.26821408408301,80.0689672824557,81.57585906982422,24262426
2021-01-13 00:00:00+05:30,81.65731690160439,84.99691664920938,81.57586446179408,83.53075408935547,49236964
2021-01-14 00:00:00+05:30,84.46746408038668,84.5896458438587,82.8383904725534,83.24565887451172,29301114
2021-01-15 00:00:00+05:30,83.49002391125993,84.38601316888645,81.37222942566373,81.82022094726562,24067229
2021-01-18 00:00:00+05:30,81.82022064136125,82.18676593703537,78.84716623595543,79.45806884765625,23613664
2021-01-19 00:00:00+05:30,79.82462238708554,82.14605148913131,79.45808323944499,81.16860961914062,22934496
2021-01-20 00:00:00+05:30,81.12785610498291,81.20930853413452,79.82459859529114,80.06896209716797,25599184
2021-01-21 00:00:00+05:30,80.39477176790611,80.76131702051222,77.8697091791148,78.2769775390625,22667011
2021-01-22 00:00:00+05:30,78.43989308812361,78.60279795563059,75.67046683954852,76.60718536376953,26029669
2021-01-25 00:00:00+05:30,77.42172345457114,77.62535764964953,75.50755704929635,75.91482543945312,18599824
2021-01-27 00:00:00+05:30,75.75192819779001,75.83338064113957,73.95994958640722,74.36721801757812,22812859
2021-01-28 00:00:00+05:30,73.95995409408492,75.46684613837407,73.59340875503722,74.61157989501953,32227832
2021-01-29 00:00:00+05:30,74.93737274692693,75.42609350021823,71.8014078476844,72.45303344726562,36962884
2021-02-01 00:00:00+05:30,72.77886179737612,75.26320152178864,72.00505432356769,74.93738555908203,29033297
2021-02-02 00:00:00+05:30,75.67046583532286,77.66607840070006,75.67046583532286,76.68863677978516,29279584
2021-02-03 00:00:00+05:30,77.46244567990007,79.90605599292167,76.81081999174774,78.9693374633789,31420256
2021-02-04 00:00:00+05:30,79.2544387339959,81.61659064960914,79.01007519093513,80.67987823486328,39264443
2021-02-05 00:00:00+05:30,81.77949395179034,83.08275155685655,79.94678619685969,81.0464096069336,54911202
2021-02-08 00:00:00+05:30,78.35843064201966,82.22748009479507,78.27697821221405,81.69803619384766,53737961
2021-02-09 00:00:00+05:30,81.77948622400667,82.43111185775294,81.046401948423,81.4129409790039,28074809
2021-02-10 00:00:00+05:30,81.45367131284193,81.86093966940615,80.35404799300296,81.33148956298828,19070866
2021-02-11 00:00:00+05:30,82.21325567989031,82.21325567989031,80.8276377513407,81.70939636230469,18452535
2021-02-12 00:00:00+05:30,82.12927404183942,82.2132495206593,79.60997123573291,80.57569885253906,21660998
2021-02-15 00:00:00+05:30,80.9955866292652,81.20552854007919,79.7779261093116,79.94587707519531,12574055
2021-02-16 00:00:00+05:30,80.49172430548803,83.26295998705224,80.1978069227569,82.29722595214844,32865663
2021-02-17 00:00:00+05:30,82.17126434111687,84.10273252403513,81.45746311070577,83.43091583251953,28774857
2021-02-18 00:00:00+05:30,83.72483363952063,87.54577907811975,83.59887361530299,86.83197784423828,50705280
2021-02-19 00:00:00+05:30,87.04191582894083,89.6451941915265,85.1524386679953,87.5037841796875,61069583
2021-02-22 00:00:00+05:30,87.58777290162637,89.26730828683938,85.15244531168368,85.69829559326172,30636415
2021-02-23 00:00:00+05:30,85.78226826296586,87.46180359300173,84.43864128032092,86.83197784423828,31233104
2021-02-24 00:00:00+05:30,87.75572492926915,87.92367590703599,85.74028116147149,86.66402435302734,16153025
2021-02-25 00:00:00+05:30,86.9999291215839,92.5423944488834,86.49606980217828,90.69490814208984,68361756
2021-02-26 00:00:00+05:30,89.93910593443069,93.17220981439985,88.00764435751366,90.10706329345703,67331805
2021-03-01 00:00:00+05:30,91.95455828372175,92.20649114315698,89.9811055745416,91.07279968261719,27205189
2021-03-02 00:00:00+05:30,91.07280865856305,95.48158928476855,90.610940246636,94.51586151123047,53649872
2021-03-03 00:00:00+05:30,96.11141637670707,96.32135831410217,94.05398795300292,94.6418228149414,31702057
2021-03-04 00:00:00+05:30,93.63409948151794,94.89375104404957,92.79433177316352,93.0462646484375,28057179
2021-03-05 00:00:00+05:30,93.21420582071583,94.34789082634083,91.03081129008275,91.2827377319336,24778407
2021-03-08 00:00:00+05:30,92.9202868194889,95.14567225519683,91.95455279188903,92.83631134033203,28163362
2021-03-09 00:00:00+05:30,93.55012693298293,93.92801985085451,90.23304053655289,91.9545669555664,20611697
2021-03-10 00:00:00+05:30,92.66836307803756,92.87830500001178,91.49268703359812,92.08052825927734,13207045
2021-03-12 00:00:00+05:30,93.21419668803154,94.13793969815099,91.19875331609593,91.61863708496094,21763020
2021-03-15 00:00:00+05:30,92.33245200470587,93.21421061382034,90.44297476253384,92.79432678222656,20350674
2021-03-16 00:00:00+05:30,92.8363191900836,93.59210497331901,91.78660959456894,91.99655151367188,15360040
2021-03-17 00:00:00+05:30,92.12250436526685,92.29046173162034,89.14133319032473,89.47724151611328,18850429
2021-03-18 00:00:00+05:30,90.19104709200101,90.90484831470502,86.6640191100044,87.16788482666016,20023557
2021-03-19 00:00:00+05:30,85.95021943664844,91.9965504832407,85.65630203458022,91.11479187011719,72249183
2021-03-22 00:00:00+05:30,91.36672194182572,92.83631531419108,89.72917119703884,92.24847412109375,31980425
2021-03-23 00:00:00+05:30,92.37444590338035,92.54239687861887,90.77888601093815,91.24076080322266,14060206
2021-03-24 00:00:00+05:30,90.69490857394237,91.87058459609946,88.67946487980431,89.01537322998047,15196366
2021-03-25 00:00:00+05:30,89.01537389662658,89.43525773576162,86.20215345580567,86.4960708618164,22543755
2021-03-26 00:00:00+05:30,88.8054265644396,88.8054265644396,87.08390036614405,87.5037841796875,17402475
2021-03-30 00:00:00+05:30,88.88941645411822,91.28275329787536,87.83970675010899,90.44298553466797,36129962
2021-03-31 00:00:00+05:30,90.44296914324254,91.53466960032571,89.09934224700676,89.47724151611328,23063667
2021-04-01 00:00:00+05:30,90.27503065369062,91.32474031245447,89.8131558410668,90.6109390258789,13753303
2021-04-05 00:00:00+05:30,90.19105430574609,90.52696267474396,87.12590084988439,89.2673110961914,15666099
2021-04-06 00:00:00+05:30,90.4849756686709,90.778893101756,88.84743110796856,89.057373046875,17393454
2021-04-07 00:00:00+05:30,89.77116426739502,90.1490571521832,88.38554634497366,88.55349731445312,15692013
2021-04-08 00:00:00+05:30,89.01537344796317,89.39326633851243,87.923672908947,88.17560577392578,11394998
2021-04-09 00:00:00+05:30,88.97339608080293,88.97339608080293,85.99222422712874,86.32813262939453,19751417
2021-04-12 00:00:00+05:30,85.23642934487651,85.23642934487651,82.33923307769538,83.17900085449219,20221362
2021-04-13 00:00:00+05:30,83.6408537174207,84.94249609191648,83.34693633163992,84.48062133789062,19192856
2021-04-15 00:00:00+05:30,84.98449193281411,86.49607641348744,83.388938367227,85.11045837402344,13865351
2021-04-16 00:00:00+05:30,85.57233416189334,86.41210190360589,84.39665804211188,86.0342025756836,14654851
2021-04-19 00:00:00+05:30,83.97677767968129,84.31268607178396,82.84309246238954,83.17900085449219,11652043
2021-04-20 00:00:00+05:30,83.30496089547597,84.73256996018236,82.42320857399112,83.17900085449219,16528675
2021-04-22 00:00:00+05:30,82.33923062839278,83.76683324371332,81.4994628765761,83.09501647949219,18614270
2021-04-23 00:00:00+05:30,82.29723376240958,86.49607221967537,82.29723376240958,86.11817932128906,29484794
2021-04-26 00:00:00+05:30,87.2938541728513,87.2938541728513,84.69057545538554,85.99221801757812,24369413
2021-04-27 00:00:00+05:30,85.69829559326172,86.95794713217148,85.4043717753142,85.69829559326172,17763436
2021-04-28 00:00:00+05:30,86.37009799427304,87.29384109016911,85.78226322604422,86.99992370605469,15160578
2021-04-29 00:00:00+05:30,87.83968363684754,88.17559193512683,86.20213949224805,86.53804779052734,11588556
2021-04-30 00:00:00+05:30,85.86625159010885,88.72146319331542,85.6983006045341,86.0342025756836,15321193
2021-05-03 00:00:00+05:30,85.15243987738192,87.8396937594586,84.85852248511083,87.5457763671875,12186212
2021-05-04 00:00:00+05:30,87.58777507370989,89.05736857221562,86.91595834019672,87.12590026855469,12992684
2021-05-05 00:00:00+05:30,87.96567049710241,88.72146274218454,86.32812597185728,87.25186920166016,14956169
2021-05-06 00:00:00+05:30,88.17559193512683,88.25956740796718,86.20213949224805,86.53804779052734,13547274
2021-05-07 00:00:00+05:30,87.33583177537784,88.59548319521502,86.78998154539805,88.21759033203125,13229291
2021-05-10 00:00:00+05:30,89.01538289998325,90.69491842639802,88.67947451331638,90.44298553466797,23980945
2021-05-11 00:00:00+05:30,90.69491695468139,95.22966408379935,89.6032163174591,94.6418228149414,45613487
2021-05-12 00:00:00+05:30,95.90145371555091,98.04286357700214,93.8440257364453,95.14566802978516,62158914
2021-05-14 00:00:00+05:30,95.69153676412363,95.69153676412363,92.50042301773414,93.55013275146484,16227312
2021-05-17 00:00:00+05:30,93.38216261488482,94.26392123373633,92.33245302430869,93.67608642578125,12832920
2021-05-18 00:00:00+05:30,94.557838547745,95.90146554102026,93.84403730821617,94.13795471191406,14892142
2021-05-19 00:00:00+05:30,95.01972622449571,95.01972622449571,93.17223325197581,94.01200103759766,12610425
2021-05-20 00:00:00+05:30,94.05398948720638,94.68381530966535,93.1302462289838,93.84404754638672,10303689
2021-05-21 00:00:00+05:30,94.30590813337483,95.01970934295296,93.42414955236039,94.76777648925781,12171685
2021-05-24 00:00:00+05:30,94.34788631567405,95.69151316206337,94.09595988586753,94.80976104736328,11341268
2021-05-25 00:00:00+05:30,95.64952728926836,96.44730391620692,94.93572613775731,95.14566802978516,15289982
2021-05-26 00:00:00+05:30,95.73351479069055,95.73351479069055,93.13023628390643,93.29818725585938,17466748
2021-05-27 00:00:00+05:30,93.71808281792076,93.76007376962201,91.78662077113708,92.62638854980469,34169451
2021-05-28 00:00:00+05:30,92.62639031780995,93.21422521132969,90.98883927399956,91.4926986694336,13383166
2021-05-31 00:00:00+05:30,91.4926843415183,93.50812801455223,90.52695665438765,92.79432678222656,14754293
2021-06-01 00:00:00+05:30,93.17222231066546,93.59210615416899,91.95456172727282,92.54239654541016,10271211
2021-06-02 00:00:00+05:30,92.4584132542635,93.50812277442299,92.4164287176082,93.34017181396484,6492771
2021-06-03 00:00:00+05:30,93.71808233486709,94.22194171808665,92.7523481129931,93.88603973388672,12140851
2021-06-04 00:00:00+05:30,93.63410560556706,94.89375725048501,93.25621267485951,93.84404754638672,8930671
2021-06-07 00:00:00+05:30,94.17995699746848,98.04288747082363,94.05399055016915,97.74897003173828,28407410
2021-06-08 00:00:00+05:30,98.6727018221122,99.512469497194,97.41305030948949,97.58100128173828,43191813
2021-06-09 00:00:00+05:30,97.832932472493,101.61188694567942,97.24509767276484,99.17655944824219,49807823
2021-06-10 00:00:00+05:30,100.22627533522369,100.68815014046422,98.50475536652188,99.5124740600586,22144392
2021-06-11 00:00:00+05:30,99.84837978462765,100.3942300653984,98.71469468266933,99.764404296875,13871562
2021-06-14 00:00:00+05:30,99.76440192220821,99.84837740796202,97.62299179743246,99.26053619384766,14179055
2021-06-15 00:00:00+05:30,99.2605464479303,99.8903722665261,98.75668707443756,98.92464447021484,8148417
2021-06-16 00:00:00+05:30,98.92462887210331,101.27597437995678,98.12684578352207,100.60416412353516,21585917
2021-06-17 00:00:00+05:30,99.26054785969849,101.27599178925432,98.21083814710896,98.58873748779297,14466025
2021-06-18 00:00:00+05:30,98.58871769273158,99.21854339382622,94.80976348616373,95.3556137084961,43927941
2021-06-21 00:00:00+05:30,95.10367904275151,99.47046792388981,94.9357280884455,99.09257507324219,34597018
2021-06-22 00:00:00+05:30,99.51246390225914,99.84837223478972,98.21082151629761,99.34451293945312,16712010
2021-06-23 00:00:00+05:30,99.8063802044801,99.8063802044801,98.21082044751255,98.46275329589844,12590251
2021-06-24 00:00:00+05:30,98.42075844218174,99.51245886592542,97.16110706413204,99.09257507324219,14046692
2021-06-25 00:00:00+05:30,100.01631967937962,100.01631967937962,97.16110856368365,97.45503234863281,12768348
2021-06-28 00:00:00+05:30,98.16885015848351,98.96662694929354,97.41305791055224,97.53902435302734,10709748
2021-06-29 00:00:00+05:30,97.62299065846801,99.55445884286544,96.90918942751028,98.75667572021484,33488455
2021-06-30 00:00:00+05:30,98.966630739486,99.4704901217637,97.53902808854595,97.74897003173828,16739618
2021-07-01 00:00:00+05:30,98.08486168942507,98.92462931893412,97.16111217143026,98.5467300415039,12479506
2021-07-02 00:00:00+05:30,98.71468991991925,99.97434139619087,98.25281514918551,98.67269897460938,17215972
2021-07-05 00:00:00+05:30,99.00860837714534,100.01632700619218,98.46275811686213,99.59644317626953,16409169
2021-07-06 00:00:00+05:30,99.1765607974067,99.89036203733512,98.29480858581941,98.79866790771484,14979094
2021-07-07 00:00:00+05:30,98.29482006335866,99.26054787353999,98.12686266516913,98.63072204589844,14545289
2021-07-08 00:00:00+05:30,98.54674655026349,99.68043175863436,98.42078010335126,98.63072204589844,12037089
2021-07-09 00:00:00+05:30,98.25282770094483,99.42850384370757,97.62300188234903,98.92464447021484,9585144
2021-07-12 00:00:00+05:30,99.09258019523094,99.72240591681079,98.37877899215746,98.96661376953125,7651672
2021-07-13 00:00:00+05:30,99.21855502372269,102.4516593869263,99.17656407596041,100.68814849853516,30663035
2021-07-14 00:00:00+05:30,100.73013789580718,101.56990563618713,100.60417786028572,101.4019546508789,9539611
2021-07-15 00:00:00+05:30,101.40194837798316,101.77984127500928,100.10030589814828,101.02405548095703,11278872
2021-07-16 00:00:00+05:30,100.89809320566003,101.44394350702541,99.34452419940418,100.0163345336914,17198632
2021-07-19 00:00:00+05:30,100.01632393217491,102.32568492577094,99.51246463313768,101.94779205322266,14364285
2021-07-20 00:00:00+05:30,102.45165978142508,102.45165978142508,99.26053994677699,99.4704818725586,11360716
2021-07-22 00:00:00+05:30,99.7224031607712,100.52017982329001,99.55445220242567,100.10029602050781,9520328
2021-07-23 00:00:00+05:30,100.26826628367073,100.85610112041394,99.34452308010887,99.5124740600586,10442400
2021-07-26 00:00:00+05:30,99.2605309016368,100.77211519228855,99.13457088318127,100.22626495361328,5370055
2021-07-27 00:00:00+05:30,100.18428050203102,100.43620694607586,99.2605309864443,99.80638122558594,5280342
2021-07-28 00:00:00+05:30,100.39422273807367,100.39422273807367,97.24509412529743,98.0848617553711,11010096
2021-07-29 00:00:00+05:30,98.84066162650758,99.30253645184209,96.78323320147823,98.04288482666016,11897018
2021-07-30 00:00:00+05:30,98.21082660462795,100.73012961875524,97.62299179743246,99.26053619384766,14546264
2021-08-02 00:00:00+05:30,99.59644590234265,99.72241233615107,98.25281889119725,98.88264465332031,11742555
2021-08-03 00:00:00+05:30,99.51246914764327,99.51246914764327,97.83293380337925,98.79866790771484,21122697
2021-08-04 00:00:00+05:30,99.13457113943701,99.8063813983044,97.87491969627729,98.96661376953125,9432176
2021-08-05 00:00:00+05:30,98.2948139556214,98.9246397441275,97.37106434027704,97.83293914794922,11045322
2021-08-06 00:00:00+05:30,97.83293380337925,99.68042011930213,97.79094285700509,98.79866790771484,8434733
2021-08-09 00:00:00+05:30,99.51246938599128,100.01632870909354,97.87492498417924,98.00088500976562,7816050
2021-08-10 00:00:00+05:30,98.16883770295945,98.42076414902618,95.43959289226551,96.02742767333984,9774255
2021-08-11 00:00:00+05:30,96.32135334931196,98.50475451121527,96.19539331890297,98.21083068847656,8056886
2021-08-12 00:00:00+05:30,98.21082637493966,100.26826100914982,97.8329334864719,100.05831909179688,8640167
2021-08-13 00:00:00+05:30,100.31024703682631,100.31024703682631,98.42076975261462,99.30252838134766,9744939
2021-08-16 00:00:00+05:30,99.30252193057771,100.2682559833793,99.17655550509602,99.80638122558594,8768804
2021-08-17 00:00:00+05:30,100.22628207666479,100.35224852355947,97.58101231955524,98.58873748779297,8758578
2021-08-18 00:00:00+05:30,98.5887326234071,99.8483842163631,97.49703201341083,97.87493133544922,9357721
2021-08-20 00:00:00+05:30,97.6649836022353,98.2528184145978,95.271640592242,95.85948181152344,11684504
2021-08-23 00:00:00+05:30,96.9931709519217,97.20311288038906,94.22193493338483,95.22966003417969,6271685
2021-08-24 00:00:00+05:30,95.90147024853339,97.6649875711242,95.43960185059896,95.6915283203125,11791078
2021-08-25 00:00:00+05:30,96.3213630279132,96.78323787555361,95.5655771418395,95.73352813720703,9491958
2021-08-26 00:00:00+05:30,95.81750019780513,96.15340858341057,94.01199823123055,94.6838150024414,11668986
2021-08-27 00:00:00+05:30,94.64181879031955,95.81749487112063,94.13795944338172,95.22966003417969,8095717
2021-08-30 00:00:00+05:30,95.10369323103107,96.99317057999195,95.10369323103107,96.53129577636719,9915170
2021-08-31 00:00:00+05:30,96.78322839927206,97.70697159718713,96.32135359685493,97.37106323242188,11386659
2021-09-01 00:00:00+05:30,97.41304662148399,98.00088140901858,96.36333706737317,96.90918731689453,7508413
2021-09-02 00:00:00+05:30,96.65726306135396,98.00089012878315,96.573287570937,97.83293914794922,5700524
2021-09-03 00:00:00+05:30,98.25282287597656,99.00861510256023,97.83293901753221,98.25282287597656,9364904
2021-09-06 00:00:00+05:30,98.7986643454299,98.7986643454299,97.32907097218654,97.79093933105469,7005043
2021-09-07 00:00:00+05:30,98.0008877484017,98.16884513207529,96.7832271496338,97.2870864868164,7723357
2021-09-08 00:00:00+05:30,98.27982463427438,98.92725431774917,97.02812988062124,98.45247650146484,10508654
2021-09-09 00:00:00+05:30,98.36613005458986,99.05672423046352,97.97767494690727,98.88407897949219,5757417
2021-09-13 00:00:00+05:30,98.97041234585365,99.70416462110435,98.53879258558912,99.27254486083984,6322443
2021-09-14 00:00:00+05:30,99.48833918813106,100.2652559523521,99.09988409901746,100.04944610595703,7369292
2021-09-15 00:00:00+05:30,100.13577202041729,107.77543951684515,100.13577202041729,107.2143325805664,48721413
2021-09-16 00:00:00+05:30,107.4733220377276,108.5092068446571,106.17846273606823,107.04170227050781,17684303
2021-09-17 00:00:00+05:30,107.17117140121768,107.64594911330407,104.92675030827992,106.82587432861328,15763396
2021-09-20 00:00:00+05:30,105.74684172904593,106.99853640491014,105.14257669642078,105.91948699951172,7431359
2021-09-21 00:00:00+05:30,105.57419408302074,108.25023523099539,105.40154223044495,107.12802124023438,8629222
2021-09-22 00:00:00+05:30,107.55962338773719,109.63139917758318,107.04168108677412,107.38697814941406,11698183
2021-09-23 00:00:00+05:30,107.73228879401078,109.63141299896513,107.60280155594697,108.9408187866211,11053966
2021-09-24 00:00:00+05:30,109.19979618924485,109.3724414539604,106.99853284115073,107.25750732421875,8598140
2021-09-27 00:00:00+05:30,108.1639054152805,110.32200403421271,107.47331122282445,109.50192260742188,8490460
2021-09-28 00:00:00+05:30,110.06302894775644,115.37194625173514,109.93354171414845,113.9044418334961,35900138
2021-09-29 00:00:00+05:30,113.42965479162365,124.52228663405961,112.73907379155568,121.41461944580078,75859390
2021-09-30 00:00:00+05:30,122.36420178518681,123.61589645300066,120.07662232925081,122.45053100585938,34614825
2021-10-01 00:00:00+05:30,121.67359304704858,124.60861496455092,118.86806494513513,120.7671890258789,22452069
2021-10-04 00:00:00+05:30,123.831700193484,128.92482100489983,121.28514637377062,125.6445083618164,58612212
2021-10-05 00:00:00+05:30,125.64448556134383,127.62993863017591,124.47910721146789,125.5149917602539,24390676
2021-10-06 00:00:00+05:30,126.42142392605281,127.15518278021146,123.27060497534954,123.70222473144531,14421296
2021-10-07 00:00:00+05:30,124.47912165431359,125.73081617815889,122.79580742072936,123.27059173583984,10035682
2021-10-08 00:00:00+05:30,123.91803475895982,124.2201606853975,121.11250634095337,121.8031005859375,10686586
2021-10-11 00:00:00+05:30,122.5799973086363,126.68038454255193,122.1052129945221,124.9970703125,17449923
2021-10-12 00:00:00+05:30,126.03297524001583,126.24878512912545,124.13385085024927,124.78128051757812,16030831
2021-10-13 00:00:00+05:30,125.6013394682664,127.11200849967167,124.91074527665485,126.33509826660156,19100941
2021-10-14 00:00:00+05:30,127.32782207434155,130.00386970537755,126.76672168653836,128.9679718017578,29263867
2021-10-18 00:00:00+05:30,130.56497769747685,130.95343284796394,128.36371428206357,129.09747314453125,25346029
2021-10-19 00:00:00+05:30,130.30600615258479,131.29873952848524,127.84578136254996,129.1837921142578,20234486
2021-10-20 00:00:00+05:30,130.04702790094237,130.04702790094237,125.42870439054111,126.248779296875,16129487
2021-10-21 00:00:00+05:30,127.50047332325879,128.23423217745753,125.9466395668312,127.6731185913086,20818539
2021-10-22 00:00:00+05:30,127.62994837688733,127.84575822319793,124.30647147490892,125.08338165283203,11379569
2021-10-25 00:00:00+05:30,124.91074034353704,126.2487640671938,123.57271661988027,124.22014617919922,14079380
2021-10-26 00:00:00+05:30,125.42870641515731,125.73083234763622,122.96846848445382,123.61589813232422,16224116
2021-10-27 00:00:00+05:30,124.30647466150164,124.78125896995358,121.5872757970765,121.9757308959961,15072448
2021-10-28 00:00:00+05:30,121.97572611871155,122.45051040856816,117.65952925090143,118.56593322753906,19999659
2021-10-29 00:00:00+05:30,113.0843728827207,118.17748059108571,110.96943877236538,114.50871276855469,29217522
2021-11-01 00:00:00+05:30,114.9834910374088,116.79629913436334,112.99803768645587,115.93305969238281,10043407
2021-11-02 00:00:00+05:30,116.5373074338501,121.54409809133136,116.5373074338501,117.9616470336914,21525811
2021-11-03 00:00:00+05:30,119.08388893815332,119.94712845662053,117.01211936262791,118.04800415039062,9808728
2021-11-04 00:00:00+05:30,119.38603633590795,119.38603633590795,118.22065763618589,118.39330291748047,1026849
2021-11-08 00:00:00+05:30,119.73131459930012,121.37147753309229,117.87535496505005,121.11250305175781,12765483
2021-11-09 00:00:00+05:30,121.50095115413735,122.0620515212225,119.17020730103118,119.55866241455078,9556650
2021-11-10 00:00:00+05:30,119.2996945663583,119.34285917514137,118.04799994358468,118.60910034179688,5479056
2021-11-11 00:00:00+05:30,118.69540571966215,118.91121554824335,115.97620714833361,117.9616470336914,11418813
2021-11-12 00:00:00+05:30,119.29969344227611,119.29969344227611,116.23519065540222,117.78902435302734,9306659
2021-11-15 00:00:00+05:30,118.52279675744438,118.82492270671224,117.40058267104364,118.39330291748047,3991733
2021-11-16 00:00:00+05:30,118.86806852632118,118.95439773931466,115.67408522539094,115.93305969238281,5762128
2021-11-17 00:00:00+05:30,115.6740902624769,119.12704818075979,115.6740902624769,117.78902435302734,15264066
2021-11-18 00:00:00+05:30,117.918516739559,118.78175620859827,116.32151845304078,116.79630279541016,9942974
2021-11-22 00:00:00+05:30,116.53732541494178,118.17747509643068,111.96215370869818,112.3506088256836,15990636
2021-11-23 00:00:00+05:30,112.26429623647329,115.45827965611376,110.62413333255749,115.24246978759766,11510010
2021-11-24 00:00:00+05:30,116.10570349496714,118.52277653669499,115.28562866973493,116.83946228027344,7570759
2021-11-25 00:00:00+05:30,116.96895832352854,118.00484314291822,114.20659441449268,116.7099838256836,13919886
2021-11-26 00:00:00+05:30,114.98349253169864,115.71725133571321,110.49465000946199,111.22840881347656,13323593
2021-11-29 00:00:00+05:30,110.32200487943001,111.6600286678168,107.9480963804172,109.19979095458984,16077669
2021-11-30 00:00:00+05:30,110.32200571229637,111.7463455536615,107.6459581153202,109.84722137451172,22883512
2021-12-01 00:00:00+05:30,112.22111754322259,114.76767103769055,108.6386728582979,110.23566436767578,17010938
2021-12-02 00:00:00+05:30,110.23568321617525,112.48011121959514,109.28612106872558,111.09892272949219,12916313
2021-12-03 00:00:00+05:30,111.09891310248406,112.43693686658003,109.1134663454961,109.63140869140625,12827354
2021-12-06 00:00:00+05:30,109.63140440436024,110.14934673001669,107.04168619008402,107.34381866455078,8158812
2021-12-07 00:00:00+05:30,107.99125190901255,109.1134658079512,107.04168984852288,108.20706176757812,8701301
2021-12-08 00:00:00+05:30,107.7754453516246,110.19251847599197,107.7754453516246,109.84722137451172,12093435
2021-12-09 00:00:00+05:30,109.84721738344639,110.19251447238102,108.46603561370209,108.81133270263672,11518172
2021-12-10 00:00:00+05:30,108.85450232068861,109.37244471627895,107.38699776885016,108.89766693115234,8389566
2021-12-13 00:00:00+05:30,110.14935473887242,111.01260079239097,108.33655317427078,108.59552764892578,13223189
2021-12-14 00:00:00+05:30,107.90493291235097,110.01986696303527,107.90493291235097,109.07030487060547,11649242
2021-12-15 00:00:00+05:30,108.89765117759953,110.88309783780596,108.68184132849053,109.37242889404297,11916145
2021-12-16 00:00:00+05:30,110.10619469344374,110.66729506822631,108.9839807718899,109.9767074584961,10758513
2021-12-17 00:00:00+05:30,109.97671436385826,110.23568226401963,107.12802136011989,108.37972259521484,13041775
2021-12-20 00:00:00+05:30,107.47331967833595,108.29339458365223,102.81182497749832,105.09941101074219,14185935
2021-12-21 00:00:00+05:30,106.6532324843358,107.64595254396974,104.32248210947077,105.48785400390625,10168470
2021-12-22 00:00:00+05:30,106.22162065555644,106.95537289640697,105.01308406627608,105.79000091552734,7885198
2021-12-23 00:00:00+05:30,106.26477075839706,108.25022404895935,106.00580288527638,107.51647186279297,9836979
2021-12-24 00:00:00+05:30,107.73228054193626,107.90492578880074,104.36564554012688,104.66777801513672,8509575
2021-12-27 00:00:00+05:30,104.66778001459258,105.4446968123121,104.10667307257326,105.18572235107422,5097217
2021-12-28 00:00:00+05:30,105.31521959715444,107.55964099268172,105.2720549875118,107.12802124023438,6511374
2021-12-29 00:00:00+05:30,107.55963216706414,107.68911939937244,105.48785620811384,106.30793762207031,8960770
2021-12-30 00:00:00+05:30,106.39426434871756,110.36516458124768,105.53102488138516,109.54508972167969,32394253
2021-12-31 00:00:00+05:30,109.45875393926005,109.45875393926005,107.04168108677412,107.38697814941406,9155163
2022-01-03 00:00:00+05:30,108.25022325991877,109.24294989796388,107.64595172172024,108.7681655883789,9034081
2022-01-04 00:00:00+05:30,109.63141761849444,115.06982915837672,109.41560774129267,114.72452545166016,33986738
2022-01-05 00:00:00+05:30,114.46556555765865,114.68137543753961,112.82540256736948,113.94761657714844,16122852
2022-01-06 00:00:00+05:30,114.24974699133917,114.24974699133917,111.61686402257226,112.99803924560547,8037648
2022-01-07 00:00:00+05:30,113.34333289428831,114.12024306520313,111.74633477720084,113.3864974975586,8820039
2022-01-10 00:00:00+05:30,113.90444653780857,114.20658562403712,112.86856179815071,113.81813049316406,7324926
2022-01-11 00:00:00+05:30,114.077087295884,115.67408553664052,113.08436720373066,114.20658111572266,11971883
2022-01-12 00:00:00+05:30,115.11298173115948,115.84672733372591,114.24974231261906,115.54460144042969,10439580
2022-01-13 00:00:00+05:30,116.01937157332621,117.96166024813851,115.24246137219652,116.49415588378906,15114699
2022-01-14 00:00:00+05:30,116.01937428305285,117.5300432876342,115.06981881193761,116.83946228027344,9344382
2022-01-17 00:00:00+05:30,116.2351980657296,118.56595534675432,116.06255279320666,117.91852569580078,9803141
2022-01-18 00:00:00+05:30,117.91849591459183,118.91121585987233,116.01935888051091,116.53730773925781,6473378
2022-01-19 00:00:00+05:30,115.76041246451409,116.79629714282979,114.76767921997077,116.36467742919922,21136414
2022-01-20 00:00:00+05:30,116.10571349490081,117.70271184894247,115.80357439916659,116.45100402832031,8466412
2022-01-21 00:00:00+05:30,115.71724951715582,117.48689300280049,114.42239035770683,115.76041412353516,12437749
2022-01-24 00:00:00+05:30,114.81084378568008,116.75313249634007,113.08436493176008,114.4655532836914,14284658
2022-01-25 00:00:00+05:30,113.25701570355359,117.09842870638052,113.12753505199329,116.79630279541016,10007486
2022-01-27 00:00:00+05:30,115.84671365159082,117.40054705584491,114.94030973477703,116.53730773925781,18760325
2022-01-28 00:00:00+05:30,120.85352868358507,124.30648664597321,119.12704970239099,120.9830093383789,34009553
2022-01-31 00:00:00+05:30,122.57999671084751,123.78852662089162,119.60182336881962,122.62316131591797,27928927
2022-02-01 00:00:00+05:30,124.3064903313433,124.43597098997591,121.24198741447128,121.84625244140625,17413984
2022-02-02 00:00:00+05:30,122.58001129896353,123.22744093610595,121.50096190372618,121.84625244140625,10783943
2022-02-03 00:00:00+05:30,122.1571899048785,123.13445284657803,121.09109350421163,121.40203094482422,9571728
2022-02-04 00:00:00+05:30,121.713001045716,122.11278556419754,118.95890581857057,119.22543334960938,7213085
2022-02-07 00:00:00+05:30,119.22541977603704,121.13552223422607,119.22541977603704,120.06941223144531,10562489
2022-02-08 00:00:00+05:30,120.33593405126162,120.51361452461978,117.98163727792583,119.93614959716797,8721631
2022-02-09 00:00:00+05:30,120.2026795468072,120.46920704037802,118.91447914339162,119.98057556152344,5144026
2022-02-10 00:00:00+05:30,120.06939900781111,121.57971682669705,119.31425365451847,121.2243423461914,6081460
2022-02-11 00:00:00+05:30,119.44753188444545,122.33488396652761,119.44753188444545,121.84625244140625,8426925
2022-02-14 00:00:00+05:30,119.66962311447176,121.22435099268243,117.09322233875457,117.7151107788086,7705072
2022-02-15 00:00:00+05:30,117.35976396721355,120.64690059448095,116.07154986801498,120.24711608886719,12674466
2022-02-16 00:00:00+05:30,119.84732552086274,121.4464771994618,118.02608337517185,118.33702087402344,12946623
2022-02-17 00:00:00+05:30,119.49194562951499,119.84730658810867,117.67069021538128,117.93721771240234,5811964
2022-02-18 00:00:00+05:30,117.93722438201043,119.13659140835622,117.18206535710345,117.58186340332031,6760078
2022-02-21 00:00:00+05:30,117.62626303162583,119.18099090016548,116.51574312552607,117.22647857666016,12212740
2022-02-22 00:00:00+05:30,116.4269094100347,117.71510978703999,113.62839789721825,117.35974884033203,13578566
2022-02-23 00:00:00+05:30,117.27091207128456,118.55911256083714,115.36082309258443,115.67176055908203,9263264
2022-02-24 00:00:00+05:30,112.82882386445142,114.60565573633254,109.85263183466567,110.5189437866211,18045779
2022-02-25 00:00:00+05:30,111.05199980848963,116.38249579929712,111.05199980848963,115.8050308227539,10424521
2022-02-28 00:00:00+05:30,114.56122817756514,119.00330770020165,114.4279712143464,118.60352325439453,13262687
2022-03-02 00:00:00+05:30,117.9816410332925,119.93615341474695,115.89385812546405,116.33806610107422,12587947
2022-03-03 00:00:00+05:30,117.35974884033203,118.55910220258477,115.71617396046761,117.35974884033203,15628119
2022-03-04 00:00:00+05:30,117.27091207128456,118.47027909447455,115.27197607006948,115.67176055908203,15883138
2022-03-07 00:00:00+05:30,114.60566602647414,115.93829005003779,112.7399937491003,115.53850555419922,14985637
2022-03-08 00:00:00+05:30,115.93829331442575,120.64690104149126,115.93829331442575,118.82564544677734,28572640
2022-03-09 00:00:00+05:30,119.00333022893257,119.00333022893257,116.47135255538713,116.82671356201172,14286413
2022-03-10 00:00:00+05:30,118.07045991954408,119.93613860925919,117.22646758130149,118.11488342285156,13101323
2022-03-11 00:00:00+05:30,118.07047099406573,118.51467895650563,116.82669412169447,117.22647857666016,8669803
2022-03-14 00:00:00+05:30,117.22648668925098,118.07047916506455,116.16039021684686,117.40416717529297,5670284
2022-03-15 00:00:00+05:30,116.64903731485683,118.11491846586047,116.07155871282968,116.42693328857422,6895190
2022-03-16 00:00:00+05:30,117.62626670651916,118.15932170056129,116.87112128046971,117.93721771240234,5561866
2022-03-17 00:00:00+05:30,118.60352770245336,119.31426316396052,117.18205677943907,118.07047271728516,13995384
2022-03-21 00:00:00+05:30,118.07047271728516,118.5146806862082,117.00437630310012,118.07047271728516,9172207
2022-03-22 00:00:00+05:30,118.42586178044108,119.18100728672545,117.04881419631268,118.02607727050781,10343712
2022-03-23 00:00:00+05:30,118.07048103735012,118.8256400601936,117.44859254826557,118.55911254882812,11892811
2022-03-24 00:00:00+05:30,118.60354925760467,120.55806196485128,118.47029226517002,120.29153442382812,11276181
2022-03-25 00:00:00+05:30,120.82457794019597,120.95783491987487,119.22542640328639,119.71405792236328,7266868
2022-03-28 00:00:00+05:30,120.38037239820956,120.38037239820956,118.87006785425964,119.75848388671875,7778682
2022-03-29 00:00:00+05:30,119.93615329977119,120.2026807961121,118.95889033190501,119.35868835449219,5116935
2022-03-30 00:00:00+05:30,119.93615499500905,120.78014744855838,118.55910754124339,120.20268249511719,24047012
2022-03-31 00:00:00+05:30,119.31426116233881,120.46920457339363,119.31426116233881,119.93614959716797,11615450
2022-04-01 00:00:00+05:30,122.6013978310637,127.44326191823416,121.53530143071947,126.99905395507812,32589741
2022-04-04 00:00:00+05:30,126.02182390949372,129.7087451470337,125.71087286510458,128.1984405517578,15437496
2022-04-05 00:00:00+05:30,129.17570934073805,133.7954844000271,128.59824423640458,132.46286010742188,23958626
2022-04-06 00:00:00+05:30,133.57334593440606,137.97100225566078,131.75209049255056,135.92764282226562,52737388
2022-04-07 00:00:00+05:30,135.88324037986786,140.36974441578025,135.21692830194485,136.3718719482422,37738903
2022-04-08 00:00:00+05:30,137.61562601993694,137.61562601993694,134.32848969735917,135.08364868164062,17585569
2022-04-11 00:00:00+05:30,135.4390010244322,137.34910334002936,134.90595961898595,136.0164794921875,15583159
2022-04-12 00:00:00+05:30,135.66109907728796,136.46068148478074,134.01753787038373,135.572265625,11306524
2022-04-13 00:00:00+05:30,135.97205283637794,138.7705574295611,135.70552536175325,136.77162170410156,19454061
2022-04-18 00:00:00+05:30,137.6156312743665,145.47811819951895,137.26027030122552,144.98948669433594,82098517
2022-04-19 00:00:00+05:30,146.49979766174252,147.78801174785394,141.70235653080945,142.72402954101562,38522118
2022-04-20 00:00:00+05:30,144.0566555808655,144.98949513485587,141.25815047504747,142.5907745361328,20047692
2022-04-21 00:00:00+05:30,143.56803856826556,145.16717660739292,142.45751850989765,144.5452880859375,21966151
2022-04-22 00:00:00+05:30,143.25709177080034,144.81181989854545,142.01331469106563,142.54635620117188,9922564
2022-04-25 00:00:00+05:30,140.90275650088773,142.94610207135494,138.0598149910816,138.6817169189453,12008027
2022-04-26 00:00:00+05:30,140.01437830761265,140.76952383478593,138.5929071705812,139.4813232421875,11735823
2022-04-27 00:00:00+05:30,139.30362311763858,141.7911904789833,137.88215218082686,138.2819366455078,17873048
2022-04-28 00:00:00+05:30,140.3697157842669,142.23539464436635,137.9265719968825,141.88002014160156,29123808
2022-04-29 00:00:00+05:30,142.50191313096707,143.03496812407644,138.32636087211566,138.77056884765625,28941216
2022-05-02 00:00:00+05:30,137.34912083897265,140.68068088303423,135.92764979771204,139.92552185058594,13368198
2022-05-04 00:00:00+05:30,140.36970917218204,143.83452568498456,139.74782076682655,140.94717407226562,24511385
2022-05-05 00:00:00+05:30,141.79119239253322,142.8128653223005,139.4813054780789,140.72508239746094,33396072
2022-05-06 00:00:00+05:30,138.99266960080448,142.45749986307905,138.63730865110256,141.2581329345703,22604305
2022-05-09 00:00:00+05:30,141.21370942681975,141.96886839012544,138.54846163560143,141.2581329345703,22958742
2022-05-10 00:00:00+05:30,141.21371927902612,143.2570787727516,137.2602708241248,138.10426330566406,20322427
2022-05-11 00:00:00+05:30,136.86047113053866,139.43687179971093,133.30680755587306,135.52784729003906,13794764
2022-05-12 00:00:00+05:30,134.23966086247327,135.92764581285175,131.48556588432717,131.9741973876953,11818556
2022-05-13 00:00:00+05:30,133.26239381036166,133.26239381036166,127.48769007857932,128.06515502929688,22913410
2022-05-16 00:00:00+05:30,127.39886385237902,132.28515242289242,125.84413567085203,131.7076873779297,16286682
2022-05-17 00:00:00+05:30,131.04137103818977,133.9287232814041,129.97527445961825,133.7066192626953,13925542
2022-05-18 00:00:00+05:30,133.70661109384864,134.06197207961043,130.77483551477957,131.92977905273438,17611218
2022-05-19 00:00:00+05:30,131.04134198781605,131.97418137082383,129.48661420151993,131.4855499267578,11701170
2022-05-20 00:00:00+05:30,134.1063969633574,134.1063969633574,131.17462135430546,132.90704345703125,17841739
2022-05-23 00:00:00+05:30,137.17141280658498,138.01541877661987,131.84091727954956,133.39564514160156,26055890
2022-05-24 00:00:00+05:30,133.39565268841176,134.90597068477172,129.97525933208053,130.50830078125,16581141
2022-05-25 00:00:00+05:30,131.84094599031337,136.06092253485974,130.952529875672,135.61671447753906,19926619
2022-05-26 00:00:00+05:30,136.06090953178628,137.793331634696,133.79545950087874,136.94932556152344,22698086
2022-05-27 00:00:00+05:30,137.70446549561248,137.70446549561248,132.8181780102843,133.66217041015625,10245727
2022-05-30 00:00:00+05:30,133.30682049317068,135.48343693266173,132.1963005183128,134.0619659423828,12513990
2022-05-31 00:00:00+05:30,134.23964776622597,140.36971204708783,133.57333584195183,138.59288024902344,124665699
2022-06-01 00:00:00+05:30,138.99265316464448,142.3242125097038,138.8149727108046,139.30360412597656,16084988
2022-06-02 00:00:00+05:30,138.14867212081623,141.52465524400202,137.03815224846238,141.30255126953125,17646975
2022-06-03 00:00:00+05:30,141.25813145791332,141.65791591118662,137.43794028587158,137.7044677734375,14063328
2022-06-06 00:00:00+05:30,138.4151960608362,140.94717317134604,137.34909972187674,137.88214111328125,18485464
2022-06-07 00:00:00+05:30,137.882174479747,140.10321470511713,136.37186983772605,139.70343017578125,14911957
2022-06-08 00:00:00+05:30,138.68174905168613,141.924462170203,138.68174905168613,139.52574157714844,16416591
2022-06-09 00:00:00+05:30,137.970993298283,140.36971353995068,137.43793833073417,137.8377227783203,13821409
2022-06-10 00:00:00+05:30,136.90488665256703,139.12592625720862,136.8160396459214,137.9265594482422,7908849
2022-06-13 00:00:00+05:30,136.81606815114503,137.61563715294386,131.26346798267323,132.28514099121094,19208167
2022-06-14 00:00:00+05:30,132.28510974915116,135.43898861121534,132.28510974915116,134.5061492919922,17034328
2022-06-15 00:00:00+05:30,135.52785858194542,136.5495315223252,131.08577874350834,131.6188201904297,15172295
2022-06-16 00:00:00+05:30,133.35123596190007,133.3956459132947,126.15506153631192,126.99905395507812,18494040
2022-06-17 00:00:00+05:30,125.35550129183216,128.33168671705224,123.97845379961288,124.77802276611328,21387729
2022-06-20 00:00:00+05:30,124.77800182493841,125.62199416041089,119.93613821561219,121.93507385253906,16578770
2022-06-21 00:00:00+05:30,122.77908099383272,125.48875233965379,122.37929652946767,124.33380889892578,51398446
2022-06-22 00:00:00+05:30,124.33381046198825,124.33381046198825,121.3132016308659,122.29045104980469,8317317
2022-06-23 00:00:00+05:30,122.51255283481355,123.6230727610035,120.51361696767167,121.2687759399414,11257409
2022-06-24 00:00:00+05:30,122.51256549571802,122.51256549571802,119.89174091029429,121.35763549804688,21879039
2022-06-27 00:00:00+05:30,121.93508858801226,123.53424000203617,121.49088061501404,123.04560852050781,12872030
2022-06-28 00:00:00+05:30,123.04561342861453,123.75634892499217,121.84624643121775,123.13446044921875,14272044
2022-06-29 00:00:00+05:30,122.42374989737031,127.13235826960664,121.53533373491648,125.93299102783203,53487394
2022-06-30 00:00:00+05:30,126.42159417630268,127.8874750919823,125.39990768572592,126.95463562011719,19270932
2022-07-01 00:00:00+05:30,126.15507074588956,127.221167224061,124.15613476576102,124.95570373535156,9592229
2022-07-04 00:00:00+05:30,123.80078247147176,126.33276009012776,123.80078247147176,125.62202453613281,17526429
2022-07-05 00:00:00+05:30,125.62202558131672,128.15401677719223,124.55592901953086,125.13340759277344,11370649
2022-07-06 00:00:00+05:30,125.71085985996176,126.15506784533265,120.91341904041691,123.44539642333984,15929985
2022-07-07 00:00:00+05:30,124.37823828286308,126.8213822491336,123.93403028899571,124.77802276611328,18144208
2022-07-08 00:00:00+05:30,125.2666542996497,128.10958274982977,125.2666542996497,127.66537475585938,15375888
2022-07-11 00:00:00+05:30,127.93188847637938,130.59713615297062,127.57652754196083,128.6426239013672,16779135
2022-07-12 00:00:00+05:30,127.97633301099368,131.57442067685142,127.97633301099368,130.68600463867188,19138561
2022-07-13 00:00:00+05:30,131.26345674195088,132.68492768581336,131.04135275423184,132.01861572265625,13644449
2022-07-14 00:00:00+05:30,132.37400958062614,132.64053714336174,130.59717723726203,131.7521209716797,9775869
2022-07-15 00:00:00+05:30,131.88535492931132,133.39565944602907,131.61882741314875,133.04029846191406,11518139
2022-07-18 00:00:00+05:30,134.50617423419197,134.63944476516522,132.64050880593493,133.084716796875,8286352
2022-07-19 00:00:00+05:30,133.0846881301638,134.32846481442317,132.59605673415152,133.92868041992188,6798359
2022-07-20 00:00:00+05:30,135.12808517155014,135.26134215515316,133.3956630477933,133.75103759765625,7271345
2022-07-21 00:00:00+05:30,134.15080457361069,134.37290855469283,133.26238864928214,134.01754760742188,7521568
2022-07-22 00:00:00+05:30,134.1508302901977,134.50619130559102,131.61883899802052,132.32957458496094,6800124
2022-07-25 00:00:00+05:30,132.55165956146095,133.66217952017988,130.90809815624803,133.3512420654297,7996687
2022-07-26 00:00:00+05:30,133.26239013671875,134.10638256302104,132.50723117015013,133.26239013671875,5774871
2022-07-27 00:00:00+05:30,132.86259265476025,133.75100850192527,132.41838473117772,132.995849609375,5403197
2022-07-28 00:00:00+05:30,133.30682149183048,134.10639045725725,132.41840550528863,133.57334899902344,6030744
2022-07-29 00:00:00+05:30,134.10637742806128,137.21583307885638,133.66216947794769,135.88320922851562,11771461
2022-08-01 00:00:00+05:30,135.8387913211091,140.10319052919442,134.15080646356455,139.03709411621094,14221965
2022-08-02 00:00:00+05:30,139.5701488072568,142.23539661218607,139.08151733178948,141.74676513671875,18278835
2022-08-03 00:00:00+05:30,142.19097632236506,142.99054525947966,139.65898542791606,141.83560180664062,10147608
2022-08-04 00:00:00+05:30,141.8800221821974,142.590757641798,135.97206163382955,137.4379425048828,15754128
2022-08-05 00:00:00+05:30,137.17143867673164,139.61458292072632,135.92766157497763,138.237548828125,33864055
2022-08-08 00:00:00+05:30,138.14866325727488,142.14653454124746,137.66003183355934,141.6134796142578,16964235
2022-08-10 00:00:00+05:30,142.06623366550448,142.29259797269376,140.3458704573385,141.02496337890625,14055597
2022-08-11 00:00:00+05:30,141.43242345085787,142.02097896873045,138.3991498723388,139.12350463867188,15810624
2022-08-12 00:00:00+05:30,139.16877146791344,143.96769748049957,138.1727768190775,143.5149688720703,17998843
2022-08-16 00:00:00+05:30,143.9676973117618,144.69206584763575,142.11150725614132,143.7413330078125,8309725
2022-08-17 00:00:00+05:30,143.96768321675884,148.17805333153194,143.96768321675884,146.18605041503906,19674110
2022-08-18 00:00:00+05:30,146.18606056794923,147.27260643275542,144.78259916015858,145.59751892089844,9585888
2022-08-19 00:00:00+05:30,145.82387247629515,146.36713846058845,142.29258140558213,142.8358612060547,9599472
2022-08-22 00:00:00+05:30,142.42842432974538,143.92242322529938,141.25132717339756,141.7040557861328,11400211
2022-08-23 00:00:00+05:30,141.65876911723362,144.14877629314472,140.93440063009626,143.65077209472656,14362373
2022-08-24 00:00:00+05:30,143.87714197012338,147.58952197573987,143.06223602556378,145.59751892089844,20602844
2022-08-25 00:00:00+05:30,146.095501816444,146.6387677614689,143.46966805886646,143.8771209716797,12889454
2022-08-26 00:00:00+05:30,143.96769964501368,149.12880309546668,143.87714839549415,147.9517059326172,30724938
2022-08-29 00:00:00+05:30,146.5029815690195,147.95170483734103,145.50697309640157,145.73333740234375,10928330
2022-08-30 00:00:00+05:30,146.50299184836402,149.80790542053603,146.27662752653904,148.4949951171875,24663153
2022-09-01 00:00:00+05:30,146.23131114019807,148.7213179862386,145.14476546152505,145.50694274902344,14554158
2022-09-02 00:00:00+05:30,147.58953669583096,150.66808592252286,146.00498645523155,146.50299072265625,25106698
2022-09-05 00:00:00+05:30,147.2273299084767,149.4909726572775,146.8651387789612,148.94769287109375,15226001
2022-09-06 00:00:00+05:30,150.1248204571636,152.8864679367237,149.21936317312304,152.52427673339844,27866331
2022-09-07 00:00:00+05:30,152.5695476530697,154.06354659916434,150.89444620280977,151.48300170898438,19415892
2022-09-08 00:00:00+05:30,152.11681938415052,153.20336533080106,150.26062924152433,151.0302734375,11595205
2022-09-09 00:00:00+05:30,151.7998858256418,153.33917403515335,150.26061143230993,150.8491668701172,16415150
2022-09-12 00:00:00+05:30,151.61880840374033,152.20736388519873,149.85316959172653,150.66807556152344,15469466
2022-09-13 00:00:00+05:30,151.16606390363742,152.97697814942208,149.98896688064156,151.57351684570312,15644741
2022-09-14 00:00:00+05:30,149.40044116358112,156.68937454116167,149.40044116358112,156.05555725097656,38751148
2022-09-15 00:00:00+05:30,157.91174684299665,159.49629711046552,156.32719657552778,158.5455780029297,29483891
2022-09-16 00:00:00+05:30,157.504298347591,158.1833913388708,155.10484197154196,156.46302795410156,26126152
2022-09-19 00:00:00+05:30,157.09681857817355,157.64009840520404,154.4257226969968,154.8331756591797,13304030
2022-09-20 00:00:00+05:30,155.64808654785156,156.77990804344728,154.742629351375,155.64808654785156,15395199
2022-09-21 00:00:00+05:30,154.83318705048342,155.78391990964363,152.252628406503,152.66009521484375,7370283
2022-09-22 00:00:00+05:30,151.21135391470966,153.61080999227326,151.07554085982136,152.70535278320312,7447846
2022-09-23 00:00:00+05:30,151.34715178759794,152.56952442369567,147.2725947555111,148.44969177246094,12264388
2022-09-26 00:00:00+05:30,147.09151638577384,148.35916472970547,141.79460016319072,143.6055145263672,21951865
2022-09-27 00:00:00+05:30,144.32987450297819,146.3671532361417,142.6095113214457,143.9676971435547,8367800
2022-09-28 00:00:00+05:30,142.88112422580724,144.37512282109296,140.3458417408023,143.01693725585938,14261815
2022-09-29 00:00:00+05:30,143.74131454058804,146.41241022078367,143.06222171598685,144.46568298339844,17623352
2022-09-30 00:00:00+05:30,144.873159459274,146.27662095477194,142.51896509158834,144.55624389648438,12015533
2022-10-03 00:00:00+05:30,144.73731967804378,148.5855122657459,143.92240001682325,145.19004821777344,10528629
2022-10-04 00:00:00+05:30,146.638803237246,148.49499341820993,146.09553716079077,147.1820831298828,9013773
2022-10-06 00:00:00+05:30,148.72135045159087,149.4909946257579,147.04624904484183,147.4989776611328,6456408
2022-10-07 00:00:00+05:30,147.68007097302376,149.26462103146318,146.09552091458437,148.76661682128906,8825983
2022-10-10 00:00:00+05:30,147.31787037465904,149.94370430726693,146.54824011386125,148.44969177246094,10484521
2022-10-11 00:00:00+05:30,148.8571719263717,148.8571719263717,145.14480535259736,145.8238983154297,13805741
2022-10-12 00:00:00+05:30,146.59351358493,149.67207632169664,145.91442069219653,149.4004364013672,12496248
2022-10-13 00:00:00+05:30,149.26462351122646,151.030262271013,148.72134366997818,149.174072265625,9447511
2022-10-14 00:00:00+05:30,150.532267624178,151.66408918526204,149.2646330022363,149.49099731445312,9588164
2022-10-17 00:00:00+05:30,149.49100312157154,153.06755663029548,148.49499458265424,152.52427673339844,13426449
2022-10-18 00:00:00+05:30,152.97699105875932,153.4297196584101,150.66807243730432,151.16607666015625,20635735
2022-10-19 00:00:00+05:30,150.75865097983188,152.20738828749262,148.35919449371315,148.540283203125,6947654
2022-10-20 00:00:00+05:30,148.4949806854528,152.02625823625664,146.23133768719893,151.16607666015625,12020720
2022-10-21 00:00:00+05:30,151.66406105475443,152.52424251839642,148.94768981198268,149.44569396972656,7414335
2022-10-24 00:00:00+05:30,151.16607666015625,152.0715338594578,150.53225938388124,151.16607666015625,685185
2022-10-25 00:00:00+05:30,151.6188105931729,153.65608936326498,149.8078961308688,153.3391876220703,8131380
2022-10-27 00:00:00+05:30,153.83717296819302,155.28591001668676,151.7093568349321,154.51626586914062,16225577
2022-10-28 00:00:00+05:30,154.51628546831688,158.18339036181348,153.83719248123165,157.5948486328125,16185760
2022-10-31 00:00:00+05:30,153.83716053657218,157.54954028822627,153.0675302674005,156.73463439941406,24233760
2022-11-01 00:00:00+05:30,157.54955266485345,165.65339183466585,157.0968240652418,164.61212158203125,41101936
2022-11-02 00:00:00+05:30,164.7026651284767,165.42703367799083,162.98230191253893,163.8424835205078,22146420
2022-11-03 00:00:00+05:30,162.39374960260992,164.65739253648414,160.49228401168355,161.30718994140625,16719953
2022-11-04 00:00:00+05:30,162.1220922170797,162.52954513803405,159.67736087517505,160.2206268310547,14881752
2022-11-07 00:00:00+05:30,161.0355541304639,162.529552850248,158.31918277363525,159.22463989257812,12799401
2022-11-09 00:00:00+05:30,160.94500002727926,160.94500002727926,155.96498596173757,157.00625610351562,14929008
2022-11-10 00:00:00+05:30,157.09681231406398,157.73062954287332,154.42571653939504,155.8291778564453,10668583
2022-11-11 00:00:00+05:30,156.64409249896784,157.18737233468488,153.61080541254466,155.24063110351562,16963169
2022-11-14 00:00:00+05:30,156.0555508570912,157.00626984532576,154.92372937949747,155.24063110351562,10224241
2022-11-15 00:00:00+05:30,156.01026651950806,157.6853539230628,155.1953468114566,155.8291778564453,13899999
2022-11-16 00:00:00+05:30,155.82917208053414,156.59880232406883,153.15806258869222,153.88243103027344,9781274
2022-11-17 00:00:00+05:30,153.88244178267183,154.65208589616358,151.66407450096824,152.38844299316406,12778124
2022-11-18 00:00:00+05:30,152.6148215217661,153.06755014460362,149.4909967874234,150.1700897216797,11134908
2022-11-21 00:00:00+05:30,149.4004423378322,150.4869882461439,148.63079816901347,148.85716247558594,12788632
2022-11-22 00:00:00+05:30,149.6267815583585,151.66405997594583,149.26460425503657,151.25660705566406,15198091
2022-11-23 00:00:00+05:30,151.98100542886345,152.34318280355842,150.53226829772117,152.16209411621094,12004998
2022-11-24 00:00:00+05:30,152.7506527165322,153.92775003888966,151.7546579177549,153.4750213623047,10986350
2022-11-25 00:00:00+05:30,154.15409887030128,155.05955613238822,152.66009991433037,153.7013702392578,12358833
2022-11-28 00:00:00+05:30,153.92772437897892,155.64808753674237,153.38444453116915,154.28990173339844,5471921
2022-11-29 00:00:00+05:30,154.83316641183038,155.3764462064137,153.06752780370323,154.0635223388672,7693168
2022-11-30 00:00:00+05:30,154.0182717239383,156.50827896698965,153.70135618471429,155.9197235107422,9133076
2022-12-01 00:00:00+05:30,157.09682060705703,157.2326336574787,154.69736460840687,155.9197235107422,9214914
2022-12-02 00:00:00+05:30,156.10083026342383,156.50829709424306,154.96900865821868,155.8744659423828,6376672
2022-12-05 00:00:00+05:30,156.6893685150723,159.0435489046752,155.19535587118602,158.5908203125,9861212
2022-12-06 00:00:00+05:30,158.9982842967146,159.3604616376008,157.41373425202255,158.63609313964844,7008295
2022-12-07 00:00:00+05:30,157.64010772705865,158.45501369961292,155.1048247446287,155.6028289794922,7718718
2022-12-08 00:00:00+05:30,155.60281461255857,156.14608060537432,153.92771338163953,154.24462890625,4225180
2022-12-09 00:00:00+05:30,155.01429609945703,155.51230040693704,152.11683533254978,153.4750213623047,6174919
2022-12-12 00:00:00+05:30,153.9277560906421,153.9277560906421,151.70938825139598,152.93174743652344,7153044
2022-12-13 00:00:00+05:30,153.70134279149812,153.92770706659604,152.16206848406793,153.20333862304688,5166993
2022-12-14 00:00:00+05:30,153.88245213752924,157.2779167205117,153.42972352646493,155.37646484375,8562333
2022-12-15 00:00:00+05:30,155.73862661682423,157.59481649962112,155.46698671414043,155.8291778564453,10644546
2022-12-16 00:00:00+05:30,155.6480640974588,156.73462362945165,153.0675197494218,153.74661254882812,9433166
2022-12-19 00:00:00+05:30,153.74662659634492,155.96499384719095,153.47498668852754,155.5575408935547,7706855
2022-12-20 00:00:00+05:30,154.96900487970697,155.24064482156933,152.61482428798976,153.7013702392578,7387632
2022-12-21 00:00:00+05:30,153.92772321691803,154.8784560353174,150.8491742790518,152.071533203125,8454254
2022-12-22 00:00:00+05:30,152.56954158880146,152.7053546453459,148.99298833259687,150.21534729003906,6979001
2022-12-23 00:00:00+05:30,148.766605055911,150.6227948836628,147.00096646509493,147.58950805664062,5313321
2022-12-26 00:00:00+05:30,146.68408474620298,151.89046429737994,146.5935334884053,149.98899841308594,8321609
2022-12-27 00:00:00+05:30,151.21136886950197,152.2979148646093,148.99300125111992,149.58154296875,9244387
2022-12-28 00:00:00+05:30,149.40044553638344,151.75463990161103,149.21935685048464,150.1700897216797,9652984
2022-12-29 00:00:00+05:30,149.40043528040667,151.5735269943769,148.49497809688904,150.9849853515625,19571340
2022-12-30 00:00:00+05:30,150.9849883122899,151.93572113686275,150.30589541133506,150.71334838867188,8626291
2023-01-02 00:00:00+05:30,151.2566244736954,152.61481024182285,150.66806901779879,152.11680603027344,7322962
2023-01-03 00:00:00+05:30,152.11680074553203,153.20334655904992,151.03025493201415,151.75462341308594,9629995
2023-01-04 00:00:00+05:30,151.98098830876998,152.56952993039758,149.1287899936571,150.8491668701172,11995082
2023-01-05 00:00:00+05:30,152.11681030046432,154.2446402567347,151.34716615044812,153.83717346191406,18887530
2023-01-06 00:00:00+05:30,154.3351573240337,155.87443160478952,152.61479438957343,153.02224731445312,13216749
2023-01-09 00:00:00+05:30,154.15408867953624,154.8331815812082,153.4297201545167,154.28990173339844,6012344
2023-01-10 00:00:00+05:30,154.28990056860334,154.5615404904575,151.34716468357402,152.071533203125,7557693
2023-01-11 00:00:00+05:30,152.52425745199702,152.84117298782093,149.85316156498106,150.35116577148438,8463293
2023-01-12 00:00:00+05:30,151.12080169704512,151.39244162125817,149.89844276235706,150.2606201171875,7628932
2023-01-13 00:00:00+05:30,150.48699284763407,152.25263172965174,149.8531755330869,151.93572998046875,5090393
2023-01-16 00:00:00+05:30,152.70535180274408,152.70535180274408,149.0835229897179,150.2606201171875,10321015
2023-01-17 00:00:00+05:30,150.84917444108817,152.29789766556593,150.1248059207591,151.8451690673828,13015434
2023-01-18 00:00:00+05:30,151.6640943442525,153.65609759628398,151.3019169588583,153.4297332763672,5536057
2023-01-19 00:00:00+05:30,154.2899000743538,154.2899000743538,151.48299106733333,152.75062561035156,6812613
2023-01-20 00:00:00+05:30,153.83717147810725,153.83717147810725,151.79989279499773,152.75062561035156,8545359
2023-01-23 00:00:00+05:30,153.38445117743538,153.47500242805415,150.30590208293208,151.07554626464844,7787735
2023-01-24 00:00:00+05:30,151.39243599002586,151.70935152584977,149.7626103215514,150.35116577148438,7033092
2023-01-25 00:00:00+05:30,150.3058985385225,150.84917839706173,148.8571614598717,150.21534729003906,9257370
2023-01-27 00:00:00+05:30,150.53225428555882,151.25662278370277,148.4949756561302,150.57752990722656,13756671
2023-01-30 00:00:00+05:30,151.7546075174427,155.96497728487367,151.30187899121665,152.8864288330078,30768122
2023-01-31 00:00:00+05:30,153.79191083442691,156.3271799396355,151.52826783607608,154.968994140625,24990701
2023-02-01 00:00:00+05:30,155.9650132123162,157.36847473014805,151.39245128088137,153.927734375,13878016
2023-02-02 00:00:00+05:30,153.92772672924875,154.69737088936725,149.8531692570039,151.1208038330078,19898080
2023-02-03 00:00:00+05:30,152.8396713761068,154.65144580014172,151.02789695207184,153.81524658203125,11730514
2023-02-06 00:00:00+05:30,152.83966697888755,155.02309646374883,152.4215673818611,154.27980041503906,7588936
2023-02-07 00:00:00+05:30,154.69792537718064,155.81286254446,152.65387154096925,153.53652954101562,8699758
2023-02-08 00:00:00+05:30,153.86173142793552,154.00109326227195,152.46805637578825,153.76881408691406,8839686
2023-02-09 00:00:00+05:30,154.18689399657922,154.83727276874762,152.97903960415567,154.2333526611328,5507650
2023-02-10 00:00:00+05:30,153.3971470615911,154.04752580685204,152.46803051773458,153.30422973632812,9468345
2023-02-13 00:00:00+05:30,153.39715411829928,156.27740703043838,153.1184163068809,155.9522247314453,9829152
2023-02-14 00:00:00+05:30,156.55613304524348,156.55613304524348,153.16486343057088,154.27980041503906,12916373
2023-02-15 00:00:00+05:30,154.23333633048586,154.69789457244514,152.5609238239939,154.04751586914062,11855678
2023-02-16 00:00:00+05:30,154.2333307750098,155.81282590533957,153.8616898657058,155.53408813476562,7923121
2023-02-17 00:00:00+05:30,155.16247100671234,157.62462430689928,154.6514540452035,156.13804626464844,10182025
2023-02-20 00:00:00+05:30,155.8128367589666,157.94980757930162,155.39473716257763,155.9986572265625,6679716
2023-02-21 00:00:00+05:30,157.06717988548056,161.89858385666795,157.06717988548056,160.96946716308594,26883881
2023-02-22 00:00:00+05:30,160.6907003289389,160.9229794604283,156.55613462386592,158.41436767578125,12225021
2023-02-23 00:00:00+05:30,158.8324695984263,159.4828483406636,157.02069518176762,157.5781707763672,11184381
2023-02-24 00:00:00+05:30,158.18208413375052,159.0647419733608,157.39232943782974,158.87892150878906,8338893
2023-02-27 00:00:00+05:30,159.01829181285615,161.20172137556395,158.41437172641875,160.1796875,17669762
2023-02-28 00:00:00+05:30,160.55133852092249,160.7371589906754,157.810447604786,158.41436767578125,19044910
2023-03-01 00:00:00+05:30,158.83245946095747,160.78360974033066,157.90334298072116,160.04031372070312,9318790
2023-03-02 00:00:00+05:30,159.99385739602158,159.99385739602158,158.1820830685603,158.69309997558594,7725981
2023-03-03 00:00:00+05:30,159.80803347810027,162.59538289922995,159.34347524124533,160.36550903320312,12962719
2023-03-06 00:00:00+05:30,160.64424399673914,164.91818574899895,160.4584235242916,164.26780700683594,12402804
2023-03-08 00:00:00+05:30,163.2457899620716,166.45123951793266,163.01351080328175,166.17251586914062,22099710
2023-03-09 00:00:00+05:30,165.75438997860317,169.28503577070126,165.38274902246388,166.72996520996094,18874546
2023-03-10 00:00:00+05:30,165.38271980760504,168.17006901784558,165.19689936236057,167.9377899169922,12399692
2023-03-13 00:00:00+05:30,168.4488573775697,168.68113654820144,166.7299858440167,166.96226501464844,13669178
2023-03-14 00:00:00+05:30,165.98667816185568,168.1701078853891,164.63946190097516,165.2898406982422,9217542
2023-03-15 00:00:00+05:30,166.7299687320079,166.8228860616024,165.15047336925971,165.56857299804688,8548173
2023-03-16 00:00:00+05:30,165.5685673056269,167.24097994047034,164.40717161159588,166.8693389892578,9405016
2023-03-17 00:00:00+05:30,168.82045333294556,168.82045333294556,163.4315751767773,164.4071502685547,47276890
2023-03-20 00:00:00+05:30,164.964639039898,164.964639039898,162.54893044515947,163.52450561523438,5627841
2023-03-21 00:00:00+05:30,164.31427541679255,164.96465419753773,162.87414185980344,164.5465545654297,12894327
2023-03-22 00:00:00+05:30,165.19691948368268,165.19691948368268,161.48045341735548,161.99147033691406,7893205
2023-03-23 00:00:00+05:30,161.7127531569135,163.3851659353496,161.38755666378614,162.22377014160156,5759884
2023-03-24 00:00:00+05:30,162.7812265741414,162.7812265741414,160.13325275273365,160.45843505859375,4977283
2023-03-27 00:00:00+05:30,160.411948144667,161.6198023554903,158.60017391702797,159.11119079589844,12077986
2023-03-28 00:00:00+05:30,159.2041091540325,160.73714562349542,158.4143545017686,159.8080291748047,8750986
2023-03-29 00:00:00+05:30,160.4119771877143,162.9670478674776,159.52931924287134,161.66629028320312,20272070
2023-03-31 00:00:00+05:30,162.4095861563543,164.6859190139145,162.22376566991568,162.68832397460938,8125121
2023-04-03 00:00:00+05:30,163.15287630132212,165.47566773968265,163.01350030870418,165.19692993164062,9098662
2023-04-05 00:00:00+05:30,165.66149853339715,165.66149853339715,162.7347726325286,163.43161010742188,10829323
2023-04-06 00:00:00+05:30,163.89614116257152,164.08197580005495,162.45602196242154,162.7812042236328,7159274
2023-04-10 00:00:00+05:30,163.38515440196662,165.3827493553248,162.7812201255326,165.0111083984375,10968456
2023-04-11 00:00:00+05:30,165.4756622314453,167.0086988588551,164.03552875216116,165.4756622314453,9208605
2023-04-12 00:00:00+05:30,165.38275300317355,165.661490815584,162.8741410458676,163.3386993408203,7591360
2023-04-13 00:00:00+05:30,163.52450598513977,163.61742330714483,160.0867777288453,160.7836151123047,9944382
2023-04-17 00:00:00+05:30,160.13324126009417,161.61981921703753,157.2529743166519,157.5781707763672,17401126
2023-04-18 00:00:00+05:30,157.9498225369705,158.64665998933947,157.02070593381185,158.04273986816406,16199789
2023-04-19 00:00:00+05:30,156.78842304027754,157.90336010201406,154.97664854280646,155.25538635253906,16314641
2023-04-20 00:00:00+05:30,155.25537190474978,158.13562453143842,154.976634120956,157.6710662841797,15498083
2023-04-21 00:00:00+05:30,157.62460762401528,157.90334540780907,156.46321200586843,157.6710662841797,6672391
2023-04-24 00:00:00+05:30,156.5561410088867,159.11121155947683,156.27740320429268,158.8324737548828,8088991
2023-04-25 00:00:00+05:30,159.15768328555095,160.2261617507946,158.27502531288945,158.97186279296875,9175412
2023-04-26 00:00:00+05:30,158.97185103650898,159.52931247302953,157.48525885139998,157.81045532226562,9032416
2023-04-27 00:00:00+05:30,157.94981585466314,159.2041288867394,156.8348788134807,158.8324737548828,9054900
2023-04-28 00:00:00+05:30,159.71511185905885,160.27258739915007,157.57815536882373,159.8080291748047,21552892
2023-05-02 00:00:00+05:30,160.4119575408442,163.5245034767619,160.31905439745708,163.15286254882812,8893428
2023-05-03 00:00:00+05:30,163.1528483567902,165.9866420844678,162.6882901486868,163.8496856689453,11194149
2023-05-04 00:00:00+05:30,163.94258880425113,164.87170522045793,162.4095523883865,163.8496856689453,4671155
2023-05-05 00:00:00+05:30,163.8497100050215,163.89615449097695,160.7371638775556,161.8985595703125,5958697
2023-05-08 00:00:00+05:30,162.40959433512586,164.96466513961178,162.13085650283384,164.50010681152344,6287186
2023-05-09 00:00:00+05:30,164.63944259080876,165.98665869367753,162.78120957245383,163.52450561523438,7918748
2023-05-10 00:00:00+05:30,163.5245314870989,164.77884464381546,162.54895616267436,164.50010681152344,6231734
2023-05-11 00:00:00+05:30,165.01108648347883,167.24096028304265,164.40715228725273,166.82286071777344,12125975
2023-05-12 00:00:00+05:30,166.40480830395492,166.54417013946943,162.13086577036213,162.54896545410156,8920297
2023-05-15 00:00:00+05:30,161.66628338299196,164.22135395370017,161.5269215681945,163.47805786132812,7980565
2023-05-16 00:00:00+05:30,164.3607024521732,165.38273626852992,163.05994502880338,164.87171936035156,7874923
2023-05-17 00:00:00+05:30,164.87172171810315,165.24337682808982,162.64184776695436,163.52450561523438,6639494
2023-05-18 00:00:00+05:30,164.45363986156767,165.10401865269998,162.27021015862957,162.68832397460938,6921939
2023-05-19 00:00:00+05:30,162.59542576203035,162.92062228443282,160.6907336533788,161.01593017578125,6657753
2023-05-22 00:00:00+05:30,161.01590495587573,164.50009210504848,160.87652896359253,161.7592010498047,13339834
2023-05-23 00:00:00+05:30,162.54894491264773,163.19932369151962,160.5513499109996,161.80564880371094,8359389
2023-05-24 00:00:00+05:30,161.66630741571927,162.87416197322992,161.15529039017295,162.54896545410156,8507023
2023-05-25 00:00:00+05:30,162.54892844597097,163.10640401549819,161.10879503901953,162.13082885742188,7986243
2023-05-26 00:00:00+05:30,162.595387106297,164.6858992262351,161.75918792919882,162.13082885742188,6926193
2023-05-29 00:00:00+05:30,162.54894014074517,165.19692802072308,162.40957832693314,163.80325317382812,9943211
2023-05-30 00:00:00+05:30,164.45362747928345,165.38274401871445,163.1528699949574,164.26780700683594,9727639
2023-05-31 00:00:00+05:30,164.4536279404436,164.4536279404436,159.76158656772108,161.52691650390625,41785992
2023-06-01 00:00:00+05:30,161.2946513931059,162.31667117189545,159.6686973031641,162.03793334960938,11602551
2023-06-02 00:00:00+05:30,163.43159066942619,163.43159066942619,161.10879936271354,162.1772918701172,7262018
2023-06-05 00:00:00+05:30,163.33869638865758,163.71033734702513,161.24818409915392,161.7592010498047,12239684
2023-06-06 00:00:00+05:30,162.13082659142478,163.29222219738054,161.24816876633687,162.96702575683594,4889564
2023-06-07 00:00:00+05:30,163.47805219170195,165.38274393197514,162.96703525984427,164.77882385253906,6270083
2023-06-08 00:00:00+05:30,166.07957313779286,171.28263116990985,165.47565308816883,169.14566040039062,27382635
2023-06-09 00:00:00+05:30,170.95742038322098,171.1896994870025,167.75197158647384,169.8424835205078,10235269
2023-06-12 00:00:00+05:30,169.84250918813203,173.23377894497523,169.70313319848492,172.5369415283203,17450400
2023-06-13 00:00:00+05:30,172.81568157266864,173.41960167072787,171.88656500507363,172.21176147460938,8332566
2023-06-14 00:00:00+05:30,172.2117460376862,175.04553997307693,172.2117460376862,173.93060302734375,15061573
2023-06-15 00:00:00+05:30,173.74478698215228,174.02352476996862,172.21175041495158,173.46604919433594,9840499
2023-06-16 00:00:00+05:30,173.65188679600723,175.3242995107419,172.86214619265627,174.8597412109375,8562558
2023-06-19 00:00:00+05:30,174.85973067887093,174.85973067887093,172.0723810479308,172.6763153076172,5363723
2023-06-20 00:00:00+05:30,172.81569091796877,174.67392415364583,171.46847465754178,174.20936584472656,6035600
2023-06-21 00:00:00+05:30,174.20936584472656,175.32430295069392,173.28024922688803,174.20936584472656,5906854
2023-06-22 00:00:00+05:30,174.20934661617125,174.62744621261146,170.3535187486105,171.4219970703125,6683123
2023-06-23 00:00:00+05:30,171.46845437317228,174.20934523611524,170.72515833139295,173.46604919433594,15255365
2023-06-26 00:00:00+05:30,174.11644691884996,174.11644691884996,171.37555575674511,171.7936553955078,7231775
2023-06-27 00:00:00+05:30,171.79365946723075,173.69835139695377,171.70075631041178,172.86215209960938,6787438
2023-06-28 00:00:00+05:30,172.86215993834463,177.08964363816543,172.16532243322675,175.6959686279297,32476741
2023-06-30 00:00:00+05:30,174.76680967606094,178.0651617272814,174.6738923603117,175.74237060546875,9579059
2023-07-03 00:00:00+05:30,176.53214677798204,178.94785551003187,175.32429241195712,177.69354248046875,7352149
2023-07-04 00:00:00+05:30,177.55418339829856,180.99191189510185,175.6030329172296,180.29507446289062,13258826
2023-07-05 00:00:00+05:30,180.24862248792118,180.94545994599304,178.71558575104083,179.69114685058594,6558910
2023-07-06 00:00:00+05:30,179.78403663877612,183.1753060776229,179.08719928746302,182.8036651611328,16276609
2023-07-07 00:00:00+05:30,182.80367330379076,183.732789813594,178.52973168781864,178.94784545898438,12652336
2023-07-10 00:00:00+05:30,178.9942944605371,179.64468737556956,176.34632084707866,177.97227478027344,10238356
2023-07-11 00:00:00+05:30,178.99428779165157,179.2730255766814,177.27543077548768,178.7620086669922,11236383
2023-07-12 00:00:00+05:30,180.01632732389234,180.94544385201567,176.76441947546076,177.2754364013672,9191559
2023-07-13 00:00:00+05:30,178.20455669490548,178.20455669490548,173.6983357674149,174.58099365234375,10612659
2023-07-14 00:00:00+05:30,174.62746112935713,174.9991162735343,171.65429086191037,174.16290283203125,12369394
2023-07-17 00:00:00+05:30,175.09201742332408,175.5565757153346,172.62986414654594,173.28024291992188,9058800
2023-07-18 00:00:00+05:30,173.74481083093002,175.74240592629008,173.0944320215473,174.07000732421875,7177677
2023-07-19 00:00:00+05:30,177.4612793276021,182.6643382143679,176.71798317560774,178.9014129638672,31761232
2023-07-20 00:00:00+05:30,179.04072679732093,180.480860047553,178.25098636649057,179.22654724121094,8936996
2023-07-21 00:00:00+05:30,179.13367423449364,182.43204083272613,178.48329548290258,181.27064514160156,11031250
2023-07-24 00:00:00+05:30,181.64229031549007,183.03596517724577,179.27304021506666,182.01393127441406,9981788
2023-07-25 00:00:00+05:30,182.5713878646653,187.0776084523037,182.01391230717869,186.42721557617188,18028061
2023-07-26 00:00:00+05:30,187.2169886780697,187.82090877712145,185.8233138243868,187.30990600585938,13857423
2023-07-27 00:00:00+05:30,187.44928082708,188.61067661906935,186.3808023693277,187.63510131835938,16013422
2023-07-28 00:00:00+05:30,187.54217738166363,195.5325710388987,185.35874786376954,195.11447143554688,39630520
2023-07-31 00:00:00+05:30,197.15852908111128,203.43006579381964,194.7892790430939,202.8726043701172,43494779
2023-08-01 00:00:00+05:30,203.98752330417437,210.58424171805046,203.33714461226998,209.19056701660156,63510580
2023-08-02 00:00:00+05:30,209.09766773934712,209.19057088151152,201.47891539943768,203.56942749023438,22647784
2023-08-03 00:00:00+05:30,203.56943390098107,207.750458214242,202.50094140349864,204.49855041503906,29868065
2023-08-04 00:00:00+05:30,205.9851330524986,206.44969132017553,202.17576376386398,202.50094604492188,12879897
2023-08-07 00:00:00+05:30,204.126899981791,205.65995077144072,202.22220824887708,202.50094604492188,12929354
2023-08-08 00:00:00+05:30,204.6844043272443,204.77730748751446,198.83096649680581,202.12933349609375,15314866
2023-08-09 00:00:00+05:30,202.9655052888724,204.12690096365102,201.10727220922664,203.19778442382812,12554174
2023-08-10 00:00:00+05:30,203.6623417989912,205.19539258927983,201.15372998792913,201.98992919921875,10970619
2023-08-11 00:00:00+05:30,202.4609917605125,203.96838511435638,200.34122794292682,200.6709747314453,7970536
2023-08-14 00:00:00+05:30,200.9536127822371,201.61309198370563,199.54043690384663,200.6709747314453,9283695
2023-08-16 00:00:00+05:30,200.62386054156542,205.3344466748521,199.77596078780104,204.86338806152344,9687712
2023-08-17 00:00:00+05:30,206.74762596564557,207.07737275070662,202.69651894828874,203.2617950439453,11865239
2023-08-18 00:00:00+05:30,203.30890277419215,204.1096938009097,200.95360967990254,202.69651794433594,14101163
2023-08-21 00:00:00+05:30,204.62786057992668,206.84184183254501,203.21468472733662,206.13525390625,13336739
2023-08-22 00:00:00+05:30,206.55918644843317,209.43264664928304,206.18234533626827,208.86737060546875,16930149
2023-08-23 00:00:00+05:30,209.99790831753037,209.99790831753037,208.25500020430906,208.86737060546875,13507905
2023-08-24 00:00:00+05:30,209.15001838516486,209.52685951491108,206.93603721509484,208.06658935546875,11182959
2023-08-25 00:00:00+05:30,209.0087283437541,209.0087283437541,204.62787428203714,205.287353515625,7413549
2023-08-28 00:00:00+05:30,205.28733424092462,206.60630695982937,204.62785506925613,206.04103088378906,4851793
2023-08-29 00:00:00+05:30,206.51209267209444,208.9144944689479,205.6170841842069,208.3021240234375,8799235
2023-08-30 00:00:00+05:30,209.15003253223765,209.15003253223765,207.0302686890055,207.64263916015625,5490930
2023-08-31 00:00:00+05:30,208.82028104850997,208.82028104850997,206.08814679550542,207.54843139648438,18532999
2023-09-01 00:00:00+05:30,205.24023813093882,218.24144401333447,203.63862738766986,217.346435546875,29859815
2023-09-04 00:00:00+05:30,220.17277806633572,222.8107089972303,217.1580060205564,222.15122985839844,21895573
2023-09-05 00:00:00+05:30,223.18757969671248,223.18757969671248,218.28857267598798,221.02072143554688,13952922
2023-09-06 00:00:00+05:30,221.86861767737668,222.19836447298457,215.17957929228984,218.47698974609375,14623019
2023-09-07 00:00:00+05:30,219.51333257028526,224.2239191061283,216.07461014934756,220.54966735839844,30334731
2023-09-08 00:00:00+05:30,222.33967531583312,229.49977230504504,221.3975580475457,226.3436737060547,28856420
2023-09-11 00:00:00+05:30,229.49976039191804,229.7823840572786,224.36521004582653,229.02870178222656,22493483
2023-09-12 00:00:00+05:30,230.06501817889946,230.7716060813995,220.54964305057285,221.49176025390625,21174310
2023-09-13 00:00:00+05:30,222.43388411049065,224.64785097920577,219.65462677707225,223.423095703125,9151928
2023-09-14 00:00:00+05:30,224.1768035888672,225.35445018722808,222.29256903148973,224.1768035888672,7568464
2023-09-15 00:00:00+05:30,221.9628449264004,225.44867611305156,221.9628449264004,222.52810668945312,14098284
2023-09-18 00:00:00+05:30,223.28178840095416,228.13368649150704,222.38677988796275,227.23867797851562,11163399
2023-09-20 00:00:00+05:30,227.52130663456566,231.76083408738367,226.43787759129486,227.7568359375,18936709
2023-09-21 00:00:00+05:30,226.1552311289122,228.84025645701203,223.37598833292083,225.118896484375,10134737
2023-09-22 00:00:00+05:30,224.78918844535613,225.44866766532448,222.33967777053795,224.1768035888672,7209300
2023-09-25 00:00:00+05:30,225.30733797436378,226.34367271517056,223.4231034460377,225.7783966064453,8027642
2023-09-26 00:00:00+05:30,225.87258945909878,229.1228907910089,225.21311032119291,226.29653930664062,10681642
2023-09-27 00:00:00+05:30,226.0139158828522,226.57919196646765,224.0825870775633,225.4486541748047,9679279
2023-09-28 00:00:00+05:30,225.7312897047336,227.23866861832119,222.00991521755023,223.32888793945312,32887087
2023-09-29 00:00:00+05:30,225.68418029092533,236.94247806335488,225.6370715553618,231.33688354492188,35038887
2023-10-03 00:00:00+05:30,230.206355943363,232.4203228570188,226.62630751582898,227.23867797851562,14885044
2023-10-04 00:00:00+05:30,227.05027140075234,227.05027140075234,218.10015696794258,221.53887939453125,25424437
2023-10-05 00:00:00+05:30,223.517310226279,223.65862205891352,218.61830356218644,220.31411743164062,22472389
2023-10-06 00:00:00+05:30,220.6909703825321,223.75285150843703,220.12569427059913,221.9157257080078,8825123
2023-10-09 00:00:00+05:30,220.31412290964278,222.62230727866242,217.15802439702915,221.1149139404297,10659145
2023-10-10 00:00:00+05:30,221.30333563358897,223.14047576622093,220.21990654945535,222.24545288085938,11665907
2023-10-11 00:00:00+05:30,222.5752078682423,225.82550961596635,222.33967854774681,224.88339233398438,14313043
2023-10-12 00:00:00+05:30,225.11888996208535,228.69893800472897,224.78915758515294,227.61550903320312,13170027
2023-10-13 00:00:00+05:30,226.62631383076027,229.68819498064948,225.7313052928295,228.03948974609375,11880728
2023-10-16 00:00:00+05:30,228.79316726167514,230.8187134869458,227.0502446953222,229.35842895507812,6936948
2023-10-17 00:00:00+05:30,230.67740953067215,232.89137639597473,229.2171249489639,231.71372985839844,10084205
2023-10-18 00:00:00+05:30,231.6666065627836,232.51452064189257,227.61551422856496,227.9923553466797,6987265
2023-10-19 00:00:00+05:30,226.2965641713046,227.8039575454882,224.6949676959649,225.6370849609375,11485237
2023-10-20 00:00:00+05:30,225.1189191693158,228.13369156326326,223.799960739329,227.05026245117188,9040953
2023-10-23 00:00:00+05:30,226.8618320939494,226.95603519170606,221.39754927917946,222.8578338623047,7058625
2023-10-25 00:00:00+05:30,222.3396770134253,222.62231507118324,215.13248560622608,218.61831665039062,23949207
2023-10-26 00:00:00+05:30,217.48778798513683,219.79597253248573,214.56721855750723,218.24147033691406,17410264
2023-10-27 00:00:00+05:30,218.5712227500671,224.6478767143408,218.5712227500671,222.90496826171875,10519462
2023-10-30 00:00:00+05:30,223.70574708003994,224.6007556282043,217.29934664882992,221.02072143554688,8812268
2023-10-31 00:00:00+05:30,220.92647467167234,223.47018813606218,220.0314662421457,222.15122985839844,6583581
2023-11-01 00:00:00+05:30,222.99913111974897,222.99913111974897,218.6654007658904,219.13645935058594,6718059
2023-11-02 00:00:00+05:30,220.64384596162515,222.0570217654471,220.21989609559208,221.63307189941406,6057787
2023-11-03 00:00:00+05:30,221.9184273155849,223.77329336943615,221.9184273155849,222.91720581054688,6825146
2023-11-06 00:00:00+05:30,223.86844769354673,225.62818666918136,223.10747281909377,224.34405517578125,5338605
2023-11-07 00:00:00+05:30,224.77207853338797,227.8635268863256,223.72573636202347,227.4830322265625,7002346
2023-11-08 00:00:00+05:30,228.14890839131098,229.1476724634146,224.43916142925448,225.15257263183594,9777991
2023-11-09 00:00:00+05:30,225.6281720747473,228.0062093321,224.48671709409552,226.34158325195312,13987058
2023-11-10 00:00:00+05:30,226.2464775620038,231.3830323931363,224.29648404697437,230.9074249267578,9589671
2023-11-13 00:00:00+05:30,233.00008979255932,238.37446275401584,231.4305909935074,233.7135009765625,18792969
2023-11-15 00:00:00+05:30,236.80494186407063,236.80494186407063,233.95129721935947,235.23544311523438,10965645
2023-11-16 00:00:00+05:30,236.66227711845733,241.84639557600946,235.56837124202747,240.03909301757812,22145147
2023-11-17 00:00:00+05:30,240.6573786977849,240.75250599709656,238.75494882665618,239.32568359375,5618928
2023-11-20 00:00:00+05:30,238.75494184489912,242.9402816332379,238.08909431235261,238.80250549316406,6283832
2023-11-21 00:00:00+05:30,240.2768907544855,240.467130832565,235.23544885624665,237.80372619628906,6851869
2023-11-22 00:00:00+05:30,238.5647113953309,241.60859632010818,237.18545262630244,241.27566528320312,5275418
2023-11-23 00:00:00+05:30,241.60860490657456,243.22566746960695,239.42080754981836,240.41958618164062,8200025
2023-11-24 00:00:00+05:30,240.9427380183461,244.31955382947436,240.65737064434882,241.51345825195312,7149443
2023-11-28 00:00:00+05:30,242.4171193072156,245.6987932440024,241.27564983342694,244.98538208007812,6151585
2023-11-29 00:00:00+05:30,246.8878214083211,246.8878214083211,243.6061473444907,245.79393005371094,8637363
2023-11-30 00:00:00+05:30,245.3658977314189,248.88537548237878,243.5110170447631,248.5524444580078,21687673
2023-12-01 00:00:00+05:30,249.55125989150255,262.0121821391231,248.98052508840962,255.82928466796875,29121320
2023-12-04 00:00:00+05:30,262.53532942883044,265.3889743139264,259.9194882841591,261.39385986328125,20464526
2023-12-05 00:00:00+05:30,261.7743691494324,272.57063574492616,259.4914300176499,271.5243225097656,18883076
2023-12-06 00:00:00+05:30,273.9498506419168,274.1876543317101,265.3413686829065,267.386474609375,13415314
2023-12-07 00:00:00+05:30,268.09992133937493,274.187690802079,267.576735734977,269.95477294921875,25133786
2023-12-08 00:00:00+05:30,272.4754922593701,277.65959552470713,267.291359965261,271.1437683105469,20815064
2023-12-11 00:00:00+05:30,272.09500848356726,274.4254965825197,270.52550971614664,273.2840270996094,8071675
2023-12-12 00:00:00+05:30,273.42674825718933,274.52063964100626,267.14872379823703,269.5743103027344,8640883
2023-12-13 00:00:00+05:30,270.85842551915175,280.51325033330716,270.6206218093017,279.7047119140625,23629670
2023-12-14 00:00:00+05:30,283.2242833095395,283.9376946025106,279.27674662752185,280.9889221191406,24900443
2023-12-15 00:00:00+05:30,283.46203622359434,292.02297020350153,280.6083915636253,290.2156677246094,28843558
2023-12-18 00:00:00+05:30,291.0717764953864,291.5949331096027,287.0291129329505,288.40838623046875,13307504
2023-12-19 00:00:00+05:30,290.12055749451713,297.25466956405444,287.7425201380047,294.543701171875,15650536
2023-12-20 00:00:00+05:30,297.2546674773246,298.0632059786181,280.75108253322827,283.1291198730469,23497233
2023-12-21 00:00:00+05:30,281.3693652962803,288.36080085278695,278.8962296959061,287.2193603515625,17868637
2023-12-22 00:00:00+05:30,289.1693320500093,293.87785745641264,284.9839922603037,288.0278625488281,15207726
2023-12-26 00:00:00+05:30,291.4998334937374,295.5424970375438,289.740080027737,294.49615478515625,9917180
2023-12-27 00:00:00+05:30,296.39858411832114,297.0168680298417,288.7412863563307,291.11932373046875,12630732
2023-12-28 00:00:00+05:30,294.0205446320583,300.10831446036434,292.73639865349327,298.58636474609375,37591916
2023-12-29 00:00:00+05:30,299.01441941070067,299.01441941070067,293.1168752261009,295.97052001953125,12682889
2024-01-01 00:00:00+05:30,296.7790887938862,298.01565671901585,292.7839740639954,294.63885498046875,8024960
2024-01-02 00:00:00+05:30,295.63756653742587,295.63756653742587,287.3144365219716,291.0717468261719,13506040
2024-01-03 00:00:00+05:30,292.2132082409814,292.97416849569476,288.50344717012786,291.2619934082031,14259987
2024-01-04 00:00:00+05:30,295.73270506266977,306.0533924796258,293.5449224155841,301.6302490234375,40057506
2024-01-05 00:00:00+05:30,307.14725378463277,309.76309449034216,297.4448802207193,299.5851135253906,27456415
2024-01-08 00:00:00+05:30,301.011962890625,302.81926537189906,297.34977976641665,301.011962890625,10136462
2024-01-09 00:00:00+05:30,302.34369825423227,305.7680781132034,300.6314938103575,304.1510009765625,12229517
2024-01-10 00:00:00+05:30,304.0558131760715,304.15094046437946,292.97416626435927,298.06317138671875,14455000
2024-01-11 00:00:00+05:30,299.58517048579176,301.8205024726588,297.1120057244143,297.6351623535156,10316319
2024-01-12 00:00:00+05:30,299.8229235634384,299.9180218226385,294.59124204143455,297.3973083496094,12341629
2024-01-15 00:00:00+05:30,299.5375855041307,302.48635768988174,294.4961578208101,301.82049560546875,9706124
2024-01-16 00:00:00+05:30,301.7729218606964,301.7729218606964,295.0192903805177,296.3034362792969,10162832
2024-01-17 00:00:00+05:30,294.63884326929013,298.77663428318584,292.11812935054655,294.2107849121094,13502940
2024-01-18 00:00:00+05:30,293.8778869221676,296.11321895721284,282.0827976565746,284.6986389160156,32481018
2024-01-19 00:00:00+05:30,288.9791096761928,294.35349772895734,286.9815813695771,293.40228271484375,28651237
2024-01-23 00:00:00+05:30,298.1583659950148,299.91809059655503,285.64986499198477,287.8376770019531,21652362
2024-01-24 00:00:00+05:30,288.1705529845406,295.54246813767145,283.6998315382292,293.78271484375,23922028
2024-01-25 00:00:00+05:30,294.8766265699464,301.7253856372748,294.11566624192136,299.3948974609375,32525422
2024-01-29 00:00:00+05:30,302.2960960360416,309.8582664134364,300.7265971922737,308.716796875,24694773
2024-01-30 00:00:00+05:30,306.14853022842686,308.1460873819764,299.1570947053915,300.0607604980469,20918448
2024-01-31 00:00:00+05:30,303.0095062588144,304.38877952755905,297.34979480673945,302.0107421875,20931224
2024-02-01 00:00:00+05:30,304.4363180583239,310.9997241112826,301.63025151206443,306.29119873046875,24020951
2024-02-02 00:00:00+05:30,308.1936343544408,317.42043069816737,307.3375467314336,316.2789611816406,32346639
2024-02-05 00:00:00+05:30,321.51067184524203,324.41186600038156,316.8021459567072,319.703369140625,19651482
2024-02-06 00:00:00+05:30,322.7289237413052,322.7289237413052,316.00540449669467,321.0000305175781,12024661
2024-02-07 00:00:00+05:30,324.5538774461674,324.5538774461674,316.629729658964,317.6382751464844,8080437
2024-02-08 00:00:00+05:30,320.75990374578066,322.008545590671,315.04490068229705,317.8303527832031,17754869
2024-02-09 00:00:00+05:30,319.7994173835362,321.76843638878887,306.97669920530035,312.0673522949219,18304439
2024-02-12 00:00:00+05:30,313.26796068511635,313.79625477589957,302.0781097016942,303.6629333496094,11714289
2024-02-13 00:00:00+05:30,305.9681317139048,311.15486988529034,303.4228053518535,308.8496398925781,15426888
2024-02-14 00:00:00+05:30,308.2253162003514,316.3415758885619,305.77604599547766,315.0448913574219,14085723
2024-02-15 00:00:00+05:30,317.92640779364524,327.43537908273373,317.1099746000096,325.8505554199219,21973316
2024-02-16 00:00:00+05:30,328.3958704198823,329.4044158518932,323.4973007404169,324.4097900390625,20307449
2024-02-19 00:00:00+05:30,326.9550932712633,328.39584723336833,324.16964147363643,325.3702697753906,8496898
2024-02-20 00:00:00+05:30,327.14723707868495,332.81419734711596,324.4578118360244,332.0458068847656,19340526
2024-02-21 00:00:00+05:30,333.2944558523425,334.302972019804,321.4802836954319,322.8249816894531,17751633
2024-02-22 00:00:00+05:30,325.6104375962915,326.81106605350493,317.5422202262606,326.1387023925781,16083122
2024-02-23 00:00:00+05:30,326.5709211348076,326.5709211348076,321.62433804476774,324.4097900390625,9665454
2024-02-26 00:00:00+05:30,324.6499117693081,325.1301631180793,321.3361657379006,324.2657165527344,7711995
2024-02-27 00:00:00+05:30,322.8249816894531,324.64993106078316,320.90397618021774,322.8249816894531,8882923
2024-02-28 00:00:00+05:30,322.44075842494965,323.2091488369717,318.6947745577504,320.1355285644531,12977628
2024-02-29 00:00:00+05:30,320.13555266524656,322.7289217974344,317.54221284527625,322.3447265625,13149469
2024-03-01 00:00:00+05:30,322.34468292161074,330.7490807889162,321.76837549112423,329.9326477050781,13027254
2024-03-04 00:00:00+05:30,334.25495445994324,344.1481209848764,332.093823288866,339.8739013671875,38075510
2024-03-05 00:00:00+05:30,340.88240769848653,345.73296399667225,339.58572317076494,344.10009765625,15918221
2024-03-06 00:00:00+05:30,345.2526895588151,345.2526895588151,331.3734145297137,338.0489196777344,13120921
2024-03-07 00:00:00+05:30,338.09695023520715,339.9218995018744,335.8878057511704,338.2890625,9172926
2024-03-11 00:00:00+05:30,338.3370897493042,339.2015363517986,333.0063112737408,334.2069396972656,10664917
2024-03-12 00:00:00+05:30,334.2549345087019,335.6476751273745,329.0201831485501,331.13330078125,9637912
2024-03-13 00:00:00+05:30,330.26885363697835,330.8931745189105,306.88060742755266,309.7621154785156,23722232
2024-03-14 00:00:00+05:30,308.36939759192023,314.03638729296114,303.9991217840508,309.1378173828125,20859127
2024-03-15 00:00:00+05:30,309.9062051355016,313.1719086094691,293.67371459049036,303.8070068359375,43285007
2024-03-18 00:00:00+05:30,304.57539967777154,310.1463033869092,302.51032481898164,304.6234130859375,13690352
2024-03-19 00:00:00+05:30,301.8859839153207,305.3437994637478,297.8518902023357,301.069580078125,13388060
2024-03-20 00:00:00+05:30,303.5188756064961,304.9116163491981,296.1229925456277,301.2616882324219,10026655
2024-03-21 00:00:00+05:30,304.71949486365685,313.46007567727224,304.4793691781851,312.16339111328125,23370426
2024-03-22 00:00:00+05:30,311.68312261873615,314.3245050138102,308.46543274774825,311.9232482910156,14709219
2024-03-26 00:00:00+05:30,307.45694592215654,317.25405669661563,307.45694592215654,316.1014709472656,11208959
2024-03-27 00:00:00+05:30,318.88691129996135,320.9039729266516,313.4120339292617,318.5027160644531,45209520
2024-03-28 00:00:00+05:30,318.7908494240683,326.57092737997584,317.25403919748385,322.53680419921875,19868037
2024-04-01 00:00:00+05:30,325.6104046799265,330.7971132283141,322.8729662117672,328.8280944824219,8580656
2024-04-02 00:00:00+05:30,329.4524118711967,331.94972464578285,327.29128088953433,331.1813049316406,9745257
2024-04-03 00:00:00+05:30,330.7491238805429,340.1140255813603,328.49193658251784,337.3765869140625,21679943
2024-04-04 00:00:00+05:30,340.97845475296765,348.37433718658036,338.7212675703288,340.64227294921875,28962927
2024-04-05 00:00:00+05:30,342.3231700591134,344.05209257534057,337.66472591603144,340.5462341308594,11208130
2024-04-08 00:00:00+05:30,341.5547951156891,351.5440181852863,339.2976077157169,349.14276123046875,11447140
2024-04-09 00:00:00+05:30,350.58346767991645,352.40841685471145,346.11713621438236,348.56640625,10010148
2024-04-10 00:00:00+05:30,349.71906125710956,353.80119799269687,347.0776786634943,348.1822509765625,12886638
2024-04-12 00:00:00+05:30,348.18226063589265,359.70829409142567,346.74150645395105,347.4618835449219,30924494
2024-04-15 00:00:00+05:30,341.4586944171717,351.54397231134976,338.8653255194971,346.8855285644531,18126999
2024-04-16 00:00:00+05:30,346.74148769816674,347.65397702225937,340.5942760501718,345.06060791015625,15328939
2024-04-18 00:00:00+05:30,345.34873440370905,346.98160072022006,335.4075548985913,337.280517578125,22966560
2024-04-19 00:00:00+05:30,329.5484659413055,338.4811288848353,329.45240981361076,336.7041931152344,12867942
2024-04-22 00:00:00+05:30,340.9784417202801,340.9784417202801,328.39585110703246,329.3563537597656,37382916
2024-04-23 00:00:00+05:30,332.3339652518929,334.8792917822743,330.41295967240217,333.43853759765625,14651106
2024-04-24 00:00:00+05:30,335.98383682599916,339.2015267726205,333.58258004676185,337.7607727050781,11132307
2024-04-25 00:00:00+05:30,337.13646938820244,346.35730176382765,335.31152000324556,345.0126037597656,19865014
2024-04-26 00:00:00+05:30,346.4533083862625,347.1256426360924,340.97843170166016,341.9389343261719,10986589
2024-04-29 00:00:00+05:30,345.49282844186075,349.28679647041133,342.8514460510582,348.6624755859375,13652173
2024-04-30 00:00:00+05:30,350.5354327590579,351.0156840551727,345.1085696631907,348.85455322265625,14566548
2024-05-02 00:00:00+05:30,348.854623414431,357.88334373558223,348.854623414431,354.4735412597656,27892188
2024-05-03 00:00:00+05:30,357.595163738429,365.3752419115168,346.1171734106734,350.5354919433594,26844664
2024-05-06 00:00:00+05:30,353.2728971153064,354.2814425826864,340.4021662228326,342.7073669433594,15319437
2024-05-07 00:00:00+05:30,344.10010843070944,344.2922207046157,333.15038299905643,335.3595275878906,10028071
2024-05-08 00:00:00+05:30,331.5655526282277,344.34022715483115,331.5655526282277,341.41070556640625,9595776
2024-05-09 00:00:00+05:30,342.41919182254105,343.8599457853287,331.22934190733287,332.3819274902344,9043486
2024-05-10 00:00:00+05:30,333.918757662295,342.2751428739216,333.82270152988923,341.4587097167969,11699095
2024-05-13 00:00:00+05:30,341.4587237355534,341.938975105083,332.8141990840204,337.0404052734375,10691781
2024-05-14 00:00:00+05:30,336.7042174000341,343.1395973609413,336.4640917195856,341.7468566894531,10891985
2024-05-15 00:00:00+05:30,343.3797258645739,349.1427422427206,342.563292681893,347.0776672363281,8538183
2024-05-16 00:00:00+05:30,349.4789373487311,349.4789373487311,339.10548988630904,347.1737365722656,13114162
2024-05-17 00:00:00+05:30,348.1342085092714,352.02423264306015,346.1171470164042,351.0157165527344,8509179
2024-05-21 00:00:00+05:30,352.5044631958008,359.32403769227676,350.9196397277992,357.3069763183594,10939593
2024-05-22 00:00:00+05:30,360.1885261418133,362.44571343474547,355.96231996419283,359.0839538574219,14001806
2024-05-23 00:00:00+05:30,360.2365363098483,360.7648303974294,354.90575789583954,357.59515380859375,15370357
2024-05-24 00:00:00+05:30,358.2675109198313,363.2140940151283,354.1373609906823,360.1405029296875,13317821
2024-05-27 00:00:00+05:30,364.94303110431315,365.4712958912268,353.4650115321195,355.0498352050781,21891930
2024-05-28 00:00:00+05:30,357.88331307265133,358.5076339672844,349.7190400954995,350.9676818847656,10200096
2024-05-29 00:00:00+05:30,347.22171564196606,351.88015945977156,345.7809616351529,350.19927978515625,18146672
2024-05-30 00:00:00+05:30,349.62300908230924,350.3913995751852,343.04355923026714,345.49285888671875,14425073
2024-05-31 00:00:00+05:30,349.0947446714267,352.1683359585734,341.45873589900873,344.82049560546875,30515612
2024-06-03 00:00:00+05:30,369.7935144614224,377.66964779301884,358.6997207524654,376.3249206542969,39261174
2024-06-04 00:00:00+05:30,376.4209839665665,376.4209839665665,301.5498197290133,318.16650390625,84042244
2024-06-05 00:00:00+05:30,326.57089994100534,328.73203089649724,302.8464728380523,327.5314025878906,46418629
2024-06-06 00:00:00+05:30,334.0628295310049,345.54084859633974,331.37343367821325,335.9358215332031,33171039
2024-06-07 00:00:00+05:30,338.0969702375759,347.70199780114336,333.966820110129,346.3572998046875,23930193
2024-06-10 00:00:00+05:30,350.5834523635986,355.4820215330395,347.5098322892241,350.4873962402344,16072588
2024-06-11 00:00:00+05:30,354.1853563301092,357.2589765709446,350.48741522191455,352.888671875,11235777
2024-06-12 00:00:00+05:30,354.953763816634,359.2280125897137,350.9676834431219,356.6346435546875,12134524
2024-06-13 00:00:00+05:30,361.5332069459147,361.5332069459147,353.41697679618096,355.3379821777344,11243702
2024-06-14 00:00:00+05:30,355.38598419496793,356.2024173183994,351.640029683464,353.897216796875,10298434
2024-06-18 00:00:00+05:30,357.11491025240105,357.54714821421595,354.13737518111657,355.0498352050781,10228382
2024-06-19 00:00:00+05:30,355.19390940927224,356.250468309162,347.26976162842635,348.1822509765625,8337334
2024-06-20 00:00:00+05:30,348.1822169935087,350.4874175332296,342.94746573037537,343.5237731933594,14338604
2024-06-21 00:00:00+05:30,345.73296604538035,348.6144742075181,342.65934561421335,345.5888671875,17931844
2024-06-24 00:00:00+05:30,343.4757801129603,350.2473125951936,341.506731940581,348.42236328125,9335598
2024-06-25 00:00:00+05:30,349.86308468731386,350.2953225978119,343.61981756180245,346.5973815917969,14983828
2024-06-26 00:00:00+05:30,348.6624814265357,352.40843610834446,345.4447915068503,350.6315002441406,15918394
2024-06-27 00:00:00+05:30,350.6315121044344,366.047598606874,349.7190520924281,362.25360107421875,55378829
2024-06-28 00:00:00+05:30,363.0220242468133,374.11581922817913,361.8213958154007,363.4062194824219,25141039
2024-07-01 00:00:00+05:30,366.67190644610486,366.9120321215771,353.27288202986756,355.1458740234375,23389211
2024-07-02 00:00:00+05:30,357.8833203516113,357.8833203516113,350.72756334238665,355.77020263671875,13702830
2024-07-03 00:00:00+05:30,355.9142738595394,359.46814567527053,354.0893245401978,357.93133544921875,9207317
2024-07-04 00:00:00+05:30,359.13194237084326,365.8074476507477,357.06686749324473,358.219482421875,14916930
2024-07-05 00:00:00+05:30,359.564167385127,366.1916297062197,356.3464776944459,364.79888916015625,15946104
2024-07-08 00:00:00+05:30,365.8074512942339,366.1916465035322,361.2930769763861,362.541748046875,8898299
2024-07-09 00:00:00+05:30,364.222666687092,365.23118288338145,360.23655669171274,362.1575622558594,8355819
2024-07-10 00:00:00+05:30,363.8384413043263,368.6409552038671,355.3860285660219,366.33575439453125,17715196
2024-07-11 00:00:00+05:30,367.2962498306708,368.1606964528606,359.80434002206874,362.2055969238281,19873143
2024-07-12 00:00:00+05:30,363.9825235866081,364.4147322305425,357.3070178455213,362.25360107421875,16151583
2024-07-15 00:00:00+05:30,363.64631462025613,373.5875230596758,362.01344836581836,370.4178466796875,22951140
2024-07-16 00:00:00+05:30,371.37837820357106,373.3954398180865,364.9910408511199,365.42327880859375,11893034
2024-07-18 00:00:00+05:30,367.77650899701143,367.77650899701143,359.4201523893119,362.8299255371094,15709153
2024-07-19 00:00:00+05:30,362.8299060721403,363.07003175451763,348.5664346764837,350.247314453125,13330099
2024-07-22 00:00:00+05:30,350.3433732692815,362.3496574800177,348.03817256326363,358.7477722167969,18715538
2024-07-23 00:00:00+05:30,361.8214083407199,370.4178906198918,347.26976779848457,367.34429931640625,49882257
2024-07-24 00:00:00+05:30,368.92911045137464,379.3985845160838,366.6239097243533,377.0933837890625,36868466
2024-07-25 00:00:00+05:30,375.50854714492766,380.6472132065938,370.9941726716737,376.6611328125,25973101
2024-07-26 00:00:00+05:30,379.3505311590315,383.7208064664925,374.3078922755544,380.6471862792969,20381410
2024-07-29 00:00:00+05:30,388.04312500314745,392.1732752523033,377.1414125347984,378.342041015625,27751449
2024-07-30 00:00:00+05:30,381.3196030607716,396.3995084079616,381.3196030607716,390.8766174316406,34447139
2024-07-31 00:00:00+05:30,393.3258547782898,400.9138202290297,392.41336549042563,399.5691223144531,29727771
2024-08-01 00:00:00+05:30,403.3150818273952,407.5893306092472,399.1849319017309,406.7248840332031,28803487
2024-08-02 00:00:00+05:30,399.80923987455583,409.4622800673616,397.02378796970476,403.12298583984375,24233263
2024-08-05 00:00:00+05:30,391.5489435833144,399.2329656502003,388.66743530823214,396.9277648925781,42489503
2024-08-06 00:00:00+05:30,396.92773237113494,408.1656254480896,396.92773237113494,398.6086120605469,18230579
2024-08-07 00:00:00+05:30,407.5634351460761,407.5634351460761,401.75493013211775,403.013427734375,15556736
2024-08-08 00:00:00+05:30,403.0618182283861,403.69106698043055,392.84851331604136,394.6878967285156,16447385
2024-08-09 00:00:00+05:30,400.5932214622364,403.0618538448955,395.1719736945759,397.54376220703125,10954753
2024-08-12 00:00:00+05:30,396.91448218747195,396.91448218747195,387.3304554775153,388.0565185546875,26254763
2024-08-13 00:00:00+05:30,390.13786065159724,391.5899866837992,382.3931884798534,383.5549011230469,11355664
2024-08-14 00:00:00+05:30,386.1687368848889,387.2336352906546,381.0862954216991,383.70013427734375,9424614
2024-08-16 00:00:00+05:30,385.3458557128906,388.15332317601343,380.7474563390204,385.3458557128906,13844122
2024-08-19 00:00:00+05:30,389.46025613613426,394.49430571980866,388.6374082130589,390.2347412109375,10677045
2024-08-20 00:00:00+05:30,391.6384552310935,395.1719862314967,390.23475085312816,393.2842102050781,10126083
2024-08-21 00:00:00+05:30,394.4942764711159,396.62407333943594,392.267694826258,395.89801025390625,9726854
2024-08-22 00:00:00+05:30,396.7208706115464,396.9628916476792,389.4118471377675,390.47674560546875,10445288
2024-08-23 00:00:00+05:30,390.47674132211955,392.94534404616184,386.7980038871041,389.1214294433594,11513586
2024-08-26 00:00:00+05:30,389.6054140760339,402.6745479572393,389.1213720804337,401.6096496582031,13772637
2024-08-27 00:00:00+05:30,402.23895107584804,402.91662177596004,396.043218628643,396.5756530761719,8441188
2024-08-28 00:00:00+05:30,396.9628961672722,401.17406815264667,394.34908667342813,395.99481201171875,15884745
2024-08-29 00:00:00+05:30,395.9948105503807,399.43152701606334,390.86397636231504,396.81768798828125,19014705
2024-08-30 00:00:00+05:30,399.5283617887863,405.82090909873006,398.36664892951643,402.9166564941406,22633988
2024-09-02 00:00:00+05:30,404.46553407504973,405.72406115893097,394.6879080844634,396.91448974609375,11107165
2024-09-03 00:00:00+05:30,397.3985331437499,398.4150096571351,392.6549268419808,393.42938232421875,7538160
2024-09-04 00:00:00+05:30,387.2336633214349,395.2203576274395,387.13684899688775,392.1708984375,11052003
2024-09-05 00:00:00+05:30,392.4129265253256,395.3655714437513,389.0246319104048,390.37994384765625,14246871
2024-09-06 00:00:00+05:30,390.37990729705615,391.73521910741204,380.1666320171945,382.1995849609375,17956121
2024-09-09 00:00:00+05:30,378.71454284207215,380.21506150288013,373.00282254809053,377.4076232910156,12293356
2024-09-10 00:00:00+05:30,377.64959940809456,386.6527693890323,377.310764076859,383.6517028808594,15852309
2024-09-11 00:00:00+05:30,386.2655821158609,386.5559955481384,375.13261421026596,377.2139892578125,11492592
2024-09-12 00:00:00+05:30,378.52089249875155,393.2841753903269,378.18205714662173,391.9288635253906,24028069
2024-09-13 00:00:00+05:30,391.9288915419245,394.3006800892114,386.60442847910457,388.5889892578125,12017217
2024-09-16 00:00:00+05:30,389.60541888116336,398.85060929371963,389.16976926231865,397.9793395996094,11479712
2024-09-17 00:00:00+05:30,398.70547090850647,404.3203472712325,397.01132361276865,403.013427734375,14432501
2024-09-18 00:00:00+05:30,405.14320923637376,406.35331440135695,399.8187465104477,400.9320373535156,10303840
2024-09-19 00:00:00+05:30,410.46767339519437,418.0671397665343,407.1277713107483,410.4192810058594,59601773
2024-09-20 00:00:00+05:30,414.38840232599347,416.13097149580227,403.2554347692842,410.4192810058594,36084164
2024-09-23 00:00:00+05:30,413.85595560841267,416.7602079284717,411.43574534169676,414.6788330078125,14139629
2024-09-24 00:00:00+05:30,417.6799164095483,417.6799164095483,413.37193014447337,414.43682861328125,12539885
2024-09-25 00:00:00+05:30,414.43681512487103,423.0527578310197,412.064997228065,422.1814880371094,19443168
2024-09-26 00:00:00+05:30,423.9724578715056,423.9724578715056,416.80861165232545,420.7293701171875,20041825
2024-09-27 00:00:00+05:30,422.08466284571773,428.3772094248397,419.66445262297856,422.9559326171875,53885913
2024-09-30 00:00:00+05:30,422.95595333682166,434.1373428397763,419.7612875037393,429.0549011230469,20903229
2024-10-01 00:00:00+05:30,431.76552348601854,433.4596707194278,424.79530590827284,426.0538330078125,15984996
2024-10-03 00:00:00+05:30,418.2123262133129,428.3772091421087,418.2123262133129,421.4554138183594,13563784
2024-10-04 00:00:00+05:30,419.08361088466415,425.32776529465286,412.6942497649605,416.7118225097656,18347292
2024-10-07 00:00:00+05:30,416.85705161625384,419.1804477272724,395.99481992122855,402.1905822753906,23431004
2024-10-08 00:00:00+05:30,400.7868183205509,414.04958233844644,398.1729794271144,407.5150146484375,18706355
2024-10-09 00:00:00+05:30,410.9032919701771,411.19370537137075,403.691053890198,405.09478759765625,13916492
2024-10-10 00:00:00+05:30,407.2729992492739,416.17935538662067,407.0793706087213,409.20916748046875,15866037
2024-10-11 00:00:00+05:30,410.4192365914936,413.0330457479732,406.20806514965534,409.0155029296875,8639087
2024-10-14 00:00:00+05:30,411.04850499024144,412.4038167892834,406.59531232746247,410.9516906738281,8483177
2024-10-15 00:00:00+05:30,413.0330725630211,413.56553654056944,410.0320059646003,412.98468017578125,9365964
2024-10-16 00:00:00+05:30,411.72616278382793,415.69531356878514,407.8054339308281,410.7096862792969,6219440
2024-10-17 00:00:00+05:30,410.1288352261589,412.0166110946083,403.3038539360721,404.4171447753906,11968387
2024-10-18 00:00:00+05:30,404.3687497319483,412.355443741512,401.2224763342414,411.3873596191406,8828971
2024-10-21 00:00:00+05:30,412.4522370300793,415.0660760318532,405.72406996690836,411.4357604980469,9139781
2024-10-22 00:00:00+05:30,409.3543909598821,412.69426356937447,400.25440580916654,402.4809875488281,14242323
2024-10-23 00:00:00+05:30,400.7868291420681,401.51289223834,388.8794061806428,395.26873779296875,22522821
2024-10-24 00:00:00+05:30,396.18842819207833,401.9969329426036,393.8166102681807,398.75384521484375,9400171
2024-10-25 00:00:00+05:30,389.6538710618916,394.49429182042445,379.1017597170068,386.16876220703125,19642277
2024-10-28 00:00:00+05:30,386.1687649975057,393.5262105123576,385.10386651421675,391.0091857910156,11716022
2024-10-29 00:00:00+05:30,395.946420935555,401.0772551595846,391.54164983060036,398.9958801269531,20284308
2024-10-30 00:00:00+05:30,400.9320413172541,401.5612901005497,392.8485328265337,395.4623718261719,12264297
2024-10-31 00:00:00+05:30,398.3844934511886,399.9916621129208,393.02724476174717,397.5565490722656,12204072
2024-11-01 00:00:00+05:30,401.3066464220171,404.66711445337324,399.6994776909129,400.67352294921875,2145479
2024-11-04 00:00:00+05:30,403.10863488043697,403.54693741005264,383.4816289298094,390.54345703125,13866505
2024-11-05 00:00:00+05:30,389.6181184319734,393.61171009100184,386.8420833930449,392.6376647949219,6665326
2024-11-06 00:00:00+05:30,396.14422759253654,400.137789463424,392.6863490103862,398.287109375,9700643
2024-11-07 00:00:00+05:30,400.23518519183284,400.23518519183284,391.56618845716025,393.3194580078125,7589295
2024-11-08 00:00:00+05:30,392.6863196893205,393.70908499309706,385.2835701628695,387.3290710449219,7536509
2024-11-11 00:00:00+05:30,387.8160785760388,390.4947027941303,381.6308858000731,382.3614196777344,12243693
2024-11-12 00:00:00+05:30,382.9458692465876,384.5530379016815,369.21182580892025,370.42938232421875,10549517
2024-11-13 00:00:00+05:30,374.0333930400717,377.5399620449231,369.5040883663278,371.4521789550781,20602407
2024-11-14 00:00:00+05:30,370.18587774021313,375.20223445469304,361.7117020752256,362.83184814453125,15086601
2024-11-18 00:00:00+05:30,370.13722506925336,370.13722506925336,353.23753266375365,357.18243408203125,16383636
2024-11-19 00:00:00+05:30,358.448681119698,368.67615707555893,355.5752355085638,357.18243408203125,17055094
2024-11-21 00:00:00+05:30,354.26024799506195,354.89337142435886,345.59122201138086,346.90618896484375,21276150
2024-11-22 00:00:00+05:30,347.7828101627226,357.5719817905774,346.467872985913,355.9648132324219,15949254
2024-11-25 00:00:00+05:30,364.29294705125557,367.4099039429652,357.96165251694225,358.8382873535156,18388844
2024-11-26 00:00:00+05:30,360.396742023807,360.7863541781918,350.89980084885536,352.2634582519531,11222231
2024-11-27 00:00:00+05:30,354.3576558230266,361.9552267318938,351.97126275701584,359.71490478515625,14225274
2024-11-28 00:00:00+05:30,360.1045462267553,362.19873760062586,350.26668310881416,352.653076171875,16837860
2024-11-29 00:00:00+05:30,353.82193569816525,355.9161270324896,350.8511095873215,354.2115478515625,14280017
2024-12-02 00:00:00+05:30,354.2115438332255,354.45505514202404,347.7341489642852,348.90301513671875,12510350
2024-12-03 00:00:00+05:30,349.6822392269091,360.3967368076779,348.90301492941745,357.9129333496094,14205760
2024-12-04 00:00:00+05:30,359.37401824113226,365.4130811467867,358.44866333417167,363.07537841796875,22035954
2024-12-05 00:00:00+05:30,363.0753553543243,364.2442215072348,354.94207183119966,359.56878662109375,18758283
2024-12-06 00:00:00+05:30,359.86103863037204,361.56561786110774,358.4973514653813,359.90972900390625,9736086
2024-12-09 00:00:00+05:30,361.2733764892014,363.6110791389846,358.2051399035171,360.2506408691406,10878679
2024-12-10 00:00:00+05:30,359.42268578335523,361.5655971551908,356.89016226904977,359.56878662109375,7913822
2024-12-11 00:00:00+05:30,359.6662196043252,361.12728752418025,355.2343254709659,356.0135498046875,9998662
2024-12-12 00:00:00+05:30,356.50054766007156,357.4745928722576,343.83795990165373,346.3704833984375,22538216
2024-12-13 00:00:00+05:30,346.51656124437557,349.0003644804533,339.016401717966,347.8802185058594,14269143
2024-12-16 00:00:00+05:30,347.8802315835313,349.58481065584016,342.57170316506944,343.74053955078125,12168143
2024-12-17 00:00:00+05:30,342.8638930831192,344.66588255720694,338.2371786167987,339.9904479980469,15646176
2024-12-18 00:00:00+05:30,340.47751565732676,341.8898932032107,331.17539512561723,332.8799743652344,14672392
2024-12-19 00:00:00+05:30,328.25321015712575,331.75977858461613,326.3538102556314,328.642822265625,14513129
2024-12-20 00:00:00+05:30,329.03244908759336,334.9741306157737,322.40895377042506,324.6005554199219,20375797
2024-12-23 00:00:00+05:30,327.1818057517892,329.4708181198958,321.92196715040814,324.9902038574219,8884187
2024-12-24 00:00:00+05:30,326.40259036447947,328.1071696624022,323.139532620498,326.5973815917969,7755462
2024-12-26 00:00:00+05:30,326.59738743575775,328.64288857496695,323.6265610678499,325.9642639160156,9030212
2024-12-27 00:00:00+05:30,327.91234458253456,331.1754022854478,325.5259514307798,326.30517578125,9090597
2024-12-30 00:00:00+05:30,326.3051527651606,328.0584222928027,318.90240305583575,322.798583984375,36657549
2024-12-31 00:00:00+05:30,321.53235090623974,325.915554639427,317.7335802825779,324.697998046875,8580998
2025-01-01 00:00:00+05:30,324.3570803663719,325.96424914380736,320.2660782733516,324.9902038574219,7843971
2025-01-02 00:00:00+05:30,324.99019213384514,329.8117280177243,321.4349329118898,329.227294921875,16543382
2025-01-03 00:00:00+05:30,329.275997522341,335.5586015164053,328.30195223492035,331.029296875,8689629
2025-01-06 00:00:00+05:30,332.83127122718184,332.83127122718184,317.9770812801846,318.99981689453125,10538077
2025-01-07 00:00:00+05:30,318.51278028040696,321.77583764428186,316.66210034620195,320.0712585449219,13891401
2025-01-08 00:00:00+05:30,321.92192085930895,321.92192085930895,313.4964362887264,316.95428466796875,8993608
2025-01-09 00:00:00+05:30,315.6393499642468,317.49005971139246,311.4996576702137,312.035400390625,12403467
2025-01-10 00:00:00+05:30,312.03540424676873,312.6685277191682,299.6163272111943,300.24945068359375,15941143
2025-01-13 00:00:00+05:30,293.28502182508817,301.90532797124416,289.1453296381405,290.4602966308594,29630336
2025-01-14 00:00:00+05:30,292.65189590334455,304.58394975310665,292.4083846002882,302.3436279296875,22732888
2025-01-15 00:00:00+05:30,304.4378440465098,315.8828762245816,304.4378440465098,313.00946044921875,21894626
2025-01-16 00:00:00+05:30,316.27250298900606,318.8049968459834,313.30164715601063,317.0517272949219,14865186
2025-01-17 00:00:00+05:30,316.8569005823147,320.46087981388723,314.9575302241897,317.6848449707031,7129232
2025-01-20 00:00:00+05:30,317.73355932335454,328.2532356988748,316.12636094680215,327.327880859375,17991880
2025-01-21 00:00:00+05:30,329.0324530738686,329.47078529927836,315.3958204229007,315.8828430175781,12774630
2025-01-22 00:00:00+05:30,318.51277937806805,318.51277937806805,309.11324917332604,314.03216552734375,11068145
2025-01-23 00:00:00+05:30,312.6685417557136,316.6621334366349,311.2561641784536,315.249755859375,6477347
2025-01-24 00:00:00+05:30,316.3699020109069,321.3375389932479,313.7399975323759,315.249755859375,7492600
2025-01-27 00:00:00+05:30,315.2497195151026,316.6133768347771,306.8242345742741,313.8373718261719,13803855
2025-01-28 00:00:00+05:30,314.12959096568454,315.44455798924594,300.1520357791654,309.9898986816406,22008929
2025-01-29 00:00:00+05:30,311.69446133268485,314.51918644341225,305.16834665833164,312.9120178222656,16056888
2025-01-30 00:00:00+05:30,313.8861041940034,318.31799850731676,312.81464839750333,314.61663818359375,10375720
2025-01-31 00:00:00+05:30,316.53083332400354,320.26106516520184,311.7207581111816,318.0523681640625,13195557
2025-02-01 00:00:00+05:30,320.06470704209613,324.7275115670738,310.9354385866664,311.8680114746094,10097627
2025-02-03 00:00:00+05:30,304.40755432935725,308.28502689325904,298.4195249748996,305.53643798828125,15881217
2025-02-04 00:00:00+05:30,309.07032652358714,314.56753370604025,304.603832581495,313.2423095703125,12141064
2025-02-05 00:00:00+05:30,315.107418053477,317.11977431666554,312.55514014007485,313.7331237792969,12226722
2025-02-06 00:00:00+05:30,316.67807333503004,316.77624363752193,305.6836585180837,307.0579528808594,13384442
2025-02-07 00:00:00+05:30,307.7451246016443,313.38957266052614,306.3708301961734,311.1318054199219,8937447
2025-02-10 00:00:00+05:30,310.6900603805763,311.0336414783167,303.32773667487544,304.8002014160156,6806132
2025-02-11 00:00:00+05:30,306.6162338681028,306.6162338681028,298.56674831835977,299.9901428222656,13241830
2025-02-12 00:00:00+05:30,300.57913417283976,301.8552582409917,294.4929348692602,300.6282043457031,7616083
2025-02-13 00:00:00+05:30,300.53005508049546,302.9350928665682,297.53605534935167,301.0699768066406,9086906
2025-02-14 00:00:00+05:30,301.2171976194058,302.59149199709935,292.87323109231625,294.8365173339844,7446248
2025-02-17 00:00:00+05:30,292.0388295421455,297.6342073348089,287.42509487399354,296.7998046875,6464173
2025-02-18 00:00:00+05:30,295.62183391441533,306.66531954928587,292.038842344354,305.48736572265625,15793327
2025-02-19 00:00:00+05:30,305.4873489906704,310.5428050351532,304.8983571309295,309.021240234375,13079903
2025-02-20 00:00:00+05:30,306.81256433798166,321.1445607766984,305.7818509805468,319.1812744140625,22888146
2025-02-21 00:00:00+05:30,317.3651883620298,323.696798062964,315.6473130121884,320.26104736328125,10809296
2025-02-24 00:00:00+05:30,316.1872547446247,319.42666505563915,313.58590646973477,314.2239685058594,6034113
2025-02-25 00:00:00+05:30,314.22396476947637,315.5982591287964,309.95381125946335,312.84967041015625,10686112
2025-02-27 00:00:00+05:30,309.561173544475,313.4386460150635,308.72677087496027,309.9047546386719,7302366
2025-02-28 00:00:00+05:30,308.23593550752656,309.8556406421271,300.92268237957506,305.7327575683594,21127180
2025-03-03 00:00:00+05:30,305.58550131078624,311.966181800376,302.05160992860306,308.62860107421875,9779703
2025-03-04 00:00:00+05:30,305.5854715613908,309.11939255691084,302.34606145729583,307.9905090332031,8734999
2025-03-05 00:00:00+05:30,307.79419587543043,321.29178910793786,307.74512570116985,320.2120056152344,10493615
2025-03-06 00:00:00+05:30,322.9605868045386,332.58067740725744,317.2670686857655,331.69720458984375,26294903
2025-03-07 00:00:00+05:30,329.6848581041465,332.5316172492711,322.6661155691786,323.50048828125,8992315
2025-03-10 00:00:00+05:30,323.4023410977097,328.8013783116457,320.31014127292246,323.3532409667969,11383132
2025-03-11 00:00:00+05:30,320.997284184909,327.13255337804566,317.7578740338805,324.2366943359375,10299324
2025-03-12 00:00:00+05:30,324.9238496056008,328.65408121329176,320.4082855833544,324.0894470214844,6984859
2025-03-13 00:00:00+05:30,325.9055128318649,328.4086907818121,322.42069177097835,325.8073425292969,8965150
2025-03-17 00:00:00+05:30,326.83810477644784,328.3596397039358,324.4330670318409,325.56195068359375,4353561
2025-03-18 00:00:00+05:30,325.56195068359375,325.56195068359375,325.56195068359375,325.56195068359375,0
2025-03-19 00:00:00+05:30,332.77702281119747,337.587068181891,330.17567449456055,335.0347900390625,30582397
2025-03-20 00:00:00+05:30,338.3723911324457,338.3723911324457,334.05313749362296,335.4765319824219,15002119
2025-03-21 00:00:00+05:30,335.7219277797536,347.35440407587674,335.47651701383273,344.8511962890625,36406837
2025-03-24 00:00:00+05:30,350.4465976082603,361.2446720443691,347.15808712942567,360.2139587402344,24588471
2025-03-25 00:00:00+05:30,362.2263151749245,364.63135282773345,357.46534000025684,360.2139587402344,23189083
2025-03-26 00:00:00+05:30,360.21393723196087,362.2262935464937,346.8144853340611,348.13970947265625,18668095
2025-03-27 00:00:00+05:30,347.4035106760822,357.7598640583684,344.5567514843525,354.02960205078125,37930538
2025-03-28 00:00:00+05:30,355.3548072054595,357.612574384314,349.9066999066665,351.03558349609375,11327077
2025-04-01 00:00:00+05:30,345.88194851096677,356.23827112027277,344.409483876997,345.68560791015625,18736320
2025-04-02 00:00:00+05:30,345.6856200079928,346.9617740431828,340.67923408581504,345.29296875,13593404
2025-04-03 00:00:00+05:30,345.2929642908617,354.71674414784326,345.2929642908617,352.31170654296875,10317410
2025-04-04 00:00:00+05:30,352.26263925875276,352.26263925875276,342.1516971582249,343.9677429199219,10872963
2025-04-07 00:00:00+05:30,321.978945487647,344.9493886559623,318.0523729817001,343.3787536621094,18025165
2025-04-08 00:00:00+05:30,350.2993802536098,351.67367473563104,343.5751183739591,346.4709777832031,17506712
2025-04-09 00:00:00+05:30,347.5016769162108,348.28697945736656,341.80815859940236,342.9370422363281,7462119
2025-04-11 00:00:00+05:30,344.5567268885283,354.86397940228767,344.5567268885283,353.48968505859375,11246077
2025-04-15 00:00:00+05:30,360.26300537109375,361.6863998003304,354.9130386762321,355.8456115722656,17497327
2025-04-16 00:00:00+05:30,355.84561553354126,356.3364370722082,351.33005138633143,352.704345703125,11541484
2025-04-17 00:00:00+05:30,352.6553101592012,358.74150981921906,350.69202381175955,357.318115234375,12288196
2025-04-21 00:00:00+05:30,359.08505565800345,361.4410232060176,355.15848302114233,357.8580017089844,7375594
2025-04-22 00:00:00+05:30,360.3120935757662,360.3120935757662,353.09704064244846,353.6369323730469,12077119
2025-04-23 00:00:00+05:30,356.28736198082527,357.56348598078785,351.3300465343298,357.1217346191406,9719205
2025-04-24 00:00:00+05:30,357.072667585779,359.72311586420875,354.9621409715912,356.53277587890625,7491123
2025-04-25 00:00:00+05:30,356.5327989307918,359.0850471181559,344.65491099529527,349.9067077636719,9785640
2025-04-28 00:00:00+05:30,347.2072087623189,356.23830814828597,347.2072087623189,354.864013671875,5315840
2025-04-29 00:00:00+05:30,357.3180939522447,357.66167503405745,347.5998331027099,350.39752197265625,9472828
2025-04-30 00:00:00+05:30,350.4466026286692,354.3731752071417,345.5383869055786,348.04156494140625,16739088
2025-05-02 00:00:00+05:30,348.04153818394076,351.4282187554535,341.2191368277745,342.2989501953125,8221620
2025-05-05 00:00:00+05:30,344.5567432159451,345.5383863590105,339.20677610329034,342.2008056640625,9492646
2025-05-06 00:00:00+05:30,342.59344664896804,343.0842682057717,333.7586586265018,335.5256042480469,8904223
2025-05-07 00:00:00+05:30,331.79535369075796,337.3907311057685,330.8137106325013,335.77099609375,8465490
2025-05-08 00:00:00+05:30,334.789380304362,336.8017667121199,332.18803197957357,333.7586669921875,14286109
2025-05-09 00:00:00+05:30,328.0651497592158,332.5316140685534,324.5312284595591,328.60504150390625,11322011
2025-05-12 00:00:00+05:30,334.1513173183527,342.78979488480377,331.89355008974826,342.1517028808594,7978210
2025-05-13 00:00:00+05:30,342.2008125849156,343.3787664059948,334.2494969738001,335.23114013671875,14738980
2025-05-14 00:00:00+05:30,336.16369824510684,337.53799262088927,331.5499636006543,332.33526611328125,22485535
2025-05-15 00:00:00+05:30,333.2678444157787,337.4398277405712,326.5435829478742,335.6728820800781,43307763
2025-05-16 00:00:00+05:30,336.7035875097986,341.21915181773056,335.72194439752514,336.8017578125,6920351
2025-05-19 00:00:00+05:30,336.8017610152918,341.31732536616425,336.11459884721774,338.8141174316406,6218209
2025-05-20 00:00:00+05:30,340.5319970955578,343.2806158443929,335.28020033868836,336.3109436035156,9986143
2025-05-21 00:00:00+05:30,336.2618549734563,341.0228303263044,333.61143639618695,339.7957763671875,5930972
2025-05-22 00:00:00+05:30,339.7957700457904,340.6301727139415,332.0407951599156,335.1329650878906,8717514
2025-05-23 00:00:00+05:30,335.72195280969385,338.61781204641017,333.9059070150093,338.27423095703125,4045937
2025-05-26 00:00:00+05:30,344.55672005066185,344.75306064902304,336.2618240664945,337.19439697265625,16655082
2025-05-27 00:00:00+05:30,337.6852330973355,338.17605465707004,330.6173906542105,332.33526611328125,24937330
2025-05-28 00:00:00+05:30,332.38437467290845,334.44583126754577,330.9119099563634,333.8077392578125,10985957
2025-05-29 00:00:00+05:30,334.7403106578784,335.9673645825774,331.84445141264035,333.12060546875,15884093
2025-05-30 00:00:00+05:30,331.30455108586915,334.4948912074368,326.7399165957157,327.7706298828125,19143010
2025-06-02 00:00:00+05:30,327.77062824191756,328.65410104891623,324.2367070565525,326.4454040527344,29479727
2025-06-03 00:00:00+05:30,326.88713925572995,328.605014612179,320.99728089076183,322.2243347167969,14081719
2025-06-04 00:00:00+05:30,322.96058287508305,323.8931558116218,318.88676996402944,323.20599365234375,15654279
2025-06-05 00:00:00+05:30,323.1569260832767,325.51286357248546,321.5862911046807,322.61700439453125,16270360
2025-06-06 00:00:00+05:30,323.5986591292496,327.3779912566705,323.00966724645895,326.73992919921875,11402511
2025-06-09 00:00:00+05:30,327.770625841881,331.35361717353294,326.6417422657948,330.9118957519531,19416373
2025-06-10 00:00:00+05:30,332.5806769405568,334.6421334832097,330.617390701339,332.9733581542969,12061248
2025-06-11 00:00:00+05:30,334.74031382828974,336.31094885825456,331.2554926320875,331.8935546875,10807496
2025-06-12 00:00:00+05:30,331.9426349925066,335.3783861190597,326.54359750792315,327.5743408203125,11881618
2025-06-13 00:00:00+05:30,320.8009592841026,326.7889883010632,320.60464863473845,325.8564453125,11711773
2025-06-16 00:00:00+05:30,325.90553543303776,328.50688386595345,324.531240973891,327.5743408203125,8065112
2025-06-17 00:00:00+05:30,327.868799728765,330.71555876487605,326.98532691857474,329.0467834472656,6796992
2025-06-18 00:00:00+05:30,329.04680613609673,329.7339383881267,324.678481999265,326.2981872558594,17835507
2025-06-19 00:00:00+05:30,326.2981698330552,327.03440217922974,322.5188377978854,323.9913024902344,11610604
2025-06-20 00:00:00+05:30,323.9422272769235,329.8320859546858,323.6477463259836,329.0467834472656,16592862
2025-06-23 00:00:00+05:30,327.5743202565424,329.53760649132573,324.28580982180625,326.4945068359375,8277787
2025-06-24 00:00:00+05:30,324.9238712473647,325.61103341119855,315.4510211737721,323.8931579589844,100814893
2025-06-25 00:00:00+05:30,325.41470390109373,327.5743308118927,323.3532472966713,324.7766418457031,17963666
2025-06-26 00:00:00+05:30,326.29819334013473,331.59906062300036,325.21837982981305,330.96099853515625,13754087
2025-06-27 00:00:00+05:30,332.72793572129444,335.0347730056868,328.3105418377643,332.08984375,50845169
2025-06-30 00:00:00+05:30,329.5866609021339,331.0591255078024,327.52520446272416,328.75225830078125,11858890
2025-07-01 00:00:00+05:30,329.09585510555127,329.09585510555127,326.05275545016303,326.4945068359375,8903292
2025-07-02 00:00:00+05:30,326.54356917366385,329.4884984551772,325.2183450055089,327.6233825683594,11326880
2025-07-03 00:00:00+05:30,328.4577941894531,330.1756696507396,324.9238729633325,328.4577941894531,15786429
2025-07-04 00:00:00+05:30,329.53758815409486,329.8320690899776,326.1509076045984,329.34124755859375,5899185
2025-07-07 00:00:00+05:30,329.3412770373795,332.7770280645951,327.6234015237717,331.2554931640625,9454556
2025-07-08 00:00:00+05:30,331.9917172308156,337.5870650751774,330.8137334965443,336.8999328613281,12092302
2025-07-09 00:00:00+05:30,336.9490093408629,339.2558767218522,336.5072579429008,337.68524169921875,9079872
2025-07-10 00:00:00+05:30,337.68521519248907,338.6668582599091,334.9366265866606,335.1820373535156,6426072
2025-07-11 00:00:00+05:30,334.24949174475944,337.68524276122537,333.2678485971977,336.40911865234375,17234194
2025-07-14 00:00:00+05:30,336.7526724175736,338.6668885532144,333.70960260226815,335.82012939453125,11516965
2025-07-15 00:00:00+05:30,336.8508379667948,337.78341093403697,334.6912410302218,335.7219543457031,8450777
2025-07-16 00:00:00+05:30,335.72194490492365,337.48889052673826,334.54396118546697,336.1636962890625,6001484
2025-07-17 00:00:00+05:30,337.88155005466217,338.17603098694286,335.72192336004196,336.3599853515625,7562006
2025-07-18 00:00:00+05:30,336.70360224276095,337.58707509099065,334.39673483650387,335.82012939453125,6370338
2025-07-21 00:00:00+05:30,335.8201341197385,336.50726636364254,333.07151527200585,335.28021240234375,4463318
2025-07-22 00:00:00+05:30,335.280180273762,336.31092347690424,333.8077156613039,334.5930480957031,4728372
2025-07-23 00:00:00+05:30,335.5256011486226,337.68522796155736,334.69122847566024,336.7526550292969,5058422
2025-07-24 00:00:00+05:30,337.29259839629833,337.29259839629833,330.32292591450306,332.6788635253906,9098453
2025-07-25 00:00:00+05:30,332.6788438439124,333.6604869534886,326.4454041066292,327.08349609375,7790739
2025-07-28 00:00:00+05:30,327.3289258312652,330.4210958140664,324.28582602383705,326.8381042480469,4605823
2025-07-29 00:00:00+05:30,325.90551608406764,329.34126700664063,322.46976516149465,328.4577941894531,7551356
2025-07-30 00:00:00+05:30,328.8504564756087,336.01643951436733,326.3963485914624,332.5806884765625,12537358
2025-07-31 00:00:00+05:30,329.8811730057079,333.8568457910344,326.88717334093934,328.1142272949219,8935384
2025-08-01 00:00:00+05:30,326.8871400177683,328.605015378222,324.13855142398984,324.82568359375,7107542
2025-08-04 00:00:00+05:30,324.825704148892,327.1816416579826,321.1936425599438,325.905517578125,8193399
2025-08-05 00:00:00+05:30,326.34725171105214,328.2123675589027,325.2183382108289,327.47613525390625,9855535
2025-08-06 00:00:00+05:30,327.4761573362371,329.2431030044295,325.5128710571918,326.0036926269531,13872826
2025-08-07 00:00:00+05:30,326.00370584176943,326.347286946004,322.617024890186,323.69683837890625,8731389
2025-08-08 00:00:00+05:30,323.9422365833878,331.30456014210114,323.5986554925069,328.60504150390625,11247218
2025-08-11 00:00:00+05:30,328.85045596612537,332.87519888136416,327.81974263932943,329.9793395996094,11993280
2025-08-12 00:00:00+05:30,330.07750991372615,335.57471755729523,329.58668833764625,333.8568420410156,7221182
2025-08-13 00:00:00+05:30,334.05314585688654,336.70359429639547,332.92426224649233,333.7095947265625,5417151
2025-08-14 00:00:00+05:30,333.7095973440797,334.2004189139593,330.1265759180618,333.12060546875,5689423
2025-08-18 00:00:00+05:30,335.18206146202004,335.52561259443235,329.2922026338624,329.88116455078125,6511340
2025-08-19 00:00:00+05:30,332.67883750658297,334.3967129156169,328.0160328249195,328.8995056152344,10316115
2025-08-20 00:00:00+05:30,331.59904116903544,337.09624875213524,330.32291706821377,335.7219543457031,10824544
2025-08-21 00:00:00+05:30,336.06553964647327,338.0288259537903,330.7155724760856,332.5806884765625,11135121
2025-08-22 00:00:00+05:30,332.2862159887478,332.6788672687519,329.34128645265844,330.8137512207031,8534844
2025-08-25 00:00:00+05:30,330.8627998579623,335.132953398785,330.8627998579623,331.64813232421875,7142387
2025-08-26 00:00:00+05:30,329.9793252925777,331.20637917954804,325.6601016019163,327.08349609375,13113388
2025-08-28 00:00:00+05:30,325.1692904589021,326.78899565009107,322.66611243228016,324.7275390625,10486948
2025-08-29 00:00:00+05:30,324.9238509299872,325.41467245707184,320.99727871331066,321.53717041015625,11813425
2025-09-01 00:00:00+05:30,321.9789461017325,325.5128673552989,321.9789461017325,324.62939453125,6897558
2025-09-02 00:00:00+05:30,325.0220603917137,332.0408030833009,325.0220603917137,330.1265869140625,9224639
2025-09-03 00:00:00+05:30,330.3229244120904,331.79538915686936,327.37799492253237,328.1142272949219,10778333
2025-09-04 00:00:00+05:30,330.69232954214476,332.0805371672518,326.52767640616696,327.2713623046875,7934237
2025-09-05 00:00:00+05:30,327.27134961471944,329.00661664398234,323.2058910689708,325.9327392578125,5678244
2025-09-08 00:00:00+05:30,325.98231428415033,328.1638049935083,323.60252549435927,323.9495849609375,5239184
2025-09-09 00:00:00+05:30,324.8419940204278,325.38735155408557,320.9252363347408,321.3714599609375,9735495
2025-09-10 00:00:00+05:30,322.75968561786596,325.2882056129135,322.41262614033894,322.9084167480469,6509477
2025-09-11 00:00:00+05:30,323.7016902069937,330.6923254625849,323.2554665691235,328.262939453125,10309925
2025-09-12 00:00:00+05:30,329.20496348103154,330.692335303988,325.6352650538046,328.9075012207031,5257048
2025-09-15 00:00:00+05:30,328.2133663487253,330.98978151266977,327.8663068880683,328.3125305175781,6566824
2025-09-16 00:00:00+05:30,328.41171504256715,332.97296448596194,328.41171504256715,332.2292785644531,8784889
2025-09-17 00:00:00+05:30,332.67548460490667,334.60908000269984,331.73347038328313,333.5679016113281,7936518
2025-09-18 00:00:00+05:30,334.16287872544035,334.7578335230772,331.28729917429666,334.1133117675781,6497322
2025-09-19 00:00:00+05:30,334.1133107620935,336.6418308186182,333.61752014233116,335.7989807128906,10646331
2025-09-22 00:00:00+05:30,336.29476313440057,337.4846726970855,334.0141384433545,336.3443603515625,6966213
2025-09-23 00:00:00+05:30,336.592264420752,341.20311114007916,335.2536236930356,340.11236572265625,10738268
2025-09-24 00:00:00+05:30,340.40982753183664,347.45006038681214,339.3686793342708,344.67364501953125,14653575
2025-09-25 00:00:00+05:30,346.35929462778086,347.84666640017724,337.1376017431856,337.6333923339844,13228081
2025-09-26 00:00:00+05:30,337.63338439766886,337.8812796872413,333.61749281085747,335.0552673339844,6337702
2025-09-29 00:00:00+05:30,336.2451890994136,340.8560356016022,335.1544437333572,338.0796203613281,16922231
2025-09-30 00:00:00+05:30,338.2283535152508,340.1619186996749,336.2947580701699,337.5838317871094,8308029
2025-10-01 00:00:00+05:30,337.43506500184054,340.16191325938325,335.20400733657834,337.385498046875,6022078
2025-10-03 00:00:00+05:30,337.3854910198011,340.60812980250313,335.8981192739387,339.1207580566406,8506827
2025-10-06 00:00:00+05:30,337.7325499662593,338.92242920474837,332.824211108107,336.24517822265625,8436245
2025-10-07 00:00:00+05:30,336.2451948475936,338.5258195296167,334.01413712187906,335.1544494628906,16130172
2025-10-08 00:00:00+05:30,336.3939370127404,336.3939370127404,329.5024352629693,330.98980712890625,13223442
2025-10-09 00:00:00+05:30,330.9897928712883,333.5679100466564,328.4117059565769,333.0225524902344,6824759
2025-10-10 00:00:00+05:30,333.17128634686543,339.07120664685397,333.12171939065996,336.84014892578125,8970962
2025-10-13 00:00:00+05:30,335.1048737766686,339.2199296447637,333.3696067018744,338.82330322265625,6663149
2025-10-14 00:00:00+05:30,339.12076122707407,340.11234240025266,332.3780213537221,333.8157958984375,7545848
2025-10-15 00:00:00+05:30,334.1132962508463,338.87287388958293,333.914967907292,336.3939208984375,8121744
2025-10-16 00:00:00+05:30,337.3359260659605,339.71571482131924,336.7905382661839,338.6249694824219,6788416
2025-10-17 00:00:00+05:30,338.6249714960451,341.30225277465394,337.2863308567406,338.1291809082031,7032129
2025-10-20 00:00:00+05:30,338.52580970291706,341.55015046637845,337.4350643498762,339.0711975097656,6896835
2025-10-21 00:00:00+05:30,340.0627722666158,340.60812980250313,338.1787438466655,339.1207580566406,346988
2025-10-23 00:00:00+05:30,340.90560162504073,342.29383950203896,338.178753347683,339.7652893066406,8710859
2025-10-24 00:00:00+05:30,339.56700991869786,340.36026281151896,335.3031924029744,336.7409973144531,7584711
2025-10-27 00:00:00+05:30,337.8317156486055,340.0131760592727,337.5838203568941,338.87286376953125,6752390
2025-10-28 00:00:00+05:30,339.51740829596247,340.01319891270913,334.4603379530153,336.2947692871094,13186584
2025-10-29 00:00:00+05:30,336.39391808818567,347.0534158610611,336.29475391723696,344.574462890625,15423201
2025-10-30 00:00:00+05:30,346.0618257054123,346.0618257054123,340.55856235791225,342.2442321777344,6721032
2025-10-31 00:00:00+05:30,342.09552866551013,342.09552866551013,332.77467103805975,334.1133117675781,18651312
2025-11-03 00:00:00+05:30,334.0141241232892,334.65864583350407,330.5931569727288,332.3780212402344,10242245
2025-11-04 00:00:00+05:30,332.5763194709116,333.1712742270196,326.9243249395253,327.8167419433594,11887651
2025-11-05 00:00:00+05:30,327.8167419433594,327.8167419433594,327.8167419433594,327.8167419433594,0
2025-11-06 00:00:00+05:30,329.25452634036566,330.1469736315599,321.8672645346682,323.8999938964844,11587302
2025-11-07 00:00:00+05:30,324.3999938964844,327.1000061035156,320.8500061035156,326.1000061035156,8578167
2025-11-10 00:00:00+05:30,326.1000061035156,328.25,324.0,325.45001220703125,5246998
2025-11-11 00:00:00+05:30,325.95001220703125,327.45001220703125,322.8500061035156,326.6499938964844,6103758
2025-11-12 00:00:00+05:30,327.5,328.25,325.54998779296875,327.1499938964844,6850550
2025-11-13 00:00:00+05:30,327.1499938964844,329.95001220703125,325.54998779296875,326.95001220703125,7276001
2025-11-14 00:00:00+05:30,327.0,329.8999938964844,326.20001220703125,328.45001220703125,9169855
2025-11-17 00:00:00+05:30,329.0,331.45001220703125,328.54998779296875,330.20001220703125,6283156
2025-11-18 00:00:00+05:30,329.04998779296875,329.75,327.1499938964844,328.45001220703125,6776200
2025-11-19 00:00:00+05:30,328.95001220703125,328.95001220703125,325.04998779296875,326.6000061035156,6935056
2025-11-20 00:00:00+05:30,328.0,330.0,326.20001220703125,326.6000061035156,5155775
2025-11-21 00:00:00+05:30,326.8500061035156,328.3999938964844,325.0,326.6499938964844,6142545
2025-11-24 00:00:00+05:30,326.70001220703125,327.1000061035156,322.04998779296875,323.45001220703125,13719726
2025-11-25 00:00:00+05:30,323.45001220703125,325.6000061035156,322.5,323.70001220703125,8074651
2025-11-26 00:00:00+05:30,324.29998779296875,327.79998779296875,324.0,326.1000061035156,7101095
2025-11-27 00:00:00+05:30,327.1499938964844,328.75,325.0,327.3500061035156,6755179
2025-11-28 00:00:00+05:30,328.0,328.1499938964844,324.25,326.45001220703125,8930988
2025-12-01 00:00:00+05:30,327.1000061035156,328.25,325.45001220703125,327.1000061035156,6936186
2025-12-02 00:00:00+05:30,327.45001220703125,329.95001220703125,326.75,328.6000061035156,5806943
2025-12-03 00:00:00+05:30,329.0,329.0,321.29998779296875,322.95001220703125,8546132
2025-12-04 00:00:00+05:30,322.8999938964844,324.29998779296875,321.1000061035156,322.95001220703125,5965357
2025-12-05 00:00:00+05:30,322.25,324.1499938964844,320.95001220703125,323.29998779296875,6574010
2025-12-08 00:00:00+05:30,323.20001220703125,323.20001220703125,317.8500061035156,319.5,7906928
2025-12-09 00:00:00+05:30,317.45001220703125,321.3999938964844,315.54998779296875,319.8500061035156,7152584
2025-12-10 00:00:00+05:30,319.8500061035156,323.70001220703125,319.5,321.6000061035156,5484712
2025-12-11 00:00:00+05:30,321.6499938964844,323.45001220703125,319.1499938964844,322.6000061035156,6317942
2025-12-12 00:00:00+05:30,322.8999938964844,325.95001220703125,322.8999938964844,325.04998779296875,4261023
2025-12-15 00:00:00+05:30,323.04998779296875,325.29998779296875,321.54998779296875,323.95001220703125,10219819
2025-12-16 00:00:00+05:30,322.04998779296875,323.79998779296875,319.04998779296875,321.0,5241263
2025-12-17 00:00:00+05:30,320.0,322.3999938964844,319.54998779296875,321.25,5043027
2025-12-18 00:00:00+05:30,322.0,322.1499938964844,317.0,318.5,5554193
2025-12-19 00:00:00+05:30,318.95001220703125,320.6000061035156,317.5,319.8999938964844,10833662
2025-12-22 00:00:00+05:30,319.95001220703125,323.6499938964844,319.5,320.70001220703125,8925871
2025-12-23 00:00:00+05:30,321.04998779296875,324.75,320.25,323.25,6024641
2025-12-24 00:00:00+05:30,323.8999938964844,326.6499938964844,322.25,322.54998779296875,5678004
2025-12-25 00:00:00+05:30,322.54998779296875,322.54998779296875,322.54998779296875,322.54998779296875,0
2025-12-26 00:00:00+05:30,322.54998779296875,325.75,322.29998779296875,324.1000061035156,4174183
2025-12-29 00:00:00+05:30,324.1000061035156,325.79998779296875,323.04998779296875,325.5,14043845
2025-12-30 00:00:00+05:30,325.0,325.54998779296875,323.3500061035156,324.8999938964844,8035909
2025-12-31 00:00:00+05:30,324.75,330.6499938964844,324.70001220703125,329.54998779296875,8497983
2026-01-01 00:00:00+05:30,329.79998779296875,336.8999938964844,329.6000061035156,336.29998779296875,10357315
2026-01-02 00:00:00+05:30,336.79998779296875,353.0,335.95001220703125,352.1000061035156,23128940
