Date,Open,High,Low,Close,Volume
2021-01-04 00:00:00+05:30,69.268136654036,71.66177234591075,69.010356007344,71.40399169921875,39545073
2021-01-05 00:00:00+05:30,71.07257458767923,71.07257458767923,69.48909123211806,69.93099212646484,26998014
2021-01-06 00:00:00+05:30,72.8401764857881,73.13477892552598,70.88844164398309,71.40399169921875,50306161
2021-01-07 00:00:00+05:30,72.17732505015411,72.95065578046409,71.51447094118475,72.10367584228516,25285200
2021-01-08 00:00:00+05:30,72.87700734736632,74.60779478904604,72.58241049004413,74.12906646728516,36022114
2021-01-11 00:00:00+05:30,74.7550887427636,75.7861945388925,72.21415447647682,75.5284194946289,36301647
2021-01-12 00:00:00+05:30,75.12332627156457,76.96458426841663,74.20269727313853,76.19125366210938,28353142
2021-01-13 00:00:00+05:30,77.2960145487815,79.46870252765237,76.66998790435476,77.5169677734375,42401579
2021-01-14 00:00:00+05:30,78.8058461132648,79.13727032125183,76.74363480846576,77.36966705322266,24455634
2021-01-15 00:00:00+05:30,77.51697908936481,78.14300582517893,74.12906473754006,74.68144226074219,28185982
2021-01-18 00:00:00+05:30,74.6814510860786,75.0128753915354,70.74115874541528,71.18305969238281,33623461
2021-01-19 00:00:00+05:30,71.99319391502503,72.91382299322228,71.80906809938558,72.25096893310547,26085121
2021-01-20 00:00:00+05:30,72.91383661919565,73.50304158698077,72.06685658515767,72.80335998535156,18486566
2021-01-21 00:00:00+05:30,72.95064239574434,73.79761655944912,69.15764988613671,69.7468490600586,26939349
2021-01-22 00:00:00+05:30,69.67321424770002,70.29924095756151,68.12655837066733,68.31068420410156,27311961
2021-01-25 00:00:00+05:30,68.53163044396801,69.04718047723513,66.28529325814571,67.27957153320312,28522112
2021-01-27 00:00:00+05:30,67.31641311725767,67.57418818816589,65.47515458352017,66.0643539428711,34022621
2021-01-28 00:00:00+05:30,65.54878381225141,67.31639258943018,65.40148542210044,66.7640151977539,26810222
2021-01-29 00:00:00+05:30,66.83766420262289,68.45796896596622,64.6281546422056,65.03323364257812,33858273
2021-02-01 00:00:00+05:30,65.54880104293866,67.16910623681956,65.14372193493101,66.91133117675781,24228098
2021-02-02 00:00:00+05:30,68.1265557165612,69.19448326124515,67.16909917237442,68.38433074951172,22141489
2021-02-03 00:00:00+05:30,69.67320008600218,70.18875568627148,68.49479611535907,68.75257110595703,25912911
2021-02-04 00:00:00+05:30,69.41543570248753,72.61922391878748,69.231309878343,71.91954803466797,49670027
2021-02-05 00:00:00+05:30,72.87699894877498,73.6135022453531,71.29352135639141,71.91954803466797,30514219
2021-02-08 00:00:00+05:30,73.28208623550826,74.23954287616495,72.98748375999276,73.39256286621094,29096831
2021-02-09 00:00:00+05:30,73.5030239410952,76.11760701265504,73.5030239410952,74.38682556152344,39638657
2021-02-10 00:00:00+05:30,75.12333618164062,75.49158782958985,72.6192238517711,73.65032958984375,21467230
2021-02-11 00:00:00+05:30,73.65033359902601,73.9081086428077,72.84018105325164,73.24525451660156,11287104
2021-02-12 00:00:00+05:30,72.84018393354634,73.20843561610313,71.10940214934442,71.44082641601562,18187705
2021-02-15 00:00:00+05:30,71.4408233298755,73.0979558297953,70.40971753944385,72.50875091552734,26118576
2021-02-16 00:00:00+05:30,73.09794408959078,77.2223609698235,73.09794408959078,76.4122085571289,76236798
2021-02-17 00:00:00+05:30,76.4122177161331,77.53592680019388,75.51325273507646,76.59950256347656,21014091
2021-02-18 00:00:00+05:30,77.68574293061887,86.5255889348276,77.42354531936677,82.92971801757812,110000964
2021-02-19 00:00:00+05:30,82.92973000916615,84.05343911885934,77.79812621799654,78.73455047607422,48225988
2021-02-22 00:00:00+05:30,79.33384992347648,81.31907013425887,78.88436750407722,79.63350677490234,36592043
2021-02-23 00:00:00+05:30,82.21804708166131,85.70154634712381,81.99330298112312,84.05343627929688,90860972
2021-02-24 00:00:00+05:30,85.40187547444458,86.41321233038828,83.15445769880131,85.10221862792969,26071364
2021-02-25 00:00:00+05:30,86.90017342853382,90.27130084602004,86.41323165846754,89.18505096435547,62038881
2021-02-26 00:00:00+05:30,86.5255996085502,88.69810498424182,82.4427922162435,83.15447235107422,55154985
2021-03-01 00:00:00+05:30,85.6266268127033,88.1362423989496,85.02731306875815,87.68675994873047,41672980
2021-03-02 00:00:00+05:30,86.82526433368066,87.38711892723491,84.46547389765668,85.02732849121094,36303917
2021-03-03 00:00:00+05:30,85.43934524005785,86.75033910388306,84.80257221953045,85.40188598632812,19434630
2021-03-04 00:00:00+05:30,85.36443329362233,87.64931077523723,84.12835784225307,84.42800903320312,38272786
2021-03-05 00:00:00+05:30,87.08745466666083,88.58573345662488,85.02732133046025,86.11357116699219,57756103
2021-03-08 00:00:00+05:30,89.11012678509815,91.65720181505739,87.79913287274205,88.58573150634766,63866178
2021-03-09 00:00:00+05:30,89.4472335320354,89.55960557009223,85.55170574410054,87.4620132446289,26817643
2021-03-10 00:00:00+05:30,87.574378562169,87.64929134329827,85.1022167765511,85.70153045654297,23841269
2021-03-12 00:00:00+05:30,87.46202653822317,87.94896830016155,85.4018931508132,86.18849182128906,20691698
2021-03-15 00:00:00+05:30,86.9001664856006,87.53693380382154,84.50292279977593,85.6640853881836,19679802
2021-03-16 00:00:00+05:30,85.2520667201748,87.12491523585983,84.98986335559482,86.22594451904297,20680669
2021-03-17 00:00:00+05:30,86.00119332295422,86.03864685840394,81.46889830355335,81.91838073730469,31017863
2021-03-18 00:00:00+05:30,82.40533492696758,84.05343933931489,80.53248640590013,82.55516052246094,26710696
2021-03-19 00:00:00+05:30,79.59606464092548,84.84004066432763,78.2476113772871,82.7799072265625,50386785
2021-03-22 00:00:00+05:30,82.77990901946895,83.34176360557393,81.31908938178813,82.10568237304688,15825065
2021-03-23 00:00:00+05:30,82.10566797045962,82.63006892145793,79.85825002027106,80.27027893066406,15815643
2021-03-24 00:00:00+05:30,78.65963699516595,79.40877639511992,77.04898614216893,78.50981140136719,31083656
2021-03-25 00:00:00+05:30,79.40877368403416,80.68230833428427,75.887820910651,76.41221618652344,37295495
2021-03-26 00:00:00+05:30,77.16135841367604,77.91049781575056,75.10122505797109,76.71187591552734,26637085
2021-03-30 00:00:00+05:30,77.94796343923183,79.6335272315849,76.86170778820485,77.53593444824219,31843017
2021-03-31 00:00:00+05:30,77.01153128330566,78.06032185290574,76.33730469179136,76.52458953857422,19587582
2021-04-01 00:00:00+05:30,77.16134681809645,78.84691021946263,75.77544027562453,78.17268371582031,22299747
2021-04-05 00:00:00+05:30,76.52458119451113,78.2850574192158,74.46444810453175,77.49845886230469,24878516
2021-04-06 00:00:00+05:30,76.89916144361564,78.21015540879742,75.887824385,77.87303924560547,15156974
2021-04-07 00:00:00+05:30,77.83559108337687,78.92184101483055,77.49847489688811,78.39744567871094,10330347
2021-04-08 00:00:00+05:30,77.76067115139097,79.18403142336034,77.38610145550851,77.61083984375,26105970
2021-04-09 00:00:00+05:30,77.16135970506731,78.58472573592672,77.16135970506731,77.76067352294922,17645822
2021-04-12 00:00:00+05:30,75.55070417320293,76.59950043224156,73.00362917710333,73.45311737060547,27005598
2021-04-13 00:00:00+05:30,73.45311164378403,76.7867792876411,73.45311164378403,76.44966888427734,25505623
2021-04-15 00:00:00+05:30,78.09778312367742,79.97063163983275,77.76067267696149,78.73455047607422,28659714
2021-04-16 00:00:00+05:30,78.35997266525742,80.7946754843506,78.06031579058082,80.38265228271484,21627285
2021-04-19 00:00:00+05:30,77.87304294897162,79.37132183757505,76.33731051744132,77.19882202148438,19166492
2021-04-20 00:00:00+05:30,77.38610451117874,78.65963924127395,76.56204657531457,77.04898834228516,23082015
2021-04-22 00:00:00+05:30,76.71187940015753,78.24761181488277,76.15002482307943,77.23627471923828,14844968
2021-04-23 00:00:00+05:30,76.41221901160152,77.6483001681205,76.1125621076757,76.71187591552734,12790334
2021-04-26 00:00:00+05:30,78.84691714952767,79.18402757323877,76.78678392234286,77.01152801513672,11797791
2021-04-27 00:00:00+05:30,77.01152894138984,77.91049389241815,77.01152894138984,77.3111801147461,8886250
2021-04-28 00:00:00+05:30,77.72321449223664,78.21015625624788,77.38610404087201,77.83558654785156,6887787
2021-04-29 00:00:00+05:30,78.58471957995073,79.33385893587881,77.57338259254378,77.94795227050781,14990087
2021-04-30 00:00:00+05:30,78.02285959536087,84.42799721040228,77.38609233054098,81.01941680908203,81358264
2021-05-03 00:00:00+05:30,81.01942051356954,82.9297223953748,79.40876979445405,80.68230438232422,33975507
2021-05-04 00:00:00+05:30,80.9070464224124,82.63006914167407,80.68230234060282,82.14312744140625,30811922
2021-05-05 00:00:00+05:30,84.20327659123033,85.40189858618596,82.77991047169779,83.2293930053711,47588366
2021-05-06 00:00:00+05:30,84.1283511717259,84.540374384353,81.99329945487403,82.59261322021484,26083818
2021-05-07 00:00:00+05:30,83.04209468757848,84.16580369746582,82.14312976586045,83.4915771484375,28016564
2021-05-10 00:00:00+05:30,85.28952133384347,86.11357354801255,84.2781842657505,85.32698059082031,33477142
2021-05-11 00:00:00+05:30,84.31563809416451,88.92284063167878,82.967184946539,88.47335815429688,48355326
2021-05-12 00:00:00+05:30,88.9228452385334,90.75824021319279,85.17714820716333,86.22594451904297,49718697
2021-05-14 00:00:00+05:30,86.90016509753535,86.90016509753535,83.56649725714074,84.61528778076172,23626454
2021-05-17 00:00:00+05:30,85.36443587718124,86.45069148143115,84.09090113065957,85.58917999267578,19960145
2021-05-18 00:00:00+05:30,86.15103020813133,88.0238786909168,85.6266349191434,86.97508239746094,29395737
2021-05-19 00:00:00+05:30,85.77646156521574,86.75034507441896,84.95240936576383,86.07611846923828,25295575
2021-05-20 00:00:00+05:30,84.98985183064445,85.92627596150427,83.3042883950968,83.75377655029297,21131045
2021-05-21 00:00:00+05:30,83.19194966495583,85.43936832444516,83.19194966495583,84.46548461914062,20562816
2021-05-24 00:00:00+05:30,84.84003402352188,85.36442929862325,83.0420983845632,84.6902084350586,24785960
2021-05-25 00:00:00+05:30,85.70154617539808,87.7242202142692,85.17714518035305,85.85137176513672,25820379
2021-05-26 00:00:00+05:30,86.45067775631236,86.45067775631236,84.65274226424145,84.9149398803711,12045621
2021-05-27 00:00:00+05:30,84.65275599859022,85.13969777353658,83.37922124763541,83.79124450683594,22821449
2021-05-28 00:00:00+05:30,84.80256928496576,86.56305127070816,83.79123233953636,84.16580200195312,19331994
2021-05-31 00:00:00+05:30,84.27817520593827,85.66408183289558,83.4541230803539,85.13968658447266,16430926
2021-06-01 00:00:00+05:30,85.66409737807938,88.73556806652519,85.5517253143171,88.09880065917969,51620011
2021-06-02 00:00:00+05:30,88.39845123614981,89.44724756340356,86.9001724016388,88.21116638183594,27162991
2021-06-03 00:00:00+05:30,88.99774871874905,92.74344511742571,88.73554539845838,91.76956176757812,64241347
2021-06-04 00:00:00+05:30,93.34277059988828,94.91596223897737,92.40634632477808,93.97953796386719,72354379
2021-06-07 00:00:00+05:30,95.10323866715385,95.51526759788563,93.56750642133841,93.75479125976562,28709907
2021-06-08 00:00:00+05:30,94.2042796317301,94.31665168492361,91.8819486328113,93.49259948730469,15261479
2021-06-09 00:00:00+05:30,95.1406913824192,95.88983068464297,92.18159342482701,92.93073272705078,29718157
2021-06-10 00:00:00+05:30,92.70600173614125,93.49260040070055,91.73211821958975,92.85582733154297,12245640
2021-06-11 00:00:00+05:30,92.85581876570004,94.84103915677912,91.76956901054258,92.55616760253906,18360366
2021-06-14 00:00:00+05:30,93.19294258394869,94.24173888795463,90.83315232880537,93.49259948730469,19547491
2021-06-15 00:00:00+05:30,94.09190214892546,96.26440742854099,93.53004763086004,93.90461730957031,32779493
2021-06-16 00:00:00+05:30,95.14069868395049,96.07712288359566,94.46647211711,94.91595458984375,31654780
2021-06-17 00:00:00+05:30,94.0919082650697,95.14070457672807,92.51871665532218,93.71733856201172,18124616
2021-06-18 00:00:00+05:30,93.3053166718104,93.3053166718104,89.07267782274293,90.08401489257812,87912730
2021-06-21 00:00:00+05:30,89.44724345279856,91.39500470505624,89.11012730123787,90.60840606689453,15669821
2021-06-22 00:00:00+05:30,91.9193929594422,93.04310194777514,91.02042805496765,91.43245697021484,23629008
2021-06-23 00:00:00+05:30,92.51872888038525,93.19295557807533,91.20773474645267,92.40635681152344,21978870
2021-06-24 00:00:00+05:30,93.23040903072621,93.23040903072621,90.9080777103234,91.39501953125,24358397
2021-06-25 00:00:00+05:30,92.10667793017001,93.60495658354719,90.15891682387559,90.5709457397461,34557609
2021-06-28 00:00:00+05:30,91.80701969860901,93.26783898691117,91.24516524688062,91.65718841552734,23728169
2021-06-29 00:00:00+05:30,91.24519394980736,91.73213005543047,89.22251385802493,89.44725799560547,20857415
2021-06-30 00:00:00+05:30,90.1589110270787,90.60839345109633,87.68675483724215,88.17369079589844,19094044
2021-07-01 00:00:00+05:30,88.21117264020128,89.70945158101149,87.87406216471122,89.03522491455078,16012542
2021-07-02 00:00:00+05:30,89.89671815579527,90.5334854329696,88.39843951986535,88.73554992675781,20014124
2021-07-05 00:00:00+05:30,89.25995860709148,90.9829757583087,89.0726737613844,90.60840606689453,12050022
2021-07-06 00:00:00+05:30,92.14414827323253,93.64242710694363,90.68332869655629,91.02043914794922,30193164
2021-07-07 00:00:00+05:30,89.82180786132812,90.19637753071191,88.24861639301214,89.82180786132812,18479814
2021-07-08 00:00:00+05:30,89.44723621278509,89.44723621278509,87.53692865500446,87.68675994873047,17151883
2021-07-09 00:00:00+05:30,87.72422590509383,88.88539430507495,87.34965619096833,88.32353973388672,11240925
2021-07-12 00:00:00+05:30,89.14759631281765,89.4097939824063,88.39845684800406,88.81048583984375,8420962
2021-07-13 00:00:00+05:30,89.14759190267782,90.49604515882639,88.84793498848033,90.1963882446289,8580799
2021-07-14 00:00:00+05:30,90.1214630524735,91.20771278715543,89.97163175823772,90.49603271484375,12709481
2021-07-15 00:00:00+05:30,89.2974035826465,89.44723487413015,87.04998564970593,87.57438659667969,28589465
2021-07-16 00:00:00+05:30,87.79914768954123,87.94897901981221,86.71289769361059,87.49949645996094,19691248
2021-07-19 00:00:00+05:30,86.00120307035525,87.31219698474798,85.55171487017955,85.85137176513672,14395883
2021-07-20 00:00:00+05:30,83.94106517198529,84.84003009206701,83.60394904034496,84.35308837890625,18634406
2021-07-22 00:00:00+05:30,85.701552017352,86.75034836345469,85.36443584424028,86.52560424804688,11710140
2021-07-23 00:00:00+05:30,86.5256114400419,87.46203580627612,85.96375682030136,86.37578582763672,7841690
2021-07-26 00:00:00+05:30,86.03866510357092,86.60051969377554,85.4768105133663,85.81392669677734,8149770
2021-07-27 00:00:00+05:30,86.41323505437114,86.82526404111475,85.40189793247737,85.88883972167969,9704729
2021-07-28 00:00:00+05:30,86.07611432581585,86.30085270640454,84.98985881545798,85.6640853881836,11020097
2021-07-29 00:00:00+05:30,85.62662707795418,86.75033606472273,84.87748775344183,85.96373748779297,14142749
2021-07-30 00:00:00+05:30,85.62664633464934,87.46203580627612,85.25207658815566,86.37578582763672,12236156
2021-08-02 00:00:00+05:30,86.11356197608194,88.02386951559077,86.00119565121152,87.72421264648438,10895726
2021-08-03 00:00:00+05:30,87.0125457344475,88.54827813307385,86.26340630619652,88.32353973388672,15163353
2021-08-04 00:00:00+05:30,88.17369664521836,88.77301039398559,87.34964452727304,87.9114990234375,14304543
2021-08-05 00:00:00+05:30,87.04999216723492,87.83659078884938,85.92628311663131,87.53693389892578,11033147
2021-08-06 00:00:00+05:30,87.0125457642618,88.54827816341437,87.0125457642618,87.38711547851562,6606584
2021-08-09 00:00:00+05:30,86.90017859417459,87.64931806481403,85.62664378027978,86.15103912353516,8294214
2021-08-10 00:00:00+05:30,86.22595828234162,86.67544085475596,85.32699313751296,86.0386734008789,14300982
2021-08-11 00:00:00+05:30,86.52559818365634,87.87405135063256,86.03865644472161,87.64930725097656,11308648
2021-08-12 00:00:00+05:30,86.97507607622111,88.32352917201476,86.37576803457472,87.08744812011719,13519139
2021-08-13 00:00:00+05:30,87.49948340192887,87.611849738512,86.4132278526253,86.97508239746094,10342014
2021-08-16 00:00:00+05:30,87.57440059414955,88.66065048250003,85.92629041727955,86.52560424804688,14771886
2021-08-17 00:00:00+05:30,86.90016335683178,86.90016335683178,84.42800125100594,85.28951263427734,16025745
2021-08-18 00:00:00+05:30,85.32698282109112,86.33831991561836,84.57784338581462,84.80258178710938,10074307
2021-08-20 00:00:00+05:30,82.89227668554113,83.7163288917148,81.28162581432711,82.55516052246094,23878081
2021-08-23 00:00:00+05:30,82.66754266840324,83.90362398629753,81.28163573672575,83.71633911132812,16886027
2021-08-24 00:00:00+05:30,84.76512824463374,86.30086065766241,83.97852955140128,84.80258178710938,17368602
2021-08-25 00:00:00+05:30,85.02733414445264,87.79914803741866,84.87750852906886,86.63798522949219,18637317
2021-08-26 00:00:00+05:30,86.60049521981911,87.0874368701458,85.70153041573816,86.56304168701172,8779246
2021-08-27 00:00:00+05:30,86.52560399263575,87.64931313539726,86.11357502076444,87.38711547851562,9706825
2021-08-30 00:00:00+05:30,87.46203412672897,90.1963943667207,87.46203412672897,90.00910949707031,15933414
2021-08-31 00:00:00+05:30,89.89671743014405,90.64585674206192,89.18503737001383,90.30874633789062,13376290
2021-09-01 00:00:00+05:30,91.24518685062002,91.58229731528165,89.44725103630368,89.67198944091797,10964080
2021-09-02 00:00:00+05:30,89.07268373141623,90.00910806476695,88.39845706830761,88.8853988647461,13031666
2021-09-03 00:00:00+05:30,89.85926502046382,92.51871206646089,88.99775931854458,92.21905517578125,21326802
2021-09-06 00:00:00+05:30,92.74345564801416,93.15547886936444,90.75823518820715,91.13280487060547,12505630
2021-09-07 00:00:00+05:30,91.76956814127591,91.95685297421728,89.55960939875943,89.85926055908203,8530847
2021-09-08 00:00:00+05:30,90.54405800674671,90.92449522526245,89.40274635119948,90.50601196289062,7801721
2021-09-09 00:00:00+05:30,90.62014186437902,94.19625510573407,89.93535372837391,92.94081115722656,27242637
2021-09-13 00:00:00+05:30,92.97886237699537,93.8919152678486,92.14190158080541,93.6256103515625,9921031
2021-09-14 00:00:00+05:30,93.81581531510673,95.41365038513061,93.43537811724337,94.31037902832031,16593684
2021-09-15 00:00:00+05:30,94.53865857956767,99.4462968840274,94.53865857956767,97.73432922363281,42437332
2021-09-16 00:00:00+05:30,98.64736605138512,99.86476979383325,96.93540437421639,97.9245376586914,22431820
2021-09-17 00:00:00+05:30,97.92454967278178,98.6854242026558,94.91909760178419,97.20172119140625,25968166
2021-09-20 00:00:00+05:30,95.147354785545,98.45715176368472,95.147354785545,97.77236938476562,29857432
2021-09-21 00:00:00+05:30,98.60933401682885,103.47892588505775,98.22889678931027,102.87022399902344,51537119
2021-09-22 00:00:00+05:30,102.33761248291165,102.90826831460075,100.77781755429025,101.69086456298828,16424387
2021-09-23 00:00:00+05:30,102.56587802030876,105.26698463555499,102.26152127477494,104.81045532226562,18688982
2021-09-24 00:00:00+05:30,105.68547027316568,106.44634482260538,102.33762689964067,103.5550308227539,33667173
2021-09-27 00:00:00+05:30,105.03871993794954,107.09307862690517,104.62023666926792,106.52242279052734,34196564
2021-09-28 00:00:00+05:30,107.8920049458297,109.26158134909589,107.28330303215323,108.19635009765625,46109879
2021-09-29 00:00:00+05:30,107.16917558102861,113.21812539923911,106.02786385645972,110.13658142089844,68003697
2021-09-30 00:00:00+05:30,110.13658398162947,111.12572315459181,107.54961532313428,109.94636535644531,26714630
2021-10-01 00:00:00+05:30,110.47895738853252,113.86484604939244,109.6420025385566,111.27787780761719,42893182
2021-10-04 00:00:00+05:30,112.45722625216767,112.98983595148367,111.84852447722625,112.3050537109375,16099471
2021-10-05 00:00:00+05:30,114.1311590171941,125.23992980554306,113.37028462374613,124.51708984375,131238378
2021-10-06 00:00:00+05:30,126.30516642064404,131.4410692720859,126.15299384334676,127.90300750732422,101221817
2021-10-07 00:00:00+05:30,129.46275978539387,129.46275978539387,121.35945299141721,122.04423522949219,59769140
2021-10-08 00:00:00+05:30,124.7073386068887,126.76170925413618,122.1203696874266,122.46276092529297,30561341
2021-10-11 00:00:00+05:30,124.59318796793619,126.45732800026113,123.79426749407624,125.54428100585938,18143592
2021-10-12 00:00:00+05:30,125.62035945306462,126.19101521385683,123.83230009190726,124.44100189208984,11619888
2021-10-13 00:00:00+05:30,124.51710108318656,124.63123921851947,121.5116492797868,121.73991394042969,16690451
2021-10-14 00:00:00+05:30,122.50080822172895,123.07146416065005,120.71274830243293,121.01710510253906,14821875
2021-10-18 00:00:00+05:30,124.59320691161933,125.92473736716336,122.65297449725034,123.3377685546875,22899876
2021-10-19 00:00:00+05:30,124.40297820571655,124.40297820571655,120.21816854130407,120.67469787597656,10331930
2021-10-20 00:00:00+05:30,121.16925205382915,121.24534414025807,116.90835063430094,117.85944366455078,17118996
2021-10-21 00:00:00+05:30,119.91382520852551,121.96818402563372,117.5931556738192,117.935546875,31555789
2021-10-22 00:00:00+05:30,119.45730002120978,120.48448527049723,117.55511371513956,119.49534606933594,27317028
2021-10-25 00:00:00+05:30,120.97905102429588,123.98450311452987,120.90295892681186,122.80514526367188,34568006
2021-10-26 00:00:00+05:30,124.44101635737682,124.74536148783525,121.96817443982893,124.09862518310547,33022684
2021-10-27 00:00:00+05:30,124.09863113067823,124.47906836699542,119.45729220359921,120.14207458496094,21652522
2021-10-28 00:00:00+05:30,114.13113740864917,119.34313066098535,113.14199856243694,114.28330993652344,24815027
2021-10-29 00:00:00+05:30,114.05506910543846,115.53878348892927,111.08766355850105,113.40833282470703,18736450
2021-11-01 00:00:00+05:30,114.13115863781003,116.8703110891262,112.91375496833132,116.52790832519531,11444653
2021-11-02 00:00:00+05:30,117.13663750801447,117.78338553530143,115.1583705957697,116.37576293945312,20609479
2021-11-03 00:00:00+05:30,115.04421407492957,117.32683741613857,113.9789944930411,115.65291595458984,11591857
2021-11-04 00:00:00+05:30,115.65290244641386,116.29965029489247,115.08224667776379,115.69094848632812,1114216
2021-11-08 00:00:00+05:30,116.37574085936551,118.3540190062941,115.42464782911567,117.85944366455078,16568525
2021-11-09 00:00:00+05:30,119.07686010149409,120.33229839146206,117.9355483433328,119.19098663330078,13601954
2021-11-10 00:00:00+05:30,119.22903939215807,120.7507884887013,119.03882075509016,119.98991394042969,13900618
2021-11-11 00:00:00+05:30,119.15294302951587,119.34316164124242,116.45183642099443,116.79422760009766,14158749
2021-11-12 00:00:00+05:30,117.17466385769436,118.3920676067184,116.6420540712548,117.66922760009766,10552485
2021-11-15 00:00:00+05:30,119.03879395102201,123.45186765930664,118.69640280340114,120.06597900390625,45750584
2021-11-16 00:00:00+05:30,121.28335537157407,121.51161997717078,119.30508921311618,119.5713882446289,12956283
2021-11-17 00:00:00+05:30,119.45728207801835,121.1692494963339,119.1529369587711,119.76162719726562,11420415
2021-11-18 00:00:00+05:30,119.45728216546243,119.45728216546243,116.9463942947572,117.40292358398438,18351511
2021-11-22 00:00:00+05:30,119.33594308424945,121.26898570489087,115.19370373752344,115.62765502929688,21558590
2021-11-23 00:00:00+05:30,115.03593157293209,116.53502322787104,113.14232880762599,115.74602508544922,21216047
2021-11-24 00:00:00+05:30,117.56072277240817,122.96536484304377,117.56072277240817,121.07176208496094,36294271
2021-11-25 00:00:00+05:30,121.50570871513916,123.0837049322189,120.3616638655875,122.37361145019531,11554142
2021-11-26 00:00:00+05:30,120.12498161373047,120.12498161373047,115.39099219052927,116.0616455078125,23135841
2021-11-29 00:00:00+05:30,114.40471161948795,115.23316193904613,111.95881296920273,113.69461822509766,18736522
2021-11-30 00:00:00+05:30,113.10288583813221,116.5744727664452,111.32764005996299,112.11663818359375,22980651
2021-12-01 00:00:00+05:30,112.35333789427239,113.33958563575708,110.18359286300608,112.23499298095703,14278744
2021-12-02 00:00:00+05:30,110.85424428515964,114.12858191635394,110.77533965150036,113.61573791503906,8561767
2021-12-03 00:00:00+05:30,113.61573828592441,115.8643879218294,112.94508501510171,115.11483001708984,10690334
2021-12-06 00:00:00+05:30,115.0359253213049,115.0753776341132,112.62947870986545,113.1028823852539,7749262
2021-12-07 00:00:00+05:30,114.40473646846556,115.39098419664198,114.01023737719498,115.11483001708984,10253663
2021-12-08 00:00:00+05:30,115.98270317479478,118.62585122607236,115.82490598646935,117.08729553222656,12266948
2021-12-09 00:00:00+05:30,117.95522953939894,118.27082400009576,115.46989005372991,116.2588882446289,7989291
2021-12-10 00:00:00+05:30,115.39097938000403,116.77172614181603,114.83868308311048,116.41667938232422,10324085
2021-12-13 00:00:00+05:30,117.52126057664599,118.74420999774281,114.68087473707016,115.15426635742188,13595587
2021-12-14 00:00:00+05:30,113.81297607112238,116.33776758653279,113.57627423298736,115.90381622314453,12331999
2021-12-15 00:00:00+05:30,115.43042911227084,116.5350216813399,113.3001365638342,113.57627868652344,10361033
2021-12-16 00:00:00+05:30,114.64144062658752,115.39098650717881,114.04969197783277,114.68089294433594,12156709
2021-12-17 00:00:00+05:30,113.77352922920048,114.48363477775193,109.27624224499924,109.98633575439453,17667617
2021-12-20 00:00:00+05:30,108.48723169582993,108.60557658747256,103.87158829529089,105.72573852539062,17238729
2021-12-21 00:00:00+05:30,106.55421768046034,107.97441695975239,105.56796985305726,107.34321594238281,8615570
2021-12-22 00:00:00+05:30,108.40832047092866,108.84227177910608,106.75143189309766,107.93492889404297,4968143
2021-12-23 00:00:00+05:30,109.2762441126053,111.24873949369926,108.21109179115201,110.85424041748047,6324169
2021-12-24 00:00:00+05:30,111.68268411466936,111.72213642773075,108.25053754397534,109.27623748779297,5657495
2021-12-27 00:00:00+05:30,107.73770316616036,108.9212004282438,107.30375176223176,108.36890411376953,4404298
2021-12-28 00:00:00+05:30,109.78908479193186,110.85423708132946,109.27624082394398,110.06523895263672,8738089
2021-12-29 00:00:00+05:30,110.61755039647916,111.13040647391672,108.44780524518205,109.59185028076172,6571286
2021-12-30 00:00:00+05:30,109.4734936507147,111.4065367163555,109.2762441126053,110.85424041748047,11556524
2021-12-31 00:00:00+05:30,110.81478099932804,112.78727625399445,110.02578289746147,112.35332489013672,6393760
2022-01-03 00:00:00+05:30,112.3139145269412,113.18180544663106,111.40655924466145,112.8662109375,3765911
2022-01-04 00:00:00+05:30,112.90562605329423,117.24511533915711,112.90562605329423,116.6139144897461,16351836
2022-01-05 00:00:00+05:30,117.16622597844507,119.21762599642385,116.2983231925718,118.6258773803711,12977680
2022-01-06 00:00:00+05:30,118.82311404885833,119.45430287295628,117.04786839298389,118.98091125488281,9012777
2022-01-07 00:00:00+05:30,119.53323532763744,124.26722484556367,119.41489040535245,123.91217803955078,30889365
2022-01-10 00:00:00+05:30,124.85896157753228,125.76630466590852,123.39931013363302,124.9378662109375,16418985
2022-01-11 00:00:00+05:30,125.29290144413358,127.54153881921363,124.34610612624958,126.98924255371094,14457548
2022-01-12 00:00:00+05:30,128.37000249403735,130.7369970527688,127.34430244408902,130.14524841308594,21220614
2022-01-13 00:00:00+05:30,130.14526046634728,130.5792119168027,128.64616858931004,129.35626220703125,7445346
2022-01-14 00:00:00+05:30,128.5672527572994,128.84340693968693,126.3975077330336,127.06816101074219,11646259
2022-01-17 00:00:00+05:30,128.21218313747926,132.70946961508602,128.05438593529485,130.85533142089844,32577835
2022-01-18 00:00:00+05:30,132.78838289394062,132.86727548059946,128.92228497299072,129.27734375,11175409
2022-01-19 00:00:00+05:30,130.42138157112774,134.91866809996216,130.1057751240091,134.32691955566406,36648534
2022-01-20 00:00:00+05:30,134.83976544011676,134.83976544011676,131.3681787453901,131.6443328857422,14474454
2022-01-21 00:00:00+05:30,130.42137606067044,131.28926666547858,128.05438198348642,129.11952209472656,8625926
2022-01-24 00:00:00+05:30,130.34248519843132,132.78838415198354,129.1984403482172,130.7369842529297,28783449
2022-01-25 00:00:00+05:30,128.6066832851809,131.52597368811783,128.6066832851809,130.3030242919922,14249846
2022-01-27 00:00:00+05:30,130.26359261102508,133.14343089320093,129.79018892996476,130.7369842529297,25936832
2022-01-28 00:00:00+05:30,132.19662899968745,137.83796038296165,131.17092910114073,133.18287658691406,32790065
2022-01-31 00:00:00+05:30,135.3920779545895,137.95632176403888,133.77462945156725,136.1810760498047,24031034
2022-02-01 00:00:00+05:30,137.2856733669369,137.99576686179316,132.9461836915452,134.8792266845703,14220953
2022-02-02 00:00:00+05:30,134.56364685150785,137.32514058092954,134.5241945332561,135.1553955078125,12478192
2022-02-03 00:00:00+05:30,134.12966053521455,135.11590803914996,130.97366852262127,132.15716552734375,12529302
2022-02-04 00:00:00+05:30,134.12968134863218,136.25997387986752,133.3801355371622,133.8140869140625,17434362
2022-02-07 00:00:00+05:30,134.68198590895494,136.7333859772459,133.49848864782325,135.78659057617188,11723574
2022-02-08 00:00:00+05:30,135.70766334879013,136.49666139151566,131.36817411379977,131.7232208251953,13231599
2022-02-09 00:00:00+05:30,132.47280292349797,133.81410959566162,128.68562091010745,129.35626220703125,17938632
2022-02-10 00:00:00+05:30,130.85532734006998,134.44525872464064,130.30301909091654,133.41957092285156,26763203
2022-02-11 00:00:00+05:30,132.5122162301613,134.52416360689293,131.84157513068706,132.67001342773438,12884995
2022-02-14 00:00:00+05:30,133.2617774990703,139.13982311763453,130.342486866259,131.13148498535156,44604164
2022-02-15 00:00:00+05:30,134.12968195718543,134.12968195718543,123.39930258494817,129.5140380859375,31146458
2022-02-16 00:00:00+05:30,129.7901667585091,133.2617530293974,129.7901667585091,132.98561096191406,15960268
2022-02-17 00:00:00+05:30,132.98564525106394,136.0232810115298,132.94619293435,135.51043701171875,24640791
2022-02-18 00:00:00+05:30,135.07645894162775,135.5104102615042,131.52596784307306,132.47276306152344,11829998
2022-02-21 00:00:00+05:30,133.46939971024486,133.58900325048018,130.00111603067833,130.28016662597656,14222260
2022-02-22 00:00:00+05:30,132.7518676175373,132.7518676175373,130.1606149463241,131.5160369873047,29399172
2022-02-23 00:00:00+05:30,132.55253995002522,132.6721313602869,127.29029891118813,128.16734313964844,21301826
2022-02-24 00:00:00+05:30,128.16733847794328,129.482892606822,124.38012318854837,124.89836883544922,28766189
2022-02-25 00:00:00+05:30,127.09094911119477,127.88825747993744,125.01795465204002,127.17068481445312,20225258
2022-02-28 00:00:00+05:30,127.96799405947253,129.0443652310298,124.22064713391367,128.08758544921875,20210070
2022-03-02 00:00:00+05:30,132.07411672317855,134.2268588935664,129.08421055981688,129.92138671875,41103406
2022-03-03 00:00:00+05:30,134.1869994901184,136.97757875155182,129.8815270443308,135.7816162109375,42345653
2022-03-04 00:00:00+05:30,135.62216927090296,136.3397419939604,130.63899156644536,131.75521850585938,32658756
2022-03-07 00:00:00+05:30,133.23022980599563,151.32912687088375,133.23022980599563,149.05679321289062,132538155
2022-03-08 00:00:00+05:30,151.48858385321984,155.4352576835723,141.76142458636292,142.7979278564453,73127816
2022-03-09 00:00:00+05:30,145.90743369255574,146.54528283041475,138.61206687431212,139.84788513183594,51977091
2022-03-10 00:00:00+05:30,134.14715545900555,141.0438691347924,131.55590282755372,139.0107421875,62112814
2022-03-11 00:00:00+05:30,137.5357124712595,140.64521066944235,136.89786325559172,140.08709716796875,26187452
2022-03-14 00:00:00+05:30,138.7316608765277,139.92762347029088,136.02081719704879,136.9775848388672,20214021
2022-03-15 00:00:00+05:30,134.18702119661083,135.14378895067986,128.8849124426264,130.55926513671875,42333127
2022-03-16 00:00:00+05:30,132.35319088817735,133.8282162554237,129.04436598235705,133.3896942138672,25545119
2022-03-17 00:00:00+05:30,132.8315777106142,136.73838381023694,131.2369609897951,135.7816162109375,66314748
2022-03-21 00:00:00+05:30,136.89785972693042,139.52898007001443,135.78163275275494,137.57557678222656,20614652
2022-03-22 00:00:00+05:30,140.48573764765987,144.51214750087644,138.57220235403256,139.88775634765625,39742745
2022-03-23 00:00:00+05:30,140.72494274044018,141.68171045619138,139.4093886520275,140.0073699951172,10994784
2022-03-24 00:00:00+05:30,142.63847086956093,143.83443349451295,140.72493553602206,141.4823760986328,20332589
2022-03-25 00:00:00+05:30,142.31955466730156,142.91753598943308,139.60871087335647,140.1668243408203,13608989
2022-03-28 00:00:00+05:30,139.92762964692193,141.8411650150253,139.24991261415636,140.6053466796875,15253027
2022-03-29 00:00:00+05:30,139.4891026977229,139.68842979851016,135.98095059025167,136.33973693847656,14210783
2022-03-30 00:00:00+05:30,129.96124870394482,131.4362738777044,128.48622353018524,129.1639404296875,95239532
2022-03-31 00:00:00+05:30,129.04437569965967,131.75521952547862,128.48625005967227,130.67884826660156,33523683
2022-04-01 00:00:00+05:30,130.67885715409327,134.14715396549997,130.39980648108258,133.907958984375,28335224
2022-04-04 00:00:00+05:30,133.11064200434137,134.7849945994999,131.8349557962808,133.98768615722656,17745513
2022-04-05 00:00:00+05:30,135.74175772364626,137.73502876217262,134.9843171621984,137.0174560546875,20054934
2022-04-06 00:00:00+05:30,136.0208111255957,138.3330005039462,135.7816161843277,137.77488708496094,12969222
2022-04-07 00:00:00+05:30,136.02080840132606,138.5721926698446,134.10726107546728,134.62551879882812,24550313
2022-04-08 00:00:00+05:30,134.7451587494471,136.5789710354431,134.5059637267582,136.26004028320312,9529874
2022-04-11 00:00:00+05:30,136.33973204246828,137.73502169787366,135.18363733261018,136.4991912841797,9724979
2022-04-12 00:00:00+05:30,136.33971170012188,137.2964791735977,134.10724615137264,134.6653594970703,13184429
2022-04-13 00:00:00+05:30,136.65866576864718,139.409389700313,136.10055227742572,138.93099975585938,23458303
2022-04-18 00:00:00+05:30,140.32628359352984,142.7182088820559,139.60871087335647,140.1668243408203,23916912
2022-04-19 00:00:00+05:30,141.36278288182038,143.35605389773448,140.32627952035287,141.24317932128906,17880666
2022-04-20 00:00:00+05:30,141.04383910341227,141.40263758567917,139.36949890532512,139.9276123046875,10076403
2022-04-21 00:00:00+05:30,140.08707242135668,140.88438075860512,138.65191498111759,138.8512420654297,12246720
2022-04-22 00:00:00+05:30,138.85125032686574,140.56547065351918,138.49246398694868,138.73165893554688,10267952
2022-04-25 00:00:00+05:30,136.33972253737167,137.93433917523566,134.18699250944715,135.2633514404297,12583497
2022-04-26 00:00:00+05:30,136.4194631633678,136.8978408724312,132.11399078603785,133.11062622070312,20086229
2022-04-27 00:00:00+05:30,133.90794329513386,134.66538384164943,130.24033195612557,131.43629455566406,13981957
2022-04-28 00:00:00+05:30,132.3531909617972,132.3531909617972,129.52274378213295,131.39642333984375,13030499
2022-04-29 00:00:00+05:30,132.7518335510964,133.50927401203992,127.17067538378303,127.92811584472656,15964743
2022-05-02 00:00:00+05:30,126.0943174321173,126.97136153042283,124.30037354864194,124.65917205810547,23405519
2022-05-04 00:00:00+05:30,126.77202908320494,129.80180328064964,125.93485287304837,129.36328125,23661920
2022-05-05 00:00:00+05:30,130.91803679628762,134.26672964180327,130.28018764334163,131.43629455566406,26878516
2022-05-06 00:00:00+05:30,130.67883332692784,133.46941254399064,128.44637968604553,133.11062622070312,16768573
2022-05-09 00:00:00+05:30,131.755221608557,133.38970636730176,129.76195047983452,131.3565673828125,9952775
2022-05-10 00:00:00+05:30,127.92812986184538,128.88489750502623,121.90844903147324,123.14427947998047,22602956
2022-05-11 00:00:00+05:30,122.78547904033188,127.56932887307208,122.58615196396771,126.4531021118164,15084514
2022-05-12 00:00:00+05:30,126.7720492914462,128.36666626366565,122.78550686089757,124.77877807617188,21459069
2022-05-13 00:00:00+05:30,127.5693330841048,127.80852801682943,121.94830691189449,122.42669677734375,12934346
2022-05-16 00:00:00+05:30,122.94493894522452,124.57942341360285,121.0314038679753,122.38682556152344,13205775
2022-05-17 00:00:00+05:30,124.38012090685189,130.51939367226697,124.02133452973601,130.08087158203125,17843200
2022-05-18 00:00:00+05:30,129.16394475233687,131.15721550468774,127.72878737745239,130.12071228027344,12616832
2022-05-19 00:00:00+05:30,126.4132412637584,129.2038204873912,125.81526000155137,127.5693359375,8932407
2022-05-20 00:00:00+05:30,128.88490141034086,130.59912181536106,127.649083090348,129.084228515625,7235654
2022-05-23 00:00:00+05:30,128.96463256817708,130.91803569784142,123.30373811147409,123.66253662109375,18029557
2022-05-24 00:00:00+05:30,125.49634146124572,125.77540427689745,119.71585536928055,120.11450958251953,19141394
2022-05-25 00:00:00+05:30,121.90847146559409,122.18753432227481,117.68274591674576,121.6692886352539,19366472
2022-05-26 00:00:00+05:30,121.82872990236875,122.22738411529146,118.08138273408761,121.11114501953125,12824105
2022-05-27 00:00:00+05:30,123.58280604031567,123.98146025334894,112.50022378437502,114.6529541015625,52469252
2022-05-30 00:00:00+05:30,116.12795039978388,117.44351640989278,112.54006300742031,114.85226440429688,40261336
2022-05-31 00:00:00+05:30,115.92864383543294,121.9881929255714,115.92864383543294,120.59290313720703,57675204
2022-06-01 00:00:00+05:30,120.55300616186256,121.9084277671073,118.59960336318996,119.39691162109375,22780094
2022-06-02 00:00:00+05:30,117.8421732429527,121.90843841380847,116.4070158201967,121.54965209960938,25429955
2022-06-03 00:00:00+05:30,122.7456542649021,122.94498141121275,120.51318779303018,120.87198638916016,16747177
2022-06-06 00:00:00+05:30,122.06790832755694,124.38009758290667,121.8287133990133,122.74561309814453,30327268
2022-06-07 00:00:00+05:30,123.42331657982797,129.92137379545431,122.94492677489187,129.04434204101562,61411715
2022-06-08 00:00:00+05:30,130.35990231946676,132.6720914391778,129.24367560635636,130.28016662597656,45994327
2022-06-09 00:00:00+05:30,132.35318634939816,133.42955749031037,131.15722382214457,131.99440002441406,31122996
2022-06-10 00:00:00+05:30,130.75856415206633,132.87142632838362,130.24031861174984,131.2768096923828,17812698
2022-06-13 00:00:00+05:30,129.16394365906234,130.7186923995444,126.33349678148983,127.21054077148438,12237777
2022-06-14 00:00:00+05:30,127.21056334266893,128.00787177832845,123.82200249111597,124.34024810791016,12844437
2022-06-15 00:00:00+05:30,125.13757402453079,125.37676902183499,120.23413132662799,120.71250915527344,16223385
2022-06-16 00:00:00+05:30,118.91855641372923,120.83210408925198,113.69619553714757,114.4536361694336,25130676
2022-06-17 00:00:00+05:30,113.57657472639052,115.7293048894138,112.14141722905492,112.77926635742188,22922034
2022-06-20 00:00:00+05:30,110.50693046093697,110.74611320781194,103.65007451148598,107.1582260131836,28656582
2022-06-21 00:00:00+05:30,108.51367634039194,111.78263342761528,107.636632248281,110.90560150146484,20581784
2022-06-22 00:00:00+05:30,109.19136893414723,109.19136893414723,104.44738699614032,107.51702880859375,31824106
2022-06-23 00:00:00+05:30,106.83932370965604,108.75285896941494,105.40416618185662,107.4771728515625,26829020
2022-06-24 00:00:00+05:30,109.23125213161995,112.42048577049937,107.79609456093206,109.51031494140625,25461812
2022-06-27 00:00:00+05:30,111.62318253264411,113.6961893603492,109.43058430432431,112.81914520263672,24188349
2022-06-28 00:00:00+05:30,113.85564556941422,120.99155354286897,113.33738779337718,119.07801818847656,54387675
2022-06-29 00:00:00+05:30,119.07802697039718,125.49635053483081,116.56649794582744,122.90509796142578,165860322
2022-06-30 00:00:00+05:30,121.98817934710105,123.14427403844037,118.99827299055445,120.83208465576172,38725546
2022-07-01 00:00:00+05:30,118.75908180021183,120.5131578182684,103.65009030105747,104.48726654052734,125788305
2022-07-04 00:00:00+05:30,103.61022704083007,103.61022704083007,98.94597398714507,100.46086120605469,85993413
2022-07-05 00:00:00+05:30,101.25815523278547,102.5338533934405,100.4608469238659,101.57707977294922,44595740
2022-07-06 00:00:00+05:30,98.06893289021657,98.46758708895729,95.55741022155398,96.4344482421875,59092334
2022-07-07 00:00:00+05:30,96.67365386901115,98.98584969360843,96.67365386901115,98.46759796142578,36229792
2022-07-08 00:00:00+05:30,100.73992303764464,100.73992303764464,96.4743239791305,96.87297821044922,42778692
2022-07-11 00:00:00+05:30,96.87296890927502,100.38112702464316,96.51418256872905,100.06220245361328,31521678
2022-07-12 00:00:00+05:30,99.58381776439026,101.05883704910262,98.46758481707435,98.94596862792969,25216226
2022-07-13 00:00:00+05:30,97.63040466812234,99.58381376828368,96.79323455346457,99.22502136230469,27166975
2022-07-14 00:00:00+05:30,99.18516379350126,105.72309616620436,98.70677998159132,101.37776184082031,38464081
2022-07-15 00:00:00+05:30,101.736553740786,102.3743968305424,99.34462846749331,100.89938354492188,18088858
2022-07-18 00:00:00+05:30,101.29805151645526,104.20822279453226,101.21831579679724,103.57037353515625,21010247
2022-07-19 00:00:00+05:30,104.04874678994273,106.20147704895628,99.22502850940073,101.97574615478516,33778758
2022-07-20 00:00:00+05:30,107.63663062461342,108.91232889099297,105.40416474142938,105.6832275390625,60317150
2022-07-21 00:00:00+05:30,106.04202942114509,106.44068366708923,105.08526166407152,106.12176513671875,20853780
2022-07-22 00:00:00+05:30,106.67985621147899,106.67985621147899,104.88591248202349,105.60348510742188,11630255
2022-07-25 00:00:00+05:30,105.24472263977515,105.60350903376374,102.37440715594181,103.49064636230469,21705935
2022-07-26 00:00:00+05:30,104.32782545420551,104.92580684848036,101.85616415815105,102.21495056152344,22172845
2022-07-27 00:00:00+05:30,102.93252874828693,103.80956076915982,101.89602530001731,102.53387451171875,20187969
2022-07-28 00:00:00+05:30,103.96901003322287,104.04874573925406,102.25480184719795,103.84941864013672,25736737
2022-07-29 00:00:00+05:30,104.00887709903242,107.23797851348563,103.57035505110116,106.95891571044922,19738642
2022-08-01 00:00:00+05:30,106.91906429099132,110.82587069366413,106.20147941138379,110.34748077392578,20592826
2022-08-02 00:00:00+05:30,108.99205017089844,109.27111296275014,107.3177099176684,108.99205017089844,15037928
2022-08-03 00:00:00+05:30,108.43393950792569,110.38734260263375,106.67986350790132,108.15487670898438,15853543
2022-08-04 00:00:00+05:30,107.11838915940682,109.35084296233201,106.83932635106078,108.63327026367188,14311959
2022-08-05 00:00:00+05:30,107.71636893952628,110.42721261384287,106.52040634804061,108.83259582519531,66480753
2022-08-08 00:00:00+05:30,108.67313657952268,109.62990421951909,107.67650108661796,108.83259582519531,12451233
2022-08-10 00:00:00+05:30,108.75285745087392,109.03192024842403,106.40080017852411,106.67986297607422,15829467
2022-08-11 00:00:00+05:30,107.23796715821491,108.43392961722846,105.28456424168463,105.8825454711914,19479706
2022-08-12 00:00:00+05:30,106.75959165154237,111.38398288088074,106.44067315267526,110.9853286743164,40876891
2022-08-16 00:00:00+05:30,111.22451141618029,113.13804653115011,108.51366797564646,111.58329772949219,31230003
2022-08-17 00:00:00+05:30,111.5833111706116,112.26102819536138,110.5866756436037,111.3441162109375,15694770
2022-08-18 00:00:00+05:30,112.85429201978296,112.89510980643725,109.95640354908352,110.6502685546875,42597708
2022-08-19 00:00:00+05:30,112.24205307337618,113.05835891390983,109.42580041470283,109.87477111816406,35382493
2022-08-22 00:00:00+05:30,109.7931306640593,109.7931306640593,105.9564958755163,107.67073059082031,31231393
2022-08-23 00:00:00+05:30,107.67071481610117,109.54822038184311,106.20137454849433,109.1808853149414,24268146
2022-08-24 00:00:00+05:30,109.9563857523394,112.16040886070763,109.79312708798577,111.01758575439453,22730039
2022-08-25 00:00:00+05:30,111.83390314004751,112.77264989939846,111.14003817472623,111.46656799316406,14620592
2022-08-26 00:00:00+05:30,111.42575398409066,112.85428929157901,111.09923661042909,111.5481948852539,12105053
2022-08-29 00:00:00+05:30,109.54824895706977,111.50739058464032,109.18091379435015,110.93596649169922,9198908
2022-08-30 00:00:00+05:30,112.56856013008573,114.16036633818733,112.28286058553638,113.13998413085938,21720398
2022-09-01 00:00:00+05:30,110.20129226200396,111.22167459776325,109.50742729135202,109.9563980102539,20349294
2022-09-02 00:00:00+05:30,109.95640278640757,110.81352647684389,107.99727359898705,108.36460876464844,17495310
2022-09-05 00:00:00+05:30,108.48703448302615,109.30334027283322,108.28295803557438,108.89518737792969,14865879
2022-09-06 00:00:00+05:30,109.4666034657429,109.50740878760705,107.50746223862268,107.83399200439453,10870488
2022-09-07 00:00:00+05:30,106.93605617307267,108.52784993791654,106.16056818054234,108.16051483154297,12042788
2022-09-08 00:00:00+05:30,107.46665745831619,109.50742203181889,107.34421656624141,107.62992858886719,14629497
2022-09-09 00:00:00+05:30,108.16050543713925,109.54822263837298,107.71153481019515,109.38496398925781,12327341
2022-09-12 00:00:00+05:30,110.20126969067017,110.52778698890052,109.05844669102746,109.38496398925781,13500202
2022-09-13 00:00:00+05:30,109.54823131816258,110.32371930478095,108.97681977306681,109.30333709716797,10846178
2022-09-14 00:00:00+05:30,108.11968905103004,109.46660094918002,107.75235397183883,108.73191833496094,8597956
2022-09-15 00:00:00+05:30,109.05846280444364,109.71149749739037,107.75236850687347,108.24215698242188,10810473
2022-09-16 00:00:00+05:30,107.01771107190066,107.75238141741072,106.11976957775298,107.14015197753906,20909579
2022-09-19 00:00:00+05:30,107.83400207784732,109.67069014344082,105.87486066771137,106.5687255859375,19411428
2022-09-20 00:00:00+05:30,107.26256556235944,109.05844809322609,107.18094246467065,108.73191833496094,13080582
2022-09-21 00:00:00+05:30,107.9156235470188,108.73192934155878,106.16057107109299,106.85442352294922,11156865
2022-09-22 00:00:00+05:30,106.44628125476967,106.81362886366415,104.56878770452275,105.01774597167969,11366882
2022-09-23 00:00:00+05:30,104.69123192171743,105.38509692068843,104.07900249527464,104.97694396972656,10407849
2022-09-26 00:00:00+05:30,103.9157236855827,105.14018230138493,100.1199007310121,100.77294158935547,12848954
2022-09-27 00:00:00+05:30,101.50761932735959,104.40550724702685,101.0994664501061,101.58924865722656,14465123
2022-09-28 00:00:00+05:30,101.18109979164932,101.18109979164932,99.18115310497984,100.03827667236328,15267018
2022-09-29 00:00:00+05:30,100.81377473461424,104.65040982443985,100.81377473461424,103.38513946533203,20597761
2022-09-30 00:00:00+05:30,102.44639107986616,108.07889684216042,102.44639107986616,103.5075912475586,33530494
2022-10-03 00:00:00+05:30,107.5074611660603,110.20127254157732,106.60953234477917,108.07887268066406,50966493
2022-10-04 00:00:00+05:30,110.11964286325835,110.20127842220239,107.58910246188064,109.30333709716797,14137567
2022-10-06 00:00:00+05:30,111.42574913583371,111.46656691972524,108.0788901501508,108.28296661376953,14570735
2022-10-07 00:00:00+05:30,107.79319240156269,109.58906282067787,107.09932743116319,109.4258041381836,13532236
2022-10-10 00:00:00+05:30,108.56867439885524,109.38498022140301,107.91562724964933,108.77275085449219,10183057
2022-10-11 00:00:00+05:30,108.77273725320859,108.97681368332718,106.3238200917855,107.01768493652344,13176461
2022-10-12 00:00:00+05:30,107.01771002107009,107.75238035936624,105.38509819744333,107.22178649902344,9401804
2022-10-13 00:00:00+05:30,107.09931982356177,107.62992607377636,104.20143793365705,105.997314453125,13320136
2022-10-14 00:00:00+05:30,107.75236850550024,108.40541565427701,103.71165717771166,104.1606216430664,13205955
2022-10-17 00:00:00+05:30,103.67085109296745,104.65041569874091,102.85454517884959,104.32389831542969,9320940
2022-10-18 00:00:00+05:30,104.85449437900176,105.38510070782387,104.16063558301593,105.0585708618164,6490293
2022-10-19 00:00:00+05:30,105.05856865579985,105.05856865579985,103.99737470419856,104.32389831542969,7381712
2022-10-20 00:00:00+05:30,103.67084321053385,106.93606661873963,102.69127867923987,105.79324340820312,18748363
2022-10-21 00:00:00+05:30,105.58916985044486,108.89519867754657,105.09938134340209,107.38504028320312,11945173
2022-10-24 00:00:00+05:30,108.56866943247532,109.3849752176819,108.07888097901626,108.40541076660156,2154912
2022-10-25 00:00:00+05:30,108.1196966872036,108.4870317923386,105.9973091598472,106.73197937011719,10232002
2022-10-27 00:00:00+05:30,106.73198771192843,107.91562867913393,106.36465257808376,107.589111328125,13865026
2022-10-28 00:00:00+05:30,107.83400904046597,110.69107954919765,107.5891147914069,109.14009094238281,22918037
2022-10-31 00:00:00+05:30,109.71150371858882,110.364550904405,108.40542180279553,109.4258041381836,8753855
2022-11-01 00:00:00+05:30,109.46661929229158,110.77270117669981,109.46661929229158,110.32373046875,11630848
2022-11-02 00:00:00+05:30,110.89515742317721,113.62977461420684,110.48700448817227,111.38493347167969,21117499
2022-11-03 00:00:00+05:30,111.34410858154297,111.58900281808572,110.40536187327373,111.34410858154297,7561534
2022-11-04 00:00:00+05:30,111.34410240234294,112.97671394757282,111.05840285543027,112.52775573730469,7498344
2022-11-07 00:00:00+05:30,113.09917449951172,113.46650962944656,111.62982152393394,113.09917449951172,9987481
2022-11-09 00:00:00+05:30,113.42568799245406,113.46650577346821,111.83389417960537,113.18079376220703,12033732
2022-11-10 00:00:00+05:30,112.24205378272838,114.97668334813397,112.16041821582364,114.1603775024414,15908521
2022-11-11 00:00:00+05:30,114.77259218965698,115.34400371730268,113.62975667852847,114.65013885498047,18492513
2022-11-14 00:00:00+05:30,114.77261117693284,115.09912854507967,113.13999942452035,113.67059326171875,12743505
2022-11-15 00:00:00+05:30,114.28281014679952,117.0174395147902,114.28281014679952,116.20113372802734,24636519
2022-11-16 00:00:00+05:30,116.56846997264722,116.97662286999133,115.26237571881087,116.65009307861328,11460200
2022-11-17 00:00:00+05:30,115.87461431822148,117.38478514132754,115.6705378532525,116.8949966430664,13368536
2022-11-18 00:00:00+05:30,116.85418805754637,116.9358236322958,114.44608807251699,115.71136474609375,19958908
2022-11-21 00:00:00+05:30,116.5684651009688,116.86846270584223,115.19706616244676,116.0970458984375,16348881
2022-11-22 00:00:00+05:30,115.66849407017092,116.48275652929922,113.91139313502215,115.88277435302734,11198874
2022-11-23 00:00:00+05:30,116.18277729852228,117.12560273906824,115.32565612786351,116.99703979492188,9010911
2022-11-24 00:00:00+05:30,116.99703093720917,119.99695480739403,116.13990983144208,119.5255355834961,11803087
2022-11-25 00:00:00+05:30,119.13984335178755,121.11122467045703,118.06844188279665,120.4683837890625,9789098
2022-11-28 00:00:00+05:30,119.56838880201678,121.02549199964878,119.18268693773618,119.65410614013672,8925344
2022-11-29 00:00:00+05:30,120.03982105952772,120.93980089314748,119.56840180585729,120.21124267578125,13558920
2022-11-30 00:00:00+05:30,119.65411475516389,121.53977862190315,119.65411475516389,120.9397964477539,17720938
2022-12-01 00:00:00+05:30,121.23978216998132,121.71120141089047,119.82553752588449,120.0398178100586,27727625
2022-12-02 00:00:00+05:30,121.58263182146875,124.111136420692,120.46837178898548,120.76835632324219,24518337
2022-12-05 00:00:00+05:30,121.28263626762059,123.38258035758835,120.5112325051443,123.2111587524414,18440387
2022-12-06 00:00:00+05:30,122.43977253678916,122.69689844204316,120.98265598764574,122.09691619873047,10977472
2022-12-07 00:00:00+05:30,120.68264552272653,121.49690789820559,120.08266340809085,120.55406951904297,9731670
2022-12-08 00:00:00+05:30,121.06836899155071,122.56833108525133,120.296965146243,122.2683334350586,10150945
2022-12-09 00:00:00+05:30,122.13975972015791,122.52546160881128,120.25409587002892,120.59693908691406,9438307
2022-12-12 00:00:00+05:30,119.99695253000037,122.13975525375038,119.3112530426744,122.01119232177734,8946335
2022-12-13 00:00:00+05:30,122.61118088858561,123.98256685641302,122.1826203213963,123.7254409790039,12593054
2022-12-14 00:00:00+05:30,123.72542688212172,127.3681912881858,123.5111466229415,126.51107025146484,17692988
2022-12-15 00:00:00+05:30,126.55392129382945,127.58247704512016,125.69680022017364,126.38249969482422,11426194
2022-12-16 00:00:00+05:30,127.15390992144575,128.99671490289262,125.99679130049977,126.168212890625,20540447
2022-12-19 00:00:00+05:30,126.03966311709554,126.46822367643377,124.2825622080828,124.96826171875,10635055
2022-12-20 00:00:00+05:30,124.71113363748383,125.31111585712686,122.65404800481298,125.0111312866211,6714207
2022-12-21 00:00:00+05:30,125.56825070264864,125.82538966793659,122.31118765914042,122.99688720703125,10011408
2022-12-22 00:00:00+05:30,124.282566868358,124.4111298095281,121.32550151376806,121.92548370361328,9123323
2022-12-23 00:00:00+05:30,120.5112381666855,122.99688425466547,119.39697806293799,119.8255386352539,8007752
2022-12-26 00:00:00+05:30,120.42550660420463,122.4397462877551,119.56838556075833,121.1112060546875,7150680
2022-12-27 00:00:00+05:30,121.79690555815625,124.62539453985616,121.79690555815625,124.11112976074219,8765357
2022-12-28 00:00:00+05:30,122.95401219293485,123.98255483876628,122.31117140446155,123.33971405029297,9534858
2022-12-29 00:00:00+05:30,122.35404190992999,125.13968559614557,122.13976162637495,123.9825668334961,36752195
2022-12-30 00:00:00+05:30,124.66826403938515,127.49676634546438,123.89686026437734,125.78252410888672,9644998
2023-01-02 00:00:00+05:30,126.25394632565153,129.2538703106124,126.21108765299738,128.95387268066406,9631496
2023-01-03 00:00:00+05:30,128.31104280873376,129.08245974664104,126.85393936419571,128.18247985839844,14991139
2023-01-04 00:00:00+05:30,127.5396195027452,127.58247817253265,124.28255677834537,125.35395812988281,13535874
2023-01-05 00:00:00+05:30,125.01111383820047,125.99679784156356,123.55399754991812,125.5682373046875,16320559
2023-01-06 00:00:00+05:30,125.73966974230808,126.93964719617537,125.39682651470646,126.29680633544922,16804116
2023-01-09 00:00:00+05:30,127.96818768903525,128.73959147677914,126.68250599037508,126.98249053955078,18660445
2023-01-10 00:00:00+05:30,127.36820650891987,128.8253098297462,127.36820650891987,128.01104736328125,18490715
2023-01-11 00:00:00+05:30,128.1396260505359,128.5681866727785,125.35398200595904,125.82540130615234,12538238
2023-01-12 00:00:00+05:30,126.59676676492096,127.06818592200989,124.92538346126773,125.26822662353516,13270422
2023-01-13 00:00:00+05:30,125.4825069291133,126.42534524373826,125.05394643676163,125.95392608642578,8854484
2023-01-16 00:00:00+05:30,126.59677450795948,126.68249184308321,125.13967136125967,126.51107025146484,9696320
2023-01-17 00:00:00+05:30,127.11105892638312,127.71104106734941,125.69680129557354,126.72535705566406,18484595
2023-01-18 00:00:00+05:30,127.0681796561134,128.35386106916008,127.02532099328631,127.92530059814453,12139643
2023-01-19 00:00:00+05:30,126.89678495189042,130.36812811784594,126.89678495189042,130.06813049316406,18437610
2023-01-20 00:00:00+05:30,130.28243373247076,130.71099436974862,129.0396105000915,129.93959045410156,17512691
2023-01-23 00:00:00+05:30,130.75384961319554,131.22526891753958,129.72530672648372,130.58242797851562,16742252
2023-01-24 00:00:00+05:30,130.582399641931,131.31094470088328,129.93955884240452,130.4109649658203,8276792
2023-01-25 00:00:00+05:30,129.6395633984432,131.48236848967989,129.55384605895924,130.66810607910156,9827342
2023-01-27 00:00:00+05:30,130.66810843601954,132.12521168312048,125.65395787288129,126.55392456054688,13052535
2023-01-30 00:00:00+05:30,126.42537393512288,127.58249275852397,122.78260892343289,124.19685363769531,12688399
2023-01-31 00:00:00+05:30,124.4111339325006,126.76821717535883,123.63973010265407,124.19685363769531,19050398
2023-02-01 00:00:00+05:30,124.96825740587505,125.13967900796821,122.01119226422097,123.63971710205078,11526089
2023-02-02 00:00:00+05:30,122.56830815925603,124.28255023141345,120.55406849301941,122.95401000976562,11886667
2023-02-03 00:00:00+05:30,122.99686436121138,124.58254345376555,120.08265817225782,123.68256378173828,9250428
2023-02-06 00:00:00+05:30,121.45406649393462,123.5968694069491,121.36836222459267,122.99688720703125,6436143
2023-02-07 00:00:00+05:30,123.33972598283096,124.23970578948827,121.88262267038279,123.9825668334961,8681511
2023-02-08 00:00:00+05:30,124.62539562723958,125.05395615288845,122.69687326181966,123.33971405029297,10325869
2023-02-09 00:00:00+05:30,123.98257103144464,125.48253306711743,122.73974796047052,125.31111145019531,8078404
2023-02-10 00:00:00+05:30,125.2682505526638,125.99680875993889,124.1111448500061,125.73966979980469,6396208
2023-02-13 00:00:00+05:30,126.38250836256881,127.53962712281519,125.65396324717305,126.98249053955078,6563018
2023-02-14 00:00:00+05:30,127.41104562682791,127.88246484512408,125.99680105056945,127.2396240234375,6991500
2023-02-15 00:00:00+05:30,127.71104327702926,128.05388648390485,124.7111194416628,126.42536163330078,12631259
2023-02-16 00:00:00+05:30,128.5681735121114,134.09660235740603,127.19677442986318,133.62518310546875,30949761
2023-02-17 00:00:00+05:30,133.28233547742371,136.110837817108,132.33949700465212,134.2251739501953,19874561
2023-02-20 00:00:00+05:30,134.73944664892528,135.2537245874948,132.33950473331976,132.7252197265625,8348393
2023-02-21 00:00:00+05:30,132.7680840375092,133.62520533685694,131.5252607691816,132.0823974609375,7599927
2023-02-22 00:00:00+05:30,132.210947410824,132.42522771456925,130.025285696896,131.65382385253906,9599697
2023-02-23 00:00:00+05:30,131.73952471403385,133.8823276959753,131.3538227930107,132.5537872314453,18675946
2023-02-24 00:00:00+05:30,133.52166405954668,136.68923444218873,131.76190571938793,136.3812713623047,14648507
2023-02-27 00:00:00+05:30,135.5013779595662,137.30513275394608,134.6214988819067,136.60122680664062,11904749
2023-02-28 00:00:00+05:30,135.63335198766717,136.7771974530294,133.037711440888,133.78561401367188,17607584
2023-03-01 00:00:00+05:30,133.7416125208022,136.46924288335816,133.60963603669626,136.2052764892578,7707977
2023-03-02 00:00:00+05:30,135.94132255316333,136.42525874904834,134.313540828611,135.54537963867188,8219892
2023-03-03 00:00:00+05:30,135.50138946483742,136.99718133868677,135.01745324585633,135.7213592529297,8260104
2023-03-06 00:00:00+05:30,136.11727717037513,140.5166721236897,135.10542170146795,139.1968536376953,14491522
2023-03-08 00:00:00+05:30,137.7450682820611,139.7687927869312,137.61307836872177,139.24085998535156,7339476
2023-03-09 00:00:00+05:30,139.94475261237366,140.0327324536831,137.30511570711374,137.52508544921875,5314022
2023-03-10 00:00:00+05:30,136.90920141533294,137.87706042695473,135.6773625470547,137.08517456054688,4689681
2023-03-13 00:00:00+05:30,137.4371208509747,139.0209060096808,136.55724169901472,137.08517456054688,8785721
2023-03-14 00:00:00+05:30,137.08516525995765,138.00904099201307,134.6654977562308,134.88546752929688,7177342
2023-03-15 00:00:00+05:30,135.50136198818169,135.89730484128128,133.5656309306709,134.2255401611328,9832270
2023-03-16 00:00:00+05:30,133.03770823976456,134.97343944370635,130.2220979953139,133.91758728027344,18551936
2023-03-17 00:00:00+05:30,135.06145735340155,136.2932828644442,133.6976419066743,134.7534942626953,16593429
2023-03-20 00:00:00+05:30,134.62151270802624,135.63336838090024,133.38968724314566,134.00559997558594,8749355
2023-03-21 00:00:00+05:30,134.75348645066123,135.28141931101158,132.8177550058606,133.34568786621094,6148489
2023-03-22 00:00:00+05:30,134.0935770881685,134.44553680369884,132.72977514639578,133.34568786621094,4329409
2023-03-23 00:00:00+05:30,132.9497494610958,134.75349103928463,132.24584343195605,134.44554138183594,4484564
2023-03-24 00:00:00+05:30,134.35753746515076,134.79747702032537,130.92601430514463,131.4539337158203,8301726
2023-03-27 00:00:00+05:30,131.58591534965788,134.13755923859347,131.3219489480017,132.2018280029297,7437261
2023-03-28 00:00:00+05:30,132.20182216067568,132.20182216067568,129.03425233256038,129.5181884765625,8964539
2023-03-29 00:00:00+05:30,129.56219123558077,132.72976121339366,128.9022819423605,131.40994262695312,24012834
2023-03-31 00:00:00+05:30,132.06986396416548,134.6215080936232,132.02586732209411,132.90574645996094,7998472
2023-04-03 00:00:00+05:30,135.9413230269387,138.88892342732856,134.70949763847446,135.19342041015625,20016785
2023-04-05 00:00:00+05:30,137.92103254503238,138.44896531268915,134.22554344909906,134.5334930419922,15880397
2023-04-06 00:00:00+05:30,134.79744267346607,135.01741239500433,132.33377910706034,132.509765625,10670936
2023-04-10 00:00:00+05:30,132.59776286097053,138.58094275725503,131.9818502450048,138.27297973632812,17431401
2023-04-11 00:00:00+05:30,138.22901682245833,140.16474822508826,137.61309069017105,139.9447784423828,13305621
2023-04-12 00:00:00+05:30,139.90077857091006,139.94477521161343,137.78907407604467,138.7129364013672,7333339
2023-04-13 00:00:00+05:30,139.15288378403295,141.22060518039493,139.02090728038877,139.68081665039062,11610851
2023-04-17 00:00:00+05:30,139.98875072912006,141.17657929353922,139.02087848324868,140.91261291503906,9358885
2023-04-18 00:00:00+05:30,140.9126202954415,141.26457996050513,140.2527110275717,140.86863708496094,8008560
2023-04-19 00:00:00+05:30,139.28485215689574,141.17658668776713,139.06488240093915,140.86863708496094,11374283
2023-04-20 00:00:00+05:30,140.42871697625958,140.8686565489598,139.46084454596303,140.0327606201172,5733670
2023-04-21 00:00:00+05:30,139.81278482149375,140.6486807143909,139.636811685159,140.4287109375,3512214
2023-04-24 00:00:00+05:30,140.42870956637523,141.44056515983783,140.16474315150555,141.00062561035156,7028440
2023-04-25 00:00:00+05:30,140.95662667715956,142.36443858296934,140.78065354540567,141.35256958007812,10169778
2023-04-26 00:00:00+05:30,140.78067054592475,142.18848262174038,140.56070074819672,141.7925262451172,9177783
2023-04-27 00:00:00+05:30,140.95663775760042,141.5725504800999,140.4287183208396,140.8246612548828,6456825
2023-04-28 00:00:00+05:30,140.6046682748173,140.6046682748173,136.24926986694916,139.8567657470703,12656744
2023-05-02 00:00:00+05:30,140.34070107563085,145.004062479936,140.20872459544475,144.52012634277344,16612560
2023-05-03 00:00:00+05:30,143.33231482921323,143.72827120583642,141.52857322855635,141.7925262451172,8029435
2023-05-04 00:00:00+05:30,141.4845645816502,141.83651085780292,140.07675262525973,141.66053771972656,9929482
2023-05-05 00:00:00+05:30,141.70452599747534,142.49641178502762,140.51668389025787,141.04461669921875,5488707
2023-05-08 00:00:00+05:30,141.0446097389922,145.48800147982652,140.78064334753788,145.18003845214844,9699470
2023-05-09 00:00:00+05:30,145.18003939860887,146.49985793859622,144.65210661225854,145.40000915527344,7600834
2023-05-10 00:00:00+05:30,145.40002120418765,147.51172567280338,145.18005142929476,146.89581298828125,10901429
2023-05-11 00:00:00+05:30,146.14789759772606,148.39157815852022,146.14789759772606,146.98377990722656,7877677
2023-05-12 00:00:00+05:30,147.95166942695568,148.69957205320054,145.18005555489992,145.6199951171875,16373574
2023-05-15 00:00:00+05:30,145.619999268389,146.58787170336888,144.6521268334091,145.70799255371094,8559162
2023-05-16 00:00:00+05:30,148.0836380153778,148.25961112976074,146.71982288360596,147.81967163085938,12249266
2023-05-17 00:00:00+05:30,147.81969941143498,147.81969941143498,146.1479343717809,147.1597900390625,7360259
2023-05-18 00:00:00+05:30,147.3797296052785,148.2156119536831,146.05991113120137,146.3678741455078,7433090
2023-05-19 00:00:00+05:30,146.2359017742566,146.71983795794645,144.3001704653866,145.09205627441406,5969632
2023-05-22 00:00:00+05:30,144.38817382922403,146.41188513272502,144.38817382922403,145.70799255371094,7331865
2023-05-23 00:00:00+05:30,145.70797123505707,146.98379313021644,144.6961023054636,145.18003845214844,10119254
2023-05-24 00:00:00+05:30,145.1800431559857,146.45586509248173,144.87208011832956,146.27989196777344,6107980
2023-05-25 00:00:00+05:30,146.27990630735835,147.29176194303815,145.40002717167496,146.0599365234375,8077606
2023-05-26 00:00:00+05:30,146.10392477636344,147.29175348579884,142.80437820700516,144.0802001953125,14873707
2023-05-29 00:00:00+05:30,140.78063580974845,141.00060555320115,137.7010594014102,139.9007568359375,43253971
2023-05-30 00:00:00+05:30,140.5166726587143,142.2764306467405,138.3609718085598,139.76878356933594,16117505
2023-05-31 00:00:00+05:30,139.90078378364,140.25273007060125,132.02586813634272,136.29327392578125,83741017
2023-06-01 00:00:00+05:30,136.11729616444933,137.26114169710314,134.79747749428486,135.19342041015625,13982606
2023-06-02 00:00:00+05:30,136.38123015038144,136.38123015038144,134.97341853331318,136.1172637939453,9851058
2023-06-05 00:00:00+05:30,136.82120861789733,137.26114819544682,135.89733281986526,136.73321533203125,11850547
2023-06-06 00:00:00+05:30,136.82120214038167,137.17314841540292,134.79747749428486,135.19342041015625,8118800
2023-06-07 00:00:00+05:30,135.14941502335125,135.94130072518172,134.22553942062393,135.369384765625,12180164
2023-06-08 00:00:00+05:30,135.94132438659378,137.83305912906096,135.67735796474278,137.34913635253906,13850599
2023-06-09 00:00:00+05:30,137.87706049105583,138.05303363635159,135.3254163195417,135.7213592529297,11764248
2023-06-12 00:00:00+05:30,136.24927407039226,136.60122031437336,134.2695462397492,136.4252471923828,11017643
2023-06-13 00:00:00+05:30,136.55722788322169,137.4371069461624,135.72134545860578,136.9531707763672,10073644
2023-06-14 00:00:00+05:30,137.34911255964656,139.37282344952823,137.12914281719094,138.88890075683594,9695952
2023-06-15 00:00:00+05:30,138.58095990514676,138.9329061789944,137.43711437630728,138.7129364013672,7426254
2023-06-16 00:00:00+05:30,139.2408552473518,139.59280148583647,137.56909047571682,138.14100646972656,11466647
2023-06-19 00:00:00+05:30,138.9329200498477,139.41685629412098,137.70109454250758,138.84494018554688,4718221
2023-06-20 00:00:00+05:30,138.62495885436707,138.84492863565742,137.7450797292056,138.36099243164062,6059738
2023-06-21 00:00:00+05:30,138.14100902506908,141.26458229648247,137.78906278007406,140.9566192626953,8284206
2023-06-22 00:00:00+05:30,140.95661450794046,141.61652376446256,138.5809438696386,139.8567657470703,10629027
2023-06-23 00:00:00+05:30,139.90077575725513,139.90077575725513,136.7332056527728,138.0530242919922,8722650
2023-06-26 00:00:00+05:30,138.14101757162928,139.24086643764542,137.1291619852502,138.0530242919922,4273205
2023-06-27 00:00:00+05:30,139.76877972665844,139.76877972665844,138.44896127192467,138.88890075683594,9730174
2023-06-28 00:00:00+05:30,138.88890914644122,140.91262015856546,137.7450637314003,139.50482177734375,40243993
2023-06-30 00:00:00+05:30,141.6605293590804,141.6605293590804,139.85677459200127,141.04461669921875,7840112
2023-07-03 00:00:00+05:30,141.04461319450286,143.6402536846371,140.78064679658152,143.33229064941406,9548822
2023-07-04 00:00:00+05:30,142.9803321588546,143.33227837535213,140.78063474102606,141.83648681640625,5394282
2023-07-05 00:00:00+05:30,142.5404177477709,144.6521222699745,141.968501688892,143.24432373046875,8795342
2023-07-06 00:00:00+05:30,143.24432007759654,145.88395737598262,143.02435030273102,145.53199768066406,9845699
2023-07-07 00:00:00+05:30,145.61998765111335,146.0599271908448,143.2443168217413,143.8602294921875,7597171
2023-07-10 00:00:00+05:30,144.2121729340559,145.53199152744585,142.9803476172475,143.2003173828125,5437687
2023-07-11 00:00:00+05:30,143.64025241521776,145.26803399977322,143.3322893827164,144.82809448242188,6343183
2023-07-12 00:00:00+05:30,146.01594214016725,148.69957623069214,145.4000294208395,147.51173400878906,15614026
2023-07-13 00:00:00+05:30,148.3915964123584,148.96352585039253,147.11577447503433,147.64370727539062,11350009
2023-07-14 00:00:00+05:30,148.6995401537401,149.3594493556058,147.99563431990592,148.9195098876953,9448062
2023-07-17 00:00:00+05:30,147.64371931918436,148.17163873671598,146.19191071272007,146.41188049316406,4968847
2023-07-18 00:00:00+05:30,146.41186711992103,147.9516554423849,146.10391751096148,146.851806640625,4322257
2023-07-19 00:00:00+05:30,147.11577626616685,147.77568556170218,146.14791735491508,146.71983337402344,5968174
2023-07-20 00:00:00+05:30,146.93981055555957,147.90768294155086,146.05993145043647,147.11578369140625,5217131
2023-07-21 00:00:00+05:30,147.24775956831164,150.45931262533924,146.49985702993558,150.06336975097656,7842863
2023-07-24 00:00:00+05:30,151.03123609007648,151.55916889926846,149.79941076981396,150.45932006835938,8451631
2023-07-25 00:00:00+05:30,151.33917624412933,152.52701817221424,150.7232636771504,152.21905517578125,10480578
2023-07-26 00:00:00+05:30,152.96697854797128,153.36292143616095,151.33919693154965,152.17507934570312,9103949
2023-07-27 00:00:00+05:30,152.61502109176334,152.79099421953097,150.1953536637634,150.45932006835938,7731146
2023-07-28 00:00:00+05:30,150.1953509425815,153.93483689992172,148.61156596958907,151.16322326660156,9004252
2023-07-31 00:00:00+05:30,152.04310670805992,156.17853567165258,150.8112679486373,155.7825927734375,9277749
2023-08-01 00:00:00+05:30,154.2428144785037,155.73860631727695,153.36293534676767,155.47463989257812,5584773
2023-08-02 00:00:00+05:30,155.73860354022992,157.1903987113507,153.09896619209042,154.81472778320312,8975495
2023-08-03 00:00:00+05:30,154.1987986075757,154.6827347548599,150.89925227503127,151.42718505859375,6152393
2023-08-04 00:00:00+05:30,152.5270233154297,153.4948821173508,151.42717461377785,152.5270233154297,4605271
2023-08-07 00:00:00+05:30,153.36292143616095,153.5388945613687,151.42719020709796,152.17507934570312,2240015
2023-08-08 00:00:00+05:30,152.13106704212504,152.92296616284685,151.8671140944386,152.5270233154297,3631238
2023-08-09 00:00:00+05:30,152.52704424740543,155.95856729712756,152.483047608124,155.65060424804688,4852294
2023-08-10 00:00:00+05:30,156.706445971769,158.15824086526774,155.6505804937111,157.19036865234375,10430692
2023-08-11 00:00:00+05:30,157.41035775008064,158.11426368006752,155.47462651203335,155.91456604003906,4112277
2023-08-14 00:00:00+05:30,158.37824274984638,158.774185671543,156.04656843527408,156.6184844970703,12876956
2023-08-16 00:00:00+05:30,155.12266078067438,157.89427408871322,154.68272130791345,157.54232788085938,8371665
2023-08-17 00:00:00+05:30,157.2343809335701,157.58634060324707,155.826582532528,156.39849853515625,5199363
2023-08-18 00:00:00+05:30,156.75144271098097,156.75144271098097,153.6631788869579,154.6779022216797,6734650
2023-08-21 00:00:00+05:30,154.67788987790908,155.560250900072,153.79552885574617,155.33966064453125,3599820
2023-08-22 00:00:00+05:30,155.33967419002641,156.97203414511182,154.94261438818194,155.4279022216797,5348036
2023-08-23 00:00:00+05:30,156.17791174212073,156.35438126602617,154.4131895755431,154.8543701171875,6379611
2023-08-24 00:00:00+05:30,154.85435534835963,155.9131858545707,152.47198334344463,152.7366943359375,7976333
2023-08-25 00:00:00+05:30,152.7367135781471,154.63378457978368,152.5161233005725,154.1484832763672,4757915
2023-08-28 00:00:00+05:30,154.50141736349704,155.1190673742549,154.0161161179871,154.5896453857422,4354221
2023-08-29 00:00:00+05:30,154.94260998355014,155.38379052056052,154.36906720717974,155.0308380126953,4596468
2023-08-30 00:00:00+05:30,155.0308456820281,156.08967633048076,154.4131955924109,155.07496643066406,5937955
2023-08-31 00:00:00+05:30,155.11906595465106,155.29553546128682,152.69257321306847,153.6631622314453,15823452
2023-09-01 00:00:00+05:30,153.88378072178512,163.01622410161622,153.88378072178512,160.369140625,22460960
2023-09-04 00:00:00+05:30,162.22208100454455,162.75148954511545,160.4132381974653,161.42794799804688,10998180
2023-09-05 00:00:00+05:30,161.91324174504538,164.1191442211359,160.94263927006145,161.560302734375,13506519
2023-09-06 00:00:00+05:30,163.14854940588455,164.78092270033466,160.8985395456437,161.5161895751953,11954407
2023-09-07 00:00:00+05:30,163.23681439133424,163.4132839303561,159.70736975584595,160.369140625,11137801
2023-09-08 00:00:00+05:30,161.0308939814024,163.19267589278402,160.5897134499465,162.75149536132812,9737214
2023-09-11 00:00:00+05:30,163.63387049306144,164.07505106244892,160.85443829142537,161.8250274658203,10845871
2023-09-12 00:00:00+05:30,163.1044314677604,163.14853874546282,159.00144485943954,159.6190948486328,15524470
2023-09-13 00:00:00+05:30,160.50146749840684,162.97208109866287,159.6191064600126,162.2661895751953,10578786
2023-09-14 00:00:00+05:30,163.01620706364207,166.67800010473624,162.53090578423212,165.79563903808594,17746404
2023-09-15 00:00:00+05:30,169.14862974691906,169.14862974691906,163.7662348106644,164.6927032470703,19924829
2023-09-18 00:00:00+05:30,163.94267406182206,165.44268504682793,163.3250240637326,164.78091430664062,5022956
2023-09-20 00:00:00+05:30,164.5162166584249,167.2074205795016,164.29562639380813,166.0603485107422,12687099
2023-09-21 00:00:00+05:30,166.2368122015131,166.28093294564184,164.1632718650695,164.73680114746094,7814108
2023-09-22 00:00:00+05:30,164.64859973864878,165.6191889475746,163.23681648087654,163.32505798339844,7814821
2023-09-25 00:00:00+05:30,164.11917435062543,164.73682446456877,163.45740348630838,163.67799377441406,5540062
2023-09-26 00:00:00+05:30,164.11916760725282,166.01623862150922,163.4573967701268,165.66329956054688,12446655
2023-09-27 00:00:00+05:30,167.0309497823613,167.0309497823613,164.38386662721695,165.22210693359375,5630907
2023-09-28 00:00:00+05:30,166.67801102560995,167.20743308579281,164.56034971240297,165.39859008789062,14890642
2023-09-29 00:00:00+05:30,166.3250603948976,169.6339143815335,166.01622863730705,169.28097534179688,10085766
2023-10-03 00:00:00+05:30,167.03095985688586,167.03095985688586,162.04561153574778,162.8838653564453,22118500
2023-10-04 00:00:00+05:30,162.75147577745153,162.88383799921797,160.6779356073746,161.25146484375,9360058
2023-10-05 00:00:00+05:30,159.92794922374048,162.35444224644553,159.70735894894912,160.7661895751953,11128340
2023-10-06 00:00:00+05:30,161.91325880731517,161.91325880731517,159.35441705090585,160.1044158935547,5759904
2023-10-09 00:00:00+05:30,161.38382749472606,162.97208004633234,159.92793717628084,160.3249969482422,14622727
2023-10-10 00:00:00+05:30,160.85440805067412,162.79559949828104,160.63381780745152,161.91323852539062,11819690
2023-10-11 00:00:00+05:30,162.7073979707788,162.97210902040177,161.2515073934974,161.69268798828125,8499601
2023-10-12 00:00:00+05:30,161.6485440326884,163.10444786474966,161.47207451285828,162.75149536132812,8677885
2023-10-13 00:00:00+05:30,162.79563574686287,164.33976779324232,162.3985759134036,163.14857482910156,7435899
2023-10-16 00:00:00+05:30,165.8397617926887,166.06035206202287,164.33975065396854,164.60446166992188,12376549
2023-10-17 00:00:00+05:30,165.00152301148282,165.0456437585163,163.72210213008194,164.33975219726562,4381065
2023-10-18 00:00:00+05:30,165.88389461110492,165.92801536093486,164.163293077838,164.95741271972656,10181113
2023-10-19 00:00:00+05:30,164.11913911600752,164.69266835644663,163.28089889391964,164.38385009765625,9148124
2023-10-20 00:00:00+05:30,165.00151530758959,165.26622631366948,163.36914198989777,164.29562377929688,7912216
2023-10-23 00:00:00+05:30,164.07505084301877,164.07505084301877,162.5309188522277,163.10446166992188,4723090
2023-10-25 00:00:00+05:30,163.10444957906168,163.98681065124754,161.47207621001323,162.66326904296875,6812004
2023-10-26 00:00:00+05:30,161.9132387670763,162.48676801480718,158.7367338744253,159.6190948486328,8474867
2023-10-27 00:00:00+05:30,159.70735087930268,163.94268663404748,159.08970083384767,163.01620483398438,6422123
2023-10-30 00:00:00+05:30,163.23677785135078,166.9426911963052,162.88383885231124,166.58975219726562,7352638
2023-10-31 00:00:00+05:30,166.94269911385908,167.47212110128697,162.53089409782814,164.25149536132812,9404675
2023-11-01 00:00:00+05:30,164.25149988956622,166.58976469078232,163.28091083753756,164.73680114746094,9167869
2023-11-02 00:00:00+05:30,165.00151530758959,165.5750446009618,163.89856400205755,164.29562377929688,11471209
2023-11-03 00:00:00+05:30,164.69267535083682,168.22211935268714,163.94267657869986,167.64859008789062,7464912
2023-11-06 00:00:00+05:30,167.82508465059135,171.35452917936828,167.25155530017005,170.56040954589844,8962124
2023-11-07 00:00:00+05:30,170.64863750235517,174.7075040940864,169.72216908498737,170.47216796875,13921916
2023-11-08 00:00:00+05:30,170.91334353341762,173.42807807093368,169.67804337056597,172.36924743652344,10186886
2023-11-09 00:00:00+05:30,173.38393453781427,173.5604040430651,169.58977958800065,170.0309600830078,5303833
2023-11-10 00:00:00+05:30,170.03097006403829,173.38394471566855,170.03097006403829,172.85452270507812,6025889
2023-11-13 00:00:00+05:30,172.85453968009656,174.08985333820002,171.2663004198758,172.7663116455078,11181086
2023-11-15 00:00:00+05:30,175.14866011005296,179.1192846465529,174.39864786765435,176.03102111816406,19769385
2023-11-16 00:00:00+05:30,178.6781206510467,179.47224024621332,177.3545790165945,178.0604705810547,18629240
2023-11-17 00:00:00+05:30,177.2222270037304,177.57516604763725,172.54571062127636,173.25160217285156,13199928
2023-11-20 00:00:00+05:30,174.707513586376,175.14869417624058,173.82515240664682,174.57516479492188,6423265
2023-11-21 00:00:00+05:30,175.3930407151903,176.2563715619382,173.57549625182045,173.7572479248047,10720353
2023-11-22 00:00:00+05:30,173.75723689093488,174.34794712407728,172.4395200120217,173.5754852294922,7538825
2023-11-23 00:00:00+05:30,173.5754610171342,174.25704005254178,172.3031856977444,173.25738525390625,6541617
2023-11-24 00:00:00+05:30,173.43918754636073,174.34795978633795,170.98549140501106,171.62164306640625,5751331
2023-11-28 00:00:00+05:30,171.62161822332456,176.71073371046398,171.21265968112246,176.25634765625,9277764
2023-11-29 00:00:00+05:30,177.66495545705158,177.66495545705158,174.21161851113234,174.4842529296875,8791333
2023-11-30 00:00:00+05:30,175.07495186448375,177.8012683567421,174.52969688608977,177.16513061523438,14965403
2023-12-01 00:00:00+05:30,177.43775820039312,180.16407458759505,176.52898607132582,176.80162048339844,9935740
2023-12-04 00:00:00+05:30,178.57371331707492,187.11616530309556,178.16476865534995,183.61740112304688,28615290
2023-12-05 00:00:00+05:30,183.75371138803473,185.34406252444634,180.98195377693648,183.61740112304688,14557746
2023-12-06 00:00:00+05:30,185.1623430911761,185.1623430911761,180.93655774034067,183.52655029296875,12662213
2023-12-07 00:00:00+05:30,182.5723357223747,182.5723357223747,178.164798720606,180.75479125976562,16425880
2023-12-08 00:00:00+05:30,181.618133549064,182.02707827434054,176.39269328880098,178.07391357421875,10414387
2023-12-11 00:00:00+05:30,179.07354786750906,182.5268846746488,176.5289831745239,179.755126953125,10108266
2023-12-12 00:00:00+05:30,178.98266571718472,179.75512756354405,176.8016181825121,177.57406616210938,10719911
2023-12-13 00:00:00+05:30,177.5740800753675,177.5740800753675,174.52970156413602,175.5293426513672,10892122
2023-12-14 00:00:00+05:30,178.02847218990723,178.39198939763585,175.6202313557958,178.07391357421875,15257294
2023-12-15 00:00:00+05:30,179.25531164093417,183.52653809299295,178.89180831739156,182.70864868164062,22863981
2023-12-18 00:00:00+05:30,182.70865844029828,183.25391345473483,179.3462039842668,180.84567260742188,8061011
2023-12-19 00:00:00+05:30,183.5719790131091,184.9805786551266,181.11829691846467,182.02706909179688,16739742
2023-12-20 00:00:00+05:30,183.34477405239878,192.65968822358633,182.6177535876366,184.66249084472656,57762576
2023-12-21 00:00:00+05:30,185.34408053971353,187.88864537865365,182.84495708244,184.1626739501953,22823936
2023-12-22 00:00:00+05:30,185.38951181375944,185.8438978721265,183.3902159302968,185.3440704345703,9910694
2023-12-26 00:00:00+05:30,185.843907964521,189.47899662886374,185.07144607664307,188.4339141845703,17052969
2023-12-27 00:00:00+05:30,190.38777359386975,190.7512769227614,185.84391264890868,186.79812622070312,20361303
2023-12-28 00:00:00+05:30,187.66146369803744,189.84251148244718,186.61638119025017,189.29725646972656,22010872
2023-12-29 00:00:00+05:30,189.02459436959995,189.02459436959995,185.61669903841727,186.34371948242188,12171663
2024-01-01 00:00:00+05:30,187.207075173702,188.20673015094658,186.07110991172567,186.6163787841797,4820168
2024-01-02 00:00:00+05:30,186.61637544509819,191.52373974232432,185.07145162304252,188.16128540039062,21141219
2024-01-03 00:00:00+05:30,186.7526921779454,191.25111191690814,185.8439199532352,189.25181579589844,11650902
2024-01-04 00:00:00+05:30,191.29653333666968,195.74951122630532,190.20600955418362,195.06793212890625,31054419
2024-01-05 00:00:00+05:30,195.79494798435982,197.65793357996012,193.61390047087193,196.70372009277344,20743811
2024-01-08 00:00:00+05:30,198.11232065146734,200.65688534144408,197.2944312964,198.06687927246094,19310595
2024-01-09 00:00:00+05:30,200.8386472281967,201.24759192657578,196.24934504985595,196.88548278808594,11951525
2024-01-10 00:00:00+05:30,195.38602900709387,195.38602900709387,190.56953342565927,192.75059509277344,16500666
2024-01-11 00:00:00+05:30,194.4772463623437,194.4772463623437,191.61461954436953,192.5233917236328,12586419
2024-01-12 00:00:00+05:30,194.29549450457768,204.24654708415733,192.9777776193228,203.0196990966797,39228118
2024-01-15 00:00:00+05:30,207.65442740789572,213.97039080734368,204.15564923309293,212.1982879638672,57884916
2024-01-16 00:00:00+05:30,213.51601960378107,217.15110830141265,210.01725505236845,213.65234375,34505065
2024-01-17 00:00:00+05:30,211.0168797268717,215.60618162436762,209.65372157118549,210.8805694580078,26010955
2024-01-18 00:00:00+05:30,209.06304128920132,213.10707468796576,204.15566323219255,212.24374389648438,19232183
2024-01-19 00:00:00+05:30,214.47021819154008,220.42267829181867,213.56144608055897,219.96829223632812,26391844
2024-01-23 00:00:00+05:30,222.64917706740005,223.2398734190371,207.20005049537636,208.9267120361328,20282617
2024-01-24 00:00:00+05:30,209.92637183574655,213.56146052554303,207.29093808234924,212.97076416015625,14458601
2024-01-25 00:00:00+05:30,213.56146618934682,215.83339668072284,211.56217013028856,212.69813537597656,18291957
2024-01-29 00:00:00+05:30,219.01410075272665,231.6914702013679,217.2874391150744,229.46498107910156,54127939
2024-01-30 00:00:00+05:30,233.10005819403412,239.27969776619682,225.96619121721923,226.4660186767578,51491099
2024-01-31 00:00:00+05:30,227.60196989620562,231.1461894097595,223.83057122418936,229.23776245117188,33293192
2024-02-01 00:00:00+05:30,231.41883960353803,231.41883960353803,223.0581379771961,225.05743408203125,29758133
2024-02-02 00:00:00+05:30,227.19303349827655,236.2807548382076,226.28426136428345,233.78163146972656,30482663
2024-02-05 00:00:00+05:30,236.3261780765703,243.5963550170042,231.8277727347913,238.96163940429688,34001868
2024-02-06 00:00:00+05:30,241.14271366359708,248.45831892722777,236.46254228623243,247.4586639404297,36708949
2024-02-07 00:00:00+05:30,249.91235315449518,250.50304953342777,243.14198922108102,247.09515380859375,23756939
2024-02-08 00:00:00+05:30,248.14022685655937,250.50304001604567,244.5505934695646,248.23110961914062,25252940
2024-02-09 00:00:00+05:30,249.91234679331015,250.50304315720737,235.50830234960878,243.14198303222656,26743792
2024-02-12 00:00:00+05:30,238.0528735245664,242.27865843521923,233.3726748097051,234.37232971191406,30906374
2024-02-13 00:00:00+05:30,234.46321202978234,238.46180389753877,231.4642611955838,235.8263702392578,20711842
2024-02-14 00:00:00+05:30,234.4632115343162,245.05040139216467,232.64566725885638,244.32339477539062,36168962
2024-02-15 00:00:00+05:30,246.86791551940584,254.31985723214845,244.45967519522776,252.00247192382812,32831246
2024-02-16 00:00:00+05:30,253.70834241802245,256.3362557032985,249.2824039350327,253.29342651367188,27044984
2024-02-19 00:00:00+05:30,253.29343498143731,257.30442955473603,251.17265044372294,253.247314453125,15322964
2024-02-20 00:00:00+05:30,253.38563147077713,259.2408002402707,252.69407676901253,255.04537963867188,18968785
2024-02-21 00:00:00+05:30,254.4921360917332,259.1947137995758,250.4350207094618,251.67982482910156,16340579
2024-02-22 00:00:00+05:30,252.50965895288,254.49210997881434,247.57656351199873,253.29342651367188,16791453
2024-02-23 00:00:00+05:30,253.47779981975972,254.49208549854532,249.97393453605818,250.98822021484375,9464646
2024-02-26 00:00:00+05:30,250.711588077249,250.711588077249,246.93108397863486,248.82135009765625,8661999
2024-02-27 00:00:00+05:30,247.16162467389083,249.1441038810104,244.30322125228167,248.36033630371094,19582774
2024-02-28 00:00:00+05:30,248.95968820279427,249.2362988228022,243.98050006662487,245.04087829589844,9118196
2024-02-29 00:00:00+05:30,244.34930752433593,245.59411151130826,241.12205251929754,243.98048400878906,17179832
2024-03-01 00:00:00+05:30,245.73242814015234,251.6798096079475,245.73242814015234,249.46681213378906,12930057
2024-03-04 00:00:00+05:30,251.49539774283608,258.68755551508883,251.2648795047583,257.4427795410156,22280353
2024-03-05 00:00:00+05:30,258.18041024229075,262.74468232198956,255.09146042043417,261.63818359375,18544484
2024-03-06 00:00:00+05:30,262.145303019202,262.145303019202,252.2330197675102,258.4109191894531,16807149
2024-03-07 00:00:00+05:30,258.4109178087348,262.19142214497344,255.64469924164752,256.428466796875,11386963
2024-03-11 00:00:00+05:30,256.42848433107207,258.64145370817533,251.91033265710448,252.64797973632812,10684598
2024-03-12 00:00:00+05:30,252.64795907484336,254.1232812520715,248.08368724454405,249.3284912109375,13780189
2024-03-13 00:00:00+05:30,249.69733411536137,249.88175995412624,233.05392925610852,235.45132446289062,20079496
2024-03-14 00:00:00+05:30,232.82338909500572,243.74995773586517,231.62469160453404,242.7356719970703,21404057
2024-03-15 00:00:00+05:30,243.38113955402935,245.64020114860853,229.5039263040565,238.5863494873047,34961065
2024-03-18 00:00:00+05:30,238.77077648402576,242.55125266889334,237.4798519785848,241.21426391601562,9246173
2024-03-19 00:00:00+05:30,241.58310963585612,243.3811631198351,236.65001379212288,239.0474090576172,8758348
2024-03-20 00:00:00+05:30,239.23184029962422,243.9805104072389,237.15717614333724,243.28895568847656,10484778
2024-03-21 00:00:00+05:30,244.0726881132239,246.14735197015352,241.9058113458782,242.4590606689453,12163200
2024-03-22 00:00:00+05:30,242.45906140441244,244.57981765326838,238.3097336779668,242.7356719970703,13025089
2024-03-26 00:00:00+05:30,241.2603923862751,247.02334857809055,239.09351523026558,244.8103790283203,10830926
2024-03-27 00:00:00+05:30,244.34932180439276,247.2999663800677,239.41622609479498,241.3525848388672,28563001
2024-03-28 00:00:00+05:30,241.99802060276943,249.88173188430713,241.53698419707882,247.16160583496094,18888942
2024-04-01 00:00:00+05:30,247.1616065654315,250.34276902987003,246.93108836190493,248.86744689941406,6440401
2024-04-02 00:00:00+05:30,249.05186250772363,252.6940330904695,248.4525208310113,251.26483154296875,14439120
2024-04-03 00:00:00+05:30,253.6161834644351,257.2583833009944,252.50971267798525,253.892822265625,22600929
2024-04-04 00:00:00+05:30,256.93562667931474,256.93562667931474,244.6720674714752,248.03762817382812,24624383
2024-04-05 00:00:00+05:30,246.97721457881252,250.7115983062448,245.7324106231918,247.06942749023438,13029904
2024-04-08 00:00:00+05:30,246.70057797953578,250.80381338816565,245.8246256620219,249.3284912109375,13011300
2024-04-09 00:00:00+05:30,248.9596813962719,251.4031689376453,247.11553560815136,247.99151611328125,13173933
2024-04-10 00:00:00+05:30,248.91357964308426,251.91031643604134,248.17590447192882,250.80381774902344,11137195
2024-04-12 00:00:00+05:30,250.71160099216544,251.2648503271939,244.34930398791334,244.99476623535156,21894584
2024-04-15 00:00:00+05:30,248.12980094692458,260.90051510386536,246.28565531095995,258.0420837402344,75063828
2024-04-16 00:00:00+05:30,255.41418783416157,269.75240986655234,253.80056029369302,261.0849304199219,79082544
2024-04-18 00:00:00+05:30,263.7128392123782,265.28037433759465,252.0486231058707,252.78627014160156,34136482
2024-04-19 00:00:00+05:30,255.18367698731797,258.91806100453033,252.7401894118931,253.80056762695312,32658724
2024-04-22 00:00:00+05:30,255.69078800823397,256.3362502538538,252.4174406726348,255.22975158691406,14184019
2024-04-23 00:00:00+05:30,255.27587211270406,257.02780488583363,254.07716053361438,255.22975158691406,8799147
2024-04-24 00:00:00+05:30,255.96745753634684,258.54925055054355,254.76874581305785,257.5810852050781,9253985
2024-04-25 00:00:00+05:30,257.5810897579026,260.5778269099432,256.33628562070663,259.9784851074219,17050557
2024-04-26 00:00:00+05:30,260.9466135465903,263.8511373627742,260.2089665308525,260.8544006347656,11070290
2024-04-29 00:00:00+05:30,261.822627716644,263.0213113064389,260.1628795083508,261.1310729980469,8952420
2024-04-30 00:00:00+05:30,262.32970301655223,264.03554326862275,259.5173923243427,260.80828857421875,10658906
2024-05-02 00:00:00+05:30,259.1024870532299,262.4219551487021,257.30443362751475,260.76220703125,15677336
2024-05-03 00:00:00+05:30,261.8686647626514,270.121227249499,261.8686647626514,263.8050231933594,28913016
2024-05-06 00:00:00+05:30,266.20243568082395,266.24852806627575,253.80054493590444,260.162841796875,15491865
2024-05-07 00:00:00+05:30,261.7764678128427,262.7907535421192,250.8038068893208,252.2791290283203,13179001
2024-05-08 00:00:00+05:30,252.18694424746695,258.41093647295287,251.1265660147151,255.27589416503906,12797721
2024-05-09 00:00:00+05:30,255.64470866038818,256.8433921611837,242.68959581632865,244.579833984375,14869187
2024-05-10 00:00:00+05:30,246.1934789609953,250.06619662739107,243.84220418174795,249.19021606445312,9530738
2024-05-13 00:00:00+05:30,250.71159084625336,250.71159084625336,241.62916806033053,246.10122680664062,7163239
2024-05-14 00:00:00+05:30,247.0694383981003,253.24730978409497,245.68632908399883,251.63368225097656,9123849
2024-05-15 00:00:00+05:30,253.10898856748742,254.49209779463217,251.26484293129442,252.1408233642578,6368662
2024-05-16 00:00:00+05:30,254.49210472371232,257.5810543763245,252.46353321289624,256.0135192871094,23757779
2024-05-17 00:00:00+05:30,257.07389262480564,261.31543325215586,255.04534929132822,255.82911682128906,11529157
2024-05-21 00:00:00+05:30,259.19471701124826,261.86872299137195,256.65901634847967,258.27264404296875,17559555
2024-05-22 00:00:00+05:30,261.8686795680643,261.8686795680643,255.32195695097687,256.33624267578125,17935064
2024-05-23 00:00:00+05:30,258.13431714643474,262.37582993439673,257.3505495610308,261.361572265625,17719819
2024-05-24 00:00:00+05:30,261.86873982926966,263.6667934888012,259.8862884478859,261.17718505859375,11041667
2024-05-27 00:00:00+05:30,261.86868746932714,262.05311329373956,254.21549412652377,256.0135192871094,13719808
2024-05-28 00:00:00+05:30,257.53497120802194,257.53497120802194,251.77201510204728,252.9246063232422,6927361
2024-05-29 00:00:00+05:30,252.46353727447277,252.46353727447277,249.19018988421732,250.66551208496094,8327205
2024-05-30 00:00:00+05:30,251.72588728109332,253.6622458880647,244.34930450362538,245.91683959960938,15390964
2024-05-31 00:00:00+05:30,247.53045839225086,247.53045839225086,242.5051502957498,243.7499542236328,24167379
2024-06-03 00:00:00+05:30,256.2901644817251,264.2199686215322,251.910318366153,261.9609069824219,30195397
2024-06-04 00:00:00+05:30,262.79076371239165,262.79076371239165,205.6222466942573,217.8858184814453,72779900
2024-06-05 00:00:00+05:30,227.75199153399225,230.28769184459338,212.49168321443156,228.21302795410156,37078551
2024-06-06 00:00:00+05:30,234.20652876584097,239.27792997927452,229.82668226333016,232.63900756835938,30881233
2024-06-07 00:00:00+05:30,233.74547556970543,240.4765963520349,232.17795448436453,240.10777282714844,22010688
2024-06-10 00:00:00+05:30,243.42724410188762,243.42724410188762,237.94089912487925,238.95518493652344,14138524
2024-06-11 00:00:00+05:30,246.05514575383424,253.57003385660764,244.57982356532793,252.23301696777344,47270206
2024-06-12 00:00:00+05:30,256.33629518152367,257.35058111408574,253.20125259496035,254.03111267089844,20560662
2024-06-13 00:00:00+05:30,256.3362539574641,256.3362539574641,251.26485324967254,254.99923706054688,16013386
2024-06-14 00:00:00+05:30,255.41418022458677,256.5206789037145,253.2012110057616,253.93885803222656,10642648
2024-06-18 00:00:00+05:30,257.2122301825579,257.25832256882336,252.64795836508097,254.30767822265625,17044769
2024-06-19 00:00:00+05:30,254.39989274986664,255.04535499826076,249.97395434194456,250.3888702392578,13361607
2024-06-20 00:00:00+05:30,250.61939155840085,252.64796310185216,248.12981172536206,250.66551208496094,12826509
2024-06-21 00:00:00+05:30,250.29669570728962,253.3395249698078,247.94539296858804,248.63694763183594,17406416
2024-06-24 00:00:00+05:30,248.63692869588746,250.11225082634343,245.8246178686348,248.86744689941406,7282347
2024-06-25 00:00:00+05:30,249.05189782631328,249.69733197760004,244.34932037239216,246.19346618652344,14425434
2024-06-26 00:00:00+05:30,246.1012574123231,248.1759214881585,243.51946448483423,246.88502502441406,10650910
2024-06-27 00:00:00+05:30,246.56226707034716,247.20772930176875,242.96618869104117,246.65447998046875,22830930
2024-06-28 00:00:00+05:30,248.0376221509972,253.98500390072562,247.43828036476432,252.83241271972656,19532912
2024-07-01 00:00:00+05:30,253.57006313487906,254.30771024458898,250.4350207094618,251.67982482910156,11750972
2024-07-02 00:00:00+05:30,251.91030241355753,257.99596043510877,250.34276738411012,253.4317169189453,24470518
2024-07-03 00:00:00+05:30,254.49210997881434,256.05964510039814,252.6479642543302,253.29342651367188,9125400
2024-07-04 00:00:00+05:30,253.57002806890307,257.1661064754489,251.77197479591538,255.46026611328125,13444669
2024-07-05 00:00:00+05:30,255.64471491585218,266.7556822524545,254.95316023167945,265.7414245605469,39781962
2024-07-08 00:00:00+05:30,267.40117236877313,279.3881214749595,264.9576845250145,275.838134765625,53136198
2024-07-09 00:00:00+05:30,277.35952111378845,278.32771455658354,270.4900947921511,274.2705993652344,18686252
2024-07-10 00:00:00+05:30,276.3452761077214,276.4374608917542,266.34077890945224,274.9160461425781,19278800
2024-07-11 00:00:00+05:30,276.62186282301064,283.2607987865353,272.14980374615243,281.001708984375,36020507
2024-07-12 00:00:00+05:30,282.89194036169425,287.45621224493203,280.4945734527515,283.1685791015625,31788101
2024-07-15 00:00:00+05:30,287.50230881826474,298.42887792555223,284.5977849136518,297.3684997558594,51435537
2024-07-16 00:00:00+05:30,298.3828165082808,302.0711083609433,294.83282997220647,297.5068359375,37468292
2024-07-18 00:00:00+05:30,299.76587632278677,307.3268564852634,296.58471387077583,305.8515625,48189915
2024-07-19 00:00:00+05:30,307.0502795845561,307.23470542266205,293.2652782993865,294.7406005859375,26579496
2024-07-22 00:00:00+05:30,295.06331731794614,298.1522670490046,289.99191655154397,295.80096435546875,22234557
2024-07-23 00:00:00+05:30,295.10941381402745,296.35421782917894,274.22446872224185,289.669189453125,37871058
2024-07-24 00:00:00+05:30,288.654902766881,300.3652395555961,287.7789504177604,294.64837646484375,28259305
2024-07-25 00:00:00+05:30,293.2652565900595,311.2456770365104,291.46723142907246,309.6320495605469,42054664
2024-07-26 00:00:00+05:30,310.2775203253417,312.121666062788,304.37625959339965,305.7593688964844,25703985
2024-07-29 00:00:00+05:30,307.7878982460858,313.08981699873914,304.975587380885,306.9580383300781,26721790
2024-07-30 00:00:00+05:30,306.1282236663593,311.8911796841748,305.2061507035088,306.0360107421875,19792253
2024-07-31 00:00:00+05:30,306.17428958854714,311.1535056690104,304.05353321311367,308.1567687988281,21393361
2024-08-01 00:00:00+05:30,311.4762090544415,317.83853446752727,310.8768673075449,315.118408203125,36044960
2024-08-02 00:00:00+05:30,311.6606210553535,311.6606210553535,303.0392343420605,304.3762512207031,22939377
2024-08-05 00:00:00+05:30,295.3860621292273,298.10616032806837,282.1543102525685,286.0731201171875,37986023
2024-08-06 00:00:00+05:30,290.26853836171074,297.32241857520586,281.3705404832162,282.24652099609375,28386636
2024-08-07 00:00:00+05:30,288.0555646274998,305.16003358618235,287.6867411001295,303.4541931152344,66110716
2024-08-08 00:00:00+05:30,303.36199624483436,303.36199624483436,296.6308750611325,297.5529479980469,23478224
2024-08-09 00:00:00+05:30,307.9262700887105,309.67820304978204,302.62435067475815,306.6353454589844,29814474
2024-08-12 00:00:00+05:30,306.8197191220308,317.83850015543777,304.1918060576379,314.70343017578125,34754596
2024-08-13 00:00:00+05:30,317.28528252698766,318.1151424882011,307.0041755788059,309.7242736816406,28943385
2024-08-14 00:00:00+05:30,309.67818913957757,310.27753089678157,301.3334125096603,302.5782165527344,17812763
2024-08-16 00:00:00+05:30,306.6352894474572,309.5859335772332,303.0392112601493,303.9151916503906,16584396
2024-08-19 00:00:00+05:30,308.8944403942438,312.3522139807465,307.55742335168935,309.1710510253906,19636518
2024-08-20 00:00:00+05:30,309.67817007001753,309.8164753686354,302.48598500815905,304.3762512207031,14972714
2024-08-21 00:00:00+05:30,304.88339772265863,305.6671653128857,301.0568008285285,302.1632995605469,11835143
2024-08-22 00:00:00+05:30,302.94702998816683,304.7450833392844,298.38278616825664,299.0743408203125,13387819
2024-08-23 00:00:00+05:30,301.4438929610406,301.815581369134,295.0786261746622,296.3330993652344,13229612
2024-08-26 00:00:00+05:30,300.6075711796782,305.81129369395705,299.957095231141,304.6497497558594,21346682
2024-08-27 00:00:00+05:30,306.0900780413105,309.01716333417653,302.9306839417407,305.5790100097656,20165503
2024-08-28 00:00:00+05:30,305.3930964384693,306.92632861406656,301.6761562028378,304.6032409667969,12446738
2024-08-29 00:00:00+05:30,303.0235562232364,306.78694684180795,301.95494158470404,306.27587890625,13799961
2024-08-30 00:00:00+05:30,307.0657842392757,310.73624627709455,306.22944986999306,307.34454345703125,19666466
2024-09-02 00:00:00+05:30,306.64759832656654,308.45961820533506,302.74479936829863,303.11651611328125,8975511
2024-09-03 00:00:00+05:30,303.8599148500878,304.7891500636967,298.88850078567896,299.39959716796875,10321111
2024-09-04 00:00:00+05:30,292.70903595027073,293.82412933518714,286.5760790492359,292.1514892578125,25397204
2024-09-05 00:00:00+05:30,294.52110285134853,294.52110285134853,288.20228658664547,289.36383056640625,15571640
2024-09-06 00:00:00+05:30,289.4567612942221,290.98999368405066,282.2087381652102,286.94781494140625,27946491
2024-09-09 00:00:00+05:30,286.85487259746463,286.85487259746463,273.7991030701184,277.74835205078125,30369085
2024-09-10 00:00:00+05:30,278.86347344711453,280.1643969820635,274.12436852308036,274.6819152832031,15618589
2024-09-11 00:00:00+05:30,271.7083853684453,271.7083853684453,263.2058883792523,265.1108093261719,44826300
2024-09-12 00:00:00+05:30,267.61968609600194,273.892022488877,266.22583356425196,273.2415466308594,21964895
2024-09-13 00:00:00+05:30,274.7748413735451,276.2151444927946,270.4538752997846,270.8255920410156,13672371
2024-09-16 00:00:00+05:30,273.9385296974618,274.49607649736873,270.73268522451133,271.8013000488281,10971110
2024-09-17 00:00:00+05:30,272.9163769165566,275.6111531998846,271.47604540860084,273.79913330078125,11873436
2024-09-18 00:00:00+05:30,276.5403885095827,276.72621852625593,267.5267961397389,269.8498840332031,13421760
2024-09-19 00:00:00+05:30,267.0621809896333,268.734821302942,262.50893434863883,265.0643310546875,17067311
2024-09-20 00:00:00+05:30,266.6905177487036,268.59543867513344,265.01790563564373,265.99359130859375,16585530
2024-09-23 00:00:00+05:30,267.9914165600686,275.425297897979,267.20156099631424,274.54254150390625,14621229
2024-09-24 00:00:00+05:30,275.3323774110826,280.62902937493845,273.8456237829195,278.2594909667969,16986759
2024-09-25 00:00:00+05:30,278.25951801794076,279.885679770089,275.70412097885065,277.5625915527344,10609614
2024-09-26 00:00:00+05:30,276.0292734196987,277.5625340117034,270.8720299895153,274.3102111816406,27812412
2024-09-27 00:00:00+05:30,271.9871429476858,277.33024512303865,269.19943746489304,276.168701171875,35706130
2024-09-30 00:00:00+05:30,275.98285847360637,280.44317615623913,272.96284402902984,276.5404052734375,16294341
2024-10-01 00:00:00+05:30,275.98284848417694,277.98069844975055,270.128678192867,271.29022216796875,10919818
2024-10-03 00:00:00+05:30,274.12440357228616,276.9121093713264,269.9892952938393,271.3831481933594,28124665
2024-10-04 00:00:00+05:30,275.9828510332875,278.49179738588396,272.45176865956626,274.356689453125,23104209
2024-10-07 00:00:00+05:30,275.05361161736516,275.33237082647724,261.5797015888118,268.9671325683594,20917962
2024-10-08 00:00:00+05:30,267.75908846750593,273.10219029398473,260.6968960339504,272.6840515136719,10572360
2024-10-09 00:00:00+05:30,270.63974734195597,271.24374453995887,266.5511182039279,268.0843505859375,13147475
2024-10-10 00:00:00+05:30,268.27019997618413,271.4760442387748,267.2015568639809,268.316650390625,7237212
2024-10-11 00:00:00+05:30,270.6862037968126,272.8699121995472,269.0135917714884,271.8477478027344,7011704
2024-10-14 00:00:00+05:30,271.98716083310717,272.17299086270924,264.97141789193114,266.22589111328125,12690951
2024-10-15 00:00:00+05:30,266.1329413280702,266.1329413280702,260.975697588004,263.6240234375,15087155
2024-10-16 00:00:00+05:30,262.9735461565548,266.9227955246302,260.78983789319415,265.2037048339844,18188885
2024-10-17 00:00:00+05:30,264.83203194722194,267.248049138342,261.0686407311751,261.6726379394531,13343303
2024-10-18 00:00:00+05:30,262.0443249259359,264.36741291286796,259.4424777237751,263.2523193359375,14028398
2024-10-21 00:00:00+05:30,261.25446750354723,263.90279346164766,255.12150958952716,257.0264587402344,10299773
2024-10-22 00:00:00+05:30,258.32739153355794,258.4667711451578,250.89350976280807,251.6368865966797,10028511
2024-10-23 00:00:00+05:30,250.89349404910055,254.98212309533642,246.29376864833105,251.683349609375,18823321
2024-10-24 00:00:00+05:30,252.6590370744408,253.17013343279154,249.3602635638427,250.05718994140625,7488521
2024-10-25 00:00:00+05:30,250.89347740913203,251.17223659638472,243.08790822800447,245.36451721191406,12961181
2024-10-28 00:00:00+05:30,242.2051496812348,246.2937788976151,237.2337498589319,244.71409606933594,13835091
2024-10-29 00:00:00+05:30,244.71408212907474,246.75838244180636,241.04359194779735,246.247314453125,9122757
2024-10-30 00:00:00+05:30,246.24729683532766,247.36239027740632,242.576806916656,243.1343536376953,11166643
2024-10-31 00:00:00+05:30,244.76053652653349,249.31378315854207,242.6697574075289,247.31593322753906,16173656
2024-11-01 00:00:00+05:30,250.70764857452113,254.61044780376756,249.63903375351572,252.51966857910156,2955757
2024-11-04 00:00:00+05:30,254.6104030091967,254.9356409474149,241.7404919300144,246.5260467529297,14355959
2024-11-05 00:00:00+05:30,246.43317767439288,249.5925715711401,244.94639573533334,248.47747802734375,11676017
2024-11-06 00:00:00+05:30,248.75625169196795,251.45102785455225,245.68975879688492,250.0106964111328,19244545
2024-11-07 00:00:00+05:30,251.35811688715194,251.35811688715194,246.06146500325858,246.4331817626953,6766663
2024-11-08 00:00:00+05:30,247.13009474319657,247.6411627226865,241.27589639573674,243.97067260742188,7836093
2024-11-11 00:00:00+05:30,243.78484767987416,243.78484767987416,237.88419879595145,238.7205047607422,8450657
2024-11-12 00:00:00+05:30,242.3909913191058,244.57469956410793,237.3266484758885,238.02357482910156,22445400
2024-11-13 00:00:00+05:30,238.0235828269876,238.7669879768644,231.37955704137673,234.6783447265625,17483332
2024-11-14 00:00:00+05:30,234.67834661716586,236.304508175738,231.37955890540456,233.05218505859375,12454540
2024-11-18 00:00:00+05:30,233.33096320157821,234.26019839683897,229.61402242053518,232.9127960205078,14636541
2024-11-19 00:00:00+05:30,238.0061149597168,243.1470412321505,235.24524983688025,236.10206604003906,17397559
2024-11-21 00:00:00+05:30,236.10207931646673,236.10207931646673,229.24750572553043,230.53273010253906,16189440
2024-11-22 00:00:00+05:30,233.055592486677,235.10243928055536,231.8179577739117,233.8172149658203,9637581
2024-11-25 00:00:00+05:30,236.5780903012673,248.00238440032248,236.05447391637907,245.52711486816406,31973671
2024-11-26 00:00:00+05:30,244.62269320368267,245.86031336301428,240.4337769221119,242.05221557617188,9242451
2024-11-27 00:00:00+05:30,242.76625251525502,243.24226477508887,238.52974630808217,242.09983825683594,11689970
2024-11-28 00:00:00+05:30,242.76624212503992,245.05109506375578,239.14854619978922,240.10057067871094,14202863
2024-11-29 00:00:00+05:30,241.62382478066104,246.24113496176076,240.14818387725632,244.38470458984375,11476347
2024-12-02 00:00:00+05:30,243.242254868179,245.90791179328698,240.57658341633027,245.1938934326172,13677959
2024-12-03 00:00:00+05:30,247.90718190177628,252.0009048145252,246.43155550107141,249.76364135742188,15345326
2024-12-04 00:00:00+05:30,251.19166611612027,251.62005970217587,247.5263660390761,248.1927947998047,10713838
2024-12-05 00:00:00+05:30,248.19280084757781,250.6204517214928,244.57509028522566,248.7639923095703,12896743
2024-12-06 00:00:00+05:30,248.28799302765256,250.38245867599355,247.0979623305233,247.573974609375,8783386
2024-12-09 00:00:00+05:30,247.57394829083873,248.8115975163742,245.3367140608537,246.4791259765625,6800856
2024-12-10 00:00:00+05:30,245.2891068767405,246.33633963855735,242.2902355092284,244.57508850097656,11318782
2024-12-11 00:00:00+05:30,245.1462906633934,246.28873160049824,243.38503965764,244.2894744873047,5353032
2024-12-12 00:00:00+05:30,245.62232560519672,246.19354612660302,241.43342353735503,241.86183166503906,7123877
2024-12-13 00:00:00+05:30,240.86218501778362,244.47986629389175,237.53009945429648,242.05221557617188,11143128
2024-12-16 00:00:00+05:30,241.81422333643295,244.00386806808655,239.14855182737602,239.7197723388672,7283872
2024-12-17 00:00:00+05:30,239.67218114526776,240.33859542681785,234.6740522435293,235.53086853027344,10066884
2024-12-18 00:00:00+05:30,235.53086255472988,235.62607081828236,231.722764440495,232.43678283691406,8430930
2024-12-19 00:00:00+05:30,228.48588021033848,232.24637408345208,227.1054475894159,230.24713134765625,9518542
2024-12-20 00:00:00+05:30,229.91392347411792,232.43678266220567,224.01137430683875,225.7250213623047,15556528
2024-12-23 00:00:00+05:30,226.81983548764072,230.6755375901555,225.4870070079585,229.29510498046875,7722901
2024-12-24 00:00:00+05:30,229.43790496536135,231.57996009470602,227.15305197142348,227.4862518310547,3577400
2024-12-26 00:00:00+05:30,228.48588608058014,230.38993513125163,227.53386155524439,228.72389221191406,6330006
2024-12-27 00:00:00+05:30,228.48587334959996,229.43789782188995,224.96338570747506,225.5345916748047,6487888
2024-12-30 00:00:00+05:30,224.72538690017998,225.62980727293,220.0604581181549,221.48849487304688,19401112
2024-12-31 00:00:00+05:30,221.48848337976725,228.39066067025018,221.20288766500158,227.7718505859375,12004845
2025-01-01 00:00:00+05:30,226.40095605004043,227.76235871128094,225.0110083411636,225.58221435546875,9418453
2025-01-02 00:00:00+05:30,225.67741377782576,234.9406082245302,225.62980964681364,234.26467895507812,19745810
2025-01-03 00:00:00+05:30,236.53049709241193,250.14445109443156,236.09257393336856,246.4696502685547,49760410
2025-01-06 00:00:00+05:30,246.67905374327898,247.05035724318864,239.38655712856234,242.15695190429688,19265884
2025-01-07 00:00:00+05:30,246.71713994320334,254.57134195929314,245.66990719702838,250.8489227294922,52956766
2025-01-08 00:00:00+05:30,253.66691986541244,260.3786804456356,253.0004911459878,258.3127746582031,42237794
2025-01-09 00:00:00+05:30,258.9792251781562,259.51235657718223,249.15432530442035,250.55380249023438,14706472
2025-01-10 00:00:00+05:30,251.33445315437856,253.71451426379502,246.06975914248855,250.40145874023438,13053552
2025-01-13 00:00:00+05:30,253.26706704464303,255.7137768904305,242.39494940687436,243.46121215820312,20416370
2025-01-14 00:00:00+05:30,245.1653406763327,249.43042092856328,244.49894095326943,247.8786163330078,8470150
2025-01-15 00:00:00+05:30,248.38319379398624,251.78192833519591,245.32720319101193,245.79368591308594,9344731
2025-01-16 00:00:00+05:30,247.5263715343044,252.88627415108513,247.5263715343044,250.55380249023438,14195450
2025-01-17 00:00:00+05:30,249.43041484076755,254.1905372613929,248.76398608048737,253.7811737060547,12148143
2025-01-20 00:00:00+05:30,255.23775535218454,257.4940486014768,252.2960033515331,256.4372863769531,9676264
2025-01-21 00:00:00+05:30,255.19018156361025,256.42783097160316,252.1056311669392,253.04812622070312,8989218
2025-01-22 00:00:00+05:30,253.2384935260662,253.60979699231964,249.15430066467536,251.3820343017578,7919682
2025-01-23 00:00:00+05:30,250.38243359163545,251.17260111183413,248.6402416091112,250.43002319335938,5026675
2025-01-24 00:00:00+05:30,250.37292740130957,252.89581570455817,243.48027894833274,244.20382690429688,6306281
2025-01-27 00:00:00+05:30,242.76624755599565,244.1371651605904,237.5396278201633,238.7487030029297,6944911
2025-01-28 00:00:00+05:30,238.0061146831672,240.29096757342944,234.8739606057025,236.7494354248047,8029472
2025-01-29 00:00:00+05:30,236.9588974380175,239.91017926346296,235.1500566590292,239.33895874023438,5651586
2025-01-30 00:00:00+05:30,239.91016049188553,246.9551355845226,238.90101690298383,244.40371704101562,12588155
2025-01-31 00:00:00+05:30,244.67982498190216,250.84892512094257,242.9661779839793,250.01113891601562,8850307
2025-02-01 00:00:00+05:30,247.09794239440333,249.90642623443048,241.57621202661613,245.1938934326172,10921673
2025-02-03 00:00:00+05:30,243.33745970341553,244.0514780540397,233.10319667780234,237.05409240722656,25719512
2025-02-04 00:00:00+05:30,240.29097060645853,245.14630121797683,239.910166628855,241.909423828125,8402532
2025-02-05 00:00:00+05:30,246.57432432984083,250.38242200288857,245.38429380701342,249.09718322753906,11590755
2025-02-06 00:00:00+05:30,250.0492279466901,250.33485272744562,242.09983212485471,243.86106872558594,12327998
2025-02-07 00:00:00+05:30,245.60883952368084,246.48272846163022,240.3170133050023,241.67637634277344,10098454
2025-02-10 00:00:00+05:30,241.72491450749848,242.35605895181928,234.78242933158523,235.41355895996094,7582536
2025-02-11 00:00:00+05:30,235.41355893631345,235.41355893631345,229.92754042576763,232.01513671875,6711630
2025-02-12 00:00:00+05:30,232.0636869348897,234.2483869164943,227.35443882594177,230.51011657714844,5985956
2025-02-13 00:00:00+05:30,231.5782151444474,232.50064113047085,227.4030074637692,228.13124084472656,10079210
2025-02-14 00:00:00+05:30,228.17977905273438,231.04416054999456,220.1692123413086,223.8103790283203,8065352
2025-02-17 00:00:00+05:30,223.5190720322103,227.50008667918382,218.51854261442514,226.8689422607422,6692422
2025-02-18 00:00:00+05:30,225.46104146542473,230.2673785966441,222.88795623014988,229.7333526611328,6170974
2025-02-19 00:00:00+05:30,229.15075087904518,231.8694915645279,227.6942842421021,231.38400268554688,6168581
2025-02-20 00:00:00+05:30,229.92753886486867,235.6077499289538,229.63624257072314,234.8795166015625,8929816
2025-02-21 00:00:00+05:30,234.87951657464382,235.99614989941617,231.1898129023734,232.93756103515625,5697387
2025-02-24 00:00:00+05:30,229.4420486969723,231.0441560818967,227.2087968756043,227.54864501953125,6883143
2025-02-25 00:00:00+05:30,228.17977905273438,229.83043832099065,225.80088644707575,226.23782348632812,5519036
2025-02-27 00:00:00+05:30,226.7233123779297,227.06316052842885,221.86842346191406,224.29586791992188,9664032
2025-02-28 00:00:00+05:30,223.3248979269995,223.81038683553646,216.67369395366495,218.71275329589844,17237276
2025-03-03 00:00:00+05:30,218.22726087696182,219.4409831287803,212.0227133183036,218.5962371826172,11928529
2025-03-04 00:00:00+05:30,213.71222355617473,221.14019793360353,209.22629596452265,220.17892456054688,12428265
2025-03-05 00:00:00+05:30,220.52846763378471,224.53861058776263,220.17891504196163,222.295654296875,7466729
2025-03-06 00:00:00+05:30,224.7716555809183,226.79129117676825,220.1303828961282,225.8494415283203,10439208
2025-03-07 00:00:00+05:30,225.84945016876858,229.6071296461442,224.46094416152476,226.1310272216797,9079049
2025-03-10 00:00:00+05:30,226.13102146181225,228.17978523249502,216.02313890909053,216.71253967285156,16489167
2025-03-11 00:00:00+05:30,214.4889780921405,220.66439714723995,213.71220774836016,220.14007568359375,10941588
2025-03-12 00:00:00+05:30,220.50905722406188,222.19854905959363,215.9066172661428,217.8874053955078,6994310
2025-03-13 00:00:00+05:30,221.52858837717827,223.713288518239,218.34378224570767,218.8875274658203,16105085
2025-03-17 00:00:00+05:30,219.94588393346527,223.76181937679618,219.6740113489201,223.0724334716797,8788971
2025-03-18 00:00:00+05:30,223.0724334716797,223.0724334716797,223.0724334716797,223.0724334716797,0
2025-03-19 00:00:00+05:30,225.75233694281508,228.31571772449567,224.87846285522102,225.8203125,8626593
2025-03-20 00:00:00+05:30,226.7038912904533,230.16056986800274,225.27655274739453,228.75265502929688,18955995
2025-03-21 00:00:00+05:30,228.95656181605938,240.8024876824082,228.95656181605938,235.38442993164062,29285333
2025-03-24 00:00:00+05:30,237.10307738981177,239.24893008552132,235.70486695165843,236.75352478027344,10566066
2025-03-25 00:00:00+05:30,236.92829123047787,238.24882165110364,233.56871628855578,235.21937561035156,8915800
2025-03-26 00:00:00+05:30,236.28744083050756,237.404059313991,232.4229387271596,232.76278686523438,7543985
2025-03-27 00:00:00+05:30,231.93746339750348,236.33599166618978,231.7238470952584,235.14169311523438,9935664
2025-03-28 00:00:00+05:30,236.37484551183792,247.50224315640978,236.20006179799364,239.22952270507812,32905564
2025-04-01 00:00:00+05:30,239.8315147898363,244.88059634853852,239.5402184888458,240.87046813964844,11258957
2025-04-02 00:00:00+05:30,242.79300189786213,244.2009167449321,240.8024944443068,243.36587524414062,15337906
2025-04-03 00:00:00+05:30,240.80249980496143,242.3754791351654,235.4718262295708,236.2486114501953,11141370
2025-04-04 00:00:00+05:30,233.5784133119277,234.209557760996,217.69321617553632,219.45068359375,38336194
2025-04-07 00:00:00+05:30,201.96337418585432,214.3918924835574,199.0504409043276,213.45974731445312,27024128
2025-04-08 00:00:00+05:30,216.52803555043323,220.64498649284516,212.81889348002358,220.08181762695312,11309092
2025-04-09 00:00:00+05:30,215.55706611041825,217.55727795692766,213.86755944770448,215.49880981445312,16889575
2025-04-11 00:00:00+05:30,221.6742267963887,224.6842489794583,218.71274164883152,223.68414306640625,13886447
2025-04-15 00:00:00+05:30,227.20880717176848,227.20880717176848,223.4219996452839,225.93682861328125,12102239
2025-04-16 00:00:00+05:30,225.9368292547132,234.97663030627518,224.99497959259006,234.21926879882812,18748952
2025-04-17 00:00:00+05:30,234.00564560769163,237.5108759955318,232.3161389322195,236.4233856201172,12891813
2025-04-21 00:00:00+05:30,236.9282918585764,243.27849508045884,234.73388732528417,242.5308380126953,11698653
2025-04-22 00:00:00+05:30,241.7443330876484,243.32703157097214,240.08395460593417,240.5888671875,9896443
2025-04-23 00:00:00+05:30,241.52102419268888,245.41463985124722,237.81188187141382,244.85147094726562,16555874
2025-04-24 00:00:00+05:30,242.7444569787438,244.07469186188465,240.80250132291386,242.1327362060547,6538518
2025-04-25 00:00:00+05:30,241.77346282707393,243.40469835618137,237.30695919385045,239.1809539794922,15616265
2025-04-28 00:00:00+05:30,238.86053783759462,244.63785276112785,237.28755854903494,243.32704162597656,7669983
2025-04-29 00:00:00+05:30,243.94846898579823,244.7835104904754,237.98666585759688,238.54981994628906,8030552
2025-04-30 00:00:00+05:30,238.37504415498486,240.2587434121376,235.19023823301666,237.3555145263672,9822483
2025-05-02 00:00:00+05:30,234.00565318195152,239.1227104103702,232.06369755388553,235.69515991210938,10203190
2025-05-05 00:00:00+05:30,233.03467400381382,234.15129255703718,227.69429605789307,232.2578887939453,20086323
2025-05-06 00:00:00+05:30,234.131877604872,235.9378968742676,229.1507568359375,230.12173461914062,11350559
2025-05-07 00:00:00+05:30,225.55813214753638,233.12204222923566,225.33481141562032,231.74325561523438,16689539
2025-05-08 00:00:00+05:30,230.76257484038487,232.39381034321457,224.68424466373725,226.45143127441406,15026122
2025-05-09 00:00:00+05:30,222.45101505794736,228.47107432354807,221.8198706121362,228.1409454345703,11184507
2025-05-12 00:00:00+05:30,232.06369090478765,237.50117243395576,231.19952126769633,236.93800354003906,11374237
2025-05-13 00:00:00+05:30,237.06422489361657,238.17113899741452,233.3162499779594,234.1610107421875,9336026
2025-05-14 00:00:00+05:30,234.161005895971,239.73440889275275,234.161005895971,238.8702392578125,8234859
2025-05-15 00:00:00+05:30,237.8410083708109,241.6957914095096,235.26792313558425,240.42381286621094,16812750
2025-05-16 00:00:00+05:30,239.8897771042519,242.15215719583935,239.05473558897046,240.09368896484375,8030229
2025-05-19 00:00:00+05:30,240.80249274328804,242.21040758041258,237.80217491775704,239.4237060546875,8043270
2025-05-20 00:00:00+05:30,239.62759318819872,245.3660752653174,239.62759318819872,242.02590942382812,13183059
2025-05-21 00:00:00+05:30,244.20090238424416,244.63783940544056,240.5694402913905,241.46273803710938,7158307
2025-05-22 00:00:00+05:30,241.46275329909025,243.21051631029022,232.6559923170161,234.6562042236328,18502235
2025-05-23 00:00:00+05:30,235.4621047070027,237.57882909333387,233.1803010649075,237.151611328125,8725218
2025-05-26 00:00:00+05:30,238.18085142729643,239.9577425353742,237.70506698329362,238.80227661132812,7159571
2025-05-27 00:00:00+05:30,239.68587274561187,239.68587274561187,235.8699223368456,237.44290161132812,9712093
2025-05-28 00:00:00+05:30,237.54000946670652,238.21969096657148,234.2969471559613,235.62718200683594,7385958
2025-05-29 00:00:00+05:30,236.5301949428749,237.50117273029895,234.3454949211708,235.98643493652344,12938112
2025-05-30 00:00:00+05:30,235.98643063268193,238.07404172713763,231.95687881473987,232.4520721435547,10108840
2025-06-02 00:00:00+05:30,232.0636996023277,233.12206187313893,230.76259287586547,231.3937225341797,6278145
2025-06-03 00:00:00+05:30,233.52016533795094,234.05420610128925,229.73335777236244,230.3839111328125,9515918
2025-06-04 00:00:00+05:30,231.0927140164523,231.57820291144486,228.66526954148958,231.14126586914062,6733580
2025-06-05 00:00:00+05:30,231.14125735152663,232.66568472133613,229.36436628341937,230.869384765625,8941808
2025-06-06 00:00:00+05:30,230.8888174069126,233.49104576018692,230.61694479304091,233.0929412841797,5985346
2025-06-09 00:00:00+05:30,234.76300124789793,237.03508564679706,233.52015090238328,235.75340270996094,7719525
2025-06-10 00:00:00+05:30,237.16132881868234,237.88956217227093,235.54950210691268,237.57884216308594,7659657
2025-06-11 00:00:00+05:30,237.40406277277583,243.1328256413238,236.48163686220556,240.14222717285156,20842417
2025-06-12 00:00:00+05:30,244.20090890377534,247.7935236858904,239.58876450102014,240.68597412109375,35613271
2025-06-13 00:00:00+05:30,248.13337560884082,248.52176079597578,241.88998075482698,244.2106170654297,39320377
2025-06-16 00:00:00+05:30,246.6186614883879,250.02678829804998,244.87089845165897,249.33740234375,41444122
2025-06-17 00:00:00+05:30,249.48302800986488,249.62866874747814,244.24945847641914,244.98739624023438,18781097
2025-06-18 00:00:00+05:30,246.65749624716307,248.46351559831106,242.521136037219,243.09400939941406,12691905
2025-06-19 00:00:00+05:30,243.22993644516555,245.65738092066618,240.99668456451587,244.25917053222656,10790997
2025-06-20 00:00:00+05:30,244.9388621586781,245.9001355444978,242.1133279323824,244.57960510253906,15907673
2025-06-23 00:00:00+05:30,245.6670800512562,248.07511558634968,243.0648667414569,244.0843963623047,16776881
2025-06-24 00:00:00+05:30,240.3169988116136,240.8024876981017,236.42338327571915,236.8408966064453,22215004
2025-06-25 00:00:00+05:30,236.91859182907027,238.18086597823404,234.49114724065768,234.88925170898438,13056178
2025-06-26 00:00:00+05:30,234.97663035328776,238.24882083652642,234.52997404103817,237.6273956298828,15769123
2025-06-27 00:00:00+05:30,237.89925614791255,239.0741457590176,234.97661841786032,235.78253173828125,21691960
2025-06-30 00:00:00+05:30,236.91858569942656,238.56924501365148,235.947607889183,237.12249755859375,8783448
2025-07-01 00:00:00+05:30,238.18084904133465,238.18084904133465,234.2969379760571,236.30685424804688,8470489
2025-07-02 00:00:00+05:30,235.85049998028646,236.67583703066896,233.22886290252043,234.07362365722656,10419419
2025-07-03 00:00:00+05:30,234.97662513604268,239.05472889009076,234.7824325412681,236.96713256835938,13891239
2025-07-04 00:00:00+05:30,238.08375696063888,238.32650141406856,235.47182427118423,238.1226043701172,7717259
2025-07-07 00:00:00+05:30,238.37504652281632,238.37504652281632,233.8405820389719,234.51055908203125,9222263
2025-07-08 00:00:00+05:30,235.37473544020267,236.6272903012074,233.66580500541093,236.18064880371094,7537067
2025-07-09 00:00:00+05:30,236.28744506835938,237.4914480149036,235.23878730411627,236.28744506835938,9590680
2025-07-10 00:00:00+05:30,236.44279729891397,237.5885588002017,235.2970506135716,236.0349884033203,8012201
2025-07-11 00:00:00+05:30,235.99616098734253,236.034993580941,233.81146090277414,234.74359130859375,5608382
2025-07-14 00:00:00+05:30,235.8505043264758,237.78275550378635,234.14158871313916,237.1322021484375,7568906
2025-07-15 00:00:00+05:30,237.38464944095142,238.2488190941193,235.65631013461564,236.59815979003906,7843083
2025-07-16 00:00:00+05:30,236.91857468022516,237.06421541860965,235.26791544277324,235.8019561767578,5656962
2025-07-17 00:00:00+05:30,235.94759722402284,237.4623201689839,235.77282833773268,236.79234313964844,7006298
2025-07-18 00:00:00+05:30,237.63710216308874,240.17135470769435,236.3942518163648,239.16152954101562,10293817
2025-07-21 00:00:00+05:30,238.8605356978396,239.15183199724552,237.33609345998423,237.9283905029297,5424455
2025-07-22 00:00:00+05:30,237.92840202541012,239.7052932402984,236.98656715670032,239.25865173339844,5869862
2025-07-23 00:00:00+05:30,238.86053628537508,240.02570666991954,237.17102959742115,238.42359924316406,7357753
2025-07-24 00:00:00+05:30,238.43329692265084,239.05472209784025,236.68553398744785,237.7244873046875,4590999
2025-07-25 00:00:00+05:30,236.91858789044332,237.69537310901094,232.30644324913345,233.31625366210938,7427827
2025-07-28 00:00:00+05:30,233.31624574203693,234.54939167905516,230.89852053644788,233.05409240722656,6865890
2025-07-29 00:00:00+05:30,233.05408992303143,235.4718151028492,232.8598973310379,234.43287658691406,6157824
2025-07-30 00:00:00+05:30,235.5009391321568,236.63699614813774,233.1317658457583,234.79212951660156,8767763
2025-07-31 00:00:00+05:30,233.2288605622016,235.76311316899955,232.70453907828778,234.00564575195312,10254214
2025-08-01 00:00:00+05:30,233.13176497759682,233.724062000977,227.25734659474992,229.91781616210938,12629251
2025-08-04 00:00:00+05:30,229.6362559234777,231.47140342257507,227.20881135769042,228.0147247314453,16174972
2025-08-05 00:00:00+05:30,228.66526720679363,229.1507560968293,226.28637460880793,227.67486572265625,9562689
2025-08-06 00:00:00+05:30,227.74283509542926,228.53902914917865,226.15043217198573,226.9854736328125,7568954
2025-08-07 00:00:00+05:30,226.38347709437792,227.40300678787722,224.59688142756636,227.14083862304688,5560413
2025-08-08 00:00:00+05:30,227.11171109002112,228.29630524135072,225.92711693869154,226.66506958007812,5249568
2025-08-11 00:00:00+05:30,226.6650647237779,228.17978775277692,224.85904538552234,227.00489807128906,4699743
2025-08-12 00:00:00+05:30,227.0146094050646,229.5003101674954,226.83012125511235,228.6846923828125,7036778
2025-08-13 00:00:00+05:30,230.84025342795772,232.98610593816355,229.44204311067625,231.74325561523438,8501906
2025-08-14 00:00:00+05:30,231.5879039661741,231.7432639661248,227.6263128631018,230.0634765625,7258450
2025-08-18 00:00:00+05:30,230.36448403497323,231.66559073670948,228.66527287770788,231.24807739257812,8501972
2025-08-19 00:00:00+05:30,230.60723698436976,231.61704741888508,229.81102804396963,231.0344696044922,5538059
2025-08-20 00:00:00+05:30,230.1217322795258,232.15107226996145,230.1217322795258,231.0247344970703,7438061
2025-08-21 00:00:00+05:30,231.09272104705687,233.99595006117843,230.34506397755746,231.37429809570312,8111371
2025-08-22 00:00:00+05:30,231.09270575101186,231.70442647792567,229.04394209478315,229.4323272705078,5423818
2025-08-25 00:00:00+05:30,229.4420456649846,230.59751155993328,228.8109012368813,229.88868713378906,8854258
2025-08-26 00:00:00+05:30,229.79161165977564,230.4130368644273,227.01461453550047,227.39329528808594,14671897
2025-08-28 00:00:00+05:30,227.50009417987587,228.45164824478027,225.63581864180105,226.6165008544922,13870643
2025-08-29 00:00:00+05:30,226.6164955857444,228.5390273746945,224.61628379918739,226.92721557617188,9928988
2025-09-01 00:00:00+05:30,227.20880788537806,232.24818509748965,226.3058056323593,231.7918243408203,4366396
2025-09-02 00:00:00+05:30,231.82094559444448,235.46211227917397,230.51011966156378,232.5394744873047,5921193
2025-09-03 00:00:00+05:30,232.54918143016855,234.91836961570772,231.53937104443554,232.1316680908203,4364007
2025-09-04 00:00:00+05:30,233.3517723569747,233.6250739397956,229.79882199266441,230.08189392089844,8778730
2025-09-05 00:00:00+05:30,230.11116944574354,231.48744767102784,227.43670128744137,228.52992248535156,7210683
2025-09-08 00:00:00+05:30,228.5299214755937,229.3595816513476,226.50942601840362,226.9681854248047,8418326
2025-09-09 00:00:00+05:30,226.96818484698954,228.97890995393382,225.24051676544804,225.79689025878906,11665314
2025-09-10 00:00:00+05:30,227.42693957779102,227.46597627594056,225.47477700630785,226.19708251953125,11775053
2025-09-11 00:00:00+05:30,226.5484785478761,229.59384747630426,226.5484785478761,228.16876220703125,11047708
2025-09-12 00:00:00+05:30,228.90081652861173,229.77929862042427,227.13411178774055,227.67095947265625,6073522
2025-09-15 00:00:00+05:30,227.57334737463518,228.5884802593102,226.4508598458577,226.7046356201172,6153784
2025-09-16 00:00:00+05:30,226.91937667169088,229.6426518418451,226.86081417664562,229.46694946289062,7319921
2025-09-17 00:00:00+05:30,230.35518554037807,232.268311431197,229.5547917297218,231.21414184570312,7628371
2025-09-18 00:00:00+05:30,232.0145186812817,232.0145186812817,228.89106154514363,229.95498657226562,6497852
2025-09-19 00:00:00+05:30,229.48647627387888,231.72169590962892,229.1350864082349,231.0286865234375,16484017
2025-09-22 00:00:00+05:30,230.35518312410193,232.74657929217744,230.0135487170261,231.79002380371094,9962796
2025-09-23 00:00:00+05:30,231.57528930189073,231.9071533706309,229.52551260660152,230.99940490722656,7014239
2025-09-24 00:00:00+05:30,230.99941425337857,234.38641770574634,230.6089727798118,232.81492614746094,8299331
2025-09-25 00:00:00+05:30,233.20534745642033,236.34833050195502,232.81492088549712,233.93740844726562,10150654
2025-09-26 00:00:00+05:30,234.2595105712404,234.51328634591792,231.17509010753596,232.32687377929688,6349466
2025-09-29 00:00:00+05:30,233.28343471418447,235.39177393297985,232.47328543398572,234.239990234375,10631271
2025-09-30 00:00:00+05:30,234.2595097615475,235.12822151449382,232.79538782553783,233.77146911621094,7167687
2025-10-01 00:00:00+05:30,232.89300294287432,240.39905559056342,232.76610760850326,237.22679138183594,10375310
2025-10-03 00:00:00+05:30,236.69971234621755,238.35904755709745,233.96668176098208,237.83197021484375,10702610
2025-10-06 00:00:00+05:30,236.92421554896922,241.58012763363217,236.92421554896922,239.97935485839844,9465503
2025-10-07 00:00:00+05:30,239.97934785398502,243.53228317306173,238.80805327840937,239.4522705078125,12498420
2025-10-08 00:00:00+05:30,240.6528452808399,240.896865603596,235.37224192188123,236.02621459960938,5073558
2025-10-09 00:00:00+05:30,236.05550662004595,238.65188654718222,234.80612370202022,237.5684356689453,9292031
2025-10-10 00:00:00+05:30,238.21264112333355,241.17016623208642,237.77340752285096,240.44786071777344,9050771
2025-10-13 00:00:00+05:30,239.13991601508363,239.80364414315383,235.60650651182146,238.25167846679688,12607116
2025-10-14 00:00:00+05:30,239.43275151137829,242.79047364551937,238.0662287228828,238.83734130859375,13865005
2025-10-15 00:00:00+05:30,238.83733569219834,242.25362024237268,238.4468942358872,241.79486083984375,8520238
2025-10-16 00:00:00+05:30,242.06817087336552,242.75142482851842,240.11600820503193,242.40980529785156,6083826
2025-10-17 00:00:00+05:30,242.6050097361482,242.6050097361482,238.91542361909237,241.7655792236328,14250215
2025-10-20 00:00:00+05:30,241.76557797164816,243.23945536306837,239.13016145794418,242.79046630859375,10920554
2025-10-21 00:00:00+05:30,242.79046800959657,243.33707115477878,241.4727522966033,242.18528747558594,569979
2025-10-23 00:00:00+05:30,244.02032477254238,247.18283354336924,243.12233176463766,246.2750701904297,13879042
2025-10-24 00:00:00+05:30,247.92464973640944,251.24332019267646,246.80216220103583,248.8616943359375,17882209
2025-10-27 00:00:00+05:30,249.3106812422057,249.96465391908396,245.884641276937,247.2121124267578,7889080
2025-10-28 00:00:00+05:30,247.04618976497625,247.71967336964488,243.88368090444146,244.5474090576172,8529692
2025-10-29 00:00:00+05:30,244.947597495474,251.18475636188654,244.557170935808,249.52542114257812,8806213
2025-10-30 00:00:00+05:30,250.3648521678535,250.3648521678535,247.34876454081572,248.4419708251953,5266883
2025-10-31 00:00:00+05:30,248.6079138872743,251.73137119108335,247.2609317682118,249.2618865966797,7199008
2025-11-03 00:00:00+05:30,248.90072935297044,252.3170138735014,248.21747542762796,251.3897247314453,5450040
2025-11-04 00:00:00+05:30,249.9744222385672,251.34093007562578,245.97248302546677,246.31411743164062,6006851
2025-11-05 00:00:00+05:30,246.31411743164062,246.31411743164062,246.31411743164062,246.31411743164062,0
2025-11-06 00:00:00+05:30,247.485420973117,249.3887765630339,244.45956293204577,245.4844512939453,6987258
2025-11-07 00:00:00+05:30,244.02033339546963,247.53423215389208,244.02033339546963,246.16770935058594,4449104
2025-11-10 00:00:00+05:30,245.9724955768326,249.38878023762197,243.53229224769737,245.3868408203125,7418162
2025-11-11 00:00:00+05:30,248.1198608574164,248.1198608574164,240.11599726081946,243.4834747314453,16183880
2025-11-12 00:00:00+05:30,246.55814239327879,249.48638629394094,243.92271096762795,247.7782440185547,11917811
2025-11-13 00:00:00+05:30,247.63182894085813,247.63182894085813,241.38491442426047,244.85000610351562,13057927
2025-11-14 00:00:00+05:30,245.5,249.64999389648438,245.10000610351562,247.60000610351562,9185042
2025-11-17 00:00:00+05:30,247.60000610351562,249.6999969482422,247.4499969482422,248.0500030517578,6281588
2025-11-18 00:00:00+05:30,247.0,249.4499969482422,246.3000030517578,246.9499969482422,7708871
2025-11-19 00:00:00+05:30,246.9499969482422,250.3000030517578,245.39999389648438,249.0,7075882
2025-11-20 00:00:00+05:30,249.0,251.10000610351562,247.60000610351562,248.0500030517578,6918642
2025-11-21 00:00:00+05:30,247.0500030517578,248.3000030517578,246.1999969482422,246.9499969482422,7589240
2025-11-24 00:00:00+05:30,246.9499969482422,247.4499969482422,244.3000030517578,245.75,15875282
2025-11-25 00:00:00+05:30,245.75,247.5,244.60000610351562,245.35000610351562,8983620
2025-11-26 00:00:00+05:30,245.35000610351562,248.0,245.0500030517578,247.6999969482422,7232643
2025-11-27 00:00:00+05:30,248.0,248.8000030517578,242.8000030517578,244.0,5600832
2025-11-28 00:00:00+05:30,245.0,245.35000610351562,242.5500030517578,243.25,3804191
2025-12-01 00:00:00+05:30,244.0500030517578,245.85000610351562,243.00999450683594,244.8300018310547,6307936
2025-12-02 00:00:00+05:30,243.5,246.25999450683594,242.5,243.5399932861328,5413988
2025-12-03 00:00:00+05:30,244.0500030517578,244.36000061035156,239.55999755859375,240.02000427246094,11829802
2025-12-04 00:00:00+05:30,240.5,242.6999969482422,239.69000244140625,242.22999572753906,10825420
2025-12-05 00:00:00+05:30,242.6999969482422,243.1999969482422,240.91000366210938,241.22999572753906,7645591
2025-12-08 00:00:00+05:30,241.22999572753906,242.0,237.6999969482422,238.52000427246094,5285903
2025-12-09 00:00:00+05:30,237.6999969482422,240.1999969482422,236.8300018310547,239.83999633789062,9026401
2025-12-10 00:00:00+05:30,239.32000732421875,240.35000610351562,238.4199981689453,239.2899932861328,3492031
2025-12-11 00:00:00+05:30,239.2899932861328,241.3000030517578,238.13999938964844,238.41000366210938,8868641
2025-12-12 00:00:00+05:30,238.5,239.39999389648438,237.02000427246094,238.02000427246094,4252781
2025-12-15 00:00:00+05:30,238.0,238.7899932861328,229.94000244140625,235.35000610351562,12334408
2025-12-16 00:00:00+05:30,234.1699981689453,235.3000030517578,230.75,232.2100067138672,7238404
2025-12-17 00:00:00+05:30,231.75,233.4199981689453,228.61000061035156,232.91000366210938,5848233
2025-12-18 00:00:00+05:30,233.0,234.1300048828125,231.2100067138672,232.0,3964839
2025-12-19 00:00:00+05:30,232.0,233.5,231.5,232.88999938964844,5070902
2025-12-22 00:00:00+05:30,233.7899932861328,235.27999877929688,232.77000427246094,234.17999267578125,4614185
2025-12-23 00:00:00+05:30,234.60000610351562,237.89999389648438,234.60000610351562,235.49000549316406,5810236
2025-12-24 00:00:00+05:30,235.5399932861328,236.57000732421875,233.13999938964844,233.77000427246094,4114036
2025-12-25 00:00:00+05:30,233.77000427246094,233.77000427246094,233.77000427246094,233.77000427246094,0
2025-12-26 00:00:00+05:30,233.83999633789062,235.27999877929688,233.0500030517578,234.52999877929688,3710774
2025-12-29 00:00:00+05:30,234.52999877929688,239.02000427246094,234.0,234.82000732421875,12621499
2025-12-30 00:00:00+05:30,234.9499969482422,235.60000610351562,233.30999755859375,234.67999267578125,6236729
2025-12-31 00:00:00+05:30,234.69000244140625,241.0,234.61000061035156,240.3800048828125,11514802
2026-01-01 00:00:00+05:30,240.89999389648438,241.11000061035156,237.41000366210938,237.94000244140625,5840586
2026-01-02 00:00:00+05:30,237.94000244140625,242.5500030517578,237.94000244140625,241.4600067138672,5925943
