Date,Open,High,Low,Close,Volume
2021-01-04 00:00:00+05:30,82.01724535903543,82.18991789093869,81.15390611909486,81.34815979003906,7133203
2021-01-05 00:00:00+05:30,81.80141990932069,81.80141990932069,80.37691234237457,81.15391540527344,10478882
2021-01-06 00:00:00+05:30,81.1539077989975,85.29793740747326,80.72223817009157,84.6720199584961,54265234
2021-01-07 00:00:00+05:30,85.47060482227108,87.1109469718805,84.39143081466128,85.06051635742188,40129922
2021-01-08 00:00:00+05:30,85.79438169451345,88.06064776215317,85.27637567995194,87.86639404296875,29487917
2021-01-11 00:00:00+05:30,88.06064776215317,88.49231748932263,86.95988644493379,87.86639404296875,12726089
2021-01-12 00:00:00+05:30,86.7872210903398,88.38440144795106,86.31238321200439,87.93114471435547,31454127
2021-01-13 00:00:00+05:30,87.97429601737188,89.18297455401462,87.45629009382581,88.49230194091797,23792586
2021-01-14 00:00:00+05:30,88.90238944980945,89.57148095882253,87.8879645428439,88.53546905517578,12024674
2021-01-15 00:00:00+05:30,88.0390422976251,88.81605115649822,87.41312483744599,87.62895965576172,13530190
2021-01-18 00:00:00+05:30,86.87355794180867,87.19731024437597,83.98136836358255,84.49937438964844,26118654
2021-01-19 00:00:00+05:30,84.41302967194767,86.33396215067245,84.283531105809,86.18287658691406,19382828
2021-01-20 00:00:00+05:30,86.33394920076275,86.59294629419107,84.24035032959016,84.6720199584961,21158179
2021-01-21 00:00:00+05:30,84.80152466167256,85.34111173697818,83.808686785068,84.2403564453125,12509109
2021-01-22 00:00:00+05:30,84.17561576566598,84.73678403934852,83.31227635698818,83.83027648925781,16720401
2021-01-25 00:00:00+05:30,83.93818803383643,84.95261293893162,81.84458894351116,82.10359191894531,9393599
2021-01-27 00:00:00+05:30,82.01725991751378,83.89502426867595,81.71509464283507,83.03168487548828,18874916
2021-01-28 00:00:00+05:30,82.42734641718882,82.42734641718882,80.20424870610802,80.85175323486328,16072463
2021-01-29 00:00:00+05:30,81.45608657464174,81.58558513358693,78.99556711552651,79.62149047851562,13415015
2021-02-01 00:00:00+05:30,79.62149459173426,81.77984305161746,78.77973635042184,81.54242706298828,9485240
2021-02-02 00:00:00+05:30,82.4489310934153,84.45619990250725,81.6719279675633,83.83027648925781,10803602
2021-02-03 00:00:00+05:30,83.95977270891355,90.65065247233103,83.95977270891355,89.13980865478516,73411707
2021-02-04 00:00:00+05:30,89.139803980791,89.63622289526202,88.14696029695476,88.64337921142578,23523019
2021-02-05 00:00:00+05:30,88.77289556620511,89.91681909394555,86.87355006761221,89.39881896972656,28755118
2021-02-08 00:00:00+05:30,89.13980480723272,92.11832417656778,88.79446557947716,91.75140380859375,28436890
2021-02-09 00:00:00+05:30,90.65065874173449,93.8666002891689,90.65065874173449,90.97441101074219,27738169
2021-02-10 00:00:00+05:30,90.88807780961126,92.37734063945989,89.35565269301523,90.84490966796875,34189378
2021-02-11 00:00:00+05:30,90.15425147334561,92.7226829613781,89.93841659931452,92.2694320678711,20504448
2021-02-12 00:00:00+05:30,94.53568215693372,94.53568215693372,90.88807106460759,91.7945785522461,25066544
2021-02-15 00:00:00+05:30,92.37733584724154,93.00325923134952,91.31974277889216,91.70824432373047,8599603
2021-02-16 00:00:00+05:30,92.11833539609296,99.24089123661875,92.07516725550407,97.36312103271484,80200957
2021-02-17 00:00:00+05:30,97.34154627028475,99.80206604128506,95.91703852174479,99.3056411743164,39034960
2021-02-18 00:00:00+05:30,99.7157140456179,102.86690019530556,98.63653990464344,102.08989715576172,44291912
2021-02-19 00:00:00+05:30,100.79489474935147,101.91724295491436,98.74446374799636,100.23372650146484,36335681
2021-02-22 00:00:00+05:30,100.34164876657219,100.96757218126544,96.52137070338173,97.1041259765625,25800846
2021-02-23 00:00:00+05:30,97.44946221830996,98.89555108910356,96.9746243577247,97.60054779052734,18293559
2021-02-24 00:00:00+05:30,97.62212527753341,98.50705167886005,95.65803047696814,96.15444946289062,11421326
2021-02-25 00:00:00+05:30,96.56454136733566,100.49273110457615,95.31269450524866,98.22647094726562,30696079
2021-02-26 00:00:00+05:30,95.61486794302324,98.09696887309002,91.16866624231423,92.50684356689453,38070699
2021-03-01 00:00:00+05:30,93.8881751310509,98.76603998145927,93.84500699376787,98.09695434570312,31441940
2021-03-02 00:00:00+05:30,98.85238309028011,99.00346279887398,96.41345049645797,97.14728546142578,18223787
2021-03-03 00:00:00+05:30,99.28404629301545,99.34880142663114,96.56452974757042,98.20487213134766,19350542
2021-03-04 00:00:00+05:30,96.2839450592155,99.26247059259563,96.2839450592155,97.1904525756836,22865747
2021-03-05 00:00:00+05:30,97.55736446833555,97.55736446833555,94.68676246243724,95.07526397705078,17342685
2021-03-08 00:00:00+05:30,95.77870693582328,98.43861286102135,95.40499961691965,96.78990936279297,15749448
2021-03-09 00:00:00+05:30,96.94379152831547,97.64723956123008,93.75629803331458,94.96534729003906,12585004
2021-03-10 00:00:00+05:30,95.84466795172058,96.26234195119063,94.08605062880413,94.5916519165039,10661165
2021-03-12 00:00:00+05:30,94.83345738455574,97.11965613376944,94.70155751853632,96.7459487915039,18173078
2021-03-15 00:00:00+05:30,97.16362077440505,99.58171934032805,96.61405291851345,98.54853057861328,30092241
2021-03-16 00:00:00+05:30,98.98819727001457,99.88949224455634,98.26276880195465,98.6804428100586,14767699
2021-03-17 00:00:00+05:30,98.90025825956172,98.92223858867031,96.43819305571856,96.92181396484375,12571132
2021-03-18 00:00:00+05:30,97.16363520732726,98.26277108237875,96.78992781717099,97.18561553955078,14232655
2021-03-19 00:00:00+05:30,97.55931589733625,102.04378636637588,96.35026652193153,101.20845031738281,70334403
2021-03-22 00:00:00+05:30,103.05500076913304,103.05500076913304,97.69121570391194,98.28474426269531,29180881
2021-03-23 00:00:00+05:30,98.28473393883263,98.48258074644075,96.06448225128366,96.28430938720703,38455903
2021-03-24 00:00:00+05:30,95.42699813946838,98.43863162974824,95.36105117960405,97.18561553955078,24398959
2021-03-25 00:00:00+05:30,97.1856115436734,98.21880041638003,94.67958542950986,95.14122009277344,20272124
2021-03-26 00:00:00+05:30,96.43819619138517,97.60327889907403,93.27268283163329,94.34983825683594,25184863
2021-03-30 00:00:00+05:30,95.3610408518319,98.35069368610345,94.70155939822403,97.3175048828125,53328751
2021-03-31 00:00:00+05:30,96.67999297922482,97.20758046856234,94.37180814895997,94.81146240234375,20694060
2021-04-01 00:00:00+05:30,95.25113272394529,96.43820179360895,94.41579069423808,96.15242767333984,11229344
2021-04-05 00:00:00+05:30,94.61363339955737,96.28431738609109,93.8002717364318,94.15199279785156,14484908
2021-04-06 00:00:00+05:30,94.61364000541208,96.28432410859173,91.66795354838132,91.9757080078125,25301732
2021-04-07 00:00:00+05:30,92.72311695703732,95.0532883859423,92.12958244386374,92.5692367553711,22841720
2021-04-08 00:00:00+05:30,93.18474820017225,93.86621593606985,91.66794445870926,91.88777160644531,20468881
2021-04-09 00:00:00+05:30,92.06363803852939,92.96492701679409,91.4481231780174,91.58001708984375,11773021
2021-04-12 00:00:00+05:30,90.85459178359984,90.85459178359984,87.27141011460667,88.43649291992188,18544315
2021-04-13 00:00:00+05:30,90.1951058146048,92.06363666230891,89.00803677313898,91.77786254882812,19831072
2021-04-15 00:00:00+05:30,91.40415033783731,92.94294036608149,91.03044299548228,91.36018371582031,10159348
2021-04-16 00:00:00+05:30,91.22828587098797,94.43775969165296,91.11837230229132,92.261474609375,22020846
2021-04-19 00:00:00+05:30,90.50285688179923,91.00846409816144,87.93088399324489,88.45846557617188,18404990
2021-04-20 00:00:00+05:30,90.12917145754429,90.43692594461969,88.65632809672998,89.5576171875,14467660
2021-04-22 00:00:00+05:30,89.68949867821298,90.0851863450984,88.4584630928892,89.44768524169922,11626459
2021-04-23 00:00:00+05:30,89.82139746884172,93.60242574719537,89.68950356043129,92.8330307006836,38318040
2021-04-26 00:00:00+05:30,91.53605939815961,95.16321388569186,91.53605939815961,94.87743377685547,19139358
2021-04-27 00:00:00+05:30,94.9873277628532,96.94379167562091,94.87741419389305,95.2511215209961,15270611
2021-04-28 00:00:00+05:30,96.19639174005208,97.47139410562717,95.09725588227609,97.11966705322266,16383579
2021-04-29 00:00:00+05:30,98.08689183334302,98.3286992944728,96.30628847734079,96.78990936279297,14761969
2021-04-30 00:00:00+05:30,95.73474630131997,97.7351709522811,95.25112538563475,96.7459487915039,16897105
2021-05-03 00:00:00+05:30,95.62484192907266,97.97699381922033,95.29510117708543,97.07569885253906,15528063
2021-05-04 00:00:00+05:30,97.3394889756219,97.47138884935836,95.27311725235097,95.86664581298828,20857434
2021-05-05 00:00:00+05:30,95.86663375974919,96.87784214515014,95.31706592959408,95.93258666992188,23178237
2021-05-06 00:00:00+05:30,96.04251793411201,96.46018598407977,93.91019316753923,94.70156860351562,18823613
2021-05-07 00:00:00+05:30,95.11921626291759,95.317057085501,93.86620053378782,94.32783508300781,12509591
2021-05-10 00:00:00+05:30,94.70156353253343,96.78992156012809,94.50372266572995,96.65802764892578,17845577
2021-05-11 00:00:00+05:30,96.72399485085577,99.01020018699728,96.02054659641266,98.21881866455078,22995780
2021-05-12 00:00:00+05:30,98.21880549104213,103.31879719772971,98.06492527427258,99.33992767333984,55645370
2021-05-14 00:00:00+05:30,100.13128375562773,101.12050586224213,98.41663329680131,100.61489868164062,18820793
2021-05-17 00:00:00+05:30,101.5381845359151,101.56016486514275,99.84551432640365,100.41706848144531,10996347
2021-05-18 00:00:00+05:30,101.51621422134484,105.45112289117073,100.46103905046415,102.48344421386719,52885042
2021-05-19 00:00:00+05:30,102.96708055705295,104.63776479181033,101.73605069598902,102.76923370361328,28081040
2021-05-20 00:00:00+05:30,102.87913405725752,103.29680804379237,100.41707465197835,100.65888214111328,10707136
2021-05-21 00:00:00+05:30,100.26319131425255,100.79077889495247,99.36190232401646,100.21923065185547,21702883
2021-05-24 00:00:00+05:30,100.68086438374247,103.05500251179605,100.41707655901958,101.56017303466797,22028927
2021-05-25 00:00:00+05:30,102.4394761014897,103.07697722393708,101.6261204142754,102.39551544189453,9165363
2021-05-26 00:00:00+05:30,102.52741691634068,102.79120474615881,98.90026866121254,99.18604278564453,18322114
2021-05-27 00:00:00+05:30,99.66965058051011,100.94464082473675,98.15284094343991,100.37309265136719,51194207
2021-05-28 00:00:00+05:30,101.56016561264154,101.56016561264154,98.83430660870117,99.12008666992188,15307498
2021-05-31 00:00:00+05:30,99.36191856319776,99.62571239666077,98.3726961601073,99.20803833007812,13102261
2021-06-01 00:00:00+05:30,99.49379693431612,100.24121168500932,98.43862772872076,98.65845489501953,15733731
2021-06-02 00:00:00+05:30,98.57052831599853,100.30716532753773,98.52656168978356,99.99940490722656,7995532
2021-06-03 00:00:00+05:30,100.70283127714637,101.75800628801119,99.20800796267807,99.49378204345703,10291328
2021-06-04 00:00:00+05:30,99.3619018594372,100.30716343403766,98.83431428120409,99.42784881591797,6142487
2021-06-07 00:00:00+05:30,99.93344632974066,104.54981659394468,99.75758579802869,103.86835479736328,18058790
2021-06-08 00:00:00+05:30,105.05541857432453,105.05541857432453,102.02179921025562,102.90110778808594,22511761
2021-06-09 00:00:00+05:30,103.75845459563939,107.9351710874072,102.79121260174189,106.44035339355469,39865778
2021-06-10 00:00:00+05:30,109.03431626443349,109.03431626443349,105.62699462656924,106.24251556396484,32690784
2021-06-11 00:00:00+05:30,109.38601629326219,109.38601629326219,107.27567794235112,108.28688049316406,29142097
2021-06-14 00:00:00+05:30,109.01230792606003,109.82566359560575,106.44033508873031,109.34204864501953,18732629
2021-06-15 00:00:00+05:30,110.15539951874402,110.5730734631857,108.61660956392711,108.85842895507812,15026686
2021-06-16 00:00:00+05:30,108.52869603610777,108.8144641781001,105.93473086991919,106.46231842041016,30706682
2021-06-17 00:00:00+05:30,107.29766481425877,107.29766481425877,104.08819046759051,105.45112609863281,22261167
2021-06-18 00:00:00+05:30,107.27567332547768,107.71532762659533,101.16447376938794,102.4394760131836,49278209
2021-06-21 00:00:00+05:30,101.95587069728896,103.5166412286245,100.41708049781134,103.25285339355469,11719831
2021-06-22 00:00:00+05:30,102.02179921025562,104.1980903256628,102.02179921025562,102.90110778808594,10961545
2021-06-23 00:00:00+05:30,103.64853135411758,103.7584449357733,101.99982762928178,102.1097412109375,10721151
2021-06-24 00:00:00+05:30,102.10974415305557,102.41750457583656,100.28517387444398,101.62612915039062,12964208
2021-06-25 00:00:00+05:30,101.75801666174725,102.35154521187528,100.85672770821022,101.49421691894531,7736431
2021-06-28 00:00:00+05:30,101.99982132367413,102.21964847339589,101.42827311967474,101.93386840820312,9989595
2021-06-29 00:00:00+05:30,102.26361624709085,104.59379373735702,101.84595417467237,103.7584457397461,61089570
2021-06-30 00:00:00+05:30,104.2640476581142,104.46189448178765,101.99982320369226,102.17568969726562,17437744
2021-07-01 00:00:00+05:30,102.24164705345481,102.41751357517926,101.20846403589145,101.47225189208984,15924813
2021-07-02 00:00:00+05:30,101.47224072042917,101.60413463400741,100.0653444806917,100.21923065185547,9549992
2021-07-05 00:00:00+05:30,100.81276416700011,101.51621828453872,100.39509014820962,101.2524185180664,6849185
2021-07-06 00:00:00+05:30,100.8567334125072,101.34034841208353,100.3731064865437,100.59293365478516,5343938
2021-07-07 00:00:00+05:30,100.5929311783016,101.758019911853,100.5929311783016,101.53819274902344,7228897
2021-07-08 00:00:00+05:30,101.16448255302552,102.50543782897216,100.92267505169305,101.62612915039062,8740010
2021-07-09 00:00:00+05:30,101.58215932815942,101.75802583922197,101.12052464460466,101.23043823242188,2990856
2021-07-12 00:00:00+05:30,101.4282848368261,101.88991951929333,100.32914896124338,100.68087005615234,5578309
2021-07-13 00:00:00+05:30,101.29638019996361,101.95586165554067,100.37309900632395,100.52698516845703,8264289
2021-07-14 00:00:00+05:30,100.52700059191359,101.75803044591885,100.43906733240148,101.09854888916016,9228746
2021-07-15 00:00:00+05:30,101.56016689813963,101.75801371792082,100.81275220473633,101.29637908935547,5376823
2021-07-16 00:00:00+05:30,101.84594907954623,103.97826770295957,101.34034185475187,102.81317901611328,15903784
2021-07-19 00:00:00+05:30,102.81318826048688,103.16492127964952,101.7800053142622,102.50543975830078,13725925
2021-07-20 00:00:00+05:30,103.274825034313,103.89033390647346,101.53818814148616,101.69206237792969,14178067
2021-07-22 00:00:00+05:30,103.0989682635492,103.0989682635492,100.5489754352553,102.54940032958984,10378326
2021-07-23 00:00:00+05:30,102.76921673902181,102.8571499845226,102.02180204184458,102.4394760131836,6660369
2021-07-26 00:00:00+05:30,102.63732741046293,103.47267539038829,102.02180659089827,102.30758666992188,12963701
2021-07-27 00:00:00+05:30,102.43947562311766,103.25284323291991,101.4062927899798,101.93386840820312,10832912
2021-07-28 00:00:00+05:30,101.9998359219709,102.17570243747294,99.9774246624429,100.2851791381836,13828088
2021-07-29 00:00:00+05:30,100.24118241331934,101.73601183389708,97.98429267993416,98.13084411621094,28609665
2021-07-30 00:00:00+05:30,99.09809623596774,101.53084689838674,98.59982365635743,100.32913208007812,34142169
2021-08-02 00:00:00+05:30,100.5342909383495,100.82739382738258,99.24463703396519,100.2411880493164,9575755
2021-08-03 00:00:00+05:30,101.14981411804845,102.70324992478474,100.29980856433794,102.26359558105469,20959435
2021-08-04 00:00:00+05:30,102.96705153964892,103.52394228117275,101.91187632515499,102.7325668334961,23323277
2021-08-05 00:00:00+05:30,102.73256212963469,103.0256650173084,101.56015057893985,102.7032470703125,6621382
2021-08-06 00:00:00+05:30,102.87910903930664,103.46531478881836,102.32221834782511,102.58600616455078,5340311
2021-08-09 00:00:00+05:30,103.75842258675618,103.75842258675618,102.0291203141984,103.43600463867188,16415005
2021-08-10 00:00:00+05:30,103.23083552647857,103.23083552647857,100.4463580700286,101.17911529541016,11925263
2021-08-11 00:00:00+05:30,101.38426349543276,103.75840117421006,101.14979077399987,103.37736511230469,31279965
2021-08-12 00:00:00+05:30,103.75841824128666,110.03081502543128,103.34807898489835,109.62047576904297,58107755
2021-08-13 00:00:00+05:30,107.97908812809196,109.79633538899326,107.62736708373184,108.30150604248047,26776843
2021-08-16 00:00:00+05:30,107.86185956711762,108.03772606522737,105.75152122173397,105.92737579345703,21308655
2021-08-17 00:00:00+05:30,106.13256272980574,107.71531358747495,106.10324766983926,107.42221069335938,15962459
2021-08-18 00:00:00+05:30,107.6859946480454,109.03427268295931,105.60497133062748,105.86875915527344,25227527
2021-08-20 00:00:00+05:30,103.93428973821521,105.54635563590877,103.78773829297035,104.69635009765625,18720467
2021-08-23 00:00:00+05:30,105.22393073810088,105.45841542028757,102.11703553349655,102.967041015625,13112745
2021-08-24 00:00:00+05:30,103.93429991211991,105.10671158884371,102.84980957003975,103.5239486694336,11029463
2021-08-25 00:00:00+05:30,103.87564957500962,104.02220100608406,102.61531680887822,102.87910461425781,12001351
2021-08-26 00:00:00+05:30,102.82049948214076,102.82049948214076,100.59291267641996,101.47222137451172,12115246
2021-08-27 00:00:00+05:30,101.88256530306643,102.49807419187849,100.68083873106384,102.20497131347656,8051699
2021-08-30 00:00:00+05:30,102.70323812641409,103.37737709463372,101.29635392920825,102.87910461425781,14512401
2021-08-31 00:00:00+05:30,102.87910909003257,103.78773277277836,102.55669115708756,102.79117584228516,43248333
2021-09-01 00:00:00+05:30,104.22738574679039,104.22738574679039,102.38083527335147,102.967041015625,11817591
2021-09-02 00:00:00+05:30,102.82049564657942,103.23083491982683,102.11704155851479,103.02566528320312,13545023
2021-09-03 00:00:00+05:30,103.17221984383623,103.641189250045,102.23429295780612,102.90843200683594,12286475
2021-09-06 00:00:00+05:30,102.99632968580843,103.37736575006451,101.41357917444894,102.05840301513672,13950485
2021-09-07 00:00:00+05:30,102.05842106164252,102.08773612037844,101.09117916638574,101.4135971069336,12485031
2021-09-08 00:00:00+05:30,102.15928343291834,103.56117482199963,101.53290655840173,103.11376190185547,25370295
2021-09-09 00:00:00+05:30,102.8453150856748,103.88927852623183,102.5470398169442,103.50151824951172,5078350
2021-09-13 00:00:00+05:30,103.94894073164153,103.97877311600438,103.02428245862752,103.74015045166016,7522483
2021-09-14 00:00:00+05:30,103.74013079401765,104.45598651455043,103.50150817488986,103.85943603515625,8434427
2021-09-15 00:00:00+05:30,103.79980071798934,106.78255361218444,103.65066307327959,106.12635040283203,20064238
2021-09-16 00:00:00+05:30,106.75273480448409,108.36342885429654,106.36498658841,107.05101013183594,16214883
2021-09-17 00:00:00+05:30,107.11065907970145,107.61772463390277,105.44031263860634,106.66324615478516,21219226
2021-09-20 00:00:00+05:30,105.70875991438736,106.90186109688317,104.45600610013733,105.5894546508789,7833069
2021-09-21 00:00:00+05:30,105.02273544245053,106.42462689114427,104.66479538163279,104.9332504272461,9481007
2021-09-22 00:00:00+05:30,104.87359704907837,105.85789579875812,104.87359704907837,105.44031524658203,9165634
2021-09-23 00:00:00+05:30,105.58944821993065,106.63341169103165,105.58944821993065,106.33513641357422,10295913
2021-09-24 00:00:00+05:30,106.36497603932213,107.0808318992276,104.87359955047495,105.08238983154297,7093411
2021-09-27 00:00:00+05:30,105.29117996042424,105.67894027433464,104.45600670050638,104.99290466308594,5205649
2021-09-28 00:00:00+05:30,105.4999596344147,112.68839843229651,105.05254673338932,109.73546600341797,38873626
2021-09-29 00:00:00+05:30,109.46702908690409,117.10288120220292,108.8406461365705,116.35719299316406,53686662
2021-09-30 00:00:00+05:30,116.29753887332593,118.11702312468495,112.53927723783441,113.28496551513672,23618199
2021-10-01 00:00:00+05:30,113.82186368627048,115.43254551310731,113.135828042672,114.44823455810547,16994903
2021-10-04 00:00:00+05:30,114.53771637119014,115.16409936233634,113.3744475440365,114.32892608642578,10757286
2021-10-05 00:00:00+05:30,114.32890139423343,116.38699568603992,112.9568304417954,113.31475830078125,17200858
2021-10-06 00:00:00+05:30,114.5078801965255,114.6271975959086,111.40582200220912,111.91288757324219,8929507
2021-10-07 00:00:00+05:30,113.94117198191483,114.26927968791318,111.91289738313826,112.33049011230469,6733699
2021-10-08 00:00:00+05:30,112.74803939049387,113.43407486177438,111.55493844456272,111.97251892089844,8165175
2021-10-11 00:00:00+05:30,113.34459274346807,116.38699780552786,112.92701225652192,115.4026870727539,12982042
2021-10-12 00:00:00+05:30,115.67114810662723,116.1185609960519,114.32890943835324,115.3430404663086,8539966
2021-10-13 00:00:00+05:30,116.38702173283734,121.9945999013969,115.82030350735211,118.95219421386719,33075614
2021-10-14 00:00:00+05:30,119.42942608675696,122.85959206035145,118.2661572634966,122.0840835571289,19185455
2021-10-18 00:00:00+05:30,125.15629882296174,125.24577168781484,120.5926851045673,121.57699584960938,38546365
2021-10-19 00:00:00+05:30,121.69633486941119,122.17358025305255,117.52048024153925,118.50479125976562,16174177
2021-10-20 00:00:00+05:30,119.31013470445134,119.4592723728319,115.34307029815743,115.93962097167969,21909934
2021-10-21 00:00:00+05:30,117.07303397332612,117.72923708669818,115.4325201214706,115.76062774658203,16946547
2021-10-22 00:00:00+05:30,116.8642579192792,117.52046111233294,114.09029536920647,115.99925231933594,7705870
2021-10-25 00:00:00+05:30,115.99925987730974,116.32736756364073,113.64288985063364,114.92547607421875,7862419
2021-10-26 00:00:00+05:30,114.89562000725938,115.10441024786498,113.1656211880906,113.58321380615234,8525850
2021-10-27 00:00:00+05:30,113.43410651869925,114.44823775102194,112.47962792295077,113.49375915527344,9862679
2021-10-28 00:00:00+05:30,113.76219350579132,114.00081617093963,110.51099762081091,110.89875793457031,11095238
2021-10-29 00:00:00+05:30,111.49531700083713,112.53928062043887,108.15463584548232,110.3917007446289,12988035
2021-11-01 00:00:00+05:30,110.12321346056062,112.44976270246441,110.09339321940753,112.00234985351562,5475153
2021-11-02 00:00:00+05:30,112.53926237034281,114.09029135485544,110.45133546973108,110.66012573242188,10946890
2021-11-03 00:00:00+05:30,110.66012418694444,111.73392000414604,109.16874785019317,109.73546600341797,13957727
2021-11-04 00:00:00+05:30,110.3320359711686,110.86893397433455,109.91445537806943,110.3917007446289,830214
2021-11-08 00:00:00+05:30,111.91288902664289,113.55340316043039,110.12323724432923,112.8375473022461,11947323
2021-11-09 00:00:00+05:30,113.55338360860682,113.55338360860682,110.54081090920072,111.2864990234375,10381150
2021-11-10 00:00:00+05:30,110.9285752530447,111.25668292606636,109.49686357366588,110.0039291381836,13857851
2021-11-11 00:00:00+05:30,110.36185647116169,110.51099411504164,107.79668414168556,108.66168975830078,8851354
2021-11-12 00:00:00+05:30,109.58634341269861,109.58634341269861,107.55808102577795,108.57221221923828,9590673
2021-11-15 00:00:00+05:30,108.69152150706415,112.5989330449551,108.57221623407592,112.33049011230469,24821341
2021-11-16 00:00:00+05:30,112.74806082151284,114.14995227208173,111.25668435561981,111.91288757324219,23206330
2021-11-17 00:00:00+05:30,111.55495834083206,115.61150713523972,111.55495834083206,113.97099304199219,18359498
2021-11-18 00:00:00+05:30,114.44822298338822,115.99925201845181,113.97098981551987,114.83598327636719,10742933
2021-11-22 00:00:00+05:30,115.96940739638197,117.52043610542886,114.53768392001189,115.85009002685547,25095721
2021-11-23 00:00:00+05:30,115.28339447348345,120.7418344658338,115.22374184549889,120.41372680664062,19671538
2021-11-24 00:00:00+05:30,120.62253215814069,123.7544229559529,120.50322688725119,121.27874755859375,18120478
2021-11-25 00:00:00+05:30,120.86114807561289,122.29287193046206,120.05580720002678,121.845458984375,18537454
2021-11-26 00:00:00+05:30,121.72616858668502,122.2630544780775,119.787378916855,120.50323486328125,12814537
2021-11-29 00:00:00+05:30,118.71355561102821,121.69630826457164,118.41528034567388,119.45924377441406,16066147
2021-11-30 00:00:00+05:30,119.48906164976113,124.97732101126766,119.48906164976113,123.33680725097656,37739647
2021-12-01 00:00:00+05:30,123.48597275127761,124.52993628902996,122.11390153263338,123.60527801513672,20332817
2021-12-02 00:00:00+05:30,124.67906267215044,128.85491644585883,123.18768632439745,127.96009063720703,33758843
2021-12-03 00:00:00+05:30,127.15476818311339,129.123377964074,122.59115347316501,122.94908142089844,47614182
2021-12-06 00:00:00+05:30,123.6947785077844,124.0825388691213,120.11547450194436,120.50323486328125,11322446
2021-12-07 00:00:00+05:30,120.86113448385152,123.45612685195907,120.5926916011289,122.77010345458984,8049102
2021-12-08 00:00:00+05:30,122.38237429477445,123.87375099313422,121.42789563519511,122.173583984375,8788449
2021-12-09 00:00:00+05:30,122.591133878508,123.15785202709866,120.56285964974144,121.21906280517578,5755422
2021-12-10 00:00:00+05:30,121.84544675120698,121.84544675120698,120.41372304010153,120.8909683227539,6164402
2021-12-13 00:00:00+05:30,122.59114738053975,125.06683477934216,121.51735145385224,121.93494415283203,21648126
2021-12-14 00:00:00+05:30,121.75594728900698,127.15473384356685,121.2190494439753,126.61783599853516,48042035
2021-12-15 00:00:00+05:30,127.12493918058351,128.64614817000495,123.96322806512588,125.18614959716797,15207306
2021-12-16 00:00:00+05:30,126.11078168002865,126.34940431412107,123.06837647169145,124.20181274414062,13410737
2021-12-17 00:00:00+05:30,124.20180993463522,125.57388094699122,122.32268555868603,125.24577331542969,15209414
2021-12-20 00:00:00+05:30,125.72304760148458,126.85649624685213,123.78425801806905,125.18614959716797,22539246
2021-12-21 00:00:00+05:30,126.14062060778618,126.31959064407748,122.17356879290922,123.24735260009766,17566511
2021-12-22 00:00:00+05:30,123.37082550240419,125.34672951408285,122.25937164427786,124.45140075683594,14750231
2021-12-23 00:00:00+05:30,125.03800111104395,129.4220470325624,124.76014391134957,128.65020751953125,15932489
2021-12-24 00:00:00+05:30,128.55758732930488,128.86632314187526,126.48905989758188,126.82867431640625,8975969
2021-12-27 00:00:00+05:30,126.82867728207674,127.97099730279983,126.58168611374651,127.26090240478516,8648187
2021-12-28 00:00:00+05:30,127.60052159644978,128.83546492172394,125.53199403911421,126.9521713256836,15736206
2021-12-29 00:00:00+05:30,125.34677965462932,127.137450447909,125.16153308334314,126.33473205566406,17172943
2021-12-30 00:00:00+05:30,126.33470203047675,130.5335144400891,124.51316561656022,126.79780578613281,87481206
2021-12-31 00:00:00+05:30,125.9642133626578,127.32264593274827,125.68635615229603,126.2112045288086,9842223
2022-01-03 00:00:00+05:30,126.8286867433962,127.78576031864537,126.0568471363435,126.58169555664062,7410054
2022-01-04 00:00:00+05:30,127.38442973772564,131.52148552501683,126.89044730230498,130.03955078125,14784090
2022-01-05 00:00:00+05:30,129.66904870672656,130.50263293591402,128.46498399373274,128.83546447753906,9565107
2022-01-06 00:00:00+05:30,128.27976633677125,128.8663595212551,126.36560627095999,127.1683120727539,5615931
2022-01-07 00:00:00+05:30,127.78575269251498,128.74283877313977,126.27295217797163,126.7051773071289,11908249
2022-01-10 00:00:00+05:30,127.97100102667714,127.97100102667714,125.6246037030002,125.96421813964844,11085710
2022-01-11 00:00:00+05:30,126.30385030728615,127.07568998757391,125.65549995084652,125.87161254882812,7208789
2022-01-12 00:00:00+05:30,127.1991543674808,127.63137947868404,126.18032367679619,126.5508041381836,11018139
2022-01-13 00:00:00+05:30,128.18712135835085,130.59526348114014,127.53878361615352,128.43411254882812,20522807
2022-01-14 00:00:00+05:30,128.4032286888252,129.4529380648088,127.53877840124181,128.2797393798828,14183654
2022-01-17 00:00:00+05:30,129.14421672674953,129.39120793485307,127.07568891356003,127.41529083251953,7574539
2022-01-18 00:00:00+05:30,127.35353273500469,128.34148490069273,126.33470196062598,126.67431640625,8475422
2022-01-19 00:00:00+05:30,127.19915424631003,128.06361703038536,124.1426747396602,126.36557006835938,13724367
2022-01-20 00:00:00+05:30,127.87839698071824,132.97253892093573,126.82870003015624,132.54031372070312,30170343
2022-01-21 00:00:00+05:30,132.07719999097972,135.38067109470285,131.52147294491087,132.8181610107422,29509593
2022-01-24 00:00:00+05:30,133.6208811563547,134.45446545609803,130.59526725127319,132.13894653320312,12850189
2022-01-25 00:00:00+05:30,131.83021108979665,135.96726655333123,130.8731249070042,135.13368225097656,27389035
2022-01-27 00:00:00+05:30,134.60882614492172,135.41154435335216,131.12010864288723,132.66378784179688,28512473
2022-01-28 00:00:00+05:30,134.30008977181987,134.30008977181987,129.2059484356474,129.79254150390625,18932049
2022-01-31 00:00:00+05:30,130.90398146238985,133.83697161308018,130.4099991488557,133.00338745117188,19907759
2022-02-01 00:00:00+05:30,133.99136613088973,134.02224474255365,130.47178227595174,131.4906005859375,8622355
2022-02-02 00:00:00+05:30,132.66379497656047,134.4853440667343,131.67584274862415,132.13894653320312,9921099
2022-02-03 00:00:00+05:30,132.13893975419174,132.75641143528608,130.28652471090868,130.47177124023438,4594389
2022-02-04 00:00:00+05:30,130.90398493321254,131.73756911722273,129.11331470228802,129.48379516601562,7329263
2022-02-07 00:00:00+05:30,130.31739726121498,132.32418013147182,129.66904700121174,131.92282104492188,7869237
2022-02-08 00:00:00+05:30,132.13892856305725,133.0033913558748,128.7428346046609,129.69992065429688,9074237
2022-02-09 00:00:00+05:30,130.0395091343276,130.68785930286236,128.86631064780767,129.26766967773438,9833985
2022-02-10 00:00:00+05:30,129.699917006625,133.18862156123117,129.699917006625,130.9348602294922,19180334
2022-02-11 00:00:00+05:30,129.79256062108064,130.90401482858562,127.84753460168986,128.31063842773438,20071130
2022-02-14 00:00:00+05:30,127.78574516693809,127.78574516693809,124.26616200109643,124.63664245605469,12109375
2022-02-15 00:00:00+05:30,124.72927439611342,125.8715944461535,122.87685942983452,125.62460327148438,19046061
2022-02-16 00:00:00+05:30,126.03710537643177,127.56021500355806,124.19668178163494,124.57746887207031,20270061
2022-02-17 00:00:00+05:30,125.81499823943007,126.19577244876737,124.38708527076062,125.02171325683594,16405551
2022-02-18 00:00:00+05:30,124.89478687165798,127.02078794137559,123.91110837550833,124.19668579101562,14600643
2022-02-21 00:00:00+05:30,124.19667971625451,126.29095703266779,124.10149585676696,125.75152587890625,10682638
2022-02-22 00:00:00+05:30,123.2447378290736,125.94190650941951,121.72164113881469,125.75152587890625,13606058
2022-02-23 00:00:00+05:30,125.87845284500303,126.60827757876734,125.4024818766618,125.68807220458984,6493463
2022-02-24 00:00:00+05:30,123.1178362605474,124.38709230447058,120.51586395281295,121.27741241455078,13145037
2022-02-25 00:00:00+05:30,122.19761446641817,125.59287134796219,121.94376070924307,125.21209716796875,10920938
2022-02-28 00:00:00+05:30,125.30732565409433,133.43057130733908,124.41885655488511,132.73248291015625,31938385
2022-03-02 00:00:00+05:30,131.84395227783065,135.2709456774682,130.86027382305582,133.84303283691406,20502615
2022-03-03 00:00:00+05:30,133.71610032352444,139.205634526489,133.71610032352444,138.25369262695312,19805555
2022-03-04 00:00:00+05:30,137.04790043037298,138.031578915999,133.8747606851776,136.47674560546875,12794317
2022-03-07 00:00:00+05:30,133.58919382112762,136.57194025251792,132.54205504022175,135.04884338378906,17635653
2022-03-08 00:00:00+05:30,135.81041409918365,141.7759208522038,133.14498123007806,134.76327514648438,28410490
2022-03-09 00:00:00+05:30,136.54020265844764,137.07963382034038,131.11412865511048,132.06607055664062,22830958
2022-03-10 00:00:00+05:30,133.9065059844263,134.16035976291323,131.39973058677444,132.54205322265625,16516553
2022-03-11 00:00:00+05:30,132.82763817309205,135.1757564778093,131.8439596632154,134.8267059326172,12992850
2022-03-14 00:00:00+05:30,134.82672207926709,135.81040070694766,133.0180347456182,135.42962646484375,12598659
2022-03-15 00:00:00+05:30,135.30269601582367,136.47676824554324,132.19302887890174,133.04977416992188,14528285
2022-03-16 00:00:00+05:30,134.06515543751289,134.414205977232,132.60550597700967,132.85935974121094,11933774
2022-03-17 00:00:00+05:30,134.54113162531715,135.01710260984066,131.84396271301716,134.25555419921875,28464621
2022-03-21 00:00:00+05:30,137.0796625442038,137.0796625442038,129.78143976985965,130.03529357910156,17797415
2022-03-22 00:00:00+05:30,130.09873528736827,132.95456118392025,129.495843873823,132.4468536376953,13285297
2022-03-23 00:00:00+05:30,132.9545833984953,133.6526717075395,132.19303486345459,133.33535766601562,9408783
2022-03-24 00:00:00+05:30,133.27187751960076,134.03342594081127,132.0026215432236,133.7478485107422,11188958
2022-03-25 00:00:00+05:30,133.7478624473627,133.7795990146949,131.17761366276147,133.04977416992188,9842670
2022-03-28 00:00:00+05:30,133.04975492347407,135.01709902496125,131.6853022217601,134.7315216064453,12823578
2022-03-29 00:00:00+05:30,135.7152023069457,136.09597654452799,133.0814933870627,134.09690856933594,10470515
2022-03-30 00:00:00+05:30,135.2392433776619,138.7931580988535,134.4142346077029,137.7777557373047,54218485
2022-03-31 00:00:00+05:30,136.79410190322466,137.87296458576895,136.28639422229634,137.58738708496094,10326026
2022-04-01 00:00:00+05:30,137.1431151876501,143.2672782812034,137.1431151876501,142.8230438232422,39663961
2022-04-04 00:00:00+05:30,143.42592558130795,144.75864177652548,142.18840616679302,144.3144073486328,9907530
2022-04-05 00:00:00+05:30,145.9326978773383,148.88372054725255,143.9970902979824,147.90005493164062,17167487
2022-04-06 00:00:00+05:30,146.82118924354626,151.3270455847894,146.69426880468197,150.18472290039062,17153675
2022-04-07 00:00:00+05:30,149.7404528474968,152.2472408832429,145.9644218808467,146.8211669921875,11913911
2022-04-08 00:00:00+05:30,147.8683405049789,148.56642880059115,146.3452305526623,147.61448669433594,6746769
2022-04-11 00:00:00+05:30,147.55098554549718,149.4866057893112,144.94901375904539,146.53558349609375,12413822
2022-04-12 00:00:00+05:30,145.48843282632754,148.28079791435277,145.07592214658462,147.93174743652344,14769907
2022-04-13 00:00:00+05:30,149.10584266157517,149.35969644256568,144.40960581517882,145.64712524414062,11015439
2022-04-18 00:00:00+05:30,145.64713434522164,147.10678399347185,144.4096148389307,146.66253662109375,19069923
2022-04-19 00:00:00+05:30,147.67793413962337,148.09044493227842,143.74324560554456,144.59999084472656,15036942
2022-04-20 00:00:00+05:30,144.8538318247522,145.32980279460352,141.80761245308818,144.060546875,9814641
2022-04-21 00:00:00+05:30,143.4893678262909,145.10767416092784,142.94993668525788,144.2191925048828,11134333
2022-04-22 00:00:00+05:30,142.8230481467327,146.09137228254298,142.60091799948748,143.07688903808594,12032249
2022-04-25 00:00:00+05:30,142.1249375935268,143.99709796887905,140.57010413453278,141.42684936523438,11042683
2022-04-26 00:00:00+05:30,144.06055690364465,147.36061735972896,142.37879011078755,146.97984313964844,15389155
2022-04-27 00:00:00+05:30,146.82116686841326,147.77310874944234,144.34611539543,145.5201873779297,12680209
2022-04-28 00:00:00+05:30,148.12214963558654,149.9308365095852,145.99614882188507,149.51832580566406,18378146
2022-04-29 00:00:00+05:30,149.20102708948795,149.9943120196868,144.09227988593065,144.53651428222656,9026331
2022-05-02 00:00:00+05:30,143.36248418345806,148.02699793478618,143.36248418345806,146.94813537597656,12634353
2022-05-04 00:00:00+05:30,147.8683565718758,151.96170290892658,147.80489634020498,150.7876434326172,23124643
2022-05-05 00:00:00+05:30,151.29532218458075,152.72323522612905,147.77313151747893,148.34429931640625,16481935
2022-05-06 00:00:00+05:30,146.88464623265133,151.77128960609912,146.88464623265133,151.29531860351562,17715186
2022-05-09 00:00:00+05:30,151.67610590481203,156.4040797736302,149.55010449222013,155.57907104492188,54118806
2022-05-10 00:00:00+05:30,155.9915738086036,157.60986752645636,153.89729616015853,154.6271209716797,30997494
2022-05-11 00:00:00+05:30,154.84921296456167,157.3877246525053,151.48567981342111,151.80299377441406,15412618
2022-05-12 00:00:00+05:30,151.67606889357157,153.51649239550824,147.3288703381345,149.70872497558594,26538994
2022-05-13 00:00:00+05:30,152.21553783624023,152.21553783624023,147.93179842483644,149.96261596679688,15074553
2022-05-16 00:00:00+05:30,149.45487413012356,150.97798370993561,147.86830434105644,149.2644805908203,7960529
2022-05-17 00:00:00+05:30,149.07412441817934,151.8664902873236,147.70967159343996,151.4539794921875,15470937
2022-05-18 00:00:00+05:30,150.7241396672178,151.20011063458796,144.12400633737712,144.6317138671875,19181550
2022-05-19 00:00:00+05:30,141.52202594649046,145.7423041904311,140.66528083809064,144.88555908203125,15085602
2022-05-20 00:00:00+05:30,146.44041950487755,147.93179280918469,143.9019073574474,145.36155700683594,15148281
2022-05-23 00:00:00+05:30,147.23371057432743,147.23371057432743,142.2836065197121,142.53746032714844,11572501
2022-05-24 00:00:00+05:30,142.79129095539648,145.74231355078246,142.537437189168,144.060546875,16336858
2022-05-25 00:00:00+05:30,144.94905606459676,145.5836841446418,141.2364843786415,142.6961212158203,11062614
2022-05-26 00:00:00+05:30,144.0605338078005,145.39324982019068,142.09318989317333,144.1874542236328,14150454
2022-05-27 00:00:00+05:30,145.07595815327934,145.10769471788115,141.77589771936044,142.6009063720703,8430491
2022-05-30 00:00:00+05:30,142.47398114073837,145.90097480616421,142.34706070968306,144.8538360595703,9305758
2022-05-31 00:00:00+05:30,144.8538327327947,149.23276826518477,144.8220961699901,147.8048553466797,26351545
2022-06-01 00:00:00+05:30,147.3288863392686,147.86831753337006,144.7903744502837,145.45672607421875,10282009
2022-06-02 00:00:00+05:30,145.58366555568557,145.58366555568557,142.50572234278476,143.14035034179688,10071898
2022-06-03 00:00:00+05:30,143.42591857910156,144.75863470925447,142.79129062078695,143.42591857910156,16082518
2022-06-06 00:00:00+05:30,143.42591604770226,144.34612140640172,141.8710827418891,142.66436767578125,12693293
2022-06-07 00:00:00+05:30,142.12497132667514,143.58462125990127,141.96631428660893,142.7913360595703,9103195
2022-06-08 00:00:00+05:30,141.55379520622344,143.74325686807438,141.55379520622344,142.5057373046875,11240130
2022-06-09 00:00:00+05:30,142.60092442150528,143.23555250155033,140.25280568995515,142.6961212158203,9468041
2022-06-10 00:00:00+05:30,140.91916375051863,144.3461448933143,140.91916375051863,142.4422607421875,9019239
2022-06-13 00:00:00+05:30,140.79224404950344,143.10863924035866,140.5701267926361,141.10955810546875,10186775
2022-06-14 00:00:00+05:30,141.10952157216207,144.25093765983013,140.88740437280094,142.1249237060547,17023962
2022-06-15 00:00:00+05:30,142.31532222374486,143.6163147264148,140.8239490770636,141.0460662841797,5898563
2022-06-16 00:00:00+05:30,141.74416932539205,142.34707370680172,136.85753861049494,137.30177307128906,11883333
2022-06-17 00:00:00+05:30,135.93731889544196,137.65082232379547,133.43054334093003,134.12863159179688,19675226
2022-06-20 00:00:00+05:30,132.7007319571129,133.84306769165286,130.9555046975079,132.1613006591797,7402273
2022-06-21 00:00:00+05:30,132.6689794407703,135.27095147952082,131.55838051714784,133.49398803710938,9459619
2022-06-22 00:00:00+05:30,133.77956871713837,134.06514611228903,132.12952582037218,133.6843719482422,10257637
2022-06-23 00:00:00+05:30,133.33533492555753,134.35073710294785,130.82855958966834,132.35166931152344,13114525
2022-06-24 00:00:00+05:30,134.54111959619524,134.54111959619524,131.8439509250451,132.60549926757812,9499105
2022-06-27 00:00:00+05:30,135.39787681515162,135.39787681515162,133.04975845611796,134.25555419921875,17545390
2022-06-28 00:00:00+05:30,132.98627884076933,134.25553461434276,132.22471762970284,133.46224975585938,6770087
2022-06-29 00:00:00+05:30,132.70069956535303,136.44500699066026,132.2881888223759,133.96995544433594,41502918
2022-06-30 00:00:00+05:30,134.22383783812847,136.28637908150398,133.52574953806348,134.47769165039062,22260722
2022-07-01 00:00:00+05:30,133.93820564648178,135.1122645230301,130.2256225960072,131.05064392089844,11133663
2022-07-04 00:00:00+05:30,130.1305021707463,134.63635927506803,130.1305021707463,133.7161407470703,20178279
2022-07-05 00:00:00+05:30,133.90651301489535,137.0479165679273,133.87477644909092,135.9055938720703,20083997
2022-07-06 00:00:00+05:30,135.8103992850761,135.90559607249054,132.12955152301396,133.55746459960938,19203527
2022-07-07 00:00:00+05:30,135.3344016080583,136.6353939862562,134.60457693032626,134.89016723632812,14069302
2022-07-08 00:00:00+05:30,135.81039355958245,139.23738738124436,134.95364833205193,138.8566131591797,17142257
2022-07-11 00:00:00+05:30,139.61814949174396,140.41143443203796,137.2065581086347,137.74600219726562,10826079
2022-07-12 00:00:00+05:30,136.50847468631318,137.68253385643186,135.27095530107385,135.49307250976562,8503695
2022-07-13 00:00:00+05:30,136.12771434976565,137.52389087078808,135.46134974427648,136.09597778320312,10210005
2022-07-14 00:00:00+05:30,139.14220434713687,139.14220434713687,135.08058211683925,136.34983825683594,10898403
2022-07-15 00:00:00+05:30,137.71429846899844,137.71429846899844,132.51035318455624,132.82766723632812,22067479
2022-07-18 00:00:00+05:30,133.49400221225386,134.79499482554525,132.57379674244106,133.4305419921875,15155654
2022-07-19 00:00:00+05:30,133.2084208852981,134.22382311139788,133.01802731910573,133.27188110351562,14922395
2022-07-20 00:00:00+05:30,134.09690630691418,134.73153432935763,132.3199426794565,132.79591369628906,14181034
2022-07-21 00:00:00+05:30,133.24013556530505,135.3026764434772,132.9228215840478,134.7315216064453,12461554
2022-07-22 00:00:00+05:30,135.7786565596563,135.7786565596563,132.9545671008882,133.27188110351562,9272199
2022-07-25 00:00:00+05:30,133.27187941989888,133.90650741713648,131.621849209389,131.9391632080078,6635194
2022-07-26 00:00:00+05:30,131.93916566507673,133.90650991084274,131.43145809321587,132.70071411132812,11451315
2022-07-27 00:00:00+05:30,133.20840101529916,133.90648913464136,132.8910870600038,133.6843719482422,9209354
2022-07-28 00:00:00+05:30,133.90649736169686,136.31808873472204,133.30360597420992,135.9373016357422,13192642
2022-07-29 00:00:00+05:30,137.3335023593159,138.2219841453568,135.08056778523428,135.77865600585938,15433067
2022-08-01 00:00:00+05:30,136.47675857806888,139.71335884351078,135.90559078733446,138.95179748535156,12136557
2022-08-02 00:00:00+05:30,139.58643679211886,141.77591134854893,137.93640641653883,141.26820373535156,17748747
2022-08-03 00:00:00+05:30,141.7441750158055,142.63265688460288,139.39605635184333,141.90283203125,12406038
2022-08-04 00:00:00+05:30,142.15668969797736,142.2836101491626,139.04700952852582,140.12588500976562,9712267
2022-08-05 00:00:00+05:30,140.6970075786736,142.63262793890027,138.8883205519674,141.93453979492188,14099223
2022-08-08 00:00:00+05:30,142.79131909008566,143.61634076500053,140.31626697688256,140.823974609375,8392041
2022-08-10 00:00:00+05:30,140.09412849989513,142.7278372352022,139.96720806677604,141.83935546875,8585266
2022-08-11 00:00:00+05:30,142.56918494719642,143.99709796887905,140.69702457184417,141.42684936523438,5040626
2022-08-12 00:00:00+05:30,141.52203704503316,145.0759510880715,140.88740907622136,144.72691345214844,13279062
2022-08-16 00:00:00+05:30,145.4567210821913,145.9326920450408,144.09228131792037,145.23460388183594,11298246
2022-08-17 00:00:00+05:30,145.23462944648438,146.56734579474409,144.5048045926747,145.01251220703125,11225465
2022-08-18 00:00:00+05:30,144.66342947772824,147.04328418230725,144.53650905809926,146.8211669921875,11360485
2022-08-19 00:00:00+05:30,146.40462221384047,147.2056980916539,144.64225528265098,146.21237182617188,9829530
2022-08-22 00:00:00+05:30,146.18032813607846,147.91065990914285,144.61022458191974,144.80247497558594,9190493
2022-08-23 00:00:00+05:30,144.16160217291585,146.6609613878937,143.68095667151024,145.82785034179688,8903751
2022-08-24 00:00:00+05:30,145.69968155079246,147.36591680902194,145.15495254845618,147.0454864501953,13007225
2022-08-25 00:00:00+05:30,147.71838885398654,148.03881919857218,144.25773852479264,145.0267791748047,12124365
2022-08-26 00:00:00+05:30,145.21902929093733,148.16698584802398,145.21902929093733,147.68634033203125,7966045
2022-08-29 00:00:00+05:30,146.27644333600776,146.69300536610098,144.57816000614667,145.50741577148438,7517013
2022-08-30 00:00:00+05:30,146.24439405135473,147.55816358963995,146.18031059448933,147.1416015625,7214498
2022-09-01 00:00:00+05:30,144.2257094175765,147.46204821186055,144.19366116642388,144.8986053466797,13109081
2022-09-02 00:00:00+05:30,145.79579936139038,146.66095864004203,143.4246201475535,143.6809539794922,6897237
2022-09-05 00:00:00+05:30,144.19364837321095,144.54612695123842,142.07880298173313,143.16827392578125,18055474
2022-09-06 00:00:00+05:30,143.5528142345388,146.11625734586985,143.5528142345388,144.22572326660156,14103701
2022-09-07 00:00:00+05:30,142.94398373281265,145.4433300213399,142.94398373281265,143.80914306640625,7866745
2022-09-08 00:00:00+05:30,144.8345175743077,145.41129480948487,143.20031758102982,143.80914306640625,7187735
2022-09-09 00:00:00+05:30,144.8665375060097,144.93062095553697,142.5914772602289,142.8478240966797,9162027
2022-09-12 00:00:00+05:30,143.26443332925797,144.00141279941323,142.39926084108265,143.52076721191406,8778919
2022-09-13 00:00:00+05:30,143.7450921567941,145.79584163700875,143.42466173561388,145.3472442626953,11278383
2022-09-14 00:00:00+05:30,144.19366188003147,149.4487145643214,144.00139844885354,149.03216552734375,25072958
2022-09-15 00:00:00+05:30,149.6089342377945,152.68507099896692,148.90399003287646,152.2685089111328,23606369
2022-09-16 00:00:00+05:30,152.78119630318074,152.8132315157645,149.57689274413056,151.01882934570312,29399642
2022-09-19 00:00:00+05:30,151.2110584111398,152.58891135488346,148.4553655619952,149.41665649414062,13920046
2022-09-20 00:00:00+05:30,149.96138942634295,151.4033258631347,148.74375160538352,149.12826538085938,20162973
2022-09-21 00:00:00+05:30,149.86526036768913,150.1856906926311,143.74504898430354,145.50741577148438,14468837
2022-09-22 00:00:00+05:30,143.55281112516644,145.0908795663195,140.44463902767012,141.05345153808594,26264530
2022-09-23 00:00:00+05:30,139.89989112033024,140.82913388741247,126.95449761119998,129.80633544921875,87162722
2022-09-26 00:00:00+05:30,128.17212896970366,134.16417339136865,119.42437855985274,128.71685791015625,167547134
2022-09-27 00:00:00+05:30,131.88914473631507,133.23494967477848,128.97322317102348,131.2803192138672,54127095
2022-09-28 00:00:00+05:30,131.5046139540707,134.8370975065167,129.80634348416683,133.1067657470703,52877873
2022-09-29 00:00:00+05:30,133.90783894298156,135.92655276911756,132.04935333125877,133.2990264892578,36761869
2022-09-30 00:00:00+05:30,132.65817566716336,140.156241250404,132.65817566716336,135.9906463623047,62897614
2022-10-03 00:00:00+05:30,136.50334860917252,137.56077152296916,133.93990544280308,135.0934600830078,11740863
2022-10-04 00:00:00+05:30,135.9265619386094,136.0867771254862,133.29903548149892,133.58741760253906,19179333
2022-10-06 00:00:00+05:30,133.8437665761462,135.1575363441625,131.7609691145834,132.20957946777344,20692745
2022-10-07 00:00:00+05:30,130.73559263804492,134.42054194034276,130.73559263804492,134.1962432861328,14282850
2022-10-10 00:00:00+05:30,133.26696103373425,135.83040351989095,133.01062721579277,133.90782165527344,16834226
2022-10-11 00:00:00+05:30,134.58072274297592,135.50996537515016,132.36975894182098,133.52330017089844,17807162
2022-10-12 00:00:00+05:30,134.86914240157714,138.3938765992157,134.16419816971856,138.13754272460938,35288330
2022-10-13 00:00:00+05:30,137.75299751881124,139.259030542765,136.66353958156424,137.1121368408203,16436903
2022-10-14 00:00:00+05:30,139.70760850399242,139.70760850399242,135.57406291726159,136.2790069580078,23365190
2022-10-17 00:00:00+05:30,135.8304256280017,137.75300780554366,135.2216131537847,135.76634216308594,9520537
2022-10-18 00:00:00+05:30,136.47129057312586,137.78506031706857,135.57409595987696,136.08677673339844,13256574
2022-10-19 00:00:00+05:30,136.50333139521115,139.00269077490506,136.47128314433456,137.08010864257812,11595367
2022-10-20 00:00:00+05:30,136.21496658429388,139.7076526861081,136.08678660285855,139.38722229003906,16371066
2022-10-21 00:00:00+05:30,138.00934703416277,140.28440769983013,137.14418771001607,139.259033203125,11634491
2022-10-24 00:00:00+05:30,140.8612059406393,141.14958807892413,140.0921651746364,140.25238037109375,1132859
2022-10-25 00:00:00+05:30,140.25234426392356,140.60482282072454,137.30438801571216,140.02804565429688,20622687
2022-10-27 00:00:00+05:30,140.5407669285314,144.0975362487446,139.29108064979818,143.4887237548828,24298489
2022-10-28 00:00:00+05:30,143.42466173561388,146.75713290054946,143.04013479951982,145.3472442626953,11669879
2022-10-31 00:00:00+05:30,146.0841918627151,147.55817669322954,145.2831159849017,146.21237182617188,11755682
2022-11-01 00:00:00+05:30,147.8145366196813,151.17905560326275,147.26980758238957,150.6984100341797,15220278
2022-11-02 00:00:00+05:30,150.69839177645352,151.59559933771067,149.22440699450652,149.51280212402344,12884449
2022-11-03 00:00:00+05:30,149.32054009799526,149.70505390259595,145.28311255382772,146.14828491210938,9358215
2022-11-04 00:00:00+05:30,146.1162538655823,147.04549675596817,144.1936715778773,144.9306640625,8059667
2022-11-07 00:00:00+05:30,145.66762896277805,148.6155853046837,145.09085177801882,146.11622619628906,14862038
2022-11-09 00:00:00+05:30,148.03882177734374,148.03882177734374,139.73968092334553,140.1882781982422,22831150
2022-11-10 00:00:00+05:30,138.4259220005368,141.08549672071618,136.8237701255306,137.72097778320312,16217631
2022-11-11 00:00:00+05:30,138.42591217211012,139.61150186776717,136.85580866142163,137.17623901367188,12123886
2022-11-14 00:00:00+05:30,138.42297721718165,140.22749583312128,137.96365054592798,138.68545532226562,18460862
2022-11-15 00:00:00+05:30,137.79959360758463,142.06481912400986,137.56993028827665,141.73672485351562,15258103
2022-11-16 00:00:00+05:30,141.70392231283262,142.68820520924086,140.06345081881884,142.4585418701172,9825807
2022-11-17 00:00:00+05:30,142.32732016290555,144.6567818489621,141.90079487244128,143.24598693847656,9449665
2022-11-18 00:00:00+05:30,143.27879333496094,143.57408624639208,142.29451033057578,143.27879333496094,5828998
2022-11-21 00:00:00+05:30,142.7210157669736,144.03339292345152,142.06482718873465,143.7381134033203,4712051
2022-11-22 00:00:00+05:30,143.377219168233,143.83654588041136,142.32732000454527,142.9178924560547,4366445
2022-11-23 00:00:00+05:30,143.21315218822073,143.5740612336967,140.58839796713076,141.17897033691406,13510578
2022-11-24 00:00:00+05:30,141.34304614144733,145.01770012619002,141.14618419486396,144.85365295410156,7622243
2022-11-25 00:00:00+05:30,144.85363420762337,144.95206516817646,142.13044883334214,144.7552032470703,10989671
2022-11-28 00:00:00+05:30,143.80374556306063,145.8051129388623,143.80374556306063,145.2145538330078,4526153
2022-11-29 00:00:00+05:30,145.21451203492862,145.83788573398613,143.40999376375444,143.9349365234375,6476054
2022-11-30 00:00:00+05:30,143.93497205827347,147.6096256840115,142.81945673713233,146.9862518310547,17317951
2022-12-01 00:00:00+05:30,146.98625457500066,147.54401224598348,144.68959434726628,145.60826110839844,13241961
2022-12-02 00:00:00+05:30,143.41003457451797,145.3457857489302,143.41003457451797,144.2302703857422,12880949
2022-12-05 00:00:00+05:30,144.16463809799305,145.83792446113347,142.5241665067542,145.60826110839844,16477957
2022-12-06 00:00:00+05:30,145.37859487291607,147.08468262393563,143.9677866623875,146.6581573486328,11299945
2022-12-07 00:00:00+05:30,146.2316535360993,147.05188943584204,144.65679793855446,145.05052185058594,5813973
2022-12-08 00:00:00+05:30,145.54264704037016,145.5754484625588,142.32732000454527,142.9178924560547,11176439
2022-12-09 00:00:00+05:30,143.3116043146531,143.67250006325813,141.5398869435466,142.524169921875,6020031
2022-12-12 00:00:00+05:30,141.73674683431756,143.0491241198205,140.81808006442708,141.44146728515625,8194429
2022-12-13 00:00:00+05:30,141.44146752588784,142.2617033307232,139.80099591621712,141.93360900878906,8235450
2022-12-14 00:00:00+05:30,141.93361143200949,144.7224132160627,141.93361143200949,143.8365478515625,10055353
2022-12-15 00:00:00+05:30,144.03339689496977,144.6239693017072,141.67112061821123,141.96640014648438,5385778
2022-12-16 00:00:00+05:30,141.08055896601326,143.18035729426776,139.50570354472632,139.8994140625,11166617
2022-12-19 00:00:00+05:30,140.45718201872708,143.8365427933507,140.09627293105277,143.6396942138672,7758862
2022-12-20 00:00:00+05:30,143.63968176500637,143.63968176500637,140.35873888937897,142.58978271484375,6541929
2022-12-21 00:00:00+05:30,142.425750411075,143.2131714431944,140.3259387417697,141.76956176757812,7005861
2022-12-22 00:00:00+05:30,141.80237128526667,142.3929437681686,139.66975807214894,141.08056640625,6961415
2022-12-23 00:00:00+05:30,140.03063528318054,141.27739616298877,138.09487110526547,138.6198272705078,4554651
2022-12-26 00:00:00+05:30,138.7839017023292,140.58842051878972,138.42299259896006,139.01356506347656,6864331
2022-12-27 00:00:00+05:30,139.73533119951296,141.2117552765924,138.9807251291567,139.53848266601562,13115851
2022-12-28 00:00:00+05:30,139.44007988462306,143.31159536086972,139.44007988462306,141.57269287109375,16815549
2022-12-29 00:00:00+05:30,140.45717757209337,142.06483432951006,140.0962684958448,141.57269287109375,22536873
2022-12-30 00:00:00+05:30,141.76954711917074,142.22887378208154,139.93221376714598,140.2274932861328,4643134
2023-01-02 00:00:00+05:30,140.7852632584213,141.40863706084065,139.76816563322066,141.1133575439453,5959394
2023-01-03 00:00:00+05:30,141.24457985060351,141.8679536085907,140.65400750871638,141.4742431640625,2873110
2023-01-04 00:00:00+05:30,141.3430504127068,141.3430504127068,138.12772307257026,138.48863220214844,9954542
2023-01-05 00:00:00+05:30,139.04637386267348,139.04637386267348,135.56856877119998,137.01219177246094,21273509
2023-01-06 00:00:00+05:30,136.58565595568592,137.99646407642862,136.19194547669028,136.55284118652344,11510471
2023-01-09 00:00:00+05:30,137.27466160577066,139.07918041122517,134.0265330960295,137.20904541015625,52485126
2023-01-10 00:00:00+05:30,137.73396734274857,139.40723998968807,137.14339502904502,138.98072814941406,17248326
2023-01-11 00:00:00+05:30,139.24322501756413,139.80099604552177,137.86523153420458,139.0791778564453,9164361
2023-01-12 00:00:00+05:30,140.1290824706466,140.35874581323162,138.71827429449397,140.0962677001953,21179555
2023-01-13 00:00:00+05:30,140.16185360871157,141.31018342372943,139.96500507910733,140.42433166503906,6560245
2023-01-16 00:00:00+05:30,141.0805395877535,141.67111195839146,139.5713005683665,141.50706481933594,8362194
2023-01-17 00:00:00+05:30,141.50708099555305,143.50844831070026,141.0149395221279,143.3115997314453,13000571
2023-01-18 00:00:00+05:30,143.24594664819315,144.459892633309,141.99918589988965,143.9349365234375,11171369
2023-01-19 00:00:00+05:30,143.57409035188886,145.18174729827845,143.4756593785972,144.85365295410156,11586815
2023-01-20 00:00:00+05:30,145.01768570544337,146.92063538247623,145.01768570544337,146.49411010742188,10112645
2023-01-23 00:00:00+05:30,146.98626397140666,149.80788062879205,146.6909844061841,147.70806884765625,14393610
2023-01-24 00:00:00+05:30,148.46265251538333,148.69231582713715,144.68956852880453,144.98484802246094,6150893
2023-01-25 00:00:00+05:30,144.82082590875424,145.18173499684576,142.91788955392087,143.96778869628906,5790331
2023-01-27 00:00:00+05:30,143.90218428123626,145.31297927697557,142.392944962296,143.86936950683594,10458603
2023-01-30 00:00:00+05:30,143.04912799578136,143.6068856871943,138.16052781490163,139.01356506347656,24288177
2023-01-31 00:00:00+05:30,139.50572970439904,144.49276168180003,139.21045009824692,142.16329956054688,20997546
2023-02-01 00:00:00+05:30,147.64244495374143,147.64244495374143,140.1618917393801,142.09765625,20246369
2023-02-02 00:00:00+05:30,141.73674745065105,142.45855229077796,138.68546757855,139.57131958007812,12820663
2023-02-03 00:00:00+05:30,139.8994179910818,141.17899389751892,138.06209773981251,140.9821319580078,10815686
2023-02-06 00:00:00+05:30,140.06344592464447,142.62258403592136,139.80098117492642,142.4257354736328,6948201
2023-02-07 00:00:00+05:30,143.0490988459941,143.1803312112815,141.14614944818834,142.2944793701172,10035526
2023-02-08 00:00:00+05:30,142.96620066501873,143.23487373567977,141.35417590633256,142.39527893066406,12432719
2023-02-09 00:00:00+05:30,142.39524964770132,143.70501180806693,142.39524964770132,142.96617126464844,7011082
2023-02-10 00:00:00+05:30,142.32808973604497,144.04085464616398,142.2945004834773,143.80577087402344,10892159
2023-02-13 00:00:00+05:30,143.8057683599598,145.41779281474925,143.7386035212764,145.0819549560547,7710133
2023-02-14 00:00:00+05:30,145.78723440259523,145.78723440259523,142.89902306490166,144.41029357910156,6010681
2023-02-15 00:00:00+05:30,143.2348681185351,144.54463049688354,143.06694916411712,144.074462890625,8107497
2023-02-16 00:00:00+05:30,145.68647655103044,145.68647655103044,143.73861409426738,144.14161682128906,3963115
2023-02-17 00:00:00+05:30,143.73859297317327,145.01477947561656,143.06691730507433,143.60426330566406,6491149
2023-02-20 00:00:00+05:30,144.81327324256907,145.75362192351807,143.87292456162007,144.94761657714844,6841917
2023-02-21 00:00:00+05:30,146.1230521361352,146.92905749973727,145.11553859899414,145.88795471191406,6701434
2023-02-22 00:00:00+05:30,145.0819609388277,145.95514487355223,143.0669337035662,144.17520141601562,9128659
2023-02-23 00:00:00+05:30,144.41028053847174,145.01479142261854,142.79825606917282,143.23484802246094,10345874
2023-02-24 00:00:00+05:30,142.66391959960907,144.6789466739954,142.66391959960907,144.44386291503906,9808830
2023-02-27 00:00:00+05:30,145.38419980827913,147.73506475843098,144.1080269104184,147.23130798339844,17763618
2023-02-28 00:00:00+05:30,148.17168515196673,149.7837098747056,146.92908760130877,149.2799530029297,36559278
2023-03-01 00:00:00+05:30,148.80974359513516,149.27991107729977,146.02228695444987,147.02980041503906,12896085
2023-03-02 00:00:00+05:30,146.4253183305922,148.44034564706823,144.94763709795453,148.00375366210938,79708558
2023-03-03 00:00:00+05:30,148.03732548903778,151.42927953995198,148.03732548903778,149.17916870117188,9951869
2023-03-06 00:00:00+05:30,150.45535530754168,153.67940410167122,149.78367961420446,152.57113647460938,15659957
2023-03-08 00:00:00+05:30,152.43680492764517,153.37715370410794,151.5972102460316,153.1756591796875,11591495
2023-03-09 00:00:00+05:30,153.81373977093529,154.7876640981337,151.4628747526022,151.6643829345703,13941653
2023-03-10 00:00:00+05:30,149.27992559597843,153.24281499277413,149.27992559597843,152.1681365966797,9605434
2023-03-13 00:00:00+05:30,153.17563568695363,154.5189869715039,151.39569250186935,151.86585998535156,13209653
2023-03-14 00:00:00+05:30,151.22776169996536,152.9741154995063,150.45533203903142,151.26133728027344,9583405
2023-03-15 00:00:00+05:30,152.20171001192958,154.51899936277363,151.59719915234953,153.34356689453125,12228069
2023-03-16 00:00:00+05:30,154.11597194601828,156.43326113046106,153.37713146637643,155.92950439453125,18437817
2023-03-17 00:00:00+05:30,157.1385267951022,157.1721160466932,153.34356996807696,154.28390502929688,33711025
2023-03-20 00:00:00+05:30,151.32853238596803,154.08239987204908,151.32853238596803,152.80621337890625,9281411
2023-03-21 00:00:00+05:30,152.63829747200765,152.94054606029704,149.4142487589635,149.88442993164062,11272787
2023-03-22 00:00:00+05:30,149.78369661795506,150.92553996014195,148.30601539097452,150.5225372314453,7589846
2023-03-23 00:00:00+05:30,150.45536594213618,150.79120381254273,148.60825765490011,149.2127685546875,17091298
2023-03-24 00:00:00+05:30,149.78367895069297,150.62327356364528,148.30599789800766,149.38067626953125,10371666
2023-03-27 00:00:00+05:30,149.716528265357,151.96663930768588,147.46641722302812,147.83583068847656,19983733
2023-03-28 00:00:00+05:30,148.60824709510484,149.8508443942571,146.89546861162674,149.17916870117188,8689166
2023-03-29 00:00:00+05:30,149.1791618567301,150.2538401833041,148.13807277938008,149.41424560546875,19743258
2023-03-31 00:00:00+05:30,150.45537041787856,152.30247876006234,149.78369465708445,151.5972137451172,10202058
2023-04-03 00:00:00+05:30,152.70547619817518,152.70547619817518,150.3546111167619,150.85836791992188,7643214
2023-04-05 00:00:00+05:30,152.201684973061,152.201684973061,150.25382304164884,151.5635986328125,12019382
2023-04-06 00:00:00+05:30,152.6047145498436,152.73905788986903,150.8919497030562,151.29495239257812,4282875
2023-04-10 00:00:00+05:30,151.26137324887026,154.0824195945865,151.1270435651458,153.8473358154297,4145643
2023-04-11 00:00:00+05:30,153.74656618459986,155.82875806360127,153.44430392884496,155.3921661376953,5106602
2023-04-12 00:00:00+05:30,155.42575786295313,155.52651194980922,152.50397133578787,152.67189025878906,9118795
2023-04-13 00:00:00+05:30,152.67187312215768,155.59365932136748,152.47036497106373,155.29139709472656,11428621
2023-04-17 00:00:00+05:30,156.231779835641,161.13501837463062,156.03028530578564,158.9520721435547,21815047
2023-04-18 00:00:00+05:30,159.11996138524987,159.52296403502,154.25031300944397,154.68690490722656,13482833
2023-04-19 00:00:00+05:30,153.81372633245275,155.425750651525,153.57864258421387,154.45181274414062,8264190
2023-04-20 00:00:00+05:30,155.05634604871278,156.43328681914562,154.25034060497734,155.08993530273438,7308750
2023-04-21 00:00:00+05:30,155.69445398210462,156.06386746837208,154.21675904119786,155.5265350341797,5030650
2023-04-24 00:00:00+05:30,155.1570947922454,156.0302787138973,154.45182980435132,155.79518127441406,5725067
2023-04-25 00:00:00+05:30,155.35857977416234,157.104933691349,154.92198787854673,156.43325805664062,8338703
2023-04-26 00:00:00+05:30,157.20569638913562,160.86632333289677,155.828755796376,160.06031799316406,13581018
2023-04-27 00:00:00+05:30,159.85882857161087,160.0603367628124,156.83628769525689,158.4818878173828,9794457
2023-04-28 00:00:00+05:30,159.15354859045684,159.82522427754932,156.56759992820608,159.3550567626953,10585487
2023-05-02 00:00:00+05:30,160.3289993422185,161.9746131625854,160.0267507146401,161.26934814453125,6732907
2023-05-03 00:00:00+05:30,161.2021795773016,162.5455310737791,160.39617414552632,161.00067138671875,4789217
2023-05-04 00:00:00+05:30,160.9670792859467,161.6723305500836,157.81019539390113,160.4297332763672,9189783
2023-05-05 00:00:00+05:30,160.39615467665843,162.20967351066713,159.9931383444108,161.9074249267578,3896441
2023-05-08 00:00:00+05:30,162.44474660384998,165.40012207654695,161.94098988686557,164.39260864257812,8758321
2023-05-09 00:00:00+05:30,163.9224623053876,165.83673534365744,163.0156891656959,163.48587036132812,9166941
2023-05-10 00:00:00+05:30,164.66131052657823,166.5419944009251,164.29188340316975,166.3404998779297,9689409
2023-05-11 00:00:00+05:30,166.37405681774118,167.38157031562483,165.63521631901511,166.9449920654297,12616726
2023-05-12 00:00:00+05:30,167.14650424767473,167.6502610499072,161.97460654419928,162.3776092529297,13853807
2023-05-15 00:00:00+05:30,163.48588593497632,164.99715642472293,162.78062090698316,163.3851318359375,12187763
2023-05-16 00:00:00+05:30,163.58664589293156,164.25832169020856,161.20219134648647,161.60519409179688,11418509
2023-05-17 00:00:00+05:30,161.80668018893232,162.47835589443616,159.48939080577773,160.3961639404297,11560929
2023-05-18 00:00:00+05:30,161.87384248397325,161.87384248397325,157.57511530321068,158.28038024902344,14497723
2023-05-19 00:00:00+05:30,158.28038743606564,159.52298479509824,155.8287683051065,156.97061157226562,10071694
2023-05-22 00:00:00+05:30,157.6422950861785,160.53050631443233,156.265367980138,157.40721130371094,12566129
2023-05-23 00:00:00+05:30,157.20572799770542,158.88491751417192,156.73554673392724,157.2393035888672,12458561
2023-05-24 00:00:00+05:30,159.72448542054062,159.7580610060579,157.7430339250516,158.38113403320312,8877971
2023-05-25 00:00:00+05:30,159.6572916639163,161.4036592328136,158.71695671484935,159.82521057128906,12502747
2023-05-26 00:00:00+05:30,159.7580547753661,159.7916440248503,157.7094521887397,159.38864135742188,6811801
2023-05-29 00:00:00+05:30,159.99315992380573,160.09391402045705,157.2392920519132,157.50796508789062,13638297
2023-05-30 00:00:00+05:30,158.44831102809954,158.44831102809954,156.9706161894707,157.9109649658203,9469926
2023-05-31 00:00:00+05:30,157.8438105060859,157.97814019785184,154.4854315591479,157.07138061523438,48104157
2023-06-01 00:00:00+05:30,156.46685325282655,157.2392830626229,154.51900460022384,156.5004425048828,8804790
2023-06-02 00:00:00+05:30,157.17213154489974,157.9109721652602,156.5676206135944,157.57513427734375,6617781
2023-06-05 00:00:00+05:30,158.81770196491132,159.85880468844653,157.7094480747123,158.2467803955078,27428302
2023-06-06 00:00:00+05:30,158.81771949520916,159.18714660957025,157.47436804702713,158.04530334472656,6898603
2023-06-07 00:00:00+05:30,158.98563615323278,161.23576072898996,158.61622270943073,160.66482543945312,11153571
2023-06-08 00:00:00+05:30,160.69841560646904,164.8627995939008,160.69841560646904,162.31044006347656,19300834
2023-06-09 00:00:00+05:30,163.58661824552806,164.89638036274673,162.41118579895044,164.49337768554688,11037141
2023-06-12 00:00:00+05:30,164.5605509867708,165.53447531221417,162.00817779106907,162.31044006347656,8188909
2023-06-13 00:00:00+05:30,162.54553625778027,163.5194606576762,162.17610911835573,162.7134552001953,6443218
2023-06-14 00:00:00+05:30,162.61269347702023,166.0382370086131,162.61269347702023,165.5680694580078,10297426
2023-06-15 00:00:00+05:30,165.87032274181522,165.87032274181522,163.75455503927384,165.53448486328125,9732749
2023-06-16 00:00:00+05:30,165.50090927459482,166.13899577769806,164.22472260311008,165.53448486328125,9702361
2023-06-19 00:00:00+05:30,165.5344582252102,166.77706910804554,162.81418004600354,163.2843475341797,10431647
2023-06-20 00:00:00+05:30,163.7881167799147,167.7174168934899,163.72095194294226,167.07933044433594,13426365
2023-06-21 00:00:00+05:30,167.11292539406654,173.9976015566933,167.07933614179635,173.42666625976562,31172093
2023-06-22 00:00:00+05:30,173.29232657358202,173.29232657358202,169.73243998018455,170.30337524414062,7430965
2023-06-23 00:00:00+05:30,170.33694885247178,171.04221377901146,167.61667056141147,167.986083984375,5593393
2023-06-26 00:00:00+05:30,167.91893634757764,168.08685528392522,166.00466320627086,166.9114227294922,7305362
2023-06-27 00:00:00+05:30,166.64273078174617,167.95250653574422,166.34048219674165,167.61666870117188,11142907
2023-06-28 00:00:00+05:30,168.45629108672665,169.5981344465922,165.53449051156238,168.0196990966797,17808717
2023-06-30 00:00:00+05:30,172.2848265284325,174.43418342057078,168.7249396564707,171.37806701660156,17659979
2023-07-03 00:00:00+05:30,170.97505275921986,171.24371210363256,167.58308505060194,168.2547607421875,12467239
2023-07-04 00:00:00+05:30,169.59810013808715,169.59810013808715,167.3815650464097,167.65023803710938,8637967
2023-07-05 00:00:00+05:30,167.7174135216191,170.57203519041306,167.58308385037483,170.10186767578125,5340907
2023-07-06 00:00:00+05:30,174.60209528933567,177.05371436306194,170.87430329926286,176.44920349121094,16705046
2023-07-07 00:00:00+05:30,176.34843656348139,176.34843656348139,171.07577210197394,171.57952880859375,13149183
2023-07-10 00:00:00+05:30,171.579572854201,172.21767304555576,166.911431640625,167.9189453125,15319047
2023-07-11 00:00:00+05:30,169.2622922637759,171.54599259086663,167.95252999213184,170.26980590820312,7486045
2023-07-12 00:00:00+05:30,170.60564546320285,171.109402290358,168.6913722530691,169.29588317871094,9390877
2023-07-13 00:00:00+05:30,169.0943446309189,169.39659320684984,162.34399889255135,163.2843475341797,30591450
2023-07-14 00:00:00+05:30,163.21718602979354,164.15753469059246,158.9856238888365,161.23574829101562,72085831
2023-07-17 00:00:00+05:30,162.88133850730802,164.52693831683865,160.664803486253,161.8738250732422,11474161
2023-07-18 00:00:00+05:30,161.87384003043954,163.68735891321757,160.93349133870112,161.97459411621094,14940593
2023-07-19 00:00:00+05:30,161.87386134619092,165.36656990082716,161.57161271435302,163.3851318359375,22954874
2023-07-20 00:00:00+05:30,163.85528503249566,165.13147162268314,162.74703103615556,164.05679321289062,10249082
2023-07-21 00:00:00+05:30,163.3851178035628,165.43373420205143,162.6798528361415,163.95603942871094,18466409
2023-07-24 00:00:00+05:30,163.92245979601,166.67632742866894,163.1164407580981,166.20614624023438,14825562
2023-07-25 00:00:00+05:30,167.2136656846623,168.92644424350067,166.6763333057183,168.6913604736328,10500017
2023-07-26 00:00:00+05:30,170.5384535866234,171.71388599699657,167.9189157675937,168.59059143066406,12898171
2023-07-27 00:00:00+05:30,169.26228303141448,170.2026317813112,167.71742339477862,168.38909912109375,10836773
2023-07-28 00:00:00+05:30,169.12795256361582,175.4081178423223,167.98609563503803,173.42666625976562,17518458
2023-07-31 00:00:00+05:30,175.97903350873182,179.33741201080687,174.06476049560447,178.69932556152344,24269734
2023-08-01 00:00:00+05:30,175.9790474249774,175.9790474249774,168.25477625937728,169.12796020507812,31395702
2023-08-02 00:00:00+05:30,169.86677847623696,170.47128930802242,165.63521631901511,166.9449920654297,20825405
2023-08-03 00:00:00+05:30,167.24723875422507,168.32191707340579,165.29937661399208,167.0457305908203,10882019
2023-08-04 00:00:00+05:30,166.57558427560633,167.28084927191665,165.6352355022852,166.1389923095703,7406390
2023-08-07 00:00:00+05:30,167.11291218049496,167.21365259878485,165.23221483817744,166.54197692871094,6345966
2023-08-08 00:00:00+05:30,167.94580149206317,167.94580149206317,164.79575050943205,165.37782287597656,15171726
2023-08-09 00:00:00+05:30,166.40503998626002,166.74743718787784,164.17945817574417,164.59033203125,18442141
2023-08-10 00:00:00+05:30,164.7273198771594,166.1653855174082,164.38492263271067,165.58331298828125,9962450
2023-08-11 00:00:00+05:30,168.1170205113595,168.63061629703577,166.26808125579595,167.29527282714844,23866073
2023-08-14 00:00:00+05:30,167.67189569774592,167.9800615180195,164.86424161758893,167.43222045898438,9188486
2023-08-16 00:00:00+05:30,167.50070177323465,170.27412457205267,166.43927884853656,169.86325073242188,9191471
2023-08-17 00:00:00+05:30,169.86328190422898,170.37687778106235,165.85722291918484,166.88441467285156,15301142
2023-08-18 00:00:00+05:30,166.85015406688214,166.85015406688214,164.41912843636462,165.0354461669922,12292241
2023-08-21 00:00:00+05:30,165.92570717678942,169.6235862029864,165.51481934527484,169.28118896484375,9129526
2023-08-22 00:00:00+05:30,169.82900041757438,171.30131107053307,168.9387621812244,169.69204711914062,11107830
2023-08-23 00:00:00+05:30,171.1985878854505,171.1985878854505,169.28115812826275,170.92466735839844,8487619
2023-08-24 00:00:00+05:30,171.1985895088921,173.01329734412172,168.32245877801347,168.66485595703125,18982087
2023-08-25 00:00:00+05:30,168.5621604378484,169.41815351956387,165.30938672732955,165.7202606201172,12851343
2023-08-28 00:00:00+05:30,166.40503291968608,170.51379916461661,166.09688102418718,170.17140197753906,11908665
2023-08-29 00:00:00+05:30,170.92467762046553,173.25298134193093,170.23988322780966,171.98611450195312,12363321
2023-08-30 00:00:00+05:30,172.08882156162815,172.2942515023487,168.76755789879402,169.21267700195312,6748007
2023-08-31 00:00:00+05:30,169.72628960581304,170.92467980830017,166.78168203900847,167.4664764404297,20715819
2023-09-01 00:00:00+05:30,169.14422885796492,172.97907498490812,167.9115932772216,172.7051544189453,13120723
2023-09-04 00:00:00+05:30,173.66384893971957,175.64975539337047,171.74643306861086,174.896484375,10240031
2023-09-05 00:00:00+05:30,174.82802870310687,175.99217369553656,173.25299589482785,174.1432342529297,10893186
2023-09-06 00:00:00+05:30,175.7867086624462,176.16335113765214,172.6709026478892,174.28016662597656,10018473
2023-09-07 00:00:00+05:30,173.93775874631416,176.47149217880335,172.67089203006955,175.9921417236328,13760453
2023-09-08 00:00:00+05:30,176.84814977230295,178.93677821760576,176.060633443803,177.1220703125,16781751
2023-09-11 00:00:00+05:30,178.2862133407835,181.4705099816133,176.40302880323847,181.12811279296875,17683806
2023-09-12 00:00:00+05:30,185.35100183560118,186.49232573852976,174.0747161017962,174.668212890625,29826173
2023-09-13 00:00:00+05:30,176.4030303955078,177.6813216039588,174.66822353025407,176.4030303955078,10692151
2023-09-14 00:00:00+05:30,177.31605316636958,178.63998591614254,176.8595236711255,178.18345642089844,10941807
2023-09-15 00:00:00+05:30,179.09653723451706,179.14219297603958,175.48995656905743,177.2247772216797,20516593
2023-09-18 00:00:00+05:30,178.27482761610443,183.06838892204323,177.22481499815143,182.7031707763672,25627043
2023-09-20 00:00:00+05:30,181.42484495000733,188.04452359162389,181.19658016926192,186.8575439453125,33369524
2023-09-21 00:00:00+05:30,187.17711881071062,187.6793041110283,182.97704130355092,184.07272338867188,20332556
2023-09-22 00:00:00+05:30,183.11404577645678,185.2597267765436,179.32484131438886,181.83575439453125,21193988
2023-09-25 00:00:00+05:30,182.61183833508116,183.20532123679914,179.5987402161168,181.6074676513672,11951847
2023-09-26 00:00:00+05:30,181.7900799982179,182.65748339311895,180.4204912908446,181.10528564453125,7440011
2023-09-27 00:00:00+05:30,181.97271583196138,182.24663640020177,180.14659728659737,182.01837158203125,6736870
2023-09-28 00:00:00+05:30,182.70311754494256,186.67491596763904,180.60307898871358,183.29660034179688,50185120
2023-09-29 00:00:00+05:30,183.47924369445607,184.34664714915937,181.790092531545,182.38357543945312,16293959
2023-10-03 00:00:00+05:30,181.47050813716683,182.61183208771504,179.78134311748462,182.20095825195312,10830728
2023-10-04 00:00:00+05:30,181.6074647545351,182.06399434309068,178.4117576346461,181.6987762451172,14120040
2023-10-05 00:00:00+05:30,182.1553124256367,182.1553124256367,178.36612227637053,179.5074462890625,14575590
2023-10-06 00:00:00+05:30,179.87267921023513,180.28355310219834,177.90960731964478,179.9183349609375,12857229
2023-10-09 00:00:00+05:30,179.41613100865845,179.7813491121409,176.9052182337281,179.1878662109375,7853369
2023-10-10 00:00:00+05:30,179.18785354121465,181.2878923181967,178.68566823530077,180.74005126953125,7440527
2023-10-11 00:00:00+05:30,180.19225121385438,181.83574674231346,180.19225121385438,181.2422637939453,10031916
2023-10-12 00:00:00+05:30,180.19220521149327,184.43792412972834,180.19220521149327,183.29660034179688,21872719
2023-10-13 00:00:00+05:30,183.02270514197227,184.80316771078952,181.9726926848223,184.25534057617188,13105921
2023-10-16 00:00:00+05:30,182.88575475991425,186.12711760379278,182.70314571212757,185.39666748046875,18336656
2023-10-17 00:00:00+05:30,185.85320815979827,190.82937815294912,184.98580468190232,189.1402130126953,19378328
2023-10-18 00:00:00+05:30,190.3271696402457,190.3271696402457,186.2640593669605,188.5467071533203,14923328
2023-10-19 00:00:00+05:30,186.26408336903975,189.36847918565246,184.62057396464198,187.9075927734375,13192888
2023-10-20 00:00:00+05:30,187.3597463270352,187.3597463270352,183.43358895391384,185.2140655517578,22081120
2023-10-23 00:00:00+05:30,184.43795864215033,187.31408955305534,181.69878103855405,182.38357543945312,6988219
2023-10-25 00:00:00+05:30,181.6988048123238,183.02273804085203,180.60313641396178,182.15533447265625,16817158
2023-10-26 00:00:00+05:30,181.4705128977994,182.6118368782887,179.23352068247587,181.6531219482422,11070090
2023-10-27 00:00:00+05:30,181.92705015445205,184.25535395917552,181.83573865929503,183.479248046875,9995487
2023-10-30 00:00:00+05:30,183.47925227699787,184.62057633188363,180.46615398566382,183.38795471191406,7679981
2023-10-31 00:00:00+05:30,183.9814377183992,185.30537083614058,183.11403422278784,184.57492065429688,7474770
2023-11-01 00:00:00+05:30,184.757539318183,184.757539318183,183.06837418302453,183.479248046875,5598615
2023-11-02 00:00:00+05:30,184.20970149046283,185.9445084719007,183.4335955643479,185.4423370361328,12924797
2023-11-03 00:00:00+05:30,185.71622855489,188.54671753875428,185.4423219511808,186.62928771972656,8684015
2023-11-06 00:00:00+05:30,187.17712105049654,190.78370181600982,187.13146530770743,190.09890747070312,9804415
2023-11-07 00:00:00+05:30,190.09894513473017,190.92070687121864,187.86195261661823,189.9163360595703,10730361
2023-11-08 00:00:00+05:30,190.82936848073766,191.37720956120882,188.68367383643255,189.0032501220703,7435543
2023-11-09 00:00:00+05:30,189.2771665543322,192.19895307835154,188.18149834934712,191.559814453125,13777877
2023-11-10 00:00:00+05:30,192.19895181546715,194.4815996992613,191.37720415017208,192.7924346923828,12066023
2023-11-13 00:00:00+05:30,193.568547719077,196.39903677274586,192.38156798908113,193.84246826171875,11352269
2023-11-15 00:00:00+05:30,196.30772182605924,196.30772182605924,191.5598169218179,191.87937927246094,19182861
2023-11-16 00:00:00+05:30,192.39130168214618,194.39247761885971,191.4605261401885,192.856689453125,27533260
2023-11-17 00:00:00+05:30,193.32208342999687,196.11441014550718,192.5774601320258,194.9974822998047,16705395
2023-11-20 00:00:00+05:30,195.55596366939506,196.57980833107504,194.39249414304814,194.81134033203125,11156900
2023-11-21 00:00:00+05:30,195.4628824382399,195.60249310183502,193.5547895548886,194.48556518554688,9608081
2023-11-22 00:00:00+05:30,193.78747243427554,197.88289349761052,193.78747243427554,196.95211791992188,13079580
2023-11-23 00:00:00+05:30,197.3709834264597,198.3483007192854,194.7648087130944,196.3005828857422,11382709
2023-11-24 00:00:00+05:30,196.67290941545596,197.41753282036862,194.99751030503006,195.88174438476562,7250200
2023-11-28 00:00:00+05:30,199.60482897998287,199.60482897998287,194.9974924989113,195.64903259277344,15629209
2023-11-29 00:00:00+05:30,195.74211907870895,196.81250537903648,194.62519115608265,196.44020080566406,10062023
2023-11-30 00:00:00+05:30,195.8351870094996,198.0690570445849,193.8340250845879,194.48556518554688,60354322
2023-12-01 00:00:00+05:30,196.85904373995103,197.74327773894314,194.95095087738355,195.64903259277344,20719909
2023-12-04 00:00:00+05:30,197.04519672568705,199.2790667444,197.04519672568705,198.16212463378906,27914088
2023-12-05 00:00:00+05:30,198.906746733395,207.79565672612287,196.90558483562515,206.9114227294922,40709207
2023-12-06 00:00:00+05:30,210.35528976128427,210.58798366588746,207.0975750968396,208.8660430908203,29544730
2023-12-07 00:00:00+05:30,209.42450647768766,216.3122401208394,208.7264247894287,214.07838439941406,24534268
2023-12-08 00:00:00+05:30,215.75380897378744,217.2430415645043,210.77415332378828,212.77532958984375,22206320
2023-12-11 00:00:00+05:30,212.21683086410073,216.7776254955277,210.8672091223526,214.96261596679688,19106395
2023-12-12 00:00:00+05:30,214.0783929088943,217.14995529982804,213.6130050982228,215.33494567871094,14355329
2023-12-13 00:00:00+05:30,215.00915984571847,221.0592011400785,214.6368552932227,220.54727172851562,26878281
2023-12-14 00:00:00+05:30,220.82650862479855,221.1522857621504,215.10224442996412,216.03302001953125,29972018
2023-12-15 00:00:00+05:30,218.73227302913475,221.6176831628631,211.42567865332813,220.9196014404297,41341690
2023-12-18 00:00:00+05:30,220.5007443853689,220.5007443853689,215.42801996600696,215.8003387451172,29051897
2023-12-19 00:00:00+05:30,216.07955028922066,218.17379539339038,214.86955336881834,217.3826446533203,12612164
2023-12-20 00:00:00+05:30,218.6857270475539,219.1045732321623,210.54144044819026,211.42567443847656,20400245
2023-12-21 00:00:00+05:30,208.91259552401337,217.0568826066131,207.28373810749343,216.26573181152344,17755207
2023-12-22 00:00:00+05:30,216.870714370744,217.98764224803153,214.54377537534975,215.70724487304688,9735375
2023-12-26 00:00:00+05:30,215.93994988238276,219.47690017785467,215.05571585914208,217.19650268554688,6772092
2023-12-27 00:00:00+05:30,218.73227172235772,219.52343668405916,216.40533266148157,217.84803771972656,10231881
2023-12-28 00:00:00+05:30,218.82532933516308,223.3395820630108,217.89455381983274,222.54843139648438,39164340
2023-12-29 00:00:00+05:30,221.33843929964175,221.75728547682976,218.4995708947987,220.77996826171875,12665999
2024-01-01 00:00:00+05:30,221.43151654988324,222.92076323790417,220.03535310580452,221.75729370117188,5952776
2024-01-02 00:00:00+05:30,223.3861564776108,223.47923972381352,219.80266453644538,221.38499450683594,9128513
2024-01-03 00:00:00+05:30,219.66304835005212,222.1761397067755,218.35996815101302,220.64036560058594,8284439
2024-01-04 00:00:00+05:30,221.52459060216574,226.27155179607266,220.64035663144028,224.7357635498047,19663959
2024-01-05 00:00:00+05:30,225.2477033071567,228.04003020765867,222.73461193720678,224.54962158203125,16345257
2024-01-08 00:00:00+05:30,225.61999848706682,228.27271461311557,223.75844729756128,225.57347106933594,13585746
2024-01-09 00:00:00+05:30,225.80615200680575,227.7142305045189,224.78229323034356,225.52691650390625,8688409
2024-01-10 00:00:00+05:30,224.31692655631676,225.3407854290712,221.5245996697236,222.59498596191406,16872195
2024-01-11 00:00:00+05:30,223.618840915376,226.27155709214983,222.6415236816957,225.20115661621094,18812468
2024-01-12 00:00:00+05:30,225.71307251995938,225.85268317247375,222.2692058003626,222.92074584960938,11296498
2024-01-15 00:00:00+05:30,223.75846122922144,224.7823201282004,220.59382969102896,224.45654296875,12597366
2024-01-16 00:00:00+05:30,224.92189993331857,225.6199815770626,221.24533945010157,222.50189208984375,7478450
2024-01-17 00:00:00+05:30,221.98998517562694,224.5030765069247,221.24536183977716,222.6415252685547,13620300
2024-01-18 00:00:00+05:30,211.5187451725982,219.38379578295888,210.40181734552166,217.28955078125,25522629
2024-01-19 00:00:00+05:30,218.7322639259789,220.54727348826728,216.31224170792217,219.1045684814453,20931080
2024-01-23 00:00:00+05:30,224.31691091310276,229.7154120245421,219.89572698431755,221.47804260253906,27492163
2024-01-24 00:00:00+05:30,219.8026542011419,229.901575231378,218.73226793268756,229.15695190429688,28309825
2024-01-25 00:00:00+05:30,227.80733514851806,231.48389604177171,226.27156104200355,228.5054168701172,20651484
2024-01-29 00:00:00+05:30,228.45886054523595,237.34777006870272,228.17962503406528,236.37045288085938,26181011
2024-01-30 00:00:00+05:30,236.41701807118582,239.16281763520126,234.09007891694188,236.51010131835938,16031367
2024-01-31 00:00:00+05:30,236.4169834743717,242.0016366273096,234.9277369525853,241.35008239746094,34369455
2024-02-01 00:00:00+05:30,241.07088368025936,252.1936636136142,240.4193293893868,247.400146484375,29929092
2024-02-02 00:00:00+05:30,246.1901593643093,261.92026216442775,245.67824411894293,257.9179382324219,33900724
2024-02-05 00:00:00+05:30,258.2902237923415,269.3664475280188,255.87020160013068,263.31640625,27440927
2024-02-06 00:00:00+05:30,263.31641642033287,263.31641642033287,253.4501891971796,255.2652130126953,29668277
2024-02-07 00:00:00+05:30,253.26406527495777,255.40483795214925,248.330937185096,249.40135192871094,27335466
2024-02-08 00:00:00+05:30,252.05398985472,268.10986696324477,252.05398985472,257.0802001953125,69776717
2024-02-09 00:00:00+05:30,259.3140792142815,260.10524412896484,250.47171130844464,254.1017303466797,24496638
2024-02-12 00:00:00+05:30,254.28789490069076,256.8940551122873,247.81899338277717,251.588623046875,19140023
2024-02-13 00:00:00+05:30,251.58862641574015,252.10057002470538,245.9574455522366,251.54209899902344,22031847
2024-02-14 00:00:00+05:30,250.84401318484308,255.96327876004398,248.5170742870245,254.70672607421875,13546941
2024-02-15 00:00:00+05:30,257.4038281276834,268.1447657023801,256.78871446145286,266.5359802246094,25475670
2024-02-16 00:00:00+05:30,266.8671816695778,267.7188796648778,258.6340336618425,259.81695556640625,25129188
2024-02-19 00:00:00+05:30,260.3374638136268,263.3657266227843,258.6340389085414,261.5203857421875,11429901
2024-02-20 00:00:00+05:30,263.4130499155983,273.2549541775216,262.7979363142147,272.4505615234375,43053543
2024-02-21 00:00:00+05:30,272.11935023298264,273.9174146771855,264.2647601406663,265.06915283203125,24651085
2024-02-22 00:00:00+05:30,265.0691536822437,268.28669557809377,258.5867356850586,267.43499755859375,26793590
2024-02-23 00:00:00+05:30,267.3876646831103,269.89548230845946,264.02817791395506,266.81988525390625,14313526
2024-02-26 00:00:00+05:30,267.76618264552405,275.8573559772783,266.91445586961225,272.35589599609375,31012494
2024-02-27 00:00:00+05:30,268.85451157902105,277.6554394989537,268.85451157902105,276.8037414550781,36510093
2024-02-28 00:00:00+05:30,275.857390057568,277.8920099715436,263.4603626357703,264.54864501953125,18824161
2024-02-29 00:00:00+05:30,264.59600309117326,269.7062204392999,259.67503593820265,267.6716003417969,35043015
2024-03-01 00:00:00+05:30,269.70622934070366,273.8701092106788,269.32770005796647,272.2613525390625,15149735
2024-03-04 00:00:00+05:30,272.5452095687136,281.06224736773584,272.5452095687136,278.8383483886719,23131460
2024-03-05 00:00:00+05:30,276.3778183430496,279.5953885164743,274.20125393625034,279.1695251464844,13220556
2024-03-06 00:00:00+05:30,274.72179066420415,279.07494935164203,271.12571937628184,277.9393615722656,15969436
2024-03-07 00:00:00+05:30,278.2232095232782,282.86025723934745,275.38419718120394,276.9456481933594,14908694
2024-03-11 00:00:00+05:30,272.92372162866184,276.2832369881251,269.1383717340065,270.2266540527344,19020659
2024-03-12 00:00:00+05:30,269.61159063639184,273.16035682293597,267.57697046542654,269.8481750488281,17906155
2024-03-13 00:00:00+05:30,268.09740159532055,268.6652098700298,247.75114539106082,250.1169891357422,39389523
2024-03-14 00:00:00+05:30,249.88041318945946,253.99698722003816,246.7102055686017,252.0570068359375,26005940
2024-03-15 00:00:00+05:30,253.71311738689442,257.40382826619543,243.82387787395942,251.67849731445312,43817794
2024-03-18 00:00:00+05:30,251.67845558285794,252.340874467805,245.57456749770716,250.68478393554688,12423655
2024-03-19 00:00:00+05:30,248.0823981183865,252.19897248846223,244.4389925522291,245.1014404296875,20031514
2024-03-20 00:00:00+05:30,246.00045776994287,250.92139570389458,245.0541202195756,250.44822692871094,11308487
2024-03-21 00:00:00+05:30,253.4291561403095,259.76962857181076,252.7667372569714,259.05987548828125,23559105
2024-03-22 00:00:00+05:30,259.0599006106393,263.3184195247868,256.7886962990799,260.95257568359375,22097588
2024-03-26 00:00:00+05:30,255.60577536707413,259.3911255276234,251.82042520652487,255.55844116210938,28477120
2024-03-27 00:00:00+05:30,256.4574796127898,258.1608756744819,254.75408355109772,255.7477264404297,18094214
2024-03-28 00:00:00+05:30,257.40381479654013,264.50134645453295,257.0725908765144,262.0408630371094,26646830
2024-04-01 00:00:00+05:30,265.68426337601875,266.4886560580407,262.7506112368426,265.116455078125,8945400
2024-04-02 00:00:00+05:30,264.2647553124387,266.58329381343634,263.5550021647777,264.54864501953125,13229425
2024-04-03 00:00:00+05:30,265.11645815743447,267.9081654745451,263.60231230544105,265.06915283203125,14499308
2024-04-04 00:00:00+05:30,267.6242428721978,271.314982356107,260.29012698893285,262.7506103515625,23722104
2024-04-05 00:00:00+05:30,264.9271981381364,264.9271981381364,260.38476075083423,263.4603576660156,9308711
2024-04-08 00:00:00+05:30,265.49496818998927,268.94912309239237,264.07546197144376,266.6305847167969,14473340
2024-04-09 00:00:00+05:30,267.67155846731674,269.0910646686142,265.92082837639765,266.110107421875,5780865
2024-04-10 00:00:00+05:30,264.9744853378449,270.0373964586784,264.9744853378449,267.38763427734375,8809693
2024-04-12 00:00:00+05:30,266.3940100951372,269.1857173124042,259.91159235058416,260.4794006347656,17731780
2024-04-15 00:00:00+05:30,255.7477396612721,261.3784600050472,253.99700930296063,259.34381103515625,13378690
2024-04-16 00:00:00+05:30,258.350159080874,260.7633083554812,256.694068317535,259.5330810546875,9662195
2024-04-18 00:00:00+05:30,272.4505741505953,274.34324924560457,262.79794849400616,265.06915283203125,51039603
2024-04-19 00:00:00+05:30,263.1764932844744,267.1037885626421,259.95895120886473,266.5359802246094,18755469
2024-04-22 00:00:00+05:30,268.7598432774664,269.42229106286794,266.5832786338806,268.4286193847656,14965203
2024-04-23 00:00:00+05:30,268.42862923004446,271.74081051867876,265.6369509004387,270.03741455078125,11464036
2024-04-24 00:00:00+05:30,269.7061894883125,276.1886071870875,269.1383812081408,274.81640625,19324163
2024-04-25 00:00:00+05:30,276.3305333740373,278.69637698169174,273.72810540561744,277.5607604980469,22022414
2024-04-26 00:00:00+05:30,278.4598137012805,280.25784920322985,275.8100802120844,276.567138671875,15581578
2024-04-29 00:00:00+05:30,276.6144658430962,278.7910596267808,274.05937167955074,277.9393615722656,9804396
2024-04-30 00:00:00+05:30,277.9393624541696,288.01785203776245,277.3242199151328,285.6520080566406,33288857
2024-05-02 00:00:00+05:30,285.7466274581886,300.2255800504961,285.6519879296257,296.7714538574219,44059506
2024-05-03 00:00:00+05:30,295.2572886548537,299.1372780317523,291.70852316621364,294.16900634765625,27074447
2024-05-06 00:00:00+05:30,293.5539342367318,294.12171369117095,286.83493151986283,290.3836975097656,16855909
2024-05-07 00:00:00+05:30,290.52562453280456,291.7558517817859,278.69640529286954,279.4061584472656,13857464
2024-05-08 00:00:00+05:30,276.33056963990066,286.5983380206571,276.33056963990066,285.7939453125,18754452
2024-05-09 00:00:00+05:30,286.50370745044205,288.0178533814101,279.4061754739654,280.25787353515625,11196567
2024-05-10 00:00:00+05:30,280.3524810414255,288.1124600011257,280.3524810414255,287.45001220703125,11786977
2024-05-13 00:00:00+05:30,287.87589184302135,291.14073903512957,281.63005828951754,290.0997619628906,11710605
2024-05-14 00:00:00+05:30,291.47198520867016,296.2036732802395,291.23540080509173,292.6549072265625,9957875
2024-05-15 00:00:00+05:30,293.36463343770794,299.3265483072122,292.2763510573926,297.9543762207031,11397656
2024-05-16 00:00:00+05:30,297.62314375,298.66412077598574,288.91682719802856,295.73046875,19843532
2024-05-17 00:00:00+05:30,298.00167167245434,299.04264869389345,294.074376840593,296.3455810546875,9069551
2024-05-21 00:00:00+05:30,294.31096592705074,309.8782295352924,294.31096592705074,308.1748046875,21976662
2024-05-22 00:00:00+05:30,310.1621146915696,310.1621146915696,303.0172781400434,308.2694396972656,10287081
2024-05-23 00:00:00+05:30,302.30753336240537,303.4904552665001,292.4182946922022,302.7333679199219,35705284
2024-05-24 00:00:00+05:30,300.93535480706436,305.61973744801486,300.3675464748383,301.6924133300781,15058182
2024-05-27 00:00:00+05:30,304.2475177053777,304.2475177053777,297.62315495596044,300.8880310058594,12857918
2024-05-28 00:00:00+05:30,301.88167813514957,302.3548469096561,295.25731529205854,296.0143737792969,10935739
2024-05-29 00:00:00+05:30,292.5129498297847,301.5977963140092,292.5129498297847,300.6514587402344,16812268
2024-05-30 00:00:00+05:30,297.7177903889579,300.6041082809454,287.49732781681695,290.2417297363281,22768893
2024-05-31 00:00:00+05:30,291.9924534758673,294.78416093395606,289.29541443322574,293.3646545410156,36929443
2024-06-03 00:00:00+05:30,317.0230949334854,329.9879315618424,308.1275272993978,319.5308837890625,55218939
2024-06-04 00:00:00+05:30,316.975767180374,316.975767180374,264.73792397983436,280.068603515625,73262478
2024-06-05 00:00:00+05:30,280.39978132068296,284.89488431138534,264.2174336580967,282.765625,45312613
2024-06-06 00:00:00+05:30,287.11879626107896,294.7368305844166,282.10321898379397,284.3271179199219,36508044
2024-06-07 00:00:00+05:30,282.0559100320095,293.97976956393666,280.8729880324122,292.7495422363281,38016104
2024-06-10 00:00:00+05:30,296.2036296592217,305.99822830093547,294.8787629702778,298.8533630371094,25478964
2024-06-11 00:00:00+05:30,299.23197631335194,302.5441580864855,298.238304453452,299.56317138671875,12238518
2024-06-12 00:00:00+05:30,302.7333816677293,309.54702369670923,299.89436896897615,307.2284851074219,20346144
2024-06-13 00:00:00+05:30,309.4523878330707,310.3514200836407,303.4431384401426,304.2002258300781,11756503
2024-06-14 00:00:00+05:30,308.5060471316704,308.5060471316704,302.2129080811976,304.2475280761719,14159988
2024-06-18 00:00:00+05:30,304.7206852346239,314.65722931836166,304.7206852346239,313.9947814941406,21653702
2024-06-19 00:00:00+05:30,316.0767401966589,316.88113288631905,307.9382315293817,309.73626708984375,14235150
2024-06-20 00:00:00+05:30,309.9255267162107,310.6825851531645,305.00456023622627,307.1338195800781,11749507
2024-06-21 00:00:00+05:30,309.1684628188789,311.912835704277,305.66700262997006,308.4587097167969,17209541
2024-06-24 00:00:00+05:30,305.7616983204953,316.0767728562857,305.2411952887303,315.0831298828125,18044357
2024-06-25 00:00:00+05:30,317.023073116446,317.023073116446,308.31675627291804,309.8309020996094,13979671
2024-06-26 00:00:00+05:30,308.2221500036893,312.48066895681404,307.51239684483517,309.1684875488281,12946277
2024-06-27 00:00:00+05:30,310.9191662820769,314.65721086538116,306.9445662096288,313.7581787109375,27061015
2024-06-28 00:00:00+05:30,315.13041014996446,319.24698434682847,311.9128681946897,313.1904296875,21676594
2024-07-01 00:00:00+05:30,313.2376778567846,313.9474309032879,307.7962378335927,311.9128112792969,11959181
2024-07-02 00:00:00+05:30,312.3386782761357,316.4552521501437,310.4460032885392,313.0484313964844,12684459
2024-07-03 00:00:00+05:30,313.3323532074418,318.82109917616634,311.4396782003053,317.1650085449219,9369793
2024-07-04 00:00:00+05:30,318.9157463415345,320.52453168810746,315.982094234217,317.0230712890625,12878827
2024-07-05 00:00:00+05:30,317.0231014653743,321.66015000932913,314.9884813662844,321.1869812011719,10894118
2024-07-08 00:00:00+05:30,322.70112716326156,322.70112716326156,318.7738318315426,321.1869812011719,7828162
2024-07-09 00:00:00+05:30,321.7547656936078,323.97866470306434,319.95673013189423,322.8430480957031,9214579
2024-07-10 00:00:00+05:30,324.59378452022804,329.1361932764106,317.4962527887362,327.4801025390625,10662609
2024-07-11 00:00:00+05:30,329.7986152247823,330.03519959725344,323.6474215405324,324.40447998046875,12642065
2024-07-12 00:00:00+05:30,324.4044969375806,327.3381490855549,321.8494029092905,324.68841552734375,11380570
2024-07-15 00:00:00+05:30,326.8650051046372,326.8650051046372,321.94406685477577,325.398193359375,5277531
2024-07-16 00:00:00+05:30,324.35716238933423,328.3790965692166,323.1742405717218,324.0732727050781,11363095
2024-07-18 00:00:00+05:30,323.6474668398008,326.20258997208794,318.86847339896383,322.9377136230469,13908161
2024-07-19 00:00:00+05:30,321.32891008069055,323.50550381788213,313.2377354157308,314.37335205078125,12937990
2024-07-22 00:00:00+05:30,312.29139239376866,321.1869596132415,311.8182236174145,320.4299011230469,10678640
2024-07-23 00:00:00+05:30,320.9030049166537,322.2278714461744,303.86893241729643,316.3132629394531,15954324
2024-07-24 00:00:00+05:30,313.1430988760007,320.6191599684059,312.5752905530481,319.0577087402344,12573882
2024-07-25 00:00:00+05:30,312.7172754563275,324.2152716668381,312.7172754563275,321.23431396484375,16271884
2024-07-26 00:00:00+05:30,322.08602541859585,327.006963877742,320.33529498758105,325.72943115234375,11468068
2024-07-29 00:00:00+05:30,321.56552040635313,327.33818582020257,319.6255397849462,323.97869873046875,31849674
2024-07-30 00:00:00+05:30,326.4864909547396,337.79523748326113,324.8777053893661,331.0289001464844,25813219
2024-07-31 00:00:00+05:30,329.56204531483326,331.8332496142403,324.21524403833155,329.5147399902344,17976593
2024-08-01 00:00:00+05:30,332.30643325118683,343.0473704893926,331.360095677423,341.7225036621094,26792459
2024-08-02 00:00:00+05:30,338.78886725564814,341.6751854386745,335.00351678351797,339.02545166015625,13771470
2024-08-05 00:00:00+05:30,333.82054955679183,335.76052985908393,323.1742527955901,324.40447998046875,13566586
2024-08-06 00:00:00+05:30,324.40448840933846,331.97518852512167,321.0450017849313,322.4645080566406,12273667
2024-08-07 00:00:00+05:30,327.2908362901669,333.6312803311411,324.9722978197053,333.1581115722656,12441847
2024-08-08 00:00:00+05:30,335.94981677429234,335.94981677429234,322.93767598373876,324.2625427246094,15489731
2024-08-09 00:00:00+05:30,329.2308359058746,330.22450768558923,325.8240148667246,327.43280029296875,8720610
2024-08-12 00:00:00+05:30,324.5937783320808,325.3508368170349,321.28159692052895,322.8430480957031,12521136
2024-08-13 00:00:00+05:30,318.9157440447025,324.0732950775158,317.1650138577888,318.8684387207031,10435954
2024-08-14 00:00:00+05:30,318.91575812435576,320.1933196079617,314.6572390989564,315.60357666015625,12385993
2024-08-16 00:00:00+05:30,317.7505574685372,324.0005943232757,315.46046918466635,323.0941162109375,13013828
2024-08-19 00:00:00+05:30,326.95860646014523,327.5788343964876,323.76201125585834,324.7162170410156,5891370
2024-08-20 00:00:00+05:30,324.8594058458632,326.95864132502925,323.2849428364228,324.9071044921875,6393840
2024-08-21 00:00:00+05:30,324.4299630861036,325.33647021921684,320.75626503303056,321.2333679199219,10118601
2024-08-22 00:00:00+05:30,320.6131540629678,322.23531559761614,315.36502207681804,318.7047424316406,18370039
2024-08-23 00:00:00+05:30,319.32497991327625,321.51967082680045,318.08452396393096,320.8517150878906,7494822
2024-08-26 00:00:00+05:30,321.0425729376029,325.86130087796795,320.47004359814076,322.7601318359375,7993675
2024-08-27 00:00:00+05:30,323.4757652577195,325.8135811089295,319.65894206883786,319.992919921875,9589690
2024-08-28 00:00:00+05:30,319.9929041069044,323.3803228716009,318.4661690827974,319.1341247558594,8790600
2024-08-29 00:00:00+05:30,317.27342070840706,320.5177145247238,313.7428476870908,318.0367736816406,17653536
2024-08-30 00:00:00+05:30,319.6589475161866,325.2410573490614,318.7524403453593,321.94903564453125,22713812
2024-09-02 00:00:00+05:30,322.9032387071543,324.3345474151825,318.8955917967054,320.1837463378906,9789776
2024-09-03 00:00:00+05:30,320.61316541020085,322.47387846461993,318.70475371133057,319.3249816894531,8434423
2024-09-04 00:00:00+05:30,316.03298838068156,319.37270884736125,315.8421355631364,317.6551208496094,9025610
2024-09-05 00:00:00+05:30,317.130320737778,318.99100467715624,314.506254644765,316.0806884765625,13912371
2024-09-06 00:00:00+05:30,317.7982207613904,317.8459485220267,310.116875943727,314.6970520019531,23755639
2024-09-09 00:00:00+05:30,312.6932513470482,314.1245600426495,308.733273993178,313.5043029785156,18597200
2024-09-10 00:00:00+05:30,312.0253040638565,319.9452007452858,312.0253040638565,318.8478698730469,15472387
2024-09-11 00:00:00+05:30,321.4719196262755,321.8058974713824,316.7963171549265,317.9413757324219,10134008
2024-09-12 00:00:00+05:30,319.51583741264426,323.4757858997966,317.9891022156555,322.7124328613281,18410837
2024-09-13 00:00:00+05:30,324.239121361385,325.62273142866246,320.708577349793,321.805908203125,10417461
2024-09-16 00:00:00+05:30,321.8059259768512,325.86130087796795,321.6150731570132,322.7601318359375,7748570
2024-09-17 00:00:00+05:30,321.2811001427478,324.4299675919438,319.1818357632506,321.471923828125,11451846
2024-09-18 00:00:00+05:30,322.99864254740265,323.38031901887,317.8459373824729,318.990966796875,6583254
2024-09-19 00:00:00+05:30,320.8040226912108,322.85555947202744,317.84597869279855,319.56353759765625,10589610
2024-09-20 00:00:00+05:30,322.6646607214284,327.24486568249483,319.4203670740363,325.24102783203125,31236123
2024-09-23 00:00:00+05:30,326.33839401231063,326.8154969275333,324.66853380903126,325.5273132324219,6542941
2024-09-24 00:00:00+05:30,328.7716127180237,334.9262520751169,326.6723773280453,334.0197448730469,26145769
2024-09-25 00:00:00+05:30,337.64574465143056,349.47789132554095,336.21443588149657,347.0923767089844,40770462
2024-09-26 00:00:00+05:30,347.37862709184105,349.33476655100753,340.84234033330716,348.71453857421875,18733959
2024-09-27 00:00:00+05:30,345.61335254620946,346.66295563058907,337.1686253888229,338.02740478515625,33148043
2024-09-30 00:00:00+05:30,338.02741063997485,341.08088090210356,333.6857858210596,336.6915283203125,16356171
2024-10-01 00:00:00+05:30,335.02166129132826,339.69726387458076,333.9243304483277,334.7353820800781,9856291
2024-10-03 00:00:00+05:30,327.2925922401907,333.87660649331565,326.9109157408886,328.3899230957031,19350466
2024-10-04 00:00:00+05:30,327.2925898530338,331.5388173169314,322.2830093960996,323.3326416015625,20121706
2024-10-07 00:00:00+05:30,324.4299479897735,324.4299479897735,310.11686204904817,313.885986328125,13851446
2024-10-08 00:00:00+05:30,312.3115515618936,315.8421247249663,307.5882502502726,312.1684265136719,21148292
2024-10-09 00:00:00+05:30,312.02531741983154,316.60549391742296,310.5940086243277,314.6493835449219,9228363
2024-10-10 00:00:00+05:30,315.0787482759854,322.6169678285988,314.9833218775881,319.0386962890625,20773976
2024-10-11 00:00:00+05:30,319.1341675875343,319.99294705383795,314.41083684278556,314.9356384277344,6098468
2024-10-14 00:00:00+05:30,314.93559014623344,316.3192001054227,312.7886272495903,315.55584716796875,5944216
2024-10-15 00:00:00+05:30,318.1799281167331,318.1799281167331,312.5023920932782,314.7447814941406,12415489
2024-10-16 00:00:00+05:30,316.5100821965998,317.4165602537257,310.06919291048916,312.2161560058594,22085298
2024-10-17 00:00:00+05:30,313.4566203424291,316.7009143941091,309.73522336785345,315.9852600097656,17039729
2024-10-18 00:00:00+05:30,316.3192231155337,318.5616125724895,313.2180542614599,316.8440246582031,10569021
2024-10-21 00:00:00+05:30,317.7505466484898,318.4662010328332,314.36312754395135,315.9852600097656,8745904
2024-10-22 00:00:00+05:30,317.65512380501696,320.2791899103934,306.34777858147527,307.9699401855469,11219831
2024-10-23 00:00:00+05:30,304.5825082324878,307.1588464646494,299.47750129091224,302.3878173828125,12541589
2024-10-24 00:00:00+05:30,300.8133629176469,306.10919318617925,300.8133629176469,304.5347595214844,8327779
2024-10-25 00:00:00+05:30,306.777149725738,306.777149725738,298.904952259992,301.3381652832031,12979410
2024-10-28 00:00:00+05:30,300.0977234633684,305.77525960934406,296.51945172095947,303.72369384765625,9610615
2024-10-29 00:00:00+05:30,301.62446804152387,306.49092358811964,299.76375502898543,305.87066650390625,15856332
2024-10-30 00:00:00+05:30,303.96221856443015,310.49853352972127,302.2446599271488,303.8668212890625,14498110
2024-10-31 00:00:00+05:30,305.72751541985946,307.922206109307,303.29430241378435,306.10919189453125,9900390
2024-11-01 00:00:00+05:30,307.6836770580379,307.9222285120696,305.3458611605076,307.3019714355469,847672
2024-11-04 00:00:00+05:30,309.68746033762875,309.8306144942368,297.3305135138199,301.00421142578125,9249409
2024-11-05 00:00:00+05:30,298.0461577367704,303.1511640817764,297.7121799160603,302.1015319824219,7518195
2024-11-06 00:00:00+05:30,302.8649185652168,305.67983735548086,299.52519822696127,303.91455078125,11019250
2024-11-07 00:00:00+05:30,304.3916467555608,304.3916467555608,297.42595614240327,298.61871337890625,14504208
2024-11-08 00:00:00+05:30,297.5691086072136,303.00806463482706,294.56336591826243,301.7676086425781,15740539
2024-11-11 00:00:00+05:30,299.1912082047668,317.1779928335128,298.47555387566587,314.6970520019531,22838987
2024-11-12 00:00:00+05:30,316.3192410911277,317.2734469466062,307.0634326449654,307.9222412109375,12069181
2024-11-13 00:00:00+05:30,307.87449003135754,309.7352029560485,302.6263582253618,303.43743896484375,12918639
2024-11-14 00:00:00+05:30,304.9860743547892,308.56729577272915,300.63051323764444,302.0823669433594,12500377
2024-11-18 00:00:00+05:30,303.92138777188325,305.4216248453499,300.14657389506345,302.0339660644531,9408101
2024-11-19 00:00:00+05:30,303.0018780274133,308.03498304557405,302.22756781140765,304.93768310546875,13157158
2024-11-21 00:00:00+05:30,305.8571936506581,316.2621456498498,302.9534861159999,315.4394226074219,25406386
2024-11-22 00:00:00+05:30,315.3425993989143,326.7638657783569,313.6003868427807,326.1347351074219,31523269
2024-11-25 00:00:00+05:30,330.8774898114222,334.31353201948644,325.360433508121,331.74859619140625,29419152
2024-11-26 00:00:00+05:30,331.02262300214795,333.5391751664969,327.05421722814043,327.9253234863281,13997179
2024-11-27 00:00:00+05:30,326.425126347721,330.3451197562505,325.6991994544348,328.3609313964844,12177260
2024-11-28 00:00:00+05:30,328.36093391382434,330.78069024332933,321.5372328798368,322.940673828125,16920231
2024-11-29 00:00:00+05:30,320.71450915063366,321.8275911522739,316.0201759735863,318.82708740234375,13890537
2024-12-02 00:00:00+05:30,317.61720219899985,321.29524945345634,315.7298100305918,317.32684326171875,16003524
2024-12-03 00:00:00+05:30,313.84236353717296,320.71447671113043,313.84236353717296,319.06903076171875,23174488
2024-12-04 00:00:00+05:30,318.4883092607001,320.6177065989888,310.7935020251486,314.61669921875,17880011
2024-12-05 00:00:00+05:30,314.5683419470633,319.843422881085,309.2932610130415,317.8108215332031,19785053
2024-12-06 00:00:00+05:30,316.60092689083285,322.06957033680214,316.2137717822587,318.3431396484375,8802058
2024-12-09 00:00:00+05:30,317.23006878092616,320.0369803392664,316.21378289295484,318.5367431640625,9376929
2024-12-10 00:00:00+05:30,321.1984401901567,321.1984401901567,314.90707414273595,317.3752136230469,14994365
2024-12-11 00:00:00+05:30,316.74607906638477,318.439908366205,316.3589239911765,317.03643798828125,5013051
2024-12-12 00:00:00+05:30,317.4720195905787,319.31102843059904,315.3910351258705,318.6335144042969,10414162
2024-12-13 00:00:00+05:30,320.03694709440856,323.5697852166128,314.61668733284245,323.1342468261719,14973536
2024-12-16 00:00:00+05:30,323.1342629776656,325.4572231235789,320.95648230248923,324.2473449707031,12695136
2024-12-17 00:00:00+05:30,321.8275819694961,324.7796727858799,317.47202070975857,319.2142333984375,17360248
2024-12-18 00:00:00+05:30,317.4720173111692,318.5367159597598,310.357928088814,311.2290344238281,15037099
2024-12-19 00:00:00+05:30,307.7930281018844,313.45526424344285,306.679946014785,311.32586669921875,10234715
2024-12-20 00:00:00+05:30,310.9870686091384,315.1490671779783,303.53423691002854,305.6636047363281,13973399
2024-12-23 00:00:00+05:30,307.79303641687034,308.08339539072523,301.55005263659353,305.1796875,5984169
2024-12-24 00:00:00+05:30,304.01818598926457,306.48632558827376,298.8399016243598,300.1465759277344,4833589
2024-12-26 00:00:00+05:30,300.1465556410338,303.0502629909218,298.83988142597644,300.3401184082031,3775101
2024-12-27 00:00:00+05:30,300.775729578744,302.27596677671124,298.88830771468196,299.46905517578125,3981693
2024-12-30 00:00:00+05:30,299.0819068808484,301.985614714643,296.46855801521576,297.6784362792969,12489142
2024-12-31 00:00:00+05:30,297.48486005000126,299.8078203045589,295.35546258613215,298.7915344238281,8402716
2025-01-01 00:00:00+05:30,298.7915340436451,301.3564699368314,296.0813891350744,300.43695068359375,4239498
2025-01-02 00:00:00+05:30,299.90461312753587,307.0187028275163,298.83991440746365,305.03448486328125,10766571
2025-01-03 00:00:00+05:30,306.1959976376875,307.79303104208964,303.58264876645234,305.9056091308594,7636948
2025-01-06 00:00:00+05:30,305.6635941976645,306.3411377551509,295.01666681912843,296.17816162109375,6722495
2025-01-07 00:00:00+05:30,296.17818624837156,300.7273401399524,293.2744785400542,295.2586669921875,10137739
2025-01-08 00:00:00+05:30,296.32336073515046,297.96880689069934,293.27447360037866,296.80731201171875,6907996
2025-01-09 00:00:00+05:30,296.807297591181,297.0492732177086,293.90359007284945,295.4522399902344,8244909
2025-01-10 00:00:00+05:30,294.29073543265275,295.4522302167797,288.9188885166543,290.08038330078125,6540783
2025-01-13 00:00:00+05:30,285.53124725105704,288.9672894281838,277.546051353358,278.3687744140625,19474228
2025-01-14 00:00:00+05:30,278.5139291847091,283.6438003397073,277.59441004464406,280.9336853027344,15954608
2025-01-15 00:00:00+05:30,285.5312184152257,292.79048668001957,281.7564048251405,289.0640563964844,12198882
2025-01-16 00:00:00+05:30,289.4028351153624,291.9193874152777,287.07987512237867,288.0961608886719,11694289
2025-01-17 00:00:00+05:30,288.0961694563162,295.21025864605025,286.20877732878006,292.8872985839844,7593230
2025-01-20 00:00:00+05:30,292.88729734175973,298.8882750151413,292.2581666352493,296.4201354980469,9435937
2025-01-21 00:00:00+05:30,297.1460653925019,300.00138956246667,291.82260168025834,292.64532470703125,13911546
2025-01-22 00:00:00+05:30,292.3065677769233,292.59692672439905,286.30556019939905,287.9993896484375,9723333
2025-01-23 00:00:00+05:30,287.95098650000244,289.9835876064339,284.1761727526523,284.902099609375,12228286
2025-01-24 00:00:00+05:30,285.82157880610436,292.7904881914975,284.90208921064004,286.35394287109375,11142914
2025-01-27 00:00:00+05:30,285.5312451086809,285.5312451086809,274.6423416935193,277.78802490234375,13477947
2025-01-28 00:00:00+05:30,277.9331770375003,279.530210140373,270.3835498940812,274.8359069824219,11298068
2025-01-29 00:00:00+05:30,276.19099197363323,279.8690097608381,274.20677407055507,278.6107482910156,4800024
2025-01-30 00:00:00+05:30,278.6107564695255,287.563855106655,278.6107564695255,285.8700256347656,10969499
2025-01-31 00:00:00+05:30,287.46706291801064,293.71004630164896,286.4023641847799,291.9678039550781,14141459
2025-02-01 00:00:00+05:30,291.96777673796123,295.5490277237012,279.38504451720075,280.5465393066406,6945157
2025-02-03 00:00:00+05:30,280.6917113695081,282.6275162755047,269.07688193352845,274.6907043457031,14978897
2025-02-04 00:00:00+05:30,271.9805828499647,277.2072500647408,263.36625712994,276.4813232421875,19836427
2025-02-05 00:00:00+05:30,276.43296198006016,281.41765398482295,275.4166466246166,276.0458068847656,15337191
2025-02-06 00:00:00+05:30,278.2719492922993,281.61122449902217,270.7707054418113,272.1257629394531,21418561
2025-02-07 00:00:00+05:30,267.42551613812304,276.04265720348,264.3899221661853,272.3705749511719,17193482
2025-02-10 00:00:00+05:30,269.28602953719815,270.26525146278794,262.5294042273248,263.116943359375,16709670
2025-02-11 00:00:00+05:30,263.116968275382,263.21486657042624,254.59772476262356,256.0176086425781,22083955
2025-02-12 00:00:00+05:30,254.108105453701,256.6540885948664,248.72238452886342,251.70899963378906,17861265
2025-02-13 00:00:00+05:30,251.9048649954833,255.91968125976615,250.77876564761343,253.765380859375,12257226
2025-02-14 00:00:00+05:30,254.989423000119,256.06657326204856,249.45682423903202,252.0028076171875,11339563
2025-02-17 00:00:00+05:30,251.5621154146174,258.5145973036469,246.95977519339317,257.7312316894531,8332653
2025-02-18 00:00:00+05:30,258.3677261885352,262.3335632662502,254.7935719273194,261.4033203125,10483635
2025-02-19 00:00:00+05:30,257.0457599532787,262.92109160935365,256.84990361135004,257.5843200683594,14602009
2025-02-20 00:00:00+05:30,257.2906052023313,260.9137389035799,255.87072121261542,260.228271484375,15312926
2025-02-21 00:00:00+05:30,259.7876009858261,260.2282628669348,254.0101967991557,256.458251953125,10757038
2025-02-24 00:00:00+05:30,252.63928151150512,256.36031323928853,251.9048649954833,253.765380859375,14599185
2025-02-25 00:00:00+05:30,253.42265040608797,254.5487796517994,249.60369045078346,250.43603515625,21287363
2025-02-27 00:00:00+05:30,248.72237923971036,252.10070697411533,248.18380417033123,250.92562866210938,13614799
2025-02-28 00:00:00+05:30,250.58290711189485,251.6600573027279,242.16160676642085,245.63784790039062,38512868
2025-03-03 00:00:00+05:30,247.74315100943687,248.52653155038408,243.33665227606744,247.2535400390625,9873539
2025-03-04 00:00:00+05:30,244.80549369271347,251.80692483562845,244.26691861824116,248.72238159179688,11947033
2025-03-05 00:00:00+05:30,251.6110948380522,261.64811993852993,250.43601653143247,258.9062805175781,14536637
2025-03-06 00:00:00+05:30,259.6407250054378,261.7460464721183,255.2832047387709,261.10955810546875,11926868
2025-03-07 00:00:00+05:30,260.47304334562614,263.06797558271114,256.1644726654778,257.8291320800781,10043068
2025-03-10 00:00:00+05:30,255.6259072185523,268.551650384625,255.6259072185523,265.6629333496094,30233763
2025-03-11 00:00:00+05:30,264.3899441093308,266.2015108141842,260.32617872286573,261.74603271484375,9255499
2025-03-12 00:00:00+05:30,265.07540658245983,266.7400660475281,258.12292442598334,261.5502014160156,11875548
2025-03-13 00:00:00+05:30,264.1940970649979,265.0264417839694,259.98345420453336,262.0887756347656,9270442
2025-03-17 00:00:00+05:30,264.38994580804234,265.02643414532776,259.44488655280423,261.7950134277344,11987667
2025-03-18 00:00:00+05:30,261.7950134277344,261.7950134277344,261.7950134277344,261.7950134277344,0
2025-03-19 00:00:00+05:30,266.34837201058207,272.51745837949295,264.1940717541623,271.4403381347656,13089950
2025-03-20 00:00:00+05:30,277.60944576443563,277.6583949125875,271.2934517116392,274.52490234375,13710249
2025-03-21 00:00:00+05:30,275.1613708267267,279.2251359850156,274.23109801110803,277.2177429199219,26003527
2025-03-24 00:00:00+05:30,279.0782729592095,287.8423219055328,278.53971280689245,285.78594970703125,19966817
2025-03-25 00:00:00+05:30,284.95361328125,289.11530694601055,281.67321347468294,284.95361328125,16983852
2025-03-26 00:00:00+05:30,285.6390768763529,290.58413615319876,283.5337256141165,284.8067321777344,20367015
2025-03-27 00:00:00+05:30,282.9951642806155,291.07374595990643,282.9951642806155,289.360107421875,37203166
2025-03-28 00:00:00+05:30,287.79333423338323,288.136067903423,282.3096851631975,284.3171081542969,10834900
2025-04-01 00:00:00+05:30,283.58269443936393,290.7799820465876,281.03671128724267,283.2889099121094,11603556
2025-04-02 00:00:00+05:30,280.88982880871936,283.72956655247896,278.5886511964806,280.7919006347656,11679536
2025-04-03 00:00:00+05:30,283.33790015569605,293.71765964301125,279.17620653115574,292.88531494140625,23478876
2025-04-04 00:00:00+05:30,293.766595036714,294.6478888451275,286.0307473441106,287.7933349609375,21020875
2025-04-07 00:00:00+05:30,277.707365173766,287.793339820266,276.4343586436891,283.3868408203125,22847548
2025-04-08 00:00:00+05:30,285.88389422641575,287.8912875090539,278.7355552119157,282.94622802734375,20831596
2025-04-09 00:00:00+05:30,283.92544333663614,293.277001894399,283.28892510186347,287.3037414550781,21342531
2025-04-11 00:00:00+05:30,287.1568678247691,298.6627269788732,287.1568678247691,297.78143310546875,19831004
2025-04-15 00:00:00+05:30,300.8170080856623,303.999479561671,297.3897311114991,298.2220458984375,16563441
2025-04-16 00:00:00+05:30,298.12414860287384,300.6211527390063,296.5084084028641,299.3971252441406,7032401
2025-04-17 00:00:00+05:30,299.1033637908477,303.36295546924026,295.7250360285194,302.57958984375,8528993
2025-04-21 00:00:00+05:30,303.55882358551025,315.3094877243042,302.0410414209764,313.3510437011719,13369014
2025-04-22 00:00:00+05:30,313.1062268310987,313.1062268310987,305.6151846912733,306.0558166503906,10027268
2025-04-23 00:00:00+05:30,307.6225798257068,309.5320746449753,303.0202544380464,308.4059753417969,8225575
2025-04-24 00:00:00+05:30,308.3569815733157,309.2872543656177,306.34958855853597,307.86737060546875,8021180
2025-04-25 00:00:00+05:30,306.49647350217936,308.84660022965284,297.0959367088025,300.13153076171875,11475773
2025-04-28 00:00:00+05:30,297.87935459355873,304.48910332078134,297.2428363648901,302.1389465332031,7314824
2025-04-29 00:00:00+05:30,302.138954091558,304.34220372241566,294.94169587087805,296.65533447265625,14678005
2025-04-30 00:00:00+05:30,298.1241624887743,303.5588328657181,295.6271283528523,301.06182861328125,17619987
2025-05-02 00:00:00+05:30,299.15234087607456,302.57961810378737,296.01881831448566,296.75323486328125,5688285
2025-05-05 00:00:00+05:30,298.4668554044635,304.2442891452775,298.3199780802952,301.7962341308594,4342960
2025-05-06 00:00:00+05:30,301.2087097167969,303.99949854674264,299.20128657647405,301.2087097167969,9124804
2025-05-07 00:00:00+05:30,301.6003617770039,306.64334886248787,300.6211398231825,304.6359558105469,14679327
2025-05-08 00:00:00+05:30,306.8881716966925,310.8050597333663,297.683490787206,301.8451843261719,19253478
2025-05-09 00:00:00+05:30,293.76661362542114,296.75322891055214,290.24140828521905,293.0811462402344,11981497
2025-05-12 00:00:00+05:30,297.7324301540527,304.6359630220064,297.7324301540527,302.6285400390625,7145884
2025-05-13 00:00:00+05:30,298.66273297196926,302.33481575441147,291.8081784447437,292.24884033203125,17988336
2025-05-14 00:00:00+05:30,292.9832220993144,294.3051478372375,287.94020510345246,289.8007507324219,10359258
2025-05-15 00:00:00+05:30,289.75177623869934,294.15827512335386,285.0025436863195,293.4238586425781,22640626
2025-05-16 00:00:00+05:30,293.7666070208319,295.9209074257118,289.3601079155194,293.96246337890625,16763668
2025-05-19 00:00:00+05:30,295.7250591431792,298.17311426853666,292.78739299275026,297.7324523925781,12575289
2025-05-20 00:00:00+05:30,298.07517876529226,298.9564726120769,290.9268699282245,291.7102355957031,21339095
2025-05-21 00:00:00+05:30,291.5633431685501,295.9698420577473,289.5069710435614,289.99658203125,11997632
2025-05-22 00:00:00+05:30,289.75179252000015,290.1924543866199,280.59606056850055,284.8556823730469,26158839
2025-05-23 00:00:00+05:30,285.93283696457695,292.5425857642718,285.68803145347715,291.9060974121094,9872024
2025-05-26 00:00:00+05:30,293.81552578235744,297.487607990353,289.60488347058185,290.53515625,16469130
2025-05-27 00:00:00+05:30,290.8289460406096,291.41648524163105,286.1286921994079,288.4298400878906,17074710
2025-05-28 00:00:00+05:30,288.4298125099972,289.50696262829854,284.46397557839015,285.1004638671875,10099453
2025-05-29 00:00:00+05:30,285.2963407177676,287.7933449084951,285.2963407177676,287.0099792480469,9773818
2025-05-30 00:00:00+05:30,285.9328333119877,288.5277657198002,282.2607506923988,283.7295837402344,21788566
2025-06-02 00:00:00+05:30,284.2681380033579,287.54853771879095,282.40762215808496,286.96099853515625,7255782
2025-06-03 00:00:00+05:30,286.42240473010287,289.2621422532949,281.7711007216653,282.2607116699219,10989055
2025-06-04 00:00:00+05:30,282.26074973934993,283.7785319302613,281.08567135165515,282.55450439453125,8580196
2025-06-05 00:00:00+05:30,284.95360633247265,289.11529989574757,284.0723124957701,288.1360778808594,13110486
2025-06-06 00:00:00+05:30,287.4505897371036,290.8289173976408,286.86308047742943,289.6538391113281,7935393
2025-06-09 00:00:00+05:30,291.80814020090213,294.8926833572018,289.9965736222873,294.2561950683594,8666186
2025-06-10 00:00:00+05:30,294.3051582901977,295.5291857824769,292.05295965779766,294.7947692871094,7273892
2025-06-11 00:00:00+05:30,294.8437556526187,295.13751030468086,287.89127334679847,289.3111572265625,10941604
2025-06-12 00:00:00+05:30,289.01738797630276,289.65387634508903,282.50556718766893,282.99517822265625,14071159
2025-06-13 00:00:00+05:30,276.67915434271566,280.4981439141801,275.9447378687391,279.56787109375,16028417
2025-06-16 00:00:00+05:30,281.9669978061994,284.4640020498002,280.35125753665,282.6524353027344,11067299
2025-06-17 00:00:00+05:30,282.6524325740866,284.4150501556287,281.23257856273057,282.55450439453125,7286868
2025-06-18 00:00:00+05:30,281.5263312112303,282.3096968751199,279.56788716802174,281.3304748535156,11904855
2025-06-19 00:00:00+05:30,280.84084220210065,281.67318683302364,279.3720092828774,280.4981384277344,13573824
2025-06-20 00:00:00+05:30,279.61683508732267,288.38088409557344,279.1272240786715,287.0099792480469,33014151
2025-06-23 00:00:00+05:30,285.3452765366943,287.35269950848783,282.11385598393036,284.21917724609375,6833477
2025-06-24 00:00:00+05:30,287.35270997612787,288.57673748517,279.4210057408379,280.008544921875,15007849
2025-06-25 00:00:00+05:30,280.54710024706156,285.0515273795575,280.54710024706156,284.4150390625,10838516
2025-06-26 00:00:00+05:30,284.75776086855535,288.13608890254005,283.72958966698724,287.40167236328125,10232220
2025-06-27 00:00:00+05:30,288.87050236675674,294.4520799591017,288.0381576544267,293.0321960449219,15523628
2025-06-30 00:00:00+05:30,294.1582816523479,294.7458208267058,290.0945163452213,293.6686706542969,8415241
2025-07-01 00:00:00+05:30,294.745820512121,295.2354315096494,290.8289325318935,291.36749267578125,12349270
2025-07-02 00:00:00+05:30,291.3674836697642,292.5425619809049,287.30371849258376,288.7236022949219,10826029
2025-07-03 00:00:00+05:30,292.1998599828733,292.73845005196546,287.00999496044426,287.5975341796875,10373094
2025-07-04 00:00:00+05:30,287.59751122470846,289.0173651841089,285.5900882094763,287.8912658691406,14193884
2025-07-07 00:00:00+05:30,288.5767216056009,290.4861864845436,287.40164330818806,289.75177001953125,6220756
2025-07-08 00:00:00+05:30,288.03814926722237,292.19984282420575,286.9609990757769,291.5633544921875,6254288
2025-07-09 00:00:00+05:30,292.05295385516,293.76659231030345,290.24138722588316,293.4238586425781,5650646
2025-07-10 00:00:00+05:30,293.7666125763628,296.41052404294413,291.8081684925204,293.0321960449219,9307817
2025-07-11 00:00:00+05:30,293.0321775445405,294.64788783500677,290.7799789437068,292.3467102050781,7073217
2025-07-14 00:00:00+05:30,293.2770050365259,294.2072779407872,291.26961178015426,292.0040283203125,5484223
2025-07-15 00:00:00+05:30,291.90609573124783,293.7666116281961,290.682068182797,291.85711669921875,6173407
2025-07-16 00:00:00+05:30,292.73841426642105,292.73841426642105,289.5559429250016,290.87786865234375,8144630
2025-07-17 00:00:00+05:30,291.36749884428286,292.00401706133243,289.6538603166541,290.437255859375,8318287
2025-07-18 00:00:00+05:30,290.33932466253,295.23543469056585,287.4016586457084,288.03814697265625,8702106
2025-07-21 00:00:00+05:30,287.8912526140309,291.0737239439479,286.1776142056141,290.82891845703125,5298012
2025-07-22 00:00:00+05:30,290.92686720574164,292.6405057353641,288.42983313248686,291.6123046875,7775653
2025-07-23 00:00:00+05:30,292.64051320485044,293.4238788849933,290.9268746314883,293.0321960449219,5310964
2025-07-24 00:00:00+05:30,293.619737978641,295.088571055189,290.33933813098673,293.130126953125,6294709
2025-07-25 00:00:00+05:30,290.9757899851418,291.56332911875245,284.85565293395047,286.0307312011719,8202572
2025-07-28 00:00:00+05:30,285.932828080438,289.1152996258539,284.7088005629704,285.83489990234375,7037396
2025-07-29 00:00:00+05:30,284.4639960263636,287.7933449084951,283.7785286608581,287.0099792480469,6586034
2025-07-30 00:00:00+05:30,286.91206544269653,290.3393426749472,280.64505019470687,282.94622802734375,10515572
2025-07-31 00:00:00+05:30,279.0293319001026,288.1850340557877,279.0293319001026,284.95361328125,14283621
2025-08-01 00:00:00+05:30,285.5900775812182,286.7161768542786,280.35123413826136,285.1983947753906,6697683
2025-08-04 00:00:00+05:30,285.14945140289626,285.49215518775577,279.7637305341728,281.96697998046875,10397121
2025-08-05 00:00:00+05:30,281.1346453058735,282.65242746937366,279.17620128407503,280.0574951171875,15561914
2025-08-06 00:00:00+05:30,281.6242553224655,282.40762097504063,278.14799926588864,278.8824157714844,12985269
2025-08-07 00:00:00+05:30,278.58865017502586,280.35123776579803,277.51150003245044,279.6168212890625,8893659
2025-08-08 00:00:00+05:30,278.8824174536161,280.30230132639235,277.70736896766584,278.931396484375,6172968
2025-08-11 00:00:00+05:30,278.931396484375,280.4491786517006,277.4135844335651,278.931396484375,8755499
2025-08-12 00:00:00+05:30,278.4907291694226,281.57527247440754,278.0990463484455,278.73553466796875,13184438
2025-08-13 00:00:00+05:30,281.03671364029793,283.3868404605932,280.10644078809503,282.2117919921875,9928283
2025-08-14 00:00:00+05:30,283.04411982418765,284.1212700491301,281.1836039175517,282.701416015625,8464495
2025-08-18 00:00:00+05:30,283.48476349376705,285.24735110613807,282.50554151278686,284.3171081542969,9836105
2025-08-19 00:00:00+05:30,285.202202267117,285.3005538566439,281.80926751093165,283.23529052734375,7196772
2025-08-20 00:00:00+05:30,283.4319889463155,284.2187416239352,282.202669129603,283.628662109375,3106073
2025-08-21 00:00:00+05:30,283.62868322879666,284.75965154184763,278.9081067861956,279.3014831542969,7389271
2025-08-22 00:00:00+05:30,279.301471769006,279.8423605015101,277.137856813606,278.6622314453125,6824793
2025-08-25 00:00:00+05:30,278.6622219321021,279.89154174827274,277.53125370376324,279.448974609375,7426789
2025-08-26 00:00:00+05:30,278.3180062546317,279.1047589315473,274.2858312568851,275.269287109375,22905910
2025-08-28 00:00:00+05:30,277.334564933553,277.334564933553,269.07354134232605,269.90948486328125,12455072
2025-08-29 00:00:00+05:30,269.0735318455219,271.53217151879477,267.7458604194163,270.69622802734375,12841075
2025-09-01 00:00:00+05:30,271.4338423958234,275.95774577162587,271.4338423958234,275.22015380859375,10820878
2025-09-02 00:00:00+05:30,275.5643542975419,283.13694669553684,275.2201387311121,281.9568176269531,16983677
2025-09-03 00:00:00+05:30,284.21874217857004,284.4154453547042,280.874998273125,281.3175354003906,30178885
2025-09-04 00:00:00+05:30,282.10431797515423,283.1861254180615,276.2527436335359,277.1378479003906,5946090
2025-09-05 00:00:00+05:30,277.67878265568805,281.9076310706873,277.67878265568805,280.629150390625,9695914
2025-09-08 00:00:00+05:30,281.6617544992105,282.94026513480105,277.43290627329003,278.1213073730469,5186605
2025-09-09 00:00:00+05:30,278.36717845976335,279.6456891280544,277.0395370145998,279.1539611816406,7093190
2025-09-10 00:00:00+05:30,279.9899076941767,281.71095552507205,277.8262927016883,278.26885986328125,7767863
2025-09-11 00:00:00+05:30,277.8754576123742,283.9237355179357,277.8754576123742,282.0551452636719,7406625
2025-09-12 00:00:00+05:30,282.49770640741843,283.82537787087944,280.3832822314505,282.8910827636719,7618852
2025-09-15 00:00:00+05:30,283.5303243012993,284.0220522518827,281.022523758401,281.5142517089844,5420800
2025-09-16 00:00:00+05:30,281.80929009332743,284.90720034187007,281.6126169112048,283.57952880859375,8626429
2025-09-17 00:00:00+05:30,284.2187524277762,284.4154556110037,281.21922396605464,282.39935302734375,19010126
2025-09-18 00:00:00+05:30,282.2518447511403,285.054700083089,281.36674043912814,284.3171081542969,16842964
2025-09-19 00:00:00+05:30,285.2022082697728,285.3989114529667,280.18657722524875,281.465087890625,14993879
2025-09-22 00:00:00+05:30,282.25183885313095,284.2187506221423,281.17003137763635,281.9076232910156,9456933
2025-09-23 00:00:00+05:30,283.87453920783565,284.2187547749804,280.6783075364907,283.82537841796875,13619147
2025-09-24 00:00:00+05:30,283.13694550041856,289.67692118421104,282.2026804099865,288.4476013183594,14032389
2025-09-25 00:00:00+05:30,289.136037472668,289.97198099851187,278.90810201358835,279.6948547363281,16242837
2025-09-26 00:00:00+05:30,278.80973363154965,279.4489739318704,275.4659897422103,277.5804138183594,8959035
2025-09-29 00:00:00+05:30,279.20312563817504,281.36674063588873,275.3184928181018,275.9577331542969,14600560
2025-09-30 00:00:00+05:30,277.33457327442017,281.2683970088091,274.38420547362847,275.613525390625,18772881
2025-10-01 00:00:00+05:30,276.3511125459816,278.1705119941076,275.26930503525597,276.00689697265625,11812449
2025-10-03 00:00:00+05:30,278.66224486235905,285.20222082000316,276.40027820686026,284.9071960449219,19597461
2025-10-06 00:00:00+05:30,283.57952653723135,283.8745513143992,279.8423759545092,282.15350341796875,11702722
2025-10-07 00:00:00+05:30,284.16958921095903,287.5133332084207,282.3501898260677,284.21875,11371062
2025-10-08 00:00:00+05:30,285.5464263535815,285.5464263535815,279.9407157227049,280.5799560546875,9989251
2025-10-09 00:00:00+05:30,280.2849252972544,282.20267626489124,277.58042163210547,281.4158935546875,10714949
2025-10-10 00:00:00+05:30,280.5307999046319,286.4315353978056,280.5307999046319,284.36627197265625,10773268
2025-10-13 00:00:00+05:30,282.9894289624034,283.4319961126862,280.1865737068925,281.4158935546875,8950161
2025-10-14 00:00:00+05:30,281.7601049273947,283.13693713392576,280.6782974748735,282.7435607910156,7667654
2025-10-15 00:00:00+05:30,282.3993547121781,288.3984416841045,282.30100311997757,286.1365051269531,8125514
2025-10-16 00:00:00+05:30,287.56249517775,288.39843868371946,285.79228658732563,287.0216064453125,7824732
2025-10-17 00:00:00+05:30,286.1856797936664,286.6774077658205,283.235311960742,284.95635986328125,14275188
2025-10-20 00:00:00+05:30,285.34972786343695,287.2674789036292,282.3501993264109,283.4320068359375,13536721
2025-10-21 00:00:00+05:30,283.5303236406908,284.8088343168441,283.4320020609571,283.82537841796875,398291
2025-10-23 00:00:00+05:30,284.1696005714316,286.33318559148836,283.23530544076857,284.8580017089844,21031287
2025-10-24 00:00:00+05:30,284.8579885186837,285.93979598496566,281.8092693001406,283.7270202636719,16350189
2025-10-27 00:00:00+05:30,284.2187601380122,287.95588061917886,283.4320074091433,286.2348327636719,13396182
2025-10-28 00:00:00+05:30,285.7431072788983,287.75920993470606,282.0551475565961,283.4811706542969,13543174
2025-10-29 00:00:00+05:30,284.21876344863193,291.74219530208654,283.97289946640996,290.4637145996094,14608714
2025-10-30 00:00:00+05:30,291.3979750596575,291.5455174567833,286.1365099344882,286.6773986816406,10329750
2025-10-31 00:00:00+05:30,287.1691237297978,287.1691237297978,282.2518442138766,283.3828125,10088802
2025-11-03 00:00:00+05:30,284.21874639723035,285.3497146450617,282.3993470354019,283.23529052734375,8578207
2025-11-04 00:00:00+05:30,279.7931961272585,280.23576327559437,273.49908453677585,274.433349609375,26098629
2025-11-05 00:00:00+05:30,274.433349609375,274.433349609375,274.433349609375,274.433349609375,0
2025-11-06 00:00:00+05:30,273.4007414122161,273.89246936439633,265.3855817942166,265.72979736328125,21919591
2025-11-07 00:00:00+05:30,265.7297914168414,268.28675270080566,264.3037683823529,267.5,11379131
2025-11-10 00:00:00+05:30,268.6000061035156,270.54998779296875,266.54998779296875,268.20001220703125,10717941
2025-11-11 00:00:00+05:30,268.25,269.1499938964844,264.6499938964844,267.6499938964844,11154806
2025-11-12 00:00:00+05:30,269.0,270.25,266.5,267.1000061035156,16444701
2025-11-13 00:00:00+05:30,267.1000061035156,270.45001220703125,265.6499938964844,269.8500061035156,12573141
2025-11-14 00:00:00+05:30,270.3500061035156,272.29998779296875,269.5,271.29998779296875,10308317
2025-11-17 00:00:00+05:30,272.1000061035156,273.95001220703125,270.0,273.54998779296875,9884392
2025-11-18 00:00:00+05:30,274.0,276.79998779296875,272.29998779296875,274.20001220703125,16434280
2025-11-19 00:00:00+05:30,275.95001220703125,276.0,272.5,275.1499938964844,15765235
2025-11-20 00:00:00+05:30,275.25,279.04998779296875,274.5,277.20001220703125,15337345
2025-11-21 00:00:00+05:30,277.20001220703125,279.0,275.3999938964844,277.6000061035156,12941485
2025-11-24 00:00:00+05:30,278.0,279.04998779296875,272.5,275.79998779296875,49791096
2025-11-25 00:00:00+05:30,275.0,276.8999938964844,272.6499938964844,273.45001220703125,12114606
2025-11-26 00:00:00+05:30,274.0,276.95001220703125,273.5,275.04998779296875,8352869
2025-11-27 00:00:00+05:30,277.0,277.0,273.29998779296875,273.70001220703125,9865039
2025-11-28 00:00:00+05:30,273.79998779296875,274.3500061035156,269.45001220703125,269.95001220703125,12580231
2025-12-01 00:00:00+05:30,272.45001220703125,272.45001220703125,268.75,269.6499938964844,10428760
2025-12-02 00:00:00+05:30,269.0,270.6499938964844,266.8999938964844,267.45001220703125,11029817
2025-12-03 00:00:00+05:30,267.45001220703125,269.0,264.5,268.45001220703125,9063557
2025-12-04 00:00:00+05:30,266.54998779296875,270.20001220703125,265.6000061035156,269.1000061035156,5103204
2025-12-05 00:00:00+05:30,268.20001220703125,271.5,267.79998779296875,269.79998779296875,5535798
2025-12-08 00:00:00+05:30,268.79998779296875,269.3999938964844,264.75,265.20001220703125,10203843
2025-12-09 00:00:00+05:30,264.1000061035156,265.75,262.8999938964844,264.54998779296875,10686557
2025-12-10 00:00:00+05:30,264.8999938964844,267.25,264.29998779296875,265.5,7157092
2025-12-11 00:00:00+05:30,264.25,266.3500061035156,262.5,264.79998779296875,8336183
2025-12-12 00:00:00+05:30,265.0,266.75,263.29998779296875,263.6000061035156,5522827
2025-12-15 00:00:00+05:30,263.6000061035156,263.8500061035156,260.5,262.20001220703125,6400400
2025-12-16 00:00:00+05:30,262.1499938964844,263.3500061035156,259.70001220703125,260.3500061035156,9241981
2025-12-17 00:00:00+05:30,260.3500061035156,262.75,259.29998779296875,261.1000061035156,10944698
2025-12-18 00:00:00+05:30,260.75,261.70001220703125,255.8000030517578,257.95001220703125,10930748
2025-12-19 00:00:00+05:30,258.04998779296875,263.95001220703125,257.95001220703125,263.45001220703125,16657897
2025-12-22 00:00:00+05:30,259.1000061035156,265.6000061035156,259.04998779296875,265.0,10054250
2025-12-23 00:00:00+05:30,265.0,269.29998779296875,264.3999938964844,267.0,10526826
2025-12-24 00:00:00+05:30,267.79998779296875,270.04998779296875,266.29998779296875,268.04998779296875,6131188
2025-12-25 00:00:00+05:30,268.04998779296875,268.04998779296875,268.04998779296875,268.04998779296875,0
2025-12-26 00:00:00+05:30,268.0,269.29998779296875,264.8500061035156,265.45001220703125,6029003
2025-12-29 00:00:00+05:30,265.95001220703125,266.45001220703125,260.0,260.6000061035156,7270521
2025-12-30 00:00:00+05:30,260.0,261.45001220703125,258.95001220703125,260.3500061035156,10929200
2025-12-31 00:00:00+05:30,261.3999938964844,265.20001220703125,260.54998779296875,264.6000061035156,5145868
2026-01-01 00:00:00+05:30,264.1000061035156,267.54998779296875,264.1000061035156,266.79998779296875,4298196
2026-01-02 00:00:00+05:30,267.5,272.1000061035156,266.25,270.95001220703125,13348375
