Date,Open,High,Low,Close,Volume
2021-01-04 00:00:00+05:30,890.3908808094733,907.2093752247633,884.9496032045265,901.669189453125,1028233
2021-01-05 00:00:00+05:30,896.7720068105083,910.0784156318372,889.4015370574159,895.881591796875,1209912
2021-01-06 00:00:00+05:30,896.8709096862603,905.2307025680964,891.3801781572183,900.5808715820312,1214878
2021-01-07 00:00:00+05:30,906.4178708634573,906.7146557280773,894.5954472909044,904.3897705078125,1109459
2021-01-08 00:00:00+05:30,910.1773914559393,944.309043635537,908.1987449527743,925.5119018554688,4436263
2021-01-11 00:00:00+05:30,929.9637459320761,942.3302851067048,916.9541225669699,926.2537841796875,2146652
2021-01-12 00:00:00+05:30,924.8192560292982,926.0064558699324,911.7107244691737,915.1239013671875,1573331
2021-01-13 00:00:00+05:30,917.5972176979888,938.8676653319584,912.6506019691586,916.6573486328125,1996557
2021-01-14 00:00:00+05:30,920.1694401662226,921.900755683435,908.6933157483828,915.2723388671875,719918
2021-01-15 00:00:00+05:30,915.2723107459257,919.8726270345092,893.7545328359786,900.5313720703125,733660
2021-01-18 00:00:00+05:30,889.4015465155687,897.514008738461,873.7702522130176,883.36669921875,936905
2021-01-19 00:00:00+05:30,880.9923404052859,908.1987293566001,880.9923404052859,894.7439575195312,1420092
2021-01-20 00:00:00+05:30,895.4363612803304,901.1744838723041,885.4442215922951,887.175537109375,1147187
2021-01-21 00:00:00+05:30,898.1075805147739,898.1075805147739,865.6577919338388,868.9225463867188,1913821
2021-01-22 00:00:00+05:30,876.0456773373995,876.2435540504255,829.0528262097581,853.3406982421875,3421388
2021-01-25 00:00:00+05:30,856.6549963206312,873.3250683457956,843.8927026892819,853.6375122070312,2534590
2021-01-27 00:00:00+05:30,856.0613752525751,875.5510548785485,849.9275591755965,872.3357543945312,2745728
2021-01-28 00:00:00+05:30,873.5724490567513,874.9080113203688,859.5735006064621,863.2340087890625,1855486
2021-01-29 00:00:00+05:30,867.1911218653374,873.6217217975983,848.8886451350567,855.2203369140625,2286478
2021-02-01 00:00:00+05:30,865.6578085775577,887.422919193222,842.9528288358813,865.1631469726562,3099408
2021-02-02 00:00:00+05:30,878.518972704973,880.4976190398941,848.7898235994821,856.1107788085938,2781083
2021-02-03 00:00:00+05:30,860.7111527431255,870.5549303023462,849.1855137282827,856.9022827148438,1883217
2021-02-04 00:00:00+05:30,856.9021853623642,861.4035931707915,849.8285013894877,854.6762084960938,2094974
2021-02-05 00:00:00+05:30,857.4958454672075,860.7111457242232,844.5357362769413,854.9730834960938,1766235
2021-02-08 00:00:00+05:30,855.7645209468313,862.3929980990719,847.8499357820052,849.927490234375,1899676
2021-02-09 00:00:00+05:30,859.7217491946168,885.4441490554455,853.7858107651948,879.21142578125,4311868
2021-02-10 00:00:00+05:30,888.4122491437263,905.4780746423113,884.4549562744893,901.6196899414062,4993209
2021-02-11 00:00:00+05:30,900.0862073571215,912.0570539358102,895.8815838875746,897.662353515625,2184819
2021-02-12 00:00:00+05:30,898.3054527735488,903.7467302958556,883.9108124957819,887.2744750976562,984794
2021-02-15 00:00:00+05:30,888.4122457430892,891.5286380190835,865.6578118320747,867.8837890625,1715171
2021-02-16 00:00:00+05:30,867.8838274719519,878.8158373884866,859.7219105991749,862.6898803710938,1634864
2021-02-17 00:00:00+05:30,860.7112267248459,873.7208516040291,860.7112267248459,867.784912109375,1496973
2021-02-18 00:00:00+05:30,870.7031910365513,889.2529982002958,869.3181749984171,883.9601440429688,2387930
2021-02-19 00:00:00+05:30,888.807902514588,889.5498948440303,864.9157253531523,872.0883178710938,1120800
2021-02-22 00:00:00+05:30,870.6044288498857,875.5510449228965,836.0770245068721,839.98486328125,1810985
2021-02-23 00:00:00+05:30,843.8926587628117,865.0641986225683,839.9353661074175,860.4143676757812,1480977
2021-02-24 00:00:00+05:30,860.8100372459193,866.5481597466172,843.5958508943021,862.2445678710938,683427
2021-02-25 00:00:00+05:30,863.8769566697349,873.4734029683209,860.41432576493,863.0855102539062,1885254
2021-02-26 00:00:00+05:30,850.8179330281928,869.5656193268501,848.8887407545112,857.644287109375,2636891
2021-03-01 00:00:00+05:30,850.8179226068112,869.6150627574267,843.1012139900993,867.0428466796875,2648545
2021-03-02 00:00:00+05:30,867.3890890089235,876.5403283283789,861.2058191984806,869.7634887695312,1583910
2021-03-03 00:00:00+05:30,878.5189486399048,900.2840577278304,874.0669945082836,896.77197265625,2127137
2021-03-04 00:00:00+05:30,890.0941066605974,914.9260951492525,882.8720592836318,906.1211547851562,3140379
2021-03-05 00:00:00+05:30,900.2841007384405,905.2307166765639,885.3947988413885,893.9029541015625,1268992
2021-03-08 00:00:00+05:30,893.9524114324937,920.7136520617762,892.0727335992741,913.9862060546875,1396479
2021-03-09 00:00:00+05:30,939.8569943694706,973.2466507483861,928.9744396978241,960.9295654296875,11031435
2021-03-10 00:00:00+05:30,963.3040224189712,963.6008073055076,926.0065252956418,930.705810546875,2362998
2021-03-12 00:00:00+05:30,895.3869387012054,926.303288308199,895.3374846185333,904.4392700195312,28967831
2021-03-15 00:00:00+05:30,911.166630288829,916.8552384583846,892.3694902502973,910.1773071289062,4581531
2021-03-16 00:00:00+05:30,908.6438172970553,914.0356402926395,901.2733480927056,904.290771484375,1422174
2021-03-17 00:00:00+05:30,914.0357198906595,914.0357198906595,875.7489003401732,879.4588623046875,3809803
2021-03-18 00:00:00+05:30,885.4442183096144,888.4121877564623,872.8798022412599,880.9428100585938,2657918
2021-03-19 00:00:00+05:30,878.469538338342,900.2346485109374,872.8798381633454,897.0193481445312,2849173
2021-03-22 00:00:00+05:30,895.3374843386381,899.5421078838748,885.7904914295849,890.5887451171875,1660688
2021-03-23 00:00:00+05:30,895.139582716145,901.1249757549379,885.4442278289072,889.3026123046875,1642691
2021-03-24 00:00:00+05:30,883.4655990631343,885.4442454216183,865.7072359190408,871.2969360351562,1900721
2021-03-25 00:00:00+05:30,865.756700612862,874.858486050148,851.8072677679695,854.8741455078125,2711471
2021-03-26 00:00:00+05:30,860.7111190975052,867.5374728161579,858.8313810058496,864.6189575195312,1194885
2021-03-30 00:00:00+05:30,866.647065714738,871.5936813866258,858.7324806397176,862.8381958007812,1276847
2021-03-31 00:00:00+05:30,866.6469977575981,881.3879354573265,861.6509283974509,871.4451904296875,1929013
2021-04-01 00:00:00+05:30,872.1872330989543,880.5470254884727,867.1417093712402,874.0175170898438,1193426
2021-04-05 00:00:00+05:30,878.0356944622915,880.0199559187035,857.99464164156,865.6836547851562,1091002
2021-04-06 00:00:00+05:30,865.93170252643,895.89406315029,859.1356311419717,890.4869384765625,1351799
2021-04-07 00:00:00+05:30,893.9097467130724,913.7523604025968,891.1813873307628,911.2720336914062,2860132
2021-04-08 00:00:00+05:30,914.1492796938089,914.1492796938089,897.8783114847405,901.3507690429688,1342782
2021-04-09 00:00:00+05:30,897.4813915952124,908.7421111798639,893.116052923043,902.9381103515625,1344813
2021-04-12 00:00:00+05:30,893.5625085119199,898.2751291751936,861.6654833796119,865.5844116210938,1485108
2021-04-13 00:00:00+05:30,874.5136117032082,893.6617219725546,867.8663239472573,890.7349243164062,1174856
2021-04-15 00:00:00+05:30,887.9569914067848,904.8232135899304,882.9963378235067,901.5491943359375,1464475
2021-04-16 00:00:00+05:30,909.7838743276669,912.3137955640632,898.4735598469082,907.0059204101562,1310422
2021-04-19 00:00:00+05:30,890.139758716575,902.739831886275,881.5082087149784,899.1185302734375,1580387
2021-04-20 00:00:00+05:30,909.7838627652419,923.7728815803671,888.3042086317766,891.8759155273438,3593124
2021-04-22 00:00:00+05:30,892.9176392531336,913.4051626423828,888.0065801262708,907.204345703125,1988641
2021-04-23 00:00:00+05:30,889.2963056857699,934.4879063439598,889.2963056857699,915.5877685546875,3601606
2021-04-26 00:00:00+05:30,911.9169631421013,939.4485902487046,908.7917271945457,935.0831909179688,3751088
2021-04-27 00:00:00+05:30,938.5555990021451,939.3492914146442,917.7208552610826,921.4413452148438,1926977
2021-04-28 00:00:00+05:30,926.650015212868,926.650015212868,906.9562462849407,923.078369140625,1904945
2021-04-29 00:00:00+05:30,923.0783904814009,927.6421672964273,914.0499651405792,920.8956909179688,830577
2021-04-30 00:00:00+05:30,920.6972200842794,933.0988528979146,912.5617368475652,921.3917236328125,1326833
2021-05-03 00:00:00+05:30,914.6949626773323,972.2881409567048,908.8413669945282,951.0565185546875,5424609
2021-05-04 00:00:00+05:30,990.1463704854385,997.091284907681,935.1327148439904,975.1652221679688,10515809
2021-05-05 00:00:00+05:30,982.1597597442974,1011.7748357464645,957.4060876470135,965.4423217773438,5475550
2021-05-06 00:00:00+05:30,969.6093417751881,975.7109699328707,953.636061384864,961.7715454101562,1800692
2021-05-07 00:00:00+05:30,1021.8946111860706,1036.4788838921265,966.732169017773,992.3787231445312,11010394
2021-05-10 00:00:00+05:30,1001.3574583006439,1009.4929417852145,987.1700020405783,997.09130859375,2370879
2021-05-11 00:00:00+05:30,990.1464444941071,1007.0126664945077,982.7054641998127,993.0732421875,1297672
2021-05-12 00:00:00+05:30,987.7157434219358,993.0236791994782,962.3668151945352,965.2440185546875,3513520
2021-05-14 00:00:00+05:30,965.2934985701357,974.2722685676564,957.4060480323711,970.7006225585938,1331063
2021-05-17 00:00:00+05:30,970.7006383040635,981.0187605836383,953.635979257063,956.0667114257812,2181641
2021-05-18 00:00:00+05:30,958.2990583419444,968.3195540957901,956.6124240568319,960.8289794921875,1342840
2021-05-19 00:00:00+05:30,960.8289633066208,972.1888716344222,955.4218390225737,970.3533935546875,1101773
2021-05-20 00:00:00+05:30,973.7266941155158,976.7030862353524,958.1998243350938,961.5234985351562,1463348
2021-05-21 00:00:00+05:30,960.481645174753,968.0218743466404,957.6540970820755,961.6226196289062,1245988
2021-05-24 00:00:00+05:30,959.7375294921692,964.3013666697408,953.0903027927334,954.9257202148438,1841255
2021-05-25 00:00:00+05:30,959.3903696221581,964.9462772201598,955.5706907178883,957.7037353515625,1235079
2021-05-26 00:00:00+05:30,961.37466786323,972.28810578531,961.37466786323,964.10302734375,1719675
2021-05-27 00:00:00+05:30,968.815613385002,978.2408548874674,957.9517702790847,974.3715209960938,2428883
2021-05-28 00:00:00+05:30,978.240861846294,979.2329925378217,964.3510321649064,969.162841796875,1137566
2021-05-31 00:00:00+05:30,969.3117033102806,975.0660493151745,963.0116975260597,967.9723510742188,785669
2021-06-01 00:00:00+05:30,970.7007411497519,974.2723875951649,952.5447001468135,958.6959228515625,1420625
2021-06-02 00:00:00+05:30,957.4061432590069,985.6322743085462,955.8187583315033,976.6535034179688,2488600
2021-06-03 00:00:00+05:30,978.7368849402079,983.0526290401029,973.7762316967198,979.0841064453125,1724751
2021-06-04 00:00:00+05:30,987.1204347150126,987.1204347150126,976.2565916301097,981.3660888671875,996919
2021-06-07 00:00:00+05:30,987.1700409197964,990.0968385792224,979.2329953646623,980.72119140625,693875
2021-06-08 00:00:00+05:30,980.2251104438296,980.2251104438296,955.4218434791578,972.1392211914062,3262160
2021-06-09 00:00:00+05:30,970.452674716145,999.0756213747005,970.452674716145,990.74169921875,3809219
2021-06-10 00:00:00+05:30,997.0913368746022,997.0913368746022,984.2432324128598,989.699951171875,1041345
2021-06-11 00:00:00+05:30,991.0393393445877,994.6109854944984,976.2565683058218,980.3242797851562,823207
2021-06-14 00:00:00+05:30,980.3243770406124,984.9378092838793,963.706186856271,978.3897705078125,514960
2021-06-15 00:00:00+05:30,983.9951885527217,995.8511621961894,973.1313455814295,988.0133056640625,1137725
2021-06-16 00:00:00+05:30,992.0811288746477,995.9504023626049,980.5723761514573,983.9952392578125,833286
2021-06-17 00:00:00+05:30,975.2644456647752,984.8881252456824,969.3116616627522,975.5620727539062,869613
2021-06-18 00:00:00+05:30,992.8251893322062,992.8251893322062,949.2210335829094,974.8179931640625,1888723
2021-06-21 00:00:00+05:30,965.3432219138319,982.6063212244695,960.7297896940487,973.825927734375,887943
2021-06-22 00:00:00+05:30,974.2723548684598,1003.0441453890152,972.3376878776588,999.0756225585938,2289172
2021-06-23 00:00:00+05:30,1002.5479812097973,1007.062163373449,991.1384791970188,992.67626953125,1802617
2021-06-24 00:00:00+05:30,992.2299384998086,997.5378743433321,987.1700958985521,994.2638549804688,932721
2021-06-25 00:00:00+05:30,989.154336189741,1009.5426105468737,983.5984283327833,999.2244873046875,980203
2021-06-28 00:00:00+05:30,1002.5480331038226,1011.6756472974795,990.1463998393023,994.214111328125,1107325
2021-06-29 00:00:00+05:30,992.2298434049384,1009.2945027743647,987.4180339522553,991.535400390625,2486963
2021-06-30 00:00:00+05:30,994.5118621056929,1003.7882601545147,990.5929336343463,1000.2166137695312,777901
2021-07-01 00:00:00+05:30,1001.0598295452824,1009.3937512579856,994.7101691399037,998.9763793945312,834379
2021-07-02 00:00:00+05:30,1002.9448822736925,1002.9448822736925,988.21170602381,999.2739868164062,581097
2021-07-05 00:00:00+05:30,1006.0205650132466,1006.9631013222082,997.8850808775138,1001.9031982421875,431929
2021-07-06 00:00:00+05:30,1002.9945648658297,1024.7718463105648,998.1826945343408,1015.0985717773438,1693798
2021-07-07 00:00:00+05:30,1015.445723116764,1018.9181804014819,1004.5818803578914,1006.4173583984375,888200
2021-07-08 00:00:00+05:30,1002.7960753903686,1017.9260681182471,994.2141208670416,1013.5606689453125,868890
2021-07-09 00:00:00+05:30,1006.1197579874231,1019.9103994785792,1004.5819674532659,1011.5764770507812,930387
2021-07-12 00:00:00+05:30,1011.6756467833108,1027.8473644410562,1010.9315487878177,1025.3173828125,1297301
2021-07-13 00:00:00+05:30,1031.815976906313,1048.1861342322302,1027.897108899447,1044.366455078125,2525938
2021-07-14 00:00:00+05:30,1041.7371484287507,1052.5017414072422,1038.760756576097,1044.1182861328125,1596046
2021-07-15 00:00:00+05:30,1045.2096607420142,1056.5695084685144,1041.0922942399795,1044.6639404296875,796945
2021-07-16 00:00:00+05:30,1045.7057194808528,1049.5253983139426,1038.8599936797686,1041.9852294921875,699003
2021-07-19 00:00:00+05:30,1036.677431468909,1041.9853066907142,1019.2159547170288,1029.682861328125,643558
2021-07-20 00:00:00+05:30,1029.0875272560543,1033.0063949198259,1004.8299205040522,1006.7645874023438,695099
2021-07-22 00:00:00+05:30,1008.9969102290639,1030.6254076827718,1008.9969102290639,1017.9260864257812,915518
2021-07-23 00:00:00+05:30,1017.4299824549701,1045.6560510280033,1015.4953155748269,1042.18359375,1290998
2021-07-26 00:00:00+05:30,1039.7529228449655,1096.2051811412168,1031.9150664756257,1068.177490234375,2151393
2021-07-27 00:00:00+05:30,1089.3594884744264,1104.98554671074,1054.634914615952,1096.4532470703125,6096747
2021-07-28 00:00:00+05:30,1106.2257279710427,1129.838487020943,1084.3988526209414,1124.48095703125,4409570
2021-07-29 00:00:00+05:30,1124.0840412784416,1138.9660012247582,1115.2045202876864,1119.9666748046875,1555904
2021-07-30 00:00:00+05:30,1114.1628488673716,1114.1628488673716,1083.4067951586553,1089.954833984375,1238229
2021-08-02 00:00:00+05:30,1102.3068606225127,1119.619492861334,1093.278374381592,1098.487060546875,1582968
2021-08-03 00:00:00+05:30,1096.5525018590456,1125.9692025615311,1086.1847840559926,1122.7943115234375,1033719
2021-08-04 00:00:00+05:30,1121.1076159055951,1135.6423539089653,1116.1469627378713,1127.9036865234375,1840302
2021-08-05 00:00:00+05:30,1160.9912973922053,1166.448016245477,1116.1470381692002,1125.8203125,6687775
2021-08-06 00:00:00+05:30,1131.028904155016,1145.1667654569537,1118.5776164592562,1141.6446533203125,1654283
2021-08-09 00:00:00+05:30,1142.1904180950005,1146.9030387125479,1119.9666671713642,1127.5068359375,1491795
2021-08-10 00:00:00+05:30,1133.757243242857,1136.9816676931212,1111.3351159029592,1118.7264404296875,1911046
2021-08-11 00:00:00+05:30,1121.1078015012476,1133.1125599325478,1104.340766796675,1126.46533203125,1458158
2021-08-12 00:00:00+05:30,1127.3580262263372,1141.8926423320845,1119.6690142331893,1125.125732421875,1054244
2021-08-13 00:00:00+05:30,1123.091976112128,1133.5093486820726,1122.1495003711111,1129.6400146484375,712776
2021-08-16 00:00:00+05:30,1123.0918830152516,1135.493515999077,1119.4705819620349,1130.135986328125,479277
2021-08-17 00:00:00+05:30,1129.0446425786138,1142.7360935423376,1114.7084036013482,1125.869873046875,1991904
2021-08-18 00:00:00+05:30,1126.068416240627,1137.3787311631359,1091.5422172371175,1105.2833251953125,3428721
2021-08-20 00:00:00+05:30,1105.2832320034306,1124.5801252769172,1091.8398128515637,1116.4447021484375,2127671
2021-08-23 00:00:00+05:30,1118.131314420327,1131.971489433555,1109.7973922027063,1126.5147705078125,1251406
2021-08-24 00:00:00+05:30,1131.029063022006,1156.7252738512027,1121.7526646656538,1151.2685546875,1211218
2021-08-25 00:00:00+05:30,1158.8086039111702,1162.4299050203324,1141.0990959586113,1147.0518798828125,893931
2021-08-26 00:00:00+05:30,1142.1407087311711,1155.3360942758375,1135.84070358544,1142.736083984375,823814
2021-08-27 00:00:00+05:30,1145.7125984529653,1183.2647218044947,1136.2873566577746,1174.732421875,2469538
2021-08-30 00:00:00+05:30,1180.1396131569202,1189.5648559690183,1167.2915674516848,1171.4088134765625,1690833
2021-08-31 00:00:00+05:30,1171.4086534112844,1185.100105332426,1162.4299433619462,1182.66943359375,1719768
2021-09-01 00:00:00+05:30,1179.6433910602725,1213.1774568446394,1174.583548760424,1210.8955078125,1955177
2021-09-02 00:00:00+05:30,1220.122402930212,1240.1633949487004,1214.5663740330765,1233.6153564453125,2468599
2021-09-03 00:00:00+05:30,1237.13714581496,1243.7844931922955,1216.3520591533993,1234.3592529296875,1295336
2021-09-06 00:00:00+05:30,1235.2028123689151,1238.1792046878766,1223.7933084795638,1234.8555908203125,1166873
2021-09-07 00:00:00+05:30,1235.2027702447024,1243.4870376946828,1218.5845803639002,1229.001953125,1164891
2021-09-08 00:00:00+05:30,1236.2444946175842,1237.1373153507488,1202.41274120358,1210.4490966796875,1909087
2021-09-09 00:00:00+05:30,1167.7377963498352,1190.209580204166,1158.8086203369649,1163.9676513671875,10115407
2021-09-13 00:00:00+05:30,1169.7717196929202,1169.7717196929202,1144.2738887037879,1155.9810791015625,2374250
2021-09-14 00:00:00+05:30,1160.7928492173646,1164.7613717787915,1148.9369365089806,1161.685791015625,1338821
2021-09-15 00:00:00+05:30,1161.685659019864,1166.7455004888227,1156.328129948744,1163.223388671875,1875092
2021-09-16 00:00:00+05:30,1164.9598125016653,1177.6591338293,1158.8086506424788,1175.57568359375,3028407
2021-09-17 00:00:00+05:30,1193.533111010868,1195.3189945335641,1174.1369093498154,1189.3662109375,4143024
2021-09-20 00:00:00+05:30,1180.4865531597547,1189.2668846211616,1164.761307598527,1168.2337646484375,2117784
2021-09-21 00:00:00+05:30,1179.6433532218846,1186.5386128561308,1161.6858125209344,1175.2779541015625,2117913
2021-09-22 00:00:00+05:30,1175.2779449412951,1194.0788934433824,1168.4818742039506,1181.92529296875,1399326
2021-09-23 00:00:00+05:30,1214.3679872196406,1214.3679872196406,1189.0686541525647,1208.712890625,2659260
2021-09-24 00:00:00+05:30,1209.4073025823307,1228.8035058789471,1198.0969885741404,1212.433349609375,1703375
2021-09-27 00:00:00+05:30,1220.2711279792577,1223.2971751125915,1199.3371940545032,1213.177490234375,728019
2021-09-28 00:00:00+05:30,1212.8798254484366,1219.4775190685232,1192.8388330137448,1200.77587890625,1588306
2021-09-29 00:00:00+05:30,1196.509615916038,1205.2404144594727,1187.382061983114,1196.4599609375,1623118
2021-09-30 00:00:00+05:30,1199.634834770841,1209.4072977373442,1187.332390128931,1205.5379638671875,1234882
2021-10-01 00:00:00+05:30,1194.5252146036494,1207.9686323647009,1189.961438171786,1199.5355224609375,830634
2021-10-04 00:00:00+05:30,1201.4702920910515,1230.2420827356764,1196.5592935111101,1221.1640625,1664614
2021-10-05 00:00:00+05:30,1221.312890420428,1257.5256609324879,1217.3443676245859,1252.019287109375,2282814
2021-10-06 00:00:00+05:30,1262.9824037673452,1263.8753456353122,1195.9143914655847,1202.5120849609375,2630744
2021-10-07 00:00:00+05:30,1217.3443162284539,1224.487608515499,1197.7000807745308,1205.4884033203125,2674007
2021-10-08 00:00:00+05:30,1215.3103914989936,1219.3285690761181,1182.5700800429222,1187.03466796875,1661548
2021-10-11 00:00:00+05:30,1190.5071368682911,1208.9112090527774,1190.5071368682911,1196.6087646484375,822914
2021-10-12 00:00:00+05:30,1199.485979408575,1205.438763425491,1188.721385866592,1201.0733642578125,815338
2021-10-13 00:00:00+05:30,1201.0734666642938,1209.0601676785022,1175.0796893513475,1182.371826171875,1281752
2021-10-14 00:00:00+05:30,1183.56225122974,1189.4655014663383,1164.5630455157586,1176.2205810546875,2080766
2021-10-18 00:00:00+05:30,1210.3994386301101,1210.3994386301101,1176.2205848930018,1183.1158447265625,934860
2021-10-19 00:00:00+05:30,1184.1081266642814,1206.3318811227396,1177.2128659499647,1184.0584716796875,1313098
2021-10-20 00:00:00+05:30,1189.5648127297795,1193.533335874833,1146.8040000637714,1159.5528564453125,2063277
2021-10-21 00:00:00+05:30,1160.7928162419798,1175.1290551439968,1129.0942916269419,1149.1849365234375,1985866
2021-10-22 00:00:00+05:30,1158.8086455737691,1162.5787906385242,1132.715559990684,1158.014892578125,1112991
2021-10-25 00:00:00+05:30,1148.490530710133,1157.76692899045,1117.4369109352424,1120.81005859375,1843700
2021-10-26 00:00:00+05:30,1126.0682930278956,1169.0275988181259,1125.0761623732456,1162.8267822265625,1572647
2021-10-27 00:00:00+05:30,1166.1504311504293,1192.59073812262,1166.0512423038886,1176.6669921875,1916766
2021-10-28 00:00:00+05:30,1200.4782047850601,1212.135741071196,1148.9865947545686,1157.915771484375,3565017
2021-10-29 00:00:00+05:30,1157.9157448471017,1170.714255420676,1133.1124767237823,1136.535400390625,1518940
2021-11-01 00:00:00+05:30,1138.966008870992,1163.8189305920662,1129.5904224857516,1154.1951904296875,972538
2021-11-02 00:00:00+05:30,1154.1951979459145,1163.0251851861158,1146.2086186682523,1156.8740234375,1159884
2021-11-03 00:00:00+05:30,1160.7928833052183,1188.9694185407209,1157.8164912967434,1169.523681640625,1941052
2021-11-04 00:00:00+05:30,1180.5859855606109,1180.5859855606109,1163.323006695891,1172.4505615234375,119047
2021-11-08 00:00:00+05:30,1173.690530387948,1192.6402011198634,1168.084968129921,1191.20166015625,1361707
2021-11-09 00:00:00+05:30,1202.462376559588,1202.462376559588,1183.0166395764393,1197.749755859375,1521269
2021-11-10 00:00:00+05:30,1187.6796127381142,1195.3190916394985,1171.7559879908465,1174.4346923828125,842679
2021-11-11 00:00:00+05:30,1168.72988819536,1182.7189059288999,1141.049419253004,1144.125,1271079
2021-11-12 00:00:00+05:30,1144.918982364378,1167.7379915449505,1138.569320805231,1165.654541015625,1281030
2021-11-15 00:00:00+05:30,1167.9361260542564,1170.218074941004,1146.4069398849767,1150.7723388671875,662558
2021-11-16 00:00:00+05:30,1160.6936678947802,1164.9102231436132,1141.5951529441843,1143.9266357421875,694696
2021-11-17 00:00:00+05:30,1140.95021130956,1187.530695405668,1140.95021130956,1177.857421875,2862829
2021-11-18 00:00:00+05:30,1180.6355597451047,1195.517520582228,1169.2260564366436,1172.7481689453125,1527355
2021-11-22 00:00:00+05:30,1172.7481430638875,1180.2883121663508,1128.2014503859268,1141.59521484375,772737
2021-11-23 00:00:00+05:30,1134.6006116231101,1150.0778258754467,1122.6455096982236,1144.4227294921875,820238
2021-11-24 00:00:00+05:30,1150.1275747002132,1172.0536401059394,1142.934626745435,1154.5921630859375,1136850
2021-11-25 00:00:00+05:30,1148.6392596443443,1164.761382701326,1143.4305737336272,1150.37548828125,768462
2021-11-26 00:00:00+05:30,1144.9188722424296,1144.9188722424296,1096.5524987399874,1121.4549560546875,2315515
2021-11-29 00:00:00+05:30,1103.2493029771726,1138.8171632082285,1095.0642249649768,1127.3084716796875,1120859
2021-11-30 00:00:00+05:30,1126.0683699956223,1158.7094949865998,1125.22508310347,1151.4173583984375,2253521
2021-12-01 00:00:00+05:30,1151.665414836648,1170.1685563045187,1146.407073455237,1155.6834716796875,1239348
2021-12-02 00:00:00+05:30,1161.437829315511,1180.6355341573897,1147.9448760042246,1178.700927734375,1030248
2021-12-03 00:00:00+05:30,1167.7378733224296,1178.7009663714216,1154.542486123076,1156.7747802734375,1327943
2021-12-06 00:00:00+05:30,1156.7747912225798,1169.7221458611098,1135.9897006030285,1139.462158203125,936271
2021-12-07 00:00:00+05:30,1147.895215094489,1153.3022789429713,1130.0368625692506,1150.0283203125,2090791
2021-12-08 00:00:00+05:30,1155.8322867678494,1163.7693325138948,1149.482625949072,1160.296875,2315306
2021-12-09 00:00:00+05:30,1170.7141988477974,1175.6251972550156,1144.0258594148352,1152.2109375,1136171
2021-12-10 00:00:00+05:30,1151.8636717766392,1168.5315149542369,1147.6967715370884,1166.3487548828125,949040
2021-12-13 00:00:00+05:30,1172.6984577879912,1195.1702417974932,1168.729935088201,1177.3118896484375,2187282
2021-12-14 00:00:00+05:30,1169.722003528541,1183.5126433985265,1168.8787167216426,1179.1968994140625,1171502
2021-12-15 00:00:00+05:30,1179.1968897570473,1181.2803398245853,1153.153461138587,1165.40625,857540
2021-12-16 00:00:00+05:30,1169.2259960561578,1177.6094517842541,1151.020422460847,1154.6417236328125,993629
2021-12-17 00:00:00+05:30,1146.90306919935,1152.8061983175246,1128.0525862280804,1133.5589599609375,982598
2021-12-20 00:00:00+05:30,1130.532882156436,1133.558929100164,1091.9389754282345,1116.8414306640625,1341693
2021-12-21 00:00:00+05:30,1126.6636277820223,1132.4675683049056,1108.904463571642,1126.31640625,878721
2021-12-22 00:00:00+05:30,1130.384007949336,1130.929728239174,1110.1445188954362,1115.4525146484375,846447
2021-12-23 00:00:00+05:30,1125.0761492311126,1125.0761492311126,1107.3666414744143,1116.5933837890625,1026376
2021-12-24 00:00:00+05:30,1121.9014513063364,1144.5716137269555,1117.139175471457,1139.1644287109375,1930715
2021-12-27 00:00:00+05:30,1138.9659783159327,1155.8818542252184,1126.4155014583691,1152.80615234375,798129
2021-12-28 00:00:00+05:30,1156.1299945021972,1173.1945947086208,1152.459038115085,1168.3331298828125,776910
2021-12-29 00:00:00+05:30,1168.3330021570466,1182.8180850896024,1157.8164417325715,1176.3197021484375,1400668
2021-12-30 00:00:00+05:30,1174.5835515005508,1193.235535860523,1171.6071594219666,1185.7945556640625,1335116
2021-12-31 00:00:00+05:30,1189.5646487845227,1195.467777705337,1177.7582698331953,1186.5882568359375,843128
2022-01-03 00:00:00+05:30,1186.5883585055824,1204.8931221138962,1186.5883585055824,1199.8829345703125,925281
2022-01-04 00:00:00+05:30,1196.8074747714131,1217.3445346131748,1196.0137216594803,1210.994873046875,1409464
2022-01-05 00:00:00+05:30,1205.4388006777938,1215.360107679257,1204.198637302611,1210.2506103515625,378090
2022-01-06 00:00:00+05:30,1199.2875616004078,1218.782831715898,1192.6898686470895,1196.1126708984375,1387627
2022-01-07 00:00:00+05:30,1198.4937722984623,1209.655241618295,1196.5095110860477,1207.81982421875,1050768
2022-01-10 00:00:00+05:30,1209.407239223553,1230.9364254729896,1203.75214307057,1219.427734375,1379165
2022-01-11 00:00:00+05:30,1221.1145760677105,1230.1924755463363,1214.4672273740325,1223.694091796875,985871
2022-01-12 00:00:00+05:30,1230.2420624743224,1245.520899407638,1221.4617300407006,1239.568115234375,1371034
2022-01-13 00:00:00+05:30,1245.1239648462313,1251.0767487419105,1236.1947890027125,1248.7947998046875,933511
2022-01-14 00:00:00+05:30,1249.092473286975,1262.2382042409483,1244.6278854158143,1253.65625,895522
2022-01-17 00:00:00+05:30,1246.4138572368122,1283.0730384633102,1246.4138572368122,1277.814697265625,1427239
2022-01-18 00:00:00+05:30,1277.8146409084432,1282.8249492080859,1253.1602181173741,1255.938232421875,869578
2022-01-19 00:00:00+05:30,1253.0609686501014,1262.089333038389,1230.8372186183744,1238.2781982421875,625670
2022-01-20 00:00:00+05:30,1238.1790116315167,1245.7688350834082,1221.263136145718,1228.9521484375,716954
2022-01-21 00:00:00+05:30,1215.360093393897,1253.2594372501355,1191.5489568702615,1230.886962890625,2421446
2022-01-24 00:00:00+05:30,1230.2420679209183,1230.2420679209183,1195.6663372500818,1215.360107421875,1073781
2022-01-25 00:00:00+05:30,1202.561524385107,1223.1978901386358,1200.7261069232557,1218.33642578125,1083251
2022-01-27 00:00:00+05:30,1209.4073710861865,1212.2845744518115,1192.3923046869452,1202.115234375,1793456
2022-01-28 00:00:00+05:30,1200.478043140723,1228.0096676838264,1191.54886761323,1196.0631103515625,635096
2022-01-31 00:00:00+05:30,1200.4781276131412,1228.6546632600512,1196.5592598553098,1223.545166015625,1771932
2022-02-01 00:00:00+05:30,1240.1633900573402,1240.1633900573402,1193.1363700844247,1205.38916015625,1593083
2022-02-02 00:00:00+05:30,1207.1252668544114,1217.889980879494,1201.5198257858622,1210.49853515625,937000
2022-02-03 00:00:00+05:30,1208.4648823357613,1210.3994888125212,1166.348860243632,1175.873291015625,1236574
2022-02-04 00:00:00+05:30,1184.6041531818423,1184.6041531818423,1155.9812043557984,1162.87646484375,856452
2022-02-07 00:00:00+05:30,1152.6575340856832,1162.4795314549774,1122.9928009459502,1134.99755859375,1519928
2022-02-08 00:00:00+05:30,1135.9895195330303,1139.9580418720102,1108.5570846428927,1122.24853515625,1511667
2022-02-09 00:00:00+05:30,1123.0919022387764,1131.82270045271,1109.2020730591448,1116.8414306640625,1741687
2022-02-10 00:00:00+05:30,1116.1470802165688,1140.9503486658261,1099.280857671074,1137.2298583984375,2030639
2022-02-11 00:00:00+05:30,1135.840750206609,1135.840750206609,1115.1548503801273,1124.3817138671875,1942394
2022-02-14 00:00:00+05:30,1116.1470772941211,1118.1313387648663,1081.422501556082,1087.6729736328125,2448602
2022-02-15 00:00:00+05:30,1087.3752371485282,1114.8076749718891,1077.652307934523,1111.13671875,1245681
2022-02-16 00:00:00+05:30,1119.1233982181204,1122.5958555707475,1093.3280007414617,1113.3194580078125,1294606
2022-02-17 00:00:00+05:30,1119.1234901608411,1123.935300094289,1103.1502092483954,1117.4864501953125,1182862
2022-02-18 00:00:00+05:30,1115.9485803321877,1151.764471829637,1102.6043507016673,1141.4462890625,1734791
2022-02-21 00:00:00+05:30,1135.9896521810972,1141.4463710343687,1114.1627767680106,1125.8203125,1020384
2022-02-22 00:00:00+05:30,1097.296563403719,1117.6352429243123,1087.4744451693937,1092.2862548828125,2115917
2022-02-23 00:00:00+05:30,1099.2807726876276,1106.1760323395772,1090.0539090939328,1093.0799560546875,1743770
2022-02-24 00:00:00+05:30,1069.5169347960157,1082.910699749398,1032.510409851305,1045.9041748046875,2088599
2022-02-25 00:00:00+05:30,1051.6586124851474,1069.2192786082312,1040.7451740536978,1047.293212890625,1415912
2022-02-28 00:00:00+05:30,1040.745212440797,1054.4366659673178,1008.848182899529,1051.8074951171875,1566146
2022-03-02 00:00:00+05:30,1051.6585741939566,1116.1470716681142,1047.7397062528719,1112.327392578125,3762611
2022-03-03 00:00:00+05:30,1111.2854891495745,1117.8831820295982,1066.6892659873017,1072.7908935546875,1105747
2022-03-04 00:00:00+05:30,1063.0679695042988,1068.9215644402607,1041.4891283127743,1049.029296875,1586668
2022-03-07 00:00:00+05:30,1018.5213346772271,1040.5467084998395,1014.9496884413096,1020.8032836914062,852067
2022-03-08 00:00:00+05:30,1001.059872595944,1031.5678915080603,995.6031537661345,1023.8292236328125,1580056
2022-03-09 00:00:00+05:30,1027.6489446433854,1033.7504510686506,1012.7669247884874,1017.1322631835938,1409037
2022-03-10 00:00:00+05:30,1030.8237728158883,1048.7813138374202,1027.897035764286,1041.786865234375,1580932
2022-03-11 00:00:00+05:30,1041.7371776005994,1057.7104567685356,1033.4529109340008,1050.1702880859375,698477
2022-03-14 00:00:00+05:30,1038.7607872525587,1064.159307589994,1031.9647165435717,1061.2821044921875,1278905
2022-03-15 00:00:00+05:30,1060.6372923448098,1070.8561651092155,1051.6584617510757,1062.12548828125,1068905
2022-03-16 00:00:00+05:30,1067.433469216491,1089.1611562745516,1066.54052734375,1077.2059326171875,1616431
2022-03-17 00:00:00+05:30,1087.3752855842706,1131.0290379252451,1079.537428555654,1119.669189453125,1867149
2022-03-21 00:00:00+05:30,1130.0367512053858,1130.0367512053858,1085.3908742920914,1087.1767578125,849763
2022-03-22 00:00:00+05:30,1083.9028315774478,1093.17922975848,1061.5798899660128,1089.0123291015625,998586
2022-03-23 00:00:00+05:30,1101.7113918159341,1108.9043387670652,1070.6081212905676,1083.6546630859375,1054362
2022-03-24 00:00:00+05:30,1079.4381395674186,1088.863380675774,1075.767304632254,1080.380615234375,526345
2022-03-25 00:00:00+05:30,1085.3909602943006,1092.6335626779878,1077.0570383881993,1084.001953125,598919
2022-03-28 00:00:00+05:30,1084.2996828671037,1095.1139318847556,1047.6900352541784,1068.5247802734375,926829
2022-03-29 00:00:00+05:30,1104.3078476385144,1108.2340061235643,1079.8560509767083,1094.6165771484375,2864668
2022-03-30 00:00:00+05:30,1103.313875861745,1120.8575847314148,1096.853028840933,1115.0428466796875,1287813
2022-03-31 00:00:00+05:30,1121.20554118367,1121.20554118367,1107.7371104838446,1114.6949462890625,749342
2022-04-01 00:00:00+05:30,1112.259790760724,1114.0489971351024,1082.4404934212944,1106.643798828125,1519104
2022-04-04 00:00:00+05:30,1106.6436789784864,1123.0940380965085,1097.3500232478743,1119.5157470703125,1802143
2022-04-05 00:00:00+05:30,1116.2852874511595,1123.3921219162567,1104.3078228368797,1111.613525390625,773451
2022-04-06 00:00:00+05:30,1104.3078067335048,1115.6887882508936,1094.8650307083308,1100.4312744140625,1354847
2022-04-07 00:00:00+05:30,1096.853026558894,1109.0292382266298,1093.374108939541,1102.1707763671875,966698
2022-04-08 00:00:00+05:30,1102.3200360893486,1157.9827250172148,1102.3200360893486,1153.4600830078125,2390240
2022-04-11 00:00:00+05:30,1153.0126290686542,1153.0126290686542,1126.2250135048996,1135.6180419921875,1318874
2022-04-12 00:00:00+05:30,1134.127159534992,1146.0548772513985,1112.3094244127392,1142.1783447265625,1506254
2022-04-13 00:00:00+05:30,1143.0730021749994,1150.9254409786847,1133.133236938695,1139.99169921875,509293
2022-04-18 00:00:00+05:30,1138.1030748214848,1174.830457391978,1126.771718630494,1166.33203125,2382085
2022-04-19 00:00:00+05:30,1177.8123755912636,1177.8123755912636,1105.3018402694643,1117.92529296875,971382
2022-04-20 00:00:00+05:30,1120.7084889797015,1128.859047638273,1110.9674708740738,1121.5533447265625,645638
2022-04-21 00:00:00+05:30,1118.4222208954434,1141.681293424665,1118.4222208954434,1137.65576171875,731288
2022-04-22 00:00:00+05:30,1126.6723683798123,1133.133215662096,1115.2416385726945,1130.3997802734375,824665
2022-04-25 00:00:00+05:30,1113.2535796105385,1122.3981140519063,1080.8995989191028,1084.6767578125,1073577
2022-04-26 00:00:00+05:30,1099.3378656799507,1099.3378656799507,1077.072770715634,1088.2550048828125,922785
2022-04-27 00:00:00+05:30,1086.4162986488627,1092.2807841803026,1054.8077978760314,1067.7294921875,1202603
2022-04-28 00:00:00+05:30,1062.0638221665527,1118.2234908164453,1059.976495917365,1110.12255859375,1643102
2022-04-29 00:00:00+05:30,1107.7867302448165,1125.7776793447329,1059.8273675401845,1098.8409423828125,3259418
2022-05-02 00:00:00+05:30,1082.390647259402,1086.813915428687,1057.7897291999072,1074.538330078125,1925857
2022-05-04 00:00:00+05:30,1074.5383415394595,1090.3424707873264,1058.5849702148885,1071.3575439453125,1169983
2022-05-05 00:00:00+05:30,1075.4825951382977,1108.2838203134954,1073.4946420973768,1077.1226806640625,814132
2022-05-06 00:00:00+05:30,1066.5368143147105,1074.4886265370008,1045.862054002745,1052.770263671875,1350057
2022-05-09 00:00:00+05:30,1027.7716729430615,1068.4253349502694,1026.9764432307616,1058.0382080078125,1201027
2022-05-10 00:00:00+05:30,1063.5548413599788,1090.193459752349,1055.6030294619602,1074.538330078125,1410429
2022-05-11 00:00:00+05:30,1072.500629861015,1097.797282930309,1072.500629861015,1080.6015625,1886732
2022-05-12 00:00:00+05:30,1069.0216995350715,1075.4327992688477,1041.6873464553744,1054.21142578125,1457225
2022-05-13 00:00:00+05:30,1068.5246804116243,1072.5005861992026,1032.2942874563248,1038.6556396484375,1108831
2022-05-16 00:00:00+05:30,1038.705411442907,1047.6511996754296,1027.9207910073694,1038.3575439453125,590395
2022-05-17 00:00:00+05:30,1035.7234377617615,1068.872527361702,1030.0578206573387,1063.952392578125,545334
2022-05-18 00:00:00+05:30,1057.094016531496,1078.464511459025,1054.609075260853,1067.431396484375,775879
2022-05-19 00:00:00+05:30,1067.4312486426625,1067.4312486426625,1040.6932600068137,1050.28515625,1069562
2022-05-20 00:00:00+05:30,1074.4887494432573,1076.9736910469653,1054.957084171106,1064.8968505859375,941175
2022-05-23 00:00:00+05:30,1055.6030872166018,1085.3230100785004,1055.6030872166018,1070.0157470703125,620152
2022-05-24 00:00:00+05:30,1066.2882172241957,1077.0728372423318,1050.8815825311406,1066.934326171875,847697
2022-05-25 00:00:00+05:30,1071.5066171910642,1109.277722435276,1071.5066171910642,1089.398193359375,3185769
2022-05-26 00:00:00+05:30,1090.3922150646265,1103.1151627352142,1066.9343940485633,1098.69189453125,1177148
2022-05-27 00:00:00+05:30,1108.2838134283008,1122.5970995010164,1096.2069745127276,1114.3470458984375,687512
2022-05-30 00:00:00+05:30,1118.6210863063357,1143.0728819488477,1112.1104922273178,1141.4825439453125,580398
2022-05-31 00:00:00+05:30,1147.0488641997822,1173.7868559251694,1132.735578542417,1167.0775146484375,2649820
2022-06-01 00:00:00+05:30,1155.0006789979125,1168.9163498292128,1137.158849573218,1145.806396484375,683413
2022-06-02 00:00:00+05:30,1133.3319306753503,1141.0849957308744,1114.545872325845,1136.860595703125,950691
2022-06-03 00:00:00+05:30,1147.0488181756236,1154.8515090062624,1132.0894241359474,1134.2762451171875,917466
2022-06-06 00:00:00+05:30,1128.7597416572912,1142.6754133048257,1127.2687768379126,1135.1212158203125,1199089
2022-06-07 00:00:00+05:30,1128.213133781121,1131.1453160752487,1106.7928905534177,1127.4676513671875,848821
2022-06-08 00:00:00+05:30,1137.3575898708455,1152.2174897472103,1122.3981952782347,1129.20703125,1387431
2022-06-09 00:00:00+05:30,1130.1014384696027,1160.2189724305913,1123.7400864705264,1156.6903076171875,1142045
2022-06-10 00:00:00+05:30,1147.7943607036552,1156.690401823942,1145.3094194594387,1147.9434814453125,611509
2022-06-13 00:00:00+05:30,1130.2010120464288,1154.8019300772387,1123.5412967885914,1126.87109375,1014220
2022-06-14 00:00:00+05:30,1118.2235528963638,1138.1030827256325,1117.378697145624,1125.28076171875,768306
2022-06-15 00:00:00+05:30,1133.1330350079113,1137.8046753024514,1116.0366903821441,1118.9688720703125,947417
2022-06-16 00:00:00+05:30,1124.5353000850143,1130.7974006307068,1093.2747873860974,1098.4931640625,1385141
2022-06-17 00:00:00+05:30,1098.4932399167794,1107.637775904305,1069.4194249977586,1075.58203125,1535565
2022-06-20 00:00:00+05:30,1071.6556929779501,1086.21747168229,1062.7099052690057,1069.4688720703125,532685
2022-06-21 00:00:00+05:30,1073.5939758882073,1091.8831674571795,1070.8605405577503,1089.74609375,659138
2022-06-22 00:00:00+05:30,1088.901234570013,1089.3982228103462,1056.1993840890852,1064.0020751953125,560136
2022-06-23 00:00:00+05:30,1070.5127643251167,1076.4766237363986,1055.0563801501987,1067.3817138671875,895014
2022-06-24 00:00:00+05:30,1065.6422451869978,1086.3170061588821,1065.6422451869978,1072.053466796875,492066
2022-06-27 00:00:00+05:30,1077.3712249489924,1089.9946788124905,1070.5625097338768,1078.017333984375,793805
2022-06-28 00:00:00+05:30,1078.4644845101325,1083.4343669272298,1061.5668842920013,1071.556396484375,572706
2022-06-29 00:00:00+05:30,1063.6045619169215,1081.446390879502,1045.2159973661212,1061.218994140625,1224658
2022-06-30 00:00:00+05:30,1067.0337755335017,1086.0684498251608,1051.1798988511537,1075.0849609375,1569542
2022-07-01 00:00:00+05:30,1078.9118108937266,1098.6919687482878,1068.5248043528663,1093.22509765625,696341
2022-07-04 00:00:00+05:30,1098.3440198326982,1115.2416201378167,1088.5036283291838,1110.9178466796875,1436248
2022-07-05 00:00:00+05:30,1111.2656966380232,1124.535258283468,1100.282208079105,1104.307861328125,1020111
2022-07-06 00:00:00+05:30,1107.4884957011989,1118.2234897366766,1104.3078196421757,1109.3770751953125,602752
2022-07-07 00:00:00+05:30,1114.9432499131556,1123.1933023493705,1104.4568719709862,1117.8258056640625,792663
2022-07-08 00:00:00+05:30,1128.9585840734571,1142.476640527826,1120.758277753506,1139.99169921875,1135110
2022-07-11 00:00:00+05:30,1139.0473087512348,1148.142217890319,1134.1769210243672,1140.4886474609375,543156
2022-07-12 00:00:00+05:30,1136.115066973466,1140.090972719655,1127.2686524211929,1132.8846435546875,331672
2022-07-13 00:00:00+05:30,1138.5502525267218,1143.8681234920434,1130.7475618229037,1132.9840087890625,368619
2022-07-14 00:00:00+05:30,1136.2145042497236,1139.9916634550327,1123.2431838242967,1132.0894775390625,728701
2022-07-15 00:00:00+05:30,1137.755117846322,1151.124051978322,1130.0020533424417,1148.489990234375,591171
2022-07-18 00:00:00+05:30,1158.4298505203838,1179.7009716510577,1150.3290392034044,1170.0594482421875,1044459
2022-07-19 00:00:00+05:30,1169.3139309240848,1178.8063333088746,1148.5397986588384,1162.9027099609375,1099874
2022-07-20 00:00:00+05:30,1167.9223948608303,1191.7778310111792,1156.4916650387881,1178.9058837890625,1608377
2022-07-21 00:00:00+05:30,1179.8500474575676,1179.8500474575676,1155.99461263113,1161.51123046875,1048591
2022-07-22 00:00:00+05:30,1162.505250241599,1169.1150968197333,1151.422388131801,1157.932861328125,753148
2022-07-25 00:00:00+05:30,1164.94045757578,1164.94045757578,1132.3379798536437,1138.0533447265625,934158
2022-07-26 00:00:00+05:30,1135.1212758203603,1143.172462003568,1128.163439628817,1131.3441162109375,687125
2022-07-27 00:00:00+05:30,1133.1332237619451,1170.4073429646407,1125.380158433775,1142.4268798828125,1554002
2022-07-28 00:00:00+05:30,1148.0428002743342,1187.8018582924929,1140.5879768959294,1184.273193359375,1043318
2022-07-29 00:00:00+05:30,1255.0940229455912,1296.8410341138363,1233.5247823760046,1286.6031494140625,7628351
2022-08-01 00:00:00+05:30,1292.1694681274082,1309.315562992945,1279.6453883187166,1305.389404296875,2973441
2022-08-02 00:00:00+05:30,1302.1091608017127,1304.892343419876,1272.7371079152704,1277.45849609375,1673860
2022-08-03 00:00:00+05:30,1275.2718678987283,1279.7945095729865,1251.0188166818177,1275.818603515625,1409000
2022-08-04 00:00:00+05:30,1276.3651704985205,1279.1979791924089,1262.5986205520655,1271.09716796875,1015838
2022-08-05 00:00:00+05:30,1277.4585774225723,1280.0926394726343,1253.3546467662952,1259.0203857421875,922856
2022-08-08 00:00:00+05:30,1253.6030644078971,1264.6859262179566,1243.7130471523608,1262.250732421875,1002771
2022-08-10 00:00:00+05:30,1262.3500856275527,1286.5037617841963,1261.4058565384516,1265.53076171875,1187710
2022-08-11 00:00:00+05:30,1271.8923177489487,1276.216091299832,1251.4661732723541,1253.9013671875,943196
2022-08-12 00:00:00+05:30,1247.9375177073346,1282.080586816074,1244.9555881548677,1278.800537109375,1572048
2022-08-16 00:00:00+05:30,1281.2356570409527,1313.0429037634588,1279.2974514778066,1301.7115478515625,1710276
2022-08-17 00:00:00+05:30,1297.1393151138545,1313.042938900691,1284.6648616720465,1297.4871826171875,1209377
2022-08-18 00:00:00+05:30,1298.1333090458695,1324.970674546818,1295.499247053772,1316.2236328125,1498235
2022-08-19 00:00:00+05:30,1312.0489007883016,1326.6603059221654,1285.5594043955348,1289.1376953125,961803
2022-08-22 00:00:00+05:30,1284.2674591902141,1303.5008813039192,1263.4933248789262,1268.3140869140625,966451
2022-08-23 00:00:00+05:30,1268.3141317391783,1284.863866267515,1262.3502721855457,1271.5445556640625,803737
2022-08-24 00:00:00+05:30,1276.2658332069175,1282.179944881305,1264.5866092659664,1279.7447509765625,684029
2022-08-25 00:00:00+05:30,1280.2415904189959,1308.072929341148,1280.2415904189959,1289.1873779296875,1286241
2022-08-26 00:00:00+05:30,1298.1334161569175,1319.5039126709862,1298.1334161569175,1305.7869873046875,869870
2022-08-29 00:00:00+05:30,1248.4343709843124,1303.0037001613775,1248.4343709843124,1290.380126953125,737193
2022-08-30 00:00:00+05:30,1292.2687982710831,1325.6167577320605,1292.2687982710831,1321.0941162109375,1086386
2022-09-01 00:00:00+05:30,1283.322989839129,1305.0910986920858,1283.2236164596213,1288.740234375,2045072
2022-09-02 00:00:00+05:30,1295.201077214751,1303.103141552861,1274.9735591470417,1280.4404296875,1141002
2022-09-05 00:00:00+05:30,1286.8516013891729,1288.193445294352,1274.2777753606167,1285.609130859375,440939
2022-09-06 00:00:00+05:30,1285.2116054254757,1309.067041257039,1277.3095408402787,1303.4510498046875,1792194
2022-09-07 00:00:00+05:30,1296.1454381705707,1329.3442796422523,1293.3622552601191,1323.529541015625,839563
2022-09-08 00:00:00+05:30,1329.9405893577512,1332.2764099225776,1296.890869928644,1309.7628173828125,1205449
2022-09-09 00:00:00+05:30,1314.0865602884883,1318.9569476254544,1283.5217857062482,1289.6346435546875,548609
2022-09-12 00:00:00+05:30,1289.9827420668616,1303.1031832497847,1287.2493067091675,1298.13330078125,1002755
2022-09-13 00:00:00+05:30,1304.6440092104872,1326.9587349076937,1303.103296976769,1316.422607421875,1160040
2022-09-14 00:00:00+05:30,1297.0896712971632,1312.049067149815,1292.1695358293634,1295.44970703125,800852
2022-09-15 00:00:00+05:30,1301.9599884490478,1309.0669441134773,1268.9102725099642,1287.199462890625,1441219
2022-09-16 00:00:00+05:30,1281.2357771894651,1295.1017015738346,1258.374316463819,1264.586669921875,1717631
2022-09-19 00:00:00+05:30,1270.7990396598777,1300.121348357544,1264.7854329014292,1295.44970703125,859607
2022-09-20 00:00:00+05:30,1301.960066410733,1314.5338931337992,1298.7793902127723,1301.4134521484375,671787
2022-09-21 00:00:00+05:30,1301.4133256307052,1310.8063539076422,1290.1813439788584,1298.431396484375,453755
2022-09-22 00:00:00+05:30,1289.1875660917444,1292.1197483364315,1261.356223107497,1277.7568359375,932867
2022-09-23 00:00:00+05:30,1266.3260077081698,1282.1798836819694,1257.9269551706427,1265.33203125,415333
2022-09-26 00:00:00+05:30,1264.139264943014,1264.139264943014,1244.309362477468,1252.2115478515625,1271968
2022-09-27 00:00:00+05:30,1258.374210394852,1262.9962252450596,1229.8471342540315,1234.8170166015625,821405
2022-09-28 00:00:00+05:30,1220.1061517995713,1243.3154787704652,1207.6814455694332,1231.338134765625,1102669
2022-09-29 00:00:00+05:30,1237.5006601721352,1243.4645187753742,1228.5548722672763,1232.33203125,1382993
2022-09-30 00:00:00+05:30,1235.5127704031536,1250.422417672701,1227.1137176419834,1242.9178466796875,1344894
2022-10-03 00:00:00+05:30,1248.0368068794405,1249.0805306863872,1220.4539603803057,1229.79736328125,981699
2022-10-04 00:00:00+05:30,1244.7070915573322,1257.3802921301858,1242.5203917572023,1253.0565185546875,420656
2022-10-06 00:00:00+05:30,1259.3682652879056,1272.2402128355673,1234.9660929079457,1237.64990234375,900769
2022-10-07 00:00:00+05:30,1231.6361467626243,1249.3289754147204,1230.8906644542778,1235.71142578125,570691
2022-10-10 00:00:00+05:30,1222.591174493068,1236.4570990356237,1210.713203079769,1231.835205078125,539842
2022-10-11 00:00:00+05:30,1232.580576095124,1235.5127581617414,1192.9208904840707,1199.08349609375,712461
2022-10-12 00:00:00+05:30,1198.7357094045703,1213.098621899495,1193.0700916503506,1204.8983154296875,721135
2022-10-13 00:00:00+05:30,1199.7296785406477,1209.2222029902036,1177.911942116939,1180.7447509765625,689562
2022-10-14 00:00:00+05:30,1193.765858224205,1209.7192306753684,1170.506782264904,1172.693603515625,717290
2022-10-17 00:00:00+05:30,1170.9043294228018,1191.4299686325746,1160.5669494461222,1182.63330078125,1615547
2022-10-18 00:00:00+05:30,1188.547451333596,1218.6152417603919,1185.9631365887114,1211.7071533203125,1367703
2022-10-19 00:00:00+05:30,1212.6514088223482,1226.3683339479571,1206.0414404006958,1219.7086181640625,947326
2022-10-20 00:00:00+05:30,1212.6513139914673,1222.5910788602498,1206.6874550701978,1215.58349609375,878595
2022-10-21 00:00:00+05:30,1221.0503265015343,1242.7190617348567,1219.6091091771,1238.842529296875,1020728
2022-10-24 00:00:00+05:30,1261.306388903646,1261.306388903646,1231.3380955002112,1250.0247802734375,157253
2022-10-25 00:00:00+05:30,1254.000723184461,1270.8983236177799,1235.7115313896295,1247.2913818359375,1260061
2022-10-27 00:00:00+05:30,1247.9374639812693,1256.3862640161883,1236.0594936426553,1245.3531494140625,1512949
2022-10-28 00:00:00+05:30,1251.6150138974372,1257.727992924567,1236.9538622369673,1245.253662109375,528795
2022-10-31 00:00:00+05:30,1251.5157483423052,1266.0775278858766,1247.738710559633,1258.324462890625,539055
2022-11-01 00:00:00+05:30,1258.3244833221343,1278.6513752522258,1252.460119125526,1261.107666015625,1038607
2022-11-02 00:00:00+05:30,1267.4194468898615,1271.693594495297,1254.895366901062,1264.9842529296875,369486
2022-11-03 00:00:00+05:30,1255.3923275886643,1273.2839047039424,1255.3923275886643,1268.36376953125,431610
2022-11-04 00:00:00+05:30,1272.2898475519626,1274.1286797052496,1251.9133304622633,1257.9765625,336277
2022-11-07 00:00:00+05:30,1264.2884045349601,1274.2779172407882,1257.7779310349408,1270.9481201171875,474230
2022-11-09 00:00:00+05:30,1282.2297593462797,1282.2297593462797,1248.4843037486585,1256.1876220703125,992095
2022-11-10 00:00:00+05:30,1260.4615472861522,1260.4615472861522,1218.565414478051,1230.8907470703125,497796
2022-11-11 00:00:00+05:30,1243.4645985841894,1265.5308282984374,1230.8907716216695,1242.7191162109375,1136441
2022-11-14 00:00:00+05:30,1243.4646695600766,1252.3110851612828,1232.481180099895,1241.0791015625,772676
2022-11-15 00:00:00+05:30,1241.0790997619717,1254.3984098386748,1231.0399608440562,1251.7147216796875,775345
2022-11-16 00:00:00+05:30,1252.4103200530033,1257.9269378539093,1238.792891297544,1247.341064453125,1280120
2022-11-17 00:00:00+05:30,1247.937530867922,1253.5535225179647,1236.5068007962525,1246.79443359375,796479
2022-11-18 00:00:00+05:30,1246.7943852368292,1253.4043531584755,1230.1950263975252,1235.2642822265625,1253218
2022-11-21 00:00:00+05:30,1222.690465593626,1241.3772722850038,1198.2386680164132,1219.2115478515625,1040107
2022-11-22 00:00:00+05:30,1225.2747676975637,1228.5051912821768,1212.3034473357447,1221.6468505859375,750489
2022-11-23 00:00:00+05:30,1227.5112519582333,1227.5609993181263,1209.8185427447843,1218.9134521484375,880563
2022-11-24 00:00:00+05:30,1222.5911276781749,1237.8486430939827,1212.8998565441404,1233.177001953125,1717980
2022-11-25 00:00:00+05:30,1240.6813951380411,1247.390736385266,1221.6964686166007,1227.8094482421875,1429364
2022-11-28 00:00:00+05:30,1222.5911364195877,1261.8532094997288,1219.6092068185642,1245.9495849609375,1073327
2022-11-29 00:00:00+05:30,1245.9495591781517,1265.6303426716565,1240.432940996405,1250.820068359375,1070183
2022-11-30 00:00:00+05:30,1250.7703135658378,1281.9314527994964,1245.2040693925326,1275.1724853515625,1401332
2022-12-01 00:00:00+05:30,1282.2296153217605,1290.3305476235485,1268.5126918331496,1282.97509765625,949604
2022-12-02 00:00:00+05:30,1284.2175827053097,1292.1196470060609,1257.3802183608489,1287.3486328125,1614314
2022-12-05 00:00:00+05:30,1290.2808081241112,1290.2808081241112,1265.9781324057776,1276.8125,684421
2022-12-06 00:00:00+05:30,1278.253733944847,1305.5880867313815,1273.8305872097603,1277.359130859375,1991151
2022-12-07 00:00:00+05:30,1278.1543115603738,1288.7898107937215,1251.4163214109608,1254.447998046875,636553
2022-12-08 00:00:00+05:30,1234.5188242282861,1261.107695845119,1234.5188242282861,1259.2191162109375,608199
2022-12-09 00:00:00+05:30,1269.307899751302,1269.307899751302,1249.4781185280337,1262.002197265625,679420
2022-12-12 00:00:00+05:30,1261.306429319873,1265.3320826730694,1245.502300060709,1255.591064453125,498780
2022-12-13 00:00:00+05:30,1257.8771906117636,1272.6377165467238,1251.6648378331595,1270.1031494140625,598044
2022-12-14 00:00:00+05:30,1277.259826479899,1278.2538029985603,1258.9706342695242,1262.1016845703125,609946
2022-12-15 00:00:00+05:30,1267.2703189862957,1287.19959679893,1261.0083396947753,1265.8291015625,1303760
2022-12-16 00:00:00+05:30,1255.3922483138745,1271.0473773011615,1243.0669161457693,1246.5955810546875,722024
2022-12-19 00:00:00+05:30,1246.6452981745701,1263.2447787973301,1243.8124893701993,1259.865234375,378502
2022-12-20 00:00:00+05:30,1252.4103188451777,1261.356106836929,1221.6467964519945,1223.83349609375,1478618
2022-12-21 00:00:00+05:30,1223.6347454696142,1237.3019215249042,1214.2415953069699,1226.914794921875,1281437
2022-12-22 00:00:00+05:30,1226.9646862379086,1241.4767197032222,1221.7463093136155,1237.2523193359375,1176517
2022-12-23 00:00:00+05:30,1231.835037050165,1240.482583448856,1209.4208200411824,1217.2235107421875,877135
2022-12-26 00:00:00+05:30,1215.5835162449418,1241.824520200539,1197.7416865437146,1235.81103515625,567165
2022-12-27 00:00:00+05:30,1236.009778854104,1247.192014489093,1227.6603519796413,1233.5745849609375,471890
2022-12-28 00:00:00+05:30,1233.5247576530185,1242.3711722045596,1224.6783431014776,1234.5684814453125,376439
2022-12-29 00:00:00+05:30,1230.5429071919357,1255.1935729297893,1221.6468660495568,1251.018798828125,678487
2022-12-30 00:00:00+05:30,1254.3983304929905,1256.18753670916,1221.3983595560262,1223.88330078125,1052741
2023-01-02 00:00:00+05:30,1222.5911754601325,1240.1348861067086,1214.6393629368145,1232.5806884765625,703923
2023-01-03 00:00:00+05:30,1237.2024507314443,1267.3199859913636,1219.012754321755,1260.759765625,1871263
2023-01-04 00:00:00+05:30,1260.7100953619938,1274.5761406223646,1245.5023274011337,1251.4661865234375,1073081
2023-01-05 00:00:00+05:30,1253.0564470151737,1266.8727440590776,1247.4902031130662,1260.0142822265625,878852
2023-01-06 00:00:00+05:30,1263.2944642611264,1279.5957041619813,1258.8713170896121,1261.406005859375,1675874
2023-01-09 00:00:00+05:30,1267.717676446549,1305.9857724234287,1263.4932762413089,1298.481201171875,1432882
2023-01-10 00:00:00+05:30,1298.4811961109597,1305.7372732045123,1290.0821430931694,1294.7537841796875,1000059
2023-01-11 00:00:00+05:30,1301.264429877343,1301.264429877343,1279.5956924671102,1283.52197265625,652049
2023-01-12 00:00:00+05:30,1283.521851710303,1312.048927586704,1283.521851710303,1307.7747802734375,1377949
2023-01-13 00:00:00+05:30,1311.0549881244208,1318.012823542822,1298.1332937759619,1305.0413818359375,1214977
2023-01-16 00:00:00+05:30,1311.6017733905899,1314.782449739715,1287.1996011437768,1293.0640869140625,600742
2023-01-17 00:00:00+05:30,1296.841137527495,1302.5068765817111,1286.7026253978838,1290.6287841796875,895667
2023-01-18 00:00:00+05:30,1301.1152855424475,1314.0369805096375,1294.3065705382796,1302.75537109375,1078873
2023-01-19 00:00:00+05:30,1305.0911108989112,1321.9887109638628,1295.7477077724636,1315.1302490234375,1189082
2023-01-20 00:00:00+05:30,1316.0745611310015,1317.9630193093428,1284.5654350092532,1288.2928466796875,966855
2023-01-23 00:00:00+05:30,1277.259788217341,1310.2101330908858,1272.2899057729155,1287.59716796875,1367408
2023-01-24 00:00:00+05:30,1288.1935315629296,1293.163414014947,1262.548889576511,1265.58056640625,657428
2023-01-25 00:00:00+05:30,1265.5307390862617,1271.0971041488322,1242.5202818553332,1249.8756103515625,599832
2023-01-27 00:00:00+05:30,1256.0880515705799,1283.7206467397928,1222.5910921331358,1242.7191162109375,1164597
2023-01-30 00:00:00+05:30,1214.6391603596921,1236.953881997599,1208.277687134996,1226.0201416015625,1694822
2023-01-31 00:00:00+05:30,1236.2085372160902,1236.2085372160902,1205.2462659910193,1212.2041015625,1760628
2023-02-01 00:00:00+05:30,1212.2041968394265,1221.3487329181064,1062.4118521761416,1102.7176513671875,8470232
2023-02-02 00:00:00+05:30,1083.633137418481,1148.0428634884663,1082.191920019972,1100.8289794921875,8566734
2023-02-03 00:00:00+05:30,1108.2838602041038,1138.7492659197694,1108.2838602041038,1131.195068359375,4061171
2023-02-06 00:00:00+05:30,1120.410237326478,1139.9418993837219,1108.283772830413,1131.5428466796875,2909587
2023-02-07 00:00:00+05:30,1136.1149732464587,1140.9357342990077,1117.6766633356226,1124.9327392578125,1741642
2023-02-08 00:00:00+05:30,1133.1331722641155,1164.9404192048626,1128.3124106666621,1157.485595703125,3265863
2023-02-09 00:00:00+05:30,1163.5488335593639,1177.862119019516,1155.7461425231581,1173.3394775390625,2186484
2023-02-10 00:00:00+05:30,1172.7430975166062,1180.3470416731247,1160.0202716789502,1177.3651123046875,1655228
2023-02-13 00:00:00+05:30,1173.0910305599143,1180.7943485254948,1165.9841955693655,1171.9976806640625,812659
2023-02-14 00:00:00+05:30,1170.9042572351646,1174.3334274511253,1148.1421722799735,1154.702392578125,990530
2023-02-15 00:00:00+05:30,1153.9071982701764,1176.718907547676,1143.0728315131807,1173.239990234375,1243115
2023-02-16 00:00:00+05:30,1179.154295288631,1179.154295288631,1162.5051899753544,1167.0277099609375,356750
2023-02-17 00:00:00+05:30,1168.5187969437766,1168.5187969437766,1130.3998208761159,1142.7747802734375,909951
2023-02-20 00:00:00+05:30,1137.1090778939035,1163.5985749982083,1134.2762692308393,1151.42236328125,488052
2023-02-21 00:00:00+05:30,1157.1873258288615,1160.9644848443818,1137.3077969787864,1143.4207763671875,610755
2023-02-22 00:00:00+05:30,1141.9796308145876,1142.029256838822,1118.3726888218075,1124.3365478515625,944068
2023-02-23 00:00:00+05:30,1130.0021304395357,1135.0217601683078,1117.0804362747954,1128.5609130859375,768179
2023-02-24 00:00:00+05:30,1129.256678878418,1135.4690320116447,1112.4584517391684,1115.2913818359375,973799
2023-02-27 00:00:00+05:30,1115.2914236555378,1128.1633712962287,1103.7611987399075,1122.3486328125,987563
2023-02-28 00:00:00+05:30,1124.5849375524338,1128.0638549967498,1102.3695889964474,1114.24755859375,1219508
2023-03-01 00:00:00+05:30,1119.8635947703447,1119.8635947703447,1102.1211393555616,1111.414794921875,675500
2023-03-02 00:00:00+05:30,1114.9433126175777,1116.2355305101432,1091.4854931445632,1093.523193359375,491880
2023-03-03 00:00:00+05:30,1093.523186326436,1125.8770461028357,1093.523186326436,1122.4478759765625,922485
2023-03-06 00:00:00+05:30,1125.18141615412,1139.0473400188293,1118.2235805418595,1121.9012451171875,920574
2023-03-08 00:00:00+05:30,1123.1934230778627,1134.4254058426493,1104.0096284682772,1122.398193359375,959097
2023-03-09 00:00:00+05:30,1122.3982308388338,1127.8651016646845,1085.4223530598165,1090.093994140625,1239659
2023-03-10 00:00:00+05:30,1086.41627212044,1093.920842936706,1077.4207366123344,1089.298828125,893708
2023-03-13 00:00:00+05:30,1085.4224609375,1094.7658653627605,1059.7281897693108,1066.0399169921875,875379
2023-03-14 00:00:00+05:30,1068.3258655953555,1085.9689464037283,1064.5487068037853,1070.6119384765625,1089923
2023-03-15 00:00:00+05:30,1073.4946278997775,1074.8862192770225,1055.6030507681146,1060.6226806640625,1566147
2023-03-16 00:00:00+05:30,1067.9952310109422,1084.5340863108652,1050.7092642886334,1058.7296142578125,1023855
2023-03-17 00:00:00+05:30,1064.05991196493,1087.0746666356836,1062.216761347786,1067.6466064453125,1569036
2023-03-20 00:00:00+05:30,1067.6465522804435,1085.9288298234644,1050.1115077837585,1070.1373291015625,842875
2023-03-21 00:00:00+05:30,1071.0838076686957,1095.642767774586,1071.0838076686957,1093.650146484375,842669
2023-03-22 00:00:00+05:30,1115.3698209631723,1123.4897774362034,1098.980558709106,1108.993408203125,1399723
2023-03-23 00:00:00+05:30,1109.6909883607602,1121.3976399513735,1100.9234049044842,1114.5230712890625,463672
2023-03-24 00:00:00+05:30,1105.9048448591845,1117.7111019870686,1084.4841654317318,1108.0966796875,1019781
2023-03-27 00:00:00+05:30,1105.6059185945787,1112.4804866456798,1091.0598069162797,1095.244384765625,1078978
2023-03-28 00:00:00+05:30,1100.7241203577175,1102.4177999156593,1084.035915975804,1087.27392578125,609715
2023-03-29 00:00:00+05:30,1089.963994422563,1101.919723794657,1079.2536535267288,1094.6466064453125,890212
2023-03-31 00:00:00+05:30,1096.141015746185,1108.8439775449722,1093.201947742686,1097.0377197265625,959958
2023-04-03 00:00:00+05:30,1095.9417539505857,1122.6429289675464,1087.7720549782096,1099.727783203125,1689388
2023-04-05 00:00:00+05:30,1105.4565561696243,1114.7720366406647,1096.3900317469447,1101.4713134765625,713828
2023-04-06 00:00:00+05:30,1104.8089765041432,1115.8680011198207,1100.9233403905375,1112.1318359375,959185
2023-04-10 00:00:00+05:30,1115.2702110736384,1115.3199536361801,1099.9768663011432,1102.168701171875,985731
2023-04-11 00:00:00+05:30,1106.80162222561,1127.6742835209488,1104.310845382731,1108.545166015625,913188
2023-04-12 00:00:00+05:30,1114.37345738426,1125.8310298115457,1107.9970449268237,1122.692626953125,784276
2023-04-13 00:00:00+05:30,1122.6927193965012,1134.7979190643318,1119.355102782069,1126.0802001953125,1508398
2023-04-17 00:00:00+05:30,1115.868058120114,1146.504614180108,1114.8717473539352,1141.12451171875,1053536
2023-04-18 00:00:00+05:30,1141.1245174128521,1149.0452610154764,1135.893885864314,1141.3238525390625,521013
2023-04-19 00:00:00+05:30,1135.7942268806123,1141.0248581886153,1116.366167736602,1119.2554931640625,1033060
2023-04-20 00:00:00+05:30,1119.2554580993992,1127.6244922540063,1108.39564720949,1124.685302734375,663526
2023-04-21 00:00:00+05:30,1132.4067148659658,1132.4067148659658,1099.2793841620542,1102.4676513671875,835506
2023-04-24 00:00:00+05:30,1101.9196694065972,1109.541470829107,1086.5764598123862,1101.6207275390625,1337055
2023-04-25 00:00:00+05:30,1101.9197346144874,1118.0101782097508,1096.9880448480615,1101.770263671875,1099269
2023-04-26 00:00:00+05:30,1101.9196460168491,1117.8606173877981,1099.9270245954804,1114.17431640625,993607
2023-04-27 00:00:00+05:30,1134.5487820398994,1140.7757237634994,1120.8495102479797,1132.8551025390625,1895316
2023-04-28 00:00:00+05:30,1143.764800557277,1143.764800557277,1125.9806770677283,1135.8939208984375,1380448
2023-05-02 00:00:00+05:30,1142.7684165320259,1153.9769123349772,1140.1281687522269,1146.654052734375,916515
2023-05-03 00:00:00+05:30,1144.2628685717539,1145.8569414090282,1130.1153049134964,1132.7056884765625,623440
2023-05-04 00:00:00+05:30,1132.755466254641,1165.583978661988,1132.755466254641,1163.1429443359375,2409910
2023-05-05 00:00:00+05:30,1167.676193427943,1178.884689311957,1163.1927950743373,1169.369873046875,1360996
2023-05-08 00:00:00+05:30,1173.6539878797967,1181.3255315125223,1163.6908810217337,1177.9879150390625,1221625
2023-05-09 00:00:00+05:30,1179.5820097711949,1185.559873997315,1172.5580922774789,1178.7850341796875,1412254
2023-05-10 00:00:00+05:30,1180.03039325603,1190.5912621359223,1176.9915970352322,1184.4141845703125,1420187
2023-05-11 00:00:00+05:30,1184.7130343569795,1191.3883890488796,1174.7001847490678,1181.0267333984375,621616
2023-05-12 00:00:00+05:30,1175.6466152779517,1189.5451007682125,1169.6687511324706,1182.670654296875,1158276
2023-05-15 00:00:00+05:30,1176.742597177255,1190.093185490848,1176.742597177255,1185.061767578125,680497
2023-05-16 00:00:00+05:30,1191.5876598725652,1197.3663108844817,1169.8680368222197,1176.3939208984375,926172
2023-05-17 00:00:00+05:30,1178.4363400497539,1180.5783107505017,1154.9233103247361,1158.310791015625,688730
2023-05-18 00:00:00+05:30,1158.310888743344,1168.5230742404542,1146.2555526268468,1148.4473876953125,1133501
2023-05-19 00:00:00+05:30,1148.4472443504828,1153.4287976297337,1138.3347884895663,1149.8919677734375,333053
2023-05-22 00:00:00+05:30,1153.1798124562017,1155.6208467307888,1144.9602488861904,1146.554443359375,392404
2023-05-23 00:00:00+05:30,1142.7683286389254,1163.541381605363,1140.6262363929,1161.2996826171875,1139676
2023-05-24 00:00:00+05:30,1165.185400490026,1172.8072019099986,1154.524924310954,1171.0137939453125,995336
2023-05-25 00:00:00+05:30,1171.013848171289,1177.6393391665667,1167.1780760013814,1173.0064697265625,1136179
2023-05-26 00:00:00+05:30,1170.6650542734358,1199.2591222702597,1168.8219038311242,1191.3385009765625,703725
2023-05-29 00:00:00+05:30,1194.5267042475648,1227.355215859943,1192.6835537161783,1213.6060791015625,1370649
2023-05-30 00:00:00+05:30,1210.168796215754,1213.307199193233,1196.4196601334434,1211.4141845703125,745769
2023-05-31 00:00:00+05:30,1211.0655309443289,1235.07659470667,1207.478715096046,1230.4437255859375,2382996
2023-06-01 00:00:00+05:30,1236.9197994256656,1238.4142655546534,1199.9566948260242,1203.2943115234375,1041761
2023-06-02 00:00:00+05:30,1207.329336650679,1211.713006368422,1194.8255889067777,1198.0635986328125,737046
2023-06-05 00:00:00+05:30,1203.5434136519282,1214.5028321537254,1200.554481333256,1210.9161376953125,1599077
2023-06-06 00:00:00+05:30,1215.349633949001,1220.4806585927918,1205.635604217344,1218.488037109375,793761
2023-06-07 00:00:00+05:30,1220.7796091419657,1243.3958144915425,1216.4954242741774,1241.2039794921875,1067618
2023-06-08 00:00:00+05:30,1243.096806856694,1250.1208459120733,1229.4972631511066,1234.329345703125,760962
2023-06-09 00:00:00+05:30,1223.0710533030767,1248.9751328227117,1222.9714465519942,1227.8533935546875,1904738
2023-06-12 00:00:00+05:30,1237.617098028229,1251.6651761389876,1230.2942387359994,1234.329345703125,1402903
2023-06-13 00:00:00+05:30,1233.4326394383017,1244.192843583808,1233.4326394383017,1238.713134765625,1253147
2023-06-14 00:00:00+05:30,1235.524962278046,1250.3201528972347,1223.1209418322537,1237.7169189453125,713768
2023-06-15 00:00:00+05:30,1240.4068764605333,1245.9861923037524,1231.8883709501079,1236.521240234375,738348
2023-06-16 00:00:00+05:30,1236.4215685723457,1287.1835496735657,1231.489879295725,1276.6226806640625,2049003
2023-06-19 00:00:00+05:30,1276.6227186955496,1283.3976802498696,1270.2961699378905,1275.77587890625,741782
2023-06-20 00:00:00+05:30,1277.1208504301785,1301.9788754442152,1275.7758553050005,1290.571044921875,1474323
2023-06-21 00:00:00+05:30,1290.5710339534023,1301.4807090314778,1281.5046309563422,1290.1724853515625,855234
2023-06-22 00:00:00+05:30,1291.1191019390992,1301.1818160084338,1268.2536976674328,1271.7906494140625,556505
2023-06-23 00:00:00+05:30,1266.5101450694012,1270.1965677241615,1255.849668959066,1258.04150390625,1076729
2023-06-26 00:00:00+05:30,1262.2757405869465,1271.491614181345,1258.5395756162445,1261.677978515625,1009927
2023-06-27 00:00:00+05:30,1263.820188032308,1285.240869185398,1253.5083960802785,1281.6541748046875,1650539
2023-06-28 00:00:00+05:30,1285.24074821334,1307.757344749521,1280.2591949256914,1295.104248046875,2245575
2023-06-30 00:00:00+05:30,1296.2500978814835,1310.5968748093828,1296.200233698,1302.0784912109375,972782
2023-07-03 00:00:00+05:30,1303.1246065982396,1307.1597138140205,1286.2371879069365,1293.1614990234375,599025
2023-07-04 00:00:00+05:30,1315.1302083333333,1315.1800725195142,1278.1172391308678,1284.49365234375,866223
2023-07-05 00:00:00+05:30,1284.7925348143574,1311.8422735072354,1280.3588791480765,1286.78515625,960704
2023-07-06 00:00:00+05:30,1293.2113495607848,1306.9106223315557,1284.5932372755433,1288.179931640625,726222
2023-07-07 00:00:00+05:30,1287.831214884011,1313.1375315458365,1283.6965010638767,1289.22607421875,939840
2023-07-10 00:00:00+05:30,1295.9012884622016,1297.1965410298003,1278.4658510827687,1288.5286865234375,675354
2023-07-11 00:00:00+05:30,1293.958454971608,1303.9215614583961,1284.742581471329,1290.2222900390625,821816
2023-07-12 00:00:00+05:30,1286.2370776145137,1301.7794997744782,1286.2370776145137,1295.8016357421875,905809
2023-07-13 00:00:00+05:30,1307.1596597434493,1331.0711169338783,1300.2353489133718,1309.1024169921875,1579954
2023-07-14 00:00:00+05:30,1315.6282906421638,1321.1578637226082,1306.5120233349264,1315.4290771484375,1321159
2023-07-17 00:00:00+05:30,1316.1264100537276,1323.6486043458476,1291.9658760311668,1309.650390625,1055414
2023-07-18 00:00:00+05:30,1310.148608562853,1317.4217255321373,1300.8331275712085,1309.7003173828125,1427102
2023-07-19 00:00:00+05:30,1309.7499478703019,1316.6743798159152,1302.427088963174,1305.615234375,659900
2023-07-20 00:00:00+05:30,1310.1485949721953,1316.7242213910292,1298.3423372806585,1309.2021484375,898725
2023-07-21 00:00:00+05:30,1309.949418718996,1317.8700405091488,1283.2482420531344,1285.938232421875,524241
2023-07-24 00:00:00+05:30,1285.9381586964764,1319.5139019152225,1283.1485617369683,1312.2906494140625,1183272
2023-07-25 00:00:00+05:30,1313.1376032017681,1315.1302247544263,1285.3405082181923,1296.2999267578125,1362929
2023-07-26 00:00:00+05:30,1285.2408557283143,1295.154098952032,1270.5452723004132,1287.881103515625,2302730
2023-07-27 00:00:00+05:30,1290.222330854705,1307.1596124180485,1287.9806318242624,1291.716796875,1946045
2023-07-28 00:00:00+05:30,1297.1467640888184,1297.1467640888184,1276.5730438933258,1284.9918212890625,1051700
2023-07-31 00:00:00+05:30,1292.1651253251769,1292.1651253251769,1265.3146003669488,1277.4197998046875,1061701
2023-08-01 00:00:00+05:30,1280.259200694302,1280.259200694302,1256.4473515480593,1275.227783203125,1219778
2023-08-02 00:00:00+05:30,1275.2776539908893,1280.159600584064,1247.8292464620881,1257.5931396484375,888107
2023-08-03 00:00:00+05:30,1255.301589270294,1270.0969001248018,1247.0322836203209,1249.12451171875,871719
2023-08-04 00:00:00+05:30,1254.3052368019682,1282.4012699389089,1249.373547761417,1263.2222900390625,1609140
2023-08-07 00:00:00+05:30,1268.3035973043413,1300.8829105038428,1261.8774415512175,1297.74462890625,1719680
2023-08-08 00:00:00+05:30,1302.0784853704574,1353.737171127772,1288.9769752688537,1344.371826171875,3458915
2023-08-09 00:00:00+05:30,1360.960423742805,1368.9309093869797,1338.0452775158033,1344.371826171875,1746764
2023-08-10 00:00:00+05:30,1339.9879928477828,1353.8865997272367,1325.1928036573593,1329.4271240234375,841571
2023-08-11 00:00:00+05:30,1335.0563543205537,1335.0563543205537,1300.0858726470447,1306.6614990234375,891342
2023-08-14 00:00:00+05:30,1309.152373886947,1311.0951312732666,1287.1836723894867,1292.314697265625,888959
2023-08-16 00:00:00+05:30,1290.2224339758734,1295.1541235890302,1276.2740833382964,1286.5361328125,395774
2023-08-17 00:00:00+05:30,1281.753667146477,1285.190890283692,1271.541482857125,1279.711181640625,843146
2023-08-18 00:00:00+05:30,1273.833113436773,1281.1061086850134,1261.3293653143064,1277.7186279296875,886254
2023-08-21 00:00:00+05:30,1278.2167997898723,1285.0416255723762,1269.5988092889772,1273.8331298828125,703317
2023-08-22 00:00:00+05:30,1279.6116375863517,1308.3551772800445,1274.0323219277082,1282.0028076171875,1405263
2023-08-23 00:00:00+05:30,1285.1909539508626,1299.687323454549,1281.5046529654378,1295.4530029296875,583458
2023-08-24 00:00:00+05:30,1295.1043863031598,1306.8110377788544,1285.3903563552433,1288.97705078125,618797
2023-08-25 00:00:00+05:30,1288.2796928070063,1293.7594020548117,1277.7187013243533,1291.6173095703125,487521
2023-08-28 00:00:00+05:30,1295.203933167605,1302.1781081923536,1284.7925348143574,1286.78515625,764751
2023-08-29 00:00:00+05:30,1287.2334176056413,1296.8478401338855,1285.240796216159,1292.4141845703125,1011094
2023-08-30 00:00:00+05:30,1297.146630825462,1303.0248881145387,1288.5286408082072,1295.8016357421875,812860
2023-08-31 00:00:00+05:30,1300.0359200244911,1303.772084941,1281.7536440236972,1287.7813720703125,1390078
2023-09-01 00:00:00+05:30,1293.161382204973,1322.2038624859451,1288.4289065344528,1315.6781005859375,761000
2023-09-04 00:00:00+05:30,1323.5988117545896,1327.5341905107675,1296.6984219033486,1323.4493408203125,542261
2023-09-05 00:00:00+05:30,1323.4493154130494,1334.010184679762,1300.8331108054676,1304.6190185546875,1922115
2023-09-06 00:00:00+05:30,1305.167014712256,1324.096917979075,1300.6337523872187,1314.930908203125,1461738
2023-09-07 00:00:00+05:30,1315.1301419005101,1346.3147158829534,1306.6116366515796,1342.5286865234375,1468196
2023-09-08 00:00:00+05:30,1343.0268604746605,1344.4714623813406,1329.4271947222712,1336.5009765625,1214231
2023-09-11 00:00:00+05:30,1339.4899012264734,1351.8441785003286,1332.0674349973224,1345.1689453125,844034
2023-09-12 00:00:00+05:30,1347.809154649074,1347.809154649074,1326.3884747414575,1341.5323486328125,1139357
2023-09-13 00:00:00+05:30,1345.01953125,1346.0657062000698,1323.3497721354165,1340.5361328125,438029
2023-09-14 00:00:00+05:30,1340.5360248870934,1355.7297628131641,1337.2980151651439,1347.75927734375,889229
2023-09-15 00:00:00+05:30,1350.2999707894214,1369.7777724414136,1347.0120967573398,1367.5859375,878944
2023-09-18 00:00:00+05:30,1369.9272105639654,1387.860803138621,1362.5047445074385,1368.6319580078125,1324270
2023-09-20 00:00:00+05:30,1364.9457380562653,1371.7206998566476,1335.4050997663098,1340.2371826171875,574012
2023-09-21 00:00:00+05:30,1340.536069710916,1346.9124826236482,1323.1504963474133,1329.2777099609375,783641
2023-09-22 00:00:00+05:30,1321.1578851901083,1332.665201088884,1311.1449137584818,1313.984375,1084861
2023-09-25 00:00:00+05:30,1313.9346952138085,1335.0564349394913,1284.344192303244,1289.3756103515625,908011
2023-09-26 00:00:00+05:30,1290.7205453893916,1297.5452495377401,1280.4584962647489,1284.94189453125,749346
2023-09-27 00:00:00+05:30,1278.5655449158774,1299.1891273539584,1273.2351854793114,1296.2001953125,643756
2023-09-28 00:00:00+05:30,1296.2002464316872,1303.672576830025,1279.7611195553436,1284.64306640625,1026081
2023-09-29 00:00:00+05:30,1285.1910320417599,1307.1597332183012,1284.2445854560901,1300.5841064453125,1294800
2023-10-03 00:00:00+05:30,1297.346049810994,1297.346049810994,1277.91799044994,1287.6817626953125,1282289
2023-10-04 00:00:00+05:30,1286.8349391947063,1292.9124104401344,1259.6854712821294,1265.8626708984375,1139615
2023-10-05 00:00:00+05:30,1266.310945553832,1277.3699704002938,1260.2832169525811,1269.7481689453125,979561
2023-10-06 00:00:00+05:30,1271.2924859794446,1282.7999235091397,1267.3072430766877,1278.216796875,784191
2023-10-09 00:00:00+05:30,1273.3846815680308,1285.9880362492202,1267.307210620963,1272.537841796875,1345177
2023-10-10 00:00:00+05:30,1280.2593130349394,1307.757465395588,1275.0785457858187,1297.2464599609375,1221002
2023-10-11 00:00:00+05:30,1305.167035467843,1306.1134819982517,1286.3866028310954,1304.5194091796875,1374812
2023-10-12 00:00:00+05:30,1307.1097876877564,1312.5397540306915,1296.1503698748115,1308.8035888671875,726322
2023-10-13 00:00:00+05:30,1310.9953775673407,1324.7445135323428,1308.0064455419017,1311.5931396484375,916350
2023-10-16 00:00:00+05:30,1314.3330892423564,1327.2851289577707,1305.7150985738406,1317.322021484375,578729
2023-10-17 00:00:00+05:30,1320.1117780584505,1346.1154649852688,1320.1117780584505,1343.3756103515625,1073063
2023-10-18 00:00:00+05:30,1339.0913990479694,1353.5876462637277,1334.0599815375792,1351.345947265625,454861
2023-10-19 00:00:00+05:30,1344.0232314337727,1348.6062366609988,1333.6615750809347,1343.1763916015625,595436
2023-10-20 00:00:00+05:30,1335.0563410045966,1363.6006669478284,1331.5692535467488,1357.622802734375,936229
2023-10-23 00:00:00+05:30,1354.9327031290995,1361.5084511193788,1324.146799447155,1333.4622802734375,976136
2023-10-25 00:00:00+05:30,1318.1689475499136,1341.1338366879777,1303.8220488491497,1309.3017578125,945901
2023-10-26 00:00:00+05:30,1310.9457680854127,1310.9457680854127,1285.9881344914554,1300.7833251953125,1107874
2023-10-27 00:00:00+05:30,1302.7758734558722,1315.8275195669644,1288.877387556572,1298.09326171875,654531
2023-10-30 00:00:00+05:30,1300.3847254961556,1325.7906492937925,1300.1855119967086,1321.3072509765625,1242401
2023-10-31 00:00:00+05:30,1320.1116990008502,1370.325783422686,1314.6319900616015,1362.8035888671875,2287988
2023-11-01 00:00:00+05:30,1365.9918465018197,1372.866293099358,1327.484413267102,1331.1209716796875,968893
2023-11-02 00:00:00+05:30,1337.04899094599,1352.7408848412203,1335.2058404314948,1338.54345703125,637519
2023-11-03 00:00:00+05:30,1339.8387528578442,1344.9696559535143,1321.2076687550466,1324.4456787109375,690163
2023-11-06 00:00:00+05:30,1330.0748044432366,1335.7537268704034,1318.5176244739391,1326.9364013671875,377106
2023-11-07 00:00:00+05:30,1327.5840280936975,1339.0914655030192,1315.528692762955,1335.9031982421875,1038346
2023-11-08 00:00:00+05:30,1337.1985160774655,1344.371904929479,1329.7759279145134,1340.5361328125,498283
2023-11-09 00:00:00+05:30,1340.1374813493364,1348.3570445207029,1330.5230588915651,1345.716796875,493454
2023-11-10 00:00:00+05:30,1346.812841965944,1354.9825409915866,1336.0526378453806,1350.3995361328125,639801
2023-11-13 00:00:00+05:30,1346.5139586649063,1354.6836580458166,1320.1117241812806,1323.4493408203125,1332535
2023-11-15 00:00:00+05:30,1343.97330497913,1353.9862764218458,1327.1357510083376,1352.09326171875,742427
2023-11-16 00:00:00+05:30,1357.7223356500617,1360.0636413490233,1343.0766177714927,1354.9326171875,577249
2023-11-17 00:00:00+05:30,1349.0047403634853,1429.1578906536408,1349.0047403634853,1408.7335205078125,3192944
2023-11-20 00:00:00+05:30,1408.7335367551439,1414.7612654425152,1377.8977676809848,1380.1893310546875,726211
2023-11-21 00:00:00+05:30,1383.8756352496423,1419.8922932772168,1381.9826204958622,1418.3978271484375,2049132
2023-11-22 00:00:00+05:30,1419.7428141249209,1433.2428733914278,1412.1210125882574,1424.823974609375,865655
2023-11-23 00:00:00+05:30,1424.823880702802,1429.1080652794715,1401.1615020269148,1405.7445068359375,549853
2023-11-24 00:00:00+05:30,1408.783452609579,1413.7151423565117,1395.8812765678254,1404.499267578125,387896
2023-11-28 00:00:00+05:30,1404.5988875863795,1412.0712179112752,1387.960425757636,1407.239013671875,1123470
2023-11-29 00:00:00+05:30,1410.2279429157813,1416.5546132072132,1400.8128553736647,1402.656005859375,887709
2023-11-30 00:00:00+05:30,1404.798110459578,1438.8718883206134,1403.8516639267561,1429.9549560546875,3027395
2023-12-01 00:00:00+05:30,1432.7447263087117,1439.6690373907365,1414.860875329007,1418.3978271484375,808841
2023-12-04 00:00:00+05:30,1434.587785792892,1453.3183537790503,1409.7796253062672,1448.6357421875,2078827
2023-12-05 00:00:00+05:30,1448.6357479239398,1466.668947147007,1437.6763302986556,1455.56005859375,1932719
2023-12-06 00:00:00+05:30,1456.6062600775117,1457.5527066053646,1439.8184489142902,1445.347900390625,724418
2023-12-07 00:00:00+05:30,1451.4751898849847,1477.9770296499244,1444.7500927947485,1450.3792724609375,1244939
2023-12-08 00:00:00+05:30,1449.6319915707165,1464.1283601344044,1446.1947684861068,1459.7943115234375,1654799
2023-12-11 00:00:00+05:30,1459.7944308085407,1462.8830913629836,1449.6321100254195,1455.21142578125,731571
2023-12-12 00:00:00+05:30,1459.0970786759237,1486.3960172749048,1454.5638161611064,1475.9844970703125,1763549
2023-12-13 00:00:00+05:30,1477.6783284821233,1477.6783284821233,1454.6137100568858,1461.388671875,2279728
2023-12-14 00:00:00+05:30,1467.5656490970734,1472.1486539555983,1449.582192461173,1464.42724609375,2953215
2023-12-15 00:00:00+05:30,1468.5620384439544,1479.5214566412972,1443.2557211915514,1447.141357421875,1482700
2023-12-18 00:00:00+05:30,1447.1413898139388,1456.0085799688059,1436.3314423104064,1441.61181640625,1580916
2023-12-19 00:00:00+05:30,1439.619198070541,1442.657994566198,1413.8148464305584,1419.2945556640625,1282514
2023-12-20 00:00:00+05:30,1431.6985262169871,1431.6985262169871,1398.870136146218,1404.0509033203125,1151553
2023-12-21 00:00:00+05:30,1396.3294678821378,1405.0970508272055,1374.8589233134542,1398.5711669921875,1841616
2023-12-22 00:00:00+05:30,1408.7834010645672,1412.4697021930588,1381.9328749892927,1389.1561279296875,1111420
2023-12-26 00:00:00+05:30,1394.8349553091266,1403.9512223767456,1382.5305427059268,1390.15234375,875367
2023-12-27 00:00:00+05:30,1399.8166660783656,1418.7465711712405,1393.9384080676368,1416.1063232421875,718369
2023-12-28 00:00:00+05:30,1423.2299209949194,1439.61918435279,1413.9641822767526,1430.0048828125,1446654
2023-12-29 00:00:00+05:30,1427.7132458731824,1429.954944968238,1415.8073815496487,1427.314697265625,383858
2024-01-01 00:00:00+05:30,1430.552815833108,1432.2963597062667,1420.6893147409594,1426.816650390625,158288
2024-01-02 00:00:00+05:30,1431.6984430717955,1444.3515400236824,1416.5047052451812,1432.3460693359375,691712
2024-01-03 00:00:00+05:30,1424.724411266197,1435.584223060681,1410.3775117518305,1417.4512939453125,550221
2024-01-04 00:00:00+05:30,1415.5582768957665,1431.2999128246333,1409.779626246209,1426.318359375,938454
2024-01-05 00:00:00+05:30,1430.6026074229271,1462.5841576636508,1428.4106508359223,1448.7852783203125,1258280
2024-01-08 00:00:00+05:30,1448.7852329898712,1454.713233024322,1411.174503954258,1415.807373046875,738502
2024-01-09 00:00:00+05:30,1423.728030691291,1462.833226775709,1415.7575448651676,1444.0029296875,1871763
2024-01-10 00:00:00+05:30,1449.5821801653387,1489.8331560987037,1442.657869563689,1446.0950927734375,2547856
2024-01-11 00:00:00+05:30,1444.700383849733,1457.901500667376,1420.6394560430183,1422.532470703125,908421
2024-01-12 00:00:00+05:30,1429.5067274323828,1435.5841987458198,1413.266813392575,1430.0048828125,557158
2024-01-15 00:00:00+05:30,1436.6800341784913,1439.220675119925,1419.2944610536492,1424.774169921875,902104
2024-01-16 00:00:00+05:30,1419.7927111419538,1426.6174155910446,1400.3646511309842,1403.6026611328125,1729041
2024-01-17 00:00:00+05:30,1391.8460545774499,1439.6191042236599,1381.434656360484,1415.906982421875,2628568
2024-01-18 00:00:00+05:30,1411.6726472786145,1432.6947786073454,1379.093214598392,1399.7169189453125,2296538
2024-01-19 00:00:00+05:30,1400.7133430714805,1439.6690700548536,1400.2151876839184,1435.2852783203125,570639
2024-01-23 00:00:00+05:30,1438.672700339081,1443.3055695776006,1362.3054582304692,1370.4254150390625,2880301
2024-01-24 00:00:00+05:30,1375.30727820202,1408.683685768605,1363.5010210435025,1405.3460693359375,1255876
2024-01-25 00:00:00+05:30,1409.6801075658848,1409.6801075658848,1352.1431616282077,1375.8055419921875,3230297
2024-01-29 00:00:00+05:30,1382.8792448026957,1419.3441919194668,1382.8792448026957,1413.1671142578125,1607583
2024-01-30 00:00:00+05:30,1419.7428247262276,1428.410679639728,1387.7114096549024,1393.8387451171875,1464906
2024-01-31 00:00:00+05:30,1394.8349313016363,1401.3109506255369,1376.6023974802117,1395.980712890625,1343827
2024-02-01 00:00:00+05:30,1402.108173346378,1454.3147595821304,1393.3405900594764,1427.4642333984375,1803699
2024-02-02 00:00:00+05:30,1435.484534454254,1450.6284087548088,1414.8110870080575,1430.1541748046875,1817169
2024-02-05 00:00:00+05:30,1429.7059488311436,1454.6137179745433,1409.6801267638434,1414.61181640625,1010779
2024-02-06 00:00:00+05:30,1417.3515893054587,1464.526877019534,1399.716938416509,1458.598876953125,1515381
2024-02-07 00:00:00+05:30,1467.1670895032455,1487.491851788717,1448.2870506821082,1464.0286865234375,690402
2024-02-08 00:00:00+05:30,1476.4329124520204,1486.5952333693942,1449.781600111495,1453.667236328125,1679065
2024-02-09 00:00:00+05:30,1462.5841929072203,1462.5841929072203,1431.200404026718,1434.3885498046875,596482
2024-02-12 00:00:00+05:30,1437.128303729226,1446.6431194507313,1417.9991871613315,1430.7021484375,515507
2024-02-13 00:00:00+05:30,1430.702153339978,1470.4051100818626,1422.9308812964157,1462.185546875,1388464
2024-02-14 00:00:00+05:30,1454.613597946377,1458.5988406804768,1433.7409377745128,1448.3367919921875,504590
2024-02-15 00:00:00+05:30,1458.599015626193,1458.947700083257,1438.3241151086618,1447.98828125,736364
2024-02-16 00:00:00+05:30,1451.0269866299218,1510.606295933345,1446.244646428058,1502.8848876953125,2008339
2024-02-19 00:00:00+05:30,1511.5029553198597,1516.3849021277056,1480.5177165320438,1483.357177734375,1163429
2024-02-20 00:00:00+05:30,1483.357117912134,1512.0509138794569,1467.9143025145722,1507.966064453125,1569035
2024-02-21 00:00:00+05:30,1504.4789592673428,1513.8940463468891,1489.882983789037,1496.15966796875,1156081
2024-02-22 00:00:00+05:30,1504.4292508490098,1507.9163385165407,1464.7760338673872,1504.08056640625,1355358
2024-02-23 00:00:00+05:30,1502.8350977110676,1530.5823266314605,1495.7114518180506,1523.508544921875,1115653
2024-02-26 00:00:00+05:30,1525.5011003968468,1547.6690127128322,1519.4733722202488,1543.4346923828125,1283074
2024-02-27 00:00:00+05:30,1548.0676915395718,1563.2115662871017,1533.2226370449748,1537.008544921875,1764621
2024-02-28 00:00:00+05:30,1538.303729524769,1551.0066910218163,1530.7317924858153,1534.5177001953125,834214
2024-02-29 00:00:00+05:30,1534.5177308682944,1561.3185137100038,1519.772405101899,1546.822265625,1672455
2024-03-01 00:00:00+05:30,1559.1266397282257,1563.5601736980125,1530.3831003392565,1536.4605712890625,1088145
2024-03-04 00:00:00+05:30,1548.117433745724,1548.266904682138,1502.685687893716,1512.349853515625,2126926
2024-03-05 00:00:00+05:30,1519.373901060221,1519.373901060221,1482.4605389471326,1485.7484130859375,1476872
2024-03-06 00:00:00+05:30,1486.7447215269033,1518.2779811910382,1481.5140900723775,1514.7908935546875,1568041
2024-03-07 00:00:00+05:30,1514.3923175231105,1515.687570126872,1483.5066847315209,1504.8277587890625,2468543
2024-03-11 00:00:00+05:30,1521.3166072970614,1534.1192973622067,1508.015883491209,1526.4476318359375,1824218
2024-03-12 00:00:00+05:30,1527.344274983741,1546.0251002648533,1503.4826828059827,1510.8055419921875,1608593
2024-03-13 00:00:00+05:30,1518.3774817756287,1526.9457293304238,1475.1874379664353,1481.8626708984375,1461171
2024-03-14 00:00:00+05:30,1476.7316613667438,1508.9624095998147,1459.8941079413169,1500.29443359375,1094035
2024-03-15 00:00:00+05:30,1479.1847065429688,1502.0910606518387,1478.2863918676674,1497.1505126953125,1466897
2024-03-18 00:00:00+05:30,1490.163774902238,1500.5938744908685,1475.4917489617424,1486.8699951171875,641326
2024-03-19 00:00:00+05:30,1477.1884475464356,1486.1213965175157,1453.533519115011,1458.5738525390625,1010444
2024-03-20 00:00:00+05:30,1457.2264527300215,1466.6584519249964,1447.245449629131,1455.6295166015625,477278
2024-03-21 00:00:00+05:30,1470.1019926760514,1474.1941796397984,1455.2302734697535,1465.26123046875,958834
2024-03-22 00:00:00+05:30,1471.199917931276,1508.1296309322647,1455.3300979766805,1498.2484130859375,563028
2024-03-26 00:00:00+05:30,1455.7293912934074,1506.5825564671218,1455.030769768986,1483.576416015625,1349881
2024-03-27 00:00:00+05:30,1487.1694795104547,1496.1523824068265,1470.7008242004397,1476.7393798828125,795193
2024-03-28 00:00:00+05:30,1477.188492673096,1518.9589672367426,1477.188492673096,1497.4000244140625,1704887
2024-04-01 00:00:00+05:30,1495.1542630597091,1516.214155214429,1483.9256345821245,1487.1195068359375,838186
2024-04-02 00:00:00+05:30,1492.160070157643,1493.75700640016,1462.5165375661356,1467.806396484375,941688
2024-04-03 00:00:00+05:30,1467.2074988004385,1470.1518460660645,1453.2840478022924,1458.0250244140625,1862464
2024-04-04 00:00:00+05:30,1464.7122365949908,1472.2479428337945,1444.2511797975822,1460.9693603515625,1905528
2024-04-05 00:00:00+05:30,1466.209430997689,1487.0697529200718,1457.3762671663746,1482.478515625,836975
2024-04-08 00:00:00+05:30,1485.8718782121282,1525.097269010393,1484.17515642569,1515.914794921875,822205
2024-04-09 00:00:00+05:30,1522.20282907376,1524.498508628692,1500.1947893197,1507.6805419921875,718575
2024-04-10 00:00:00+05:30,1512.1220340997884,1513.8187559637395,1478.1866221133905,1500.494140625,1056524
2024-04-12 00:00:00+05:30,1498.1486622053756,1508.5289304684209,1485.3729286757161,1490.3135986328125,787733
2024-04-15 00:00:00+05:30,1487.0197572347251,1487.0697109867592,1459.721737486004,1464.1134033203125,994053
2024-04-16 00:00:00+05:30,1457.4261088024712,1474.0944580532325,1449.2417345192061,1459.9713134765625,717750
2024-04-18 00:00:00+05:30,1462.217007500586,1480.8316033289434,1445.2493016115009,1454.1822509765625,1746383
2024-04-19 00:00:00+05:30,1447.2454679537507,1454.7811741257046,1422.642270630853,1444.8001708984375,1129149
2024-04-22 00:00:00+05:30,1453.7331689374828,1480.083042711243,1449.2417173341744,1472.5972900390625,772048
2024-04-23 00:00:00+05:30,1475.192281279371,1486.3709561910462,1461.468401801975,1467.0577392578125,1042729
2024-04-24 00:00:00+05:30,1467.0577997492378,1475.1923421062093,1449.7907365069352,1457.2764892578125,898680
2024-04-25 00:00:00+05:30,1461.218842258395,1461.218842258395,1433.4217732128977,1441.7059326171875,2406788
2024-04-26 00:00:00+05:30,1452.2360124370693,1464.0634772428416,1408.51916827576,1412.5615234375,2180945
2024-04-29 00:00:00+05:30,1434.2701431038104,1458.1247648411395,1411.3637897624667,1419.64794921875,4381119
2024-04-30 00:00:00+05:30,1429.2796397891336,1447.0957059034588,1420.4963083511523,1433.821044921875,2402464
2024-05-02 00:00:00+05:30,1413.6593386607635,1461.967417655182,1413.6593386607635,1458.124755859375,2194261
2024-05-03 00:00:00+05:30,1466.2093842699853,1469.9023067543583,1435.6675385500846,1440.50830078125,1355425
2024-05-06 00:00:00+05:30,1447.245448525365,1454.6812470944906,1428.8803784660495,1437.86328125,920880
2024-05-07 00:00:00+05:30,1438.1628353275219,1456.1286418354523,1428.830621314698,1447.395263671875,1800920
2024-05-08 00:00:00+05:30,1437.2645024750307,1463.165157794681,1420.296796543034,1424.0396728515625,1297162
2024-05-09 00:00:00+05:30,1429.1799516112396,1436.7654900950463,1410.5154014920142,1419.697998046875,1645954
2024-05-10 00:00:00+05:30,1422.2929876849596,1435.7673423051328,1413.0605595192853,1429.229736328125,741292
2024-05-13 00:00:00+05:30,1432.2740403612377,1437.2645422440296,1417.8515386553395,1422.392822265625,771284
2024-05-14 00:00:00+05:30,1424.4887604535272,1434.0206674622657,1419.3486411590432,1430.1280517578125,896653
2024-05-15 00:00:00+05:30,1437.2645187151008,1441.107180734259,1423.0415885819828,1427.38330078125,254646
2024-05-16 00:00:00+05:30,1428.8306093568733,1455.4298862988792,1417.4522409627245,1449.4412841796875,1176239
2024-05-17 00:00:00+05:30,1447.2454980293585,1447.2454980293585,1427.7825413317223,1431.4754638671875,2433315
2024-05-21 00:00:00+05:30,1436.1166786785786,1437.9631399769717,1419.7977621595785,1426.9342041015625,1300334
2024-05-22 00:00:00+05:30,1431.525439652805,1432.823018854654,1421.2949109747913,1424.6884765625,966583
2024-05-23 00:00:00+05:30,1431.2759025212733,1450.1898554266145,1421.3448527698313,1444.0516357421875,1206423
2024-05-24 00:00:00+05:30,1439.7597335403748,1445.6983817995063,1430.7268767713567,1433.5216064453125,487961
2024-05-27 00:00:00+05:30,1432.2739323002281,1445.249236216537,1399.4863617717006,1407.52099609375,1675749
2024-05-28 00:00:00+05:30,1412.3119326244237,1452.2359448540894,1403.229244209858,1447.9940185546875,1600105
2024-05-29 00:00:00+05:30,1445.249294216228,1446.6964909757587,1403.9279157183284,1410.1162109375,1518325
2024-05-30 00:00:00+05:30,1416.1048562029714,1416.1048562029714,1368.3956096969848,1377.428466796875,2097166
2024-05-31 00:00:00+05:30,1391.1523244212683,1398.4883376675107,1369.992523778725,1383.766357421875,2559060
2024-06-03 00:00:00+05:30,1432.5734092560638,1433.6712952183277,1384.7144267703297,1388.8565673828125,870693
2024-06-04 00:00:00+05:30,1395.4940406200817,1400.035324148254,1305.2157900896923,1336.306640625,3277433
2024-06-05 00:00:00+05:30,1338.4525272401388,1393.5476160913904,1328.1720452232105,1387.459228515625,1238176
2024-06-06 00:00:00+05:30,1387.459217404637,1443.053477808398,1377.627953712859,1440.1090087890625,2227021
2024-06-07 00:00:00+05:30,1432.373785644727,1437.2645017196517,1417.3024947513231,1423.141357421875,1279929
2024-06-10 00:00:00+05:30,1434.120507260738,1449.2417523920174,1415.6556502226852,1429.5792236328125,2059288
2024-06-11 00:00:00+05:30,1429.7288244250278,1437.0649596057945,1419.298724307365,1425.3372802734375,991450
2024-06-12 00:00:00+05:30,1425.3870637489847,1459.0231181345318,1423.0915060820146,1449.9403076171875,1823958
2024-06-13 00:00:00+05:30,1456.877230568173,1476.6395448064466,1430.128091896056,1447.145751953125,3086173
2024-06-14 00:00:00+05:30,1442.1551583340151,1470.9503278309096,1437.8632782774116,1467.107666015625,856835
2024-06-18 00:00:00+05:30,1477.1885531675819,1477.1885531675819,1452.2859975775928,1470.7508544921875,1427035
2024-06-19 00:00:00+05:30,1475.5416719194805,1475.591625673834,1443.4028884294323,1446.447021484375,578983
2024-06-20 00:00:00+05:30,1473.1960414832747,1478.0867573165865,1448.6926304048093,1452.7349853515625,1444553
2024-06-21 00:00:00+05:30,1452.7350599454724,1475.7413217565836,1442.4047456869557,1461.36865234375,1184387
2024-06-24 00:00:00+05:30,1461.3686023474847,1461.3686023474847,1444.450728884664,1449.990234375,460942
2024-06-25 00:00:00+05:30,1454.6314191821498,1464.7122079663986,1427.28344626368,1459.22265625,1845922
2024-06-26 00:00:00+05:30,1459.2226881667686,1472.846782092234,1444.2511831582178,1448.143798828125,780636
2024-06-27 00:00:00+05:30,1442.2550189838964,1470.8506186414693,1434.8192200435356,1460.669921875,1492222
2024-06-28 00:00:00+05:30,1447.3452486608926,1495.9528073142444,1447.2454629966453,1489.11572265625,1533271
2024-07-01 00:00:00+05:30,1489.115730660243,1509.0279052405167,1479.084895500332,1498.9969482421875,788569
2024-07-02 00:00:00+05:30,1504.1371700706693,1507.4807817479339,1465.3110435691112,1492.0601806640625,1462260
2024-07-03 00:00:00+05:30,1500.1448380372847,1504.087285715919,1483.376703287926,1493.5074462890625,527776
2024-07-04 00:00:00+05:30,1493.5573280383019,1515.9646312592338,1489.4151873847102,1504.8857421875,1363288
2024-07-05 00:00:00+05:30,1504.8857329626155,1529.039711577735,1502.5900535286492,1526.49462890625,961676
2024-07-08 00:00:00+05:30,1526.494644120199,1529.0397268170498,1505.3847981180406,1512.072021484375,774723
2024-07-09 00:00:00+05:30,1522.1030407136416,1526.095442131907,1509.5270006137905,1521.853515625,726889
2024-07-10 00:00:00+05:30,1521.8535016903309,1559.5317897302127,1515.7151601982684,1555.8388671875,1964480
2024-07-11 00:00:00+05:30,1559.032739557499,1566.6682315677024,1543.21287345016,1555.8388671875,1156236
2024-07-12 00:00:00+05:30,1559.9310572683619,1567.017545366987,1544.4105481314286,1559.881103515625,589534
2024-07-15 00:00:00+05:30,1559.8810366510572,1617.8208080675113,1554.940488878734,1610.3848876953125,2498480
2024-07-16 00:00:00+05:30,1610.3351702809928,1636.485351385048,1589.1753692162656,1618.27001953125,1844059
2024-07-18 00:00:00+05:30,1616.9225308783164,1661.7870918731835,1611.9819829915557,1656.64697265625,2104021
2024-07-19 00:00:00+05:30,1628.8996981617515,1655.3993100014038,1628.8996981617515,1644.56982421875,567209
2024-07-22 00:00:00+05:30,1637.9824881595537,1644.5699262150483,1615.5751836524414,1618.0704345703125,397490
2024-07-23 00:00:00+05:30,1618.070400335986,1634.8883667989257,1575.0522997897303,1591.8203125,2145861
2024-07-24 00:00:00+05:30,1576.998536157916,1646.8655599117478,1576.6492254068312,1629.847900390625,2099093
2024-07-25 00:00:00+05:30,1641.8750403654994,1698.1179695082083,1641.8750403654994,1692.1793212890625,4427012
2024-07-26 00:00:00+05:30,1683.046734640836,1774.322963967975,1683.046734640836,1747.623779296875,2982227
2024-07-29 00:00:00+05:30,1749.1708667139192,1760.1999243378407,1733.2012610834354,1743.3818359375,1368641
2024-07-30 00:00:00+05:30,1737.1936425346137,1742.98267324453,1704.7553814703363,1717.7806396484375,2096978
2024-07-31 00:00:00+05:30,1717.780678126453,1756.6566385220112,1716.7326240101474,1750.3187255859375,1082466
2024-08-01 00:00:00+05:30,1787.6974909583655,1787.7474447106317,1754.7601798055769,1763.892822265625,1247361
2024-08-02 00:00:00+05:30,1756.6566180836296,1765.5397355768507,1727.7117078992972,1741.5853271484375,594517
2024-08-05 00:00:00+05:30,1676.808559410082,1736.045789804891,1676.7586056580649,1718.9283447265625,1240111
2024-08-06 00:00:00+05:30,1718.9283057961866,1776.6185524713535,1666.9273039932195,1671.3189697265625,1500825
2024-08-07 00:00:00+05:30,1686.8395145783452,1695.6726781475334,1673.914042177837,1682.4976806640625,603417
2024-08-08 00:00:00+05:30,1667.9255095745573,1711.8918797569713,1666.877577285571,1703.0587158203125,1291138
2024-08-09 00:00:00+05:30,1716.7325885989821,1730.107157552263,1704.7553844924776,1721.8228759765625,804893
2024-08-12 00:00:00+05:30,1719.6271291534135,1726.7136173192357,1688.835757512833,1701.7611083984375,1019251
2024-08-13 00:00:00+05:30,1701.76102204427,1718.030105770441,1668.873665690863,1679.2039794921875,1064268
2024-08-14 00:00:00+05:30,1692.977807286875,1704.1066508354631,1669.8219273229663,1688.8856201171875,557473
2024-08-16 00:00:00+05:30,1695.7724392284786,1698.8665258446729,1662.984868170232,1685.691650390625,721574
2024-08-19 00:00:00+05:30,1693.576666795916,1693.576666795916,1662.8351282937733,1668.3746337890625,632647
2024-08-20 00:00:00+05:30,1669.6223412286658,1767.4361771112237,1669.572387474989,1757.9542236328125,3951662
2024-08-21 00:00:00+05:30,1757.954173198141,1801.0221052911186,1747.5739053203151,1797.179443359375,2972530
2024-08-22 00:00:00+05:30,1797.5786764497893,1808.9570444662945,1786.4498335133023,1791.839599609375,1380510
2024-08-23 00:00:00+05:30,1786.1005723107453,1794.983689773465,1778.6148197025695,1785.9010009765625,858249
2024-08-26 00:00:00+05:30,1787.5977416737342,1798.0278416823578,1765.9888445493573,1792.8377685546875,593628
2024-08-27 00:00:00+05:30,1785.0026446692925,1845.0882354676742,1780.7107645386573,1835.45654296875,2239371
2024-08-28 00:00:00+05:30,1835.2569619209737,1850.727516868506,1822.5311828512295,1840.197509765625,724092
2024-08-29 00:00:00+05:30,1836.5045873199683,1864.201871177647,1832.013135883588,1840.197509765625,2248185
2024-08-30 00:00:00+05:30,1836.454719989456,1866.2481133902124,1833.5103726446393,1846.78515625,2125138
2024-09-02 00:00:00+05:30,1846.7850785751361,1891.0508035850635,1845.5374531699047,1885.1619873046875,2522132
2024-09-03 00:00:00+05:30,1886.409604328643,1932.3222190371707,1878.1752766907005,1924.9862060546875,3457882
2024-09-04 00:00:00+05:30,1906.371610844277,1916.3526140424146,1898.7361190300182,1908.5673828125,952279
2024-09-05 00:00:00+05:30,1915.354551158937,1915.354551158937,1896.5902160443152,1904.2257080078125,947097
2024-09-06 00:00:00+05:30,1894.4942614440802,1913.2086431199511,1885.8606689965939,1892.69775390625,772396
2024-09-09 00:00:00+05:30,1897.239014424326,1929.1782254306358,1890.9011016079455,1898.1373291015625,1845859
2024-09-10 00:00:00+05:30,1886.4096943108232,1886.4096943108232,1835.2570504836117,1849.9290771484375,2515665
2024-09-11 00:00:00+05:30,1841.5949275096996,1867.4957046402944,1841.0460454214171,1855.6182861328125,630094
2024-09-12 00:00:00+05:30,1859.4608801712568,1876.4285854653585,1837.103408827816,1872.38623046875,1126825
2024-09-13 00:00:00+05:30,1865.4495676073188,1868.1943435896196,1838.2513328736113,1842.9923095703125,886112
2024-09-16 00:00:00+05:30,1847.48376895483,1861.2576026775448,1812.6500419742208,1817.790283203125,1576652
2024-09-17 00:00:00+05:30,1820.0359258732626,1840.796461177406,1805.0144673850068,1815.6942138671875,844866
2024-09-18 00:00:00+05:30,1814.7460175521019,1845.4376034823295,1811.6020989031579,1838.949951171875,518691
2024-09-19 00:00:00+05:30,1846.4856155355637,1856.466618862783,1824.7269795468578,1837.4527587890625,776068
2024-09-20 00:00:00+05:30,1846.4856118573302,1881.4191234330094,1841.4951102036616,1866.6971435546875,1512372
2024-09-23 00:00:00+05:30,1878.4248880902949,1921.3432038118053,1876.4286873590618,1916.50244140625,1022492
2024-09-24 00:00:00+05:30,1923.4391461159646,1924.2875070396049,1851.0768712677136,1860.808349609375,2608386
2024-09-25 00:00:00+05:30,1870.1406037643899,1871.4381829732872,1837.5527243422869,1860.059814453125,1395256
2024-09-26 00:00:00+05:30,1869.44198178186,1898.4368460915823,1864.9505301438362,1894.6939697265625,1396821
2024-09-27 00:00:00+05:30,1894.6939029119696,1909.3659290100825,1870.3402305213658,1879.0736083984375,1678089
2024-09-30 00:00:00+05:30,1888.4058877609816,1890.0028239749129,1834.7579932223173,1840.4970703125,1473366
2024-10-01 00:00:00+05:30,1836.704178150636,1855.7679919204272,1820.8344803776547,1830.715576171875,885515
2024-10-03 00:00:00+05:30,1803.5673139447827,1841.694698188214,1791.640063620029,1802.1201171875,1307453
2024-10-04 00:00:00+05:30,1802.1201247670954,1846.4856363206197,1779.1638168560823,1794.6842041015625,1554623
2024-10-07 00:00:00+05:30,1796.580624714359,1816.392892235886,1772.6262163848342,1784.553466796875,692912
2024-10-08 00:00:00+05:30,1781.6090993718224,1795.6324578249348,1720.2758824733537,1724.767333984375,2888148
2024-10-09 00:00:00+05:30,1744.7294026964823,1755.6585530262848,1729.7578971277533,1734.099609375,704112
2024-10-10 00:00:00+05:30,1741.8348713494336,1751.1171316142452,1726.2645300677957,1731.205078125,784503
2024-10-11 00:00:00+05:30,1734.1993253962949,1743.4317534595557,1715.335204769624,1731.7540283203125,805944
2024-10-14 00:00:00+05:30,1735.4470212365682,1740.5373087643866,1714.0378169996736,1734.9979248046875,1349793
2024-10-15 00:00:00+05:30,1738.6408413493002,1751.616145790358,1715.2354370736834,1720.4754638671875,2159705
2024-10-16 00:00:00+05:30,1721.7729968944727,1745.6774507001396,1720.7249428284968,1730.4564208984375,891554
2024-10-17 00:00:00+05:30,1730.7059334778478,1735.6964350161345,1692.5285967099542,1698.7667236328125,2442434
2024-10-18 00:00:00+05:30,1702.7591282804003,1714.1873280906436,1677.4073560473464,1702.80908203125,2045293
2024-10-21 00:00:00+05:30,1711.891802279364,1772.6761366344083,1693.5766856245837,1708.5980224609375,1574574
2024-10-22 00:00:00+05:30,1697.7686337923026,1723.669288200328,1669.7220393419004,1694.924072265625,1290296
2024-10-23 00:00:00+05:30,1699.9645009076955,1725.6157535115876,1689.035350595043,1712.740234375,952362
2024-10-24 00:00:00+05:30,1721.1740263803101,1721.1740263803101,1619.916798928785,1632.1934814453125,4320374
2024-10-25 00:00:00+05:30,1641.7253058847032,1650.1593267888509,1600.902977959052,1613.6787109375,1639581
2024-10-28 00:00:00+05:30,1613.928254674288,1616.9225557033683,1590.5726822797774,1602.849365234375,2366566
2024-10-29 00:00:00+05:30,1602.9491404673067,1662.6355893271734,1592.8683514360368,1658.1939697265625,2052244
2024-10-30 00:00:00+05:30,1633.3912121401843,1646.2167771864943,1616.223934967327,1621.064697265625,1512352
2024-10-31 00:00:00+05:30,1627.0033303666146,1638.8307949588727,1609.9857927720284,1619.0684814453125,809110
2024-11-01 00:00:00+05:30,1636.2857447751417,1636.2857447751417,1619.9168746012583,1625.7557373046875,53886
2024-11-04 00:00:00+05:30,1633.8902777008473,1638.0324185330755,1584.9833604086411,1605.743896484375,1470020
2024-11-05 00:00:00+05:30,1603.7476608375796,1638.8807437589196,1595.6131187709705,1630.097412109375,978590
2024-11-06 00:00:00+05:30,1630.0973883625932,1635.5371081912033,1597.409602993405,1600.9029541015625,1352644
2024-11-07 00:00:00+05:30,1602.0010325690473,1614.8764297504722,1572.0080679966625,1586.829833984375,1359619
2024-11-08 00:00:00+05:30,1585.9813888934245,1600.304103940858,1563.87344271077,1566.967529296875,1131938
2024-11-11 00:00:00+05:30,1575.6011865136916,1575.6011865136916,1552.2955677329658,1563.025146484375,862991
2024-11-12 00:00:00+05:30,1566.119203084133,1582.937169273178,1554.0422134615249,1559.4818115234375,1177157
2024-11-13 00:00:00+05:30,1557.0365017632203,1569.0137056229373,1537.0744953303586,1543.76171875,2946117
2024-11-14 00:00:00+05:30,1543.2626409588304,1565.9694228696717,1543.1130233839972,1559.3321533203125,684365
2024-11-18 00:00:00+05:30,1548.053652035858,1563.5741613058224,1548.053652035858,1559.631591796875,490930
2024-11-19 00:00:00+05:30,1565.021382463701,1565.071336217644,1498.1486575752647,1520.007080078125,4198931
2024-11-21 00:00:00+05:30,1510.4252781205205,1512.6210501111473,1471.1998864162529,1475.142333984375,1827614
2024-11-22 00:00:00+05:30,1482.528306682987,1493.607196022283,1472.1979925941628,1482.3287353515625,977581
2024-11-25 00:00:00+05:30,1489.7645825556094,1508.1296536654813,1485.5226559983107,1492.359619140625,1785465
2024-11-26 00:00:00+05:30,1492.3595875886735,1514.018438185193,1486.4209392693815,1503.8876953125,601372
2024-11-27 00:00:00+05:30,1504.1372193868801,1513.0701687361252,1492.2598009178662,1502.540283203125,467560
2024-11-28 00:00:00+05:30,1504.2869381283303,1516.813024178446,1400.3347642943218,1425.8861083984375,5574277
2024-11-29 00:00:00+05:30,1439.260725376565,1457.2265319346636,1393.9968982214846,1435.018798828125,9016112
2024-12-02 00:00:00+05:30,1425.6865455840796,1447.0459171612504,1408.4693147726941,1419.3486328125,3117960
2024-12-03 00:00:00+05:30,1427.3832820855273,1445.5986134209381,1414.2582381528757,1438.212646484375,4645704
2024-12-04 00:00:00+05:30,1438.2626362229835,1469.5530585212184,1432.3239877442472,1449.840576171875,1976987
2024-12-05 00:00:00+05:30,1449.84058776995,1453.2841071843604,1414.8572425503946,1429.1300048828125,2632452
2024-12-06 00:00:00+05:30,1432.274031093525,1450.1898840014508,1426.5849077193247,1445.79833984375,1359753
2024-12-09 00:00:00+05:30,1451.2379268535237,1481.5802022365779,1446.297378795272,1466.5089111328125,2397565
2024-12-10 00:00:00+05:30,1460.919459359299,1481.0811598884052,1448.842469278705,1459.072998046875,1994725
2024-12-11 00:00:00+05:30,1452.7349994940807,1470.7008050529219,1451.6869454344483,1453.3837890625,1213092
2024-12-12 00:00:00+05:30,1447.2454418561847,1452.9845186083728,1417.651743453304,1429.7786865234375,2851447
2024-12-13 00:00:00+05:30,1419.3486381304247,1439.2107374382556,1406.6228587873727,1426.0858154296875,3926561
2024-12-16 00:00:00+05:30,1426.085782458517,1434.2202025758595,1412.96073891498,1418.9493408203125,1601339
2024-12-17 00:00:00+05:30,1418.9991764986985,1422.2929562907389,1402.929785711097,1407.02197265625,1973758
2024-12-18 00:00:00+05:30,1412.1123722835162,1417.6517559204235,1390.054257884302,1395.34423828125,1454595
2024-12-19 00:00:00+05:30,1377.4283794405865,1406.3233346354514,1374.883174918619,1403.229248046875,1081337
2024-12-20 00:00:00+05:30,1399.7857923413878,1412.1124291805863,1388.457377694333,1397.9393310546875,1542712
2024-12-23 00:00:00+05:30,1397.939348340511,1405.475054839658,1378.8756557163877,1402.6304931640625,1325302
2024-12-24 00:00:00+05:30,1404.2771644997313,1415.3062215198609,1382.36891171016,1384.3651123046875,756679
2024-12-26 00:00:00+05:30,1391.3018788588038,1409.1180668690515,1382.5685011433557,1406.373291015625,1935656
2024-12-27 00:00:00+05:30,1407.3215161491903,1417.701784323933,1398.1390415167778,1402.6304931640625,665711
2024-12-30 00:00:00+05:30,1388.607065843885,1412.2619946183115,1386.36134013093,1401.18310546875,1439560
2024-12-31 00:00:00+05:30,1397.0910032232216,1397.0910032232216,1379.8238179593561,1387.7587890625,2096160
2025-01-01 00:00:00+05:30,1389.555250169965,1402.031504469862,1382.3190226760246,1397.73974609375,511676
2025-01-02 00:00:00+05:30,1401.3328864502769,1422.7920438994797,1395.3942381241218,1419.5482177734375,1083889
2025-01-03 00:00:00+05:30,1425.5368260140892,1448.243608994534,1422.193214206631,1444.9498291015625,1107442
2025-01-06 00:00:00+05:30,1447.2454985270135,1459.871492243916,1422.492561265114,1431.9246826171875,1012018
2025-01-07 00:00:00+05:30,1444.251164159644,1487.9680069449023,1431.6251707341723,1474.9427490234375,2362510
2025-01-08 00:00:00+05:30,1475.890870014438,1481.8296399231692,1452.2359415574258,1460.3704833984375,1229808
2025-01-09 00:00:00+05:30,1455.030729205165,1478.3861797677616,1450.2397988219334,1465.660400390625,1253461
2025-01-10 00:00:00+05:30,1467.1077538384777,1485.1733461137085,1455.879124709594,1475.4918212890625,1124758
2025-01-13 00:00:00+05:30,1475.491744560178,1475.491744560178,1442.903744904204,1464.6124267578125,1444590
2025-01-14 00:00:00+05:30,1472.1980436018791,1501.1429542896449,1466.0597019676509,1496.4019775390625,2024378
2025-01-15 00:00:00+05:30,1501.6419561901232,1501.991266940197,1466.558704996196,1469.9522705078125,1433596
2025-01-16 00:00:00+05:30,1483.1770651041409,1542.0649835705906,1483.1770651041409,1510.724609375,2929496
2025-01-17 00:00:00+05:30,1516.6135007863847,1552.0460636543785,1497.1505437180501,1537.5736083984375,2603818
2025-01-20 00:00:00+05:30,1544.8597994244315,1544.8597994244315,1484.4747271174874,1496.85107421875,4033718
2025-01-21 00:00:00+05:30,1496.8510902628868,1503.0892176341872,1457.2265539357572,1463.76416015625,877160
2025-01-22 00:00:00+05:30,1463.3149233737993,1467.9561144470279,1447.2954855899761,1457.2764892578125,631080
2025-01-23 00:00:00+05:30,1455.280198730681,1460.919367984322,1444.4008810363293,1447.095703125,1301601
2025-01-24 00:00:00+05:30,1448.5430139252426,1452.8347721116004,1415.4559646171306,1437.6636962890625,1504123
2025-01-27 00:00:00+05:30,1432.2739306100045,1443.2030801604776,1413.310024908548,1421.694091796875,896819
2025-01-28 00:00:00+05:30,1417.3025169789098,1432.9726439594342,1409.1679746440575,1416.803466796875,1527262
2025-01-29 00:00:00+05:30,1416.8033789803933,1467.3072299042972,1407.8204762605458,1458.124755859375,1021447
2025-01-30 00:00:00+05:30,1463.115348231929,1477.1885389993051,1451.1381438616643,1470.10205078125,1016159
2025-01-31 00:00:00+05:30,1476.8890005799371,1487.1694826517562,1464.213175201427,1480.7816162109375,892312
2025-02-01 00:00:00+05:30,1472.7967897427336,1525.0972702363222,1369.9426261325289,1451.587158203125,4329907
2025-02-03 00:00:00+05:30,1431.625169843644,1479.0848888022822,1431.625169843644,1457.176513671875,1127198
2025-02-04 00:00:00+05:30,1458.4740625669203,1475.8908640569043,1451.2877891462683,1469.6029052734375,614905
2025-02-05 00:00:00+05:30,1469.602956946635,1481.4803752953633,1462.2169901033437,1466.359130859375,791375
2025-02-06 00:00:00+05:30,1467.2074884568108,1477.5877562802436,1453.683180219001,1462.3167724609375,1510856
2025-02-07 00:00:00+05:30,1469.6527901515651,1473.14614132553,1451.4874127823168,1468.1556396484375,562410
2025-02-10 00:00:00+05:30,1460.1210005273056,1471.7488937665867,1442.2549802109872,1445.4488525390625,530759
2025-02-11 00:00:00+05:30,1445.4489258051842,1447.2455552298054,1400.2350515620947,1416.304443359375,1448104
2025-02-12 00:00:00+05:30,1424.7383272020138,1464.1632918939656,1404.8262735170179,1449.3914794921875,1590502
2025-02-13 00:00:00+05:30,1449.3914261848008,1476.58966032006,1443.2530847553978,1467.70654296875,983142
2025-02-14 00:00:00+05:30,1467.7065932964742,1474.343985121093,1447.245535722467,1462.6661376953125,625676
2025-02-17 00:00:00+05:30,1457.7255037405844,1478.7355640156563,1449.091911685564,1473.3956298828125,717439
2025-02-18 00:00:00+05:30,1473.4456779860645,1478.1866547653592,1451.6372091689936,1472.54736328125,679042
2025-02-19 00:00:00+05:30,1472.19803914837,1479.3843130447758,1462.2669892467725,1472.796875,391966
2025-02-20 00:00:00+05:30,1470.2018069362312,1486.82020203405,1463.2151045271657,1467.0079345703125,346720
2025-02-21 00:00:00+05:30,1466.9080734136323,1498.5479284260043,1458.9232704081264,1492.559326171875,1051158
2025-02-24 00:00:00+05:30,1477.1884952856963,1492.3595716370464,1472.3975649439965,1483.6761474609375,1116079
2025-02-25 00:00:00+05:30,1477.188551708213,1481.2309069533248,1460.6699418034034,1468.9542236328125,964505
2025-02-27 00:00:00+05:30,1461.218930728015,1477.0887508597539,1451.2379271028237,1466.9580078125,1421562
2025-02-28 00:00:00+05:30,1457.2265539665982,1459.272708479798,1409.1679963293982,1427.7825927734375,2397364
2025-03-03 00:00:00+05:30,1429.82870293639,1449.3914453987222,1402.4307752678294,1405.8243408203125,1056418
2025-03-04 00:00:00+05:30,1389.555298572682,1412.3120359437535,1387.3595264747826,1390.45361328125,977231
2025-03-05 00:00:00+05:30,1388.5073068067945,1421.2948784770108,1377.2287242745233,1418.0010986328125,1118219
2025-03-06 00:00:00+05:30,1414.4080030197633,1423.6903851505906,1392.350009318672,1418.60009765625,1606815
2025-03-07 00:00:00+05:30,1421.3499755859375,1446.199951171875,1406.550048828125,1411.5999755859375,901496
2025-03-10 00:00:00+05:30,1419.0,1427.75,1404.3499755859375,1419.449951171875,1092967
2025-03-11 00:00:00+05:30,1403.0,1424.4000244140625,1397.449951171875,1417.25,691907
2025-03-12 00:00:00+05:30,1425.0,1425.0,1404.5,1409.0,734156
2025-03-13 00:00:00+05:30,1411.699951171875,1413.949951171875,1382.6500244140625,1385.550048828125,911321
2025-03-17 00:00:00+05:30,1392.0,1441.300048828125,1392.0,1434.25,1352197
2025-03-18 00:00:00+05:30,1434.25,1434.25,1434.25,1434.25,0
2025-03-19 00:00:00+05:30,1457.949951171875,1488.9000244140625,1455.0,1484.9000244140625,917293
2025-03-20 00:00:00+05:30,1492.0,1506.300048828125,1488.5,1498.3499755859375,798992
2025-03-21 00:00:00+05:30,1500.0,1553.300048828125,1493.449951171875,1546.4000244140625,1977397
2025-03-24 00:00:00+05:30,1550.0,1584.0,1541.699951171875,1569.800048828125,1229003
2025-03-25 00:00:00+05:30,1577.6500244140625,1583.9000244140625,1551.300048828125,1557.199951171875,1241287
2025-03-26 00:00:00+05:30,1564.300048828125,1570.300048828125,1533.449951171875,1541.300048828125,1106876
2025-03-27 00:00:00+05:30,1541.4000244140625,1552.0999755859375,1529.6500244140625,1544.9000244140625,1405775
2025-03-28 00:00:00+05:30,1544.9000244140625,1564.5,1534.75,1547.8499755859375,1120169
2025-04-01 00:00:00+05:30,1537.75,1566.4000244140625,1535.3499755859375,1545.25,937836
2025-04-02 00:00:00+05:30,1543.0,1563.1500244140625,1542.300048828125,1559.8499755859375,1876774
2025-04-03 00:00:00+05:30,1546.0,1558.9000244140625,1540.0,1542.25,373548
2025-04-04 00:00:00+05:30,1536.3499755859375,1546.9000244140625,1501.0999755859375,1512.5999755859375,826558
2025-04-07 00:00:00+05:30,1450.0,1485.5,1430.550048828125,1460.800048828125,916977
2025-04-08 00:00:00+05:30,1490.0,1498.050048828125,1458.050048828125,1488.0,2142568
2025-04-09 00:00:00+05:30,1488.0,1499.9000244140625,1475.0,1481.6500244140625,1047950
2025-04-11 00:00:00+05:30,1539.0,1539.0,1500.050048828125,1521.9000244140625,1134200
2025-04-15 00:00:00+05:30,1555.5,1574.0999755859375,1525.0,1562.5999755859375,1363406
2025-04-16 00:00:00+05:30,1548.5,1576.800048828125,1548.5,1565.4000244140625,784495
2025-04-17 00:00:00+05:30,1558.0,1615.0,1549.4000244140625,1608.199951171875,1500299
2025-04-21 00:00:00+05:30,1618.0,1630.699951171875,1595.300048828125,1628.5,1016066
2025-04-22 00:00:00+05:30,1627.800048828125,1639.9000244140625,1612.800048828125,1619.0,1102055
2025-04-23 00:00:00+05:30,1625.0,1625.0,1601.0,1615.5,1136215
2025-04-24 00:00:00+05:30,1612.9000244140625,1636.5999755859375,1603.0,1608.199951171875,857476
2025-04-25 00:00:00+05:30,1723.5,1762.0,1651.0999755859375,1695.0999755859375,10321746
2025-04-28 00:00:00+05:30,1690.0,1755.0,1681.4000244140625,1736.0999755859375,2100813
2025-04-29 00:00:00+05:30,1733.9000244140625,1764.9000244140625,1721.0,1730.0999755859375,2049847
2025-04-30 00:00:00+05:30,1722.0,1772.5,1718.5,1765.800048828125,2031563
2025-05-02 00:00:00+05:30,1761.0,1777.0999755859375,1747.5999755859375,1762.199951171875,902461
2025-05-05 00:00:00+05:30,1773.0,1787.5999755859375,1766.9000244140625,1769.9000244140625,947983
2025-05-06 00:00:00+05:30,1770.0,1797.800048828125,1717.199951171875,1726.0,1295777
2025-05-07 00:00:00+05:30,1714.0,1756.5,1712.300048828125,1744.5,753313
2025-05-08 00:00:00+05:30,1741.300048828125,1744.0,1721.0999755859375,1731.5,1107891
2025-05-09 00:00:00+05:30,1706.0,1728.699951171875,1693.0999755859375,1699.800048828125,1076900
2025-05-12 00:00:00+05:30,1725.0,1756.9000244140625,1720.0,1751.5,728808
2025-05-13 00:00:00+05:30,1742.699951171875,1756.0,1732.300048828125,1740.0,478541
2025-05-14 00:00:00+05:30,1741.0,1760.0,1737.4000244140625,1755.199951171875,603108
2025-05-15 00:00:00+05:30,1757.699951171875,1788.4000244140625,1737.0999755859375,1784.5999755859375,1318425
2025-05-16 00:00:00+05:30,1790.0,1790.9000244140625,1767.9000244140625,1773.4000244140625,696146
2025-05-19 00:00:00+05:30,1773.0999755859375,1781.199951171875,1764.4000244140625,1770.0,288530
2025-05-20 00:00:00+05:30,1778.800048828125,1778.800048828125,1753.300048828125,1757.800048828125,529693
2025-05-21 00:00:00+05:30,1756.9000244140625,1777.9000244140625,1751.199951171875,1763.9000244140625,521050
2025-05-22 00:00:00+05:30,1766.300048828125,1768.699951171875,1741.199951171875,1759.300048828125,1103303
2025-05-23 00:00:00+05:30,1765.0,1806.0,1759.800048828125,1798.699951171875,1067774
2025-05-26 00:00:00+05:30,1806.0,1810.0999755859375,1790.0999755859375,1801.5999755859375,633624
2025-05-27 00:00:00+05:30,1801.5999755859375,1809.5999755859375,1794.0,1803.300048828125,1219984
2025-05-28 00:00:00+05:30,1810.5999755859375,1814.5,1802.0999755859375,1807.4000244140625,763018
2025-05-29 00:00:00+05:30,1807.5999755859375,1830.0,1801.4000244140625,1825.0,1189803
2025-05-30 00:00:00+05:30,1825.0,1833.9000244140625,1804.9000244140625,1812.199951171875,1364259
2025-06-02 00:00:00+05:30,1812.199951171875,1829.0,1795.5999755859375,1802.5,1238769
2025-06-03 00:00:00+05:30,1809.800048828125,1814.0,1770.0999755859375,1775.300048828125,1576208
2025-06-04 00:00:00+05:30,1775.0,1779.0999755859375,1762.300048828125,1775.9000244140625,918721
2025-06-05 00:00:00+05:30,1782.0,1791.0,1765.0,1774.800048828125,912222
2025-06-06 00:00:00+05:30,1774.800048828125,1783.5,1751.300048828125,1780.5999755859375,1589674
2025-06-09 00:00:00+05:30,1789.5999755859375,1799.0,1759.0999755859375,1790.800048828125,1221496
2025-06-10 00:00:00+05:30,1790.9000244140625,1796.5999755859375,1772.0,1785.5,1400311
2025-06-11 00:00:00+05:30,1785.5,1800.9000244140625,1774.0,1799.300048828125,1089930
2025-06-12 00:00:00+05:30,1799.9000244140625,1812.300048828125,1760.0,1766.0,984693
2025-06-13 00:00:00+05:30,1720.0,1766.5,1720.0,1755.199951171875,1774169
2025-06-16 00:00:00+05:30,1762.0,1800.0,1751.9000244140625,1797.800048828125,728053
2025-06-17 00:00:00+05:30,1796.0999755859375,1806.699951171875,1785.4000244140625,1800.199951171875,557790
2025-06-18 00:00:00+05:30,1800.0,1805.0,1791.300048828125,1797.199951171875,349531
2025-06-19 00:00:00+05:30,1795.0,1804.9000244140625,1781.0,1789.4000244140625,537885
2025-06-20 00:00:00+05:30,1787.0999755859375,1821.0,1779.0999755859375,1810.9000244140625,1669329
2025-06-23 00:00:00+05:30,1810.0,1826.199951171875,1798.5999755859375,1818.5999755859375,627282
2025-06-24 00:00:00+05:30,1832.199951171875,1850.9000244140625,1828.0,1843.0,876488
2025-06-25 00:00:00+05:30,1843.0,1855.0,1825.0,1842.699951171875,990856
2025-06-26 00:00:00+05:30,1850.0,1866.4000244140625,1842.699951171875,1860.800048828125,1147822
2025-06-27 00:00:00+05:30,1848.0,1862.9000244140625,1815.300048828125,1850.5999755859375,6763121
2025-06-30 00:00:00+05:30,1846.0,1855.0999755859375,1826.0999755859375,1838.300048828125,1362010
2025-07-01 00:00:00+05:30,1831.0,1865.300048828125,1827.300048828125,1862.5,667136
2025-07-02 00:00:00+05:30,1865.0,1875.0,1852.0999755859375,1856.800048828125,1072946
2025-07-03 00:00:00+05:30,1850.0,1861.800048828125,1803.0,1810.199951171875,916863
2025-07-04 00:00:00+05:30,1806.0,1812.0999755859375,1783.0999755859375,1799.699951171875,685665
2025-07-07 00:00:00+05:30,1799.699951171875,1811.800048828125,1792.199951171875,1808.300048828125,376143
2025-07-08 00:00:00+05:30,1801.0,1818.800048828125,1797.300048828125,1816.9000244140625,616714
2025-07-09 00:00:00+05:30,1820.0,1821.0,1799.0,1814.9000244140625,597896
2025-07-10 00:00:00+05:30,1811.0,1823.5,1801.4000244140625,1810.199951171875,1104366
2025-07-11 00:00:00+05:30,1814.0,1840.0,1812.0,1835.199951171875,770854
2025-07-14 00:00:00+05:30,1843.0,1856.300048828125,1831.699951171875,1851.300048828125,1231109
2025-07-15 00:00:00+05:30,1849.9000244140625,1851.699951171875,1822.4000244140625,1824.800048828125,1313007
2025-07-16 00:00:00+05:30,1833.9000244140625,1839.9000244140625,1821.5999755859375,1829.0999755859375,652826
2025-07-17 00:00:00+05:30,1829.0,1829.0,1796.300048828125,1802.800048828125,886192
2025-07-18 00:00:00+05:30,1799.0,1802.800048828125,1754.0999755859375,1788.4000244140625,1600088
2025-07-21 00:00:00+05:30,1794.699951171875,1807.4000244140625,1781.0,1804.699951171875,481174
2025-07-22 00:00:00+05:30,1791.0999755859375,1815.300048828125,1791.0999755859375,1809.0,578221
2025-07-23 00:00:00+05:30,1809.0,1818.5,1792.0,1809.5,555690
2025-07-24 00:00:00+05:30,1808.0,1822.5,1778.699951171875,1793.5999755859375,928018
2025-07-25 00:00:00+05:30,1814.0,1847.0,1810.9000244140625,1832.0999755859375,1821229
2025-07-28 00:00:00+05:30,1832.0,1858.0,1819.0,1850.5,1182404
2025-07-29 00:00:00+05:30,1848.0,1851.800048828125,1822.9000244140625,1833.4000244140625,585182
2025-07-30 00:00:00+05:30,1825.0,1850.0,1824.5,1839.0999755859375,480951
2025-07-31 00:00:00+05:30,1838.0,1857.4000244140625,1821.4000244140625,1840.699951171875,1570804
2025-08-01 00:00:00+05:30,1840.0,1843.300048828125,1788.9000244140625,1796.199951171875,559870
2025-08-04 00:00:00+05:30,1798.0,1836.199951171875,1781.0,1831.5,844169
2025-08-05 00:00:00+05:30,1833.300048828125,1860.4000244140625,1818.699951171875,1857.0,1251783
2025-08-06 00:00:00+05:30,1858.5999755859375,1876.0,1850.5999755859375,1854.300048828125,816457
2025-08-07 00:00:00+05:30,1835.0,1863.0999755859375,1835.0,1861.0999755859375,742694
2025-08-08 00:00:00+05:30,1851.0999755859375,1870.9000244140625,1831.0,1833.5999755859375,779798
2025-08-11 00:00:00+05:30,1836.0,1852.699951171875,1825.9000244140625,1851.0,455452
2025-08-12 00:00:00+05:30,1849.699951171875,1863.9000244140625,1834.0,1838.0,627624
2025-08-13 00:00:00+05:30,1841.300048828125,1859.0,1838.0,1840.300048828125,570828
2025-08-14 00:00:00+05:30,1842.0999755859375,1853.699951171875,1832.199951171875,1840.5999755859375,468063
2025-08-18 00:00:00+05:30,1879.0,1912.0,1850.0,1863.0,1924632
2025-08-19 00:00:00+05:30,1865.0,1869.9000244140625,1836.5999755859375,1854.0999755859375,621923
2025-08-20 00:00:00+05:30,1846.0,1864.9000244140625,1843.4000244140625,1858.5,446416
2025-08-21 00:00:00+05:30,1870.0,1892.5,1870.0,1877.300048828125,1316202
2025-08-22 00:00:00+05:30,1860.0999755859375,1870.0,1849.4000244140625,1859.0,605948
2025-08-25 00:00:00+05:30,1858.9000244140625,1862.4000244140625,1843.4000244140625,1846.800048828125,613536
2025-08-26 00:00:00+05:30,1846.9000244140625,1857.5999755859375,1809.800048828125,1816.5999755859375,669578
2025-08-28 00:00:00+05:30,1815.699951171875,1841.300048828125,1806.199951171875,1816.800048828125,948055
2025-08-29 00:00:00+05:30,1826.9000244140625,1826.9000244140625,1801.0999755859375,1805.5,801378
2025-09-01 00:00:00+05:30,1800.0,1815.9000244140625,1796.5999755859375,1809.800048828125,530198
2025-09-02 00:00:00+05:30,1814.9000244140625,1825.0,1802.699951171875,1814.5,388232
2025-09-03 00:00:00+05:30,1814.5,1818.9000244140625,1797.0,1810.699951171875,1249945
2025-09-04 00:00:00+05:30,1890.0,1890.0,1773.0,1791.0999755859375,2151243
2025-09-05 00:00:00+05:30,1815.0,1827.5,1800.0999755859375,1805.300048828125,757123
2025-09-08 00:00:00+05:30,1807.0,1810.0,1769.5,1780.9000244140625,1553347
2025-09-09 00:00:00+05:30,1789.800048828125,1811.5,1778.300048828125,1805.699951171875,895295
2025-09-10 00:00:00+05:30,1804.9000244140625,1843.5999755859375,1796.0,1833.699951171875,881560
2025-09-11 00:00:00+05:30,1824.800048828125,1824.9000244140625,1802.0,1814.199951171875,663203
2025-09-12 00:00:00+05:30,1814.199951171875,1834.5,1803.5999755859375,1830.199951171875,509725
2025-09-15 00:00:00+05:30,1830.0999755859375,1833.0,1812.300048828125,1822.199951171875,485383
2025-09-16 00:00:00+05:30,1830.4000244140625,1832.9000244140625,1810.0,1818.800048828125,496743
2025-09-17 00:00:00+05:30,1810.0999755859375,1827.5,1800.699951171875,1804.0,706812
2025-09-18 00:00:00+05:30,1804.9000244140625,1831.0,1795.300048828125,1821.800048828125,817549
2025-09-19 00:00:00+05:30,1828.0,1846.9000244140625,1821.800048828125,1841.699951171875,1633208
2025-09-22 00:00:00+05:30,1855.0,1879.699951171875,1852.800048828125,1857.699951171875,1003774
2025-09-23 00:00:00+05:30,1865.0,1865.699951171875,1815.4000244140625,1819.4000244140625,737343
2025-09-24 00:00:00+05:30,1824.9000244140625,1825.4000244140625,1806.0,1817.0999755859375,507030
2025-09-25 00:00:00+05:30,1810.0999755859375,1819.699951171875,1797.5,1809.800048828125,1003709
2025-09-26 00:00:00+05:30,1807.4000244140625,1819.0,1790.0,1798.800048828125,1561042
2025-09-29 00:00:00+05:30,1814.0,1814.0,1785.0,1788.699951171875,1003806
2025-09-30 00:00:00+05:30,1783.0,1795.699951171875,1778.0,1790.5999755859375,1668918
2025-10-01 00:00:00+05:30,1783.0,1806.5,1769.0999755859375,1801.0999755859375,704858
2025-10-03 00:00:00+05:30,1801.0999755859375,1803.199951171875,1766.199951171875,1785.0999755859375,715403
2025-10-06 00:00:00+05:30,1776.0,1784.199951171875,1759.4000244140625,1770.9000244140625,1560572
2025-10-07 00:00:00+05:30,1777.0,1793.699951171875,1771.300048828125,1784.0999755859375,859968
2025-10-08 00:00:00+05:30,1784.0,1795.9000244140625,1757.699951171875,1772.9000244140625,1323877
2025-10-09 00:00:00+05:30,1772.9000244140625,1813.4000244140625,1770.5999755859375,1809.800048828125,848466
2025-10-10 00:00:00+05:30,1825.0,1843.699951171875,1806.4000244140625,1810.4000244140625,1097936
2025-10-13 00:00:00+05:30,1810.0,1827.9000244140625,1798.0999755859375,1815.300048828125,409793
2025-10-14 00:00:00+05:30,1817.4000244140625,1825.800048828125,1807.5999755859375,1816.199951171875,655909
2025-10-15 00:00:00+05:30,1816.0999755859375,1858.4000244140625,1813.4000244140625,1840.5999755859375,891713
2025-10-16 00:00:00+05:30,1842.5999755859375,1844.9000244140625,1809.5,1835.699951171875,969316
2025-10-17 00:00:00+05:30,1844.0,1852.4000244140625,1820.0999755859375,1844.0999755859375,1183570
2025-10-20 00:00:00+05:30,1850.0,1857.199951171875,1828.0,1839.699951171875,590467
2025-10-21 00:00:00+05:30,1852.0,1852.0,1832.5,1841.0,41649
2025-10-23 00:00:00+05:30,1850.0,1864.199951171875,1841.0,1852.699951171875,543795
2025-10-24 00:00:00+05:30,1860.0,1864.0,1831.800048828125,1839.800048828125,517403
2025-10-27 00:00:00+05:30,1880.199951171875,1923.9000244140625,1880.199951171875,1903.0999755859375,2866910
2025-10-28 00:00:00+05:30,1903.0999755859375,1945.5999755859375,1894.800048828125,1936.800048828125,2166517
2025-10-29 00:00:00+05:30,1934.0,1975.0,1934.0,1970.4000244140625,2398496
2025-10-30 00:00:00+05:30,1970.4000244140625,1971.9000244140625,1954.0999755859375,1968.4000244140625,842738
2025-10-31 00:00:00+05:30,1965.0,1978.699951171875,1951.800048828125,1955.699951171875,1167506
2025-11-03 00:00:00+05:30,1950.0,1982.199951171875,1945.0,1969.5999755859375,687299
2025-11-04 00:00:00+05:30,1959.0999755859375,1997.300048828125,1956.9000244140625,1971.5,664256
2025-11-05 00:00:00+05:30,1971.5,1971.5,1971.5,1971.5,0
2025-11-06 00:00:00+05:30,1976.9000244140625,1990.800048828125,1964.0,1970.800048828125,1094086
2025-11-07 00:00:00+05:30,1962.0999755859375,2004.0,1957.699951171875,1998.9000244140625,1241016
2025-11-10 00:00:00+05:30,2000.0999755859375,2017.9000244140625,1985.199951171875,1989.300048828125,1087154
2025-11-11 00:00:00+05:30,1994.9000244140625,2002.199951171875,1982.300048828125,1997.300048828125,901898
2025-11-12 00:00:00+05:30,1997.300048828125,2009.0,1983.800048828125,1996.699951171875,1006737
2025-11-13 00:00:00+05:30,1980.5999755859375,2005.0,1975.5,1987.9000244140625,671028
2025-11-14 00:00:00+05:30,1982.5999755859375,2003.9000244140625,1977.800048828125,2000.9000244140625,678599
2025-11-17 00:00:00+05:30,2000.9000244140625,2012.9000244140625,1993.300048828125,1996.0,726715
2025-11-18 00:00:00+05:30,1991.0999755859375,2013.5,1988.0,1993.300048828125,855558
2025-11-19 00:00:00+05:30,1990.9000244140625,2008.300048828125,1985.0,2004.800048828125,894171
2025-11-20 00:00:00+05:30,2013.9000244140625,2032.0,2000.0,2027.0999755859375,805778
2025-11-21 00:00:00+05:30,2026.9000244140625,2030.5,2016.5999755859375,2022.5,506477
2025-11-24 00:00:00+05:30,2027.0,2086.60009765625,2005.0,2014.800048828125,2592739
2025-11-25 00:00:00+05:30,1972.4000244140625,2044.0,1972.4000244140625,2031.0,748087
2025-11-26 00:00:00+05:30,2031.0,2045.0,2024.0,2029.0999755859375,826123
2025-11-27 00:00:00+05:30,2030.0,2036.0,2000.800048828125,2004.5,652128
2025-11-28 00:00:00+05:30,2011.0,2011.0999755859375,1961.0,1966.0,1011160
2025-12-01 00:00:00+05:30,1967.0,1977.0,1951.199951171875,1971.5999755859375,483716
2025-12-02 00:00:00+05:30,1952.0,1989.9000244140625,1952.0,1981.5,942591
2025-12-03 00:00:00+05:30,1982.0,1991.0,1959.9000244140625,1972.800048828125,515105
2025-12-04 00:00:00+05:30,1970.199951171875,2009.0,1959.0,2002.9000244140625,660360
2025-12-05 00:00:00+05:30,2003.0,2046.300048828125,2000.699951171875,2023.699951171875,749526
2025-12-08 00:00:00+05:30,2005.0,2036.0,2005.0,2020.699951171875,1050200
2025-12-09 00:00:00+05:30,2019.0,2028.199951171875,1990.4000244140625,2006.199951171875,887191
2025-12-10 00:00:00+05:30,1996.0,2030.800048828125,1994.5999755859375,2014.5,598172
2025-12-11 00:00:00+05:30,2006.0999755859375,2017.5999755859375,1995.5,2006.9000244140625,635250
2025-12-12 00:00:00+05:30,2012.0,2030.4000244140625,2002.4000244140625,2025.9000244140625,557472
2025-12-15 00:00:00+05:30,2030.0999755859375,2040.0,2008.0,2034.9000244140625,565860
2025-12-16 00:00:00+05:30,2034.9000244140625,2052.199951171875,2021.0,2036.0,815797
2025-12-17 00:00:00+05:30,2039.4000244140625,2048.699951171875,1995.5,2010.199951171875,896027
2025-12-18 00:00:00+05:30,2018.0,2020.4000244140625,2001.5999755859375,2014.4000244140625,301399
2025-12-19 00:00:00+05:30,2014.5,2035.5,2012.4000244140625,2028.4000244140625,751874
2025-12-22 00:00:00+05:30,2027.699951171875,2031.0999755859375,2013.0999755859375,2022.300048828125,526892
2025-12-23 00:00:00+05:30,2032.199951171875,2032.199951171875,2018.300048828125,2024.800048828125,290105
2025-12-24 00:00:00+05:30,2029.199951171875,2033.5999755859375,2020.199951171875,2025.4000244140625,353971
2025-12-25 00:00:00+05:30,2025.4000244140625,2025.4000244140625,2025.4000244140625,2025.4000244140625,0
2025-12-26 00:00:00+05:30,2025.4000244140625,2034.9000244140625,2004.0999755859375,2019.0999755859375,180039
2025-12-29 00:00:00+05:30,2026.699951171875,2026.699951171875,2006.5999755859375,2009.800048828125,407998
2025-12-30 00:00:00+05:30,2009.800048828125,2019.800048828125,1968.199951171875,1995.5,3166927
2025-12-31 00:00:00+05:30,2010.199951171875,2043.5,1992.5,2034.9000244140625,751134
2026-01-01 00:00:00+05:30,2034.9000244140625,2045.9000244140625,2027.199951171875,2040.4000244140625,235630
2026-01-02 00:00:00+05:30,2040.4000244140625,2077.300048828125,2040.0,2067.39990234375,472182
