Date,Open,High,Low,Close,Volume
2021-01-04 00:00:00+05:30,55.8709475841641,60.252810633650725,55.65141963183205,59.658809661865234,381849550
2021-01-05 00:00:00+05:30,59.14228399387582,59.73198957124001,58.11784419402752,58.58702087402344,215452540
2021-01-06 00:00:00+05:30,58.88401962815902,59.97302909055625,58.10922859989894,58.866798400878906,196105220
2021-01-07 00:00:00+05:30,59.65880918424673,62.97318601271074,59.546890913609154,62.224220275878906,382321940
2021-01-08 00:00:00+05:30,62.58578895121731,62.60731220139336,60.52829233948338,61.39347839355469,193293130
2021-01-11 00:00:00+05:30,61.29447376374777,61.29447376374777,59.24558773200446,59.88694381713867,170245090
2021-01-12 00:00:00+05:30,59.830986865342005,62.37057288927118,59.495245162326945,59.8223762512207,245254840
2021-01-13 00:00:00+05:30,60.38624635121344,61.51400028647644,59.658810416907194,61.04912567138672,193538710
2021-01-14 00:00:00+05:30,61.122304855841875,61.50539509538839,60.01177204988163,60.80808639526367,115408580
2021-01-15 00:00:00+05:30,61.29447247605968,62.112310003193485,60.05911542369384,60.76933670043945,206884370
2021-01-18 00:00:00+05:30,60.950123184671874,61.014686363157814,56.774862496623804,57.39469528198242,250452260
2021-01-19 00:00:00+05:30,57.8509596667324,58.87970791504377,55.69876612901209,58.634361267089844,312451180
2021-01-20 00:00:00+05:30,59.413463592529304,60.21838200009138,58.763503406698504,59.4134635925293,233131500
2021-01-21 00:00:00+05:30,59.486627648581056,59.80945667695755,56.95565253233123,57.39469528198242,161178670
2021-01-22 00:00:00+05:30,57.67878938601413,58.17809988537093,54.549501287413705,55.698768615722656,237156650
2021-01-25 00:00:00+05:30,56.043124033747716,56.9771753347132,54.32136903075716,56.124908447265625,163484730
2021-01-27 00:00:00+05:30,56.03450934489402,56.05603259446106,53.701535557638636,53.890926361083984,149180840
2021-01-28 00:00:00+05:30,53.20222840596076,54.28693588607885,52.737353771624434,53.692928314208984,170917520
2021-01-29 00:00:00+05:30,54.23958650977317,54.56241556455209,51.30829645926937,51.73873519897461,268265750
2021-02-01 00:00:00+05:30,52.07448107551457,55.09615963557378,51.43312497778606,54.76041793823242,210846940
2021-02-02 00:00:00+05:30,55.3544252562838,55.7848640014556,53.727364040985286,55.23820495605469,180489570
2021-02-03 00:00:00+05:30,55.517990174253534,57.188094687321424,54.85941938801271,56.22821807861328,148463810
2021-02-04 00:00:00+05:30,56.30138271143416,57.119213606078915,54.97563074051478,56.46925354003906,147649950
2021-02-05 00:00:00+05:30,56.551045304696515,59.45219828788701,56.077560050598365,58.97441101074219,291008880
2021-02-08 00:00:00+05:30,59.74489840494978,60.68325170519804,58.77210264938261,60.515380859375,214621690
2021-02-09 00:00:00+05:30,60.82099795183824,61.67756687862563,59.53829228922937,60.19255447387695,293370280
2021-02-10 00:00:00+05:30,61.1223051879329,62.37057499063755,58.543974597576785,59.42207336425781,573979190
2021-02-11 00:00:00+05:30,59.19393829025183,60.6574274019667,58.78502279444686,59.80516052246094,163407050
2021-02-12 00:00:00+05:30,59.830979881046474,60.08063511762779,58.41053084365717,58.58271026611328,147054790
2021-02-15 00:00:00+05:30,59.150894432208474,59.228376825430736,57.67879464072888,57.8638801574707,131716720
2021-02-16 00:00:00+05:30,57.86387921169692,61.00178144243619,57.532446096254446,60.19255447387695,336618380
2021-02-17 00:00:00+05:30,60.05912045729113,60.56273302504185,59.185330288291034,59.98594665527344,159574830
2021-02-18 00:00:00+05:30,60.26142607731914,61.208390030653604,59.74490088167982,60.06772994995117,148561470
2021-02-19 00:00:00+05:30,59.917074732028624,59.917074732028624,56.46926259128785,57.73905563354492,223923860
2021-02-22 00:00:00+05:30,57.928446723831236,60.08064043521756,57.751965263183806,58.93136978149414,281491090
2021-02-23 00:00:00+05:30,59.36611699659661,63.36058843347384,58.7290694278465,62.7838020324707,389070710
2021-02-24 00:00:00+05:30,63.27449678442551,64.1353742916966,61.98318052351887,62.646053314208984,216767890
2021-02-25 00:00:00+05:30,63.29171427019012,64.82408181864034,63.011931695026355,63.954593658447266,219015960
2021-02-26 00:00:00+05:30,62.41361962952603,63.842679452291755,61.217000413101324,61.56565475463867,235515910
2021-03-01 00:00:00+05:30,62.32753318047026,63.55427969424787,61.23852365326182,62.87849426269531,140586460
2021-03-02 00:00:00+05:30,62.882795686875724,63.68341202810473,62.254358787186035,63.317543029785156,111133990
2021-03-03 00:00:00+05:30,63.79101384800538,67.36365636160868,63.79101384800538,66.90308380126953,288428350
2021-03-04 00:00:00+05:30,64.65189641718499,66.02069500419502,64.01915095390257,65.25020599365234,228738220
2021-03-05 00:00:00+05:30,64.43667410993396,65.08233218030999,62.585786327927934,63.128143310546875,168819600
2021-03-08 00:00:00+05:30,64.0449832584323,64.66912474451497,63.27880275460722,63.468196868896484,106145960
2021-03-09 00:00:00+05:30,64.13537155014825,64.64759469595478,60.45511905028658,60.8425178527832,195564380
2021-03-10 00:00:00+05:30,61.544133303507856,62.83975820066824,60.523995523543185,62.370574951171875,196858600
2021-03-12 00:00:00+05:30,63.704935045502424,64.13537379580987,61.46665485749851,61.978878021240234,161214090
2021-03-15 00:00:00+05:30,62.15535007068832,63.61884569549465,61.55704049788061,63.395015716552734,155429990
2021-03-16 00:00:00+05:30,63.71355192950456,63.71355192950456,61.91431436081239,62.33184051513672,125699980
2021-03-17 00:00:00+05:30,62.40931260641243,62.499701059879065,60.317380156812746,60.64020919799805,105409590
2021-03-18 00:00:00+05:30,61.660351090423774,62.23283541750048,60.115077550405125,60.678951263427734,143206510
2021-03-19 00:00:00+05:30,60.4981586314431,63.42514300986426,58.64727096803169,63.10231399536133,246378140
2021-03-22 00:00:00+05:30,62.93876208535624,64.19134057412653,62.41362622204997,64.0062484741211,137603700
2021-03-23 00:00:00+05:30,64.22146596987422,64.51846978499677,63.128154336324556,63.80393981933594,118738960
2021-03-24 00:00:00+05:30,62.930138366856546,63.10231779240249,60.171024647234475,60.502464294433594,210302830
2021-03-25 00:00:00+05:30,61.13091102249601,62.904316510068895,59.25849989686916,62.254356384277344,367224000
2021-03-26 00:00:00+05:30,62.87849239159429,66.7093945786886,62.43083242062378,66.01638793945312,429122470
2021-03-30 00:00:00+05:30,67.14843864440918,69.73107089996338,66.9676551746772,68.87019348144531,284794680
2021-03-31 00:00:00+05:30,68.35367221917954,70.893258120598,68.0179305323608,69.89033508300781,280445850
2021-04-01 00:00:00+05:30,70.67804311802564,74.80164722929415,70.50587024111883,74.29803466796875,368420980
2021-04-05 00:00:00+05:30,74.20764343713728,75.57214015676882,72.06836216378919,74.70265197753906,305759860
2021-04-06 00:00:00+05:30,75.36982459089666,75.97243618843122,73.87620166560687,74.28081512451172,207789200
2021-04-07 00:00:00+05:30,74.85329306454194,76.18765576444204,74.43576696796556,75.3138656616211,171132080
2021-04-08 00:00:00+05:30,76.10157407878195,82.09758285273269,75.98965579768257,79.06298828125,530630560
2021-04-09 00:00:00+05:30,79.28681627966235,80.06160734172546,76.24791976154582,77.43592834472656,321790690
2021-04-12 00:00:00+05:30,75.46021526851173,76.89357707625427,72.6021022669518,73.30802154541016,221355040
2021-04-13 00:00:00+05:30,74.2076392311572,75.89496494186035,73.08850240145621,75.67113494873047,204285020
2021-04-15 00:00:00+05:30,76.79027394643232,78.46898909033987,75.71417702135354,77.32402038574219,218563570
2021-04-16 00:00:00+05:30,77.80611095678175,78.71864563013571,76.29527321416252,76.6396255493164,173985980
2021-04-19 00:00:00+05:30,74.87913450922798,77.39289545680934,74.03547159417619,76.45023345947266,191469960
2021-04-20 00:00:00+05:30,77.47897329515678,77.97397521957515,75.92939120206407,76.96244812011719,169152930
2021-04-22 00:00:00+05:30,77.47467905252202,80.80627103528148,77.2250237697872,79.32125854492188,319028150
2021-04-23 00:00:00+05:30,80.04439674043195,81.3529277142874,78.40441950591844,79.68282318115234,247523860
2021-04-26 00:00:00+05:30,80.49204337048374,82.29988474221534,80.06590665875765,80.98704528808594,212348580
2021-04-27 00:00:00+05:30,81.6370107702119,84.62425659492327,81.29265847404244,84.17229461669922,249045150
2021-04-28 00:00:00+05:30,84.79644254541233,84.88252899074674,82.81642146284732,83.62564849853516,204479680
2021-04-29 00:00:00+05:30,84.62425649668354,89.26868747885973,84.62425649668354,88.7865982055664,447186470
2021-04-30 00:00:00+05:30,88.15385488456089,90.61596499215663,87.04332215200415,89.01473236083984,281297380
2021-05-03 00:00:00+05:30,88.83825664506284,92.02780947718686,87.68037531373764,91.66193389892578,264841000
2021-05-04 00:00:00+05:30,92.49697776740778,93.54724931199436,91.0420927686306,91.5844497680664,249616280
2021-05-05 00:00:00+05:30,93.31910992597378,93.69358948701188,90.13385965801454,92.12679290771484,192498390
2021-05-06 00:00:00+05:30,90.82257745058877,97.19307234839552,89.74648056136378,94.77400207519531,464345370
2021-05-07 00:00:00+05:30,97.70960240940066,102.61660184153759,97.28777424684228,101.78585815429688,540754330
2021-05-10 00:00:00+05:30,104.16617057465488,105.80183902950452,103.30529313188914,104.71282958984375,280808840
2021-05-11 00:00:00+05:30,102.44441201723319,107.26532421033183,101.3166647093832,106.22366333007812,411083810
2021-05-12 00:00:00+05:30,106.05580833954218,107.33851403585874,100.14157727181612,101.5103759765625,308891920
2021-05-14 00:00:00+05:30,102.01398866110628,102.01398866110628,96.00506053191889,97.45994567871094,376480320
2021-05-17 00:00:00+05:30,97.96786484742341,99.70683455580007,94.99783344917131,99.07408905029297,287534300
2021-05-18 00:00:00+05:30,101.153110730446,102.99969015982924,99.60783712581389,101.58354949951172,245738800
2021-05-19 00:00:00+05:30,100.98092891200443,102.40568006062878,99.68961271910398,100.2276611328125,174350260
2021-05-20 00:00:00+05:30,97.37385246222576,97.75264065585424,94.52865212302298,95.13126373291016,284462530
2021-05-21 00:00:00+05:30,95.90175454589196,96.75402142948018,95.20013728359876,95.82427215576172,141049260
2021-05-24 00:00:00+05:30,95.38522938020726,95.46700722539728,93.15555324563407,94.00782012939453,189238420
2021-05-25 00:00:00+05:30,94.86439773199002,96.93050508657858,94.69652687887825,95.14418029785156,181137520
2021-05-26 00:00:00+05:30,93.87869722057397,94.18000304230864,92.32911504026099,93.15985870361328,154327030
2021-05-27 00:00:00+05:30,93.1598581098272,95.53588191517127,92.54433383277639,94.40813446044922,227910320
2021-05-28 00:00:00+05:30,97.36523861824887,98.44994604803415,94.47699844157202,94.9978256225586,192085810
2021-05-31 00:00:00+05:30,95.72956828588433,97.2490164354606,94.61043155951924,96.90467071533203,154286470
2021-06-01 00:00:00+05:30,96.4182812745587,96.67654715516237,93.44825648748741,94.77400207519531,176909250
2021-06-02 00:00:00+05:30,95.12696661976109,97.26194577407709,95.04088018075889,96.76693725585938,128625910
2021-06-03 00:00:00+05:30,97.24042082583432,98.11851299709615,95.81566959608554,96.5904541015625,121094770
2021-06-04 00:00:00+05:30,96.07391745101934,97.17583948274849,95.2991264699681,96.47853088378906,97133470
2021-06-07 00:00:00+05:30,97.27915566593893,99.00091063347767,96.89606544838051,97.16724395751953,122185920
2021-06-08 00:00:00+05:30,97.51159159517422,97.51159159517422,94.70082708138027,95.652099609375,108343730
2021-06-09 00:00:00+05:30,96.16001066916144,97.10698113952965,94.17568784021071,94.78260803222656,111143380
2021-06-10 00:00:00+05:30,95.49714693898449,96.91759621089398,94.94618583210648,95.94049835205078,77767640
2021-06-11 00:00:00+05:30,97.08976086472232,100.257790244744,95.82426992188047,99.71974182128906,174458560
2021-06-14 00:00:00+05:30,100.55048967899779,101.46731970515728,98.14003017042933,100.27500915527344,160312640
2021-06-15 00:00:00+05:30,100.72267212672214,102.16894665587611,99.87040520160579,101.09284973144531,97681020
2021-06-16 00:00:00+05:30,100.63657953721867,101.99245895196412,97.42120159804905,98.32511901855469,175211070
2021-06-17 00:00:00+05:30,98.4835427190021,99.79055487714014,96.43281578412227,97.1457290649414,162076870
2021-06-18 00:00:00+05:30,97.25574801136692,97.68701596399023,92.43696907958646,96.13796997070312,403470770
2021-06-21 00:00:00+05:30,94.17525812446215,97.60781560469992,93.61636569372298,97.35697174072266,130014320
2021-06-22 00:00:00+05:30,98.06548454777865,99.54412434920523,97.38777771647918,97.89826202392578,90246340
2021-06-23 00:00:00+05:30,98.61997742319228,99.24047283022132,96.62645504401401,96.8244857788086,78063360
2021-06-24 00:00:00+05:30,97.25575749745721,98.61998121620903,96.67926516767959,97.97307586669922,72394700
2021-06-25 00:00:00+05:30,99.89617652922625,102.97667536492926,99.45610526698297,102.55860900878906,180227700
2021-06-28 00:00:00+05:30,103.32873502783058,104.64894883129956,102.3605795816109,104.20887756347656,116603350
2021-06-29 00:00:00+05:30,104.25288090378906,104.91298780705903,102.58501374944031,103.20111083984375,78037590
2021-06-30 00:00:00+05:30,103.94923486697732,104.82497237333375,102.34297074537412,102.67742919921875,80432670
2021-07-01 00:00:00+05:30,103.14390717317,103.5751751407679,101.78408183546127,102.40898895263672,56149280
2021-07-02 00:00:00+05:30,102.6246195328461,102.69503254812363,99.47370760620124,99.98419189453125,75734070
2021-07-05 00:00:00+05:30,100.86433628692342,102.25496314681331,99.98419372470775,101.81929016113281,76799000
2021-07-06 00:00:00+05:30,101.97771129431479,103.68079163826543,101.23839480000639,102.73463439941406,91468350
2021-07-07 00:00:00+05:30,102.79624544024915,107.81746019821213,101.9645110158897,107.2585678100586,167456260
2021-07-08 00:00:00+05:30,107.81746201221972,108.25753328573899,103.96244007357467,104.71495819091797,124105850
2021-07-09 00:00:00+05:30,104.91298428159502,109.49853265804582,104.56093265031166,109.08045959472656,178593560
2021-07-12 00:00:00+05:30,110.10583172539614,110.76593863827617,107.23216683518818,107.98908996582031,166477750
2021-07-13 00:00:00+05:30,108.96164887679205,109.44132494835311,107.65023166056825,108.14751434326172,79155280
2021-07-14 00:00:00+05:30,108.42916271505344,109.8153845649638,107.28937970824228,109.55134582519531,83413880
2021-07-15 00:00:00+05:30,109.67456296307107,111.40844484942893,108.93523973421304,110.54150390625,96555510
2021-07-16 00:00:00+05:30,111.31163166656675,112.77267155285105,110.8143489667843,112.5218276977539,84969250
2021-07-19 00:00:00+05:30,110.80994670823615,113.61759683400608,110.34347223820015,111.46125030517578,89046290
2021-07-20 00:00:00+05:30,111.95412471844357,111.98053463433654,107.81745760253227,108.55237579345703,85799400
2021-07-22 00:00:00+05:30,109.92980888327784,112.47781868153298,109.84179596883065,112.04215240478516,78940240
2021-07-23 00:00:00+05:30,112.60103279222217,114.0224678175529,112.1301600289203,112.78146362304688,86418650
2021-07-26 00:00:00+05:30,113.45036681929109,115.14464387663185,112.48661638887216,114.23809814453125,86784330
2021-07-27 00:00:00+05:30,115.73874752481152,117.45502284395035,115.12704199457845,117.11617279052734,103413820
2021-07-28 00:00:00+05:30,117.23498461065701,120.57512396596536,114.96421522710595,120.13945770263672,128351250
2021-07-29 00:00:00+05:30,121.01960167509826,130.41951774430564,120.40350457073423,128.37759399414062,300610410
2021-07-30 00:00:00+05:30,128.1179356298553,129.6185800923028,125.66673572653607,126.23882293701172,140492650
2021-08-02 00:00:00+05:30,127.26862106151118,127.356627260612,123.70404096513732,124.10450744628906,97689200
2021-08-03 00:00:00+05:30,124.45215873678792,125.05506770118343,122.37063007509038,123.85366821289062,86405600
2021-08-04 00:00:00+05:30,124.98024093415427,127.44464273714763,123.66882371212006,124.64578247070312,112894350
2021-08-05 00:00:00+05:30,124.56657587173567,127.62067163985462,122.11978062089537,127.32142639160156,162217990
2021-08-06 00:00:00+05:30,127.5326341225922,128.23675076023451,125.50831725549376,125.75914764404297,96740250
2021-08-09 00:00:00+05:30,126.21243599752817,127.02657054032166,123.6952277733252,124.29373168945312,78594930
2021-08-10 00:00:00+05:30,124.27612947317108,124.80422039255356,120.33309447948776,120.8963851928711,84516230
2021-08-11 00:00:00+05:30,122.33982042302647,125.8339875915158,121.82933610751383,125.52593231201172,145353570
2021-08-12 00:00:00+05:30,126.38847972697226,127.15419947319535,124.6765959643168,126.33126831054688,109431080
2021-08-13 00:00:00+05:30,123.66002510264828,129.96184882216073,122.39702272458463,128.64602661132812,289698720
2021-08-16 00:00:00+05:30,130.6131543040202,135.05787704636154,129.57459249958418,133.72886657714844,271144880
2021-08-17 00:00:00+05:30,133.72884546820165,135.01384591932597,131.2952521408581,132.34701538085938,189709230
2021-08-18 00:00:00+05:30,132.85312574528524,133.68485348456161,130.98282279712384,132.0609893798828,123317450
2021-08-20 00:00:00+05:30,127.18500721904809,127.35662803778335,119.94582916081619,121.0724105834961,273400690
2021-08-23 00:00:00+05:30,123.39598452163563,124.0824946456875,115.36468364239518,119.58057403564453,229257290
2021-08-24 00:00:00+05:30,121.63569673286644,124.98024108159522,121.19562546145237,123.62921905517578,176075790
2021-08-25 00:00:00+05:30,124.8042171058774,125.50833383654138,121.5256807133627,122.357421875,125650100
2021-08-26 00:00:00+05:30,122.37501064297187,122.757883922083,120.13945454089472,121.02400207519531,91578980
2021-08-27 00:00:00+05:30,121.3716553959749,122.73148748903427,121.09442176671557,121.8249282836914,73940810
2021-08-30 00:00:00+05:30,123.13193128149989,127.18059218316988,123.04392508879941,126.79332733154297,134443870
2021-08-31 00:00:00+05:30,127.18060020466402,128.41279441945812,126.03641218812109,127.64266967773438,247521080
2021-09-01 00:00:00+05:30,127.73068654686628,128.10474981360557,123.83605310829262,124.2057113647461,88128970
2021-09-02 00:00:00+05:30,124.18810934609057,126.03640049683202,124.1000897260945,125.4291000366211,61480460
2021-09-03 00:00:00+05:30,125.68435761069733,127.88030895414289,124.6677940496696,127.06178283691406,84523820
2021-09-06 00:00:00+05:30,127.35661342209686,127.792293079476,125.25747845439139,126.47647094726562,69586760
2021-09-07 00:00:00+05:30,127.09257339017661,128.4127871584814,125.03744814493118,125.74595642089844,63527170
2021-09-08 00:00:00+05:30,125.50833318007561,126.97376461874505,124.8570228573839,125.84718322753906,46762240
2021-09-09 00:00:00+05:30,124.98022368098734,127.79228516016516,124.98022368098734,127.35660552978516,53130300
2021-09-13 00:00:00+05:30,127.35662040728214,129.55697671504413,126.43246807204028,128.80445861816406,56702080
2021-09-14 00:00:00+05:30,129.90903642569614,129.90903642569614,127.53264096737176,127.82308959960938,55037670
2021-09-15 00:00:00+05:30,127.82309546852751,128.82645741236777,127.12778878117972,128.0695343017578,44174640
2021-09-16 00:00:00+05:30,128.50081176649886,129.54818354543596,125.97040194575443,126.45448303222656,56067970
2021-09-17 00:00:00+05:30,126.47648729478787,126.76693596061267,119.69939204860616,121.97895812988281,195720300
2021-09-20 00:00:00+05:30,118.81924021189639,118.98646943949858,109.78457778038818,110.29065704345703,282384120
2021-09-21 00:00:00+05:30,110.72193913753068,114.14569323305705,108.51277938378695,113.73202514648438,255935400
2021-09-22 00:00:00+05:30,114.36572541689605,116.00279110168891,112.9310887587969,114.92901611328125,111242470
2021-09-23 00:00:00+05:30,117.05894975973798,117.89069084912376,114.95100476120895,116.06438446044922,99462510
2021-09-24 00:00:00+05:30,116.17882015050198,116.5308718092971,110.76154366408916,111.96293640136719,132866160
2021-09-27 00:00:00+05:30,111.95412140850438,113.42395774689798,110.99037102796954,111.82210540771484,86688770
2021-09-28 00:00:00+05:30,112.08175253278966,114.13687783747808,111.1620051925234,112.74185943603516,81007360
2021-09-29 00:00:00+05:30,111.77809782114538,115.28106122083516,111.53165899483004,114.02685546875,94945770
2021-09-30 00:00:00+05:30,114.68257833028368,115.86196613829004,112.99709780601286,113.44157409667969,75145680
2021-10-01 00:00:00+05:30,112.21816505380579,115.38668332140598,111.33802258279555,114.22929382324219,90374700
2021-10-04 00:00:00+05:30,114.22930165763549,116.86091923130374,112.69344380804847,116.5440673828125,96902370
2021-10-05 00:00:00+05:30,115.65072171047846,117.29659735456826,115.3118716751792,115.90156555175781,57952160
2021-10-06 00:00:00+05:30,116.17002154146677,116.93574127249502,112.05535237996533,112.64944458007812,86316930
2021-10-07 00:00:00+05:30,113.97844841003581,115.01701006502232,112.97068153437588,113.46796417236328,46033670
2021-10-08 00:00:00+05:30,114.59455709829473,118.2955581253438,114.09727440973873,114.5197525024414,107220150
2021-10-11 00:00:00+05:30,114.85859895228874,116.82571802326568,114.24250187377552,115.580322265625,63496580
2021-10-12 00:00:00+05:30,115.58032059302478,117.49902481404392,114.85859729013282,116.97974395751953,60970190
2021-10-13 00:00:00+05:30,116.66290652619915,121.15603082394799,116.00719114443741,119.19770812988281,132857180
2021-10-14 00:00:00+05:30,120.93157744062928,122.3926172538286,119.17129239241105,121.02400207519531,82273710
2021-10-18 00:00:00+05:30,124.8042027055113,125.39830154814442,122.43661735466301,124.19249725341797,109232300
2021-10-19 00:00:00+05:30,125.06826078415088,125.55673344936201,119.48375527210628,120.30668640136719,87569240
2021-10-20 00:00:00+05:30,120.75554252009721,121.10760756115018,116.76409325093117,118.22953796386719,69757740
2021-10-21 00:00:00+05:30,119.40892943347147,119.51015065410263,113.51197746476234,115.71233367919922,83575730
2021-10-22 00:00:00+05:30,116.1788166454466,116.58807970817841,111.86611680576861,114.0884780883789,80712890
2021-10-25 00:00:00+05:30,114.5945542339727,115.8267618286919,111.53606029818603,113.8288345336914,64185010
2021-10-26 00:00:00+05:30,114.68257163954561,118.90725836986437,114.54615062500662,118.2603530883789,77228750
2021-10-27 00:00:00+05:30,118.46719151514519,118.96886578048988,116.28883335191566,116.72010803222656,72418040
2021-10-28 00:00:00+05:30,115.72994060191394,115.82235180279552,113.6351971825407,114.3833236694336,93076820
2021-10-29 00:00:00+05:30,113.56037695146108,117.38459706243796,113.53837876164889,115.82234954833984,79147600
2021-11-01 00:00:00+05:30,117.9391087253238,120.8347719781507,117.05896612289602,120.13066864013672,96875330
2021-11-02 00:00:00+05:30,120.57952469568089,120.57952469568089,115.36908261239091,115.61992645263672,72161370
2021-11-03 00:00:00+05:30,116.6012782656217,117.23498195972093,115.47469690498065,116.71129608154297,57302440
2021-11-04 00:00:00+05:30,117.14698618241658,117.49903785270773,116.53968563574053,116.69810485839844,6744340
2021-11-08 00:00:00+05:30,118.0183093995126,118.61240829714572,114.95541713537409,118.22514343261719,54936670
2021-11-09 00:00:00+05:30,118.18994976087987,119.72579426777892,116.95774208903222,117.58264923095703,47565160
2021-11-10 00:00:00+05:30,116.8829351091266,116.9709413075235,113.28315524788731,114.29090881347656,118804170
2021-11-11 00:00:00+05:30,114.84979811376162,116.57486986979134,113.39316337026224,114.3833236694336,136638600
2021-11-12 00:00:00+05:30,117.9390948826961,117.9390948826961,111.87491360092397,113.29634857177734,232395580
2021-11-15 00:00:00+05:30,113.97846341559934,114.33051507349052,109.26970198427793,109.61735534667969,121082150
2021-11-16 00:00:00+05:30,109.61734695489125,110.99037383238316,107.70304103057718,108.15190887451172,123148800
2021-11-17 00:00:00+05:30,107.81746314387343,108.90883803346895,106.946123893347,107.38179016113281,87802040
2021-11-18 00:00:00+05:30,107.69423822915606,108.10790628389546,104.032842158654,104.43771362304688,101083510
2021-11-22 00:00:00+05:30,104.56973689389287,105.33546334938059,100.86433746932236,102.54100799560547,96210010
2021-11-23 00:00:00+05:30,102.80504556110726,106.40923019333418,102.5498034288727,104.91738891601562,93829630
2021-11-24 00:00:00+05:30,105.65230670794213,105.87674062848797,103.07788720453466,103.72479248046875,67671010
2021-11-25 00:00:00+05:30,103.85681258172436,104.43770984137645,102.62461176742492,103.29792022705078,47502860
2021-11-26 00:00:00+05:30,101.91171003567436,102.05252935654809,97.36577280901156,97.89826202392578,106455260
2021-11-29 00:00:00+05:30,97.89826096958518,100.07220747589946,94.61972452591493,98.1138916015625,93929910
2021-11-30 00:00:00+05:30,97.77943368092274,99.27127497376358,93.5591519372905,94.28086853027344,133559840
2021-12-01 00:00:00+05:30,96.11156538773383,96.55163667012265,93.86720587652384,95.27983093261719,93791140
2021-12-02 00:00:00+05:30,95.31943666911907,98.22390292772121,94.52730706588049,97.90705108642578,91286810
2021-12-03 00:00:00+05:30,98.13589503782283,99.8257671345083,97.01371193543075,98.39994049072266,100737840
2021-12-06 00:00:00+05:30,98.04788021231298,100.4242623822303,97.00931174743293,97.59020233154297,82159400
2021-12-07 00:00:00+05:30,98.67277933170286,101.7048700714632,98.66397602623732,101.11077117919922,85053900
2021-12-08 00:00:00+05:30,102.00852175692168,103.59277430038266,101.12837921668068,103.24072265625,74485010
2021-12-09 00:00:00+05:30,104.03284746423972,104.03284746423972,102.00852361380896,103.57957458496094,52123940
2021-12-10 00:00:00+05:30,103.28031927962803,104.64013778501965,102.76543674015804,103.8568115234375,48121300
2021-12-13 00:00:00+05:30,104.56093075767565,105.52908615608935,102.24175341057838,102.56300354003906,53537780
2021-12-14 00:00:00+05:30,102.00411823291239,103.67199213134565,100.95234815059766,102.73023986816406,53522640
2021-12-15 00:00:00+05:30,102.98107213430642,103.46955149675689,101.12837590808797,101.57284545898438,44308330
2021-12-16 00:00:00+05:30,102.44859481726522,102.87105948358857,100.6487049026096,101.49803924560547,42460080
2021-12-17 00:00:00+05:30,101.56844437164419,101.9953140151568,99.01602981562824,99.64093017578125,47435020
2021-12-20 00:00:00+05:30,98.31191750100038,98.32952411190081,93.82759697009692,94.43489074707031,73526500
2021-12-21 00:00:00+05:30,95.93553220428055,98.95002294347019,95.49546095563706,97.2645492553711,70268490
2021-12-22 00:00:00+05:30,98.13588966199995,99.54411633209607,97.69581840791027,99.35488891601562,43669170
2021-12-23 00:00:00+05:30,100.16021828056843,100.93474125618344,98.59355900416881,99.249267578125,46214780
2021-12-24 00:00:00+05:30,99.46050627743817,99.7597582357094,97.15453709790259,98.17549896240234,40936300
2021-12-27 00:00:00+05:30,97.7882397156797,98.98963240080359,97.02251328963612,98.73439025878906,27588510
2021-12-28 00:00:00+05:30,99.19206267622943,99.58813085261129,98.75199140133053,99.23167419433594,28807810
2021-12-29 00:00:00+05:30,98.57596409574468,99.16125968835773,97.51979573784357,98.24591064453125,41935200
2021-12-30 00:00:00+05:30,98.39113722248896,99.19206345733552,96.72766832746822,96.90369415283203,41140930
2021-12-31 00:00:00+05:30,97.25575156282638,98.8840139337832,97.04891752683122,97.82344055175781,36870210
2022-01-03 00:00:00+05:30,98.13589380780604,101.30440562811646,98.13589380780604,100.55188751220703,38658030
2022-01-04 00:00:00+05:30,101.48043614425139,102.0701300263053,100.02819963034854,101.11077117919922,59757310
2022-01-05 00:00:00+05:30,100.95234345321488,103.92722944172284,100.44626419473252,103.64558410644531,61861760
2022-01-06 00:00:00+05:30,103.15270069403846,104.12086283834016,101.70486920271287,102.38257598876953,53354000
2022-01-07 00:00:00+05:30,102.5541975143549,103.32872718450245,101.0271565086798,102.12733459472656,39738570
2022-01-10 00:00:00+05:30,102.53660213566924,103.27591861887706,101.5552451198799,102.89305877685547,38225000
2022-01-11 00:00:00+05:30,101.97770501984324,102.33416164444952,97.95985922569064,99.47810363769531,96978850
2022-01-12 00:00:00+05:30,100.32304254575148,101.28679964944072,99.66733397144927,100.9699478149414,50358430
2022-01-13 00:00:00+05:30,101.5684458817619,107.86146610215496,101.40561495303076,107.47859954833984,157231160
2022-01-14 00:00:00+05:30,106.7612957677632,107.93188027526946,106.15399524942752,106.81410217285156,52679070
2022-01-17 00:00:00+05:30,106.93731814076168,109.57774574917553,104.76777001235985,108.23552703857422,89696070
2022-01-18 00:00:00+05:30,108.25752630492113,108.5875797387776,104.7369563437855,105.16382598876953,58408970
2022-01-19 00:00:00+05:30,105.26504179405774,107.45659474172378,104.12086057154072,106.4620361328125,73043210
2022-01-20 00:00:00+05:30,106.50605433390363,107.72945196967365,105.35306300040624,106.20680236816406,59205970
2022-01-21 00:00:00+05:30,105.61711019384154,105.99557177396767,101.77528969072796,102.95027923583984,71662670
2022-01-24 00:00:00+05:30,102.09653016630165,102.4177802991377,95.9355326562662,96.7452621459961,83920760
2022-01-25 00:00:00+05:30,96.34920785058263,98.66398038360884,95.67589932425673,97.61661529541016,57330630
2022-01-27 00:00:00+05:30,95.93553804739513,97.1193308527397,93.40952650894698,95.79031372070312,90566560
2022-01-28 00:00:00+05:30,97.33056531056245,99.08204714490735,95.13901219115921,95.46466064453125,78648930
2022-01-31 00:00:00+05:30,97.68702165022735,98.10068973119095,95.09940706891115,95.54387664794922,55709390
2022-02-01 00:00:00+05:30,97.24694620646763,103.36833911086771,95.61868386984672,102.74343872070312,170752680
2022-02-02 00:00:00+05:30,103.84801240047096,103.84801240047096,101.94690807932903,102.75663757324219,75247340
2022-02-03 00:00:00+05:30,101.48043483956897,104.0064395643814,100.89073425014195,102.67742919921875,65140900
2022-02-04 00:00:00+05:30,103.31113043844277,105.41907561293999,102.99868359254876,103.53116607666016,93174180
2022-02-07 00:00:00+05:30,102.82705426369687,106.90211179477899,102.18454725676692,104.12086486816406,145105250
2022-02-08 00:00:00+05:30,105.17702860353616,107.58861716999068,103.10869507440728,107.34217834472656,140839840
2022-02-09 00:00:00+05:30,108.34554996510047,108.60959542437594,106.33442766695838,107.584228515625,73520600
2022-02-10 00:00:00+05:30,108.25752841595775,110.39187668249804,107.90547006998814,109.87258911132812,93920570
2022-02-11 00:00:00+05:30,109.0496586633933,111.33362955817701,108.53037108913887,110.40947723388672,96762260
2022-02-14 00:00:00+05:30,107.38618697263861,108.05949543958722,103.86561701632515,104.45970916748047,80216130
2022-02-15 00:00:00+05:30,105.33985835821564,106.67327377680408,101.35281370343,106.2992172241211,101889210
2022-02-16 00:00:00+05:30,106.93731611882113,107.19255825526965,104.42891128124708,104.8953857421875,66092140
2022-02-17 00:00:00+05:30,105.71392369232368,106.45324022145827,104.39810814433535,104.8205795288086,56557920
2022-02-18 00:00:00+05:30,104.47292219626148,106.05718153589167,104.12087053408146,104.80738067626953,47251200
2022-02-21 00:00:00+05:30,104.56093819689087,105.79313240165493,103.36394378515884,104.01964569091797,49787320
2022-02-22 00:00:00+05:30,101.92051538503422,102.6818368510012,98.50996282278183,100.22183990478516,93858570
2022-02-23 00:00:00+05:30,101.04036724644672,101.44523201293276,99.80816633564523,100.24823760986328,49608380
2022-02-24 00:00:00+05:30,96.28759059855875,98.57156145465345,93.92000513078362,94.52730560302734,121268670
2022-02-25 00:00:00+05:30,96.61323621905422,101.27799400770748,96.42840710568626,100.80712127685547,92128860
2022-02-28 00:00:00+05:30,99.80816504220897,107.81746078619233,99.38569366985445,107.44339752197266,176054460
2022-03-02 00:00:00+05:30,107.4434070371573,114.38334015138219,107.24978130242509,113.48118591308594,248475320
2022-03-03 00:00:00+05:30,114.94661134222054,116.94013348896473,113.85963486035907,114.70896911621094,174503380
2022-03-04 00:00:00+05:30,114.62977386382241,116.16561836044427,112.04215254315858,112.40300750732422,162829230
2022-03-07 00:00:00+05:30,112.2973863398763,114.57695235385064,111.25002125654301,113.70561981201172,110400010
2022-03-08 00:00:00+05:30,113.80243305235508,113.89043924836645,109.4897332654722,111.73409271240234,91078220
2022-03-09 00:00:00+05:30,112.12136157542656,112.37660372679505,109.8946019453297,110.48870086669922,69348880
2022-03-10 00:00:00+05:30,110.70873258411163,115.63313116833801,109.22568783848406,115.18424987792969,136740620
2022-03-11 00:00:00+05:30,115.73875228421743,117.93031220026045,114.08407989315313,114.56816101074219,118822990
2022-03-14 00:00:00+05:30,114.85858899256579,115.44828281871644,112.45579716480823,114.15447235107422,52780820
2022-03-15 00:00:00+05:30,113.69679843927635,113.80242466858165,108.0814985828361,108.58757781982422,96143130
2022-03-16 00:00:00+05:30,109.57774873016788,111.88372465496559,109.15527734674855,111.36003875732422,63024510
2022-03-17 00:00:00+05:30,112.21817656623692,115.9851856542245,111.87492150452482,114.72218322753906,106239760
2022-03-21 00:00:00+05:30,115.1226455253826,117.41100804375544,113.93444773879207,114.67816925048828,84227630
2022-03-22 00:00:00+05:30,116.17881027617354,117.05895277826576,113.36674853563267,114.59455108642578,81795880
2022-03-23 00:00:00+05:30,116.53086215951303,118.62560561663759,113.74521704346805,117.14697265625,130552380
2022-03-24 00:00:00+05:30,117.1425733919392,119.65537660377683,116.70250211834684,118.86764526367188,94605270
2022-03-25 00:00:00+05:30,119.25050800042857,120.22746667854958,117.37139523332854,117.8466796875,69457440
2022-03-28 00:00:00+05:30,117.93909088640234,119.2593045903546,116.84770938970148,117.8466796875,46554910
2022-03-29 00:00:00+05:30,118.29114703392108,118.48038787880105,116.79490746476888,117.46821594238281,43202370
2022-03-30 00:00:00+05:30,117.49903539670638,117.5474367926478,114.41853634136201,115.12704467773438,58483160
2022-03-31 00:00:00+05:30,115.12265148193607,116.2184246901062,114.42733132702136,115.05223846435547,40067950
2022-04-01 00:00:00+05:30,115.29867684954158,118.01831417189821,114.8982103679788,115.923583984375,55321590
2022-04-04 00:00:00+05:30,115.92358859749102,119.17130353396512,115.69035134399267,118.10633850097656,69670320
2022-04-05 00:00:00+05:30,118.68281578279145,119.5233534768939,116.99294380440588,118.37036895751953,63296420
2022-04-06 00:00:00+05:30,118.81925272395691,122.04937450123373,118.53760064151346,120.64554595947266,114097540
2022-04-07 00:00:00+05:30,121.19562233811621,121.54768740412004,118.02711732353622,118.77523040771484,55650640
2022-04-08 00:00:00+05:30,119.78300995933294,121.45527555163186,119.36934185693818,120.64554595947266,52287710
2022-04-11 00:00:00+05:30,120.64115176017566,121.81172959143068,119.08329560901173,119.51455688476562,44778820
2022-04-12 00:00:00+05:30,119.08328816548523,119.69498024629493,114.07527497177458,116.20081329345703,69191680
2022-04-13 00:00:00+05:30,117.49463008356317,118.46719730949492,115.73874992411079,116.13481140136719,44937800
2022-04-18 00:00:00+05:30,117.22618249089403,119.52774654831349,116.95773204308479,117.8598861694336,80700420
2022-04-19 00:00:00+05:30,119.04807475823038,120.28467394872129,115.21065275847694,116.75971221923828,64772190
2022-04-20 00:00:00+05:30,117.03254030924607,117.62663913709063,114.6869532061793,115.67272186279297,54100210
2022-04-21 00:00:00+05:30,115.82676358082104,116.42084905111071,113.17313436118074,114.60775756835938,66690280
2022-04-22 00:00:00+05:30,114.55936021727986,115.43509777749244,112.10815993487768,112.44261169433594,55848230
2022-04-25 00:00:00+05:30,110.01782265520302,111.15760568632172,106.74369117859138,107.408203125,72310460
2022-04-26 00:00:00+05:30,108.69760601772202,109.28729992056098,107.81746345887407,108.57438659667969,44812710
2022-04-27 00:00:00+05:30,107.99348179140993,110.45788347117079,106.5324487368743,109.72736358642578,71209740
2022-04-28 00:00:00+05:30,110.85394956853646,111.6592807936473,109.40171975812657,110.97277069091797,51295830
2022-04-29 00:00:00+05:30,111.60207779960649,113.6880113413043,111.39524376357964,111.87052154541016,57173520
2022-05-02 00:00:00+05:30,110.6339049469823,114.66055403045817,109.90779010076668,113.99605560302734,54426170
2022-05-04 00:00:00+05:30,116.8213112336613,117.058953471007,110.41387485490417,111.01677703857422,138374020
2022-05-05 00:00:00+05:30,112.65823960926095,115.8707543511553,112.48221379585321,113.03230285644531,87338160
2022-05-06 00:00:00+05:30,111.60206999820007,113.53838078293508,109.40171378147652,112.98388671875,69256760
2022-05-09 00:00:00+05:30,110.89796265766985,112.14776348238141,109.48973590342057,110.21585083007812,50552970
2022-05-10 00:00:00+05:30,110.10582923964948,110.42707938314456,101.96891584148494,102.52780151367188,145537420
2022-05-11 00:00:00+05:30,103.41674600726498,104.81616938963191,98.87520738495925,102.59821319580078,107063150
2022-05-12 00:00:00+05:30,101.82369924140399,102.30777364099811,97.07973117864177,98.37353515625,94191610
2022-05-13 00:00:00+05:30,99.89618014218077,101.37481990539449,96.11156446402812,96.5516357421875,82924410
2022-05-16 00:00:00+05:30,98.48794948523158,99.87857628059851,96.28759318178564,97.12372589111328,62665270
2022-05-17 00:00:00+05:30,98.92802017983527,105.37066313086076,98.16669878338668,104.62254333496094,112876010
2022-05-18 00:00:00+05:30,105.35305701954844,106.40923207313801,103.41674616039938,103.87882232666016,81575800
2022-05-19 00:00:00+05:30,101.30440318687683,101.64765823409965,98.15349133882442,98.76519012451172,66545630
2022-05-20 00:00:00+05:30,102.30337267196958,103.71599774349839,100.44187300731208,103.02948760986328,65527500
2022-05-23 00:00:00+05:30,96.55163413409807,96.55163413409807,88.1506751855444,90.0341796875,273883460
2022-05-24 00:00:00+05:30,90.74268324404055,91.52600947001065,88.19026885252998,88.57313537597656,123116660
2022-05-25 00:00:00+05:30,88.57313764102352,89.62930589867985,87.29252876027356,87.9350357055664,99343400
2022-05-26 00:00:00+05:30,88.63034691580302,93.95961001298913,87.59618350900506,92.59098815917969,150536730
2022-05-27 00:00:00+05:30,93.51515255535735,93.96842546348807,90.83071490190382,91.84288024902344,74772200
2022-05-30 00:00:00+05:30,93.20709238593116,93.62955702688447,91.8428688206618,92.1905288696289,72701590
2022-05-31 00:00:00+05:30,91.97489277725131,94.34247829035068,91.27077607957764,92.91224670410156,121248850
2022-06-01 00:00:00+05:30,93.77917908083433,94.96737002440433,92.70540423636456,93.60755157470703,94055290
2022-06-02 00:00:00+05:30,93.97722391251155,95.47346359008085,93.21590247242138,95.19181823730469,79177040
2022-06-03 00:00:00+05:30,96.11156863827507,96.18198165742785,93.73518631898702,93.9376220703125,53954860
2022-06-06 00:00:00+05:30,93.73517618021026,95.31063205983179,92.34454941965659,94.8881607055664,57262490
2022-06-07 00:00:00+05:30,93.91120542669586,95.18741612636575,93.60756189388496,94.04322814941406,43341570
2022-06-08 00:00:00+05:30,95.14340438212625,95.83871777370102,94.53170560374056,95.64949035644531,64734340
2022-06-09 00:00:00+05:30,94.61092370628948,95.69349525811876,91.64044266670571,91.9616928100586,98547810
2022-06-10 00:00:00+05:30,90.65468423720328,90.77790365916427,88.951610521921,90.1001968383789,95225630
2022-06-13 00:00:00+05:30,88.3927169475953,89.07042375944782,87.13411282705083,87.30574035644531,82235750
2022-06-14 00:00:00+05:30,86.9800863477483,89.22005428026496,86.74245080964839,87.67539978027344,77202600
2022-06-15 00:00:00+05:30,88.49171205980015,90.37481650886903,88.18559797727676,89.01119232177734,92443330
2022-06-16 00:00:00+05:30,90.44439362599907,90.44439362599907,83.32015802959792,83.64482879638672,122741050
2022-06-17 00:00:00+05:30,83.30159730456558,86.0288384580715,83.06968863398191,84.10863494873047,121290260
2022-06-20 00:00:00+05:30,83.95094402908204,83.95094402908204,78.16714085492826,79.90645599365234,139866890
2022-06-21 00:00:00+05:30,81.16804038301835,83.06969444576565,80.1476435765187,82.0771255493164,124526970
2022-06-22 00:00:00+05:30,80.97787135391077,81.06136215907756,77.5224334301123,77.74506378173828,109877390
2022-06-23 00:00:00+05:30,77.92131829557525,79.40089684081619,76.71539030056049,78.04190826416016,111515840
2022-06-24 00:00:00+05:30,78.84895534954855,80.2172152180971,78.35266735113082,79.11333465576172,85433810
2022-06-27 00:00:00+05:30,80.75061392090963,81.52518814642086,80.05952343210754,80.50479125976562,72814730
2022-06-28 00:00:00+05:30,80.33317354290502,82.04002528225838,79.8137003113719,81.52982330322266,84647330
2022-06-29 00:00:00+05:30,80.70422891367326,82.44817981823557,80.56508227594992,81.78028869628906,72318470
2022-06-30 00:00:00+05:30,81.77100443729857,82.97692536311192,80.08270947932671,80.43057250976562,84672090
2022-07-01 00:00:00+05:30,80.42129684197673,81.16804312178886,79.69310722101865,80.9686050415039,54761890
2022-07-04 00:00:00+05:30,80.56508168427469,80.81554704579568,78.2274450813997,79.27103424072266,77554410
2022-07-05 00:00:00+05:30,79.9621069780822,81.55763976789049,79.5725021091172,79.79049682617188,79058290
2022-07-06 00:00:00+05:30,79.63280837962893,79.87863102878165,77.74043258965365,79.60498046875,81439710
2022-07-07 00:00:00+05:30,80.42593164275685,84.09472885276449,79.63744350455171,83.48712921142578,111007940
2022-07-08 00:00:00+05:30,85.14759658918075,85.14759658918075,81.67824452280796,82.17916107177734,112000630
2022-07-11 00:00:00+05:30,82.11423004513257,86.17727503141185,81.17268128171213,84.66986846923828,150193340
2022-07-12 00:00:00+05:30,83.94166714146851,84.96670666149996,82.89344241435575,83.68193054199219,100175050
2022-07-13 00:00:00+05:30,84.03907500009912,84.80437087154874,83.54742969336985,83.9370346069336,70135110
2022-07-14 00:00:00+05:30,84.41476454160028,84.50752660366018,83.02331237882665,84.22924041748047,74498580
2022-07-15 00:00:00+05:30,83.95094022061019,84.44258547848587,81.39994479954193,81.9843521118164,81253510
2022-07-18 00:00:00+05:30,83.20884031478978,84.22924427606907,82.76821519185118,83.88601684570312,73060810
2022-07-19 00:00:00+05:30,83.57989448888148,85.51865491091645,83.57989448888148,85.2913818359375,85341580
2022-07-20 00:00:00+05:30,86.8219772971343,87.01214412324215,85.82476567454131,86.12625122070312,77088650
2022-07-21 00:00:00+05:30,86.27003916444289,87.09099797039147,85.7598371771772,86.6689224243164,50877140
2022-07-22 00:00:00+05:30,87.429574345739,87.56872097235761,86.45555503670013,86.83125305175781,48608940
2022-07-25 00:00:00+05:30,86.73385301419852,89.50284343329504,86.60398470955846,89.11787414550781,99635630
2022-07-26 00:00:00+05:30,90.16609668660347,90.60208616025855,87.75889040675514,88.07891845703125,126264690
2022-07-27 00:00:00+05:30,88.21806703247123,89.19672201811353,87.53161927014375,88.99728393554688,52559020
2022-07-28 00:00:00+05:30,91.00096428267699,94.61874109286232,90.11971413282662,93.08814239501953,137156107
2022-07-29 00:00:00+05:30,95.54638094063772,101.3904827999623,94.75789280464417,99.8134994506836,166959934
2022-08-01 00:00:00+05:30,102.50364403141013,103.38489424872726,98.4684341207451,100.41646575927734,125365761
2022-08-02 00:00:00+05:30,100.1845623265917,100.1845623265917,97.72632859478635,99.25692749023438,64935371
2022-08-03 00:00:00+05:30,99.25691438358557,100.60198188777375,98.32927966972028,99.30329895019531,61428846
2022-08-04 00:00:00+05:30,99.72074112946494,101.5760107318736,98.37567349863542,99.90626525878906,79526154
2022-08-05 00:00:00+05:30,99.85988965104558,101.3441039455448,99.34968766983083,99.58159637451172,54469112
2022-08-08 00:00:00+05:30,100.0454078595798,100.32370111963424,98.97862646575992,99.44244384765625,41384943
2022-08-10 00:00:00+05:30,100.09179327662683,101.9470628199293,98.79310318085676,101.29771423339844,73880698
2022-08-11 00:00:00+05:30,102.31811435644234,102.6427850990433,100.74113105663692,101.20494842529297,75321498
2022-08-12 00:00:00+05:30,101.43685704237731,104.72996318856882,100.9266621835687,104.49805450439453,95942333
2022-08-16 00:00:00+05:30,105.47206486193298,105.47206486193298,103.06021600473153,104.82272338867188,69207437
2022-08-17 00:00:00+05:30,105.28654435899523,105.28654435899523,104.12700091891818,104.3589096069336,54008422
2022-08-18 00:00:00+05:30,104.35891175620863,104.82272914179177,103.33851492338403,104.4052963256836,49396425
2022-08-19 00:00:00+05:30,104.40529134611646,104.7299620850813,101.62238716534702,102.0862045288086,57134813
2022-08-22 00:00:00+05:30,101.57600016965507,101.66876222467141,97.12335075595921,97.44802856445312,74037526
2022-08-23 00:00:00+05:30,96.65953982941781,100.416463464311,96.01019832384469,99.8134994506836,70531639
2022-08-24 00:00:00+05:30,99.76711991587646,100.32369934886982,98.0973745396049,98.83948516845703,55686404
2022-08-25 00:00:00+05:30,99.30330602844082,100.09179417597075,98.09737798354205,98.56119537353516,42186335
2022-08-26 00:00:00+05:30,99.48883430809776,101.29771937369183,99.34968766983083,99.58159637451172,71257092
2022-08-29 00:00:00+05:30,96.52040100527566,98.00461522728945,95.77829035562293,97.26250457763672,59895805
2022-08-30 00:00:00+05:30,98.79309949110602,100.6483689651174,98.37566669037001,100.46284484863281,67401780
2022-09-01 00:00:00+05:30,99.25691971374569,99.9526457865056,98.23652288915616,98.7003402709961,52454732
2022-09-02 00:00:00+05:30,99.25692307892568,99.25692307892568,97.40165348866539,97.86547088623047,45601352
2022-09-05 00:00:00+05:30,98.37566594769045,99.53520936019368,98.1437572651898,99.16415405273438,40352735
2022-09-06 00:00:00+05:30,99.62797575006236,100.92666584399784,98.37567022556058,100.74113464355469,59505849
2022-09-07 00:00:00+05:30,99.76712195873787,101.0194274779384,99.34968206747662,99.8134994506836,43945660
2022-09-08 00:00:00+05:30,100.55561128375055,100.55561128375055,97.72632238181642,98.19013977050781,71228405
2022-09-09 00:00:00+05:30,99.25692293589505,99.58159369826437,97.86547074520493,98.05099487304688,63647166
2022-09-12 00:00:00+05:30,99.07139416624686,100.1381684672941,98.79310091023102,99.95264434814453,40838533
2022-09-13 00:00:00+05:30,100.18455303572723,100.8338945300422,99.76712022899495,99.95264434814453,44179394
2022-09-14 00:00:00+05:30,98.60757750199815,102.41087859031627,98.14376012348883,101.25133514404297,86379872
2022-09-15 00:00:00+05:30,100.7875263856824,101.11219716294903,98.79311007205571,99.25692749023438,62926791
2022-09-16 00:00:00+05:30,98.51481226994359,99.72074033279175,97.40165334830822,98.05099487304688,107967267
2022-09-19 00:00:00+05:30,98.51480345608951,98.51480345608951,95.5463752124446,95.6391372680664,51146568
2022-09-20 00:00:00+05:30,96.65953939965577,98.65395555403664,96.47401527811449,98.14376068115234,52140254
2022-09-21 00:00:00+05:30,98.14376157696408,99.44244459419,96.7523094208292,96.89144897460938,46142823
2022-09-22 00:00:00+05:30,96.89144680119709,97.67994200048645,96.01019661966268,96.10295867919922,61380323
2022-09-23 00:00:00+05:30,98.51480438240883,100.09178765197241,96.24210215049438,96.75230407714844,109765520
2022-09-26 00:00:00+05:30,96.84506956769074,96.89144705893663,91.37202311297793,92.62432861328125,101291962
2022-09-27 00:00:00+05:30,94.01577996539724,94.01577996539724,89.51675286879683,90.58353424072266,104949032
2022-09-28 00:00:00+05:30,89.56314179072568,90.76906277115279,88.12530503554481,88.31082916259766,71724106
2022-09-29 00:00:00+05:30,89.98056966094214,91.14011308440789,89.42399023313686,89.84142303466797,60884592
2022-09-30 00:00:00+05:30,89.84141886198128,93.1345248625922,88.7746375464812,92.11412811279297,66436616
2022-10-03 00:00:00+05:30,92.39241539291658,92.43879995917861,90.90820127731658,91.23287200927734,37282313
2022-10-04 00:00:00+05:30,93.04177306764971,94.15493199430107,92.76347979734095,93.83026123046875,40186702
2022-10-06 00:00:00+05:30,94.61874292043046,96.28848827347225,94.38683423680196,96.05657958984375,48169310
2022-10-07 00:00:00+05:30,95.82467651367188,96.01020064051461,94.52598639389738,95.82467651367188,36080875
2022-10-10 00:00:00+05:30,94.61874421049441,96.01019633123697,93.83025609086525,95.73190307617188,36641275
2022-10-11 00:00:00+05:30,96.05657773450368,96.1493397907051,92.57794754726609,93.08814239501953,41083734
2022-10-12 00:00:00+05:30,93.088142820688,93.87663091794249,91.83583736301425,93.27367401123047,41357469
2022-10-13 00:00:00+05:30,93.78387409141816,94.43322267859249,91.65031836088102,92.85623931884766,34668093
2022-10-14 00:00:00+05:30,94.47960017084601,95.36085745116297,92.67071519525022,92.85623931884766,32456805
2022-10-17 00:00:00+05:30,92.53156293066226,93.13452691158346,91.00096423364418,92.34603881835938,37568783
2022-10-18 00:00:00+05:30,93.04177667231959,93.69111822514134,92.57795925536344,93.36644744873047,30722156
2022-10-19 00:00:00+05:30,93.32005509925136,93.92301910650451,92.48518240284635,92.80986022949219,38764542
2022-10-20 00:00:00+05:30,92.29966042011574,93.87663671195482,91.6503189063683,93.59835052490234,38091315
2022-10-21 00:00:00+05:30,93.55196148999799,94.10854091482999,92.16050938927232,92.9489974975586,30973997
2022-10-24 00:00:00+05:30,94.61874331202883,94.71150537040586,93.69110857367559,93.87663269042969,7480281
2022-10-25 00:00:00+05:30,93.83025519988686,95.08256068120544,93.41281532125308,93.87663269042969,37163180
2022-10-27 00:00:00+05:30,94.85065333465322,97.07697815356548,94.665129215282,96.65953826904297,74349009
2022-10-28 00:00:00+05:30,96.56677514653073,97.03059251714548,93.5055847468483,94.24768829345703,51006232
2022-10-31 00:00:00+05:30,94.52597994256368,94.75788862393539,93.04176579724306,94.20130920410156,38715841
2022-11-01 00:00:00+05:30,91.41840629562677,94.10854137501799,91.41840629562677,93.87663269042969,69031178
2022-11-02 00:00:00+05:30,93.69111071928047,95.54638023847414,93.50558659827773,93.92301940917969,42336049
2022-11-03 00:00:00+05:30,93.45920800227745,95.03618436345862,92.76348188811657,94.6187515258789,39110676
2022-11-04 00:00:00+05:30,95.08256807532116,97.40165510154851,94.80427480125711,97.16974639892578,70299020
2022-11-07 00:00:00+05:30,98.23651890207393,99.67434848104621,97.03059092731793,98.97862243652344,74426059
2022-11-09 00:00:00+05:30,99.48882419523369,99.76711744347953,97.91184799461737,98.42204284667969,38295904
2022-11-10 00:00:00+05:30,97.58717707516668,98.32928773806881,96.89145098268034,97.12335968017578,27864285
2022-11-11 00:00:00+05:30,98.56119235338191,100.37007728800974,98.56119235338191,99.76712036132812,77933417
2022-11-14 00:00:00+05:30,100.6483687062582,102.03982080818804,100.41646002260322,100.83389282226562,55474425
2022-11-15 00:00:00+05:30,101.11218836331464,101.43685911232569,99.44244297226989,100.69475555419922,35007427
2022-11-16 00:00:00+05:30,100.60198552672077,100.92666335015075,97.58717259760762,98.83948516845703,40404167
2022-11-17 00:00:00+05:30,98.23652434029363,99.07139705539646,96.93783423649941,98.19013977050781,32894825
2022-11-18 00:00:00+05:30,98.19014164906764,98.60758155325131,97.12336021920962,97.86547088623047,28992538
2022-11-21 00:00:00+05:30,99.9062621205011,99.9062621205011,96.33486966350857,96.70592498779297,58404309
2022-11-22 00:00:00+05:30,96.84506990378075,97.77270465941604,96.05658177694909,97.58717346191406,27846186
2022-11-23 00:00:00+05:30,98.05099286117036,98.32928612451491,97.35526678010068,97.81908416748047,22809651
2022-11-24 00:00:00+05:30,98.19014164906764,98.2829037131223,97.03059815515496,97.86547088623047,23737867
2022-11-25 00:00:00+05:30,97.95822921439205,98.7931019136275,97.49441183451586,98.51480865478516,27361785
2022-11-28 00:00:00+05:30,98.32928044482934,98.70033574875865,96.93782836306288,97.30888366699219,33516118
2022-11-29 00:00:00+05:30,97.40164606526376,99.85987950046439,97.35526149812569,98.42204284667969,40661568
2022-11-30 00:00:00+05:30,98.42204190008309,100.13816470831713,98.23651778789771,99.85987854003906,61142050
2022-12-01 00:00:00+05:30,100.83389583308855,103.24575187694954,100.18455433038234,102.73554992675781,91702642
2022-12-02 00:00:00+05:30,102.78192936747655,104.35890555381775,102.17896538659625,103.89508819580078,70541914
2022-12-05 00:00:00+05:30,105.10101971035127,107.69839275667204,104.49805570908863,107.46648406982422,96441799
2022-12-06 00:00:00+05:30,107.00266915977303,107.00266915977303,104.12700279210854,104.7763442993164,50581245
2022-12-07 00:00:00+05:30,105.19377759947925,105.28653965508275,102.82830625648822,103.1529769897461,39494279
2022-12-08 00:00:00+05:30,103.66318886322566,104.8227323628143,102.78193863445503,103.75595092773438,32416724
2022-12-09 00:00:00+05:30,104.63720755883435,105.51845778192047,101.76153403657052,102.45726013183594,35665257
2022-12-12 00:00:00+05:30,102.22534628048774,103.98785371510817,100.83389416009658,103.6167984008789,37082389
2022-12-13 00:00:00+05:30,104.40528951091262,104.68357567772316,102.78192876733206,103.1529769897461,32264080
2022-12-14 00:00:00+05:30,103.52403548907947,105.00824965648195,103.06021811943549,104.86911010742188,38606984
2022-12-15 00:00:00+05:30,104.49805725382599,105.24016081633427,102.68916522329822,102.92107391357422,34361613
2022-12-16 00:00:00+05:30,102.36449874482417,103.98785964451147,101.52962600952661,103.01384735107422,34736665
2022-12-19 00:00:00+05:30,103.0138381711172,103.9878503777565,102.78192949182814,103.70956420898438,17297590
2022-12-20 00:00:00+05:30,103.10660511216996,103.43127586309805,101.112188960338,102.92107391357422,34836506
2022-12-21 00:00:00+05:30,103.70957072614597,103.89509485031915,100.83389726041986,101.48324584960938,32303565
2022-12-22 00:00:00+05:30,102.03981870602777,102.59639811987513,98.65395057896042,99.85987854003906,39639329
2022-12-23 00:00:00+05:30,98.32928496642917,99.02501103930486,94.57236134198388,94.85065460205078,46756489
2022-12-26 00:00:00+05:30,95.36085584082176,97.91185142231241,94.2940744549219,97.40164947509766,33995681
2022-12-27 00:00:00+05:30,98.93224908790957,103.47766085118798,98.19013844510394,103.10660552978516,76033410
2022-12-28 00:00:00+05:30,103.01384478592821,104.17338825683109,101.76153217551975,102.03982543945312,50660601
2022-12-29 00:00:00+05:30,101.11218951265818,103.8950938111717,100.97304288227417,103.6631851196289,51751642
2022-12-30 00:00:00+05:30,104.72996318856882,106.44608603600031,103.98785256829453,104.49805450439453,56048485
2023-01-02 00:00:00+05:30,106.12141807598307,111.03787806300657,105.5184540658627,110.62044525146484,143444095
2023-01-03 00:00:00+05:30,111.13065434451272,111.7799958880493,109.2290001312681,109.87834167480469,74419090
2023-01-04 00:00:00+05:30,110.1566224067309,110.4349156521486,107.00266296025889,107.37371826171875,55634568
2023-01-05 00:00:00+05:30,108.06945252696931,108.53326991978892,106.21418295569086,108.11583709716797,58806907
2023-01-06 00:00:00+05:30,108.53326557806565,109.32175369885826,106.90990476813732,107.28096008300781,58551863
2023-01-09 00:00:00+05:30,108.44050067445617,109.55365951257984,108.11582993644438,109.04346466064453,37763131
2023-01-10 00:00:00+05:30,109.13623076899086,111.08426234666827,109.04346870858556,110.2493896484375,56750710
2023-01-11 00:00:00+05:30,110.80596908816084,111.64084178639159,109.46090151905517,110.2493896484375,49321252
2023-01-12 00:00:00+05:30,110.34216098620429,110.62045426811011,109.08985537221241,109.55367279052734,33740024
2023-01-13 00:00:00+05:30,109.97110404235937,112.80038582462129,109.60004872150606,111.73360443115234,68884010
2023-01-16 00:00:00+05:30,112.66124283966414,112.66124283966414,110.20301629872246,111.26979064941406,44362359
2023-01-17 00:00:00+05:30,111.08426639199568,111.22341302631666,109.46090550526506,110.71321105957031,27880531
2023-01-18 00:00:00+05:30,111.31617246008446,114.09907677158658,111.31617246008446,113.58887481689453,64749065
2023-01-19 00:00:00+05:30,112.98591501069043,115.30500187809137,112.3829510097079,114.6092758178711,53564076
2023-01-20 00:00:00+05:30,114.47013613586263,115.2122397320833,113.17144599586157,114.05269622802734,37784498
2023-01-23 00:00:00+05:30,114.47013019713656,114.88756300602347,112.70762274695225,113.17144012451172,28601260
2023-01-24 00:00:00+05:30,113.63525690179797,113.6816414702255,111.40893208581466,111.68722534179688,27707765
2023-01-25 00:00:00+05:30,111.64084092770656,113.40334837101707,111.40893223983127,112.24380493164062,46522102
2023-01-27 00:00:00+05:30,113.07867950604444,114.33098502596175,110.48129932768201,111.91913604736328,58771746
2023-01-30 00:00:00+05:30,111.73360004544553,112.3365640335035,108.44050101069881,110.15662384033203,46551837
2023-01-31 00:00:00+05:30,110.15662973686938,111.7336060263963,109.22899496013785,111.03787994384766,43986769
2023-02-01 00:00:00+05:30,111.40892728255389,115.16585068988127,110.66682376074867,113.21781921386719,72919626
2023-02-02 00:00:00+05:30,113.12506023641416,113.63526220375591,109.83196096586408,111.26979064941406,38768010
2023-02-03 00:00:00+05:30,111.36255244971623,112.24380261453364,108.71878780068133,111.64083862304688,46977350
2023-02-06 00:00:00+05:30,111.31617030238127,111.31617030238127,108.53326604482173,108.95069885253906,49546361
2023-02-07 00:00:00+05:30,104.45166904890593,107.00266455314217,102.5500221012137,103.3848876953125,110953246
2023-02-08 00:00:00+05:30,103.3848876953125,104.59081567368617,102.13258222687297,103.3848876953125,66523699
2023-02-09 00:00:00+05:30,104.03423638092197,104.77633991851837,101.99343572862635,103.1993637084961,64710455
2023-02-10 00:00:00+05:30,102.96745993200582,103.19936862554638,100.46284887268452,100.92666625976562,60810058
2023-02-13 00:00:00+05:30,100.92666410965224,102.59640242119758,100.55560879243387,100.88027954101562,56186469
2023-02-14 00:00:00+05:30,101.62239422046237,101.9470649819674,100.41646616082443,101.34410095214844,31163587
2023-02-15 00:00:00+05:30,101.11218723460533,102.59640141158161,100.92666311646758,102.318115234375,35544190
2023-02-16 00:00:00+05:30,102.96745347976685,104.08061230809108,102.64278274461321,103.89508819580078,30956191
2023-02-17 00:00:00+05:30,103.4776574184222,104.91548700988363,103.24574873490022,104.12699890136719,34107244
2023-02-20 00:00:00+05:30,104.17338721747429,104.54443546262783,103.01384375814038,104.21976470947266,19896764
2023-02-21 00:00:00+05:30,104.72995960988298,105.93588048000743,104.59081298867486,104.96186828613281,29830864
2023-02-22 00:00:00+05:30,105.05463712053545,105.47206993380635,102.64278814735454,103.10660552978516,24391211
2023-02-23 00:00:00+05:30,103.47765754693081,105.4256890754764,103.29212635350801,103.94147491455078,30845778
2023-02-24 00:00:00+05:30,104.35891814003773,104.72997348666073,101.6223982286158,101.80792236328125,34326940
2023-02-27 00:00:00+05:30,101.85429557344948,102.08620425455725,97.54079268938668,98.42204284667969,56217189
2023-02-28 00:00:00+05:30,99.11776970181833,99.3033008945989,96.05657933249812,96.42762756347656,76540448
2023-03-01 00:00:00+05:30,97.12336021920962,99.34968514298033,96.93783609110032,97.86547088623047,76175319
2023-03-02 00:00:00+05:30,98.37566295943876,99.16415104053162,96.79867971996188,97.07697296142578,55276248
2023-03-03 00:00:00+05:30,98.32929265387705,99.67436033567832,97.4016578175197,99.25692749023438,117175295
2023-03-06 00:00:00+05:30,99.7207309458131,99.81349300100213,97.4016441796314,98.00460815429688,106868143
2023-03-08 00:00:00+05:30,97.67994715138055,99.16416141410585,96.47401908193955,98.79310607910156,43939583
2023-03-09 00:00:00+05:30,100.04540828727028,101.06580511634604,99.72073753401321,100.37007904052734,51967449
2023-03-10 00:00:00+05:30,99.25691644147248,100.50922191569634,98.88586113277506,100.27731323242188,47699832
2023-03-13 00:00:00+05:30,100.41645572129566,101.11218174245937,98.65394838555603,99.0713882446289,34552596
2023-03-14 00:00:00+05:30,99.25691971374569,100.69475642836612,98.51480907188517,98.7003402709961,48584984
2023-03-15 00:00:00+05:30,99.72073238956355,101.25133109286162,99.62797033303151,100.78751373291016,38930902
2023-03-16 00:00:00+05:30,99.48882208397723,99.48882208397723,96.19571605121351,97.44802856445312,81088340
2023-03-17 00:00:00+05:30,98.74672549932097,99.58159826750101,97.4016578175197,99.25692749023438,48962238
2023-03-20 00:00:00+05:30,98.42204994401943,98.74672070552448,96.33487166354041,96.93783569335938,41569640
2023-03-21 00:00:00+05:30,97.49441716713922,97.77271044120327,96.75231356512164,97.16974639892578,26434897
2023-03-22 00:00:00+05:30,97.16974091945558,98.28289979835611,96.84507016955055,97.21612548828125,25891259
2023-03-23 00:00:00+05:30,96.84506630640337,97.86546308424052,96.79868173942798,97.30888366699219,20913844
2023-03-24 00:00:00+05:30,97.40165198437865,97.44803655433552,94.2013148215229,94.71150970458984,39014278
2023-03-27 00:00:00+05:30,95.12894236897343,95.9174304572436,94.7115025029778,94.89703369140625,24753289
2023-03-28 00:00:00+05:30,95.40723606637997,95.6391447622522,94.9434186746355,95.08256530761719,18703734
2023-03-29 00:00:00+05:30,95.08256186971424,96.9378313696111,94.29407374771637,96.10295867919922,37221124
2023-03-31 00:00:00+05:30,97.40165308902138,97.86547048468339,96.56678036137141,96.93783569335938,34579415
2023-04-03 00:00:00+05:30,97.4944148790524,97.63356151281882,96.28849390009098,96.56678009033203,21840428
2023-04-05 00:00:00+05:30,96.56677849757166,97.40165120910807,95.73190578603526,97.26250457763672,25194802
2023-04-06 00:00:00+05:30,97.26250819988194,97.49441690187369,96.659544159245,96.79869079589844,21053782
2023-04-10 00:00:00+05:30,96.93782995587527,98.0973733764001,96.93782995587527,97.35526275634766,19992257
2023-04-11 00:00:00+05:30,97.91185085820564,100.0454065404216,97.49441097362819,99.76712036132812,49304956
2023-04-12 00:00:00+05:30,100.37007889507365,100.5556100947314,99.21053543705621,99.8134994506836,27349538
2023-04-13 00:00:00+05:30,99.72073364257812,100.32369763354966,98.23651948754221,99.72073364257812,34880922
2023-04-17 00:00:00+05:30,99.81348990294603,100.46283842369682,99.02500184237593,99.39605712890625,24642162
2023-04-18 00:00:00+05:30,99.44244412865969,100.09179271152443,99.11777337587313,99.8134994506836,25476339
2023-04-19 00:00:00+05:30,100.0454045491474,102.41087594946353,99.95264249129589,100.27731323242188,62100775
2023-04-20 00:00:00+05:30,100.37007917659744,100.83389656110536,99.62797560775975,100.18455505371094,18337948
2023-04-21 00:00:00+05:30,100.18455242766755,100.27731448667932,97.7263189387526,98.46842956542969,37638506
2023-04-24 00:00:00+05:30,98.70034401467345,98.97863020795778,97.72632464494866,98.79310607910156,23475012
2023-04-25 00:00:00+05:30,98.9786211385095,99.8134937964465,98.56118834818659,99.30329895019531,23333425
2023-04-26 00:00:00+05:30,98.7931042053923,99.3033061660082,98.19014018210761,99.1177749633789,23590297
2023-04-27 00:00:00+05:30,98.6075730895597,100.04540265222444,98.6075730895597,99.85987854003906,22364308
2023-04-28 00:00:00+05:30,99.99902878442839,100.64837027788525,99.53521140987591,100.13816833496094,30072920
2023-05-02 00:00:00+05:30,100.18455248933371,102.82831009789952,100.18455248933371,102.318115234375,52822162
2023-05-03 00:00:00+05:30,101.85429715084956,102.96745600648966,100.88027784419594,101.76152801513672,51272624
2023-05-04 00:00:00+05:30,102.03982798034508,103.80233551546397,101.57601058043443,103.01384735107422,38636907
2023-05-05 00:00:00+05:30,102.82830728578007,102.82830728578007,100.55560505293444,100.78751373291016,32958346
2023-05-08 00:00:00+05:30,101.34409748826829,101.90067692858078,100.41646272865027,101.62239074707031,23130472
2023-05-09 00:00:00+05:30,101.66876823867628,103.1529824386068,101.2513354277648,101.62239074707031,27999202
2023-05-10 00:00:00+05:30,101.66877171365348,102.03982704564145,100.74113692232947,101.34410095214844,19213215
2023-05-11 00:00:00+05:30,101.29771248352337,101.57600574112801,100.41646229659459,100.69475555419922,19817637
2023-05-12 00:00:00+05:30,100.50923107745751,100.55561564925706,98.83949265205378,99.02501678466797,36794838
2023-05-15 00:00:00+05:30,99.30330829983976,100.37008265939122,98.00461816269532,99.90626525878906,22148028
2023-05-16 00:00:00+05:30,100.3700713454091,100.78751120527123,99.44243664877023,99.62796783447266,18587658
2023-05-17 00:00:00+05:30,99.62797474885306,99.72073680949661,97.91185185642702,98.32928466796875,28895465
2023-05-18 00:00:00+05:30,98.79310147515652,99.39606548177775,97.49441140180883,97.58717346191406,24208481
2023-05-19 00:00:00+05:30,97.95822309724291,98.05098515196717,96.52039355578911,97.07697296142578,29848841
2023-05-22 00:00:00+05:30,97.40164947509766,97.63355816432409,96.75230797618029,97.40164947509766,21588716
2023-05-23 00:00:00+05:30,97.49441168577285,98.37566895256803,97.40164962539744,97.9582290649414,21304034
2023-05-24 00:00:00+05:30,97.49441140180883,98.14375997712844,97.3088872815984,97.58717346191406,28454367
2023-05-25 00:00:00+05:30,97.40165120910807,97.58717533287542,96.75230969863068,97.26250457763672,25885062
2023-05-26 00:00:00+05:30,97.40165018638596,99.02501102282572,97.35526561728533,98.7003402709961,28362042
2023-05-29 00:00:00+05:30,99.25692213683836,100.97304507608234,98.60758061732714,100.60198974609375,41062311
2023-05-30 00:00:00+05:30,101.06579924470638,101.06579924470638,99.16415232765728,99.30329895019531,33475211
2023-05-31 00:00:00+05:30,98.70034012306776,99.21053499595207,97.95822948231948,98.14376068115234,41249944
2023-06-01 00:00:00+05:30,98.2365204585572,98.97862400476478,98.14375839994268,98.28289794921875,21211538
2023-06-02 00:00:00+05:30,98.79310290018717,100.46284831533234,98.79310290018717,100.18455505371094,46686933
2023-06-05 00:00:00+05:30,100.7875197680224,101.947063237334,99.99903162434886,101.48324584960938,39642539
2023-06-06 00:00:00+05:30,101.80791632626035,101.90067838809246,100.4628487364656,101.11219024658203,26751372
2023-06-07 00:00:00+05:30,101.57600491784612,103.66318310108954,101.01942548443951,103.4312744140625,45157197
2023-06-08 00:00:00+05:30,103.43127628202826,104.82272842932012,102.92107433043795,103.10660552978516,46380294
2023-06-09 00:00:00+05:30,103.19936465850122,103.57041996936087,100.78751575385071,101.01942443847656,36392617
2023-06-12 00:00:00+05:30,101.2513408897924,102.5964085328819,101.2513408897924,101.57601165771484,23472313
2023-06-13 00:00:00+05:30,102.0398241347364,103.75594703427139,101.7151533824933,103.10660552978516,30018212
2023-06-14 00:00:00+05:30,103.43127937031886,105.75036635171615,103.33851730652134,105.5648422241211,66696433
2023-06-15 00:00:00+05:30,105.6575944974251,105.935880663031,105.05463052267557,105.51844787597656,39430138
2023-06-16 00:00:00+05:30,106.12141591388553,106.49247122619146,105.61121397480343,105.98226928710938,31715807
2023-06-19 00:00:00+05:30,107.09542989651173,107.23457652556132,104.86911214088435,105.84312438964844,33502185
2023-06-20 00:00:00+05:30,105.84312266033322,106.90990402922849,105.28654323052004,105.98226928710938,30371599
2023-06-21 00:00:00+05:30,106.58523516128132,106.58523516128132,104.68358107554367,105.65760040283203,35627983
2023-06-22 00:00:00+05:30,105.94497173211187,107.47762811050997,105.89708055957942,106.4239273071289,34769987
2023-06-23 00:00:00+05:30,105.84918204327302,106.08865983070123,104.60389462533344,104.987060546875,22190233
2023-06-26 00:00:00+05:30,104.98706182148078,105.56180705662985,103.55019507946704,105.2265396118164,25332751
2023-06-27 00:00:00+05:30,105.94497305788803,106.80709456536354,105.51391595829136,106.08866119384766,24129403
2023-06-28 00:00:00+05:30,106.80708961894886,107.3339436569739,106.23234441000999,106.85498809814453,23895274
2023-06-30 00:00:00+05:30,106.90287536503872,107.4776205529883,105.75338498913958,107.28604125976562,26741918
2023-07-03 00:00:00+05:30,107.52552916192752,109.44135150779705,107.33394985065348,108.33975219726562,30979256
2023-07-04 00:00:00+05:30,108.43553685939746,108.62712347013111,107.38183607934906,107.6692123413086,25080307
2023-07-05 00:00:00+05:30,107.81290157185283,108.77081271044491,107.47762682672,108.19606018066406,27877180
2023-07-06 00:00:00+05:30,107.28604770345746,108.10027071097907,106.80709213335274,107.90869140625,34320086
2023-07-07 00:00:00+05:30,107.28605136783902,108.5313388159572,106.56761798814367,106.90288543701172,30034274
2023-07-10 00:00:00+05:30,107.52552687485583,110.83031742787486,106.95078164497627,110.44715881347656,60652690
2023-07-11 00:00:00+05:30,110.73452387704334,111.2134794364668,109.96819936693495,110.303466796875,37999385
2023-07-12 00:00:00+05:30,110.30347040842346,111.16559190526955,109.20187112402469,109.87240600585938,32771204
2023-07-13 00:00:00+05:30,111.1176973457346,112.02771004723587,109.68083056971217,110.01609802246094,44847814
2023-07-14 00:00:00+05:30,110.83031614688446,112.93772504312794,109.9682019661706,112.21929168701172,34521821
2023-07-17 00:00:00+05:30,112.98561617014276,114.32669322934761,112.17139316185904,112.79403686523438,49115369
2023-07-18 00:00:00+05:30,113.0335209819803,113.17720912285117,111.50086453201672,111.69244384765625,23433431
2023-07-19 00:00:00+05:30,111.7882308959961,112.26718648219708,111.21348565421137,111.7882308959961,17222355
2023-07-20 00:00:00+05:30,111.78823216511823,112.31508623923355,111.45296471262773,112.0277099609375,22303831
2023-07-21 00:00:00+05:30,111.69244384765625,112.9856224989292,110.63874299507394,111.69244384765625,31546136
2023-07-24 00:00:00+05:30,111.5966440176035,111.5966440176035,109.53713367493557,110.63873291015625,38113555
2023-07-25 00:00:00+05:30,110.15978127405577,114.85354732912847,109.53713757041558,114.23090362548828,88035259
2023-07-26 00:00:00+05:30,114.75776265061629,115.52408721207296,113.84774264176593,114.90144348144531,29716336
2023-07-27 00:00:00+05:30,115.18881618993142,116.33830665063452,114.13511538290656,114.75775909423828,39664251
2023-07-28 00:00:00+05:30,115.14091246360103,116.00303392399468,113.70404579903888,115.52407836914062,33996691
2023-07-31 00:00:00+05:30,115.52408238994194,118.6372936048482,115.52408238994194,117.96675872802734,52330311
2023-08-01 00:00:00+05:30,118.34993083110629,118.9246760853112,117.39201963800396,118.01465606689453,27863562
2023-08-02 00:00:00+05:30,117.72728061104334,117.72728061104334,113.27299234674537,113.94352722167969,54951586
2023-08-03 00:00:00+05:30,113.70405324245796,114.61407324122246,112.55456275887175,113.22509765625,34624188
2023-08-04 00:00:00+05:30,114.37459047450761,114.70985790861755,113.03351342978597,113.99142456054688,22303966
2023-08-07 00:00:00+05:30,114.56617354503733,114.56617354503733,113.03351714707244,113.84774017333984,20711952
2023-08-08 00:00:00+05:30,113.99142330792591,114.47037886804324,112.98561370836676,113.17720031738281,21275054
2023-08-09 00:00:00+05:30,113.3687807879284,115.42829117934066,111.97981257256862,115.14091491699219,34154214
2023-08-10 00:00:00+05:30,114.94933319091797,115.57197687402513,114.23089985847473,114.94933319091797,24439101
2023-08-11 00:00:00+05:30,115.2367172241211,116.29041805449198,114.13511791170878,115.2367172241211,26337436
2023-08-14 00:00:00+05:30,115.23671068754373,115.33250033791082,112.41086849788233,113.17720031738281,33095516
2023-08-16 00:00:00+05:30,112.98561598016255,112.98561598016255,110.54294695941864,111.06979370117188,31252473
2023-08-17 00:00:00+05:30,111.02190024927626,111.88402171877438,109.87240252051815,111.16558837890625,28461865
2023-08-18 00:00:00+05:30,111.40507253066528,111.50086218647,109.92030728670407,110.92611694335938,30381609
2023-08-21 00:00:00+05:30,111.83612449083256,112.17139192486603,110.97400301168796,111.97981262207031,22629651
2023-08-22 00:00:00+05:30,112.21928922930013,112.79403443994923,111.59664553931283,112.60245513916016,17343131
2023-08-23 00:00:00+05:30,112.88982642894776,114.2309034870984,112.69824712418996,113.94352722167969,43744909
2023-08-24 00:00:00+05:30,114.47037623851041,115.04512143579221,113.08140806938928,113.27298736572266,27103446
2023-08-25 00:00:00+05:30,113.03351340401063,113.1772015352484,111.78822601099266,111.97981262207031,23692527
2023-08-28 00:00:00+05:30,112.0756072359099,113.27299620210552,112.0756072359099,112.65035247802734,19218821
2023-08-29 00:00:00+05:30,113.51247040618244,115.0930252532414,112.7940370491813,114.51828002929688,36038317
2023-08-30 00:00:00+05:30,115.428288814264,117.53569033403328,115.18881103664103,116.96094512939453,51467177
2023-08-31 00:00:00+05:30,117.67938118314117,118.39781453262101,117.0088463136061,117.72727966308594,60626985
2023-09-01 00:00:00+05:30,118.3020263443197,123.28316137234665,118.20623669152727,121.7026138305664,76460408
2023-09-04 00:00:00+05:30,123.76211944626877,127.30638782920553,123.42685930885948,126.20479583740234,68525900
2023-09-05 00:00:00+05:30,126.20479698047443,126.87533187793065,123.42686042677101,126.15689849853516,36466807
2023-09-06 00:00:00+05:30,126.82742599333245,126.82742599333245,122.804202226858,124.1452865600586,36058850
2023-09-07 00:00:00+05:30,124.04949038690381,125.29477776969901,123.1873762231184,124.67212677001953,30268235
2023-09-08 00:00:00+05:30,125.86951719072889,126.1089949742855,123.7621156187435,124.04949188232422,34313523
2023-09-11 00:00:00+05:30,124.04948792595177,126.30058486621411,123.76211167153647,125.63003540039062,33377857
2023-09-12 00:00:00+05:30,127.21059891032218,127.54585903040999,123.23525901578995,123.5705337524414,38065283
2023-09-13 00:00:00+05:30,124.14529533311435,125.00740955236685,122.3252553129878,124.09739685058594,23371459
2023-09-14 00:00:00+05:30,125.48636360107893,128.55167642985347,125.29478428988638,126.15689849853516,58800620
2023-09-15 00:00:00+05:30,127.0190209348449,127.68955579857403,124.38476534289465,126.39636993408203,85058495
2023-09-18 00:00:00+05:30,129.31800171034126,129.31800171034126,124.57634457094152,124.95950317382812,62420823
2023-09-20 00:00:00+05:30,124.9595046192028,126.25269049788967,122.61262526210805,122.9000015258789,43627379
2023-09-21 00:00:00+05:30,122.90000661264446,123.81001930511381,121.84629847406022,122.42105102539062,29826091
2023-09-22 00:00:00+05:30,121.79840334577678,123.28316123308743,120.21784849749984,121.41523742675781,34059194
2023-09-25 00:00:00+05:30,121.94209029209573,122.90000142617886,120.79259254622679,122.03787994384766,23466981
2023-09-26 00:00:00+05:30,123.57053603453767,125.055301212529,122.9957835086817,123.47473907470703,48936598
2023-09-27 00:00:00+05:30,123.33106205284841,123.33106205284841,121.36734124830572,122.75630950927734,33277329
2023-09-28 00:00:00+05:30,122.94789994726258,123.85791260163273,120.98417919842346,121.463134765625,29982233
2023-09-29 00:00:00+05:30,122.80420420558434,124.09739008047832,122.18156781637695,123.47473907470703,28406435
2023-10-03 00:00:00+05:30,123.57053625583649,123.66633321583868,121.89419177174568,122.61262512207031,18613557
2023-10-04 00:00:00+05:30,121.65471400974783,121.75050366148496,119.25993617491028,120.0262680053711,33272725
2023-10-05 00:00:00+05:30,120.60101437114018,120.84049215690166,119.30783578968456,119.9783706665039,27063441
2023-10-06 00:00:00+05:30,121.17575840210544,121.65471396891219,119.83468135339018,120.60101318359375,21928671
2023-10-09 00:00:00+05:30,119.54731090512566,119.64310055563419,117.43990205252841,118.63729095458984,21457836
2023-10-10 00:00:00+05:30,119.45151547838451,120.60101322407571,118.54150282445902,120.0262680053711,28745957
2023-10-11 00:00:00+05:30,120.69680388505022,120.98418015094647,119.45151647720911,119.69099426269531,24455932
2023-10-12 00:00:00+05:30,120.07415913679355,121.55892431720723,119.83468135339018,120.60101318359375,19361688
2023-10-13 00:00:00+05:30,119.73889808727637,120.45733147580002,118.78098690257815,119.78679656982422,26912800
2023-10-16 00:00:00+05:30,119.8346838384347,121.89419428006872,119.69099570375658,121.65471649169922,23868700
2023-10-17 00:00:00+05:30,122.51683551088922,123.13947920969964,121.654714028558,122.03787994384766,24241710
2023-10-18 00:00:00+05:30,122.4689368897737,123.28315989114988,121.27154797354932,121.75050354003906,20926079
2023-10-19 00:00:00+05:30,120.21784467545767,121.17575578840952,119.11624543390667,120.6968002319336,30941319
2023-10-20 00:00:00+05:30,119.73888629307672,120.45731961083519,117.53568786197145,117.91885375976562,30746140
2023-10-23 00:00:00+05:30,118.15833394750807,118.206232426317,114.66195693462795,114.94933319091797,30699479
2023-10-25 00:00:00+05:30,116.09882743107775,117.63149110416397,115.66777034069852,116.24251556396484,27346103
2023-10-26 00:00:00+05:30,115.76355879430184,115.81145727419549,113.89563501096077,114.85354614257812,36298907
2023-10-27 00:00:00+05:30,115.42829135989216,116.67357875430751,114.47038022827479,114.85354614257812,28424007
2023-10-30 00:00:00+05:30,115.95514924920718,116.14672855856823,113.9435299595052,114.13511657714844,18753217
2023-10-31 00:00:00+05:30,114.9493343955592,115.09302252521003,113.4166780652748,113.75194549560547,22319950
2023-11-01 00:00:00+05:30,113.99143217674285,114.08722183456261,111.11769859245521,111.69244384765625,24717941
2023-11-02 00:00:00+05:30,109.77662142718634,113.56037503040125,109.77662142718634,113.12931060791016,72538804
2023-11-03 00:00:00+05:30,113.22509791412531,113.60826384562081,112.17139708372439,112.36298370361328,31747230
2023-11-06 00:00:00+05:30,113.51246655191052,114.61406579023098,112.55455544176782,114.37458801269531,27883152
2023-11-07 00:00:00+05:30,114.27879964697723,115.14091380916396,113.41667817650864,114.61406707763672,25818033
2023-11-08 00:00:00+05:30,114.70985676092509,115.42829010180772,113.56036633882565,114.03932189941406,22552386
2023-11-09 00:00:00+05:30,114.1830026882615,115.42829006874744,113.847735257602,114.61406707763672,22979112
2023-11-10 00:00:00+05:30,114.4703840956775,115.38039677814616,113.79984920420398,114.99723815917969,23584510
2023-11-13 00:00:00+05:30,115.76356131615442,116.14672723880484,114.85354864460653,115.9072494506836,17951775
2023-11-15 00:00:00+05:30,116.5777832755341,119.16414774872754,116.38620397008957,118.8288803100586,38344393
2023-11-16 00:00:00+05:30,118.7809879154548,119.97837690653802,117.82307672258824,119.45152282714844,30836413
2023-11-17 00:00:00+05:30,119.45151775155466,120.45732738463984,119.06835913731469,119.93047332763672,23319439
2023-11-20 00:00:00+05:30,119.7867912690582,120.36153649278722,118.82888012674917,119.11624908447266,18780290
2023-11-21 00:00:00+05:30,119.78678887241547,121.0799674270029,119.6909919134756,120.936279296875,29643312
2023-11-22 00:00:00+05:30,121.079963531283,121.55891907744449,120.21784208653597,120.79258728027344,19588063
2023-11-23 00:00:00+05:30,121.03207264620119,122.03788227955162,120.60101555092649,121.36734008789062,30736851
2023-11-24 00:00:00+05:30,121.36734390939488,121.65472018748139,120.26575189605536,120.64891052246094,14719450
2023-11-28 00:00:00+05:30,121.65471260518535,121.65471260518535,120.69680148230988,121.51102447509766,18377843
2023-11-29 00:00:00+05:30,121.79840084454436,122.75630465999734,121.36733645389454,122.3731460571289,23092165
2023-11-30 00:00:00+05:30,122.4210484199748,123.42685805511468,121.17576099630466,122.51683807373047,40165104
2023-12-01 00:00:00+05:30,123.47474189624728,124.8158262817019,122.66052618533678,124.52845001220703,31192397
2023-12-04 00:00:00+05:30,126.63585678015868,126.77955222903495,124.91161370959723,125.48636627197266,41230928
2023-12-05 00:00:00+05:30,125.48635892148658,126.87532714654138,124.52844778468135,126.06111145019531,35192149
2023-12-06 00:00:00+05:30,126.92321924674242,127.78533337990632,125.29477331934216,126.30058288574219,40753593
2023-12-07 00:00:00+05:30,126.15689605059228,126.6358516275623,124.33687070473187,124.52845001220703,34686333
2023-12-08 00:00:00+05:30,124.67212813168688,125.86951704811324,122.56472656208926,123.76211547851562,34393711
2023-12-11 00:00:00+05:30,124.3847680453555,125.00740444308238,123.33105993905637,124.57634735107422,24038059
2023-12-12 00:00:00+05:30,124.5763462098095,126.58795082627361,124.24107146545018,124.6242446899414,30696410
2023-12-13 00:00:00+05:30,125.05530636884981,125.96531905850712,123.7142219587445,125.86952209472656,22767972
2023-12-14 00:00:00+05:30,126.7316435309732,127.64165616757943,125.96531171509714,126.44426727294922,43372143
2023-12-15 00:00:00+05:30,127.78533835733253,130.99434647594651,127.40217975357139,130.70697021484375,77377446
2023-12-18 00:00:00+05:30,131.09014000667375,131.8085733323591,129.41379558007466,130.8506622314453,38461877
2023-12-19 00:00:00+05:30,130.89856088646258,131.8085882284262,129.126433919437,129.701171875,27726431
2023-12-20 00:00:00+05:30,130.18011863686877,130.41959642289433,123.33105980316338,124.28897094726562,39495961
2023-12-21 00:00:00+05:30,123.2831676049533,125.9174233854718,122.46894455263134,125.48636627197266,34914399
2023-12-22 00:00:00+05:30,126.82743239184163,129.07852947608367,126.20479598125436,127.92903900146484,37357334
2023-12-26 00:00:00+05:30,129.03062695206512,130.37171131090867,128.79114916833205,129.50958251953125,25936447
2023-12-27 00:00:00+05:30,130.13224367598986,133.05386117213462,129.7969689059904,131.4254150390625,48101400
2023-12-28 00:00:00+05:30,132.33541870117188,132.91017123421574,131.09014590718365,132.33541870117188,34661176
2023-12-29 00:00:00+05:30,132.76648464947942,135.30494322440936,131.37750185764182,133.72439575195312,49202910
2024-01-01 00:00:00+05:30,134.10756327460035,135.01757595922226,133.19755058997845,133.96388244628906,21186105
2024-01-02 00:00:00+05:30,134.58650989755407,134.68230685442683,131.28171951733253,133.72439575195312,27764060
2024-01-03 00:00:00+05:30,133.62859979450522,133.72439675209444,128.69536342649477,129.6532745361328,45176618
2024-01-04 00:00:00+05:30,130.27590800308425,130.61118273059986,128.3600858265683,128.5995635986328,43913498
2024-01-05 00:00:00+05:30,129.3180120165966,130.22802473340042,127.25850878295829,128.0248260498047,71330190
2024-01-08 00:00:00+05:30,129.60537687808568,130.22801325666794,126.20478949402317,126.44426727294922,39559717
2024-01-09 00:00:00+05:30,127.88114521641222,129.12643269988502,126.92323401628929,128.0248260498047,30736868
2024-01-10 00:00:00+05:30,128.1685105819501,129.03062474199706,126.54006460377043,128.4558868408203,27213624
2024-01-11 00:00:00+05:30,129.17432987884652,129.9406471379549,128.55167883511496,129.2222137451172,23113349
2024-01-12 00:00:00+05:30,130.08433275629724,130.51538983611294,128.9827262005863,129.60537719726562,32883921
2024-01-15 00:00:00+05:30,130.27592190123843,130.51539969885098,128.31220103750238,129.2222137451172,34158775
2024-01-16 00:00:00+05:30,129.03062091601882,132.6706859817922,128.3600860762466,131.47329711914062,56361287
2024-01-17 00:00:00+05:30,129.74905872196612,130.03643498225622,125.86951574945897,126.10899353027344,58982971
2024-01-18 00:00:00+05:30,126.10900270074201,126.68375526311743,122.8042120084954,125.48636627197266,45273496
2024-01-19 00:00:00+05:30,127.01901614963245,129.03062066503625,126.06110506137448,128.5995635986328,32653013
2024-01-23 00:00:00+05:30,129.12642410762464,129.50958271555191,123.8579128575229,124.6242446899414,35373970
2024-01-24 00:00:00+05:30,124.72002794426483,129.84485840795298,124.62424559986565,129.46168518066406,39340119
2024-01-25 00:00:00+05:30,130.7548609082944,130.7548609082944,126.44426109813085,128.12060546875,61358839
2024-01-29 00:00:00+05:30,129.03061692260758,129.70115174162717,127.88112657335068,129.3179931640625,29745400
2024-01-30 00:00:00+05:30,129.89276852464678,131.90437333600434,128.83906032591278,129.0306396484375,35704185
2024-01-31 00:00:00+05:30,129.31801460870548,130.9464607582428,128.8390589990436,130.22802734375,36079354
2024-02-01 00:00:00+05:30,130.65906805583137,130.9943427871038,128.83904281437265,129.1264190673828,31701793
2024-02-02 00:00:00+05:30,129.60538209212797,133.72440297867738,129.12642651500744,132.86227416992188,69296192
2024-02-05 00:00:00+05:30,134.1075505833428,137.3165585332123,133.48491423083107,135.59231567382812,80737626
2024-02-06 00:00:00+05:30,136.9812962998516,138.99291558864303,134.53861991105188,138.5618438720703,53192936
2024-02-07 00:00:00+05:30,140.66926658679566,141.1961060573645,137.987112284031,138.32237243652344,61517064
2024-02-08 00:00:00+05:30,139.18448974254395,139.51974986721495,137.0291897057699,137.6039276123047,38997666
2024-02-09 00:00:00+05:30,138.13078064086602,138.37025842097034,133.29332655944575,135.35284423828125,35961925
2024-02-12 00:00:00+05:30,136.02338637187958,136.933399061618,130.89855575701748,131.6169891357422,36477544
2024-02-13 00:00:00+05:30,131.95225297089772,132.43120851707158,128.45588333045387,132.0480499267578,39155909
2024-02-14 00:00:00+05:30,131.23382571026045,135.54442582483105,130.0364367895464,135.25704956054688,29141690
2024-02-15 00:00:00+05:30,135.54442582483105,137.41234961783218,135.06547025654544,135.25704956054688,31587387
2024-02-16 00:00:00+05:30,136.07128270891346,137.41235248143482,135.54442864950713,136.31076049804688,22316127
2024-02-19 00:00:00+05:30,136.9334056021526,137.3165788590465,135.40075642427257,135.97549438476562,16973568
2024-02-20 00:00:00+05:30,135.97548700496702,136.26286327789938,134.15546163733615,135.11337280273438,24291123
2024-02-21 00:00:00+05:30,135.59233178151226,140.0466129655513,135.4965348159473,137.84341430664062,88000833
2024-02-22 00:00:00+05:30,138.8971173751284,139.9987093559606,137.46025064366157,139.7592315673828,46728176
2024-02-23 00:00:00+05:30,140.2381987839679,140.90874834089115,138.89712890325234,139.32818603515625,28414697
2024-02-26 00:00:00+05:30,139.71135413959902,139.80713648950442,136.26286797857674,136.64602661132812,22570277
2024-02-27 00:00:00+05:30,136.64601789486554,138.41815934556936,136.02338150222042,138.1307830810547,24119469
2024-02-28 00:00:00+05:30,137.9870983567122,138.84921250932356,134.1554539156598,134.82598876953125,20721926
2024-02-29 00:00:00+05:30,134.87388496924913,135.87969454134188,133.5328006676044,134.92178344726562,32248156
2024-03-01 00:00:00+05:30,136.981298901011,144.30931358999868,136.981298901011,143.63877868652344,123709943
2024-03-04 00:00:00+05:30,148.38043261580668,148.38043261580668,144.69248342525225,146.6562042236328,67577785
2024-03-05 00:00:00+05:30,146.75198783358934,147.51831969035862,144.40510839819197,145.4588165283203,37165490
2024-03-06 00:00:00+05:30,145.41090913229087,146.22512480423438,141.6750470407782,145.21932983398438,51782444
2024-03-07 00:00:00+05:30,145.98565576282377,152.45155612938402,145.84197493463708,150.63153076171875,124847699
2024-03-11 00:00:00+05:30,152.21206763938605,152.21206763938605,146.56039800729857,146.991455078125,54155385
2024-03-12 00:00:00+05:30,147.70989745930754,148.04517221082247,144.5487877184678,146.08145141601562,34947937
2024-03-13 00:00:00+05:30,146.36882319845748,146.4646055412647,136.5023356623568,137.6039276123047,70937597
2024-03-14 00:00:00+05:30,137.5560592049363,137.89131936727702,132.52702522073625,136.45445251464844,91956952
2024-03-15 00:00:00+05:30,136.88549815269545,137.6518299997274,133.96388082426785,135.7360076904297,68482621
2024-03-18 00:00:00+05:30,136.55024784879728,143.92616134727467,136.21497307390794,143.39930725097656,166913078
2024-03-19 00:00:00+05:30,142.72875084115677,146.0335411420186,141.38768117652282,142.48927307128906,105004268
2024-03-20 00:00:00+05:30,143.30352105691023,144.30931612148447,137.7955316688144,139.51976013183594,77550319
2024-03-21 00:00:00+05:30,141.77085142412986,144.83616420728467,141.57927211578848,143.782470703125,84225737
2024-03-22 00:00:00+05:30,142.72876497796372,146.32093188177151,142.10612856126284,145.41091918945312,68241556
2024-03-26 00:00:00+05:30,144.78826777351003,146.9435679100982,144.1656313584548,145.98565673828125,52965508
2024-03-27 00:00:00+05:30,146.0335477320208,147.614109854411,145.60249065011936,146.2730255126953,35328794
2024-03-28 00:00:00+05:30,146.2730372598277,150.39205834153955,146.2730372598277,149.29046630859375,62575327
2024-04-01 00:00:00+05:30,150.20047590370478,157.0016365097914,149.9130996264753,156.283203125,84583929
2024-04-02 00:00:00+05:30,156.09163135375763,158.53430790337652,154.99003929048115,157.72007751464844,69533405
2024-04-03 00:00:00+05:30,157.72007245012577,159.25273620914044,156.2353217907511,156.7621612548828,50938559
2024-04-04 00:00:00+05:30,158.58219228321124,158.96535089290674,154.22369366924585,156.52267456054688,61094750
2024-04-05 00:00:00+05:30,157.00163192066466,157.24110970859525,154.03211612026396,156.47479248046875,44668121
2024-04-08 00:00:00+05:30,159.92326222299837,159.92326222299837,157.2890065826728,158.24691772460938,48255703
2024-04-09 00:00:00+05:30,159.01324462890625,162.6533097786638,158.24691281581568,159.01324462890625,63884687
2024-04-10 00:00:00+05:30,160.25854109159445,162.07856646146442,157.5763869018668,158.10324096679688,64134758
2024-04-12 00:00:00+05:30,159.01324705538033,159.01324705538033,156.13951367486143,156.61846923828125,55317636
2024-04-15 00:00:00+05:30,154.99002977536554,157.7679663136035,151.92471696365638,154.08001708984375,66426404
2024-04-16 00:00:00+05:30,154.08000673231203,155.612655726857,152.3078653455031,153.3136749267578,41391261
2024-04-18 00:00:00+05:30,154.12789059420135,157.09742085951265,152.451546164298,153.3136749267578,68093672
2024-04-19 00:00:00+05:30,153.26578550379324,155.66056340229,150.67942829672958,155.27740478515625,60078229
2024-04-22 00:00:00+05:30,156.90585726368172,157.767971495849,154.70265858345272,155.03793334960938,39304790
2024-04-23 00:00:00+05:30,156.61848305758306,156.61848305758306,154.03212571022038,154.3673858642578,30295177
2024-04-24 00:00:00+05:30,155.6126685859799,159.87537042238597,154.6547574040206,158.5821990966797,59894921
2024-04-25 00:00:00+05:30,158.43849459926415,160.92906937671987,157.24110569021116,160.64169311523438,50128523
2024-04-26 00:00:00+05:30,160.9290721248342,163.51542928924192,158.29481647993364,158.82167053222656,65355111
2024-04-29 00:00:00+05:30,161.12065620170765,162.46174061240157,159.8753687548363,160.3543243408203,44906151
2024-04-30 00:00:00+05:30,161.31223577121273,161.31223577121273,157.57638804117838,158.0553436279297,55043389
2024-05-02 00:00:00+05:30,158.05534513492196,161.79119290057608,158.05534513492196,160.3064422607422,69320283
2024-05-03 00:00:00+05:30,161.83908209829332,163.5633250514308,158.19901688979496,159.49220275878906,62573586
2024-05-06 00:00:00+05:30,160.88117382699133,161.5517087049599,157.76796260675619,160.54591369628906,37621296
2024-05-07 00:00:00+05:30,160.88116696456098,160.88116696456098,155.46897507455947,157.33689880371094,43611824
2024-05-08 00:00:00+05:30,157.28900057623835,160.06695155171053,156.61846572580146,159.06114196777344,30128705
2024-05-09 00:00:00+05:30,158.96535866287735,159.68379205359528,154.70265680126383,155.0858154296875,30223088
2024-05-10 00:00:00+05:30,156.3310941972573,157.43270077166048,155.03792293586744,155.42108154296875,31472419
2024-05-13 00:00:00+05:30,155.61266620617906,157.5763870224772,151.39786291664132,156.95375061035156,36561003
2024-05-14 00:00:00+05:30,157.19321537547327,159.54009461758218,156.61846287609168,158.00743103027344,46261468
2024-05-15 00:00:00+05:30,158.00744540182313,160.49802030358902,158.00744540182313,158.63009643554688,29601304
2024-05-16 00:00:00+05:30,160.2106512008088,160.92908461426535,155.46899359530866,158.91746520996094,41126570
2024-05-17 00:00:00+05:30,159.58800887376526,161.36013579170285,158.48640224379517,160.3064422607422,39181277
2024-05-21 00:00:00+05:30,161.4080391279622,167.82604132131,160.88118503835614,167.01182556152344,84833644
2024-05-22 00:00:00+05:30,168.06551517243952,168.1134136551984,164.28176889952437,166.00601196289062,42919832
2024-05-23 00:00:00+05:30,165.76652397505111,168.40077958263436,163.32384767016114,168.1134033203125,49377680
2024-05-24 00:00:00+05:30,167.58655077653978,170.0771255835519,166.82021894233884,167.4907684326172,38674485
2024-05-27 00:00:00+05:30,170.2208048830663,170.2208048830663,167.49076693241835,168.1134033203125,30410585
2024-05-28 00:00:00+05:30,168.49656164110766,170.02922529319298,166.14968229981017,167.5386505126953,39208456
2024-05-29 00:00:00+05:30,167.3949711935079,168.59236011477762,166.19758227223815,166.916015625,36575550
2024-05-30 00:00:00+05:30,164.76072823514693,164.76072823514693,156.47480210948214,157.24111938476562,108813875
2024-05-31 00:00:00+05:30,159.061143053299,160.881168319272,157.09742235060372,160.16273498535156,83713848
2024-06-03 00:00:00+05:30,165.9581044879842,167.63444897776182,161.74330133174035,166.916015625,86397540
2024-06-04 00:00:00+05:30,167.15548427960707,167.29916509568633,141.91452135121878,152.2599639892578,125042158
2024-06-05 00:00:00+05:30,155.32527619072252,162.46172544905625,152.30786212727907,162.07855224609375,60098501
2024-06-06 00:00:00+05:30,162.84490339160172,167.34708309146833,162.27015082712305,164.80862426757812,57920819
2024-06-07 00:00:00+05:30,164.76070448014778,172.08871833859894,163.6112141163896,171.3702850341797,84319867
2024-06-10 00:00:00+05:30,172.62516220271823,174.43561355972378,169.89510977738715,172.7017822265625,74286848
2024-06-11 00:00:00+05:30,172.90296056520714,176.01617176651973,172.90296056520714,173.69802856445312,55555544
2024-06-12 00:00:00+05:30,174.57929720224826,176.13110850007908,173.8608638804283,174.5601348876953,33304643
2024-06-13 00:00:00+05:30,175.68089305119113,176.3514425264948,172.9125305070931,174.87625122070312,36669164
2024-06-14 00:00:00+05:30,175.24984220184757,175.77669625835983,173.76507699406358,175.44142150878906,28509237
2024-06-18 00:00:00+05:30,176.06406608149123,176.83039789776666,172.9987534329532,173.49685668945312,35032118
2024-06-19 00:00:00+05:30,174.7708934419473,174.8092180747687,171.76305289431656,172.44317626953125,27476795
2024-06-20 00:00:00+05:30,173.95667490351244,175.24984621742172,171.82052246330372,174.60804748535156,38837494
2024-06-21 00:00:00+05:30,175.31162273533,176.77743902880616,174.11942429041832,175.83932495117188,65494855
2024-06-24 00:00:00+05:30,173.39629564569017,174.87187866151632,171.10962583486946,173.90444946289062,47597307
2024-06-25 00:00:00+05:30,173.93377660547398,174.9207542643488,171.25621332305658,171.67640686035156,30599989
2024-06-26 00:00:00+05:30,171.6763955318345,171.98911016216266,167.92390943422217,168.62750244140625,44006436
2024-06-27 00:00:00+05:30,168.62751188079562,170.96304535422527,167.88483695877437,170.19105529785156,49767976
2024-06-28 00:00:00+05:30,170.20082143468963,173.06405713840877,169.61450383866656,170.04446411132812,37521949
2024-07-01 00:00:00+05:30,170.52329715532775,171.97934672251336,169.5558530241173,170.1031036376953,27807688
2024-07-02 00:00:00+05:30,170.49398092284034,171.74480963798797,169.64381224126225,170.5623779296875,33359495
2024-07-03 00:00:00+05:30,170.56237979718813,172.8490645802476,170.42557087094136,172.35067749023438,29090492
2024-07-04 00:00:00+05:30,172.9663330286884,174.12921641052586,171.81323129913704,172.2725067138672,29504744
2024-07-05 00:00:00+05:30,172.18455026088213,172.18455026088213,169.44835687526228,170.728515625,38123217
2024-07-08 00:00:00+05:30,170.62101813549364,171.4711867923002,168.16820939110525,168.3538818359375,31479861
2024-07-09 00:00:00+05:30,169.6438091686785,169.74152130684107,167.60142716406017,167.88482666015625,25127904
2024-07-10 00:00:00+05:30,168.56888351497543,168.94999517691488,163.21377185434878,164.15188598632812,41525591
2024-07-11 00:00:00+05:30,166.12585465976161,167.05420204182573,164.8261623604498,165.07046508789062,33987236
2024-07-12 00:00:00+05:30,166.32128616247562,166.5069586125069,164.18119198336458,164.845703125,33311402
2024-07-15 00:00:00+05:30,164.84571109276757,165.13887734851053,162.02157215418563,162.95968627929688,32635187
2024-07-16 00:00:00+05:30,163.97599406823636,165.9499642862029,162.90105610027064,163.26263427734375,26505901
2024-07-18 00:00:00+05:30,163.79031547452274,163.79031547452274,160.69255878784242,162.5688018798828,36568852
2024-07-19 00:00:00+05:30,162.21700169687168,162.30494709504225,153.61754320301944,154.174560546875,77987514
2024-07-22 00:00:00+05:30,154.7902000863272,157.03778813114377,152.84555994480016,156.6664581298828,40353690
2024-07-23 00:00:00+05:30,157.91728601335075,158.2788492716282,151.46768816574237,156.373291015625,37077411
2024-07-24 00:00:00+05:30,156.37329264550053,158.3277144486552,155.56220580786476,156.65667724609375,28086566
2024-07-25 00:00:00+05:30,154.88792734958835,154.88792734958835,153.3243839481989,153.80322265625,45155876
2024-07-26 00:00:00+05:30,155.13222261460447,159.23650520707923,154.60453531586592,158.8456268310547,45642032
2024-07-29 00:00:00+05:30,160.94662282696316,160.94662282696316,158.63063790106426,159.1583251953125,31754833
2024-07-30 00:00:00+05:30,159.18764381946087,161.53295884025758,157.6338821239803,160.33099365234375,42824600
2024-07-31 00:00:00+05:30,162.50038518106078,162.7056060197874,159.82283700344945,161.56227111816406,52769925
2024-08-01 00:00:00+05:30,164.36687290560792,165.09978109179025,157.23323024455576,159.34400939941406,118341338
2024-08-02 00:00:00+05:30,157.33094858901046,157.5166210383314,151.1940655760626,154.6143035888672,72427529
2024-08-05 00:00:00+05:30,150.1582327953525,150.49048092783863,145.60442635225945,146.40574645996094,102883971
2024-08-06 00:00:00+05:30,147.76406524020342,150.29503786669204,146.20052185175567,146.89434814453125,53507102
2024-08-07 00:00:00+05:30,150.19731089175318,150.78364339049116,148.43832830659403,150.35366821289062,32029697
2024-08-08 00:00:00+05:30,149.90414841049858,149.94324519729312,146.58163726361212,146.85525512695312,51858615
2024-08-09 00:00:00+05:30,149.51327095533026,149.51327095533026,147.8031518430961,148.3503875732422,23290101
2024-08-12 00:00:00+05:30,147.55883966169358,149.90413975811995,146.46436827150188,148.5946807861328,30550334
2024-08-13 00:00:00+05:30,148.63378773135872,149.46440807139146,145.11582243517475,145.48716735839844,29396493
2024-08-14 00:00:00+05:30,146.48390538198123,146.48390538198123,139.10597514494546,142.8389129638672,97911180
2024-08-16 00:00:00+05:30,144.62721458834898,146.58163640711044,143.1223163487669,146.11257934570312,54131721
2024-08-19 00:00:00+05:30,147.4122741799477,150.7836488930867,146.96275059303665,150.45140075683594,62889770
2024-08-20 00:00:00+05:30,152.1517254749712,152.1517254749712,149.31781999092894,150.42205810546875,37559016
2024-08-21 00:00:00+05:30,149.51325999030357,150.66636163553713,148.31129482037866,148.45787048339844,49749381
2024-08-22 00:00:00+05:30,149.0344302661929,150.8325096699795,149.0344302661929,150.62728881835938,36719176
2024-08-23 00:00:00+05:30,150.49047389425976,150.87158553690045,149.07352111577796,150.6859130859375,31490857
2024-08-26 00:00:00+05:30,151.08657710133662,152.83577804285756,150.19731160806307,152.1517333984375,32497603
2024-08-27 00:00:00+05:30,152.24945266465147,152.9334972740819,151.07680263262014,151.1745147705078,24523684
2024-08-28 00:00:00+05:30,151.17452229520958,151.46768854557328,149.56213028479158,150.1973114013672,25195197
2024-08-29 00:00:00+05:30,149.7184837303362,150.06049858769353,147.7542803414899,149.48394775390625,44452983
2024-08-30 00:00:00+05:30,149.51326828470167,151.71199281830025,148.99534769856064,149.2787322998047,55134023
2024-09-02 00:00:00+05:30,150.39275576252777,150.39275576252777,148.6728698982827,149.39601135253906,19200143
2024-09-03 00:00:00+05:30,149.35691035294772,149.95300959829254,148.54582351675361,148.68263244628906,19780066
2024-09-04 00:00:00+05:30,146.09301891694284,148.7119367810243,145.76077081377798,147.73472595214844,39613696
2024-09-05 00:00:00+05:30,147.55884288657023,149.30804380098405,147.55884288657023,148.26243591308594,28347324
2024-09-06 00:00:00+05:30,148.47742727291208,149.41554139140402,146.23960595055092,147.77383422851562,30709532
2024-09-09 00:00:00+05:30,147.46110978819794,147.46110978819794,144.67606784089423,146.06370544433594,32624586
2024-09-10 00:00:00+05:30,147.07023633354436,148.13539260607772,145.41874757300027,146.0148468017578,41607844
2024-09-11 00:00:00+05:30,146.48390561595593,146.77707186350452,144.25586599227418,144.7933349609375,24633287
2024-09-12 00:00:00+05:30,148.5360518794787,148.96602704700382,145.3601165596872,148.281982421875,73191476
2024-09-13 00:00:00+05:30,149.29826969579472,151.85855730368107,149.02465185576355,149.99209594726562,54894255
2024-09-16 00:00:00+05:30,151.46768399178848,152.11264674098723,150.00186769509375,150.69569396972656,32575460
2024-09-17 00:00:00+05:30,150.4904734917244,150.72500946774306,148.79990286720482,149.33737182617188,18275113
2024-09-18 00:00:00+05:30,148.92693645604328,149.49372057216695,146.2005245828321,147.16796875,24856345
2024-09-19 00:00:00+05:30,148.42856216209069,148.72172841263767,144.4219915304096,146.13211059570312,36913781
2024-09-20 00:00:00+05:30,147.55884374877982,149.84551364278988,147.21681397434418,148.55560302734375,53873369
2024-09-23 00:00:00+05:30,150.86182454779558,150.8715912888827,149.31782952588387,150.480712890625,33281905
2024-09-24 00:00:00+05:30,151.61425912141925,157.81955405326022,151.32110779195952,156.8716583251953,137414352
2024-09-25 00:00:00+05:30,157.81956430428852,158.98244769019425,155.8846908489042,157.97592163085938,58044967
2024-09-26 00:00:00+05:30,158.30815990945524,162.11927631322408,156.82279522162932,161.8358917236328,88661662
2024-09-27 00:00:00+05:30,163.19421272757972,165.15840117745907,162.10950808246923,162.7544708251953,72795668
2024-09-30 00:00:00+05:30,163.68281844087315,166.30173637862106,163.4482824673664,164.70889282226562,92381529
2024-10-01 00:00:00+05:30,165.6274712369101,165.6274712369101,161.3375162302807,163.22352600097656,50761579
2024-10-03 00:00:00+05:30,161.72839944180865,166.11608162848148,160.77073696159897,163.17466735839844,75959797
2024-10-04 00:00:00+05:30,163.1942233839135,165.24637227711537,160.26259062851386,162.94992065429688,53880875
2024-10-07 00:00:00+05:30,163.29194304614782,164.12256334259985,158.63064300103557,160.6143798828125,48775098
2024-10-08 00:00:00+05:30,159.28537914005364,159.86193000123248,153.12894739353376,155.8846893310547,74956764
2024-10-09 00:00:00+05:30,155.88468898602883,158.50360707504444,154.50681802031806,155.43516540527344,42766218
2024-10-10 00:00:00+05:30,154.69248623260432,157.50684344470508,153.03123070865186,156.0801239013672,46507936
2024-10-11 00:00:00+05:30,155.66969561439853,160.04759616618458,155.57196856232306,156.9987030029297,53263433
2024-10-14 00:00:00+05:30,158.1909045350225,159.65672087827198,154.43840336390207,154.7120361328125,35566857
2024-10-15 00:00:00+05:30,155.86512943743182,155.89444456983352,151.51654416888044,152.0833282470703,38964393
2024-10-16 00:00:00+05:30,151.6533612044767,152.98236861832623,150.51002624647492,151.7022247314453,28518262
2024-10-17 00:00:00+05:30,152.10286088081162,152.73805687177043,148.63377433679537,148.9269256591797,28404223
2024-10-18 00:00:00+05:30,148.92693470973194,152.64033909982865,147.65657247272026,151.8488006591797,34750795
2024-10-21 00:00:00+05:30,152.54261676559315,154.33089946555782,151.06701886691474,151.4969940185547,25799090
2024-10-22 00:00:00+05:30,151.36995356970385,151.36995356970385,146.67935345359038,146.96273803710938,39079846
2024-10-23 00:00:00+05:30,146.87479954023507,148.48719154201902,144.67607504086345,145.38943481445312,42107893
2024-10-24 00:00:00+05:30,146.08325646519796,146.41550457811664,144.63697366004436,145.58486938476562,22115070
2024-10-25 00:00:00+05:30,145.60442180582004,146.09302724812144,141.13856090587888,142.53598022460938,39730802
2024-10-28 00:00:00+05:30,142.6727914287652,146.31778391140472,141.4317294104196,145.97576904296875,28386897
2024-10-29 00:00:00+05:30,146.43505285932014,147.02137042678123,143.210254049594,146.6402587890625,32258407
2024-10-30 00:00:00+05:30,144.72493507870732,147.50997709747446,144.72493507870732,145.57510375976562,21362130
2024-10-31 00:00:00+05:30,145.68259228310896,146.532760933423,144.82264198142326,145.1744384765625,26383702
2024-11-01 00:00:00+05:30,146.2493806511991,146.8259314790194,145.60441790598261,146.3373260498047,5106804
2024-11-04 00:00:00+05:30,146.5816314080815,146.5816314080815,141.79330407983934,143.60113525390625,25571021
2024-11-05 00:00:00+05:30,143.65000360203226,149.07352712840165,143.60114007437835,148.81944274902344,42772283
2024-11-06 00:00:00+05:30,150.49047025916698,151.41881758050297,146.18096685036514,150.11912536621094,48928986
2024-11-07 00:00:00+05:30,152.55239096388536,153.34392939034922,146.77707108857226,147.50997924804688,88254789
2024-11-08 00:00:00+05:30,148.53605301045957,148.53605301045957,143.5913683683801,144.20701599121094,61980989
2024-11-11 00:00:00+05:30,144.20700978216286,144.3242703105848,140.81608699879095,141.70533752441406,47497863
2024-11-12 00:00:00+05:30,142.33075889601633,143.77704173629053,140.32748851820787,140.88449096679688,28861672
2024-11-13 00:00:00+05:30,140.32749578559165,140.32749578559165,135.44144112608018,135.99844360351562,57609083
2024-11-14 00:00:00+05:30,136.52614162603365,137.52288600972526,134.36649897259178,134.83555603027344,36345184
2024-11-18 00:00:00+05:30,136.31115466670337,139.98546230584378,134.85510504856154,137.99195861816406,40233848
2024-11-19 00:00:00+05:30,138.76393879810072,139.24277747601727,135.89093655270943,136.28182983398438,37611903
2024-11-21 00:00:00+05:30,136.3209126153033,138.37306135027794,134.1221882182823,137.02450561523438,58398744
2024-11-22 00:00:00+05:30,136.95609942681034,139.92682886433133,136.4674939848152,139.5261688232422,43710169
2024-11-25 00:00:00+05:30,141.63695130976768,142.81936815757626,139.5848024397268,140.39588928222656,53883890
2024-11-26 00:00:00+05:30,140.93335535922978,142.4773503504897,140.30794098780024,141.1776580810547,25608469
2024-11-27 00:00:00+05:30,141.02129476967545,141.59784559003646,139.64342389846354,141.2362823486328,24895631
2024-11-28 00:00:00+05:30,140.71836791506243,141.93988152543622,139.82910242805713,140.1222686767578,30947861
2024-11-29 00:00:00+05:30,140.6206336337108,142.17441019864162,139.79001336798456,141.2460479736328,29742979
2024-12-02 00:00:00+05:30,140.82586768979775,143.48388261173588,139.87797189500813,143.07345581054688,23840351
2024-12-03 00:00:00+05:30,143.40569080802132,144.82264354418618,143.00503078486213,143.20046997070312,35527228
2024-12-04 00:00:00+05:30,143.65000116127905,143.6988646881027,140.71836848451827,142.52621459960938,38537808
2024-12-05 00:00:00+05:30,143.16139693599962,144.5099527503473,141.50014138721266,143.71841430664062,36328245
2024-12-06 00:00:00+05:30,144.13860869966072,145.29171041195158,143.25912484828822,144.9105987548828,30604899
2024-12-09 00:00:00+05:30,144.91059410377085,147.23636075798302,143.2884353835505,146.46437072753906,39059139
2024-12-10 00:00:00+05:30,146.76730595729163,149.02466072746012,145.90735560253987,146.89434814453125,36278104
2024-12-11 00:00:00+05:30,147.15818709784202,148.64355185350902,146.64026650934292,147.16796875,20499709
2024-12-12 00:00:00+05:30,147.43180221297638,148.1744920325029,145.31125637085603,147.34385681152344,25761723
2024-12-13 00:00:00+05:30,146.5816316547709,146.63049518086675,142.23304623122362,145.55555725097656,39701388
2024-12-16 00:00:00+05:30,145.54578321115156,146.3861851202688,143.74771886501125,144.42198181152344,22634773
2024-12-17 00:00:00+05:30,144.4219925019059,145.1158188024992,142.01806203557044,142.36007690429688,27110781
2024-12-18 00:00:00+05:30,142.67279067352774,143.55227451462753,140.0343242391735,141.1678924560547,19850229
2024-12-19 00:00:00+05:30,138.32420175995267,140.522926219507,137.8844598502527,139.99522399902344,27104579
2024-12-20 00:00:00+05:30,139.6336568068476,141.10923981229502,136.8095180660688,137.47401428222656,46503449
2024-12-23 00:00:00+05:30,139.20368681053077,140.52292746235315,137.40562237080098,138.48056030273438,27514178
2024-12-24 00:00:00+05:30,137.98216756143597,138.27533379551005,136.0766094065355,137.1808624267578,25882917
2024-12-26 00:00:00+05:30,137.73786674256237,137.93330593094362,136.33068072853067,137.16131591796875,23939932
2024-12-27 00:00:00+05:30,137.49357045451288,138.5196448802815,135.45120325503706,135.74436950683594,19562177
2024-12-30 00:00:00+05:30,135.74437234883592,136.07662048267179,132.98863039970797,133.76063537597656,32555723
2024-12-31 00:00:00+05:30,133.7508446218415,135.5195938792526,133.4479116433087,134.90396118164062,20080291
2025-01-01 00:00:00+05:30,134.95283250600994,135.29484737754888,133.46746774913888,133.6238250732422,18169498
2025-01-02 00:00:00+05:30,133.87788893350137,135.2948417100757,133.2915564482029,135.03099060058594,23388424
2025-01-03 00:00:00+05:30,135.03098821399612,136.545668015034,134.69874010335806,135.20689392089844,23351832
2025-01-06 00:00:00+05:30,135.20689549157004,135.23621062455192,128.35665271547006,129.167724609375,44620509
2025-01-07 00:00:00+05:30,129.75406056894397,130.82899851060654,129.00160400978018,130.34039306640625,24239451
2025-01-08 00:00:00+05:30,130.8778439901228,131.1807918835539,128.7670798541568,129.61724853515625,31570331
2025-01-09 00:00:00+05:30,128.99183543759716,129.3827138229862,126.74424744397356,126.96900177001953,31903107
2025-01-10 00:00:00+05:30,126.969005520732,127.41852909715764,123.8126184778634,124.52598571777344,34855510
2025-01-13 00:00:00+05:30,123.12856947890918,123.6171749133493,119.82559942608383,120.12853240966797,38968332
2025-01-14 00:00:00+05:30,120.13830710822148,124.73119522895126,120.13830710822148,124.0373764038086,36877365
2025-01-15 00:00:00+05:30,125.08299319727891,125.38592618565981,122.91358384112922,123.64649200439453,18773125
2025-01-16 00:00:00+05:30,125.08299606645339,125.5422863855193,123.67580997493697,124.89732360839844,22164393
2025-01-17 00:00:00+05:30,124.98527589281176,128.17098552179465,124.73119897067106,127.31103515625,27421959
2025-01-20 00:00:00+05:30,128.0048621560315,129.08956685992263,125.97226167887261,128.6595916748047,20571916
2025-01-21 00:00:00+05:30,129.05046569671438,129.382713815381,126.30450552522295,126.74424743652344,32238213
2025-01-22 00:00:00+05:30,127.28171740916363,127.37944446180752,124.22305003180468,125.98202514648438,27505569
2025-01-23 00:00:00+05:30,124.93641102021249,127.77032409741749,124.78982789534324,127.39897918701172,20722538
2025-01-24 00:00:00+05:30,127.52602300273526,130.16448946196016,126.36313964092619,126.7833480834961,37092106
2025-01-27 00:00:00+05:30,126.07975317122053,126.49994669650864,122.87449519018274,123.49014282226562,24650571
2025-01-28 00:00:00+05:30,123.49014101793216,127.51625250888442,121.89728251936828,125.68885803222656,40373804
2025-01-29 00:00:00+05:30,126.06020082105816,128.34687065264757,125.62045891668394,127.81918334960938,16674706
2025-01-30 00:00:00+05:30,127.81918199602195,129.13840769517418,127.13513738412219,128.1318817138672,25256096
2025-01-31 00:00:00+05:30,128.13188594007386,131.92346892974018,126.96900260596148,131.5521240234375,26689228
2025-02-01 00:00:00+05:30,131.9234646137703,132.41207003826574,127.28171308106356,129.93972778320312,21173846
2025-02-03 00:00:00+05:30,128.29801298918326,129.49021148461208,124.89732321931588,128.81594848632812,27765357
2025-02-04 00:00:00+05:30,129.77360486505077,131.2785030248162,128.8647910137796,130.3794708251953,25032519
2025-02-05 00:00:00+05:30,130.11562928261014,132.30458713240273,130.0472322713023,131.33714294433594,16958362
2025-02-06 00:00:00+05:30,131.43485576621424,131.79641899938704,129.01137709892856,129.51951599121094,22408168
2025-02-07 00:00:00+05:30,130.2622141066638,135.58801045399724,129.53907268292943,135.1580352783203,52950146
2025-02-10 00:00:00+05:30,134.95282489606737,134.95282489606737,129.96904357645818,130.98533630371094,26120805
2025-02-11 00:00:00+05:30,129.9690438681681,131.27850283675826,126.74424506065682,127.14490509033203,23635428
2025-02-12 00:00:00+05:30,126.4022363626801,130.2524347981139,125.38592867260378,129.2654571533203,37927696
2025-02-13 00:00:00+05:30,129.26546043448081,134.55217513653938,128.85503363382037,133.14498901367188,52036196
2025-02-14 00:00:00+05:30,133.14498226748756,136.07661490456988,130.29152829005403,131.40554809570312,41469242
2025-02-17 00:00:00+05:30,129.88110387727278,131.7280318758527,127.75077636841932,131.22964477539062,21189637
2025-02-18 00:00:00+05:30,131.22963528174574,131.82573448213452,128.74752634420878,131.47393798828125,23957576
2025-02-19 00:00:00+05:30,131.43485741022957,133.76062397088467,129.99835628877247,132.6661376953125,18447487
2025-02-20 00:00:00+05:30,132.18731695674143,135.20689492976493,131.92346584994633,134.89418029785156,24139808
2025-02-21 00:00:00+05:30,134.76715821113652,138.37306880221212,134.02446838729355,137.5522003173828,41987785
2025-02-24 00:00:00+05:30,135.64664502478183,137.45449118594422,133.54564751731658,134.51307678222656,25193205
2025-02-25 00:00:00+05:30,135.33394200064896,136.17434396545056,133.5847261511985,133.94630432128906,23575603
2025-02-27 00:00:00+05:30,134.08310530741846,135.82253940182272,132.78341310680332,135.5293731689453,30747044
2025-02-28 00:00:00+05:30,134.65966625008986,134.65966625008986,131.0048920822416,134.07333374023438,45540594
2025-03-03 00:00:00+05:30,133.8778963287732,135.88118170130534,131.24919656253428,135.41212463378906,31154401
2025-03-04 00:00:00+05:30,133.04726081887745,137.7281094767585,132.71501268466753,136.16456604003906,28634645
2025-03-05 00:00:00+05:30,135.83230497524232,143.15161943865024,135.83230497524232,142.7705078125,62109377
2025-03-06 00:00:00+05:30,143.44478316422195,148.73149777504847,142.86823230498567,147.01161193847656,79121467
2025-03-07 00:00:00+05:30,146.32756304753224,148.97579619134177,145.86827273945227,148.1060791015625,81821791
2025-03-10 00:00:00+05:30,148.10608399099667,150.72501699870244,146.9822974024148,147.6077117919922,54450331
2025-03-11 00:00:00+05:30,144.7249417307402,148.24289205999332,144.6272146753213,147.31454467773438,35916900
2025-03-12 00:00:00+05:30,147.55884628531743,148.8096750476993,144.33404732468557,146.8748016357422,26377549
2025-03-13 00:00:00+05:30,148.5360608215636,150.06050748106867,146.60118736227295,147.44158935546875,48286431
2025-03-17 00:00:00+05:30,148.52629329282075,149.16147442722846,147.46112205622714,148.3503875732422,35879780
2025-03-18 00:00:00+05:30,148.3503875732422,148.3503875732422,148.3503875732422,148.3503875732422,0
2025-03-19 00:00:00+05:30,153.22667411298733,155.57197433934243,152.93350785692914,154.98565673828125,66161413
2025-03-20 00:00:00+05:30,156.35374794501885,156.45147500190663,153.08008538299788,155.41561889648438,39889517
2025-03-21 00:00:00+05:30,155.40584351032305,156.1094365298207,153.24621583715896,153.6957244873047,49184821
2025-03-24 00:00:00+05:30,154.3993113992171,155.37652223085772,153.5295943554991,154.8097381591797,30905773
2025-03-25 00:00:00+05:30,155.3765371358708,155.3765371358708,152.4937678882025,153.15826416015625,28467187
2025-03-26 00:00:00+05:30,152.64034323101203,153.94980228952724,151.4774598465637,152.2592315673828,23182869
2025-03-27 00:00:00+05:30,151.27224682045127,152.5426239434226,150.6859143295246,151.87811279296875,25909068
2025-03-28 00:00:00+05:30,151.8390258703937,153.3341572703865,149.87482252883336,150.72500610351562,24589315
2025-04-01 00:00:00+05:30,148.60446419671834,151.7999330064872,148.60446419671834,149.63052368164062,29142122
2025-04-02 00:00:00+05:30,150.49047127157428,152.68919568950312,148.7999006719953,151.1647491455078,24977582
2025-04-03 00:00:00+05:30,149.51325941332826,152.41557681835366,149.12238103941442,150.11912536621094,15117526
2025-04-04 00:00:00+05:30,149.1419123471199,149.50349049432825,136.80951642387632,137.1906280517578,80846143
2025-04-07 00:00:00+05:30,125.08299082174615,127.37944232078594,122.47383959940032,126.52925872802734,121806340
2025-04-08 00:00:00+05:30,131.81597801220641,133.09612190842537,125.10254388507535,127.31103515625,68999181
2025-04-09 00:00:00+05:30,127.03741156804094,127.03741156804094,122.44452351663803,124.28167724609375,73399980
2025-04-11 00:00:00+05:30,131.60098439713468,131.6302995299769,127.51625016987549,130.3794708251953,73706472
2025-04-15 00:00:00+05:30,132.50980736190837,133.87789669215056,131.7671175160152,133.3013458251953,38967608
2025-04-16 00:00:00+05:30,133.3013360852319,134.46421938649672,131.5521203075305,133.84857177734375,42684087
2025-04-17 00:00:00+05:30,131.33713114003785,134.81601426124502,130.65308653316296,134.0146942138672,62282856
2025-04-21 00:00:00+05:30,134.5130777078614,137.1026956027805,133.92676010016575,136.00820922851562,26503486
2025-04-22 00:00:00+05:30,138.76394556756264,139.58479913170353,134.56193578295367,135.01145935058594,58429662
2025-04-23 00:00:00+05:30,136.21341736789535,138.27533282124799,134.19059869803928,137.94308471679688,37851304
2025-04-24 00:00:00+05:30,137.4935712585559,138.6466878794268,137.08314446805932,138.29489135742188,23061444
2025-04-25 00:00:00+05:30,138.7639381366849,140.18089086079942,134.87464320062503,135.68572998046875,37764696
2025-04-28 00:00:00+05:30,135.38278368906367,139.35027223870821,135.2264412865147,138.8323516845703,26971589
2025-04-29 00:00:00+05:30,138.8323622290045,140.0343274826286,137.70856072706445,138.2753448486328,25758449
2025-04-30 00:00:00+05:30,138.22646938253004,138.33396317063088,134.85509498999104,136.8876953125,29205042
2025-05-02 00:00:00+05:30,136.80952303872215,139.83888272757287,136.2720540731448,138.1776123046875,29588258
2025-05-05 00:00:00+05:30,138.3437451514002,139.44798325609716,137.9821670027162,138.8421173095703,17213477
2025-05-06 00:00:00+05:30,138.8421276077804,142.08646006882105,138.31442536723225,141.14834594726562,42658262
2025-05-07 00:00:00+05:30,138.95938614784575,143.60113789445452,138.95938614784575,142.67279052734375,34674594
2025-05-08 00:00:00+05:30,142.67279248588267,143.3177552634447,139.5945840918764,140.39588928222656,29687927
2025-05-09 00:00:00+05:30,137.77696790176375,140.0050075243771,137.30789594148902,139.5261688232422,21875453
2025-05-12 00:00:00+05:30,142.29167082849085,148.48718396758522,141.20696620102353,148.1744842529297,47087413
2025-05-13 00:00:00+05:30,148.53605150758028,149.5034956320895,145.61418565270813,146.0246124267578,54389876
2025-05-14 00:00:00+05:30,147.5588382491701,153.56867900814177,147.5588382491701,151.77061462402344,60002060
2025-05-15 00:00:00+05:30,151.95629872314925,154.24296870727517,150.78364859624276,153.76414489746094,57066105
2025-05-16 00:00:00+05:30,153.76414027101197,154.5458970580579,153.42211049338817,153.95957946777344,22884754
2025-05-19 00:00:00+05:30,154.39931949890516,154.53612842606958,152.57193991941134,153.9791259765625,21839582
2025-05-20 00:00:00+05:30,154.74134502722882,158.40588573758893,154.39931526317346,155.07359313964844,58061639
2025-05-21 00:00:00+05:30,155.81626573409022,158.1615807009116,154.91723354901094,157.95635986328125,36044599
2025-05-22 00:00:00+05:30,157.3114011235807,159.8717037334825,156.70553515785153,157.6143341064453,60715453
2025-05-23 00:00:00+05:30,157.91728360996365,159.80329344433994,157.81955655788985,159.2560577392578,29483665
2025-05-26 00:00:00+05:30,159.3830995617113,161.77726322151975,158.35702516149206,158.80653381347656,25581584
2025-05-27 00:00:00+05:30,158.8065419700382,160.1648645586298,156.95961391920423,157.97592163085938,23296776
2025-05-28 00:00:00+05:30,158.69904403309386,158.9824435439945,156.98892495984478,157.56549072265625,13044476
2025-05-29 00:00:00+05:30,158.4938347076491,160.21372048515627,157.8195568159793,159.4026336669922,26455081
2025-05-30 00:00:00+05:30,159.3928614714847,160.15508473744737,156.8521073109064,157.35049438476562,32739340
2025-06-02 00:00:00+05:30,155.3765370203625,156.4710084844399,153.71528143065774,155.41561889648438,31365564
2025-06-03 00:00:00+05:30,155.41561883418166,156.9889290186899,153.58823917734452,153.76414489746094,28398746
2025-06-04 00:00:00+05:30,153.9107143270563,155.356982261193,153.23643643090236,154.57521057128906,16660138
2025-06-05 00:00:00+05:30,155.23972749918335,155.46448183590726,153.47097811802558,154.37001037597656,23708504
2025-06-06 00:00:00+05:30,155.6999969482422,157.8800048828125,154.25,157.49000549316406,25804151
2025-06-09 00:00:00+05:30,157.69000244140625,158.1999969482422,156.82000732421875,157.32000732421875,15315437
2025-06-10 00:00:00+05:30,158.0,159.3000030517578,155.5,155.67999267578125,22764080
2025-06-11 00:00:00+05:30,156.4499969482422,157.52999877929688,155.30999755859375,156.41000366210938,17605668
2025-06-12 00:00:00+05:30,156.0,156.25999450683594,151.85000610351562,152.88999938964844,27846151
2025-06-13 00:00:00+05:30,149.8000030517578,152.5,149.8000030517578,152.1300048828125,24277592
2025-06-16 00:00:00+05:30,152.00999450683594,154.5,150.83999633789062,154.1699981689453,16188193
2025-06-17 00:00:00+05:30,153.80999755859375,154.88999938964844,152.35000610351562,152.60000610351562,16740382
2025-06-18 00:00:00+05:30,152.1999969482422,153.1999969482422,150.8000030517578,152.11000061035156,14860746
2025-06-19 00:00:00+05:30,152.0,152.4499969482422,150.5,151.0,20145922
2025-06-20 00:00:00+05:30,150.75,153.1699981689453,150.6300048828125,151.97000122070312,29944714
2025-06-23 00:00:00+05:30,150.5,153.3000030517578,150.47999572753906,152.42999267578125,17096676
2025-06-24 00:00:00+05:30,153.8000030517578,156.97000122070312,153.63999938964844,154.7899932861328,25403324
2025-06-25 00:00:00+05:30,155.89999389648438,156.89999389648438,155.50999450683594,156.38999938964844,18240433
2025-06-26 00:00:00+05:30,156.8699951171875,161.10000610351562,156.4499969482422,160.5399932861328,40650557
2025-06-27 00:00:00+05:30,161.0,163.3000030517578,160.6999969482422,161.4499969482422,31989509
2025-06-30 00:00:00+05:30,160.99000549316406,162.1999969482422,159.5,159.75999450683594,15842285
2025-07-01 00:00:00+05:30,160.00999450683594,160.44000244140625,157.72999572753906,160.05999755859375,17823415
2025-07-02 00:00:00+05:30,160.05999755859375,166.14999389648438,159.8300018310547,165.8800048828125,63315210
2025-07-03 00:00:00+05:30,166.0,168.77999877929688,165.2100067138672,165.91000366210938,60571824
2025-07-04 00:00:00+05:30,165.91000366210938,166.49000549316406,162.0,163.00999450683594,22938753
2025-07-07 00:00:00+05:30,163.0,163.35000610351562,160.0500030517578,162.39999389648438,17469909
2025-07-08 00:00:00+05:30,162.4499969482422,162.89999389648438,161.60000610351562,161.97000122070312,11398248
2025-07-09 00:00:00+05:30,161.9499969482422,161.9499969482422,157.50999450683594,159.0,29839077
2025-07-10 00:00:00+05:30,160.0,161.5500030517578,159.27999877929688,160.66000366210938,17566887
2025-07-11 00:00:00+05:30,160.63999938964844,161.6199951171875,159.32000732421875,159.83999633789062,20689511
2025-07-14 00:00:00+05:30,159.83999633789062,161.1199951171875,159.3000030517578,160.44000244140625,15152964
2025-07-15 00:00:00+05:30,160.25999450683594,160.85000610351562,157.9499969482422,159.0,17993051
2025-07-16 00:00:00+05:30,159.0,159.27000427246094,157.0,157.3300018310547,14591157
2025-07-17 00:00:00+05:30,157.5,160.6999969482422,157.1199951171875,159.89999389648438,21733241
2025-07-18 00:00:00+05:30,160.10000610351562,162.75,160.10000610351562,162.3699951171875,30728478
2025-07-21 00:00:00+05:30,162.5,165.60000610351562,162.49000549316406,163.02000427246094,29812899
2025-07-22 00:00:00+05:30,163.3000030517578,164.41000366210938,162.72999572753906,163.0399932861328,13615524
2025-07-23 00:00:00+05:30,163.25,164.13999938964844,161.8800048828125,162.77000427246094,14287149
2025-07-24 00:00:00+05:30,163.0,164.75,162.80999755859375,163.47999572753906,14377270
2025-07-25 00:00:00+05:30,163.5,163.58999633789062,161.0500030517578,161.42999267578125,12443495
2025-07-28 00:00:00+05:30,161.22999572753906,162.2899932861328,159.08999633789062,159.67999267578125,19296285
2025-07-29 00:00:00+05:30,158.1999969482422,162.4499969482422,158.1999969482422,161.69000244140625,15262937
2025-07-30 00:00:00+05:30,161.69000244140625,162.7899932861328,161.0500030517578,161.36000061035156,16083106
2025-07-31 00:00:00+05:30,161.0,162.1300048828125,156.55999755859375,157.94000244140625,26213891
2025-08-01 00:00:00+05:30,157.92999267578125,157.92999267578125,152.50999450683594,153.00999450683594,23927359
2025-08-04 00:00:00+05:30,153.5,159.9199981689453,153.5,159.55999755859375,30064719
2025-08-05 00:00:00+05:30,159.55999755859375,160.13999938964844,158.27999877929688,159.6199951171875,14441034
2025-08-06 00:00:00+05:30,159.6199951171875,159.8000030517578,157.8000030517578,158.66000366210938,13438851
2025-08-07 00:00:00+05:30,157.14999389648438,160.0,156.25999450683594,159.6699981689453,23159540
2025-08-08 00:00:00+05:30,159.5,159.9499969482422,157.00999450683594,157.9499969482422,11951173
2025-08-11 00:00:00+05:30,157.9499969482422,160.0,157.14999389648438,158.52000427246094,14325736
2025-08-12 00:00:00+05:30,158.52000427246094,161.64999389648438,158.5,160.16000366210938,20056598
2025-08-13 00:00:00+05:30,160.9600067138672,162.39999389648438,159.89999389648438,160.17999267578125,18079396
2025-08-14 00:00:00+05:30,160.02000427246094,160.60000610351562,154.8300018310547,155.3000030517578,47256126
2025-08-18 00:00:00+05:30,158.0,159.0,156.0,157.9600067138672,61022494
2025-08-19 00:00:00+05:30,158.5,159.4600067138672,156.75999450683594,159.22999572753906,21224239
2025-08-20 00:00:00+05:30,158.1999969482422,162.75999450683594,158.02999877929688,161.9199981689453,28520245
2025-08-21 00:00:00+05:30,161.9199981689453,162.5399932861328,161.19000244140625,161.50999450683594,17282594
2025-08-22 00:00:00+05:30,161.25,161.27999877929688,158.10000610351562,158.5500030517578,16063984
2025-08-25 00:00:00+05:30,159.1999969482422,160.3300018310547,158.63999938964844,159.6300048828125,16376542
2025-08-26 00:00:00+05:30,159.16000366210938,159.16000366210938,154.63999938964844,155.02999877929688,19621100
2025-08-28 00:00:00+05:30,155.77999877929688,155.8699951171875,153.16000366210938,153.6300048828125,22269875
2025-08-29 00:00:00+05:30,154.5,155.10000610351562,153.0500030517578,154.47999572753906,16971859
2025-09-01 00:00:00+05:30,154.47999572753906,156.36000061035156,153.6999969482422,156.1699981689453,10798622
2025-09-02 00:00:00+05:30,156.1699981689453,159.07000732421875,155.5,158.38999938964844,21202113
2025-09-03 00:00:00+05:30,158.39999389648438,168.0,158.39999389648438,167.85000610351562,82352014
2025-09-04 00:00:00+05:30,169.0,169.3000030517578,166.6199951171875,166.80999755859375,26316842
2025-09-05 00:00:00+05:30,167.0,168.0,165.94000244140625,167.67999267578125,16798170
2025-09-08 00:00:00+05:30,170.0,172.5,168.4600067138672,168.82000732421875,36402317
2025-09-09 00:00:00+05:30,169.3000030517578,169.72000122070312,167.99000549316406,169.14999389648438,14028910
2025-09-10 00:00:00+05:30,169.19000244140625,170.72999572753906,168.75,169.42999267578125,13128306
2025-09-11 00:00:00+05:30,169.35000610351562,170.89999389648438,168.4600067138672,169.41000366210938,13829526
2025-09-12 00:00:00+05:30,169.60000610351562,171.0,168.6300048828125,169.77999877929688,12119036
2025-09-15 00:00:00+05:30,169.77000427246094,170.1999969482422,168.6300048828125,169.22999572753906,10611401
2025-09-16 00:00:00+05:30,169.38999938964844,172.27000427246094,169.02000427246094,172.02000427246094,26629438
2025-09-17 00:00:00+05:30,172.5,172.89999389648438,169.35000610351562,171.36000061035156,21381306
2025-09-18 00:00:00+05:30,171.4600067138672,172.1999969482422,169.80999755859375,172.02999877929688,16413388
2025-09-19 00:00:00+05:30,172.10000610351562,172.6699981689453,170.60000610351562,171.47999572753906,25406461
2025-09-22 00:00:00+05:30,170.8000030517578,172.2100067138672,170.50999450683594,171.38999938964844,20970704
2025-09-23 00:00:00+05:30,171.4499969482422,173.80999755859375,171.1999969482422,173.2899932861328,24533561
2025-09-24 00:00:00+05:30,173.16000366210938,174.44000244140625,172.3800048828125,172.66000366210938,20168891
2025-09-25 00:00:00+05:30,172.89999389648438,173.85000610351562,171.86000061035156,172.3800048828125,17026549
2025-09-26 00:00:00+05:30,172.22000122070312,173.3699951171875,167.1999969482422,167.39999389648438,20157657
2025-09-29 00:00:00+05:30,167.60000610351562,170.27999877929688,167.55999755859375,168.97999572753906,16832342
2025-09-30 00:00:00+05:30,169.5,170.14999389648438,168.41000366210938,168.77000427246094,24553596
2025-10-01 00:00:00+05:30,169.0,169.74000549316406,166.1300048828125,167.50999450683594,17542776
2025-10-03 00:00:00+05:30,168.1199951171875,174.74000549316406,168.1199951171875,173.2100067138672,55172705
2025-10-06 00:00:00+05:30,173.3000030517578,173.47999572753906,169.3000030517578,170.05999755859375,21474004
2025-10-07 00:00:00+05:30,170.39999389648438,172.1999969482422,170.39999389648438,171.42999267578125,19189843
2025-10-08 00:00:00+05:30,172.0,173.6300048828125,170.05999755859375,171.94000244140625,22662699
2025-10-09 00:00:00+05:30,172.7899932861328,177.82000732421875,172.77999877929688,176.4199981689453,68504717
2025-10-10 00:00:00+05:30,176.0,176.13999938964844,172.89999389648438,173.86000061035156,18085975
2025-10-13 00:00:00+05:30,173.0,173.8000030517578,170.91000366210938,173.02999877929688,19386219
2025-10-14 00:00:00+05:30,174.91000366210938,176.4499969482422,169.25,170.50999450683594,22082970
2025-10-15 00:00:00+05:30,170.8300018310547,174.0,170.11000061035156,173.24000549316406,15031989
2025-10-16 00:00:00+05:30,173.0,174.49000549316406,172.22000122070312,174.0,12205250
2025-10-17 00:00:00+05:30,173.60000610351562,174.30999755859375,170.99000549316406,172.22000122070312,21659007
2025-10-20 00:00:00+05:30,173.3000030517578,173.3000030517578,170.82000732421875,171.9499969482422,18049579
2025-10-21 00:00:00+05:30,172.39999389648438,173.25,172.10000610351562,172.77999877929688,2471987
2025-10-23 00:00:00+05:30,173.89999389648438,176.0800018310547,173.63999938964844,174.16000366210938,31472510
2025-10-24 00:00:00+05:30,174.60000610351562,177.35000610351562,173.72000122070312,174.44000244140625,25226376
2025-10-27 00:00:00+05:30,175.88999938964844,177.89999389648438,175.52999877929688,176.66000366210938,23832477
2025-10-28 00:00:00+05:30,177.35000610351562,182.05999755859375,177.02000427246094,181.80999755859375,59511794
2025-10-29 00:00:00+05:30,183.6699981689453,186.94000244140625,182.0500030517578,185.19000244140625,51610530
2025-10-30 00:00:00+05:30,184.39999389648438,185.19000244140625,182.63999938964844,184.35000610351562,24270977
2025-10-31 00:00:00+05:30,184.0,184.3000030517578,182.1199951171875,182.83999633789062,16041321
2025-11-03 00:00:00+05:30,182.39999389648438,184.10000610351562,181.8000030517578,182.6699981689453,16652212
2025-11-04 00:00:00+05:30,183.0,183.08999633789062,178.89999389648438,179.2899932861328,18746387
2025-11-05 00:00:00+05:30,179.2899932861328,179.2899932861328,179.2899932861328,179.2899932861328,0
2025-11-06 00:00:00+05:30,179.2899932861328,180.6699981689453,176.52000427246094,177.27000427246094,23664538
2025-11-07 00:00:00+05:30,177.0,182.25,175.00999450683594,181.3699951171875,19165876
2025-11-10 00:00:00+05:30,182.02999877929688,182.50999450683594,180.1999969482422,181.47999572753906,18376132
2025-11-11 00:00:00+05:30,182.89999389648438,182.89999389648438,179.02000427246094,181.0399932861328,14109340
2025-11-12 00:00:00+05:30,181.44000244140625,182.14999389648438,178.0,178.61000061035156,19037263
2025-11-13 00:00:00+05:30,184.0,184.0,175.10000610351562,176.64999389648438,82083661
2025-11-14 00:00:00+05:30,177.52000427246094,177.6999969482422,172.1199951171875,174.25999450683594,38345500
2025-11-17 00:00:00+05:30,175.1300048828125,175.25,172.6199951171875,173.1699981689453,28204282
2025-11-18 00:00:00+05:30,172.39999389648438,173.1199951171875,170.5500030517578,172.4499969482422,34278387
2025-11-19 00:00:00+05:30,172.4499969482422,173.89999389648438,172.05999755859375,173.2100067138672,19621610
2025-11-20 00:00:00+05:30,174.10000610351562,174.36000061035156,172.25999450683594,172.4600067138672,15968891
2025-11-21 00:00:00+05:30,171.8000030517578,171.89999389648438,167.6999969482422,168.0,28412865
2025-11-24 00:00:00+05:30,168.0,168.3800048828125,165.17999267578125,165.36000061035156,31202769
2025-11-25 00:00:00+05:30,166.0,167.27000427246094,165.0800018310547,166.3300018310547,19983310
2025-11-26 00:00:00+05:30,167.0,169.9499969482422,166.89999389648438,169.6699981689453,15044796
2025-11-27 00:00:00+05:30,170.4499969482422,171.0,167.17999267578125,168.1300048828125,17546627
2025-11-28 00:00:00+05:30,168.1300048828125,169.0,167.2899932861328,167.9600067138672,11975539
2025-12-01 00:00:00+05:30,169.0,169.64999389648438,167.6999969482422,168.6300048828125,11758473
2025-12-02 00:00:00+05:30,168.42999267578125,168.85000610351562,167.0,167.77999877929688,15355023
2025-12-03 00:00:00+05:30,167.77999877929688,167.99000549316406,165.0,166.9199981689453,18873943
2025-12-04 00:00:00+05:30,167.8000030517578,167.97000122070312,166.1999969482422,166.77000427246094,11419966
2025-12-05 00:00:00+05:30,167.0,167.64999389648438,165.0,167.11000061035156,33500436
2025-12-08 00:00:00+05:30,167.08999633789062,168.1999969482422,163.0,163.47000122070312,15772400
2025-12-09 00:00:00+05:30,163.38999938964844,163.38999938964844,160.05999755859375,160.6699981689453,25766371
2025-12-10 00:00:00+05:30,161.0,163.67999267578125,160.80999755859375,162.22999572753906,22537548
2025-12-11 00:00:00+05:30,163.5,166.66000366210938,163.1699981689453,166.3800048828125,32603566
2025-12-12 00:00:00+05:30,167.60000610351562,172.5,167.39999389648438,171.88999938964844,41130927
2025-12-15 00:00:00+05:30,170.9499969482422,173.1699981689453,170.5,172.8699951171875,23254201
2025-12-16 00:00:00+05:30,172.6999969482422,172.6999969482422,169.25,169.8300018310547,22981935
2025-12-17 00:00:00+05:30,170.08999633789062,171.3000030517578,169.66000366210938,170.33999633789062,11624504
2025-12-18 00:00:00+05:30,169.9199981689453,170.4499969482422,167.55999755859375,168.1199951171875,13152378
2025-12-19 00:00:00+05:30,169.14999389648438,169.6199951171875,167.8300018310547,168.69000244140625,28448892
2025-12-22 00:00:00+05:30,169.0399932861328,171.4600067138672,169.0,169.22000122070312,23729300
2025-12-23 00:00:00+05:30,169.35000610351562,171.35000610351562,169.25,170.89999389648438,17348078
2025-12-24 00:00:00+05:30,171.35000610351562,171.64999389648438,169.6699981689453,170.07000732421875,17430406
2025-12-25 00:00:00+05:30,170.07000732421875,170.07000732421875,170.07000732421875,170.07000732421875,0
2025-12-26 00:00:00+05:30,169.88999938964844,169.89999389648438,167.82000732421875,169.1199951171875,16904834
2025-12-29 00:00:00+05:30,169.50999450683594,174.1300048828125,169.2899932861328,172.3000030517578,48001907
2025-12-30 00:00:00+05:30,172.77999877929688,176.35000610351562,170.8000030517578,175.8000030517578,33741158
2025-12-31 00:00:00+05:30,180.0,181.39999389648438,178.5,180.0800018310547,50897201
2026-01-01 00:00:00+05:30,180.60000610351562,182.1999969482422,180.1999969482422,181.88999938964844,21507757
2026-01-02 00:00:00+05:30,182.0,183.85000610351562,181.60000610351562,182.8800048828125,23006840
