Date,Open,High,Low,Close,Volume
2021-01-04 00:00:00+05:30,2635.404881302488,2725.4106581808696,2627.319951520228,2715.315673828125,5113293
2021-01-05 00:00:00+05:30,2715.4495812480673,2782.1386322899616,2715.4495812480673,2763.15478515625,5801309
2021-01-06 00:00:00+05:30,2769.4081596013234,2781.4684854576517,2713.305266811655,2726.080322265625,3726716
2021-01-07 00:00:00+05:30,2747.074399938369,2752.3006287216613,2680.2959246878345,2709.374755859375,3717827
2021-01-08 00:00:00+05:30,2760.474927807625,2794.4225159165862,2733.674200353182,2788.07958984375,5879039
2021-01-11 00:00:00+05:30,2885.544907172452,2885.544907172452,2810.994262711835,2837.70556640625,9508039
2021-01-12 00:00:00+05:30,2837.7058526996366,2867.678045361701,2814.0765865698936,2836.276611328125,3611458
2021-01-13 00:00:00+05:30,2836.409718821129,2838.1964336046385,2792.858545973088,2822.0712890625,3572801
2021-01-14 00:00:00+05:30,2823.906514424815,2923.7054292769126,2792.9374363990723,2909.5634765625,6931542
2021-01-15 00:00:00+05:30,2895.5111813812982,2930.4184259172707,2873.134742576188,2894.034423828125,4131692
2021-01-18 00:00:00+05:30,2908.9372329552066,2914.978871823652,2852.906539152469,2883.65185546875,4160906
2021-01-19 00:00:00+05:30,2893.7215934288456,2934.8942483307096,2892.826535713588,2918.5146484375,2975735
2021-01-20 00:00:00+05:30,2926.8383715743817,2978.7069161372888,2924.2427919249913,2961.566650390625,3453446
2021-01-21 00:00:00+05:30,2958.165627244179,2961.880029201729,2919.76774024708,2930.28466796875,2778546
2021-01-22 00:00:00+05:30,2901.6876230894795,2976.0670092859323,2901.6876230894795,2956.46533203125,3052459
2021-01-25 00:00:00+05:30,2961.701000604869,2989.3136168261917,2934.5807098005753,2945.9033203125,2272887
2021-01-27 00:00:00+05:30,2953.6905807260937,2959.4636595207935,2888.3513648494254,2918.828125,2786662
2021-01-28 00:00:00+05:30,2891.0360687780685,2931.3136610675465,2849.684451064856,2861.096435546875,3083938
2021-01-29 00:00:00+05:30,2873.1800428094575,2879.266478935346,2774.678898218704,2784.837890625,5445659
2021-02-01 00:00:00+05:30,2774.6785658792774,2832.8573100025524,2724.6449333412297,2809.899169921875,3985846
2021-02-02 00:00:00+05:30,2840.9128142564196,2885.665694128134,2819.4314319179966,2867.272216796875,2881837
2021-02-03 00:00:00+05:30,2875.8204459235067,2896.406773423115,2830.754202445732,2864.2294921875,2505866
2021-02-04 00:00:00+05:30,2878.54986710603,2898.0621653303597,2842.7027686525103,2853.84619140625,2057261
2021-02-05 00:00:00+05:30,2863.2442336240642,2869.420261675178,2800.635003285282,2826.546875,2366135
2021-02-08 00:00:00+05:30,2854.786183377473,2887.4557854133027,2824.040867752225,2876.8046875,2526592
2021-02-09 00:00:00+05:30,2859.7091757039457,2905.1781477728023,2831.962388709635,2843.508544921875,2658751
2021-02-10 00:00:00+05:30,2850.758691312665,2881.5485878862137,2825.9656374501346,2876.0888671875,2127983
2021-02-11 00:00:00+05:30,2877.6106956134495,2881.4594876817146,2850.8037594314005,2869.55517578125,1165882
2021-02-12 00:00:00+05:30,2850.042483361092,2904.9095602002735,2848.073400264141,2855.949951171875,2777404
2021-02-15 00:00:00+05:30,2872.239825031456,2872.239825031456,2802.9176579380933,2810.3466796875,2630853
2021-02-16 00:00:00+05:30,2819.4317534374486,2835.229434425715,2774.678868462251,2782.555419921875,3435770
2021-02-17 00:00:00+05:30,2779.24365201352,2804.081502297828,2725.94292418591,2750.601806640625,3678426
2021-02-18 00:00:00+05:30,2743.351497647591,2772.7988047820722,2712.9195397617773,2736.50439453125,4189909
2021-02-19 00:00:00+05:30,2737.0862743832645,2763.177117288657,2699.628024587149,2749.48291015625,3725028
2021-02-22 00:00:00+05:30,2771.098628291859,2771.098628291859,2634.2889719774175,2647.9833984375,5366696
2021-02-23 00:00:00+05:30,2658.32113954576,2710.2344816648356,2656.531024300275,2667.45068359375,3832829
2021-02-24 00:00:00+05:30,2660.1110262187194,2688.1711676885798,2614.597262605096,2638.71923828125,3774549
2021-02-25 00:00:00+05:30,2661.901293929805,2711.9349262026285,2656.9336805616276,2680.966064453125,4224073
2021-02-26 00:00:00+05:30,2649.3706742601657,2660.4247237718946,2577.7660614423235,2590.5654296875,5553153
2021-03-01 00:00:00+05:30,2618.9385399635635,2653.845786395067,2597.2781897279997,2617.327392578125,3265871
2021-03-02 00:00:00+05:30,2649.3706794131235,2707.5494274407765,2638.629987469557,2690.856689453125,3306469
2021-03-03 00:00:00+05:30,2716.4998251406973,2742.4564956280387,2682.3980430579804,2738.07080078125,3509857
2021-03-04 00:00:00+05:30,2705.7594734081085,2758.0755531644904,2699.5388659906343,2729.657470703125,3916760
2021-03-05 00:00:00+05:30,2699.5834315237335,2741.740515195055,2682.1298075688724,2692.378173828125,3203686
2021-03-08 00:00:00+05:30,2699.4936252417187,2714.7096038985856,2681.5924738806993,2691.393310546875,2003125
2021-03-09 00:00:00+05:30,2691.3938266413666,2745.052494431482,2678.1023503190204,2730.7763671875,1942397
2021-03-10 00:00:00+05:30,2752.302273279617,2768.592278802846,2738.8764085319117,2748.67724609375,3053778
2021-03-12 00:00:00+05:30,2752.302280580611,2789.8947019739066,2722.1836779913365,2737.04150390625,2938317
2021-03-15 00:00:00+05:30,2721.8702474331058,2773.7835898701724,2721.8702474331058,2744.380859375,3097083
2021-03-16 00:00:00+05:30,2738.8763934337435,2811.3760626716953,2738.8763934337435,2783.674072265625,4894756
2021-03-17 00:00:00+05:30,2779.1543540196362,2823.9072421681008,2761.5217597931337,2786.27001953125,3838390
2021-03-18 00:00:00+05:30,2797.905140318471,2816.2538203269355,2673.58173244957,2717.84228515625,3656306
2021-03-19 00:00:00+05:30,2712.0248584497413,2773.7838403748347,2689.6484157232585,2730.10498046875,5776626
2021-03-22 00:00:00+05:30,2728.7621691393097,2809.988649545886,2701.8656434935315,2801.217041015625,2821646
2021-03-23 00:00:00+05:30,2810.4813561744827,2836.4380311200434,2795.1312030543163,2812.80859375,3305973
2021-03-24 00:00:00+05:30,2784.7030081202242,2821.4899608630994,2784.658211538706,2793.564208984375,2207104
2021-03-25 00:00:00+05:30,2785.5986258756193,2802.291583665716,2729.92607872817,2743.2177734375,3179786
2021-03-26 00:00:00+05:30,2766.309884822502,2790.7897993673264,2723.705271082032,2744.962890625,3697370
2021-03-30 00:00:00+05:30,2759.4625830758696,2853.8463633697284,2739.6817226915864,2827.084228515625,4694008
2021-03-31 00:00:00+05:30,2823.906975498895,2868.659859421223,2803.320648894624,2844.359130859375,3530069
2021-04-01 00:00:00+05:30,2856.218513615022,2877.610303737164,2814.9562691301344,2832.857421875,4285076
2021-04-05 00:00:00+05:30,2838.227868936981,2920.573174500589,2820.3267155535877,2899.002197265625,5317862
2021-04-06 00:00:00+05:30,2931.313864251768,2931.313864251768,2891.036269170446,2922.0947265625,2291562
2021-04-07 00:00:00+05:30,2916.9924386853572,2933.595799277221,2895.332090546384,2928.091064453125,2491268
2021-04-08 00:00:00+05:30,2926.838657372688,2985.0174074427873,2923.303223187802,2969.2197265625,2578118
2021-04-09 00:00:00+05:30,3002.0235509632025,3002.3369085688078,2960.85089641809,2973.60546875,2911129
2021-04-12 00:00:00+05:30,2973.605183488422,2987.791934199363,2875.9991061447613,2905.849365234375,3791828
2021-04-13 00:00:00+05:30,2876.7152547441287,2876.7152547441287,2750.556924099582,2778.3037109375,8654596
2021-04-15 00:00:00+05:30,2828.6504689847543,2897.5251049711037,2763.445437906345,2881.1455078125,6062760
2021-04-16 00:00:00+05:30,2890.140309325031,2906.2513423283917,2848.6097338798727,2859.842529296875,3224657
2021-04-19 00:00:00+05:30,2836.437779776635,2854.338933325241,2806.095411919724,2829.993408203125,2679106
2021-04-20 00:00:00+05:30,2886.5608082156655,2886.874165788868,2798.2634619087594,2814.553466796875,3141893
2021-04-22 00:00:00+05:30,2817.641499208782,2817.641499208782,2779.3777844403016,2791.505859375,1988980
2021-04-23 00:00:00+05:30,2779.1541251639383,2791.6849328136304,2766.6681141026975,2783.181884765625,1615309
2021-04-26 00:00:00+05:30,2776.5135974412597,2822.1167405211468,2763.98279047415,2775.394775390625,2490260
2021-04-27 00:00:00+05:30,2780.0488156529373,2806.9901359492337,2777.363642939815,2803.3203125,1471417
2021-04-28 00:00:00+05:30,2819.386373208734,2820.3262273026435,2785.41898424812,2796.249267578125,1639037
2021-04-29 00:00:00+05:30,2815.4937029885937,2826.010631391147,2779.6018003514714,2788.32861328125,1621395
2021-04-30 00:00:00+05:30,2773.783529898853,2803.365227576106,2703.0739787978496,2717.08154296875,3072305
2021-05-03 00:00:00+05:30,2707.459267928956,2734.4005853265453,2688.7526541148745,2718.28955078125,1545831
2021-05-04 00:00:00+05:30,2741.382449632493,2765.7279725476988,2716.4998047515423,2729.701904296875,1990777
2021-05-05 00:00:00+05:30,2747.826896825683,2774.141503478518,2732.073795286073,2770.829833984375,1939289
2021-05-06 00:00:00+05:30,2779.6009654439927,2805.1101032688694,2751.4066552164977,2784.926513671875,1791671
2021-05-07 00:00:00+05:30,2804.215569733949,2828.2479546354916,2785.2403915808145,2804.1259765625,1912540
2021-05-10 00:00:00+05:30,2815.8062966524976,2832.1410971774603,2797.0548844113864,2815.403564453125,2137153
2021-05-11 00:00:00+05:30,2797.0550332794637,2799.829799280447,2766.757245751011,2794.906982421875,2415625
2021-05-12 00:00:00+05:30,2792.579858478146,2792.579858478146,2748.3640981268823,2763.580078125,1978558
2021-05-14 00:00:00+05:30,2773.3360184268367,2773.3360184268367,2720.9751479805013,2731.268310546875,2043935
2021-05-17 00:00:00+05:30,2734.4011709047204,2752.4812920623617,2717.3950752427927,2747.603271484375,2890462
2021-05-18 00:00:00+05:30,2774.6781644400266,2796.159543777627,2754.9869000472268,2764.653564453125,2098538
2021-05-19 00:00:00+05:30,2760.3577422204535,2790.7897017650366,2745.2313556195,2758.567626953125,1986041
2021-05-20 00:00:00+05:30,2745.2314616962976,2764.654169393326,2731.8055966725537,2738.87646484375,2329027
2021-05-21 00:00:00+05:30,2739.771473438007,2764.1169978743383,2734.4907206978974,2757.22509765625,1685566
2021-05-24 00:00:00+05:30,2758.1201171875,2779.1539717238966,2749.6170696089566,2758.1201171875,1652260
2021-05-25 00:00:00+05:30,2781.055430427605,2813.6599774369843,2772.1511040453966,2800.843017578125,1841613
2021-05-26 00:00:00+05:30,2806.239642284708,2846.7142525099684,2791.6688265213775,2840.867919921875,1923753
2021-05-27 00:00:00+05:30,2843.970950628995,2894.1595115997507,2843.8361230960995,2860.205810546875,5959785
2021-05-28 00:00:00+05:30,2868.750073934937,2876.3952771418494,2820.315375194454,2827.466064453125,1763701
2021-05-31 00:00:00+05:30,2833.22313007897,2851.5267387707327,2813.9752893482573,2841.452880859375,1652799
2021-06-01 00:00:00+05:30,2849.952919913253,2851.1670267269074,2817.0334753731563,2835.921630859375,1377441
2021-06-02 00:00:00+05:30,2833.9873152578516,2841.722331212589,2801.74245470922,2814.7392578125,2240078
2021-06-03 00:00:00+05:30,2837.315813933223,2837.315813933223,2808.6236744249195,2825.353271484375,1281706
2021-06-04 00:00:00+05:30,2813.4354473161034,2839.384260424999,2810.737139662028,2827.6015625,1836060
2021-06-07 00:00:00+05:30,2828.7255808559753,2869.6048939016155,2818.4721006082727,2863.083984375,2559821
2021-06-08 00:00:00+05:30,2876.3958905733634,2906.0772740595803,2866.6819393328346,2878.32958984375,2574057
2021-06-09 00:00:00+05:30,2879.9934462517576,2896.1832907341222,2865.782316621696,2878.41943359375,1710925
2021-06-10 00:00:00+05:30,2887.189211941427,2899.7813144234146,2871.8988017847278,2893.305419921875,1874324
2021-06-11 00:00:00+05:30,2888.5833583851017,2976.233341399763,2888.088624730927,2944.5732421875,3452954
2021-06-14 00:00:00+05:30,2949.2501163567918,2975.9633168598243,2941.4700841842455,2946.86669921875,1847360
2021-06-15 00:00:00+05:30,2966.339143821594,2966.339143821594,2924.5603965839546,2934.634033203125,1304985
2021-06-16 00:00:00+05:30,2934.0500251292747,2963.3715045944364,2925.8650703585176,2945.068115234375,1635552
2021-06-17 00:00:00+05:30,2937.1077486345343,3000.562991347635,2932.160851492446,2984.103271484375,2273413
2021-06-18 00:00:00+05:30,3013.9193440786485,3020.3054261147167,2945.652254474597,2965.709716796875,3380431
2021-06-21 00:00:00+05:30,2936.6580852083653,2955.546238283212,2924.6955443431953,2943.943603515625,1130569
2021-06-22 00:00:00+05:30,2971.735993548156,2992.468033425753,2954.646712713587,2969.217529296875,1708688
2021-06-23 00:00:00+05:30,2994.2223700909685,2994.2223700909685,2928.923230267258,2933.42041015625,1467104
2021-06-24 00:00:00+05:30,2953.747610590214,3042.7917681567283,2948.8007129476305,3034.337158203125,4155204
2021-06-25 00:00:00+05:30,3035.820343810915,3057.7664870364997,3013.1095924054707,3040.812255859375,2722861
2021-06-28 00:00:00+05:30,3050.4369887808352,3050.4369887808352,2997.819986320662,3001.19287109375,1355238
2021-06-29 00:00:00+05:30,3005.914634493905,3027.770969739679,2991.97337870855,3004.88037109375,1497322
2021-06-30 00:00:00+05:30,3009.5124566264103,3041.892148329504,3002.766687521599,3009.28759765625,1693146
2021-07-01 00:00:00+05:30,3020.305535032919,3023.903278374233,2997.2350936922753,3005.46484375,990310
2021-07-02 00:00:00+05:30,2996.02072132068,3003.8457690497153,2963.820874994245,2991.02880859375,1682274
2021-07-05 00:00:00+05:30,3005.9150108330514,3034.696961864367,2969.937572043906,2987.02685546875,1972858
2021-07-06 00:00:00+05:30,2979.83183565863,2993.323377323248,2928.654008779737,2934.23046875,2159420
2021-07-07 00:00:00+05:30,2945.6524375857066,2952.5780497807373,2915.6113677371595,2945.607421875,2640710
2021-07-08 00:00:00+05:30,2966.338990063248,2966.338990063248,2906.8862014262795,2930.811279296875,2485811
2021-07-09 00:00:00+05:30,2923.166378779875,2951.948324663246,2879.0940241459625,2885.52490234375,6365067
2021-07-12 00:00:00+05:30,2909.67455002845,2910.573985747161,2867.715961586125,2871.98828125,1892226
2021-07-13 00:00:00+05:30,2890.7871069732746,2890.7871069732746,2855.709105364078,2866.9970703125,1809339
2021-07-14 00:00:00+05:30,2866.502235129774,2897.982491869511,2864.7033633160745,2891.28173828125,2044279
2021-07-15 00:00:00+05:30,2909.354128396636,2913.1850723399903,2879.0670482525607,2887.134521484375,2232968
2021-07-16 00:00:00+05:30,2896.193986336898,2902.368655380736,2877.2646138771797,2879.78857421875,1256526
2021-07-19 00:00:00+05:30,2866.4477164503674,2884.2954537928154,2862.84212183848,2870.59423828125,1597058
2021-07-20 00:00:00+05:30,2870.5947349672792,2897.9971707317295,2844.949762798573,2889.704345703125,1811945
2021-07-22 00:00:00+05:30,2875.462164978894,2906.9660089483573,2875.462164978894,2899.214111328125,2859334
2021-07-23 00:00:00+05:30,2911.5179826736417,2921.929182321891,2890.4702336880823,2896.05908203125,1776193
2021-07-26 00:00:00+05:30,2884.475961019045,2906.3348804111424,2876.2282505952267,2882.267578125,1259611
2021-07-27 00:00:00+05:30,2884.4760708127865,2893.4900585340765,2849.4566404883512,2869.107177734375,1121367
2021-07-28 00:00:00+05:30,2873.6591683018164,2888.487133484745,2823.541310589031,2882.492919921875,1660654
2021-07-29 00:00:00+05:30,2884.7013659934373,2907.416570608226,2875.7324923938513,2880.690185546875,1731997
2021-07-30 00:00:00+05:30,2901.6024006705784,2905.6586948001273,2850.5382526002527,2855.13525390625,2999943
2021-08-02 00:00:00+05:30,2866.447628672063,2906.9203389239024,2854.7294465422715,2901.962646484375,2608669
2021-08-03 00:00:00+05:30,2910.616297050528,2965.601615762229,2901.557196429502,2961.00439453125,3804735
2021-08-04 00:00:00+05:30,2974.6155117870494,2979.3027407011086,2939.641200543948,2951.134033203125,2929598
2021-08-05 00:00:00+05:30,2952.080962547261,2988.1369132348614,2940.813477957386,2960.1484375,2534521
2021-08-06 00:00:00+05:30,2949.8718785115166,2996.2487900478436,2943.0662754230475,2983.448974609375,2292362
2021-08-09 00:00:00+05:30,2996.1592712246793,3007.967683090225,2983.6299164005527,2995.07763671875,1510489
2021-08-10 00:00:00+05:30,2988.677918030827,3019.5957204928204,2988.677918030827,3005.17333984375,2040777
2021-08-11 00:00:00+05:30,3019.685676058632,3028.6996631513443,2999.0437336435384,3014.45751953125,1929707
2021-08-12 00:00:00+05:30,2998.052166370646,3035.910912909301,2998.052166370646,3021.26318359375,1310205
2021-08-13 00:00:00+05:30,3029.3760414782487,3136.8678492432655,3026.4464953546735,3121.904541015625,4363584
2021-08-16 00:00:00+05:30,3118.8398689284086,3149.8030059434077,3097.6569969862644,3130.512939453125,2083489
2021-08-17 00:00:00+05:30,3138.760407763785,3209.7004393262005,3121.54360507962,3202.714599609375,4336019
2021-08-18 00:00:00+05:30,3221.463498999894,3240.5279915068645,3187.8864008959636,3209.474853515625,2631309
2021-08-20 00:00:00+05:30,3160.3037356293457,3222.500243831977,3154.895343611726,3208.528564453125,2836148
2021-08-23 00:00:00+05:30,3227.007601288427,3310.837687020221,3210.692195500499,3278.747802734375,3744176
2021-08-24 00:00:00+05:30,3296.4153932652675,3305.7449588206027,3239.987740671893,3256.93408203125,2511141
2021-08-25 00:00:00+05:30,3254.0494789442555,3333.147219048787,3251.390396652358,3298.218017578125,2123263
2021-08-26 00:00:00+05:30,3299.11911902594,3323.9978102458085,3288.2121071352803,3309.80078125,1902533
2021-08-27 00:00:00+05:30,3304.527725972904,3361.766545012533,3291.096972997124,3353.33837890625,3944728
2021-08-30 00:00:00+05:30,3348.696041528905,3371.5465857210597,3323.997806127345,3336.346923828125,2033114
2021-08-31 00:00:00+05:30,3343.64826015409,3429.0108933640668,3338.2849818860145,3413.10107421875,3207480
2021-09-01 00:00:00+05:30,3421.709283679127,3440.368191765668,3341.4848036350168,3348.65087890625,2643336
2021-09-02 00:00:00+05:30,3365.8226913240374,3478.632648775987,3355.0059070991074,3458.44140625,3403717
2021-09-03 00:00:00+05:30,3447.850345017299,3476.604878168127,3429.4167839183356,3463.21923828125,1746812
2021-09-06 00:00:00+05:30,3470.1144831458328,3495.263638567114,3437.934594016704,3472.187744140625,1723693
2021-09-07 00:00:00+05:30,3483.004335145285,3488.3676130245663,3432.751361106892,3439.64697265625,1585039
2021-09-08 00:00:00+05:30,3434.328901932205,3438.8358952418275,3385.653374188284,3402.013671875,4147175
2021-09-09 00:00:00+05:30,3416.0306544846244,3433.1572300107787,3393.766150314233,3417.56298828125,1441148
2021-09-13 00:00:00+05:30,3395.5689268453666,3472.548288341004,3395.5689268453666,3466.193603515625,1691473
2021-09-14 00:00:00+05:30,3470.3398779649287,3512.3000314262185,3447.8500244335396,3502.7451171875,1991188
2021-09-15 00:00:00+05:30,3499.319450526036,3587.566281843681,3484.806845630068,3564.625732421875,2461369
2021-09-16 00:00:00+05:30,3542.4967436345837,3589.144124419085,3508.3338223529545,3518.429443359375,2946666
2021-09-17 00:00:00+05:30,3533.4829937404943,3556.017961812819,3429.8221406078014,3450.419189453125,6477148
2021-09-20 00:00:00+05:30,3433.428008494446,3489.314733757417,3432.391487907924,3446.498291015625,2002008
2021-09-21 00:00:00+05:30,3477.5967135199853,3489.810711776264,3444.8307777642813,3482.05859375,1568129
2021-09-22 00:00:00+05:30,3481.6524916358844,3512.6156251226985,3472.5933906537475,3481.3369140625,1744067
2021-09-23 00:00:00+05:30,3488.413353787071,3496.525942981925,3456.8643958070847,3487.7373046875,2003869
2021-09-24 00:00:00+05:30,3506.4410732399797,3555.4770763141105,3474.8921175681544,3489.5849609375,2320754
2021-09-27 00:00:00+05:30,3515.4550603274456,3519.060655261115,3427.929155285406,3458.621826171875,1673362
2021-09-28 00:00:00+05:30,3470.385185522073,3470.385185522073,3381.3720590103053,3406.52099609375,2253075
2021-09-29 00:00:00+05:30,3389.0791474710613,3430.7237267298933,3355.1413516595003,3418.013916015625,2489161
2021-09-30 00:00:00+05:30,3429.8225184878056,3429.8225184878056,3380.3358111760117,3403.2763671875,2252412
2021-10-01 00:00:00+05:30,3408.864856476242,3434.3293721622217,3357.7104754079464,3362.397705078125,1578374
2021-10-04 00:00:00+05:30,3357.5302062212545,3410.5773921695504,3341.8908494240823,3401.248046875,1356860
2021-10-05 00:00:00+05:30,3383.850584894897,3461.37087000437,3372.6733294877213,3455.33154296875,1877966
2021-10-06 00:00:00+05:30,3457.7655773305473,3477.1005363497156,3420.8082288762844,3435.140380859375,1678154
2021-10-07 00:00:00+05:30,3452.356560715816,3514.5530627234903,3443.3876888601962,3509.054443359375,1647233
2021-10-08 00:00:00+05:30,3537.9897917684784,3596.49047762299,3515.4548249419277,3547.589599609375,2934339
2021-10-11 00:00:00+05:30,3384.752297562211,3387.0057944314267,3299.1194165320085,3322.1953125,11845402
2021-10-12 00:00:00+05:30,3340.583816789036,3341.485215552336,3272.6184380634545,3292.674560546875,5752877
2021-10-13 00:00:00+05:30,3290.1054950410103,3313.0460496161095,3285.598501212187,3294.792724609375,3545655
2021-10-14 00:00:00+05:30,3273.839726134171,3314.4804951482506,3258.667128270858,3261.602294921875,6442299
2021-10-18 00:00:00+05:30,3254.377335087423,3298.8563998517143,3252.5710786502946,3293.843994140625,3590107
2021-10-19 00:00:00+05:30,3313.577870525891,3332.6339666446383,3274.020805242482,3282.103759765625,3135441
2021-10-20 00:00:00+05:30,3262.0991602539602,3278.355468361538,3231.6637830617196,3259.25439453125,2933693
2021-10-21 00:00:00+05:30,3254.9648569726637,3257.9902045417994,3171.1093045050425,3190.30078125,4871211
2021-10-22 00:00:00+05:30,3215.136605288149,3216.581698700128,3147.401985794719,3159.910400390625,2691670
2021-10-25 00:00:00+05:30,3163.658270149771,3174.08944556962,3115.7924727424233,3154.581787109375,2595594
2021-10-26 00:00:00+05:30,3155.9817574184717,3187.139682910227,3138.3707560535668,3145.234619140625,3878763
2021-10-27 00:00:00+05:30,3145.596022349492,3171.109398069094,3145.596022349492,3151.692138671875,2510813
2021-10-28 00:00:00+05:30,3177.2052166959043,3177.2052166959043,3084.1830059739946,3090.188720703125,2424942
2021-10-29 00:00:00+05:30,3070.6817315859944,3125.727362949286,3057.9475330698438,3068.6044921875,3960501
2021-11-01 00:00:00+05:30,3104.910254982635,3149.208747333267,3082.3320448640998,3139.635498046875,2020718
2021-11-02 00:00:00+05:30,3155.5301444165884,3173.231546531015,3133.629284083989,3146.679443359375,3087414
2021-11-03 00:00:00+05:30,3164.7420457806443,3178.9211155491143,3130.2877904093675,3153.94970703125,1537639
2021-11-04 00:00:00+05:30,3172.6447265127936,3172.9157091187167,3165.4649001525945,3168.76123046875,328991
2021-11-08 00:00:00+05:30,3204.29917230212,3204.29917230212,3143.970158443692,3163.4326171875,2526082
2021-11-09 00:00:00+05:30,3168.1744073738173,3192.558874021221,3157.3368666416377,3166.09716796875,1782692
2021-11-10 00:00:00+05:30,3159.142588198891,3178.740426937858,3143.0668614050232,3146.769775390625,1516489
2021-11-11 00:00:00+05:30,3142.886871593522,3170.0259244534814,3103.149221492914,3150.29248046875,1284514
2021-11-12 00:00:00+05:30,3166.367819426574,3191.7907928724526,3148.0342708406747,3184.4755859375,1747259
2021-11-15 00:00:00+05:30,3186.236746664237,3223.8069733697826,3186.236746664237,3209.0859375,1809157
2021-11-16 00:00:00+05:30,3223.2647581721276,3229.180292369943,3198.880295165502,3211.88525390625,2013204
2021-11-17 00:00:00+05:30,3206.6474982147156,3217.710820124457,3166.7290501154803,3180.7275390625,1632914
2021-11-18 00:00:00+05:30,3174.631049448499,3179.7790566543704,3117.2374279096825,3139.002685546875,2136598
2021-11-22 00:00:00+05:30,3141.441472722624,3175.353985373038,3107.0324158864637,3123.37890625,3167936
2021-11-23 00:00:00+05:30,3111.2768901773475,3143.7443073860727,3077.680562631112,3128.662109375,2153461
2021-11-24 00:00:00+05:30,3135.841772532787,3154.672084182838,3092.311036272108,3109.741455078125,2161746
2021-11-25 00:00:00+05:30,3110.2838310775505,3127.5336718385456,3101.3881485673587,3112.090087890625,1849619
2021-11-26 00:00:00+05:30,3093.214555678029,3151.917897610604,3081.3834862616445,3112.947998046875,1941251
2021-11-29 00:00:00+05:30,3113.2184543157223,3187.455772751233,3076.461178691625,3162.755126953125,2981745
2021-11-30 00:00:00+05:30,3152.820890092407,3218.5234738088843,3152.820890092407,3187.275146484375,5588446
2021-12-01 00:00:00+05:30,3192.5587091049274,3242.2307682282008,3192.5587091049274,3231.212646484375,2102118
2021-12-02 00:00:00+05:30,3241.50791577519,3294.611901710023,3227.870811305164,3290.005859375,3152938
2021-12-03 00:00:00+05:30,3293.2122269654,3310.823229251387,3279.1235574307984,3287.79345703125,2486263
2021-12-06 00:00:00+05:30,3287.793043999956,3303.6429881642466,3180.8175517535474,3193.822509765625,1849642
2021-12-07 00:00:00+05:30,3217.3946049110646,3249.455659921406,3182.8951475613785,3237.263427734375,1484458
2021-12-08 00:00:00+05:30,3252.1647312810596,3293.211864921609,3252.1647312810596,3275.5556640625,1428660
2021-12-09 00:00:00+05:30,3260.293093472357,3282.645518420679,3220.555449119786,3252.84228515625,1567957
2021-12-10 00:00:00+05:30,3237.7149799215686,3289.1932934098613,3228.774097880252,3284.4970703125,1510718
2021-12-13 00:00:00+05:30,3296.417872935273,3307.255411147663,3252.7967375323474,3259.9765625,1883864
2021-12-14 00:00:00+05:30,3255.777734547771,3282.871585320707,3230.2191578872375,3272.756591796875,1747007
2021-12-15 00:00:00+05:30,3269.324114064991,3272.033498689907,3213.4655461851976,3224.48388671875,1603233
2021-12-16 00:00:00+05:30,3235.0054502198122,3258.893148767848,3224.167911023096,3234.644287109375,2072320
2021-12-17 00:00:00+05:30,3253.519128974441,3297.6370268722562,3227.5089944074175,3237.12744140625,4333992
2021-12-20 00:00:00+05:30,3241.3274202553325,3256.680601125865,3170.115666668536,3212.3369140625,2312310
2021-12-21 00:00:00+05:30,3235.5929246647715,3288.4711374097915,3220.917087935258,3258.75830078125,2340989
2021-12-22 00:00:00+05:30,3272.93684317548,3284.4969291037405,3256.906316418757,3279.032958984375,1224328
2021-12-23 00:00:00+05:30,3294.612240865956,3314.9326288647185,3278.3559304669466,3307.88818359375,1792861
2021-12-24 00:00:00+05:30,3328.0274086748836,3346.0899726297,3291.7216992237595,3315.293212890625,2209923
2021-12-27 00:00:00+05:30,3315.38363995623,3341.5743578965003,3299.2177332857636,3338.05224609375,1534135
2021-12-28 00:00:00+05:30,3350.6059829025485,3364.1529073617235,3336.020549097627,3347.490234375,1456218
2021-12-29 00:00:00+05:30,3334.575221721809,3359.591829703565,3328.027542025829,3336.787841796875,1456923
2021-12-30 00:00:00+05:30,3324.7311019477615,3377.699482915551,3323.511790676264,3372.054931640625,1966475
2021-12-31 00:00:00+05:30,3380.2288380035056,3395.7626015508336,3369.8428619615283,3376.2099609375,1207141
2022-01-03 00:00:00+05:30,3386.7310281743175,3458.981290108703,3382.2153868034184,3447.91796875,2346158
2022-01-04 00:00:00+05:30,3459.974747527328,3512.401166362095,3442.453927078044,3508.427490234375,2488606
2022-01-05 00:00:00+05:30,3490.5910635152622,3495.1067052533153,3443.086424234813,3486.933349609375,1733031
2022-01-06 00:00:00+05:30,3442.7252448571894,3463.4971967542815,3406.600111123116,3438.615966796875,1810293
2022-01-07 00:00:00+05:30,3449.9500365434833,3490.5004082009755,3428.6361208964654,3480.204833984375,2460591
2022-01-10 00:00:00+05:30,3592.6441460052583,3592.6441460052583,3486.9781417109857,3504.002197265625,3937092
2022-01-11 00:00:00+05:30,3482.462761056655,3544.778614405438,3482.462761056655,3536.56005859375,1906106
2022-01-12 00:00:00+05:30,3544.7786042510666,3548.391117478329,3464.8969496112923,3485.98486328125,3203744
2022-01-13 00:00:00+05:30,3538.4571687553607,3542.972810879857,3483.366334836505,3520.30419921875,6684507
2022-01-14 00:00:00+05:30,3502.195747529937,3591.740819570282,3486.1200216143416,3583.748046875,3348123
2022-01-17 00:00:00+05:30,3605.9204054611096,3651.347804134479,3578.465392681304,3629.80810546875,3442604
2022-01-18 00:00:00+05:30,3643.17465255847,3650.1738974422906,3594.4509209814223,3604.024169921875,2389041
2022-01-19 00:00:00+05:30,3629.7176748549336,3629.7176748549336,3537.8890746560864,3541.6435546875,3102539
2022-01-20 00:00:00+05:30,3537.4369263783205,3546.484079642715,3447.8701090608133,3461.9384765625,6176776
2022-01-21 00:00:00+05:30,3444.2508765116527,3484.5559841357417,3411.7716881443966,3468.225830078125,3112358
2022-01-24 00:00:00+05:30,3474.106662264646,3482.8370763330377,3383.7256944802684,3411.998046875,3258414
2022-01-25 00:00:00+05:30,3410.324237396472,3446.4222886055563,3367.531160609474,3410.68603515625,3330501
2022-01-27 00:00:00+05:30,3375.4927005013874,3377.6639288163815,3279.6834409610124,3301.5322265625,5718297
2022-01-28 00:00:00+05:30,3298.5918288101216,3374.4070115633695,3298.5918288101216,3338.444580078125,3143862
2022-01-31 00:00:00+05:30,3391.7777963208846,3399.9202343488623,3366.8075646839798,3380.24267578125,2739393
2022-02-01 00:00:00+05:30,3410.7766680271966,3445.1558492964364,3380.3781457117134,3438.506103515625,2105169
2022-02-02 00:00:00+05:30,3463.1594534341307,3495.819762652663,3438.505962613146,3488.762939453125,1984212
2022-02-03 00:00:00+05:30,3484.0584667821045,3512.5569974763753,3452.438712615916,3460.174072265625,1960538
2022-02-04 00:00:00+05:30,3451.760700326302,3460.264936711859,3409.872333245658,3451.398681640625,2307366
2022-02-07 00:00:00+05:30,3429.7755283619176,3466.687954905488,3398.246113404801,3418.9189453125,1919149
2022-02-08 00:00:00+05:30,3430.272746123497,3437.646086191097,3366.445048581275,3386.755859375,2946443
2022-02-09 00:00:00+05:30,3392.68250396849,3417.9692533891816,3389.1542025154695,3402.227294921875,1638721
2022-02-10 00:00:00+05:30,3428.690174713259,3428.690174713259,3399.920183271069,3411.093505859375,2112459
2022-02-11 00:00:00+05:30,3394.943846234914,3394.943846234914,3338.3991452649784,3342.87744140625,3851488
2022-02-14 00:00:00+05:30,3369.1592518099264,3431.8107765649847,3356.493239585077,3377.980224609375,5951745
2022-02-15 00:00:00+05:30,3425.2524673531143,3469.5835214736376,3390.873282524953,3454.0224609375,3931683
2022-02-16 00:00:00+05:30,3477.725387999251,3486.86310028864,3443.346208825481,3449.769775390625,3256906
2022-02-17 00:00:00+05:30,3460.536209709329,3469.583363198765,3418.9193036579227,3423.623779296875,3134372
2022-02-18 00:00:00+05:30,3409.871848080035,3452.3481857743063,3399.5581823668977,3432.399169921875,3688883
2022-02-21 00:00:00+05:30,3446.9650924976213,3463.06906807644,3352.467629084883,3364.997802734375,7465922
2022-02-22 00:00:00+05:30,3302.2106320168136,3318.4049464912227,3229.833412684938,3244.670654296875,5408531
2022-02-23 00:00:00+05:30,3266.92688235687,3277.6929058584537,3216.8508031615556,3224.224365234375,2426203
2022-02-24 00:00:00+05:30,3142.980398700711,3151.8919311874356,3067.9796018899424,3077.524169921875,5039136
2022-02-25 00:00:00+05:30,3137.5526354913723,3193.6449836460624,3132.124343734467,3185.2763671875,2549723
2022-02-28 00:00:00+05:30,3157.4561449121834,3224.1788929601125,3126.6052672941796,3215.538818359375,3288942
2022-03-02 00:00:00+05:30,3214.0008894990233,3231.5975567381843,3171.9316308468897,3208.255859375,2761341
2022-03-03 00:00:00+05:30,3223.3645348859873,3237.6137988271926,3193.735113039988,3206.67236328125,1928039
2022-03-04 00:00:00+05:30,3167.860614365542,3221.872073453627,3154.78752249152,3188.533447265625,2370257
2022-03-07 00:00:00+05:30,3121.2673259003163,3209.9294122592237,3104.575375246047,3152.841796875,3054130
2022-03-08 00:00:00+05:30,3130.3145951668303,3265.117160103205,3130.3145951668303,3256.929443359375,3300992
2022-03-09 00:00:00+05:30,3261.4982781251324,3305.829322682173,3254.305836500098,3286.468505859375,2719654
2022-03-10 00:00:00+05:30,3332.9710528553214,3332.9710528553214,3270.5456992594973,3275.9287109375,2005441
2022-03-11 00:00:00+05:30,3259.915231430789,3293.0278980016524,3250.5062811620637,3256.205810546875,1623423
2022-03-14 00:00:00+05:30,3238.8803843629908,3300.7177560300643,3238.8803843629908,3295.87744140625,1765688
2022-03-15 00:00:00+05:30,3310.3531059234347,3310.3531059234347,3243.765975048159,3251.4560546875,3651133
2022-03-16 00:00:00+05:30,3293.6155704612743,3318.495237591527,3271.676227628233,3307.548095703125,3090475
2022-03-17 00:00:00+05:30,3344.370270310392,3356.4933655437426,3311.529064633703,3322.792724609375,3600452
2022-03-21 00:00:00+05:30,3343.827423602469,3360.0670174825664,3270.5454914293628,3281.130615234375,2413831
2022-03-22 00:00:00+05:30,3293.1635571024676,3357.3983407712244,3279.592828158364,3348.305908203125,2907611
2022-03-23 00:00:00+05:30,3354.6843800370775,3374.4072180326966,3338.3995044058297,3358.6650390625,1596195
2022-03-24 00:00:00+05:30,3347.4464864676233,3400.100870808942,3342.922910134559,3392.546630859375,1879046
2022-03-25 00:00:00+05:30,3401.63928951157,3419.3717994180715,3322.1148954790733,3354.18701171875,1690133
2022-03-28 00:00:00+05:30,3342.922758467107,3359.2076325272988,3312.343339667422,3354.41259765625,1760990
2022-03-29 00:00:00+05:30,3342.696551432637,3367.350041121125,3339.3038693654144,3352.28662109375,2689063
2022-03-30 00:00:00+05:30,3381.8253589977094,3381.8253589977094,3353.055371960706,3375.989990234375,1583455
2022-03-31 00:00:00+05:30,3383.634879545344,3396.888868997816,3365.721474242792,3383.589599609375,2168110
2022-04-01 00:00:00+05:30,3390.8729433405388,3404.4436728362984,3372.8239172867297,3400.5986328125,1387014
2022-04-04 00:00:00+05:30,3403.5390445624703,3419.823920373774,3381.0117213746057,3411.093505859375,1472994
2022-04-05 00:00:00+05:30,3412.585762137225,3470.125737675999,3412.585762137225,3451.3076171875,2314947
2022-04-06 00:00:00+05:30,3446.3318039032392,3446.3318039032392,3375.6281754527436,3397.5224609375,2051729
2022-04-07 00:00:00+05:30,3388.610811676233,3388.610811676233,3328.4472503422403,3333.1064453125,2494829
2022-04-08 00:00:00+05:30,3338.3994671055166,3351.970196646596,3295.4254902254324,3334.4638671875,2296773
2022-04-11 00:00:00+05:30,3338.399363717891,3358.6198384589907,3307.729604255974,3344.189453125,2291660
2022-04-12 00:00:00+05:30,3332.0662494098387,3382.7303031613865,3300.717954502167,3339.39453125,4483476
2022-04-13 00:00:00+05:30,3353.779686075667,3356.358213084802,3307.2321271088963,3313.022216796875,1621672
2022-04-18 00:00:00+05:30,3266.021984246925,3266.021984246925,3186.859401526259,3191.880615234375,3820792
2022-04-19 00:00:00+05:30,3211.7396596924723,3223.998597498686,3111.4518695732154,3141.081298828125,3170014
2022-04-20 00:00:00+05:30,3166.50348525701,3229.0644586217722,3148.4091796269704,3217.891357421875,2640370
2022-04-21 00:00:00+05:30,3238.880709415022,3296.7824874604303,3227.4812085112303,3282.89501953125,2280996
2022-04-22 00:00:00+05:30,3239.87633532136,3272.3555291087623,3231.1909793231807,3268.32958984375,1581465
2022-04-25 00:00:00+05:30,3218.9770941155175,3242.4996923299645,3196.4497710997093,3210.11083984375,1960694
2022-04-26 00:00:00+05:30,3234.492502910773,3246.027621867625,3182.9237358095534,3208.3916015625,1943469
2022-04-27 00:00:00+05:30,3208.120441978724,3228.431256213331,3172.203288876623,3221.8720703125,1727648
2022-04-28 00:00:00+05:30,3246.1191316050977,3260.956377077367,3200.928637702711,3242.771728515625,1703660
2022-04-29 00:00:00+05:30,3254.2608851909886,3278.009661459063,3199.84234906496,3208.753662109375,2051115
2022-05-02 00:00:00+05:30,3184.5067025132125,3209.8840061233263,3159.943775047951,3204.86279296875,1324161
2022-05-04 00:00:00+05:30,3201.334633498949,3207.622359763652,3135.1095271383574,3148.1826171875,2305825
2022-05-05 00:00:00+05:30,3177.450755773528,3196.3592175631156,3153.249621024076,3178.626708984375,1612262
2022-05-06 00:00:00+05:30,3129.4102748733458,3143.433362257138,3098.1975965029696,3105.52587890625,2010812
2022-05-09 00:00:00+05:30,3074.222056915357,3126.695535226449,3027.9459656869217,3116.834228515625,2481830
2022-05-10 00:00:00+05:30,3106.7924459287533,3134.6577222926016,3095.9358619592876,3111.08984375,1622685
2022-05-11 00:00:00+05:30,3107.69687844888,3119.8652543650737,3059.882589216843,3086.888427734375,1841769
2022-05-12 00:00:00+05:30,3056.12847284346,3120.996519698952,3030.8870027598937,3083.85791015625,2807195
2022-05-13 00:00:00+05:30,3107.6965818595695,3112.129597802835,3059.8822971907857,3089.51171875,2187823
2022-05-16 00:00:00+05:30,3089.6028055204642,3103.173535266528,3045.8146725576044,3055.042724609375,1195813
2022-05-17 00:00:00+05:30,3048.890953966238,3136.6483493771357,3031.158443449622,3122.7158203125,1754076
2022-05-18 00:00:00+05:30,3134.837736531579,3161.979188795922,3114.9792848003763,3120.181396484375,1866781
2022-05-19 00:00:00+05:30,3073.317575767646,3080.5552974650673,2922.23013533397,2951.1357421875,4642963
2022-05-20 00:00:00+05:30,2994.607699452437,2998.1360008378465,2958.4643667116375,2979.2275390625,3065125
2022-05-23 00:00:00+05:30,2989.902914109506,3020.7535706971044,2955.704634493537,3005.23779296875,2293690
2022-05-24 00:00:00+05:30,2999.267281374466,3008.0431977826966,2963.4859626775024,2974.704345703125,1711510
2022-05-25 00:00:00+05:30,2999.1590102202176,2999.1590102202176,2872.738613082135,2885.12548828125,3548046
2022-05-26 00:00:00+05:30,2906.3926783307725,2952.388551178063,2896.8747649572683,2939.13623046875,2813186
2022-05-27 00:00:00+05:30,2963.045206200903,2986.4529641814693,2941.185779785012,2970.4228515625,3103153
2022-05-30 00:00:00+05:30,3002.9391130170916,3084.547738368048,2993.239080169697,3074.2099609375,2094624
2022-05-31 00:00:00+05:30,3054.9915477744667,3081.6327252334595,3028.4415402102904,3064.281982421875,4840965
2022-06-01 00:00:00+05:30,3085.8223476720595,3085.8223476720595,3042.149079993206,3055.94775390625,1493835
2022-06-02 00:00:00+05:30,3055.765402969686,3125.8977236935802,3047.841406010359,3117.700439453125,2657939
2022-06-03 00:00:00+05:30,3150.8541268592794,3167.15774945679,3125.169344805914,3133.321044921875,1913622
2022-06-06 00:00:00+05:30,3113.1467124394917,3145.0250433158467,3075.940057313281,3124.941650390625,1084210
2022-06-07 00:00:00+05:30,3097.708685909332,3113.9211394377626,3056.6766735743163,3062.779052734375,2308256
2022-06-08 00:00:00+05:30,3078.6727974620753,3109.458204584962,3048.0241451904335,3100.5322265625,2185707
2022-06-09 00:00:00+05:30,3083.0898929873206,3130.4519829239057,3054.0351613763023,3121.43505859375,1279197
2022-06-10 00:00:00+05:30,3080.357492978931,3090.3763967112695,3053.033210072554,3060.228515625,1527582
2022-06-13 00:00:00+05:30,2996.5632832712113,2999.2957117969904,2907.7137712348363,2932.4423828125,3030921
2022-06-14 00:00:00+05:30,2905.4820407541574,2950.02053230726,2891.5466121984273,2924.19921875,2611493
2022-06-15 00:00:00+05:30,2931.439954831358,2945.5575000542526,2915.5007908700254,2920.328125,1404536
2022-06-16 00:00:00+05:30,2951.023009826544,2955.440525191821,2853.611970688263,2861.763671875,2032028
2022-06-17 00:00:00+05:30,2816.222523726037,2840.5866739555554,2754.150955171639,2813.39892578125,5240434
2022-06-20 00:00:00+05:30,2818.0444178441353,2858.8031404357725,2795.274181759422,2834.80322265625,1502769
2022-06-21 00:00:00+05:30,2850.833575362148,2948.973293491628,2846.6437629505244,2925.474365234375,2964461
2022-06-22 00:00:00+05:30,2914.4992049362954,2960.6318391322884,2899.1066134654548,2935.493408203125,3336315
2022-06-23 00:00:00+05:30,2935.4934387770754,3022.0659263792954,2935.4934387770754,3013.6865234375,3692578
2022-06-24 00:00:00+05:30,3041.192783977033,3046.657640731709,2985.178002241607,2999.38671875,2132118
2022-06-27 00:00:00+05:30,3051.2119235964383,3062.961277579865,3011.591709066156,3019.060302734375,2037686
2022-06-28 00:00:00+05:30,3012.047199124253,3032.9958188943947,2980.715439370809,3022.20263671875,1400046
2022-06-29 00:00:00+05:30,2979.2577700601164,3035.727957080516,2979.2577700601164,2997.0185546875,2133994
2022-06-30 00:00:00+05:30,2980.1684436500796,3015.598841396386,2964.6846833988416,2975.70556640625,2719603
2022-07-01 00:00:00+05:30,2969.2391099262445,3035.7282065595623,2961.9982185331355,3019.4248046875,1502879
2022-07-04 00:00:00+05:30,3016.601652810234,3022.0209259199014,2937.406795800316,2946.514892578125,2622535
2022-07-05 00:00:00+05:30,2964.684558141759,2980.168317738813,2920.9201225722663,2929.436279296875,2170627
2022-07-06 00:00:00+05:30,2931.4406581984827,2976.981137586373,2916.6400023974184,2969.92236328125,2182144
2022-07-07 00:00:00+05:30,2979.2572662993202,3023.340348153736,2973.837995353758,2994.6044921875,1989921
2022-07-08 00:00:00+05:30,3005.6709005708517,3010.2249473898983,2960.1304323803843,2974.202392578125,2136916
2022-07-11 00:00:00+05:30,2920.191987017413,2937.360836200053,2828.9744983681753,2836.078857421875,6974600
2022-07-12 00:00:00+05:30,2837.0803765901383,2856.480663098612,2805.5209168732304,2809.573974609375,3734815
2022-07-13 00:00:00+05:30,2827.152732928836,2832.6175900156827,2764.3068764300956,2767.722412109375,3863530
2022-07-14 00:00:00+05:30,2790.7812434868697,2791.694457244555,2709.5052190528604,2738.499755859375,4764908
2022-07-15 00:00:00+05:30,2756.5811393743998,2766.032766988637,2696.719939340685,2734.709716796875,4574806
2022-07-18 00:00:00+05:30,2760.645213584595,2809.9130516513364,2752.700298413885,2797.63037109375,3202795
2022-07-19 00:00:00+05:30,2767.0825420881447,2811.738591956871,2767.0825420881447,2807.446533203125,1865074
2022-07-20 00:00:00+05:30,2838.085252861018,2896.6678157523866,2829.181420316891,2890.138427734375,3402251
2022-07-21 00:00:00+05:30,2892.1475659588077,2907.6721976674594,2871.189357742637,2901.5537109375,2420640
2022-07-22 00:00:00+05:30,2908.5857736617,2919.544338586014,2870.687403298447,2895.80078125,2075886
2022-07-25 00:00:00+05:30,2890.321309646868,2909.9096985767114,2875.8013012533625,2891.91943359375,1797504
2022-07-26 00:00:00+05:30,2890.0470461720765,2893.8824987159583,2827.765923008925,2845.482177734375,2639367
2022-07-27 00:00:00+05:30,2844.6608808462715,2916.8961789117143,2840.0948120166627,2912.101806640625,1389808
2022-07-28 00:00:00+05:30,2936.895194372029,2980.729451004447,2923.790488885272,2977.533203125,2106333
2022-07-29 00:00:00+05:30,3004.4731778032033,3029.403957273361,2990.7749718253767,3015.34033203125,2430257
2022-08-01 00:00:00+05:30,3038.262104288188,3038.262104288188,2987.122134994488,3012.509521484375,1306913
2022-08-02 00:00:00+05:30,3004.4728700792607,3025.3853732158145,2987.7153106350333,3006.11669921875,1269114
2022-08-03 00:00:00+05:30,2995.3407894613715,3058.352531678699,2992.6468537686774,3049.677001953125,2895824
2022-08-04 00:00:00+05:30,3059.2660135534634,3093.8767249436814,3020.3175369201476,3063.786376953125,2150567
2022-08-05 00:00:00+05:30,3069.493559883619,3083.922379599289,3063.8316800579255,3073.009521484375,1106933
2022-08-08 00:00:00+05:30,3072.9636821597155,3085.6572616806397,3046.4804884650252,3081.593505859375,1068836
2022-08-10 00:00:00+05:30,3091.2280468138606,3091.2280468138606,3045.5673666541284,3063.146728515625,1878359
2022-08-11 00:00:00+05:30,3104.9260837061724,3131.135268116363,3082.141450123599,3125.473388671875,1449248
2022-08-12 00:00:00+05:30,3122.2770843715048,3122.2770843715048,3087.803273334645,3106.341552734375,1472354
2022-08-16 00:00:00+05:30,3114.971373797098,3118.4873350945304,3093.510855683867,3098.259521484375,839942
2022-08-17 00:00:00+05:30,3091.319490395841,3121.3184238098956,3078.5344998144674,3105.930908203125,1622326
2022-08-18 00:00:00+05:30,3095.794330522181,3097.6207578558224,3070.2243478512014,3087.8037109375,1430659
2022-08-19 00:00:00+05:30,3093.0548472198507,3124.560720331479,3078.6717312341075,3091.913330078125,1398410
2022-08-22 00:00:00+05:30,3072.963691601535,3090.4061601316093,3056.8910434391883,3063.420654296875,1536532
2022-08-23 00:00:00+05:30,3031.8234711548,3051.868465245781,2986.2084960578195,2999.54150390625,1849256
2022-08-24 00:00:00+05:30,3006.299762245354,3020.9111827179927,2968.1273816700696,2972.83056640625,1691923
2022-08-25 00:00:00+05:30,2991.6880935432914,2993.6514138253665,2935.753754187514,2938.904296875,1946930
2022-08-26 00:00:00+05:30,2953.6071038173077,2974.337010141815,2937.625864125112,2942.55712890625,1457962
2022-08-29 00:00:00+05:30,2853.792692264977,2869.956529483455,2813.611291157886,2860.6875,2539173
2022-08-30 00:00:00+05:30,2881.1889648418937,2946.48373853007,2869.408598350499,2932.4658203125,3431525
2022-09-01 00:00:00+05:30,2913.1517816917994,2913.1517816917994,2850.1400346896885,2859.911376953125,3546935
2022-09-02 00:00:00+05:30,2888.4947306677414,2888.4947306677414,2849.5005530010544,2858.723876953125,2052900
2022-09-05 00:00:00+05:30,2852.559789768576,2874.750926529617,2842.1492431165107,2861.463623046875,2147912
2022-09-06 00:00:00+05:30,2863.38165049069,2868.2674331273474,2836.7615594415147,2855.6650390625,1936453
2022-09-07 00:00:00+05:30,2832.7885129576066,2887.4899169829637,2832.7885129576066,2876.257568359375,1291534
2022-09-08 00:00:00+05:30,2894.8870967518315,2907.2154802868945,2885.846371340467,2894.5673828125,1346113
2022-09-09 00:00:00+05:30,2917.7176551694624,2952.8763812176703,2893.5174930843323,2938.40185546875,1561185
2022-09-12 00:00:00+05:30,2958.721001258323,2986.026224879591,2945.114206199852,2961.50634765625,1785928
2022-09-13 00:00:00+05:30,2980.227369179882,2980.227369179882,2945.114345067193,2949.0869140625,1972678
2022-09-14 00:00:00+05:30,2862.9250506878957,2868.769529393439,2843.564964154141,2849.592041015625,5090269
2022-09-15 00:00:00+05:30,2858.3581625079096,2865.4355669038955,2830.9617583944155,2834.934326171875,2138023
2022-09-16 00:00:00+05:30,2809.0450127742342,2825.8025713910124,2739.640779688785,2747.585693359375,5322221
2022-09-19 00:00:00+05:30,2772.516744324202,2777.9960264276096,2728.4998893506736,2765.941650390625,2072220
2022-09-20 00:00:00+05:30,2785.3014867258826,2812.6521895214205,2767.0372146817786,2776.443359375,1544295
2022-09-21 00:00:00+05:30,2765.210987304476,2777.4479612773107,2737.951470127734,2740.73681640625,2253818
2022-09-22 00:00:00+05:30,2730.5086103532058,2766.991448365913,2720.737269615693,2746.3984375,2017983
2022-09-23 00:00:00+05:30,2743.2937741010114,2760.1882264381848,2720.463433104831,2723.248779296875,2652374
2022-09-26 00:00:00+05:30,2702.975261002402,2763.247356324872,2672.1543031670485,2734.526611328125,2925489
2022-09-27 00:00:00+05:30,2748.2254887015215,2762.471712997518,2717.724237315905,2755.576904296875,2227447
2022-09-28 00:00:00+05:30,2721.37652965388,2785.2557764221942,2721.37652965388,2772.19677734375,2739767
2022-09-29 00:00:00+05:30,2788.9544618647265,2790.6439962829595,2730.50878879356,2737.17529296875,2493902
2022-09-30 00:00:00+05:30,2731.2854030730373,2757.6314856967606,2694.07194317331,2743.79638671875,2817353
2022-10-03 00:00:00+05:30,2735.0750591652213,2758.5446069021023,2715.8975712712413,2725.897216796875,1763331
2022-10-04 00:00:00+05:30,2766.9914992930435,2829.1357292863713,2760.6447093714337,2822.880126953125,2145875
2022-10-06 00:00:00+05:30,2841.007547703227,2852.8793246624496,2824.06739060552,2832.742919921875,1790816
2022-10-07 00:00:00+05:30,2828.587644379183,2835.52815674579,2792.6985291630745,2798.908203125,1939879
2022-10-10 00:00:00+05:30,2748.772726301262,2855.6187093501817,2744.206658649599,2847.902099609375,3064063
2022-10-11 00:00:00+05:30,2830.9623406003257,2872.0569552219436,2788.3610126236035,2803.155029296875,4730645
2022-10-12 00:00:00+05:30,2817.172934199152,2840.003277349499,2796.3061343312775,2831.6474609375,1665247
2022-10-13 00:00:00+05:30,2831.6470907906837,2840.094316652109,2787.4476414102974,2833.975830078125,2054781
2022-10-14 00:00:00+05:30,2872.05697079545,2876.6230391115005,2804.47915971791,2830.18603515625,2245977
2022-10-17 00:00:00+05:30,2813.2479641359955,2864.291388862304,2812.1493162917473,2849.047119140625,1517005
2022-10-18 00:00:00+05:30,2884.0676909336617,2888.966117534846,2864.428608029881,2879.215087890625,1793722
2022-10-19 00:00:00+05:30,2892.3082801899227,2892.3082801899227,2849.2761531975434,2858.294677734375,1194289
2022-10-20 00:00:00+05:30,2842.8669805164604,2893.223722522388,2842.8669805164604,2890.751708984375,1587601
2022-10-21 00:00:00+05:30,2891.2091553053356,2893.589521437009,2863.009338414214,2872.53125,1021913
2022-10-24 00:00:00+05:30,2902.4710109401917,2909.7039805107565,2888.645707524052,2894.780029296875,260949
2022-10-25 00:00:00+05:30,2911.993013876971,2915.4264280577722,2885.120736143405,2895.146484375,2069643
2022-10-27 00:00:00+05:30,2893.8642222884023,2906.041441275649,2869.738902096862,2890.8427734375,2438421
2022-10-28 00:00:00+05:30,2884.0678223543823,2910.161769318541,2879.489936922074,2896.19921875,1355739
2022-10-31 00:00:00+05:30,2928.9311666621556,2928.9311666621556,2909.5209766905955,2923.574951171875,1919414
2022-11-01 00:00:00+05:30,2943.1227928423664,2987.1621438300945,2933.0056204771226,2984.5068359375,2991060
2022-11-02 00:00:00+05:30,2993.9367523866354,2993.9367523866354,2950.0348804940904,2968.02587890625,1405955
2022-11-03 00:00:00+05:30,2955.5289381008,2955.5289381008,2925.2690678262893,2936.027099609375,1422652
2022-11-04 00:00:00+05:30,2945.4114464729214,2948.2040012539787,2898.854262857446,2945.777587890625,1464013
2022-11-07 00:00:00+05:30,2956.398248653195,2969.0332564533796,2925.360276550817,2960.701416015625,1474498
2022-11-09 00:00:00+05:30,2975.4427215690407,2975.4427215690407,2931.3575468669605,2944.5419921875,1162267
2022-11-10 00:00:00+05:30,2902.379781120705,2952.736528111758,2902.379781120705,2935.02001953125,1573092
2022-11-11 00:00:00+05:30,2993.5709484176764,3059.4924990197137,2980.249257027602,3036.0078125,3265394
2022-11-14 00:00:00+05:30,3043.378090569255,3066.267516641527,3029.644434925892,3053.9072265625,1342074
2022-11-15 00:00:00+05:30,3040.631657256638,3057.981799212877,3014.0799204121804,3051.25244140625,1400708
2022-11-16 00:00:00+05:30,3057.0201216782975,3083.5718561182666,3041.043346867744,3072.08154296875,1748235
2022-11-17 00:00:00+05:30,3058.0273845737534,3076.338925798746,3037.655794960949,3066.267578125,1417986
2022-11-18 00:00:00+05:30,3067.1831095240655,3078.8567168812096,3040.631375143111,3061.18603515625,1164540
2022-11-21 00:00:00+05:30,3042.005363732726,3052.259784060307,2996.684290593593,3006.2978515625,1304194
2022-11-22 00:00:00+05:30,3003.093151549543,3038.7548380182766,2980.4326163358687,3035.092529296875,1149739
2022-11-23 00:00:00+05:30,3048.8716398009656,3048.8716398009656,3013.164134109603,3029.003662109375,1150011
2022-11-24 00:00:00+05:30,3036.28255458215,3106.507273370078,3029.003761350957,3094.787841796875,1296591
2022-11-25 00:00:00+05:30,3097.3970978548987,3116.02917985949,3065.351901749394,3103.485595703125,1588981
2022-11-28 00:00:00+05:30,3081.8328919710902,3128.527329728228,3081.4209269320927,3108.613525390625,2195437
2022-11-29 00:00:00+05:30,3097.397025025105,3139.513567487758,3097.397025025105,3110.53564453125,1576028
2022-11-30 00:00:00+05:30,3097.3972724046434,3126.604091946324,3090.0726557391877,3104.538818359375,3410702
2022-12-01 00:00:00+05:30,3135.851933955697,3186.2086803403868,3131.274047920725,3182.225830078125,2180856
2022-12-02 00:00:00+05:30,3166.1574950689755,3176.0455496628215,3124.8648753673483,3148.80712890625,2411749
2022-12-05 00:00:00+05:30,3143.1762240133357,3148.8069338376527,3119.371219112565,3136.675537109375,1475065
2022-12-06 00:00:00+05:30,3113.0077659346593,3120.240735153655,3083.6634770366395,3099.548828125,1166999
2022-12-07 00:00:00+05:30,3083.9383084361316,3107.1938767444476,3070.8455115491956,3095.199951171875,1167505
2022-12-08 00:00:00+05:30,3076.338926101875,3095.1999029772983,3057.5237727854305,3067.686767578125,1285619
2022-12-09 00:00:00+05:30,3089.2488906667168,3089.2488906667168,2999.751226008685,3014.7666015625,1797896
2022-12-12 00:00:00+05:30,2980.6609828665123,3017.7418521050604,2962.8988781245566,3008.998046875,1527610
2022-12-13 00:00:00+05:30,3000.529358628512,3054.7773041757973,2991.9230229239793,3050.794677734375,1378016
2022-12-14 00:00:00+05:30,3066.084459852981,3091.903687873763,3058.851267063588,3081.2373046875,1213311
2022-12-15 00:00:00+05:30,3075.2406684755556,3080.688307975733,3020.443284990656,3026.07421875,1415694
2022-12-16 00:00:00+05:30,2998.5150350390113,3014.079845907916,2952.919250258306,2966.69873046875,2703680
2022-12-19 00:00:00+05:30,2954.5672362455175,2971.505412220275,2924.8109811547274,2931.7236328125,2120965
2022-12-20 00:00:00+05:30,2928.8401123188555,2974.7106240967355,2896.566012749939,2970.0869140625,1529971
2022-12-21 00:00:00+05:30,2974.709799184806,3005.8852420631515,2966.469605835264,2992.609375,1432566
2022-12-22 00:00:00+05:30,3015.9111773596996,3015.9111773596996,2971.139543464644,2984.5068359375,1384101
2022-12-23 00:00:00+05:30,2945.4118204185,2991.0534327547557,2945.4118204185,2955.8037109375,1360281
2022-12-26 00:00:00+05:30,2955.803521963523,2995.768374342665,2952.7820727235835,2978.28076171875,870157
2022-12-27 00:00:00+05:30,2993.2050290148873,2997.416773675446,2958.6878122258618,2984.323974609375,835883
2022-12-28 00:00:00+05:30,2975.4429504462487,2990.366904119972,2953.6521674928617,2982.126708984375,910795
2022-12-29 00:00:00+05:30,2958.3213352964485,2995.3105617008246,2955.482956799713,2992.792724609375,1037927
2022-12-30 00:00:00+05:30,3008.631795398196,3020.488472644622,2972.145963144645,2981.759521484375,1163131
2023-01-02 00:00:00+05:30,2985.6971658367956,2991.0533817190812,2962.075230030422,2986.109130859375,709547
2023-01-03 00:00:00+05:30,2977.457274746761,3039.716528954258,2971.3229517587083,3031.796875,1245178
2023-01-04 00:00:00+05:30,3027.539077072798,3046.4458803364464,3008.7697445066556,3034.81787109375,1231668
2023-01-05 00:00:00+05:30,3049.055016609059,3055.555703863464,3004.878418594391,3031.567626953125,1826057
2023-01-06 00:00:00+05:30,3021.4046301538124,3022.82381945874,2929.8469140885454,2940.421875,2488376
2023-01-09 00:00:00+05:30,2956.3984729950294,3046.1250293138623,2949.211103306643,3039.670166015625,2885060
2023-01-10 00:00:00+05:30,3007.6709181289425,3019.5734210012947,2957.4058223336865,3008.95263671875,3864655
2023-01-11 00:00:00+05:30,3012.3404964497886,3066.7256902141685,2994.9901304848922,3047.681640625,2720512
2023-01-12 00:00:00+05:30,3047.9560654521056,3067.18318391846,3035.641598568852,3052.8544921875,2250391
2023-01-13 00:00:00+05:30,3060.682738015177,3093.7351622471083,3025.9824537516106,3089.660888671875,1742837
2023-01-16 00:00:00+05:30,3106.0005951113,3139.7105804667435,3088.2560790976813,3121.966064453125,1843607
2023-01-17 00:00:00+05:30,3118.17351964449,3166.6784867832744,3109.7460236454513,3163.49462890625,1688475
2023-01-18 00:00:00+05:30,3164.9932922543326,3192.1016949969585,3157.7362810072996,3174.357177734375,2421189
2023-01-19 00:00:00+05:30,3164.9932159437553,3171.5479356217456,3147.2018339606398,3158.5322265625,1585044
2023-01-20 00:00:00+05:30,3150.947503850745,3178.7113332057097,3142.1455428324743,3149.16845703125,1529349
2023-01-23 00:00:00+05:30,3172.4840935039533,3201.512135681823,3142.145198929978,3197.6728515625,1067916
2023-01-24 00:00:00+05:30,3207.1309214118423,3232.366548195451,3199.9207749894535,3217.712158203125,1387863
2023-01-25 00:00:00+05:30,3207.4117299767117,3216.494653144134,3188.4029967847964,3211.57861328125,874110
2023-01-27 00:00:00+05:30,3208.066832712302,3226.7946017298873,3167.1467031309717,3194.06787109375,1785879
2023-01-30 00:00:00+05:30,3202.4488564251296,3238.4529506239523,3170.190316444348,3215.23046875,1953798
2023-01-31 00:00:00+05:30,3229.604025300142,3229.604025300142,3137.837949776972,3145.048095703125,2820375
2023-02-01 00:00:00+05:30,3149.074726433717,3201.5124857796245,3141.58361795573,3191.5400390625,2205161
2023-02-02 00:00:00+05:30,3209.003522838409,3248.3318414725536,3202.542533364136,3240.27880859375,1813847
2023-02-03 00:00:00+05:30,3281.105474455395,3281.105474455395,3233.255928175393,3260.785888671875,1804469
2023-02-06 00:00:00+05:30,3252.2174595747115,3252.2174595747115,3218.2267416664017,3239.857177734375,1138714
2023-02-07 00:00:00+05:30,3248.2375628218238,3270.804614244038,3241.2146499655883,3251.655517578125,1455647
2023-02-08 00:00:00+05:30,3256.8059713667417,3314.7214612044213,3256.8059713667417,3296.18115234375,1986946
2023-02-09 00:00:00+05:30,3291.4055938356746,3321.93195053137,3282.3226710626896,3315.611328125,1655427
2023-02-10 00:00:00+05:30,3296.0870901989365,3317.0154618891215,3284.9907964766744,3312.520751953125,1187821
2023-02-13 00:00:00+05:30,3323.2429633950296,3323.2429633950296,3252.4518975826572,3260.87939453125,1087939
2023-02-14 00:00:00+05:30,3282.041336708423,3300.6287378626344,3272.67745272352,3277.453125,1579818
2023-02-15 00:00:00+05:30,3265.186905493828,3301.706059297745,3240.0447812384746,3296.6962890625,1429449
2023-02-16 00:00:00+05:30,3302.8298493229236,3347.5892704655134,3302.642617323599,3331.717529296875,1618931
2023-02-17 00:00:00+05:30,3301.8459901828774,3313.7849427347383,3267.995639685901,3278.436279296875,1061369
2023-02-20 00:00:00+05:30,3279.2323939663597,3297.960163206602,3253.9967706372267,3265.467529296875,1296082
2023-02-21 00:00:00+05:30,3271.741513301172,3285.693610909123,3225.624378346941,3231.476806640625,1139541
2023-02-22 00:00:00+05:30,3197.719632695283,3227.730927686991,3179.038729184025,3185.172119140625,1218430
2023-02-23 00:00:00+05:30,3203.3850177984937,3232.7875248807222,3191.211967453162,3196.64306640625,1441570
2023-02-24 00:00:00+05:30,3204.7899925353113,3215.511596313439,3167.147216431284,3184.142578125,977592
2023-02-27 00:00:00+05:30,3174.356655380883,3174.356655380883,3105.063914230976,3119.90576171875,1128022
2023-02-28 00:00:00+05:30,3116.769380027199,3176.2300546949855,3089.988575268062,3102.114990234375,4116217
2023-03-01 00:00:00+05:30,3111.6195311637503,3173.4211830014897,3104.128421850085,3170.3310546875,1669307
2023-03-02 00:00:00+05:30,3147.2019377332426,3155.535704440141,3106.9372298122285,3110.167724609375,1556538
2023-03-03 00:00:00+05:30,3140.6470765873214,3144.3926306440744,3119.203871056602,3129.55078125,1043190
2023-03-06 00:00:00+05:30,3148.044567467067,3188.356140172754,3145.3291321225875,3157.36181640625,1334132
2023-03-08 00:00:00+05:30,3150.0111228582427,3179.9755568450037,3118.969933469278,3174.731689453125,1844590
2023-03-09 00:00:00+05:30,3169.6749030454052,3169.6749030454052,3118.969559925363,3124.587890625,1648500
2023-03-10 00:00:00+05:30,3102.161626866042,3124.962780171706,3080.7184198861078,3119.1103515625,1024404
2023-03-13 00:00:00+05:30,3120.982606240172,3155.4417458445423,3063.8629125766106,3073.179931640625,1901233
2023-03-14 00:00:00+05:30,3071.3545049202885,3094.20229454928,3005.2453805348205,3010.4423828125,2670334
2023-03-15 00:00:00+05:30,3043.2623817666813,3052.954093411259,2988.9518531074605,2995.412841796875,1780522
2023-03-16 00:00:00+05:30,3003.934642979788,3014.9840742340452,2970.224653220663,2982.397705078125,1901060
2023-03-17 00:00:00+05:30,2950.092023575047,3016.4818780034066,2944.0054982129654,2977.06005859375,6739966
2023-03-20 00:00:00+05:30,2968.0240443218463,2968.0240443218463,2898.1695916980593,2943.350341796875,2289468
2023-03-21 00:00:00+05:30,2943.349963254583,2955.944342624212,2900.416459880619,2908.516357421875,1815297
2023-03-22 00:00:00+05:30,2930.9429722724044,2943.537352314146,2908.5165126380753,2931.645263671875,1123939
2023-03-23 00:00:00+05:30,2916.756685986962,2946.2062896112416,2903.7409762156167,2925.886474609375,1372218
2023-03-24 00:00:00+05:30,2948.593831820932,2968.35172179188,2908.4228542225806,2922.00048828125,1329577
2023-03-27 00:00:00+05:30,2935.577878965897,2952.198774452865,2908.422613099865,2923.685791015625,1524217
2023-03-28 00:00:00+05:30,2928.0871200243587,2949.2027284444266,2912.3088808435405,2917.693115234375,1303530
2023-03-29 00:00:00+05:30,2929.9595817323166,2949.6237399989764,2906.6435998031798,2939.229736328125,1740616
2023-03-31 00:00:00+05:30,2987.0324227202595,3008.6162231712983,2951.496525190144,3001.9677734375,2382581
2023-04-03 00:00:00+05:30,3019.8059619263745,3019.8059619263745,2971.862917804718,2996.443115234375,1521830
2023-04-05 00:00:00+05:30,2982.8659659850427,3056.700300536424,2982.8659659850427,3033.7119140625,2655065
2023-04-06 00:00:00+05:30,3019.852932314139,3050.145191932085,3010.4890472526995,3015.826416015625,1703464
2023-04-10 00:00:00+05:30,3015.1706493195197,3063.862846140829,3010.488707317471,3055.809814453125,2203187
2023-04-11 00:00:00+05:30,3056.372136610268,3064.7527681622723,2989.0925298427164,3009.365478515625,2348779
2023-04-12 00:00:00+05:30,3022.615370260282,3053.51619236949,2995.5069674956644,3035.44384765625,2417727
2023-04-13 00:00:00+05:30,3005.8072117125635,3024.53498250205,2977.715555528334,2986.002685546875,4174070
2023-04-17 00:00:00+05:30,2934.7355852218207,2962.1715881499845,2874.947082023785,2939.7919921875,5505048
2023-04-18 00:00:00+05:30,2954.2586993354394,2956.037974559565,2912.730008677725,2931.59814453125,2617302
2023-04-19 00:00:00+05:30,2931.5979648007956,2940.259557446139,2876.1169524508964,2893.065673828125,3298034
2023-04-20 00:00:00+05:30,2893.4407196643992,2914.9776570599597,2882.2040566754113,2907.29931640625,2419999
2023-04-21 00:00:00+05:30,2912.168244580416,2963.154552851055,2903.55351607417,2959.78369140625,1929184
2023-04-24 00:00:00+05:30,2950.653830156971,2978.604889112862,2927.290754697467,2972.84619140625,1640676
2023-04-25 00:00:00+05:30,2980.524445733135,2988.2027853252152,2947.282655653485,2973.9697265625,2024090
2023-04-26 00:00:00+05:30,2978.6517225458874,3004.308675175186,2978.6517225458874,2994.710693359375,2000029
2023-04-27 00:00:00+05:30,2982.397611535075,2995.6942835786904,2968.9603440389074,2985.159912109375,2434446
2023-04-28 00:00:00+05:30,2996.8174922018025,3021.9596134300436,2992.9315715937028,3014.468505859375,2931312
2023-05-02 00:00:00+05:30,3029.2171286410467,3029.2171286410467,3005.8074135819966,3014.609375,2321159
2023-05-03 00:00:00+05:30,3011.425790814035,3011.425790814035,2971.30144715081,2977.6220703125,2468285
2023-05-04 00:00:00+05:30,2977.855816369394,3019.337872913665,2975.8426725253744,3015.826416015625,1953253
2023-05-05 00:00:00+05:30,3015.1708746358613,3037.644197925073,3005.8538550776357,3025.190185546875,1710027
2023-05-08 00:00:00+05:30,3038.5805959957215,3047.80411390233,3025.7521196330254,3043.824462890625,928235
2023-05-09 00:00:00+05:30,3045.6972456192616,3088.209190945519,3039.5169902392827,3074.3974609375,1107375
2023-05-10 00:00:00+05:30,3080.717832701577,3096.168241285035,3058.291376267678,3077.721435546875,1559987
2023-05-11 00:00:00+05:30,3098.509800511556,3099.1652267931922,3063.863423171294,3073.36767578125,1719623
2023-05-12 00:00:00+05:30,3070.5581926647205,3080.7180991166333,3052.6264447173935,3066.016845703125,1027479
2023-05-15 00:00:00+05:30,3075.1001029425056,3082.591211597664,3041.717941442154,3047.99169921875,1150390
2023-05-16 00:00:00+05:30,3049.067887155365,3076.0359190167806,3043.6836538115763,3050.893798828125,986306
2023-05-17 00:00:00+05:30,3048.8342019877773,3071.3543919557687,2994.804629290408,3004.58984375,1588815
2023-05-18 00:00:00+05:30,3020.7425823848716,3023.55174802114,2991.7614026261303,2996.302978515625,1369364
2023-05-19 00:00:00+05:30,3005.806916614258,3028.748433579071,2999.299062625924,3017.839599609375,1152449
2023-05-22 00:00:00+05:30,3024.5349008897992,3097.9945341072716,3012.408715352909,3088.86474609375,1333243
2023-05-23 00:00:00+05:30,3095.7004557740825,3116.254138123445,3080.8119697086527,3087.31982421875,1687418
2023-05-24 00:00:00+05:30,3067.6091618638216,3106.18832782328,3067.6091618638216,3093.219482421875,1016555
2023-05-25 00:00:00+05:30,3084.463799731004,3095.7004620251064,3059.2750398659177,3083.99560546875,1374917
2023-05-26 00:00:00+05:30,3083.995252022453,3126.2730976144985,3081.6542809794723,3117.143310546875,1791115
2023-05-29 00:00:00+05:30,3147.0145649988626,3157.502070638318,3101.3187597728675,3109.1376953125,1210372
2023-05-30 00:00:00+05:30,3104.127844377834,3115.31764111134,3091.346232933408,3105.25146484375,1344224
2023-05-31 00:00:00+05:30,3098.5098215112716,3116.020242293331,3057.4490906976966,3080.250244140625,5815424
2023-06-01 00:00:00+05:30,3103.1915347837225,3127.537636142919,3087.7411243057713,3112.555419921875,1177314
2023-06-02 00:00:00+05:30,3114.6625045477244,3123.698562872452,3087.6944678054156,3095.326171875,2030661
2023-06-05 00:00:00+05:30,3104.1280651938405,3115.3647278732756,3076.0832736451825,3079.688232421875,1861468
2023-06-06 00:00:00+05:30,3071.3544082968083,3079.641538312168,3015.7330205175776,3026.688720703125,2022849
2023-06-07 00:00:00+05:30,3046.07203904282,3070.2777751870653,3034.83537612597,3066.578857421875,1567196
2023-06-08 00:00:00+05:30,3053.5628458916644,3061.9903422464713,3027.3439683433767,3030.574462890625,1759366
2023-06-09 00:00:00+05:30,3038.5811282411128,3043.263071427925,3001.4534102138946,3005.152099609375,1775689
2023-06-12 00:00:00+05:30,3010.488918516175,3047.3825326363863,3006.7433646517693,3040.359619140625,2324605
2023-06-13 00:00:00+05:30,3052.626704635902,3057.3086474344236,3032.9625448821125,3037.363525390625,1371928
2023-06-14 00:00:00+05:30,3037.363302755835,3048.7405600885963,3020.6489053565506,3044.245849609375,1658544
2023-06-15 00:00:00+05:30,3061.4617128875702,3063.4898285048657,3028.1613257663885,3034.1044921875,2273810
2023-06-16 00:00:00+05:30,3015.897987371957,3018.1619412813734,2977.2205342964953,2995.0498046875,4156189
2023-06-19 00:00:00+05:30,3009.2942766117017,3032.783660188892,2995.143990044562,3028.53857421875,1468186
2023-06-20 00:00:00+05:30,3031.9352463443765,3049.3872693864955,3019.7188762770315,3044.859130859375,1528452
2023-06-21 00:00:00+05:30,3065.895902518188,3076.6500298673604,3041.321521606635,3073.63134765625,1645987
2023-06-22 00:00:00+05:30,3075.3291982085652,3082.5457528224233,3047.123050140676,3055.047119140625,1529603
2023-06-23 00:00:00+05:30,3053.9152896865926,3065.32971748043,3027.3597769263,3034.152099609375,1119505
2023-06-26 00:00:00+05:30,3023.444909170484,3031.8406547035033,2993.2576277060675,3008.96435546875,1978803
2023-06-27 00:00:00+05:30,3020.614768577434,3027.8313232300593,3002.0307699984146,3016.228271484375,863542
2023-06-28 00:00:00+05:30,3026.2750479234514,3047.924943366876,3012.5020082618694,3033.302978515625,1575872
2023-06-30 00:00:00+05:30,3037.595047943164,3122.4967728856745,3032.0293603212,3115.185791015625,2672406
2023-07-03 00:00:00+05:30,3126.5536718409667,3130.798758681628,3083.5839134250186,3086.932861328125,1687264
2023-07-04 00:00:00+05:30,3103.629822069571,3127.213635307182,3091.649291007,3121.412109375,1656681
2023-07-05 00:00:00+05:30,3131.9302703273115,3140.4204427468735,3117.779982961375,3131.883056640625,1453008
2023-07-06 00:00:00+05:30,3119.2425829550803,3139.9019127533375,3114.9502825665704,3134.666259765625,1848238
2023-07-07 00:00:00+05:30,3114.949894871217,3166.739853997233,3114.949894871217,3140.65625,1789326
2023-07-10 00:00:00+05:30,3136.411603139762,3136.411603139762,3080.2349089185213,3086.6025390625,1407431
2023-07-11 00:00:00+05:30,3108.346961484659,3108.346961484659,3076.084347127141,3087.027099609375,1110172
2023-07-12 00:00:00+05:30,3095.092726093741,3102.8281714995233,3065.990436013649,3075.235107421875,1515240
2023-07-13 00:00:00+05:30,3097.9697734974616,3176.692497714973,3087.357057312368,3151.31640625,4585146
2023-07-14 00:00:00+05:30,3174.3811040367723,3325.176090508818,3162.1175217626333,3315.5537109375,6306101
2023-07-17 00:00:00+05:30,3311.1674504613097,3348.8071250815974,3280.084030001309,3293.904052734375,2743228
2023-07-18 00:00:00+05:30,3279.093458412419,3324.374380738022,3268.7165803794683,3298.762451171875,2600090
2023-07-19 00:00:00+05:30,3301.7338307538876,3317.62941289193,3250.4625290006256,3273.48046875,2405370
2023-07-20 00:00:00+05:30,3265.961471457686,3290.3630716712737,3249.8354394909547,3275.608642578125,1715404
2023-07-21 00:00:00+05:30,3219.5698773434174,3248.7478440814666,3177.008621662018,3185.75732421875,3770223
2023-07-24 00:00:00+05:30,3197.7688541503653,3228.460200845462,3189.351276356865,3210.773681640625,1680132
2023-07-25 00:00:00+05:30,3213.3743276732653,3222.170365392295,3197.0118456212294,3214.934814453125,1272980
2023-07-26 00:00:00+05:30,3216.070344142901,3235.4593600269927,3201.552135007321,3204.67333984375,1066803
2023-07-27 00:00:00+05:30,3210.9628540656236,3226.7577622818967,3201.5994704688537,3212.80712890625,1701769
2023-07-28 00:00:00+05:30,3201.5523379481447,3209.780801467894,3150.478829455028,3173.556396484375,2599831
2023-07-31 00:00:00+05:30,3182.068354209049,3240.9447543990273,3178.758034519653,3236.026611328125,2743678
2023-08-01 00:00:00+05:30,3229.9261181206225,3272.487370043149,3229.9261181206225,3264.96826171875,1956167
2023-08-02 00:00:00+05:30,3248.794989269264,3259.624417506457,3228.6021776972843,3254.18603515625,1914899
2023-08-03 00:00:00+05:30,3234.65509853912,3247.187022531998,3185.4732081519755,3215.691650390625,2026351
2023-08-04 00:00:00+05:30,3216.921331586077,3282.8912728953396,3216.921331586077,3256.928955078125,2248493
2023-08-07 00:00:00+05:30,3266.765531241256,3298.970261310104,3254.7538451070513,3295.234375,1853889
2023-08-08 00:00:00+05:30,3295.2344685001685,3300.814629890344,3269.272147640101,3282.513427734375,1634225
2023-08-09 00:00:00+05:30,3277.1221362787032,3279.1084206481273,3239.4319170042068,3274.852294921875,1794589
2023-08-10 00:00:00+05:30,3263.0293892221785,3277.1218005973083,3244.1606132838087,3255.5576171875,1096701
2023-08-11 00:00:00+05:30,3251.7744571030394,3278.7770233463493,3228.980448858281,3261.89453125,1679974
2023-08-14 00:00:00+05:30,3254.233678611942,3267.758746523322,3226.143295048061,3262.887939453125,1190425
2023-08-16 00:00:00+05:30,3263.028959015237,3278.161846941105,3249.0309915019006,3270.9736328125,1328445
2023-08-17 00:00:00+05:30,3267.75802553459,3273.2437436551686,3228.223309173999,3249.55126953125,1843241
2023-08-18 00:00:00+05:30,3225.1970374521034,3225.1970374521034,3174.59643877067,3184.6220703125,2526749
2023-08-21 00:00:00+05:30,3192.0936911789845,3224.9604336289017,3189.2562745646032,3217.29931640625,1375579
2023-08-22 00:00:00+05:30,3215.738922880824,3226.142784101909,3182.6830645466525,3198.856201171875,1222012
2023-08-23 00:00:00+05:30,3204.3897200650154,3217.6309998999945,3193.040051635033,3214.084228515625,1330046
2023-08-24 00:00:00+05:30,3223.3053948970555,3228.0817592257495,3195.025900609642,3204.15283203125,1152881
2023-08-25 00:00:00+05:30,3192.093625144903,3202.3083709272764,3168.684938560507,3198.05224609375,1158046
2023-08-28 00:00:00+05:30,3210.064080123516,3210.064080123516,3178.001363908617,3192.614013671875,1037485
2023-08-29 00:00:00+05:30,3197.8162268379574,3205.855574832094,3182.636000031818,3193.181640625,944517
2023-08-30 00:00:00+05:30,3213.847663649171,3223.4003932710566,3199.707915077835,3207.1796875,1188200
2023-08-31 00:00:00+05:30,3216.6849335751754,3232.196053475571,3162.442888567847,3174.88037109375,3417652
2023-09-01 00:00:00+05:30,3183.5820610390588,3205.3355926504364,3174.8806945764272,3196.066650390625,1277950
2023-09-04 00:00:00+05:30,3194.931685189502,3246.809220695035,3187.41257598443,3233.23681640625,1828332
2023-09-05 00:00:00+05:30,3234.6551604094307,3260.191911675821,3220.6098548490877,3243.49853515625,1501842
2023-09-06 00:00:00+05:30,3247.8962056023015,3257.2595880304025,3213.9418792762212,3244.018310546875,1314818
2023-09-07 00:00:00+05:30,3244.8697293746077,3272.487205271869,3236.8303821940267,3267.99462890625,1885092
2023-09-08 00:00:00+05:30,3267.9952512132554,3277.216857088179,3248.890021633796,3255.36865234375,1518917
2023-09-11 00:00:00+05:30,3274.379127713751,3296.7946752137577,3258.3004318237645,3292.018310546875,1783604
2023-09-12 00:00:00+05:30,3302.753377677456,3395.3476597908902,3294.24112670406,3386.740966796875,4476016
2023-09-13 00:00:00+05:30,3377.5667884111795,3394.3548393912247,3352.881167564008,3374.492919921875,1754929
2023-09-14 00:00:00+05:30,3376.5732902680156,3402.724722448377,3353.4483897915056,3367.115234375,2604721
2023-09-15 00:00:00+05:30,3374.4927449137253,3411.8520676923513,3369.385255912165,3403.29248046875,2952897
2023-09-18 00:00:00+05:30,3386.0314090812585,3423.1542791511733,3381.4914959863354,3410.716796875,1395753
2023-09-20 00:00:00+05:30,3385.9842748809256,3428.545529732781,3385.9842748809256,3410.62255859375,1649396
2023-09-21 00:00:00+05:30,3394.0704499757762,3409.628904620776,3336.8018794735367,3390.99658203125,2004073
2023-09-22 00:00:00+05:30,3389.767307044792,3436.821136153463,3371.844336912951,3408.352294921875,1989083
2023-09-25 00:00:00+05:30,3407.2645938378673,3423.816191448461,3365.7909268897833,3383.288330078125,1238778
2023-09-26 00:00:00+05:30,3374.256300567167,3400.123946328617,3344.3687499178695,3391.375244140625,1726062
2023-09-27 00:00:00+05:30,3395.442291212087,3418.141626863644,3363.0011111614867,3394.7802734375,1541134
2023-09-28 00:00:00+05:30,3404.9003322259136,3407.5486342217837,3336.187644274132,3345.078125,1755753
2023-09-29 00:00:00+05:30,3345.503418267973,3375.0598423503143,3315.5687643212023,3337.36962890625,2243791
2023-10-03 00:00:00+05:30,3342.665949831353,3342.665949831353,3291.4980077975183,3323.4189453125,1948148
2023-10-04 00:00:00+05:30,3297.362271452547,3355.7184336575156,3288.8500206343624,3346.02392578125,1788138
2023-10-05 00:00:00+05:30,3361.39307255119,3427.5994639632845,3358.7447707127926,3394.827392578125,2990768
2023-10-06 00:00:00+05:30,3396.387740276004,3437.9558481417475,3381.3021878899954,3425.14013671875,2075691
2023-10-09 00:00:00+05:30,3447.508726297345,3479.618780028991,3434.220111520866,3441.171875,4233074
2023-10-10 00:00:00+05:30,3442.780002709694,3450.2991116642156,3406.177369170832,3432.234130859375,1848148
2023-10-11 00:00:00+05:30,3452.190817082202,3452.190817082202,3409.629560433243,3414.263916015625,2426417
2023-10-12 00:00:00+05:30,3381.2548202878165,3394.164973601456,3346.354688073004,3350.5634765625,4241281
2023-10-13 00:00:00+05:30,3338.69358497852,3383.14644574169,3333.964557237757,3377.329833984375,2890357
2023-10-16 00:00:00+05:30,3372.7429065997326,3380.9240330082193,3328.384714521745,3333.06640625,1671104
2023-10-17 00:00:00+05:30,3338.6939867288806,3342.618987862192,3313.4883582014045,3316.98779296875,1672065
2023-10-18 00:00:00+05:30,3320.7236263016166,3331.7895061885492,3295.1868738350418,3298.2607421875,1408245
2023-10-19 00:00:00+05:30,3289.9632284213567,3296.9329793982606,3273.2738858343305,3276.829833984375,1514545
2023-10-20 00:00:00+05:30,3271.851538812367,3318.4108463185244,3265.830272123187,3313.717041015625,1481211
2023-10-23 00:00:00+05:30,3293.28235834345,3298.924416859817,3225.292670958359,3233.6845703125,1106272
2023-10-25 00:00:00+05:30,3215.0510835130726,3247.7658047580812,3202.439275108519,3214.671875,1518537
2023-10-26 00:00:00+05:30,3193.7633712322263,3199.1209077577855,3157.6823004467296,3164.0830078125,1984471
2023-10-27 00:00:00+05:30,3176.6470576535294,3188.0260918899003,3164.319770564128,3177.5478515625,1108851
2023-10-30 00:00:00+05:30,3176.6473033537277,3207.7975045879466,3161.238193300146,3203.719970703125,910972
2023-10-31 00:00:00+05:30,3223.1118989158163,3223.1118989158163,3176.6949615597064,3194.42724609375,999811
2023-11-01 00:00:00+05:30,3181.3886358368673,3197.1297273532236,3139.6655061865476,3158.298583984375,1563475
2023-11-02 00:00:00+05:30,3170.198753812231,3201.2540333957804,3170.198753812231,3186.224365234375,1245384
2023-11-03 00:00:00+05:30,3206.9912455011868,3212.585844899684,3171.2421581670574,3177.50048828125,1402598
2023-11-06 00:00:00+05:30,3200.35370326714,3216.7585255882636,3185.181656081281,3205.33203125,1099852
2023-11-07 00:00:00+05:30,3203.1984184696917,3227.995140148388,3191.8193832353413,3196.0390625,1191144
2023-11-08 00:00:00+05:30,3196.9872502026456,3225.9089641664814,3195.18566226346,3206.564697265625,992899
2023-11-09 00:00:00+05:30,3214.6723747191027,3215.999836228239,3169.1087747892757,3174.229248046875,2112352
2023-11-10 00:00:00+05:30,3165.2682103187162,3174.2291540075717,3150.4281448953298,3160.95361328125,1338557
2023-11-13 00:00:00+05:30,3182.3365915461563,3182.3365915461563,3154.837258663308,3159.15185546875,1030990
2023-11-15 00:00:00+05:30,3208.0345356358303,3236.387205247155,3182.384247933324,3228.137451171875,2059802
2023-11-16 00:00:00+05:30,3252.554843852836,3346.716401326636,3237.524943071945,3316.846435546875,3951984
2023-11-17 00:00:00+05:30,3316.846671431054,3342.11751992798,3311.8208844981696,3321.20849609375,2021292
2023-11-20 00:00:00+05:30,3310.5874010199022,3351.0302880528984,3310.5874010199022,3337.470458984375,1475621
2023-11-21 00:00:00+05:30,3337.4708446570817,3355.9143164052966,3319.833248932259,3328.55712890625,1807236
2023-11-22 00:00:00+05:30,3318.885363485057,3349.8457300587393,3300.963475125066,3347.47509765625,1798051
2023-11-23 00:00:00+05:30,3347.332998278611,3360.6085399148433,3318.885409058113,3326.70849609375,2729804
2023-11-24 00:00:00+05:30,3313.432579520662,3323.199630349241,3274.3171487686473,3278.205078125,1989733
2023-11-28 00:00:00+05:30,3278.2053183724934,3301.1055341791257,3255.35233000702,3290.579833984375,1689195
2023-11-29 00:00:00+05:30,3300.8683019137984,3335.9536587568928,3295.9374331994227,3331.923583984375,1441634
2023-11-30 00:00:00+05:30,3318.3636112436993,3334.6735150515265,3300.8683912942124,3307.126953125,3266235
2023-12-01 00:00:00+05:30,3318.8850754721416,3334.9579154648036,3309.4500056304237,3329.93212890625,1172141
2023-12-04 00:00:00+05:30,3361.224369270562,3364.2115046497292,3316.9884664587703,3330.690673828125,1625213
2023-12-05 00:00:00+05:30,3354.9188237283443,3354.9188237283443,3321.540367317705,3348.85009765625,1377656
2023-12-06 00:00:00+05:30,3349.7985452386283,3425.895846326785,3342.733875383664,3417.5986328125,1896572
2023-12-07 00:00:00+05:30,3418.4515007803934,3442.679407232964,3405.839691660572,3427.839111328125,1967653
2023-12-08 00:00:00+05:30,3445.002603708942,3456.3816379078157,3415.654224305756,3439.028564453125,1641155
2023-12-11 00:00:00+05:30,3435.4253229469305,3463.967827707981,3427.9342176743367,3454.390380859375,1102503
2023-12-12 00:00:00+05:30,3450.64486709552,3507.018456073914,3443.1063027918103,3482.07958984375,2236866
2023-12-13 00:00:00+05:30,3455.006883047287,3461.1230679206947,3378.6250660277906,3407.59423828125,3850968
2023-12-14 00:00:00+05:30,3442.1580480094076,3487.6741874872178,3439.88233363834,3477.48046875,3290396
2023-12-15 00:00:00+05:30,3476.9587660243214,3694.345737340675,3476.9587660243214,3661.204345703125,8531230
2023-12-18 00:00:00+05:30,3658.4546193042174,3725.6856575541797,3631.950765447862,3659.49755859375,2521612
2023-12-19 00:00:00+05:30,3646.032631945624,3655.6100794464105,3593.8787191349584,3618.722900390625,2004435
2023-12-20 00:00:00+05:30,3629.200354806552,3697.047885695168,3571.6414589074834,3584.44287109375,2586083
2023-12-21 00:00:00+05:30,3561.874909756601,3609.7142216441343,3549.642540106947,3591.5078125,1517562
2023-12-22 00:00:00+05:30,3603.361070704759,3646.933245771475,3567.3274599977117,3626.119140625,2413058
2023-12-26 00:00:00+05:30,3622.1837035954127,3635.6013886790356,3594.020409040858,3599.14111328125,1285231
2023-12-27 00:00:00+05:30,3602.4125627495287,3620.618971095341,3573.016724517037,3613.981201171875,1293976
2023-12-28 00:00:00+05:30,3626.119100844942,3639.3946414861102,3595.8699258439583,3603.26611328125,1682889
2023-12-29 00:00:00+05:30,3595.774833524974,3624.7914635502243,3570.5512149274923,3597.102294921875,1574996
2024-01-01 00:00:00+05:30,3593.8789755408397,3633.7056027104213,3577.7586740674374,3613.88720703125,825907
2024-01-02 00:00:00+05:30,3613.8865694951905,3613.8865694951905,3572.3055889566763,3587.43017578125,1344068
2024-01-03 00:00:00+05:30,3572.0686772686777,3576.667796440322,3496.255904152082,3500.712646484375,1803075
2024-01-04 00:00:00+05:30,3510.1951028326184,3526.552465032622,3462.071269113768,3477.0537109375,3598144
2024-01-05 00:00:00+05:30,3484.829351387596,3553.8147487517995,3484.687206057707,3544.474365234375,1963127
2024-01-08 00:00:00+05:30,3544.4742269140233,3546.2285872851344,3482.363665387938,3487.95849609375,1067805
2024-01-09 00:00:00+05:30,3517.9707687302525,3558.1768302364985,3492.1783363813142,3498.958251953125,1370944
2024-01-10 00:00:00+05:30,3499.053125217598,3536.2720507365116,3497.1566194586726,3520.910400390625,1292227
2024-01-11 00:00:00+05:30,3531.2937266797526,3577.7581178202754,3515.173427712632,3542.24609375,1777909
2024-01-12 00:00:00+05:30,3648.8772170987218,3703.1646964851307,3623.843432744319,3681.87646484375,6813450
2024-01-15 00:00:00+05:30,3755.0815627176166,3759.8228273170075,3683.962593726753,3701.789794921875,2801505
2024-01-16 00:00:00+05:30,3697.2381021359224,3697.2381021359224,3656.036559430459,3661.489013671875,1432672
2024-01-17 00:00:00+05:30,3621.3780100735817,3707.6215694323387,3615.2618248575886,3683.58349609375,3458696
2024-01-18 00:00:00+05:30,3696.2897995314374,3706.5309771399134,3662.1526951745536,3700.65185546875,2239110
2024-01-19 00:00:00+05:30,3766.9193017431467,3784.631985387999,3738.321317166315,3765.057373046875,2941975
2024-01-23 00:00:00+05:30,3723.9503266134257,3756.3199554352645,3669.2846455368567,3684.0849609375,2618854
2024-01-24 00:00:00+05:30,3704.8530094630705,3708.3381516492786,3633.8115913955444,3668.37744140625,2657709
2024-01-25 00:00:00+05:30,3666.5632491430715,3686.7108687652694,3608.12592069105,3638.299560546875,2205154
2024-01-29 00:00:00+05:30,3629.228508398019,3647.561756466226,3610.179116005899,3629.41943359375,1646747
2024-01-30 00:00:00+05:30,3635.5781805395054,3674.1068379093945,3616.0513588538565,3628.98974609375,1411621
2024-01-31 00:00:00+05:30,3639.158755461559,3660.929588370053,3625.0745845099527,3643.6943359375,2459358
2024-02-01 00:00:00+05:30,3647.56157849842,3728.6290187621194,3633.286482295551,3680.169921875,2363107
2024-02-02 00:00:00+05:30,3700.1269169206976,3804.5406228744723,3697.2145499513263,3787.2578125,2826510
2024-02-05 00:00:00+05:30,3803.2034921577665,3840.4429940895147,3783.2470318063965,3793.94140625,1691523
2024-02-06 00:00:00+05:30,3816.572180093142,3962.570056906781,3809.8881657672346,3949.297607421875,4474396
2024-02-07 00:00:00+05:30,3965.5298194277684,3967.439537616754,3890.0481613841494,3899.071533203125,2124267
2024-02-08 00:00:00+05:30,3905.3737741443265,3970.304193861152,3901.60212727005,3947.483154296875,2345173
2024-02-09 00:00:00+05:30,3949.822049542002,3995.846442629643,3914.922137470945,3947.10107421875,2100596
2024-02-12 00:00:00+05:30,3943.567746517025,3971.831666713379,3920.221257018135,3934.687744140625,1013716
2024-02-13 00:00:00+05:30,3939.2233270851298,3981.762109892758,3897.2570866971923,3962.1875,1257415
2024-02-14 00:00:00+05:30,3921.6060121436158,3929.1493051863713,3866.7016182555567,3915.017578125,1391283
2024-02-15 00:00:00+05:30,3941.658346417395,3959.1320813699854,3898.689687117787,3917.97802734375,1091582
2024-02-16 00:00:00+05:30,3927.5741373230317,3960.707934118615,3915.0178335842274,3941.944580078125,1307556
2024-02-19 00:00:00+05:30,3936.931574545264,3941.944584755052,3871.953600131452,3918.550537109375,772291
2024-02-20 00:00:00+05:30,3897.8300753576905,3913.0122404364697,3828.9846471816118,3848.702392578125,1193648
2024-02-21 00:00:00+05:30,3831.8495388516026,3879.92678741508,3800.91219749732,3811.320068359375,1885939
2024-02-22 00:00:00+05:30,3791.745501130713,3910.100240420899,3791.745501130713,3902.604736328125,2982052
2024-02-23 00:00:00+05:30,3943.567999377252,3943.567999377252,3863.7416870619977,3869.1845703125,2538072
2024-02-26 00:00:00+05:30,3853.8109967592127,3867.1790230115985,3802.964754049245,3820.438720703125,1379284
2024-02-27 00:00:00+05:30,3818.4812429758413,3937.8386211633833,3818.4812429758413,3919.123291015625,2960475
2024-02-28 00:00:00+05:30,3910.7210365348114,3967.3439948618516,3904.418873205376,3933.01708984375,1939225
2024-02-29 00:00:00+05:30,3913.9675096416795,3951.3025942599716,3881.072659776966,3910.24365234375,3772719
2024-03-01 00:00:00+05:30,3921.7971311947285,3953.1163203771775,3902.3178674252918,3909.527099609375,2043265
2024-03-04 00:00:00+05:30,3919.6965305132107,3932.014119419607,3891.9100379868287,3896.493408203125,1749271
2024-03-05 00:00:00+05:30,3878.637609545636,3880.547327718726,3800.3391644489493,3830.990234375,2070859
2024-03-06 00:00:00+05:30,3813.755130912655,3888.186353005967,3779.7620528496122,3880.833984375,1744204
2024-03-07 00:00:00+05:30,3881.502084875083,3937.838769501806,3855.4343858729776,3923.134033203125,2688905
2024-03-11 00:00:00+05:30,3904.4190262849966,3965.5300112892123,3904.4190262849966,3936.263671875,2304068
2024-03-12 00:00:00+05:30,3936.2634988875275,4039.006431158572,3935.021902315305,4003.008056640625,4039801
2024-03-13 00:00:00+05:30,4015.182559403433,4049.5574873793007,3945.382265182253,3961.71044921875,2837260
2024-03-14 00:00:00+05:30,3965.9602376583607,4034.2802287643326,3901.5547963860504,4017.665771484375,2919608
2024-03-15 00:00:00+05:30,4003.342404564304,4047.6477740948294,3988.4465091753013,4028.789306640625,3373143
2024-03-18 00:00:00+05:30,4024.969404270418,4062.6863348127777,3931.966230813916,3965.052001953125,1526904
2024-03-19 00:00:00+05:30,3868.3732645578198,3874.818564042119,3787.5445279767664,3797.761474609375,8931209
2024-03-20 00:00:00+05:30,3806.068367984223,3836.6238591471674,3781.43295661012,3791.64990234375,1817913
2024-03-21 00:00:00+05:30,3809.9356057637506,3827.457130409854,3769.783733909053,3793.607421875,3829582
2024-03-22 00:00:00+05:30,3721.0857067892807,3760.234927722912,3680.981626808488,3734.358154296875,5852485
2024-03-26 00:00:00+05:30,3700.0789167648895,3768.5422658395028,3696.6891204236167,3702.466064453125,3440925
2024-03-27 00:00:00+05:30,3712.9694508618754,3719.1760347452755,3656.5371872279266,3667.51806640625,1968575
2024-03-28 00:00:00+05:30,3676.3030511328657,3738.273312412513,3667.1363106820577,3701.3203125,4311783
2024-04-01 00:00:00+05:30,3721.7539807192757,3755.747055308382,3712.539684362111,3739.944091796875,1569676
2024-04-02 00:00:00+05:30,3714.402013572378,3733.356060539983,3698.169408371676,3708.48193359375,2142666
2024-04-03 00:00:00+05:30,3677.162259779897,3801.2939382455907,3677.162259779897,3769.115234375,3973090
2024-04-04 00:00:00+05:30,3796.4238812050103,3846.7926944680185,3757.608955322321,3822.587158203125,3394637
2024-04-05 00:00:00+05:30,3798.429717072352,3821.346336783196,3781.7196818665284,3799.623291015625,1636819
2024-04-08 00:00:00+05:30,3803.2040617482094,3850.6127261366482,3781.242300909593,3793.225830078125,2302538
2024-04-09 00:00:00+05:30,3804.158842501693,3834.571199588431,3747.8699423973926,3768.3994140625,1876992
2024-04-10 00:00:00+05:30,3777.804526751909,3810.0788116116587,3741.1380298148547,3804.779296875,2101965
2024-04-12 00:00:00+05:30,3791.745327044356,3832.183701481011,3767.396421015741,3820.77294921875,4354821
2024-04-15 00:00:00+05:30,3820.772996845027,3880.738193181066,3742.140492150271,3763.29052734375,4200329
2024-04-16 00:00:00+05:30,3725.860355825753,3751.355048181922,3688.4777138275394,3697.978515625,3051420
2024-04-18 00:00:00+05:30,3701.7979775859185,3758.325592309684,3676.2077058923483,3687.666015625,3476284
2024-04-19 00:00:00+05:30,3664.749072987277,3678.6423189369357,3629.323708606485,3653.481689453125,2957749
2024-04-22 00:00:00+05:30,3663.794476443267,3702.943700715921,3639.9229982282336,3690.148681640625,1728883
2024-04-23 00:00:00+05:30,3702.036492584922,3719.1761666777247,3686.3291071314047,3699.79248046875,1807586
2024-04-24 00:00:00+05:30,3714.4019349755777,3722.0408078495634,3651.810873740377,3658.113037109375,1317312
2024-04-25 00:00:00+05:30,3639.158641602764,3698.7895406336374,3638.967716423201,3678.307861328125,2856271
2024-04-26 00:00:00+05:30,3681.124880410782,3701.797719316403,3630.8994327921014,3648.850830078125,2039178
2024-04-29 00:00:00+05:30,3664.7494314876817,3702.7528724246417,3646.798032776162,3695.495849609375,1110693
2024-04-30 00:00:00+05:30,3697.2142342745547,3706.524109993609,3638.0129732918526,3648.18212890625,2203078
2024-05-02 00:00:00+05:30,3607.505726623518,3696.355418838204,3607.505726623518,3688.907470703125,2491044
2024-05-03 00:00:00+05:30,3714.5449351673606,3717.8393854700757,3626.1729143242665,3669.9052734375,2962234
2024-05-06 00:00:00+05:30,3679.0723249742337,3762.0972818946348,3679.0723249742337,3744.050537109375,2053831
2024-05-07 00:00:00+05:30,3753.3600551012064,3807.977946933751,3736.8409466713224,3799.33642578125,2062112
2024-05-08 00:00:00+05:30,3782.1968021657026,3804.4450652730084,3760.8080520992153,3797.4267578125,1247685
2024-05-09 00:00:00+05:30,3783.1516542867107,3791.74538595975,3733.5467719757585,3781.432861328125,1726486
2024-05-10 00:00:00+05:30,3783.724738667533,3794.2281887002428,3709.675369312951,3718.125732421875,1672489
2024-05-13 00:00:00+05:30,3709.1499060091382,3776.467467696265,3695.3044500593037,3769.592529296875,931326
2024-05-14 00:00:00+05:30,3758.3255802892677,3767.683246498319,3717.1710580498243,3725.096435546875,1058317
2024-05-15 00:00:00+05:30,3728.2470590063567,3749.6835974700216,3700.5561473118546,3705.23486328125,1115021
2024-05-16 00:00:00+05:30,3742.456838999375,3760.15384977655,3696.6751046466734,3751.930419921875,2599399
2024-05-17 00:00:00+05:30,3769.290932634866,3770.2527318011416,3683.6908068363196,3687.63427734375,2765804
2024-05-21 00:00:00+05:30,3684.267988960184,3697.877353269418,3664.5029690837023,3674.26513671875,1908117
2024-05-22 00:00:00+05:30,3688.4998995277233,3694.511144474802,3671.7165505983294,3685.614501953125,1311168
2024-05-23 00:00:00+05:30,3694.222342264953,3755.825623852059,3679.362592585416,3744.716796875,2095742
2024-05-24 00:00:00+05:30,3730.0977721050167,3735.435804663223,3697.4447360116023,3702.446044921875,1309452
2024-05-27 00:00:00+05:30,3707.7361008082685,3759.048184611569,3694.6076349995965,3700.08984375,1841538
2024-05-28 00:00:00+05:30,3710.6213058939243,3722.162896269955,3683.690928349852,3693.212646484375,1801993
2024-05-29 00:00:00+05:30,3701.8683315689423,3701.8683315689423,3654.836451162567,3658.346923828125,1568095
2024-05-30 00:00:00+05:30,3632.7156681543424,3649.45088072212,3573.516878968853,3593.378173828125,2919230
2024-05-31 00:00:00+05:30,3597.1288311929115,3606.5545098524694,3514.173654270348,3530.716552734375,10956800
2024-06-03 00:00:00+05:30,3590.2037857688797,3608.2375191868537,3554.809531351022,3561.39794921875,2156773
2024-06-04 00:00:00+05:30,3558.656753396282,3601.9377139105613,3454.3015486007425,3573.083740234375,3395997
2024-06-05 00:00:00+05:30,3574.0455390744582,3639.255566540333,3558.6567531150417,3603.332275390625,2799670
2024-06-06 00:00:00+05:30,3636.562895468114,3693.2127762959312,3598.5718258116763,3684.07568359375,4328036
2024-06-07 00:00:00+05:30,3690.7119259738774,3765.443672980527,3690.7119259738774,3745.19775390625,4552445
2024-06-10 00:00:00+05:30,3746.2080370839158,3756.691554866608,3695.1364035512365,3711.294677734375,1734661
2024-06-11 00:00:00+05:30,3698.117909125514,3731.7327440674576,3694.2707123409878,3704.94677734375,1419898
2024-06-12 00:00:00+05:30,3726.3945012041186,3744.764958738886,3681.238078457762,3685.277587890625,2177001
2024-06-13 00:00:00+05:30,3709.467192860258,3741.3988792628375,3704.8505097481875,3730.00146484375,1932323
2024-06-14 00:00:00+05:30,3740.437014038603,3740.437014038603,3681.7672640112555,3685.66259765625,1860730
2024-06-18 00:00:00+05:30,3679.8915165292606,3695.2321653073436,3650.0757442428144,3669.35986328125,1774045
2024-06-19 00:00:00+05:30,3681.4305657786617,3687.393908592031,3648.0561809382543,3656.471923828125,1509050
2024-06-20 00:00:00+05:30,3650.9894727993596,3664.4065236093124,3635.6488237424105,3642.57373046875,2846526
2024-06-21 00:00:00+05:30,3680.805261213651,3729.6647038570986,3652.961223433323,3665.176025390625,4642195
2024-06-24 00:00:00+05:30,3663.252343284307,3709.659150127357,3646.4689958552112,3670.994873046875,1702154
2024-06-25 00:00:00+05:30,3671.1870836762914,3700.6661315149904,3648.0076319521722,3691.817626953125,1338808
2024-06-26 00:00:00+05:30,3697.636952164433,3719.2292968197617,3694.2706550301955,3708.553466796875,1639845
2024-06-27 00:00:00+05:30,3684.652571402827,3791.4122778569417,3672.245456200075,3783.862060546875,4526556
2024-06-28 00:00:00+05:30,3768.136755923504,3808.72463308086,3748.9489098484837,3755.008056640625,2731571
2024-07-01 00:00:00+05:30,3735.6278170574037,3848.8315275785044,3735.6278170574037,3826.229248046875,2658723
2024-07-02 00:00:00+05:30,3841.0412524117046,3869.7026797753697,3830.4133246392416,3863.931884765625,2307449
2024-07-03 00:00:00+05:30,3866.4326746323527,3872.2997435120974,3803.915728400735,3813.774169921875,1821198
2024-07-04 00:00:00+05:30,3847.0523705122346,3892.737829501412,3829.9804358373312,3867.34619140625,2518001
2024-07-05 00:00:00+05:30,3856.8146129950023,3872.924748847288,3835.6550315770746,3858.5458984375,1668616
2024-07-08 00:00:00+05:30,3868.356357887955,3877.253000431581,3826.085330278659,3840.656494140625,1758882
2024-07-09 00:00:00+05:30,3832.76934459927,3853.8807875019083,3823.247627606133,3833.250244140625,1305801
2024-07-10 00:00:00+05:30,3831.5193138953828,3850.3706715891435,3752.940368518921,3759.817138671875,2669716
2024-07-11 00:00:00+05:30,3780.832460057338,3827.96061842488,3746.7848640603625,3773.811279296875,4872189
2024-07-12 00:00:00+05:30,3827.960742140317,4039.5086599499514,3819.5931362246197,4024.119873046875,13509164
2024-07-15 00:00:00+05:30,4073.8927473716462,4078.0282957635995,3998.2468703807003,4009.93310546875,4848030
2024-07-16 00:00:00+05:30,4012.6260416342875,4034.314424549635,3986.561190822614,4018.829833984375,2029521
2024-07-18 00:00:00+05:30,4001.0842332290817,4159.781083825908,4001.0842332290817,4150.69189453125,5613364
2024-07-19 00:00:00+05:30,4162.116257683314,4201.979119036148,4131.122688809786,4147.65576171875,3903354
2024-07-22 00:00:00+05:30,4145.294372304492,4164.575034563433,4111.601226719275,4133.1474609375,1896386
2024-07-23 00:00:00+05:30,4128.9537754903895,4204.823368898603,4112.854234400738,4147.60791015625,2365208
2024-07-24 00:00:00+05:30,4133.2915683962265,4183.03576631366,4114.589421974038,4151.3671875,1809793
2024-07-25 00:00:00+05:30,4140.521806883495,4186.795391686849,4120.470108423073,4167.03271484375,2810342
2024-07-26 00:00:00+05:30,4193.542999874142,4263.387369849372,4181.058585874202,4230.03173828125,3552210
2024-07-29 00:00:00+05:30,4256.205525599184,4271.630052985274,4213.788075287437,4223.52490234375,1746803
2024-07-30 00:00:00+05:30,4233.166139238641,4239.817873955691,4171.660540672813,4208.34228515625,1797906
2024-07-31 00:00:00+05:30,4193.543895095498,4255.242012172765,4188.723729698836,4227.62255859375,2330091
2024-08-01 00:00:00+05:30,4241.166306163715,4260.350467001491,4208.051681436031,4238.94921875,2202244
2024-08-02 00:00:00+05:30,4208.004657257453,4239.817750886204,4116.421508932262,4129.001953125,2811282
2024-08-05 00:00:00+05:30,4086.5359851916824,4086.5359851916824,3962.657741715124,4005.605224609375,2787771
2024-08-06 00:00:00+05:30,4020.933308175518,4105.093194059479,4011.147997432435,4021.17431640625,2203067
2024-08-07 00:00:00+05:30,4075.9314791639013,4092.272026621847,4029.9469172820454,4049.37255859375,1237666
2024-08-08 00:00:00+05:30,4030.6218528323247,4079.787534366515,4010.3771604358935,4022.4755859375,2441283
2024-08-09 00:00:00+05:30,4065.327153287116,4100.658868526236,4054.288787170363,4076.654541015625,1302536
2024-08-12 00:00:00+05:30,4077.8595000099504,4086.535796818482,4035.7795546324164,4044.744873046875,936912
2024-08-13 00:00:00+05:30,4061.470586551758,4081.7152773463436,4032.549599702351,4045.998046875,1495593
2024-08-14 00:00:00+05:30,4057.6148500251006,4151.319044827985,4037.5146680639523,4140.7626953125,3226545
2024-08-16 00:00:00+05:30,4193.544062573598,4267.77461264674,4169.539732083415,4257.21826171875,3457058
2024-08-19 00:00:00+05:30,4261.990021771471,4332.605441155041,4232.442503572573,4328.50830078125,2055210
2024-08-20 00:00:00+05:30,4342.968249357332,4400.810223821581,4338.148084818645,4360.60986328125,2212298
2024-08-21 00:00:00+05:30,4355.501279840781,4395.990667568384,4330.966450656232,4387.79638671875,1896990
2024-08-22 00:00:00+05:30,4395.99057536928,4396.906595026849,4335.44948994356,4340.07666015625,1829872
2024-08-23 00:00:00+05:30,4338.148364040649,4343.932561859369,4294.7668804002415,4303.3466796875,1809253
2024-08-26 00:00:00+05:30,4327.544309532852,4388.422901766145,4323.688177379114,4340.5107421875,1844164
2024-08-27 00:00:00+05:30,4342.969121176248,4347.789286682549,4325.4235304456015,4335.4013671875,930697
2024-08-28 00:00:00+05:30,4336.943704020961,4398.400811246599,4296.984345623409,4343.98095703125,1848058
2024-08-29 00:00:00+05:30,4299.587687061034,4392.134865975352,4299.587687061034,4349.5244140625,2133641
2024-08-30 00:00:00+05:30,4338.149040111172,4427.081095433451,4326.387647759152,4389.9658203125,3637222
2024-09-02 00:00:00+05:30,4411.41521031719,4422.9836068477425,4349.717095487579,4358.44140625,1216500
2024-09-03 00:00:00+05:30,4358.441492719485,4392.038139120691,4334.196155320372,4350.0546875,1717263
2024-09-04 00:00:00+05:30,4315.927443783511,4325.615786508623,4277.125118085501,4318.14453125,1265505
2024-09-05 00:00:00+05:30,4319.83253457661,4337.185131234137,4293.948150418603,4314.96435546875,1688793
2024-09-06 00:00:00+05:30,4313.035657561393,4356.417142852314,4280.306548704212,4296.4541015625,1649179
2024-09-09 00:00:00+05:30,4294.766863264564,4328.749025313964,4271.148055599024,4289.5126953125,1184938
2024-09-10 00:00:00+05:30,4282.668162536592,4376.661370673829,4280.7400967286485,4345.7158203125,1385591
2024-09-11 00:00:00+05:30,4358.827586295432,4385.724015259078,4310.4329370759415,4318.24169921875,1325919
2024-09-12 00:00:00+05:30,4348.0296801859,4369.575911096477,4271.919089315057,4355.2119140625,2742216
2024-09-13 00:00:00+05:30,4367.06978569543,4383.4583478051045,4342.968959063557,4359.93603515625,1458786
2024-09-16 00:00:00+05:30,4364.17732856035,4382.541968659906,4332.798243146996,4350.921875,1155120
2024-09-17 00:00:00+05:30,4350.921959825614,4372.660715800715,4305.371400339266,4343.59521484375,1699364
2024-09-18 00:00:00+05:30,4335.305025597592,4335.305025597592,4165.587180306744,4189.83251953125,2961779
2024-09-19 00:00:00+05:30,4232.1529776670095,4263.147015883038,4127.796403091641,4141.63037109375,2927551
2024-09-20 00:00:00+05:30,4161.634214107266,4174.938152739774,4075.4497528623806,4130.78515625,5447908
2024-09-23 00:00:00+05:30,4145.341647021787,4154.403462524923,4100.032098786898,4114.974609375,1702319
2024-09-24 00:00:00+05:30,4098.731160481688,4136.665956416498,4087.5002692160224,4117.67431640625,3012026
2024-09-25 00:00:00+05:30,4099.405755293621,4135.315983961965,4087.4998537926194,4121.0,2713073
2024-09-26 00:00:00+05:30,4106.780742665259,4161.537630946426,4106.780742665259,4138.11181640625,3964251
2024-09-27 00:00:00+05:30,4179.082882471852,4220.5362997605,4145.389742225136,4153.72900390625,3012477
2024-09-30 00:00:00+05:30,4132.7127213486465,4144.136605845328,4106.828342734448,4114.974609375,2503416
2024-10-01 00:00:00+05:30,4102.490682592709,4141.244999726133,4090.34424266424,4133.67724609375,1823365
2024-10-03 00:00:00+05:30,4109.286975952268,4125.097022300532,4058.5787482788596,4080.510498046875,3350119
2024-10-04 00:00:00+05:30,4073.039184333478,4143.413589175216,4072.123164749908,4099.30908203125,2965463
2024-10-07 00:00:00+05:30,4120.1809917846585,4142.691258921902,4077.281518628099,4119.1689453125,1472619
2024-10-08 00:00:00+05:30,4118.927080056265,4125.482315516238,4052.7463153359727,4100.27294921875,1541867
2024-10-09 00:00:00+05:30,4106.781108518191,4140.522267860477,4093.959656255842,4099.98486328125,1082504
2024-10-10 00:00:00+05:30,4100.27337464331,4139.413208753188,4047.5890651136706,4075.35302734375,2378875
2024-10-11 00:00:00+05:30,3993.9888713374494,4089.3801286135276,3964.537850351833,3999.966064453125,5759183
2024-10-14 00:00:00+05:30,3991.0963036566122,4015.5826457719213,3973.936705904416,3987.86669921875,2137590
2024-10-15 00:00:00+05:30,3982.4684275959594,4019.9696887304594,3947.7152254374996,3968.73095703125,2759474
2024-10-16 00:00:00+05:30,3938.074910652084,3966.9959014279866,3920.91507571979,3947.6669921875,2359151
2024-10-17 00:00:00+05:30,3964.8748071016144,3981.4083499313706,3945.7388929151134,3961.211669921875,2522659
2024-10-18 00:00:00+05:30,3952.5142923868125,4006.776710853755,3942.850443261172,3984.453125,2361000
2024-10-21 00:00:00+05:30,3993.682370369564,4000.78539382613,3933.186580676541,3942.70556640625,1595450
2024-10-22 00:00:00+05:30,3929.320744784857,3952.3207510778343,3871.6759836673737,3880.518310546875,1928049
2024-10-23 00:00:00+05:30,3865.153042421479,3975.272315864082,3860.85244097846,3929.5625,1966476
2024-10-24 00:00:00+05:30,3869.4049014372445,3941.8837644761543,3869.4049014372445,3911.8291015625,2676744
2024-10-25 00:00:00+05:30,3920.6720809659037,3954.447187543717,3897.140513225637,3921.1552734375,1759676
2024-10-28 00:00:00+05:30,3932.1714800258023,3995.034859975357,3914.8249196323586,3953.33544921875,1532534
2024-10-29 00:00:00+05:30,3958.167387431651,3965.5601369835435,3923.6191298717235,3938.259765625,1445885
2024-10-30 00:00:00+05:30,3938.0182306494053,3968.9425455894743,3923.5708244501016,3947.34375,1935002
2024-10-31 00:00:00+05:30,3933.186481064544,3941.207522795,3826.8841437384754,3835.050048828125,3740372
2024-11-01 00:00:00+05:30,3855.730723825808,3864.524684481904,3842.3945655856387,3850.2705078125,154895
2024-11-04 00:00:00+05:30,3832.972400304222,3857.711711695001,3781.7056351856645,3830.89453125,2269192
2024-11-05 00:00:00+05:30,3808.6196398546176,3852.0102276744137,3808.6196398546176,3837.852783203125,967590
2024-11-06 00:00:00+05:30,3869.018641595081,4010.3038294515763,3841.6215355786026,4000.4951171875,3792017
2024-11-07 00:00:00+05:30,4029.5352624021284,4064.4213794181755,3947.7306399475565,4011.366943359375,3724349
2024-11-08 00:00:00+05:30,4015.3292236622483,4029.5834008100264,3979.2346535958754,4007.59814453125,1648039
2024-11-11 00:00:00+05:30,3989.430410106948,4091.9634724864604,3979.234766094126,4057.560546875,1406487
2024-11-12 00:00:00+05:30,4074.279054125188,4076.2118240749624,4024.3653645457875,4056.30419921875,1587640
2024-11-13 00:00:00+05:30,4037.653120303079,4055.6761055431484,3992.184424537984,4010.8359375,1098813
2024-11-14 00:00:00+05:30,3996.0011679696254,4020.160788090361,3978.0749185870723,4006.53466796875,1825432
2024-11-18 00:00:00+05:30,4071.3795078703233,4071.3795078703233,3856.068908973733,3884.384033203125,3313944
2024-11-19 00:00:00+05:30,3884.7704056996986,3993.247106272653,3879.1655622567805,3903.760009765625,1776233
2024-11-21 00:00:00+05:30,3908.930028227587,3954.8816755354096,3888.7326790147745,3935.940673828125,2384347
2024-11-22 00:00:00+05:30,3934.152965837454,4111.919658653727,3917.7244223790317,4101.91748046875,3096553
2024-11-25 00:00:00+05:30,4136.127160650989,4182.610366339302,4109.261850550811,4170.04736328125,4052167
2024-11-26 00:00:00+05:30,4175.797329148291,4219.816444946144,4165.118964633349,4206.3837890625,2060669
2024-11-27 00:00:00+05:30,4212.423091731362,4230.252607658773,4178.695885685904,4186.91015625,1558993
2024-11-28 00:00:00+05:30,4173.816244332727,4194.062196061659,4090.7071456958633,4102.20703125,2558544
2024-11-29 00:00:00+05:30,4078.1443883814027,4154.199070816993,4054.612821055958,4127.28515625,2017425
2024-12-02 00:00:00+05:30,4126.463771120863,4144.05216610549,4087.8565032973897,4132.89013671875,1670944
2024-12-03 00:00:00+05:30,4169.322463028103,4179.614367038159,4122.066339471409,4158.1123046875,2010905
2024-12-04 00:00:00+05:30,4168.549449151754,4239.482479199273,4144.873018803544,4208.0263671875,3302642
2024-12-05 00:00:00+05:30,4252.866390721262,4338.101725875577,4213.438076368348,4313.990234375,3746747
2024-12-06 00:00:00+05:30,4303.311362306335,4314.907979496471,4264.414375481087,4296.0634765625,1842087
2024-12-09 00:00:00+05:30,4281.5199661588285,4319.160373110423,4267.120454336757,4302.490234375,2066639
2024-12-10 00:00:00+05:30,4277.364547251339,4342.740393143262,4263.787027783619,4283.54931640625,2087828
2024-12-11 00:00:00+05:30,4282.872604248985,4299.10768027082,4258.857847404851,4278.62060546875,1635256
2024-12-12 00:00:00+05:30,4281.132929290767,4334.235964469825,4277.21925947457,4305.1962890625,1914642
2024-12-13 00:00:00+05:30,4285.868384861056,4343.802869518513,4246.681198764737,4323.5087890625,1967048
2024-12-16 00:00:00+05:30,4309.110183879598,4324.572341973805,4249.194321264541,4266.78271484375,1646224
2024-12-17 00:00:00+05:30,4261.757440239835,4283.936162604462,4172.85002878812,4182.9970703125,3225027
2024-12-18 00:00:00+05:30,4166.761572566735,4215.370539745701,4145.404373899688,4201.6962890625,1575404
2024-12-19 00:00:00+05:30,4138.060387129693,4217.303953627739,4118.732687983827,4128.2998046875,3015763
2024-12-20 00:00:00+05:30,4183.4799645207795,4234.698360944804,4012.913040580397,4030.114501953125,4116989
2024-12-23 00:00:00+05:30,4058.864388641254,4075.2448001443836,3976.576815304956,4018.517822265625,2195338
2024-12-24 00:00:00+05:30,4018.5178240820446,4076.2111868102497,4018.5178240820446,4039.00537109375,1181886
2024-12-26 00:00:00+05:30,4039.0056307056766,4058.7683903698035,4003.877445728934,4028.955322265625,1208464
2024-12-27 00:00:00+05:30,4023.059994105243,4040.4067903214554,4007.839433233958,4024.847900390625,858100
2024-12-30 00:00:00+05:30,4011.463851124228,4058.1400545740635,3973.7748387913334,4019.00146484375,1527169
2024-12-31 00:00:00+05:30,3996.0017033441027,4000.7854975159617,3896.5124215443434,3957.153076171875,1555429
2025-01-01 00:00:00+05:30,3956.7659433990707,3995.034876942136,3948.116846379581,3974.20947265625,763161
2025-01-02 00:00:00+05:30,3981.5061174452194,4042.3883711828526,3959.2311324041516,4035.382080078125,1720835
2025-01-03 00:00:00+05:30,4039.440692055234,4039.440692055234,3954.7369152564975,3962.081298828125,1791953
2025-01-06 00:00:00+05:30,3967.4932329226763,4010.159032163457,3929.7074887117915,3957.34619140625,2085593
2025-01-07 00:00:00+05:30,3976.625573377766,4001.171654478945,3876.7012371685046,3892.88818359375,2669054
2025-01-08 00:00:00+05:30,3899.266123917583,3987.3038778331784,3882.692718168748,3970.29541015625,2181277
2025-01-09 00:00:00+05:30,3963.144467280376,3998.6591122870946,3889.989177677788,3903.083740234375,2392472
2025-01-10 00:00:00+05:30,4058.8166896003695,4152.556027431617,4029.82514181751,4122.259765625,7894300
2025-01-13 00:00:00+05:30,4102.304052275712,4177.633946764794,4085.295583032913,4146.8544921875,4003771
2025-01-14 00:00:00+05:30,4157.388046143593,4168.88793265084,4077.226225962871,4090.755615234375,3441709
2025-01-15 00:00:00+05:30,4076.211168766914,4113.368853824781,4066.0159976679342,4106.7490234375,1653474
2025-01-16 00:00:00+05:30,4116.799845191284,4149.656933157598,4050.940805891154,4064.90478515625,2637705
2025-01-17 00:00:00+05:30,4094.0359508349425,4094.7250599119097,4035.133463463163,4058.99951171875,1761466
2025-01-20 00:00:00+05:30,4080.158948884836,4080.158948884836,4003.689468952198,4013.23583984375,1287799
2025-01-21 00:00:00+05:30,4030.458871168815,4045.9102438944124,3966.1927226695407,3971.9501953125,1971591
2025-01-22 00:00:00+05:30,3985.8758020500386,4097.2341866812185,3980.1675861797344,4090.7880859375,2409223
2025-01-23 00:00:00+05:30,4102.007713181408,4124.988106820918,4074.5000556101986,4079.81494140625,1822998
2025-01-24 00:00:00+05:30,4039.0213862561122,4111.849744585292,4039.0213862561122,4086.60595703125,1910099
2025-01-27 00:00:00+05:30,4037.052534242388,4090.542100180829,3977.0676110731124,4000.785888671875,1551782
2025-01-28 00:00:00+05:30,4006.3469263960387,4037.052887627697,3964.519830412573,3976.329833984375,2468272
2025-01-29 00:00:00+05:30,3989.8125558722263,4042.8100387937484,3989.8125558722263,4034.88720703125,1217089
2025-01-30 00:00:00+05:30,4034.985771856494,4064.5107788173946,3994.2413583605,4035.13330078125,1531251
2025-01-31 00:00:00+05:30,4044.92593735956,4063.0840087875113,4020.5678067148765,4047.287841796875,1492943
2025-02-01 00:00:00+05:30,4047.8788185203425,4070.416146418094,3991.781300247632,4008.65966796875,437172
2025-02-03 00:00:00+05:30,3967.0784110116783,4012.4486029262193,3935.388283689166,4004.230712890625,1265713
2025-02-04 00:00:00+05:30,4019.0425508168632,4053.63616349098,4001.6721001506876,4042.022705078125,2547132
2025-02-05 00:00:00+05:30,4084.2927757507155,4084.2927757507155,4011.4644226409437,4026.325439453125,1693912
2025-02-06 00:00:00+05:30,4040.3987061104212,4073.9588936015093,3987.401462566728,4018.107421875,2284536
2025-02-07 00:00:00+05:30,4025.242909445723,4025.242909445723,3944.5412178627034,3965.602294921875,1548940
2025-02-10 00:00:00+05:30,3976.0344720918165,3987.8444754742677,3950.7906859718814,3973.03271484375,1339511
2025-02-11 00:00:00+05:30,3954.7763343520787,3976.034436359499,3892.380246485599,3900.794921875,1810908
2025-02-12 00:00:00+05:30,3908.225423162638,3958.0733824566832,3877.765264214856,3887.60693359375,1678002
2025-02-13 00:00:00+05:30,3905.174387520859,3921.3638855028084,3840.4654117195746,3848.240234375,2277310
2025-02-14 00:00:00+05:30,3862.854932566845,3885.490770388256,3838.250761021833,3872.549072265625,1681975
2025-02-17 00:00:00+05:30,3795.439675974837,3871.71261124984,3795.14437784778,3842.6796875,1799806
2025-02-18 00:00:00+05:30,3836.6764480532574,3862.2647894621036,3803.3132836340874,3811.87548828125,2149879
2025-02-19 00:00:00+05:30,3810.891244071504,3813.5977032041283,3708.488624107545,3724.186279296875,4366672
2025-02-20 00:00:00+05:30,3701.943811253983,3728.024234223072,3691.905356883169,3719.560302734375,2888572
2025-02-21 00:00:00+05:30,3716.312995440546,3756.565328445878,3715.2303156623498,3726.05615234375,1833931
2025-02-24 00:00:00+05:30,3683.884336428401,3703.616931368376,3611.892621833515,3617.404052734375,2508516
2025-02-25 00:00:00+05:30,3567.6050003776913,3600.0825079673364,3563.9143745152314,3572.0830078125,4101954
2025-02-27 00:00:00+05:30,3554.5156569204064,3580.3992952627914,3543.6898206785454,3555.352294921875,3823856
2025-02-28 00:00:00+05:30,3528.1893424937143,3543.001103495299,3402.26522632868,3428.099609375,7085018
2025-03-03 00:00:00+05:30,3429.8215492496156,3467.465932107233,3421.1115763215325,3437.744140625,4990439
2025-03-04 00:00:00+05:30,3418.9960131405514,3494.7768689297923,3409.449641700051,3476.126953125,2797737
2025-03-05 00:00:00+05:30,3465.104278437371,3543.3455504299354,3465.104278437371,3490.889404296875,2501894
2025-03-06 00:00:00+05:30,3500.6815016302025,3552.3010050962666,3480.1125104801763,3544.575439453125,2786513
2025-03-07 00:00:00+05:30,3543.0008163486063,3567.6049886843603,3517.806047766746,3554.0234375,2051315
2025-03-10 00:00:00+05:30,3549.3980060199115,3564.751106121065,3525.876512682056,3532.814697265625,1004626
2025-03-11 00:00:00+05:30,3501.666002409517,3531.929136072837,3481.6381088995104,3518.692138671875,1995450
2025-03-12 00:00:00+05:30,3508.5550985819973,3512.7378080263093,3431.642549263105,3450.68603515625,3174167
2025-03-13 00:00:00+05:30,3446.8480117071717,3468.4996849505683,3428.936220988117,3455.45947265625,1693004
2025-03-17 00:00:00+05:30,3433.758596103089,3474.5522694033125,3422.293146886519,3442.32080078125,2690906
2025-03-18 00:00:00+05:30,3442.32080078125,3442.32080078125,3442.32080078125,3442.32080078125,0
2025-03-19 00:00:00+05:30,3490.84030532552,3490.84030532552,3407.924236612897,3441.73046875,3051244
2025-03-20 00:00:00+05:30,3456.394331571365,3522.2842608792944,3456.394331571365,3506.734375,2845192
2025-03-21 00:00:00+05:30,3419.980285411375,3558.993872552197,3410.138615525299,3521.447998046875,4161925
2025-03-24 00:00:00+05:30,3543.000847877303,3591.963151261163,3510.129769454268,3571.492431640625,1834751
2025-03-25 00:00:00+05:30,3587.2882979899273,3651.2591455535335,3580.3991297907696,3599.83642578125,3135390
2025-03-26 00:00:00+05:30,3589.9946325390874,3622.2260969255326,3568.4414746014018,3578.23388671875,1734499
2025-03-27 00:00:00+05:30,3557.616055783924,3605.0035991217837,3553.334833368605,3593.390380859375,2528474
2025-03-28 00:00:00+05:30,3593.1934495717564,3602.9858624379135,3535.029088090658,3549.053466796875,2051919
2025-04-01 00:00:00+05:30,3516.1329927216443,3527.2541266111284,3469.1882802188134,3494.579833984375,2618493
2025-04-02 00:00:00+05:30,3487.8876353082755,3507.6694869120347,3474.1585545505054,3487.83837890625,1764313
2025-04-03 00:00:00+05:30,3435.72673868462,3446.5525748706787,3342.3784096429627,3349.267578125,4537821
2025-04-04 00:00:00+05:30,3309.359945032038,3345.8231390019464,3243.3222453227836,3247.160400390625,5317367
2025-04-07 00:00:00+05:30,3050.917373829733,3239.2868213813013,3007.66328685901,3222.211669921875,6623955
2025-04-08 00:00:00+05:30,3249.768515327564,3295.9751054332087,3203.758710556288,3240.8125,5557558
2025-04-09 00:00:00+05:30,3208.9256141746023,3218.225943847207,3161.193516842312,3195.196533203125,2990265
2025-04-11 00:00:00+05:30,3237.466387828363,3246.7174609037224,3155.2391923859855,3180.33544921875,7108961
2025-04-15 00:00:00+05:30,3261.9227992555975,3261.9227992555975,3187.323137665445,3196.77099609375,3512160
2025-04-16 00:00:00+05:30,3196.770807962191,3226.1975418061343,3177.8748519424867,3221.965576171875,2384391
2025-04-17 00:00:00+05:30,3194.114034744952,3251.2942342038577,3167.0494419378383,3246.66845703125,2932346
2025-04-21 00:00:00+05:30,3238.0075324909676,3300.895699711744,3232.102531239247,3269.0087890625,2432946
2025-04-22 00:00:00+05:30,3269.99296804921,3281.113861561047,3242.8298660806427,3261.922607421875,2710498
2025-04-23 00:00:00+05:30,3311.7216581561997,3366.736492414926,3284.460282754783,3358.961669921875,3543923
2025-04-24 00:00:00+05:30,3347.25010405524,3358.469510485716,3334.0621235706053,3347.7421875,2252175
2025-04-25 00:00:00+05:30,3365.8510396652046,3422.7359386245157,3351.0885351052693,3393.40771484375,2742991
2025-04-28 00:00:00+05:30,3380.6130974798534,3403.05214950068,3351.088092261689,3388.978515625,1593296
2025-04-29 00:00:00+05:30,3400.296610646148,3439.663286312095,3376.086009001543,3417.51953125,1578332
2025-04-30 00:00:00+05:30,3417.027637154589,3454.32746830495,3312.7059408589703,3399.017333984375,2809332
2025-05-02 00:00:00+05:30,3417.027602193238,3436.2188574474917,3365.8509215152285,3376.6767578125,1721761
2025-05-05 00:00:00+05:30,3395.375944257656,3449.0130425075236,3391.832847162291,3399.60791015625,1284443
2025-05-06 00:00:00+05:30,3405.217529296875,3418.011699204638,3382.5816902292945,3405.217529296875,1324763
2025-05-07 00:00:00+05:30,3366.4413778642383,3404.7253739778457,3366.4413778642383,3390.553466796875,1477128
2025-05-08 00:00:00+05:30,3393.4075587678194,3421.9483996043236,3374.4130890526376,3394.293212890625,2543591
2025-05-09 00:00:00+05:30,3345.1834469493565,3391.636078710749,3344.297792808673,3385.82958984375,2531757
2025-05-12 00:00:00+05:30,3449.505112495261,3573.018063028258,3446.7493970179844,3563.077880859375,2228678
2025-05-13 00:00:00+05:30,3563.077775622703,3565.636705692123,3454.9179286039744,3459.3466796875,3062887
2025-05-14 00:00:00+05:30,3465.251807319678,3504.618485051228,3453.0482333329505,3492.51318359375,2119499
2025-05-15 00:00:00+05:30,3507.5710795750197,3543.001090479818,3458.4612439031466,3523.21923828125,3548330
2025-05-16 00:00:00+05:30,3536.997270491984,3536.997270491984,3489.9542856276926,3504.91357421875,1666727
2025-05-19 00:00:00+05:30,3493.7923840309495,3493.7923840309495,3448.2254099532133,3463.08642578125,2537377
2025-05-20 00:00:00+05:30,3475.8809706180728,3501.666097309959,3438.6794109052826,3442.911376953125,2038374
2025-05-21 00:00:00+05:30,3452.457610566972,3480.998451703358,3442.911239345345,3469.975830078125,1440153
2025-05-22 00:00:00+05:30,3439.663491434224,3442.4192069501996,3396.6554437594436,3421.948486328125,2034383
2025-05-23 00:00:00+05:30,3421.9481114702744,3479.0297883369053,3410.7287055754973,3458.952880859375,1274331
2025-05-26 00:00:00+05:30,3465.2517322885897,3488.871738416089,3454.524408949068,3481.293701171875,967470
2025-05-27 00:00:00+05:30,3476.0777398133723,3483.951075577389,3427.952071065876,3443.304931640625,2467680
2025-05-28 00:00:00+05:30,3464.2677725087055,3473.1252753361427,3437.6952640263944,3442.32080078125,1222933
2025-05-29 00:00:00+05:30,3449.2099574948593,3476.5698475204663,3431.2981665619545,3442.714599609375,3188072
2025-05-30 00:00:00+05:30,3434.7426576999464,3451.1781977204464,3398.4269933317396,3408.563720703125,3404365
2025-06-02 00:00:00+05:30,3395.375984554132,3405.217654074579,3364.4732383699834,3395.17919921875,1877585
2025-06-03 00:00:00+05:30,3391.439214740725,3418.503805107925,3346.6596197695403,3351.28515625,2848125
2025-06-04 00:00:00+05:30,3364.9875293233777,3370.746482399833,3346.1221522041255,3356.94482421875,2544807
2025-06-05 00:00:00+05:30,3384.8454732776427,3384.8454732776427,3339.8663987058812,3347.214111328125,3584683
2025-06-06 00:00:00+05:30,3347.2144001409188,3366.873914676264,3334.9021140402438,3360.221435546875,2070390
2025-06-09 00:00:00+05:30,3375.9095645850753,3409.668660230926,3366.873944962607,3397.654296875,1718678
2025-06-10 00:00:00+05:30,3415.626122829056,3461.1016586442274,3398.94510956099,3438.36376953125,2419874
2025-06-11 00:00:00+05:30,3445.4136080819626,3464.278985186734,3424.6617902310286,3447.300048828125,2847013
2025-06-12 00:00:00+05:30,3447.299771702225,3450.079980797376,3398.944883808313,3409.866943359375,4060134
2025-06-13 00:00:00+05:30,3369.157630228437,3426.0516828925206,3369.157630228437,3421.28564453125,2178493
2025-06-16 00:00:00+05:30,3415.625963412075,3484.1370655851665,3401.9236944953027,3471.527099609375,1934088
2025-06-17 00:00:00+05:30,3485.13008250971,3495.0592280439255,3463.3853507540894,3490.392578125,2111940
2025-06-18 00:00:00+05:30,3494.16557511537,3512.9315625297536,3418.704071793645,3426.945068359375,2696327
2025-06-19 00:00:00+05:30,3425.5552808815073,3426.548195455676,3388.817441637271,3399.739501953125,2672768
2025-06-20 00:00:00+05:30,3400.7323081895083,3421.8814364277036,3386.732116175425,3411.3564453125,2351248
2025-06-23 00:00:00+05:30,3390.8032061585363,3400.732351710977,3346.122051172553,3369.554931640625,3123421
2025-06-24 00:00:00+05:30,3410.264459071302,3417.711318302596,3358.0370560315137,3366.37744140625,3403048
2025-06-25 00:00:00+05:30,3383.157794223958,3425.555197020872,3375.909469527816,3420.39208984375,1757699
2025-06-26 00:00:00+05:30,3420.392073713661,3426.945164265374,3391.10109463089,3417.413330078125,2879106
2025-06-27 00:00:00+05:30,3430.5199217495656,3441.8390511551324,3406.689971497181,3416.718505859375,1778433
2025-06-30 00:00:00+05:30,3415.526706051579,3440.3495701102424,3405.6969488486607,3437.47021484375,1468351
2025-07-01 00:00:00+05:30,3430.5199578930915,3460.307396022409,3389.314001814202,3405.399169921875,2375183
2025-07-02 00:00:00+05:30,3462.4915764882385,3465.172397295891,3395.7677670907174,3399.04443359375,3090585
2025-07-03 00:00:00+05:30,3405.6969138623963,3410.959409470928,3373.5265793371623,3376.703857421875,2531870
2025-07-04 00:00:00+05:30,3383.852895387978,3402.718272445599,3366.0798213348503,3395.5693359375,1109320
2025-07-07 00:00:00+05:30,3394.0799444957242,3401.8247266726726,3384.249944744325,3387.526611328125,1639174
2025-07-08 00:00:00+05:30,3380.873980731512,3400.732271367233,3369.3560751984837,3382.0654296875,2325242
2025-07-09 00:00:00+05:30,3385.838530827281,3389.810188927958,3343.1432062450012,3359.82421875,2034938
2025-07-10 00:00:00+05:30,3356.051036218861,3374.916411866245,3332.2210880326916,3358.036865234375,3035012
2025-07-11 00:00:00+05:30,3276.518592650877,3311.369989959287,3237.9937024384426,3242.85888671875,7635550
2025-07-14 00:00:00+05:30,3242.8587244157825,3248.8162113559215,3177.326368074251,3199.865478515625,3924009
2025-07-15 00:00:00+05:30,3183.2841104563845,3236.3056515140206,3183.2841104563845,3229.256103515625,2590889
2025-07-16 00:00:00+05:30,3215.0089950915135,3232.842384321887,3208.632873739526,3221.08642578125,2540733
2025-07-17 00:00:00+05:30,3212.1199267281463,3229.9533162828457,3192.194243099011,3197.275146484375,2947640
2025-07-18 00:00:00+05:30,3213.0165477432356,3216.802476353157,3175.157748110912,3178.046875,3432645
2025-07-21 00:00:00+05:30,3178.1464846864797,3185.718341629892,3140.287686436296,3146.464599609375,3844346
2025-07-22 00:00:00+05:30,3147.859619140625,3168.283445003984,3142.8781981983425,3147.859619140625,3198036
2025-07-23 00:00:00+05:30,3147.859568015624,3170.1762361812234,3145.866999671073,3167.287109375,1922875
2025-07-24 00:00:00+05:30,3153.339291883696,3161.9071902624382,3128.332460590057,3136.302734375,2934778
2025-07-25 00:00:00+05:30,3128.3322940864455,3145.169399267611,3113.9858993305074,3124.14794921875,2568917
2025-07-28 00:00:00+05:30,3098.443785696339,3106.4140591000596,3058.4926929668136,3067.85791015625,3374473
2025-07-29 00:00:00+05:30,3048.629668071008,3062.5776469445354,3029.8994763655814,3044.64453125,4785312
2025-07-30 00:00:00+05:30,3048.6295393197033,3057.5960967882907,3035.877053384358,3042.25341796875,2880121
2025-07-31 00:00:00+05:30,3030.3975643658264,3048.430405452322,3003.796825207198,3025.515869140625,2968371
2025-08-01 00:00:00+05:30,3018.64125499041,3025.515761579588,2988.8524561376125,2991.84130859375,2053847
2025-08-04 00:00:00+05:30,2997.9189099713494,3067.957495262713,2980.483936317478,3062.97607421875,2519252
2025-08-05 00:00:00+05:30,3062.9761210710876,3066.064699458969,3030.696609505827,3052.51513671875,1927996
2025-08-06 00:00:00+05:30,3051.618345400808,3055.40427380999,3014.75583192388,3021.032470703125,1487081
2025-08-07 00:00:00+05:30,3004.793168100796,3040.2609831608825,2999.7120213520734,3035.677978515625,2543076
2025-08-08 00:00:00+05:30,3036.7739069952254,3048.4303832570085,3013.759645138969,3025.1171875,2762140
2025-08-11 00:00:00+05:30,3025.117180240026,3038.567016640599,3010.073435095005,3029.5009765625,1884215
2025-08-12 00:00:00+05:30,3029.700138212843,3084.8941835228848,3015.652434227984,3024.120849609375,3358232
2025-08-13 00:00:00+05:30,3024.8184862723915,3033.087450352522,3017.3463549468943,3024.91796875,2148166
2025-08-14 00:00:00+05:30,3022.726300858826,3044.544827820162,3007.881763385299,3011.06982421875,3342174
2025-08-18 00:00:00+05:30,3035.179867843642,3037.67057838676,2992.2399207869066,3000.010986328125,2945609
2025-08-19 00:00:00+05:30,3000.0110105142285,3013.7597814697733,2999.911528031773,3004.992431640625,2650784
2025-08-20 00:00:00+05:30,2999.7118666132724,3091.868151000454,2999.7118666132724,3087.086181640625,4952358
2025-08-21 00:00:00+05:30,3118.3696236696637,3118.3696236696637,3071.6439908192406,3091.071533203125,3230726
2025-08-22 00:00:00+05:30,3074.5329489117757,3084.1968567150047,3038.666718788372,3042.65185546875,1593791
2025-08-25 00:00:00+05:30,3075.8281806328096,3140.2877180773667,3065.666130699425,3128.93017578125,3448370
2025-08-26 00:00:00+05:30,3117.373339366996,3150.2507187850565,3108.4067813438887,3145.468505859375,5522097
2025-08-28 00:00:00+05:30,3133.313773226287,3134.808199509225,3075.0311481917124,3082.204345703125,3116051
2025-08-29 00:00:00+05:30,3081.507000394383,3103.425252579535,3065.7656615419933,3073.23779296875,2271789
2025-09-01 00:00:00+05:30,3078.518060334719,3119.4654366830314,3078.518060334719,3101.0341796875,1246862
2025-09-02 00:00:00+05:30,3109.5026578628494,3143.2765943406766,3091.569542586104,3099.938232421875,2185229
2025-09-03 00:00:00+05:30,3118.2697443758125,3130.2251544847713,3076.5255347054076,3085.990234375,1799774
2025-09-04 00:00:00+05:30,3104.421639864457,3106.414208311097,3079.3153260834893,3084.197021484375,1481391
2025-09-05 00:00:00+05:30,3085.5918616420554,3091.868257451282,3017.3463946381216,3036.97314453125,2802055
2025-09-08 00:00:00+05:30,3038.666792443431,3053.5113296442846,3004.7931298391436,3007.781982421875,2626187
2025-09-09 00:00:00+05:30,3020.833326119296,3048.6295571410296,3019.538108052908,3038.06884765625,2489301
2025-09-10 00:00:00+05:30,3045.0429174900823,3111.0966082909868,3042.0540649039185,3098.44384765625,2079428
2025-09-11 00:00:00+05:30,3127.336119333051,3127.336119333051,3098.5436031034214,3112.591064453125,2263446
2025-09-12 00:00:00+05:30,3132.3175458217547,3137.0000329464906,3109.4030090679694,3121.7568359375,1447167
2025-09-15 00:00:00+05:30,3122.3546477883615,3122.3546477883615,3084.4958486128803,3100.336669921875,1732539
2025-09-16 00:00:00+05:30,3116.377048374956,3138.2953012727335,3097.5473738607,3134.01123046875,2573429
2025-09-17 00:00:00+05:30,3140.287738435889,3170.5746802441777,3130.7233130051436,3161.010498046875,2418271
2025-09-18 00:00:00+05:30,3173.1652036699406,3191.0983194206656,3149.652799058944,3164.89599609375,2633138
2025-09-19 00:00:00+05:30,3158.220904129198,3168.681888196503,3132.3175150101574,3157.423828125,4901694
2025-09-22 00:00:00+05:30,3083.499594330073,3095.355278998739,3053.6110683753386,3062.37841796875,3634901
2025-09-23 00:00:00+05:30,3058.592364705798,3069.252556548476,3040.6592498638747,3051.0205078125,3177741
2025-09-24 00:00:00+05:30,3038.666695675492,3045.640684813108,3021.7298649127106,3024.120849609375,1625714
2025-09-25 00:00:00+05:30,3010.7706978406754,3018.3425546653493,2940.03452327195,2946.41064453125,4974361
2025-09-26 00:00:00+05:30,2930.07184762513,2943.820618304199,2880.5565712711505,2888.32763671875,3934636
2025-09-29 00:00:00+05:30,2905.164580331207,2918.4152081680195,2883.2463290392707,2885.338623046875,3110035
2025-09-30 00:00:00+05:30,2900.183356935398,2904.467427717032,2874.379692997371,2877.667236328125,2253458
2025-10-01 00:00:00+05:30,2880.257593329001,2913.932047598146,2855.9483563860495,2903.371337890625,1952902
2025-10-03 00:00:00+05:30,2913.134920868619,2913.134920868619,2880.3572688813597,2891.116943359375,2899519
2025-10-06 00:00:00+05:30,2891.2167953135195,2982.476526807699,2884.840673623438,2977.295654296875,2112774
2025-10-07 00:00:00+05:30,2983.87104765697,2993.335747140356,2944.517823489207,2962.650146484375,3062943
2025-10-08 00:00:00+05:30,2963.9454305531126,3031.692754680041,2956.9714413047523,3015.951416015625,4121889
2025-10-09 00:00:00+05:30,3022.726218895035,3054.6073128319636,3008.7782402976286,3050.3232421875,3211304
2025-10-10 00:00:00+05:30,3038.666680855733,3058.5923640088854,2995.726736367315,3017.04736328125,8817365
2025-10-13 00:00:00+05:30,3015.7523552483212,3024.220771178156,2987.059320862895,2996.02587890625,2866865
2025-10-14 00:00:00+05:30,3009.774448720779,3015.9513618688843,2944.5178362112756,2949.300048828125,3611416
2025-10-15 00:00:00+05:30,2971.0,2979.699951171875,2951.0,2969.800048828125,4282226
2025-10-16 00:00:00+05:30,2969.89990234375,2975.0,2943.10009765625,2970.699951171875,3251495
2025-10-17 00:00:00+05:30,2970.0,2988.800048828125,2955.39990234375,2962.199951171875,4374683
2025-10-20 00:00:00+05:30,2985.5,3023.0,2978.5,3015.199951171875,3133039
2025-10-21 00:00:00+05:30,3031.10009765625,3031.800048828125,2996.0,3006.699951171875,310644
2025-10-23 00:00:00+05:30,3055.0,3098.0,3036.10009765625,3073.199951171875,5564758
2025-10-24 00:00:00+05:30,3080.0,3090.0,3058.300048828125,3063.199951171875,2684318
2025-10-27 00:00:00+05:30,3066.5,3094.199951171875,3060.199951171875,3084.89990234375,1946312
2025-10-28 00:00:00+05:30,3076.0,3090.199951171875,3040.199951171875,3057.89990234375,3470737
2025-10-29 00:00:00+05:30,3057.89990234375,3076.0,3046.10009765625,3057.60009765625,2895420
2025-10-30 00:00:00+05:30,3049.10009765625,3063.800048828125,3032.800048828125,3035.300048828125,2241536
2025-10-31 00:00:00+05:30,3035.0,3067.39990234375,3025.10009765625,3058.0,1868085
2025-11-03 00:00:00+05:30,3046.89990234375,3058.0,3010.0,3016.800048828125,2194877
2025-11-04 00:00:00+05:30,3019.60009765625,3029.300048828125,2976.0,2990.199951171875,2670720
2025-11-05 00:00:00+05:30,2990.199951171875,2990.199951171875,2990.199951171875,2990.199951171875,0
2025-11-06 00:00:00+05:30,2990.10009765625,3024.0,2990.0,3010.89990234375,2542721
2025-11-07 00:00:00+05:30,3001.0,3004.0,2960.5,2991.800048828125,1830520
2025-11-10 00:00:00+05:30,2993.0,3047.89990234375,2992.0,3025.199951171875,1556656
2025-11-11 00:00:00+05:30,3045.0,3055.699951171875,3018.0,3047.0,2806868
2025-11-12 00:00:00+05:30,3060.0,3136.39990234375,3057.10009765625,3131.800048828125,4460315
2025-11-13 00:00:00+05:30,3131.800048828125,3131.89990234375,3102.0,3105.699951171875,1740435
2025-11-14 00:00:00+05:30,3090.0,3113.10009765625,3077.300048828125,3106.0,2210794
2025-11-17 00:00:00+05:30,3106.0,3123.5,3086.60009765625,3102.199951171875,2232853
2025-11-18 00:00:00+05:30,3102.0,3105.0,3078.0,3087.10009765625,2548350
2025-11-19 00:00:00+05:30,3097.0,3155.0,3083.5,3147.699951171875,3151053
2025-11-20 00:00:00+05:30,3148.0,3164.5,3138.10009765625,3144.800048828125,2700767
2025-11-21 00:00:00+05:30,3144.800048828125,3170.0,3135.199951171875,3150.60009765625,4177037
2025-11-24 00:00:00+05:30,3158.0,3178.89990234375,3131.0,3141.199951171875,6703764
2025-11-25 00:00:00+05:30,3145.300048828125,3149.800048828125,3115.0,3119.199951171875,2737920
2025-11-26 00:00:00+05:30,3118.800048828125,3178.0,3117.0,3162.89990234375,2508527
2025-11-27 00:00:00+05:30,3180.0,3180.0,3125.0,3136.60009765625,2836233
2025-11-28 00:00:00+05:30,3140.0,3147.300048828125,3125.0,3137.5,1616690
2025-12-01 00:00:00+05:30,3137.89990234375,3154.0,3122.199951171875,3133.39990234375,1747647
2025-12-02 00:00:00+05:30,3131.0,3144.0,3120.39990234375,3135.699951171875,2512003
2025-12-03 00:00:00+05:30,3140.0,3211.89990234375,3139.0,3180.0,3952112
2025-12-04 00:00:00+05:30,3194.0,3250.0,3187.39990234375,3229.199951171875,5025905
2025-12-05 00:00:00+05:30,3230.0,3271.60009765625,3222.39990234375,3238.199951171875,5244013
2025-12-08 00:00:00+05:30,3243.0,3259.89990234375,3208.60009765625,3236.5,2544725
2025-12-09 00:00:00+05:30,3230.0,3233.699951171875,3181.199951171875,3208.300048828125,2734893
2025-12-10 00:00:00+05:30,3225.0,3225.0,3178.10009765625,3189.199951171875,1386849
2025-12-11 00:00:00+05:30,3205.0,3208.39990234375,3153.10009765625,3191.89990234375,1914362
2025-12-12 00:00:00+05:30,3197.699951171875,3223.0,3185.699951171875,3220.5,1146554
2025-12-15 00:00:00+05:30,3211.10009765625,3238.199951171875,3197.300048828125,3230.199951171875,1562190
2025-12-16 00:00:00+05:30,3220.0,3220.0,3191.10009765625,3205.10009765625,1734623
2025-12-17 00:00:00+05:30,3200.5,3236.89990234375,3200.5,3217.800048828125,1376350
2025-12-18 00:00:00+05:30,3228.0,3287.800048828125,3221.0,3280.800048828125,2307422
2025-12-19 00:00:00+05:30,3299.0,3317.89990234375,3278.800048828125,3282.0,3902511
2025-12-22 00:00:00+05:30,3310.0,3328.60009765625,3291.0,3324.89990234375,2632816
2025-12-23 00:00:00+05:30,3319.89990234375,3319.89990234375,3293.5,3310.0,2365420
2025-12-24 00:00:00+05:30,3304.10009765625,3327.10009765625,3296.10009765625,3319.0,1367708
2025-12-25 00:00:00+05:30,3319.0,3319.0,3319.0,3319.0,0
2025-12-26 00:00:00+05:30,3313.10009765625,3320.0,3271.800048828125,3280.0,1176664
2025-12-29 00:00:00+05:30,3280.0,3288.0,3242.89990234375,3251.5,2079473
2025-12-30 00:00:00+05:30,3250.0,3267.5,3239.5,3246.800048828125,2807593
2025-12-31 00:00:00+05:30,3240.0,3246.0,3198.5,3206.199951171875,3362634
2026-01-01 00:00:00+05:30,3215.0,3234.10009765625,3198.199951171875,3227.39990234375,1255735
2026-01-02 00:00:00+05:30,3234.0,3254.300048828125,3219.5,3250.699951171875,1184324
