Date,Open,High,Low,Close,Volume
2021-01-04 00:00:00+05:30,823.061763362403,843.5418037665688,818.3614514153279,840.9818115234375,3515825
2021-01-05 00:00:00+05:30,841.4435036728104,846.0179449361959,832.0428278497055,842.5765991210938,4040321
2021-01-06 00:00:00+05:30,842.7024964825902,861.1680890349976,825.3699993449837,836.9530029296875,4677359
2021-01-07 00:00:00+05:30,843.9616208053708,847.7386743047483,829.776666060326,834.9386596679688,3354950
2021-01-08 00:00:00+05:30,845.8501239052606,889.7059105329458,843.9196401943568,882.2357177734375,9279370
2021-01-11 00:00:00+05:30,891.4684222586594,907.7937461496261,873.3385883456153,904.478271484375,6488791
2021-01-12 00:00:00+05:30,904.4782629439384,904.5202711827565,883.83039389185,893.2310180664062,4257926
2021-01-13 00:00:00+05:30,901.4566728288597,905.4435622105516,881.3543978774519,897.8055419921875,4671772
2021-01-14 00:00:00+05:30,893.0631835070781,893.0631835070781,864.5254501995211,883.49462890625,4765344
2021-01-15 00:00:00+05:30,880.8925991191136,892.0559288767298,841.5693053958515,845.4722290039062,6063896
2021-01-18 00:00:00+05:30,837.6664454543497,850.9280883529051,832.588417629121,837.8762817382812,4659705
2021-01-19 00:00:00+05:30,844.8848566753062,846.4376760309266,828.6015905552645,833.0501098632812,4416027
2021-01-20 00:00:00+05:30,836.8271612758416,858.9858949649417,836.8271612758416,855.6704711914062,4687853
2021-01-21 00:00:00+05:30,861.1681419208609,867.3373084106323,834.7287691425888,843.2901000976562,3911527
2021-01-22 00:00:00+05:30,843.2901425064897,843.5419358235089,818.3615795302698,823.271728515625,3922421
2021-01-25 00:00:00+05:30,827.4683897534668,837.5825397227185,807.6179078348149,815.8854370117188,2751784
2021-01-27 00:00:00+05:30,820.8795990765701,843.4580052689685,817.2284679774114,836.9110717773438,6975618
2021-01-28 00:00:00+05:30,830.9516423220371,830.9516423220371,809.9680149906725,823.901123046875,4274190
2021-01-29 00:00:00+05:30,831.0356377196882,835.9038807209404,802.4139877287215,806.9464721679688,4425911
2021-02-01 00:00:00+05:30,807.3660713088491,807.3660713088491,773.1627585208319,790.4532470703125,6321189
2021-02-02 00:00:00+05:30,801.5745731062093,816.5988709368825,786.8860338084515,803.421142578125,4971530
2021-02-03 00:00:00+05:30,809.9679712354612,839.345047912395,805.855160008868,823.7752075195312,5640121
2021-02-04 00:00:00+05:30,829.2310068539015,829.2729638632458,809.3804746258775,813.4932861328125,4232910
2021-02-05 00:00:00+05:30,816.1373018500045,823.2717361996786,797.4199137432436,805.267822265625,3077720
2021-02-08 00:00:00+05:30,813.996836710987,833.4696525347497,806.2328948318869,824.698486328125,3713579
2021-02-09 00:00:00+05:30,821.383203847024,839.1773325846434,811.8566561840927,818.4454956054688,3086774
2021-02-10 00:00:00+05:30,818.7812355496188,822.7681252152884,803.7569361071642,818.2776489257812,2776301
2021-02-11 00:00:00+05:30,818.36144660012,829.8185273443447,816.5568342004094,827.2584838867188,2070435
2021-02-12 00:00:00+05:30,830.95169891343,846.8992567713647,827.8041545993641,831.9589233398438,5863879
2021-02-15 00:00:00+05:30,835.9876438715861,835.9876438715861,820.4597609281882,821.8866577148438,2487825
2021-02-16 00:00:00+05:30,830.9517229102835,839.345174656852,817.1025275284454,828.2658081054688,3912433
2021-02-17 00:00:00+05:30,830.112303441058,836.4913057057075,815.339850181049,822.9359130859375,2227724
2021-02-18 00:00:00+05:30,824.2368774108918,852.3549378928316,823.8172048663853,848.2421264648438,6742595
2021-02-19 00:00:00+05:30,850.8021989055758,855.4605540621164,816.3890490856538,834.26708984375,4357699
2021-02-22 00:00:00+05:30,838.463793951111,848.5778921126747,790.5791664670247,797.9653930664062,5946290
2021-02-23 00:00:00+05:30,799.0565760887523,808.0795363754688,781.4303280867946,793.8106689453125,4120032
2021-02-24 00:00:00+05:30,797.3778850245262,809.044802991973,786.1726478689011,805.8132934570312,1686531
2021-02-25 00:00:00+05:30,809.1286936290652,813.3254192184276,799.2663884940636,803.9247436523438,3682791
2021-02-26 00:00:00+05:30,793.181071256197,796.4125292028257,768.0007197877463,771.232177734375,5254937
2021-03-01 00:00:00+05:30,785.165384600739,803.2532612727239,777.5273134475574,785.6270141601562,3429569
2021-03-02 00:00:00+05:30,792.7614128676578,815.0040570614036,790.6630502078705,811.7305908203125,3703190
2021-03-03 00:00:00+05:30,816.0114261714864,822.7261878742271,806.9884651334285,819.200927734375,3203532
2021-03-04 00:00:00+05:30,805.7712973165904,834.8965825800916,802.0781583787323,812.5280151367188,5134954
2021-03-05 00:00:00+05:30,810.1359294635276,823.313658246237,803.2532891538106,805.51953125,2618145
2021-03-08 00:00:00+05:30,808.289302796387,822.558168993208,807.4499577259858,812.9057006835938,2880739
2021-03-09 00:00:00+05:30,816.6827662393413,838.08606586843,807.0722547874271,829.3988647460938,2814747
2021-03-10 00:00:00+05:30,841.0238731412638,853.4461716004315,833.4697664962824,846.689453125,5268496
2021-03-12 00:00:00+05:30,839.3451872235547,859.9930583374282,836.1137287445698,842.0730590820312,4674919
2021-03-15 00:00:00+05:30,843.5418418235603,864.4834614901586,841.0238064748332,861.7136840820312,5203101
2021-03-16 00:00:00+05:30,866.2042119517716,877.1156991178308,857.055329143789,861.6298217773438,4797715
2021-03-17 00:00:00+05:30,859.4894348236012,875.6048207428937,852.4389150617388,856.1740112304688,3477295
2021-03-18 00:00:00+05:30,867.8828123789,868.7221574585701,821.3830744733524,836.1555786132812,3738712
2021-03-19 00:00:00+05:30,832.6303099181927,839.9745792849106,818.4873659723931,830.489990234375,6208000
2021-03-22 00:00:00+05:30,830.8677797714058,853.9497712656865,821.1313453488083,850.71826171875,3873143
2021-03-23 00:00:00+05:30,850.7182384475075,857.3910424155968,839.8067518577838,850.9700317382812,3782337
2021-03-24 00:00:00+05:30,842.4927313322488,850.5504246344849,828.6435357487051,832.75634765625,2749823
2021-03-25 00:00:00+05:30,833.2178282457184,836.743087646056,809.2125294564141,813.0735473632812,3654840
2021-03-26 00:00:00+05:30,820.7956150222859,837.4985522067872,820.0401839209133,831.791015625,2761824
2021-03-30 00:00:00+05:30,832.2107033597845,855.9641604916653,832.2107033597845,853.5300903320312,4300037
2021-03-31 00:00:00+05:30,858.6501545163029,858.6501545163029,830.2802965093804,832.1688232421875,3780505
2021-04-01 00:00:00+05:30,839.3451868814434,845.8920690932058,827.5943542651032,832.75634765625,3555291
2021-04-05 00:00:00+05:30,832.6303345273433,845.388390221658,821.0473824582579,837.4146118164062,5118272
2021-04-06 00:00:00+05:30,844.3812045330094,846.0598948004707,829.7346217034977,832.0847778320312,2395572
2021-04-07 00:00:00+05:30,832.6304692802101,844.0875521769512,824.3209310002037,841.3596801757812,2974419
2021-04-08 00:00:00+05:30,846.059909119898,881.1864830692117,843.5418736760887,863.6861572265625,6737118
2021-04-09 00:00:00+05:30,863.6441524631334,887.0199968945889,853.2363033245502,883.8304443359375,6029994
2021-04-12 00:00:00+05:30,882.1516869675015,888.9084559055616,853.446074728927,872.79296875,7896295
2021-04-13 00:00:00+05:30,877.1157142761407,881.5222764770496,825.0763130463602,840.89794921875,6448995
2021-04-15 00:00:00+05:30,840.8978422176425,845.8919556557697,814.4165153686959,833.5955810546875,4373215
2021-04-16 00:00:00+05:30,837.6664821052448,850.676332278222,835.9877917603445,847.9904174804688,2660763
2021-04-19 00:00:00+05:30,838.5896710111864,847.2349665464113,825.3280286439989,839.4290161132812,2777425
2021-04-20 00:00:00+05:30,835.9877768320383,845.6402461428501,816.9765885237015,825.4120483398438,4028636
2021-04-22 00:00:00+05:30,817.1863675960409,827.1745947623158,806.3168895516092,812.3181762695312,5085190
2021-04-23 00:00:00+05:30,811.2269679806953,814.9620635939256,793.5168084162393,797.545654296875,3916517
2021-04-26 00:00:00+05:30,798.2172439220956,814.1648018974055,786.4664117297618,807.617919921875,5053998
2021-04-27 00:00:00+05:30,808.0375778899307,828.9372411735253,792.4677357625217,813.5352783203125,10497935
2021-04-28 00:00:00+05:30,818.3615276948107,822.5582534778611,812.4861115985402,820.3759765625,2968625
2021-04-29 00:00:00+05:30,826.75491252086,826.75491252086,814.6263657410128,819.9562377929688,2747579
2021-04-30 00:00:00+05:30,817.3543111688726,819.9563119172758,801.9103908755651,806.1071166992188,3129105
2021-05-03 00:00:00+05:30,805.7713038153122,809.9680293560169,801.5745782746075,803.8408203125,3506839
2021-05-04 00:00:00+05:30,809.1287388004241,814.0808957641607,802.0782189248606,806.1071166992188,4064221
2021-05-05 00:00:00+05:30,816.347086725283,816.347086725283,800.5254508619341,806.1071166992188,3041045
2021-05-06 00:00:00+05:30,809.9681761532192,826.5032880263025,803.9668370505154,820.8377075195312,4620827
2021-05-07 00:00:00+05:30,822.5582027248204,826.1254194203107,815.9273559049086,823.3555908203125,2002597
2021-05-10 00:00:00+05:30,826.7549397498896,833.1759503829184,816.766712371747,831.371337890625,2036101
2021-05-11 00:00:00+05:30,825.9156122503098,828.3916906427042,814.5844529359,820.0821533203125,2029457
2021-05-12 00:00:00+05:30,820.0401392338574,820.0401392338574,797.7135807045745,807.7437133789062,3070622
2021-05-14 00:00:00+05:30,808.2893432374977,811.1850941211765,790.1595093015649,799.2244262695312,2090820
2021-05-17 00:00:00+05:30,800.7352310411361,804.0506544554049,791.5024348760916,800.1896362304688,2281200
2021-05-18 00:00:00+05:30,806.0651013948946,821.7189090717953,803.295272621464,814.7943115234375,2000985
2021-05-19 00:00:00+05:30,813.3254593103755,827.8461203194366,807.9536297993693,820.5858154296875,2152740
2021-05-20 00:00:00+05:30,826.5871336461493,826.5871336461493,810.1359883984501,816.7667846679688,1769194
2021-05-21 00:00:00+05:30,819.9983011028031,827.5943648957405,815.7176098569826,822.9779663085938,1534262
2021-05-24 00:00:00+05:30,822.3903518457527,834.3090629915441,818.4454194710071,825.663818359375,1830838
2021-05-25 00:00:00+05:30,830.9937580288165,840.7721507244727,825.7478501941443,833.1760864257812,2719646
2021-05-26 00:00:00+05:30,835.6940763107123,849.4173499610431,833.4697910190868,845.89208984375,2013788
2021-05-27 00:00:00+05:30,845.2206249753492,866.2042551882427,845.136710946324,855.9642333984375,6393813
2021-05-28 00:00:00+05:30,856.1319620223051,867.0434478127854,849.9207880805166,861.3778686523438,1839013
2021-05-31 00:00:00+05:30,860.3288146867196,866.2042309821411,850.2566724659971,857.5170288085938,1801746
2021-06-01 00:00:00+05:30,860.0767654259913,866.2040248021289,850.5502203349594,864.9450073242188,1262702
2021-06-02 00:00:00+05:30,856.3000155574935,860.0770178702728,834.3091602428059,853.5721435546875,5252186
2021-06-03 00:00:00+05:30,853.5719763499928,856.7614773594976,845.2204826852942,851.3896484375,2024676
2021-06-04 00:00:00+05:30,855.7543826504141,861.9655063508417,848.5779914846617,855.4606323242188,2315912
2021-06-07 00:00:00+05:30,860.286754930347,872.0375868175571,855.6704079185046,868.2186279296875,1745475
2021-06-08 00:00:00+05:30,872.0796603565941,890.4613406769182,870.4429782048322,887.8173828125,4517995
2021-06-09 00:00:00+05:30,887.8173260261678,893.440897507066,878.1228486297532,883.200927734375,2163655
2021-06-10 00:00:00+05:30,889.453947588353,901.4566233144548,886.7680842939678,893.818603515625,3934077
2021-06-11 00:00:00+05:30,893.8188163449872,908.5073588629986,885.4253634775521,900.6174926757812,4988857
2021-06-14 00:00:00+05:30,900.6171481132731,905.9469681531574,888.0269736289309,897.4696044921875,2757666
2021-06-15 00:00:00+05:30,897.4696487038647,917.4040926194286,891.0906471427056,895.4552001953125,3484298
2021-06-16 00:00:00+05:30,898.0992260412398,904.7719783725731,885.5090499752412,897.3858032226562,1881596
2021-06-17 00:00:00+05:30,889.6638884679004,910.4376818109126,887.2298693970325,906.70263671875,3161931
2021-06-18 00:00:00+05:30,914.4665587240659,916.2291630815481,885.5091504854424,898.6868286132812,4396398
2021-06-21 00:00:00+05:30,888.8665479460456,898.1413531929678,885.5091672172597,892.1400146484375,1074790
2021-06-22 00:00:00+05:30,890.5872126512122,899.7780010627462,884.417943829611,887.3556518554688,2437289
2021-06-23 00:00:00+05:30,889.705912735177,891.6364476804246,871.6179826765783,886.7261962890625,4130539
2021-06-24 00:00:00+05:30,886.8101345793655,908.4232715914234,883.4107458326552,906.4927368164062,3617010
2021-06-25 00:00:00+05:30,912.7040702234638,925.9656640595118,903.9748588936654,914.4666748046875,3200049
2021-06-28 00:00:00+05:30,915.725556637213,929.9944241558496,907.4160191786526,927.560302734375,2143755
2021-06-29 00:00:00+05:30,930.8338229495323,931.1695815199696,909.0108478398048,913.33349609375,2956332
2021-06-30 00:00:00+05:30,913.3753191652986,927.4763581736689,909.2626100420517,919.4605712890625,1917370
2021-07-01 00:00:00+05:30,919.922180979035,922.7339664235991,907.332005144468,910.8153076171875,1459518
2021-07-02 00:00:00+05:30,912.3680587358317,921.1811816583029,902.2959182530074,914.3825073242188,1669409
2021-07-05 00:00:00+05:30,917.4042829168699,919.0409650363181,899.1065169857457,902.0023193359375,2597359
2021-07-06 00:00:00+05:30,902.0022964363159,902.0022964363159,879.4238911467363,880.9347534179688,3865594
2021-07-07 00:00:00+05:30,880.9348464688939,889.2862907070753,864.609519911531,877.8712158203125,3713891
2021-07-08 00:00:00+05:30,880.4730077403505,892.5595976425278,877.1156273485855,889.8317260742188,2171947
2021-07-09 00:00:00+05:30,885.6769497460867,897.0921256045193,880.4730508676016,882.78125,1889035
2021-07-12 00:00:00+05:30,887.1877482694285,888.6145939197065,878.038866418914,886.8519897460938,3224820
2021-07-13 00:00:00+05:30,891.3844508591302,891.3844508591302,879.633620056844,881.438232421875,1908081
2021-07-14 00:00:00+05:30,884.6698080106195,906.4927824017733,879.6337369972763,905.2337646484375,3173326
2021-07-15 00:00:00+05:30,904.8140921016679,939.8147446622097,903.4711603232126,933.7294921875,5922995
2021-07-16 00:00:00+05:30,933.6875262971213,938.6396829668051,909.0527676668801,925.923583984375,2323939
2021-07-19 00:00:00+05:30,913.2075389521676,932.0507969110503,911.612762647834,918.4114379882812,1409001
2021-07-20 00:00:00+05:30,919.8802808420782,925.1261880562857,910.6055783628343,912.5360107421875,1230858
2021-07-22 00:00:00+05:30,906.4927804112748,967.3453050222168,906.4927804112748,964.0718383789062,7309727
2021-07-23 00:00:00+05:30,968.6826643423102,983.8082738415948,961.0552624984718,974.7587890625,2840803
2021-07-26 00:00:00+05:30,974.7587053288782,981.2657573367235,962.3049337140575,965.4506225585938,984581
2021-07-27 00:00:00+05:30,965.450698055275,971.9146157048336,951.5318128821532,966.0109252929688,1397105
2021-07-28 00:00:00+05:30,968.7259021950304,974.5002938708642,953.6434259597875,964.8906860351562,2533035
2021-07-29 00:00:00+05:30,972.7765015037046,983.6789973181784,961.0552848444071,972.0009155273438,3821405
2021-07-30 00:00:00+05:30,1021.2990413209328,1066.3741381388247,1012.6804840102076,1042.4576416015625,20425030
2021-08-02 00:00:00+05:30,1042.8453515175456,1046.2927741671906,1030.3915792784999,1043.4486083984375,2385223
2021-08-03 00:00:00+05:30,1043.7074066442087,1060.0826673595184,1042.845550817087,1056.8507080078125,2603616
2021-08-04 00:00:00+05:30,1055.9456126355262,1060.427325616513,1046.0342716060936,1048.447509765625,1938175
2021-08-05 00:00:00+05:30,1048.9214689392827,1080.7669933675975,1048.8783340736572,1075.7681884765625,5790873
2021-08-06 00:00:00+05:30,1079.0432282009263,1097.1421960860855,1071.3296625421876,1089.902587890625,3894726
2021-08-09 00:00:00+05:30,1112.1384844032345,1126.2729372480517,1091.109186776261,1109.595947265625,6585101
2021-08-10 00:00:00+05:30,1110.070233445336,1146.009577026099,1105.2438621674091,1140.2783203125,6314469
2021-08-11 00:00:00+05:30,1140.2782397490935,1143.4670637948354,1118.9903405776133,1140.752197265625,3430349
2021-08-12 00:00:00+05:30,1140.2351298370982,1202.116413282183,1135.7103872583796,1195.006103515625,8613315
2021-08-13 00:00:00+05:30,1189.4471035349193,1197.9794965300225,1177.2087939265496,1192.0758056640625,4760344
2021-08-16 00:00:00+05:30,1191.0414263904702,1206.5548287802228,1172.339200036732,1178.8892822265625,2912430
2021-08-17 00:00:00+05:30,1182.4660538829448,1231.4195011119182,1181.173270296338,1218.4053955078125,8042970
2021-08-18 00:00:00+05:30,1222.111544870022,1228.144535571073,1210.2610274215292,1217.371337890625,2939739
2021-08-20 00:00:00+05:30,1181.3026498586503,1223.8352117028373,1181.3026498586503,1205.9085693359375,4051399
2021-08-23 00:00:00+05:30,1219.9137546082295,1243.6147891972319,1214.3548267601573,1220.3878173828125,3987240
2021-08-24 00:00:00+05:30,1225.472774690268,1264.34244996335,1223.8352276400526,1261.1966552734375,5366923
2021-08-25 00:00:00+05:30,1260.8949145712209,1273.8227503323749,1249.6907902448872,1260.9810791015625,3105863
2021-08-26 00:00:00+05:30,1258.137043847282,1264.1268991218349,1244.5196811535227,1249.2598876953125,1993944
2021-08-27 00:00:00+05:30,1249.5614119064549,1255.8098654629412,1233.4877827507846,1245.7261962890625,3097939
2021-08-30 00:00:00+05:30,1249.6910783216294,1254.0003579020488,1220.3018126245731,1223.1458740234375,2742699
2021-08-31 00:00:00+05:30,1227.972144027047,1253.1382904456298,1212.5879343563174,1247.66552734375,6392991
2021-09-01 00:00:00+05:30,1249.6908042294135,1265.419671248163,1230.2990503706812,1237.8834228515625,1829925
2021-09-02 00:00:00+05:30,1237.624887060768,1251.8886421525217,1224.8693795681481,1239.17626953125,3860958
2021-09-03 00:00:00+05:30,1244.5196539178057,1249.4321894162617,1228.2305598438259,1242.7528076171875,1919590
2021-09-06 00:00:00+05:30,1247.9671130728727,1265.1180633616138,1237.711008712711,1259.300537109375,1801171
2021-09-07 00:00:00+05:30,1266.0230585891445,1269.427452185901,1234.4361271043708,1236.9354248046875,1940043
2021-09-08 00:00:00+05:30,1241.2444823217345,1243.097493036421,1223.7057406415438,1230.6005859375,2256454
2021-09-09 00:00:00+05:30,1228.6615431756327,1239.2624110439758,1218.6640374599358,1235.2547607421875,2303457
2021-09-13 00:00:00+05:30,1237.624889671323,1240.8999836905807,1224.1368257863596,1232.0228271484375,1937241
2021-09-14 00:00:00+05:30,1236.762959477584,1255.7237853371705,1232.0227530126872,1251.4576416015625,1554999
2021-09-15 00:00:00+05:30,1242.8820413098367,1275.5463922611661,1239.3053192360846,1262.4892578125,2410087
2021-09-16 00:00:00+05:30,1262.4892957474815,1266.066017928706,1241.0722027347424,1248.2686767578125,1800078
2021-09-17 00:00:00+05:30,1250.5527926857553,1268.6517648748668,1238.1420478575342,1251.02685546875,2861623
2021-09-20 00:00:00+05:30,1241.072076321021,1286.8797229571833,1229.3077262228314,1233.573974609375,2526342
2021-09-21 00:00:00+05:30,1240.2103320743536,1263.868228570737,1224.1798373571817,1259.7744140625,1713705
2021-09-22 00:00:00+05:30,1261.7568573216904,1316.8294625043864,1255.2929389952474,1304.5048828125,5145820
2021-09-23 00:00:00+05:30,1314.4161361097467,1319.5011058936493,1296.2310014788038,1311.3134765625,2015302
2021-09-24 00:00:00+05:30,1318.639148309849,1334.0232506653995,1302.307025777957,1305.495849609375,3592146
2021-09-27 00:00:00+05:30,1312.606160699512,1314.3298720070622,1257.6197279058636,1262.1014404296875,2728552
2021-09-28 00:00:00+05:30,1262.1016952792104,1262.6187877344914,1213.837768922124,1218.707275390625,3995669
2021-09-29 00:00:00+05:30,1206.5981045616863,1214.3116717901894,1183.112534312182,1202.5904541015625,7948104
2021-09-30 00:00:00+05:30,1196.2559282043346,1208.882137536943,1186.7755137877298,1189.878173828125,3856630
2021-10-01 00:00:00+05:30,1185.0517836286463,1192.8084862123974,1176.260896116533,1181.81982421875,2661824
2021-10-04 00:00:00+05:30,1193.4115830276405,1211.381359100188,1182.509192247296,1205.779296875,2538936
2021-10-05 00:00:00+05:30,1205.8223858079095,1224.6970481973194,1190.2228174246998,1217.8453369140625,2481825
2021-10-06 00:00:00+05:30,1226.3344708308268,1229.781893558466,1189.3177061686063,1194.2303466796875,2769341
2021-10-07 00:00:00+05:30,1204.8312729285558,1226.6794016133058,1185.6119517223094,1221.4219970703125,1956325
2021-10-08 00:00:00+05:30,1222.5425308598542,1247.105422738251,1222.5425308598542,1241.029296875,2665924
2021-10-11 00:00:00+05:30,1223.835171769378,1236.288945342963,1194.1873127639872,1206.7703857421875,3073366
2021-10-12 00:00:00+05:30,1205.7362382359279,1209.0543619530747,1172.9857185411706,1184.57763671875,2965629
2021-10-13 00:00:00+05:30,1195.3078704805612,1215.2167190923747,1186.7754767306383,1208.451171875,1738985
2021-10-14 00:00:00+05:30,1234.1773732428505,1257.9645697304336,1215.6474755300562,1233.1431884765625,4328124
2021-10-18 00:00:00+05:30,1223.835156859916,1281.5363568558282,1223.835156859916,1275.244873046875,3579606
2021-10-19 00:00:00+05:30,1291.059927078235,1352.9412126618483,1273.0040910086398,1326.482177734375,8645334
2021-10-20 00:00:00+05:30,1330.705343226688,1358.715656474659,1306.4010519681738,1326.6546630859375,5159270
2021-10-21 00:00:00+05:30,1332.5582552395708,1332.5582552395708,1272.142189732258,1313.68359375,4261416
2021-10-22 00:00:00+05:30,1319.501185830528,1346.1755798688596,1278.7785006375218,1307.822998046875,5223521
2021-10-25 00:00:00+05:30,1319.501024354233,1322.948447017471,1278.8214790108243,1313.55419921875,3890467
2021-10-26 00:00:00+05:30,1354.750926858841,1404.8247194366259,1329.843277356266,1347.3389892578125,16978043
2021-10-27 00:00:00+05:30,1346.0894852210229,1367.8513445757153,1316.4847589818828,1351.2606201171875,3624131
2021-10-28 00:00:00+05:30,1360.0083064812623,1364.1882856213804,1315.1918096897377,1321.4833984375,3054565
2021-10-29 00:00:00+05:30,1316.3553404791064,1329.6279398865754,1265.0318944020448,1273.6934814453125,3795495
2021-11-01 00:00:00+05:30,1284.164975801264,1318.553038812106,1281.6225436031127,1311.8736572265625,2271900
2021-11-02 00:00:00+05:30,1325.01738087273,1325.6266418144257,1295.248598000184,1297.4681396484375,2041689
2021-11-03 00:00:00+05:30,1303.909036583377,1338.4651948510184,1300.079108950077,1304.3878173828125,2697346
2021-11-04 00:00:00+05:30,1313.4839517886096,1318.7065519945286,1306.5204848473843,1310.7420654296875,166444
2021-11-08 00:00:00+05:30,1312.6135137064366,1360.3133045841353,1309.3929527593166,1354.568359375,3050392
2021-11-09 00:00:00+05:30,1358.7466323013778,1368.3214003701255,1351.7831646150157,1357.1798095703125,2061369
2021-11-10 00:00:00+05:30,1354.3508345251885,1369.4963972524445,1346.1688453975019,1363.6209716796875,1299996
2021-11-11 00:00:00+05:30,1357.87626283164,1357.87626283164,1318.706755249958,1324.7562255859375,3027565
2021-11-12 00:00:00+05:30,1339.161690600663,1383.5102266730382,1332.8946130682807,1379.6368408203125,3713868
2021-11-15 00:00:00+05:30,1379.6370585256466,1393.99921086992,1369.496487286297,1374.5450439453125,2448280
2021-11-16 00:00:00+05:30,1379.723988237387,1397.0456344890326,1371.803065392346,1392.6064453125,2864344
2021-11-17 00:00:00+05:30,1391.3878254158778,1414.4543111046617,1388.3413084381139,1408.7529296875,2304359
2021-11-18 00:00:00+05:30,1410.27638939033,1414.2369045281293,1357.4411156249378,1364.6221923828125,2938804
2021-11-22 00:00:00+05:30,1376.8515505962223,1376.8515505962223,1323.0587256946396,1341.5989990234375,1951782
2021-11-23 00:00:00+05:30,1324.7996089807702,1361.7494635890178,1311.1338473687354,1358.3548583984375,1823592
2021-11-24 00:00:00+05:30,1365.5360924186398,1366.4935480003749,1331.763230732418,1338.813720703125,1644163
2021-11-25 00:00:00+05:30,1332.6335370643708,1362.0542285227461,1331.806667834969,1357.310302734375,1557493
2021-11-26 00:00:00+05:30,1343.9490498312043,1349.1716497657815,1314.484903117778,1329.4998779296875,1522173
2021-11-29 00:00:00+05:30,1318.706729544415,1345.2549508322732,1287.719318734651,1337.5516357421875,1995524
2021-11-30 00:00:00+05:30,1330.8927601837188,1387.8625876323954,1328.7166765339744,1341.7296142578125,5662900
2021-12-01 00:00:00+05:30,1349.1719886612086,1387.819259135613,1349.1719886612086,1381.9002685546875,2761193
2021-12-02 00:00:00+05:30,1383.9891250195785,1420.9825450279634,1375.2847908999586,1418.5018310546875,2664202
2021-12-03 00:00:00+05:30,1414.4542684155467,1425.9875109118582,1383.7279270369509,1386.861572265625,2400296
2021-12-06 00:00:00+05:30,1397.916081704628,1409.7104971247516,1346.429923322536,1350.695068359375,2911781
2021-12-07 00:00:00+05:30,1361.3578922812835,1376.459891127066,1336.9857561023348,1372.368896484375,1758254
2021-12-08 00:00:00+05:30,1377.5914607052964,1405.575916150951,1377.06922190893,1396.87158203125,1604565
2021-12-09 00:00:00+05:30,1386.6005359517235,1410.1022399509052,1379.637068100114,1402.4423828125,1947954
2021-12-10 00:00:00+05:30,1402.268097067319,1402.4421412319941,1374.0225779613522,1395.0,1776362
2021-12-13 00:00:00+05:30,1397.0456238857355,1441.0025111170312,1390.4738091346728,1425.9005126953125,3163063
2021-12-14 00:00:00+05:30,1427.5108341399769,1449.271670026257,1415.0201355920685,1429.8609619140625,2725454
2021-12-15 00:00:00+05:30,1426.640458679801,1432.9946655184472,1406.533466754594,1428.903564453125,1622068
2021-12-16 00:00:00+05:30,1435.344625467989,1451.5782290505067,1429.4256360572135,1438.521728515625,2225836
2021-12-17 00:00:00+05:30,1452.9274773863874,1457.9760339159088,1416.108206073379,1429.9915771484375,3405084
2021-12-20 00:00:00+05:30,1423.1585643697542,1426.0744949174953,1372.325234153072,1390.99609375,2233189
2021-12-21 00:00:00+05:30,1397.480911744421,1440.8285402970494,1397.480911744421,1421.374267578125,2237445
2021-12-22 00:00:00+05:30,1431.8628900513302,1446.3990847921673,1420.3296479278165,1444.7017822265625,1656110
2021-12-23 00:00:00+05:30,1453.6237192513388,1471.9898419982508,1448.5317053179497,1465.6357421875,1715034
2021-12-24 00:00:00+05:30,1465.2441497148895,1510.3761035521838,1462.6328493240635,1500.4532470703125,3343946
2021-12-27 00:00:00+05:30,1501.062411644345,1559.8166666666666,1482.9138963438215,1553.7236328125,4512000
2021-12-28 00:00:00+05:30,1553.7235984336123,1586.8000671957843,1545.9767200253411,1572.0897216796875,3605483
2021-12-29 00:00:00+05:30,1567.2154221838894,1585.0593078571856,1551.7652284911574,1555.333984375,1902921
2021-12-30 00:00:00+05:30,1555.4643809269328,1599.8564813339128,1554.5939475856194,1566.7364501953125,4650594
2021-12-31 00:00:00+05:30,1566.9541627286546,1578.0957527399776,1552.3744032921436,1558.5545654296875,2378048
2022-01-03 00:00:00+05:30,1562.471502814896,1582.4479066597123,1551.9827379396409,1553.549560546875,1779147
2022-01-04 00:00:00+05:30,1560.687077761747,1570.0878009325504,1538.0558094841087,1557.9017333984375,2701533
2022-01-05 00:00:00+05:30,1549.32779780128,1551.9390978495446,1508.460994547566,1512.4215087890625,3138050
2022-01-06 00:00:00+05:30,1501.4977564412632,1504.8489040961263,1471.0325845714406,1472.8604736328125,4290750
2022-01-07 00:00:00+05:30,1481.4774881879052,1501.105801758061,1475.471477120114,1483.0877685546875,2103362
2022-01-10 00:00:00+05:30,1496.2748741736777,1501.4974740835335,1468.856224646935,1493.66357421875,2330348
2022-01-11 00:00:00+05:30,1484.08890989663,1518.9062450261697,1484.08890989663,1512.0733642578125,2704832
2022-01-12 00:00:00+05:30,1526.7400806978292,1527.6105140391621,1498.015780433845,1506.2413330078125,3013194
2022-01-13 00:00:00+05:30,1505.8496407419955,1522.3008517095855,1481.3034636662094,1496.100830078125,2768371
2022-01-14 00:00:00+05:30,1492.3582461788883,1520.4732909269974,1476.6904430693987,1512.5958251953125,1889385
2022-01-17 00:00:00+05:30,1508.417505612279,1524.1288708545865,1497.1454356766926,1499.2344970703125,2522806
2022-01-18 00:00:00+05:30,1514.554240306996,1520.2556220465676,1436.2587920525302,1445.5723876953125,4878369
2022-01-19 00:00:00+05:30,1447.6177815653898,1459.3686325893925,1416.6739376212965,1453.7108154296875,2610709
2022-01-20 00:00:00+05:30,1453.710881644005,1456.4092040845685,1430.6009373299573,1450.925537109375,2440011
2022-01-21 00:00:00+05:30,1436.2151478563258,1438.8264481251554,1382.9881227925314,1387.0792236328125,4079190
2022-01-24 00:00:00+05:30,1382.2482318702616,1382.2482318702616,1307.3473956958123,1317.0963134765625,3250275
2022-01-25 00:00:00+05:30,1304.7798130061096,1329.7177539651495,1275.1850740853572,1306.1724853515625,3910618
2022-01-27 00:00:00+05:30,1292.1583413518679,1292.1583413518679,1244.7197225551843,1258.2984619140625,4434890
2022-01-28 00:00:00+05:30,1258.6467539716225,1290.7657691515903,1224.047024739,1227.876953125,7080683
2022-01-31 00:00:00+05:30,1250.8128882479716,1294.8568002924555,1246.0255041941346,1287.37109375,4406035
2022-02-01 00:00:00+05:30,1309.1318928482483,1318.6630965079776,1283.8893231058287,1310.6551513671875,2542754
2022-02-02 00:00:00+05:30,1288.1542022713081,1296.945556943401,1256.0351937378039,1290.8089599609375,9031146
2022-02-03 00:00:00+05:30,1287.2838541745596,1288.0672654109242,1261.344898818022,1265.8712158203125,2433692
2022-02-04 00:00:00+05:30,1274.314659547556,1275.1415288810085,1249.0720877395784,1260.561767578125,2406272
2022-02-07 00:00:00+05:30,1262.128420026664,1275.837745968333,1248.2014857367146,1257.1669921875,2741520
2022-02-08 00:00:00+05:30,1259.081861161229,1267.4815643755458,1236.1894211839412,1248.37548828125,1981111
2022-02-09 00:00:00+05:30,1253.4677470847748,1280.3640560064537,1253.4677470847748,1266.306640625,2282701
2022-02-10 00:00:00+05:30,1275.184806639295,1281.27783984508,1262.389479408773,1278.2313232421875,1850405
2022-02-11 00:00:00+05:30,1261.9977874376207,1262.0848095229228,1236.885806218758,1240.280517578125,2426039
2022-02-14 00:00:00+05:30,1209.902494786448,1234.9710206332968,1193.3642592462015,1210.0330810546875,2149302
2022-02-15 00:00:00+05:30,1222.1320980260928,1255.6872429488824,1214.2981971680606,1253.1195068359375,1955525
2022-02-16 00:00:00+05:30,1262.5635785131904,1274.2708646092885,1243.7186751701247,1256.90576171875,2164650
2022-02-17 00:00:00+05:30,1272.0949115222472,1272.0949115222472,1253.6417650503906,1259.9959716796875,1669669
2022-02-18 00:00:00+05:30,1252.074865131731,1257.7762463277884,1233.4911335388795,1251.6396484375,2374188
2022-02-21 00:00:00+05:30,1242.2391739406253,1253.4242230132243,1227.3982404651183,1234.44873046875,2109461
2022-02-22 00:00:00+05:30,1201.63332829226,1236.6247090411528,1196.8459445142032,1229.53076171875,2111878
2022-02-23 00:00:00+05:30,1237.7563219947497,1240.3240580795346,1226.614731728327,1230.18359375,1319711
2022-02-24 00:00:00+05:30,1192.9289721569796,1218.606757402241,1157.676419532129,1160.2877197265625,4108603
2022-02-25 00:00:00+05:30,1179.4373583481006,1218.6068647139045,1175.1722130707847,1209.641357421875,1885454
2022-02-28 00:00:00+05:30,1201.1980344082447,1235.884782484364,1186.618275657275,1227.31103515625,4983140
2022-03-02 00:00:00+05:30,1218.6066903829849,1236.6246182320192,1203.591715090766,1213.688720703125,2160190
2022-03-03 00:00:00+05:30,1227.1370514491755,1256.5576366557495,1223.0895148829918,1241.8038330078125,2730530
2022-03-04 00:00:00+05:30,1231.663255063386,1270.8327578745893,1217.3011040326116,1265.261962890625,3567738
2022-03-07 00:00:00+05:30,1242.9788177445887,1274.3144181919313,1228.225015035593,1239.5841064453125,3341715
2022-03-08 00:00:00+05:30,1236.0155103072786,1276.8388607365541,1236.0155103072786,1272.5301513671875,2365949
2022-03-09 00:00:00+05:30,1272.529838485602,1315.224631602789,1272.529838485602,1309.784423828125,3667977
2022-03-10 00:00:00+05:30,1327.4110232859389,1328.2378925693029,1283.4541336623715,1292.8983154296875,2835942
2022-03-11 00:00:00+05:30,1284.7597985068144,1298.5561477209926,1281.7132813694338,1294.1605224609375,1116432
2022-03-14 00:00:00+05:30,1294.3345394172593,1313.3970532122844,1294.3345394172593,1308.261474609375,1372791
2022-03-15 00:00:00+05:30,1317.8361673436216,1318.7066007434523,1260.3875629547979,1269.6141357421875,2188506
2022-03-16 00:00:00+05:30,1284.063208845476,1300.8626146544511,1278.1443259404061,1296.858642578125,1453944
2022-03-17 00:00:00+05:30,1310.0024168859327,1314.3110202072774,1294.334613893277,1299.992431640625,2346185
2022-03-21 00:00:00+05:30,1301.2978046152443,1323.058637468342,1284.9336158080882,1288.0672607421875,2110200
2022-03-22 00:00:00+05:30,1294.2475823839845,1343.9057494222013,1283.9329667396323,1338.9007568359375,3030660
2022-03-23 00:00:00+05:30,1349.1717480153434,1359.3557761277646,1331.066691088733,1342.3388671875,3741783
2022-03-24 00:00:00+05:30,1331.8936953853893,1368.2777479475687,1331.8936953853893,1365.318359375,2085571
2022-03-25 00:00:00+05:30,1367.4508081899044,1370.888977459345,1325.147768156168,1332.2418212890625,1755511
2022-03-28 00:00:00+05:30,1335.2448102198748,1339.5534129663467,1320.0557901802163,1326.93212890625,1928306
2022-03-29 00:00:00+05:30,1337.8561184422438,1340.075766085076,1322.275339533578,1325.104248046875,2311150
2022-03-30 00:00:00+05:30,1335.5059101324782,1335.5059101324782,1292.5935041594296,1302.429443359375,3792481
2022-03-31 00:00:00+05:30,1302.4294845561456,1314.0061845404693,1294.5084559435202,1305.1712646484375,2036984
2022-04-01 00:00:00+05:30,1304.7796876671223,1307.9567908792355,1284.2809382645162,1294.4215087890625,2537230
2022-04-04 00:00:00+05:30,1294.4214277811554,1309.392945318381,1291.4184751922319,1304.4749755859375,1675276
2022-04-05 00:00:00+05:30,1312.6135669090886,1325.2348512062913,1288.24143171449,1296.118896484375,3207223
2022-04-06 00:00:00+05:30,1289.9823056387727,1289.9823056387727,1265.6101703095653,1270.2669677734375,2627895
2022-04-07 00:00:00+05:30,1265.6100549592772,1283.5845243771535,1262.737582484221,1278.27490234375,3336784
2022-04-08 00:00:00+05:30,1283.8892823318863,1291.2009442414058,1253.4241129206212,1261.0404052734375,5402943
2022-04-11 00:00:00+05:30,1267.307554766727,1272.878350166737,1249.6378192647062,1261.43212890625,3268704
2022-04-12 00:00:00+05:30,1250.246939047434,1254.81671420082,1224.2209602563837,1231.6632080078125,2021088
2022-04-13 00:00:00+05:30,1234.3617183487775,1243.5882921475018,1221.5663884703874,1227.702880859375,1430399
2022-04-18 00:00:00+05:30,1209.9025916074313,1209.9025916074313,1157.850624661101,1170.3414306640625,3968044
2022-04-19 00:00:00+05:30,1185.3998454634436,1185.3998454634436,1119.0728549999021,1132.6080322265625,2677360
2022-04-20 00:00:00+05:30,1136.263827830716,1149.7990039988413,1127.8641239282251,1139.5714111328125,3025261
2022-04-21 00:00:00+05:30,1143.662381607374,1148.1015703708829,1129.3436894754018,1142.6177978515625,3728173
2022-04-22 00:00:00+05:30,1135.9155413587112,1152.453775294202,1125.3397547228328,1137.22119140625,1954666
2022-04-25 00:00:00+05:30,1127.2113482533155,1129.7790844986673,1099.0092824593266,1105.7987060546875,2686619
2022-04-26 00:00:00+05:30,1115.3733562392524,1119.1161560270373,1101.098227532678,1110.1942138671875,2568317
2022-04-27 00:00:00+05:30,1103.4920461452398,1109.3674721452242,1084.7777262934371,1097.834228515625,2382463
2022-04-28 00:00:00+05:30,1108.758237074774,1117.984810942872,1088.2159214293872,1106.5821533203125,2576887
2022-04-29 00:00:00+05:30,1117.6365690466143,1118.33295832024,1086.605594768919,1095.875732421875,3811317
2022-05-02 00:00:00+05:30,1079.3374691031818,1087.171370088608,1065.5845782049114,1071.6776123046875,2149957
2022-05-04 00:00:00+05:30,1072.765551607754,1082.7755352438105,1044.5200315885104,1055.66162109375,2797667
2022-05-05 00:00:00+05:30,1073.1138883878725,1102.0558014312164,1063.8002927071377,1099.662109375,3563713
2022-05-06 00:00:00+05:30,1079.0762932686619,1130.6930387719713,1069.501525426867,1123.511962890625,5745203
2022-05-09 00:00:00+05:30,1114.1548420480942,1114.1548420480942,1053.224499123589,1097.7471923828125,5712061
2022-05-10 00:00:00+05:30,1092.393939444559,1106.712526667121,1074.9852710868768,1081.3394775390625,2852416
2022-05-11 00:00:00+05:30,1081.9485820223406,1101.6639173381623,1050.8741559976609,1065.802001953125,3244609
2022-05-12 00:00:00+05:30,1052.353931825424,1073.1137462024312,1041.9522956791507,1055.66162109375,3110220
2022-05-13 00:00:00+05:30,1068.8921523964436,1074.5935333330856,1040.1678518841613,1047.000732421875,1892084
2022-05-16 00:00:00+05:30,1035.815638673943,1062.7990712780543,1007.0477752830949,1034.98876953125,3474480
2022-05-17 00:00:00+05:30,1040.8642919342205,1053.224403590428,1029.8532882822326,1042.9532470703125,4434968
2022-05-18 00:00:00+05:30,1052.354063518012,1071.0683830925673,1017.1015080403615,1020.1915893554688,5294021
2022-05-19 00:00:00+05:30,1003.6097470340939,1004.3931583736618,957.4767751409395,964.744873046875,4393100
2022-05-20 00:00:00+05:30,981.8489516730453,987.7679417556873,970.3157082247583,984.3732299804688,2461651
2022-05-23 00:00:00+05:30,987.0714202633296,999.083443011549,971.098989519583,994.8182983398438,2783695
2022-05-24 00:00:00+05:30,999.2575679761111,1002.6087153983858,949.6428629459384,956.04052734375,3666196
2022-05-25 00:00:00+05:30,949.686390981592,953.0375382763503,909.6028909413501,922.7899780273438,4711542
2022-05-26 00:00:00+05:30,931.3639020671486,948.3373563571574,919.1342681411707,938.849609375,2946857
2022-05-27 00:00:00+05:30,953.1245514398265,980.2820304038794,950.5132512988955,977.7142944335938,3367600
2022-05-30 00:00:00+05:30,994.8184451427043,1018.8423879302245,988.3336519668602,1013.1845703125,2469771
2022-05-31 00:00:00+05:30,1002.7392369201441,1037.5565715354269,999.8233063969287,1027.3289794921875,9674664
2022-06-01 00:00:00+05:30,1032.4646879124093,1041.9088698679977,994.992484301487,998.0390014648438,2419021
2022-06-02 00:00:00+05:30,992.2941229855203,1005.6988192310534,985.0694829217999,997.5167236328125,3206663
2022-06-03 00:00:00+05:30,1009.7028785899694,1028.8524159425376,995.8629644343403,999.170654296875,3229236
2022-06-06 00:00:00+05:30,997.5166516843719,1000.1279518196712,967.1385055262406,995.9498291015625,3938875
2022-06-07 00:00:00+05:30,983.6768627336834,992.1201313128325,975.494766702356,983.8510131835938,1656444
2022-06-08 00:00:00+05:30,987.854961602278,991.6848901026733,974.7984596150792,978.541259765625,1303551
2022-06-09 00:00:00+05:30,976.6263866790044,993.9914924966612,967.6174212077834,991.0755615234375,1323539
2022-06-10 00:00:00+05:30,974.0149628388638,978.280107698178,957.6943367859337,966.0504760742188,3119792
2022-06-13 00:00:00+05:30,941.112582629292,944.0720775440419,913.9551020971795,915.6524047851562,2012004
2022-06-14 00:00:00+05:30,900.0281493434818,919.6564653148381,888.1902761735322,896.677001953125,5775453
2022-06-15 00:00:00+05:30,902.6394775550922,902.6394775550922,885.9271448765907,887.8856201171875,3238141
2022-06-16 00:00:00+05:30,891.3673987681558,899.6799742934234,845.1908626871677,848.9337158203125,5600443
2022-06-17 00:00:00+05:30,845.2778914663477,848.1068001434465,821.4280471110303,840.0117797851562,7043370
2022-06-20 00:00:00+05:30,839.968225384169,860.1187797102625,825.2143687274022,852.4589233398438,2985094
2022-06-21 00:00:00+05:30,862.9477184842102,874.4809613612957,853.0247561919773,870.5204467773438,3433536
2022-06-22 00:00:00+05:30,867.7785757729631,867.7785757729631,842.5795185945472,853.0247192382812,2719988
2022-06-23 00:00:00+05:30,853.9822498371656,869.1713244015052,845.4085014720243,862.6865844726562,2915172
2022-06-24 00:00:00+05:30,871.3038458430624,871.3038458430624,847.8021437074353,854.0692749023438,4056588
2022-06-27 00:00:00+05:30,866.9516964797829,891.4108546176031,866.9516964797829,876.7005615234375,3796002
2022-06-28 00:00:00+05:30,872.1742402701788,895.6759413553034,856.5499505900312,888.4513549804688,2755698
2022-06-29 00:00:00+05:30,877.396903782267,894.2833336971469,872.6530309290679,888.799560546875,3770663
2022-06-30 00:00:00+05:30,884.3603452148437,893.0646793212891,867.8221104125977,870.4334106445312,3264301
2022-07-01 00:00:00+05:30,867.8221218047202,882.619489979926,861.1197738293661,879.7470703125,1842102
2022-07-04 00:00:00+05:30,879.7470516670711,882.4453739674866,866.0812366047838,870.389892578125,1814322
2022-07-05 00:00:00+05:30,874.7855805540242,889.4959264927634,869.5629800731048,873.2188110351562,3045188
2022-07-06 00:00:00+05:30,877.3968754884052,883.4028872559569,871.8260804249647,879.0507202148438,2188175
2022-07-07 00:00:00+05:30,888.6690313954791,893.8481209900649,884.3603752410911,888.4949340820312,1901699
2022-07-08 00:00:00+05:30,897.416828198254,900.6373892507783,883.098188257753,893.4998779296875,2841036
2022-07-11 00:00:00+05:30,883.4899276392185,885.5354249400796,859.9882251305892,877.0051879882812,2892507
2022-07-12 00:00:00+05:30,870.4334398860457,885.056711050723,865.6460559666724,868.1267700195312,2013304
2022-07-13 00:00:00+05:30,871.6519723075289,874.0891750463708,859.1612219395324,861.7725219726562,2067142
2022-07-14 00:00:00+05:30,868.6925284848976,869.2147672712475,843.2758627174469,849.368896484375,2212219
2022-07-15 00:00:00+05:30,853.0247495744055,860.7716282448257,840.0117593508982,847.6280517578125,2544737
2022-07-18 00:00:00+05:30,857.3768827650282,889.5829179551865,856.6805466836214,877.3968505859375,3946821
2022-07-19 00:00:00+05:30,870.3900045122025,879.9647731833908,862.5996139225084,877.1358642578125,2985845
2022-07-20 00:00:00+05:30,888.9301960095443,915.4348531098585,885.4484620716856,910.0382080078125,5574762
2022-07-21 00:00:00+05:30,918.5515581739061,928.2299988367632,906.0502845648197,925.4967041015625,4935223
2022-07-22 00:00:00+05:30,931.9937012807475,935.3094043453954,908.021747906459,921.8671875,2985409
2022-07-25 00:00:00+05:30,922.046528423666,922.046528423666,903.5410537700977,911.6063842773438,2888919
2022-07-26 00:00:00+05:30,909.5900429661615,929.5293320853705,890.905382681377,895.5653076171875,5939871
2022-07-27 00:00:00+05:30,896.1478649234754,905.064547118769,888.9786820040877,903.00341796875,2546052
2022-07-28 00:00:00+05:30,915.146203968455,935.0854391220074,909.9485573288634,930.2014770507812,3428026
2022-07-29 00:00:00+05:30,945.4360618848103,957.0859849222535,935.6680276132657,939.7455444335938,6185909
2022-08-01 00:00:00+05:30,948.9757010566251,948.9757010566251,930.0222619618612,940.5967407226562,2540084
2022-08-02 00:00:00+05:30,937.3706466641266,940.5071641242838,923.0322811319794,925.3622436523438,2802273
2022-08-03 00:00:00+05:30,920.747086143842,947.2282994845714,918.2826794990146,943.330078125,3509019
2022-08-04 00:00:00+05:30,952.6051367434802,961.2977268775245,928.5883313073109,946.376953125,5360632
2022-08-05 00:00:00+05:30,949.916637577586,957.0409686022025,941.3583826044593,948.3035278320312,2641829
2022-08-08 00:00:00+05:30,946.332084170983,954.2629703841483,940.1039006696885,946.8697509765625,2579239
2022-08-10 00:00:00+05:30,946.332196462876,949.1550842684361,934.7271247426416,945.615234375,2823021
2022-08-11 00:00:00+05:30,960.6706502741356,980.2963132357744,959.0575401265236,965.3754272460938,3201408
2022-08-12 00:00:00+05:30,961.835433754046,964.6134699290957,951.7089203173714,955.2039184570312,1771561
2022-08-16 00:00:00+05:30,964.2552176933887,967.7949584249078,946.8251833984424,965.7786254882812,2222701
2022-08-17 00:00:00+05:30,961.1186165073544,991.9461259457348,960.8497283818792,989.7953491210938,4280823
2022-08-18 00:00:00+05:30,985.7626851116195,994.0072019935134,975.0985032758921,990.3778686523438,3041422
2022-08-19 00:00:00+05:30,994.7241325976648,1017.1278292777923,985.7626539256138,989.481689453125,4577717
2022-08-22 00:00:00+05:30,982.178084830214,985.7626763806892,963.5830161621237,966.6746826171875,2157609
2022-08-23 00:00:00+05:30,951.7089203173714,958.9676952886423,938.2667039287079,955.2039184570312,2875768
2022-08-24 00:00:00+05:30,955.2936041057665,961.9251200466487,945.5255707029985,959.7294921875,2180800
2022-08-25 00:00:00+05:30,967.8397054623217,976.4875543388129,954.8904124196065,959.4158935546875,2734931
2022-08-26 00:00:00+05:30,970.5280119053268,983.5670054069756,968.7357164078101,972.813232421875,2624896
2022-08-29 00:00:00+05:30,937.3706830396832,938.804497769929,911.6512279290215,928.0059814453125,6118233
2022-08-30 00:00:00+05:30,939.1629926273432,968.2877991735155,934.0549933903128,964.3447265625,4453769
2022-09-01 00:00:00+05:30,946.3321135577345,954.3974440710107,934.7717846100961,943.5540771484375,6112823
2022-09-02 00:00:00+05:30,948.3036132908446,955.7416842201476,938.3116522548336,946.6906127929688,1645341
2022-09-05 00:00:00+05:30,946.3320188563982,959.595049241524,945.2566853194573,954.4421997070312,1677079
2022-09-06 00:00:00+05:30,954.4422478712511,959.7742834666271,941.2240679635642,953.2323608398438,3051076
2022-09-07 00:00:00+05:30,942.7474846878839,950.8128148800806,935.5783022948201,946.1976318359375,2615897
2022-09-08 00:00:00+05:30,958.878211781914,979.4000196883798,956.2793611050166,976.4426879882812,2634786
2022-09-09 00:00:00+05:30,988.1374109180352,1014.7529572886651,973.4405648610865,1009.6449584960938,3394349
2022-09-12 00:00:00+05:30,1021.6083541480504,1044.0120461249812,1021.5635030068855,1030.659423828125,5230075
2022-09-13 00:00:00+05:30,1035.946774809546,1043.519179363008,1024.3864472258847,1028.28466796875,2483685
2022-09-14 00:00:00+05:30,996.5164186603431,1005.3434531880322,981.2819050657156,998.9359741210938,5179539
2022-09-15 00:00:00+05:30,1003.9544331712076,1007.539024403606,966.0473371313769,970.528076171875,3392174
2022-09-16 00:00:00+05:30,954.3975102593652,962.4179901799101,921.2400380719506,925.8999633789062,6635089
2022-09-19 00:00:00+05:30,928.4091369423401,942.6130579406966,916.8488082427311,931.545654296875,2485826
2022-09-20 00:00:00+05:30,944.5398739317619,955.0247604639162,940.9552823798388,946.4666137695312,2321528
2022-09-21 00:00:00+05:30,938.4459673825393,956.1448870922511,938.2667815730771,950.0511474609375,2760138
2022-09-22 00:00:00+05:30,940.9552991427017,960.6705530295012,934.0101528871246,939.521484375,3867282
2022-09-23 00:00:00+05:30,930.2014506920718,940.8656317838175,915.8630853634851,927.6026000976562,3230711
2022-09-26 00:00:00+05:30,922.1361659499117,942.9716041018413,908.2906703031954,925.6311645507812,3314114
2022-09-27 00:00:00+05:30,927.4682157439679,936.4745458029303,913.2194970994277,916.3112182617188,4448875
2022-09-28 00:00:00+05:30,910.4861853197431,928.7676227303626,903.809873119974,922.7633666992188,1965519
2022-09-29 00:00:00+05:30,934.547721199316,936.0263869635061,897.6264752074701,902.5104370117188,3176310
2022-09-30 00:00:00+05:30,897.0440342702184,912.9954557085454,882.3023905998991,903.854736328125,3848885
2022-10-03 00:00:00+05:30,905.1092641594278,912.5024833963737,895.3860825567193,901.0765991210938,2431236
2022-10-04 00:00:00+05:30,915.8630750558475,928.4091445771604,912.1888908603577,921.5088500976562,2715420
2022-10-06 00:00:00+05:30,926.1238958716604,936.4744466710305,920.6574161955383,924.197265625,2397633
2022-10-07 00:00:00+05:30,922.942673194354,928.8123758526503,915.0117320706394,917.5209350585938,1539126
2022-10-10 00:00:00+05:30,903.4066262426032,925.7207295994573,899.2843680087661,922.4497680664062,1660433
2022-10-11 00:00:00+05:30,927.0649461212959,927.5130200440224,896.6407158288562,900.494140625,2310765
2022-10-12 00:00:00+05:30,903.13777617195,912.995402346016,894.5347788441015,910.3966064453125,2192421
2022-10-13 00:00:00+05:30,913.0401689171852,914.9669085758505,898.881044542583,907.7529296875,1344162
2022-10-14 00:00:00+05:30,927.5130637440809,940.8656891490556,910.5310503333261,913.9364013671875,3492929
2022-10-17 00:00:00+05:30,913.1746480509788,921.1951274537761,902.8241514485869,916.9832763671875,1426207
2022-10-18 00:00:00+05:30,921.5984111827871,926.5719657926239,908.6938610992196,913.5330810546875,2395805
2022-10-19 00:00:00+05:30,918.1035771140445,923.0323908516016,910.7551529660169,913.35400390625,1304927
2022-10-20 00:00:00+05:30,905.1092521360986,935.0406096794051,902.4208088129221,933.4723510742188,1852905
2022-10-21 00:00:00+05:30,933.4724269509612,935.8919823812766,924.0180234054128,933.0243530273438,1202009
2022-10-24 00:00:00+05:30,941.8514239012769,941.9858679621758,936.4745366097378,939.2974243164062,231316
2022-10-25 00:00:00+05:30,944.0020779599081,973.2164732336172,941.8513014443201,970.0799560546875,3097049
2022-10-27 00:00:00+05:30,979.7585125108618,983.9703637533141,956.3242237723707,964.1206665039062,2342818
2022-10-28 00:00:00+05:30,968.735802859491,968.735802859491,936.5193321737871,940.0142211914062,1542568
2022-10-31 00:00:00+05:30,943.8677611583157,966.3163094652788,943.6437241867613,952.9636840820312,2629847
2022-11-01 00:00:00+05:30,957.9821115530445,967.8397385194463,938.4013016847575,959.684814453125,4709472
2022-11-02 00:00:00+05:30,959.7742714026939,984.5975211262014,955.6071623513293,969.6318969726562,4104485
2022-11-03 00:00:00+05:30,958.8782354256786,959.9088273704007,941.0897218153173,943.50927734375,3460133
2022-11-04 00:00:00+05:30,943.6437393102311,948.841440890814,930.873631726973,944.2262573242188,2531080
2022-11-07 00:00:00+05:30,948.9756977402689,956.996286428556,935.9815542474565,944.0917358398438,2588984
2022-11-09 00:00:00+05:30,954.5765887712395,956.3544089602739,934.5642587680459,937.8919677734375,2697639
2022-11-10 00:00:00+05:30,925.4014479755826,942.7242337012339,916.51212372163,930.9629516601562,3285774
2022-11-11 00:00:00+05:30,956.4000812879705,971.8994153031234,953.8472052852735,965.2437744140625,5299457
2022-11-14 00:00:00+05:30,968.2524436120164,979.603381130866,962.2805972997659,971.3067016601562,2229790
2022-11-15 00:00:00+05:30,970.9876217528289,976.0021118182191,957.3117397563101,972.7654418945312,1577944
2022-11-16 00:00:00+05:30,971.8994329854736,980.1049629074898,965.5173541572387,972.6743774414062,2335937
2022-11-17 00:00:00+05:30,966.4290742168553,968.1157442101019,954.8502043549361,965.1071166992188,2089630
2022-11-18 00:00:00+05:30,966.4290350720438,970.9876625959685,953.6648780050546,967.2039794921875,1617331
2022-11-21 00:00:00+05:30,961.9615714120125,964.5144473792759,946.1887867334647,950.5650024414062,1475958
2022-11-22 00:00:00+05:30,950.5649841516123,959.955801320551,944.593248902688,957.9044189453125,1696991
2022-11-23 00:00:00+05:30,962.736468011066,965.1981935631813,949.4252983736659,951.8870239257812,1704144
2022-11-24 00:00:00+05:30,956.6736916014397,976.4580920866523,953.6649526822019,974.908203125,2208145
2022-11-25 00:00:00+05:30,975.5462571490212,987.3075380221704,966.4290024093108,984.80029296875,1943246
2022-11-28 00:00:00+05:30,980.1047833501163,994.6923894278855,976.8225942415387,982.1105346679688,1749691
2022-11-29 00:00:00+05:30,981.1077488046382,989.6323596276266,978.0991215524957,979.6946411132812,1233868
2022-11-30 00:00:00+05:30,979.8770232984283,986.4870334579199,969.3465488023551,981.9284057617188,3909954
2022-12-01 00:00:00+05:30,995.0572198304164,1010.1462098795665,992.0941119945109,1004.265625,4264917
2022-12-02 00:00:00+05:30,1004.2656453404894,1017.7592273536059,1002.9436878740025,1016.3460083007812,3418928
2022-12-05 00:00:00+05:30,1021.1327325812684,1021.1327325812684,999.479248296621,1002.6702880859375,2760688
2022-12-06 00:00:00+05:30,992.8689460673024,999.3878048408063,984.7090483745812,992.6866455078125,1838107
2022-12-07 00:00:00+05:30,990.1337925892946,991.3190801369398,979.3753882624711,982.8856201171875,1478573
2022-12-08 00:00:00+05:30,982.9312884772056,986.8517528412333,975.8198959981198,979.3300170898438,1110431
2022-12-09 00:00:00+05:30,979.1475242161208,980.7430437889915,939.2595348943544,943.909423828125,3138360
2022-12-12 00:00:00+05:30,942.7241219151402,952.2060889205978,931.6010602176282,940.9918212890625,1689393
2022-12-13 00:00:00+05:30,948.0577479235627,954.9868395304726,939.2140550073856,953.4369506835938,1983827
2022-12-14 00:00:00+05:30,958.2234892466149,973.7684533569014,958.2234892466149,971.0787963867188,1983937
2022-12-15 00:00:00+05:30,966.4289978668877,966.4289978668877,930.1879104468794,932.4672241210938,5184673
2022-12-16 00:00:00+05:30,925.4013952464686,942.2683172287934,921.7544931962362,930.6893920898438,2994364
2022-12-19 00:00:00+05:30,929.914390262725,937.3449193430274,920.6147794792031,936.0684814453125,1529622
2022-12-20 00:00:00+05:30,934.5185957411318,934.5185957411318,915.3723610966794,928.0909423828125,2149130
2022-12-21 00:00:00+05:30,934.0627941114536,939.5787780186367,930.1879606561353,935.4760131835938,2037666
2022-12-22 00:00:00+05:30,939.077206815846,943.6358340333986,923.2131618398408,926.17626953125,1925482
2022-12-23 00:00:00+05:30,916.3296828096479,925.8572252078659,905.3434019019309,907.8506469726562,1504806
2022-12-26 00:00:00+05:30,912.0445632093199,917.6516971797734,905.3434031788524,912.63720703125,966423
2022-12-27 00:00:00+05:30,920.569215161004,923.2131856269249,905.5257449554771,920.4324340820312,1615647
2022-12-28 00:00:00+05:30,916.55767090395,929.4130343596507,913.7313439991384,926.5410766601562,1077963
2022-12-29 00:00:00+05:30,920.842721283613,926.0395675727937,918.1075448837606,923.76025390625,1977329
2022-12-30 00:00:00+05:30,932.4672913362147,936.934768718627,925.4014184368202,926.6778564453125,1317151
2023-01-02 00:00:00+05:30,928.045418394319,931.6466896390564,916.4664932940158,920.3869018554688,1348611
2023-01-03 00:00:00+05:30,923.5779362259515,934.336341698849,919.0648838483966,933.424560546875,1439615
2023-01-04 00:00:00+05:30,933.4245597714903,938.4846251887176,922.7573602463057,930.2335205078125,1702044
2023-01-05 00:00:00+05:30,930.8717179388514,934.4729890780657,915.8282474726506,922.3471069335938,1376035
2023-01-06 00:00:00+05:30,920.3868507011352,922.3470826965681,898.0495769595029,899.0980834960938,2346808
2023-01-09 00:00:00+05:30,909.8564331461,930.8716938513836,907.5315443545808,925.6292724609375,2190779
2023-01-10 00:00:00+05:30,923.5778766328342,924.535177221502,910.8592955339477,914.1415405273438,1411099
2023-01-11 00:00:00+05:30,919.429610591205,927.1792775012401,914.6886267638394,917.5149536132812,1294200
2023-01-12 00:00:00+05:30,920.8427020008965,924.0337410672362,909.2637776878597,913.1386108398438,1948321
2023-01-13 00:00:00+05:30,915.7827051852347,919.9310451513512,899.2348648197727,914.5974731445312,2837817
2023-01-16 00:00:00+05:30,919.2016606747765,944.3196870824834,914.6886083181283,943.1343994140625,4286551
2023-01-17 00:00:00+05:30,942.7241130545735,957.3117202198281,939.8977864252275,953.71044921875,2466876
2023-01-18 00:00:00+05:30,953.7104712452068,958.6793305327859,951.3855267817044,955.807373046875,1138627
2023-01-19 00:00:00+05:30,951.7502538077406,960.9586589256191,948.2856524550585,960.3204956054688,1768051
2023-01-20 00:00:00+05:30,959.591080491986,964.1497079527554,949.8811817416237,954.1207275390625,1160517
2023-01-23 00:00:00+05:30,960.5028249312645,975.1815833855762,954.8045404928968,971.26123046875,1344952
2023-01-24 00:00:00+05:30,975.5464317008832,982.2020733695931,971.2613657243495,976.0934448242188,1578750
2023-01-25 00:00:00+05:30,970.9877284006159,973.449342912514,956.4001193354424,958.3603515625,1049973
2023-01-27 00:00:00+05:30,958.2234185400172,964.2864148553526,931.3275185905114,939.1683349609375,1651820
2023-01-30 00:00:00+05:30,939.1683801150454,955.4426574215779,928.501236682424,944.6387329101562,2654212
2023-01-31 00:00:00+05:30,934.5186220366379,938.0287428946331,908.1241581189222,925.4013671875,5797831
2023-02-01 00:00:00+05:30,928.1821208799679,943.1800162700798,914.7341699471659,933.3789672851562,1939670
2023-02-02 00:00:00+05:30,936.615660656223,952.0693635281796,921.8456406219406,926.90576171875,3860090
2023-02-03 00:00:00+05:30,934.0171724389293,936.2509667588163,914.460704385424,922.0280151367188,2980262
2023-02-06 00:00:00+05:30,917.1957932093522,926.67776005016,908.9902642442586,916.6031494140625,2003960
2023-02-07 00:00:00+05:30,916.2841173854998,919.4295814552399,908.9903134660133,913.959228515625,1697633
2023-02-08 00:00:00+05:30,918.563434456524,931.0085096984064,915.6914768938409,921.800048828125,2611176
2023-02-09 00:00:00+05:30,921.7999972478544,927.8629936976761,914.0959061314608,926.3130493164062,1782899
2023-02-10 00:00:00+05:30,922.2558876829044,931.4187175233054,915.4635218046396,927.5438842773438,1116554
2023-02-13 00:00:00+05:30,925.4013906274353,927.9542109203941,912.181370761329,914.0048217773438,1682312
2023-02-14 00:00:00+05:30,917.2414389278825,935.156811825096,916.9679324041291,922.7117919921875,2440189
2023-02-15 00:00:00+05:30,925.3102037077675,980.1048823110733,919.2927822047295,976.8226928710938,6712218
2023-02-16 00:00:00+05:30,980.1049475278561,1040.324463472881,979.2388527897496,1030.477783203125,14422445
2023-02-17 00:00:00+05:30,1010.2831198215407,1038.4554632520994,1010.2831198215407,1029.5205078125,5333732
2023-02-20 00:00:00+05:30,1029.7939685186177,1054.7296390786264,1021.1325761317856,1043.1962890625,4590531
2023-02-21 00:00:00+05:30,1044.8373581549256,1050.2620800254078,1031.2071072936978,1034.306884765625,3494288
2023-02-22 00:00:00+05:30,1022.9558842187381,1034.12452020954,1019.3089826707212,1026.3292236328125,2674708
2023-02-23 00:00:00+05:30,1027.5146113442765,1048.0284345521259,1024.825065708204,1029.15576171875,2576193
2023-02-24 00:00:00+05:30,1036.6317600117293,1040.2786615421135,1017.4855269772119,1020.220703125,1913493
2023-02-27 00:00:00+05:30,1011.1035804371014,1019.5370413199176,1000.0260933429114,1015.6165771484375,2247105
2023-02-28 00:00:00+05:30,1019.3090420900435,1035.264237292705,999.9348764868114,1003.1259155273438,3894204
2023-03-01 00:00:00+05:30,1003.1260748854609,1029.3381854539289,1000.1629667342428,1027.423583984375,2084324
2023-03-02 00:00:00+05:30,1021.1325634258528,1024.779465438088,1007.4566808799709,1011.8330078125,1838692
2023-03-03 00:00:00+05:30,1019.3091081448564,1020.7678466847092,986.8972221292015,989.3589477539062,2388401
2023-03-06 00:00:00+05:30,995.6041139166085,999.2510154327866,989.222036263297,993.8262939453125,2076844
2023-03-08 00:00:00+05:30,984.6635974186257,992.3221143241396,975.181629406781,983.1137084960938,2230530
2023-03-09 00:00:00+05:30,986.4869768250663,987.7177839734575,964.0129213140751,966.4290161132812,2550755
2023-03-10 00:00:00+05:30,952.7531255176126,969.1185533471748,949.1518543935496,967.5686645507812,1400844
2023-03-13 00:00:00+05:30,1025.691127023963,1061.8865827219868,1025.691127023963,1033.71435546875,13080169
2023-03-14 00:00:00+05:30,1028.426403961763,1037.7715906998908,1001.4393503720454,1016.8475341796875,4325522
2023-03-15 00:00:00+05:30,1025.6000342260638,1032.2555635799367,1012.5167955980385,1016.0269165039062,2583351
2023-03-16 00:00:00+05:30,1008.3684021419286,1023.5030231701264,1003.8554054386157,1019.0811767578125,2396839
2023-03-17 00:00:00+05:30,1024.1866442875341,1032.5289534551644,1015.8443351199039,1027.6512451171875,2507004
2023-03-20 00:00:00+05:30,1036.4496525719803,1036.4496525719803,999.2512055131313,1011.1036376953125,4007438
2023-03-21 00:00:00+05:30,1007.4109251509204,1011.878401820789,990.544005436117,998.9319458007812,3354949
2023-03-22 00:00:00+05:30,1000.162861183427,1008.6419527468574,997.0174527650081,1002.5333251953125,1750203
2023-03-23 00:00:00+05:30,991.1368785672819,1013.8388682906291,991.1368785672819,1002.3966674804688,1720354
2023-03-24 00:00:00+05:30,1007.4565882966252,1019.3090187471738,999.8437033046174,1004.67578125,1943460
2023-03-27 00:00:00+05:30,993.8720187035779,1015.3432003323965,993.8720187035779,1005.63330078125,1455300
2023-03-28 00:00:00+05:30,1001.9864262791377,1007.092067338832,972.0817823236563,975.8199462890625,2431154
2023-03-29 00:00:00+05:30,980.7430420466178,991.4102968059125,971.0787743384648,985.6663818359375,1642278
2023-03-31 00:00:00+05:30,998.339480055903,1008.3684611340901,995.1028098264569,1004.5847778320312,2281085
2023-04-03 00:00:00+05:30,1007.0919286354373,1007.4566410811765,989.3132820281223,1005.8154907226562,1508662
2023-04-05 00:00:00+05:30,1004.721523048114,1016.5739548082097,1001.6216340211652,1006.089111328125,1947605
2023-04-06 00:00:00+05:30,1006.5449366206245,1007.4110313145445,987.398701413167,996.2880249023438,1355815
2023-04-10 00:00:00+05:30,999.5702264635415,1013.6108213774801,994.5557362296075,1009.508056640625,940829
2023-04-11 00:00:00+05:30,1010.1918750800279,1018.3974047512556,995.9689792421572,1001.3025512695312,1384483
2023-04-12 00:00:00+05:30,1005.633326536374,1015.2064452386695,994.5103188477485,1011.9242553710938,1376719
2023-04-13 00:00:00+05:30,1003.1260189280028,1003.1260189280028,981.016674725318,990.9088745117188,2725180
2023-04-17 00:00:00+05:30,943.6358130811215,946.3709893509217,913.5488741133175,939.0315551757812,4349422
2023-04-18 00:00:00+05:30,943.4535198664736,946.1430653682268,921.7544101057839,934.7008666992188,2735592
2023-04-19 00:00:00+05:30,934.7008681018958,938.1654692603507,920.8426860572928,924.3984375,1953837
2023-04-20 00:00:00+05:30,925.492563074563,933.4245863135723,920.8883602783684,931.6011352539062,1250758
2023-04-21 00:00:00+05:30,924.763197379465,929.5953315769253,906.1183990923499,910.5858764648438,4269272
2023-04-24 00:00:00+05:30,913.5489350787573,918.5178500966211,903.5199547535414,917.2869873046875,1625433
2023-04-25 00:00:00+05:30,917.1958862427125,917.2870365370928,906.619892318321,908.9903564453125,1984203
2023-04-26 00:00:00+05:30,908.9903308009941,914.0048210912704,905.0699222489671,908.3521118164062,1589700
2023-04-27 00:00:00+05:30,910.8137899962338,919.6119634798458,905.3434369031633,914.5974731445312,3543950
2023-04-28 00:00:00+05:30,895.2688356813222,936.0684947839477,894.4482605000546,933.3333740234375,5146250
2023-05-02 00:00:00+05:30,930.3247523878647,971.7171136783978,930.3247523878647,960.4572143554688,4762884
2023-05-03 00:00:00+05:30,948.1033961598538,957.9955958519108,946.5990267839603,947.829833984375,2217136
2023-05-04 00:00:00+05:30,941.8123927090118,954.622179838242,938.0287098211037,953.163330078125,1744298
2023-05-05 00:00:00+05:30,953.6648346697582,957.9498998296838,940.4904462421174,944.9122924804688,1222282
2023-05-08 00:00:00+05:30,949.0605549405938,954.5765383860744,943.9093952256785,951.2487182617188,1487285
2023-05-09 00:00:00+05:30,955.8530433184397,958.6337393366249,948.0577457196515,955.3060302734375,1747630
2023-05-10 00:00:00+05:30,955.4883056258293,958.2234820732315,946.5078318824484,953.8016357421875,1186977
2023-05-11 00:00:00+05:30,961.870373330178,965.3349746429567,950.8840368705046,951.8870239257812,1451786
2023-05-12 00:00:00+05:30,951.8870458958695,960.5028072905967,942.7697909619294,953.9839477539062,1140016
2023-05-15 00:00:00+05:30,953.664914367864,975.4551770220005,950.0180122096695,970.4862060546875,2122222
2023-05-16 00:00:00+05:30,975.4550785934732,977.1873792027417,960.0468962709434,963.8760986328125,1343911
2023-05-17 00:00:00+05:30,964.6056411618096,972.2641581142686,947.2828555454822,961.0955200195312,2803566
2023-05-18 00:00:00+05:30,965.5172817907217,966.3833764775042,952.7987558827122,956.12646484375,909923
2023-05-19 00:00:00+05:30,963.283574874544,983.5238354761152,956.4000031651864,977.5064697265625,2624323
2023-05-22 00:00:00+05:30,977.3698110029407,1012.4256146502614,975.6375101610813,1006.9552612304688,2996190
2023-05-23 00:00:00+05:30,1006.5449272481087,1020.4031099894762,990.4985811016269,994.2366333007812,1414119
2023-05-24 00:00:00+05:30,989.4501282363215,1005.952338017091,989.2221968545578,1001.7584228515625,1782245
2023-05-25 00:00:00+05:30,1000.1628346970504,1002.8980110909347,986.0767207863908,1001.1657104492188,1200289
2023-05-26 00:00:00+05:30,1001.9863315743967,1021.4972796710745,1001.9863315743967,1016.3460083007812,2104054
2023-05-29 00:00:00+05:30,1028.4719197404145,1028.4719197404145,1012.1063814329148,1015.707763671875,1432241
2023-05-30 00:00:00+05:30,1016.5738904343398,1021.8619426333678,998.3393811888808,1001.4392700195312,2822485
2023-05-31 00:00:00+05:30,1001.4391443725596,1027.9246989517742,999.250981278723,1017.0752563476562,7599886
2023-06-01 00:00:00+05:30,1022.9559645089948,1036.3582842320434,1018.9443502323902,1021.8619384765625,1412280
2023-06-02 00:00:00+05:30,1028.426339406778,1038.6376202447443,1018.9443721746013,1023.9588623046875,1907589
2023-06-05 00:00:00+05:30,1024.8707433723407,1034.3983428426936,1009.7361203955415,1011.4227905273438,1754521
2023-06-06 00:00:00+05:30,1002.8981037381328,1004.7215548358386,976.9595563911184,990.3618774414062,3284841
2023-06-07 00:00:00+05:30,998.3393757602239,1001.986277589485,988.4926963033744,998.9775390625,2086377
2023-06-08 00:00:00+05:30,1003.8097700684473,1004.2656328159807,974.6345542263126,976.7315673828125,4054486
2023-06-09 00:00:00+05:30,983.7517541470374,983.7517541470374,966.5201209952711,969.2097778320312,2782697
2023-06-12 00:00:00+05:30,971.8994763044458,983.7519089423049,968.3893550513899,979.8770751953125,1767945
2023-06-13 00:00:00+05:30,984.2532361520578,991.8661212620821,980.4695533444982,984.116455078125,1846534
2023-06-14 00:00:00+05:30,984.6635663495097,989.1765631774305,976.5036674239982,982.4754028320312,1321534
2023-06-15 00:00:00+05:30,983.7060616051109,987.8544566330401,974.9535201504392,986.031005859375,1389325
2023-06-16 00:00:00+05:30,987.8544490789312,990.9998571216094,976.8681137337705,982.1105346679688,4392418
2023-06-19 00:00:00+05:30,983.7517579699269,999.0687900075993,979.2387615221073,997.0629272460938,2188899
2023-06-20 00:00:00+05:30,997.0630171293254,1012.881432812415,992.1396770094865,1009.5992431640625,3318866
2023-06-21 00:00:00+05:30,1009.5992429566185,1021.8163873123395,1006.6361349853803,1021.0414428710938,1985965
2023-06-22 00:00:00+05:30,1018.3063082988729,1026.8309200935548,1012.3800921118734,1020.2665405273438,2360795
2023-06-23 00:00:00+05:30,1015.66213596674,1019.3090377116835,997.4732580316783,1017.0297241210938,3492348
2023-06-26 00:00:00+05:30,1014.021192609131,1026.6030507147848,1010.465551717849,1013.7477416992188,1432154
2023-06-27 00:00:00+05:30,1011.103529900305,1022.0442353636085,1009.0065168353274,1020.8589477539062,1227245
2023-06-28 00:00:00+05:30,1021.1324525161236,1027.4688995563058,1007.1830093165881,1010.2828979492188,1876800
2023-06-30 00:00:00+05:30,1016.2548713924929,1032.5291496377938,1012.5623385249472,1031.0247802734375,2478834
2023-07-03 00:00:00+05:30,1035.7202413257635,1036.540816592781,1016.6651547677994,1022.45458984375,1899656
2023-07-04 00:00:00+05:30,1024.369124931767,1053.9545698531413,1021.2236055027603,1046.6607666015625,2773593
2023-07-05 00:00:00+05:30,1049.2136336135864,1080.3489669515732,1045.293169880319,1071.27734375,3732838
2023-07-06 00:00:00+05:30,1071.2773885720862,1079.4829175058298,1059.4249578900121,1075.1522216796875,2520085
2023-07-07 00:00:00+05:30,1066.7187457761138,1079.7564638534427,1049.6238940809837,1053.95458984375,2261102
2023-07-10 00:00:00+05:30,1057.5558831521323,1057.5558831521323,1035.3553908727,1045.8858642578125,2088505
2023-07-11 00:00:00+05:30,1052.7237957331138,1063.2541577301126,1044.0167733114217,1058.9234619140625,1212566
2023-07-12 00:00:00+05:30,1063.0718086968516,1065.8069848770322,1051.6296104919213,1057.054443359375,1274203
2023-07-13 00:00:00+05:30,1057.054544484912,1086.6856226049263,1051.6753418903556,1071.50537109375,3215610
2023-07-14 00:00:00+05:30,1079.4373327672906,1123.2457864059188,1078.5712380829561,1120.1915283203125,6033106
2023-07-17 00:00:00+05:30,1126.8014460227994,1158.5750540075642,1112.897633649307,1132.7276611328125,4880073
2023-07-18 00:00:00+05:30,1133.2749437618459,1147.315540545255,1116.8638826293331,1137.42333984375,2666872
2023-07-19 00:00:00+05:30,1144.2155243786594,1150.3240408276142,1122.4252622530823,1134.82470703125,2293881
2023-07-20 00:00:00+05:30,1135.0981409497858,1144.6712578011695,1126.52789979534,1142.3463134765625,2000345
2023-07-21 00:00:00+05:30,1122.2775223311253,1139.5396861396305,1104.9685317824585,1118.1607666015625,5032086
2023-07-24 00:00:00+05:30,1119.4705610233377,1126.4408920036765,1080.8761935831265,1087.05126953125,2669308
2023-07-25 00:00:00+05:30,1089.0629344499837,1089.7178235197553,1071.2861339735666,1082.0457763671875,2557865
2023-07-26 00:00:00+05:30,1083.4491658065579,1091.8697551781113,1066.0933498061236,1069.6019287109375,3170213
2023-07-27 00:00:00+05:30,1039.4749702593042,1052.573664754021,1012.6226922297559,1029.089599609375,17594818
2023-07-28 00:00:00+05:30,1029.1832114140689,1029.1832114140689,1015.1957216344745,1020.8094482421875,4244321
2023-07-31 00:00:00+05:30,1024.5050708150072,1046.959976476706,1017.1604682638045,1043.685302734375,4766331
2023-08-01 00:00:00+05:30,1047.8954757870574,1080.1743989251408,1047.8019365333134,1069.882568359375,3805214
2023-08-02 00:00:00+05:30,1069.4148684652855,1078.396807772814,1053.13503922639,1071.894287109375,2357217
2023-08-03 00:00:00+05:30,1066.6079985746358,1073.110519197114,1049.111930598428,1069.227783203125,2348236
2023-08-04 00:00:00+05:30,1079.6598018957566,1105.7636505082403,1069.2277191668782,1099.541748046875,3580506
2023-08-07 00:00:00+05:30,1104.0327146161883,1116.0554209118616,1096.6412863116193,1107.44775390625,1694290
2023-08-08 00:00:00+05:30,1109.6465366777534,1131.072281012408,1099.4482446534976,1127.797607421875,5137402
2023-08-09 00:00:00+05:30,1129.2477585507818,1156.8954057227515,1122.9323165866665,1148.942626953125,3396984
2023-08-10 00:00:00+05:30,1141.4576210178243,1159.4214985492233,1137.3408657718437,1156.240478515625,3715680
2023-08-11 00:00:00+05:30,1156.2404129567888,1169.8536292201295,1137.060183527205,1141.8785400390625,2933959
2023-08-14 00:00:00+05:30,1134.066231138798,1142.5803596959004,1125.5521025816956,1141.2237548828125,1842625
2023-08-16 00:00:00+05:30,1142.3933863409895,1159.2345664836084,1141.457765221955,1148.8023681640625,2341456
2023-08-17 00:00:00+05:30,1146.135730096915,1154.4627798762554,1136.3585362880544,1152.451171875,2636308
2023-08-18 00:00:00+05:30,1147.02454265575,1147.02454265575,1127.563693985829,1132.8499755859375,1794430
2023-08-21 00:00:00+05:30,1127.4235056238876,1145.2003077872519,1126.8153290233536,1140.3818359375,1175945
2023-08-22 00:00:00+05:30,1140.381618338372,1144.2644682807343,1131.3996796962208,1135.0953369140625,1003208
2023-08-23 00:00:00+05:30,1135.0953162940068,1140.381597622286,1121.996622700452,1123.6807861328125,1569035
2023-08-24 00:00:00+05:30,1128.5460849734732,1138.1830276451444,1119.6576848397872,1121.9031982421875,1218843
2023-08-25 00:00:00+05:30,1113.3890751842293,1120.125501215007,1102.5826061228186,1112.9212646484375,1213340
2023-08-28 00:00:00+05:30,1112.9680775536542,1119.283519708348,1106.1848248689832,1108.47705078125,950013
2023-08-29 00:00:00+05:30,1115.6344468742236,1130.1365716414953,1111.7515970780973,1120.8739013671875,1419344
2023-08-30 00:00:00+05:30,1130.1834146846356,1142.9546650065943,1117.646183839427,1120.12548828125,2016339
2023-08-31 00:00:00+05:30,1121.8095438991045,1136.3116689453398,1120.8739229283794,1124.569580078125,2817747
2023-09-01 00:00:00+05:30,1127.423270802349,1150.720255838001,1126.5344765639275,1148.9893798828125,1686038
2023-09-04 00:00:00+05:30,1155.4920383056494,1184.496291898747,1146.6504647497964,1175.841796875,3466873
2023-09-05 00:00:00+05:30,1177.7128875565643,1185.0574892761772,1168.2631386695214,1173.7833251953125,2199985
2023-09-06 00:00:00+05:30,1173.7833923054825,1178.5082099133701,1156.2872107644757,1168.5438232421875,1753376
2023-09-07 00:00:00+05:30,1168.5438347914003,1192.7764422082164,1158.9070067500913,1187.5369873046875,2554884
2023-09-08 00:00:00+05:30,1190.1098715011647,1195.7235973101324,1177.9936256480935,1181.6424560546875,1731105
2023-09-11 00:00:00+05:30,1183.5607233073827,1192.9169345588243,1182.1572916196662,1187.162841796875,1293853
2023-09-12 00:00:00+05:30,1189.9229860711155,1201.150439510837,1170.9766583915853,1184.496337890625,2335224
2023-09-13 00:00:00+05:30,1179.1631746108753,1187.0691262597702,1173.1751774567927,1179.2567138671875,1204376
2023-09-14 00:00:00+05:30,1180.7537767783795,1206.3429899066618,1180.7537767783795,1197.45458984375,3288631
2023-09-15 00:00:00+05:30,1195.9107157700648,1219.769051255196,1191.981153257133,1216.3541259765625,4316210
2023-09-18 00:00:00+05:30,1217.2430709626178,1218.178692077885,1200.4018908878083,1206.76416015625,1967717
2023-09-20 00:00:00+05:30,1199.466240016859,1206.1559536673774,1187.349992559347,1192.3087158203125,2843560
2023-09-21 00:00:00+05:30,1193.8055549955313,1212.5648015059166,1184.4026325848554,1208.494873046875,2960250
2023-09-22 00:00:00+05:30,1206.9980538816224,1235.019860331024,1201.3375005038142,1221.31298828125,3252940
2023-09-25 00:00:00+05:30,1221.3127890079204,1229.780204323092,1212.611582665878,1215.7926025390625,2100302
2023-09-26 00:00:00+05:30,1216.3073955586324,1219.1610855174504,1196.7997190183303,1199.7469482421875,1141475
2023-09-27 00:00:00+05:30,1188.191687280888,1210.5998758160943,1182.6247887463232,1205.6878662109375,1568115
2023-09-28 00:00:00+05:30,1192.0279058828835,1192.0279058828835,1143.3287902062575,1150.345947265625,6570797
2023-09-29 00:00:00+05:30,1145.2002142719236,1152.3577384534349,1132.1015190106434,1144.0775146484375,2861162
2023-10-03 00:00:00+05:30,1142.0189769479164,1151.4687262651032,1134.4872963774253,1137.9022216796875,1622290
2023-10-04 00:00:00+05:30,1132.1013224115015,1137.247237513372,1109.6932468797904,1127.4232177734375,2340603
2023-10-05 00:00:00+05:30,1135.8439810556106,1145.1533650344998,1122.2774755158196,1127.9847412109375,2497613
2023-10-06 00:00:00+05:30,1129.2945799638776,1144.2645164008468,1127.4233379092564,1138.5572509765625,1446719
2023-10-09 00:00:00+05:30,1125.7860715677396,1148.7087881714458,1124.756911215599,1134.5809326171875,1451064
2023-10-10 00:00:00+05:30,1136.966650412151,1152.170492422991,1134.9083297937664,1148.708740234375,1503359
2023-10-11 00:00:00+05:30,1150.9073595274901,1159.1408699425,1143.3288523338713,1152.310791015625,1622663
2023-10-12 00:00:00+05:30,1152.6850821167884,1152.6850821167884,1112.734110750769,1121.57568359375,2452842
2023-10-13 00:00:00+05:30,1110.582210896736,1125.5053212894536,1104.0328634019784,1117.22509765625,3266079
2023-10-16 00:00:00+05:30,1118.3477604831844,1121.1077965844424,1104.781256789903,1108.3365478515625,2638043
2023-10-17 00:00:00+05:30,1113.3890586631649,1125.5521324132667,1111.9388003391077,1120.499755859375,1163897
2023-10-18 00:00:00+05:30,1122.7453162419126,1124.616558435649,1102.2084788502782,1110.67578125,2337078
2023-10-19 00:00:00+05:30,1095.1911396862013,1109.1318003571407,1092.618182094894,1096.6881103515625,3107691
2023-10-20 00:00:00+05:30,1094.6765319058466,1100.290257710492,1074.467141851432,1095.3314208984375,2962470
2023-10-23 00:00:00+05:30,1089.1564624766197,1095.5654439504624,1077.4144865995052,1081.5311279296875,1203959
2023-10-25 00:00:00+05:30,1087.1916843201827,1090.8406293387839,1063.3333470136727,1068.61962890625,1555285
2023-10-26 00:00:00+05:30,1029.2299553036673,1047.895549087162,1027.4522525120128,1043.638427734375,7099401
2023-10-27 00:00:00+05:30,1047.8488142862282,1053.462540934583,1042.328741117928,1048.4102783203125,1382498
2023-10-30 00:00:00+05:30,1048.4101479045567,1065.5787702594591,1043.6852162119858,1054.351318359375,2255915
2023-10-31 00:00:00+05:30,1054.3513432732375,1063.941458664503,1043.732067609122,1060.198974609375,1194765
2023-11-01 00:00:00+05:30,1058.1404740055277,1064.73664742684,1047.848643494372,1052.6671142578125,1288497
2023-11-02 00:00:00+05:30,1063.921112375161,1068.649650652384,1053.3292328113134,1054.9368896484375,2493118
2023-11-03 00:00:00+05:30,1062.9752613426226,1074.3237516772413,1055.4096011195434,1071.5811767578125,1108121
2023-11-06 00:00:00+05:30,1075.7424509909856,1082.6461630074436,1072.763448807368,1080.1400146484375,572330
2023-11-07 00:00:00+05:30,1079.9980887337495,1087.8475080601697,1074.8440284453807,1086.6180419921875,902481
2023-11-08 00:00:00+05:30,1089.2187493469992,1090.2590046385355,1075.3168935355022,1077.3028564453125,806162
2023-11-09 00:00:00+05:30,1078.106755024601,1079.052462704447,1056.544573746976,1062.9281005859375,6042108
2023-11-10 00:00:00+05:30,1061.0838558623298,1077.8701646337704,1060.61100209412,1076.3570556640625,706806
2023-11-13 00:00:00+05:30,1078.6740648260159,1080.1399577822676,1066.75817216171,1069.92626953125,435537
2023-11-15 00:00:00+05:30,1082.8353176584133,1114.847500249093,1081.4167561068957,1110.0244140625,2816201
2023-11-16 00:00:00+05:30,1111.206463659711,1148.9874372470108,1104.0191087705623,1141.658203125,2294942
2023-11-17 00:00:00+05:30,1146.3867198481576,1148.0417081673659,1132.9577179494258,1137.4498291015625,1176628
2023-11-20 00:00:00+05:30,1139.4832606030557,1156.1276934695509,1137.4499659063413,1146.0086669921875,1077366
2023-11-21 00:00:00+05:30,1153.7159953365042,1154.8509137761969,1135.227480142517,1139.1048583984375,1129326
2023-11-22 00:00:00+05:30,1139.5778244427265,1151.8720250383742,1138.6321167045999,1149.4132080078125,750622
2023-11-23 00:00:00+05:30,1149.0348491631746,1154.61454765097,1141.4218560430259,1145.157470703125,651637
2023-11-24 00:00:00+05:30,1146.2450362497798,1148.9874961592088,1130.2152218566262,1132.81591796875,884921
2023-11-28 00:00:00+05:30,1130.2151844923824,1143.360543858561,1121.6092680035179,1137.118896484375,910795
2023-11-29 00:00:00+05:30,1141.4693568232183,1167.5708699801498,1141.1383821695447,1155.3712158203125,1898448
2023-11-30 00:00:00+05:30,1155.654782402998,1161.6127869509482,1143.0768241096953,1154.6617431640625,2978406
2023-12-01 00:00:00+05:30,1160.1942424093409,1160.1942424093409,1145.7722001102366,1154.2835693359375,1017856
2023-12-04 00:00:00+05:30,1170.7861154422683,1181.3779953499118,1151.8719617194529,1157.45166015625,1581599
2023-12-05 00:00:00+05:30,1157.5461174469242,1159.673959574584,1143.2186240321168,1154.3306884765625,1499843
2023-12-06 00:00:00+05:30,1156.600397655118,1179.2973801111466,1152.4865926735274,1158.680908203125,2637916
2023-12-07 00:00:00+05:30,1159.4376101701412,1164.1661485476702,1153.8579117960903,1156.8369140625,1076885
2023-12-08 00:00:00+05:30,1163.2202920242948,1170.7386209053739,1151.1625207045308,1158.7755126953125,2642571
2023-12-11 00:00:00+05:30,1164.166256631319,1173.1504803827384,1158.775768557604,1166.3414306640625,1558876
2023-12-12 00:00:00+05:30,1170.7388721155496,1177.4061579824665,1152.486781663133,1159.57958984375,1114846
2023-12-13 00:00:00+05:30,1159.4374791902787,1166.9558081840833,1132.0592912543893,1150.074951171875,3025706
2023-12-14 00:00:00+05:30,1167.9490261110986,1200.8597007163028,1163.362366789432,1196.0364990234375,5287733
2023-12-15 00:00:00+05:30,1201.048816817048,1252.873646585974,1193.956008843719,1235.1888427734375,5900381
2023-12-18 00:00:00+05:30,1234.1485469309441,1260.675694059352,1216.6056229411138,1221.617919921875,2671348
2023-12-19 00:00:00+05:30,1229.4201228885966,1230.318499108954,1200.2922768768672,1211.877197265625,1717860
2023-12-20 00:00:00+05:30,1220.908700477126,1242.6599786420943,1170.9752852951935,1180.8106689453125,2860865
2023-12-21 00:00:00+05:30,1165.111840371361,1190.2204249915608,1159.4375943955265,1182.2291259765625,3337533
2023-12-22 00:00:00+05:30,1191.5916947961757,1211.3570086952504,1175.0418101462287,1205.919189453125,2297352
2023-12-26 00:00:00+05:30,1205.777384598802,1218.7808661974163,1192.111953750485,1212.3973388671875,1720830
2023-12-27 00:00:00+05:30,1217.976939570504,1221.3814641171075,1198.448052963534,1210.647705078125,1584695
2023-12-28 00:00:00+05:30,1215.2344363312095,1219.0172672614235,1201.5690057729473,1216.1328125,2284964
2023-12-29 00:00:00+05:30,1216.1326514822458,1221.806897126288,1199.2517937797845,1203.5548095703125,1187193
2024-01-01 00:00:00+05:30,1203.8858680477492,1233.0137105609938,1196.5566335800588,1226.7247314453125,1776828
2024-01-02 00:00:00+05:30,1227.5285906327438,1228.5688460108147,1203.7440189660463,1208.708984375,1615064
2024-01-03 00:00:00+05:30,1196.3201793948992,1204.8315482601595,1172.67748810251,1176.6494140625,2231707
2024-01-04 00:00:00+05:30,1182.2292027361289,1186.5794351781537,1164.8281575251915,1179.7703857421875,3355191
2024-01-05 00:00:00+05:30,1186.7686253204697,1202.7983247866782,1177.92628134324,1180.5269775390625,1756868
2024-01-08 00:00:00+05:30,1182.3237053622172,1186.1538676757561,1155.0873932134768,1162.2274169921875,1320667
2024-01-09 00:00:00+05:30,1173.1977114348845,1183.269405896946,1165.679266095025,1168.563720703125,994439
2024-01-10 00:00:00+05:30,1169.3675496310887,1178.7772948965999,1161.6127928102637,1173.5286865234375,808638
2024-01-11 00:00:00+05:30,1173.5286237987693,1193.293936398853,1173.5286237987693,1181.567138671875,930492
2024-01-12 00:00:00+05:30,1202.7510560836736,1240.5320311722799,1198.2116131086555,1237.032958984375,5023455
2024-01-15 00:00:00+05:30,1262.5197305099302,1325.4092901196009,1261.4321436085654,1265.02587890625,6012767
2024-01-16 00:00:00+05:30,1257.88572035836,1259.871683331924,1239.3498735337164,1248.71240234375,1883106
2024-01-17 00:00:00+05:30,1235.0942172116427,1262.0468858108247,1234.3849364590326,1254.7176513671875,2313059
2024-01-18 00:00:00+05:30,1254.6703524819893,1295.1466879955292,1235.0942493772627,1281.5758056640625,4533782
2024-01-19 00:00:00+05:30,1299.3077645015092,1321.9574165606687,1281.4338668131147,1314.4390869140625,4463826
2024-01-23 00:00:00+05:30,1320.6807670015276,1339.4058251275537,1283.0888869526118,1292.451416015625,2683661
2024-01-24 00:00:00+05:30,1298.4092656131475,1333.9206338760973,1291.411121391243,1331.509033203125,2008135
2024-01-25 00:00:00+05:30,1274.8138941411607,1282.7105298182323,1240.815750782405,1250.2728271484375,8424862
2024-01-29 00:00:00+05:30,1265.3569783290015,1265.3569783290015,1239.8228689008376,1242.990966796875,2495791
2024-01-30 00:00:00+05:30,1252.0695747236118,1268.1466044870565,1243.6055375841054,1246.30078125,2293154
2024-01-31 00:00:00+05:30,1246.53736237069,1263.4655541867603,1241.0523266855835,1261.2431640625,1798462
2024-02-01 00:00:00+05:30,1257.7912174479168,1263.7964381419024,1238.6406368815105,1241.2413330078125,2286420
2024-02-02 00:00:00+05:30,1251.643986319659,1280.4880676062094,1251.2184640843625,1265.4512939453125,1838847
2024-02-05 00:00:00+05:30,1272.7334997351857,1279.637096847083,1255.8998560893829,1260.3919677734375,953919
2024-02-06 00:00:00+05:30,1257.7912922547766,1288.432246071957,1255.9944244629876,1277.698486328125,2713529
2024-02-07 00:00:00+05:30,1278.1239569842,1284.9330062493793,1242.7072497843021,1246.4427490234375,2004588
2024-02-08 00:00:00+05:30,1254.0083275402187,1257.4601835062515,1231.3113442363233,1238.167724609375,2308756
2024-02-09 00:00:00+05:30,1245.4970317841828,1249.705384841248,1235.0469155985336,1239.8701171875,1085349
2024-02-12 00:00:00+05:30,1246.820912624562,1258.736805197522,1239.917201024487,1247.19921875,1149683
2024-02-13 00:00:00+05:30,1250.1782174820712,1262.3306534862634,1229.4199801482393,1256.3253173828125,1127361
2024-02-14 00:00:00+05:30,1238.8770220698098,1248.2867670145063,1213.011940918979,1222.7054443359375,3426103
2024-02-15 00:00:00+05:30,1233.8647819420244,1236.985663508744,1221.4288181226368,1229.7509765625,1703763
2024-02-16 00:00:00+05:30,1234.2430282052362,1238.1204064731219,1227.5285269936057,1231.83154296875,1994659
2024-02-19 00:00:00+05:30,1232.2097897967083,1246.4427367232229,1217.551320586382,1238.8770751953125,1496111
2024-02-20 00:00:00+05:30,1238.8769864445617,1251.7859185903544,1231.3113254586406,1248.854248046875,2113200
2024-02-21 00:00:00+05:30,1248.334173276769,1253.0627118119082,1222.0434528442604,1226.20458984375,1769508
2024-02-22 00:00:00+05:30,1236.0398550707987,1258.263984064038,1228.805168714222,1255.9942626953125,2201424
2024-02-23 00:00:00+05:30,1266.20796919428,1269.6598251331593,1244.834999839803,1250.4619140625,1660506
2024-02-26 00:00:00+05:30,1250.4618749943584,1252.9680232247154,1224.6913428759267,1227.764892578125,1196507
2024-02-27 00:00:00+05:30,1224.691531002119,1234.1959400260282,1214.0049872957752,1225.6845703125,1488661
2024-02-28 00:00:00+05:30,1231.3114102636277,1235.1415725786776,1201.9944719240175,1216.0382080078125,1289779
2024-02-29 00:00:00+05:30,1210.5058225484672,1215.4234562754377,1195.6109266850779,1204.689697265625,2251498
2024-03-01 00:00:00+05:30,1217.1258094908464,1217.1258094908464,1199.1573631968868,1202.7510986328125,1560034
2024-03-04 00:00:00+05:30,1206.3447540035452,1215.7072835935332,1201.143361502756,1210.55322265625,1843831
2024-03-05 00:00:00+05:30,1205.6826852766026,1210.4112234450395,1190.7404584872113,1203.4129638671875,1420379
2024-03-06 00:00:00+05:30,1198.6845298304884,1205.1626045954429,1182.22919248626,1201.9945068359375,2064350
2024-03-07 00:00:00+05:30,1205.7772997457955,1222.8945857751887,1196.8404082895186,1218.21337890625,2073691
2024-03-11 00:00:00+05:30,1218.2133834664562,1225.9209242253871,1206.2501581042566,1219.0172119140625,1577732
2024-03-12 00:00:00+05:30,1224.6914260415272,1236.6546510910393,1208.330637261678,1222.1380615234375,1963068
2024-03-13 00:00:00+05:30,1222.1380662352008,1228.8525675932897,1197.5496668530836,1207.8577880859375,2001399
2024-03-14 00:00:00+05:30,1202.9402660072942,1227.0084822278664,1189.7476889841148,1223.131103515625,2129097
2024-03-15 00:00:00+05:30,1222.7998694184628,1222.7998694184628,1199.6300343057387,1212.586181640625,2499025
2024-03-18 00:00:00+05:30,1212.3971526103805,1217.5512128932564,1199.2045776651114,1203.5548095703125,630807
2024-03-19 00:00:00+05:30,1201.0487626179129,1203.5549110772963,1181.0943535086542,1184.262451171875,1243420
2024-03-20 00:00:00+05:30,1184.0259530955727,1202.9401057009334,1179.2974149442327,1195.658203125,1139621
2024-03-21 00:00:00+05:30,1205.777211283132,1217.5512249338258,1201.6634062390838,1213.1064453125,1420041
2024-03-22 00:00:00+05:30,1190.1730685139617,1210.4112351593,1168.9891942257832,1194.0977783203125,2990908
2024-03-26 00:00:00+05:30,1193.7194040562943,1202.5617469237027,1183.080193681461,1186.248291015625,2144358
2024-03-27 00:00:00+05:30,1189.7001973492693,1194.5706147274598,1178.8718911737374,1185.728271484375,2128854
2024-03-28 00:00:00+05:30,1191.591590146546,1196.2727966449922,1174.5688531444525,1180.337646484375,2436133
2024-04-01 00:00:00+05:30,1184.1206148510275,1192.679315906649,1174.5689899536594,1176.9805908203125,1397037
2024-04-02 00:00:00+05:30,1176.4602938886085,1183.978623383837,1168.0434728775283,1169.6512451171875,1320357
2024-04-03 00:00:00+05:30,1172.6776311931244,1194.4289098362226,1172.6776311931244,1187.005126953125,1819093
2024-04-04 00:00:00+05:30,1191.5917567971956,1219.0172813584009,1179.2030084460466,1209.796630859375,2460669
2024-04-05 00:00:00+05:30,1205.7771919248855,1206.675567969191,1191.7806732454128,1194.8070068359375,1184658
2024-04-08 00:00:00+05:30,1201.0486950687223,1201.0486950687223,1187.903335868775,1196.4620361328125,686932
2024-04-09 00:00:00+05:30,1196.414767250262,1211.4515425057618,1175.2782236136109,1183.4586181640625,1198161
2024-04-10 00:00:00+05:30,1192.017200329119,1204.3114001820138,1184.0260166018702,1197.5496826171875,1994380
2024-04-12 00:00:00+05:30,1196.2729732366727,1200.8124166177984,1170.7861955289106,1174.66357421875,2887322
2024-04-15 00:00:00+05:30,1167.94892578125,1173.2921969918104,1145.251942608173,1152.5811767578125,2153147
2024-04-16 00:00:00+05:30,1139.577784041109,1147.2853249221532,1126.337876176731,1130.8773193359375,2085459
2024-04-18 00:00:00+05:30,1134.4237325411364,1142.2730372880403,1112.199601300626,1115.6041259765625,3242357
2024-04-19 00:00:00+05:30,1099.9054811924025,1139.4359971841122,1099.8108180599993,1128.8441162109375,2572144
2024-04-22 00:00:00+05:30,1131.1608826639215,1150.6424369171345,1130.2151750259711,1142.462158203125,1364143
2024-04-23 00:00:00+05:30,1151.872005425302,1151.872005425302,1133.714463339575,1135.085693359375,1460983
2024-04-24 00:00:00+05:30,1142.3675576196993,1142.3675576196993,1117.3536354037483,1121.3255615234375,1375843
2024-04-25 00:00:00+05:30,1120.6634848873,1128.749330892096,1109.125898561791,1125.67578125,3357065
2024-04-26 00:00:00+05:30,1182.134633889296,1273.8682814791055,1173.6232645252933,1209.32373046875,20431926
2024-04-29 00:00:00+05:30,1219.9630036857027,1239.8228665364002,1215.2344649117272,1218.3553466796875,4120529
2024-04-30 00:00:00+05:30,1218.355207137973,1221.0031192824215,1191.6389661248984,1194.901611328125,2613213
2024-05-02 00:00:00+05:30,1194.6179995127522,1205.1626641540772,1185.444680392872,1198.1171875,2124221
2024-05-03 00:00:00+05:30,1201.0488128980135,1202.9402283513962,1175.5620358408166,1182.5601806640625,2322455
2024-05-06 00:00:00+05:30,1189.700224905303,1196.9821276405492,1177.5005731193776,1193.719482421875,1363667
2024-05-07 00:00:00+05:30,1199.1573994474747,1224.5024127422694,1188.6600667522355,1222.2799072265625,2350444
2024-05-08 00:00:00+05:30,1223.745685900471,1229.4199317392677,1210.8367535286434,1217.125732421875,1332284
2024-05-09 00:00:00+05:30,1212.3971610740457,1216.0854438569854,1192.9156073153988,1200.197509765625,2420777
2024-05-10 00:00:00+05:30,1197.2659168089485,1204.0749658932887,1180.4796055740678,1195.7528076171875,1322206
2024-05-13 00:00:00+05:30,1195.752785414712,1197.5968691699877,1182.1819036160744,1193.5303955078125,593453
2024-05-14 00:00:00+05:30,1195.3271524044214,1214.2886371919099,1186.011955028548,1206.2501220703125,1386032
2024-05-15 00:00:00+05:30,1205.7771750832128,1213.2955042330739,1196.320099200207,1205.3043212890625,1008105
2024-05-16 00:00:00+05:30,1217.1257040077367,1241.3357959328455,1211.7352167638533,1236.938232421875,4868225
2024-05-17 00:00:00+05:30,1238.0258053675827,1248.33404137355,1227.3393786730333,1234.5267333984375,1925387
2024-05-21 00:00:00+05:30,1236.0399775425299,1254.9541317512908,1233.2974020936922,1252.0224609375,1453689
2024-05-22 00:00:00+05:30,1257.7911274593328,1262.8979716669053,1239.8700143392034,1258.16943359375,1411627
2024-05-23 00:00:00+05:30,1263.4654716705609,1270.9838016160181,1253.157234778694,1264.884033203125,1440740
2024-05-24 00:00:00+05:30,1264.884031817799,1271.9768394728521,1246.442731914661,1249.9891357421875,1288301
2024-05-27 00:00:00+05:30,1251.1711296034794,1269.8961858835166,1246.679018593943,1257.50732421875,980450
2024-05-28 00:00:00+05:30,1256.8455556649824,1258.1222379941335,1240.1065752542538,1243.7001953125,1608944
2024-05-29 00:00:00+05:30,1242.6598834114368,1242.6598834114368,1214.3832008753805,1216.6055908203125,1405567
2024-05-30 00:00:00+05:30,1210.5531326667806,1217.835035449432,1168.279931128057,1173.4813232421875,2610479
2024-05-31 00:00:00+05:30,1178.3044004785027,1187.099527801665,1157.5934952953373,1161.7545166015625,4649449
2024-06-03 00:00:00+05:30,1186.8630399198894,1193.293897787421,1169.4147808487937,1177.7369384765625,1091287
2024-06-04 00:00:00+05:30,1177.7369647810367,1185.6336003416154,1128.843926867061,1172.0155029296875,2471911
2024-06-05 00:00:00+05:30,1191.591780849636,1215.187143348847,1169.6040753696725,1198.1171875,2709585
2024-06-06 00:00:00+05:30,1215.2344376444862,1251.7387330719318,1205.0207479447356,1245.922607421875,3205121
2024-06-07 00:00:00+05:30,1257.7911041612633,1306.0221916140636,1254.953981369922,1302.8067626953125,5790599
2024-06-10 00:00:00+05:30,1302.8069590037485,1303.185265188162,1262.6617116342677,1267.579345703125,2532308
2024-06-11 00:00:00+05:30,1275.6651107065502,1286.0205636097176,1268.335876197662,1276.1851806640625,1465705
2024-06-12 00:00:00+05:30,1290.701854511775,1306.0222723550282,1283.4671678580276,1296.1868896484375,2786009
2024-06-13 00:00:00+05:30,1305.076490484764,1321.011640486539,1300.678927047827,1313.54052734375,1953367
2024-06-14 00:00:00+05:30,1319.2621842010774,1319.9714649452715,1290.0397944517133,1296.99072265625,1733356
2024-06-18 00:00:00+05:30,1305.5020343947078,1315.9048181871597,1295.7613152001975,1296.8961181640625,950760
2024-06-19 00:00:00+05:30,1302.23935290848,1311.6490972625347,1287.1080314513008,1306.1640625,1313197
2024-06-20 00:00:00+05:30,1310.750830662598,1323.0450303729974,1296.9907378865184,1317.46533203125,1987190
2024-06-21 00:00:00+05:30,1331.5563924186297,1362.1027961775244,1310.7981553474742,1323.8016357421875,6836535
2024-06-24 00:00:00+05:30,1314.533655161675,1332.5021008077697,1306.0222861714194,1325.598388671875,1111433
2024-06-25 00:00:00+05:30,1322.8558202931436,1354.2532660381282,1319.0256583845526,1350.2340087890625,2201375
2024-06-26 00:00:00+05:30,1355.0098781821914,1356.9012933580777,1333.4476989999573,1336.3321533203125,1565878
2024-06-27 00:00:00+05:30,1328.1045999564328,1365.4128383958625,1316.4251328220457,1354.4898681640625,4286657
2024-06-28 00:00:00+05:30,1362.7646803346845,1374.113171773974,1349.193799077099,1352.69287109375,2222285
2024-07-01 00:00:00+05:30,1352.6929734121838,1398.2288218452543,1346.8296319021745,1392.17626953125,3837301
2024-07-02 00:00:00+05:30,1399.6472925499174,1416.6700298917408,1390.1902162489046,1392.2235107421875,2092643
2024-07-03 00:00:00+05:30,1399.600015748926,1404.3758856449178,1381.6789016344949,1399.458251953125,896602
2024-07-04 00:00:00+05:30,1401.5388416827172,1410.9959188870541,1374.3970762834053,1379.929443359375,1322999
2024-07-05 00:00:00+05:30,1387.3531591473297,1390.1902821721708,1371.2287971123499,1382.0098876953125,1334838
2024-07-08 00:00:00+05:30,1382.0099809297046,1398.6544140430883,1380.8751778203437,1387.920654296875,807698
2024-07-09 00:00:00+05:30,1386.4074474258591,1389.6228765998605,1376.0046630318043,1386.1710205078125,1049695
2024-07-10 00:00:00+05:30,1392.1761869265977,1392.8382515370463,1363.2375563731114,1383.9012451171875,802718
2024-07-11 00:00:00+05:30,1395.8645810132439,1395.8645810132439,1363.0012380659468,1381.3006591796875,1408434
2024-07-12 00:00:00+05:30,1394.9189597684228,1429.7210518570705,1381.7263825633433,1423.3375244140625,4372156
2024-07-15 00:00:00+05:30,1437.5702863065915,1444.5685465437177,1410.9959223850913,1417.6632080078125,2374623
2024-07-16 00:00:00+05:30,1421.7295162050827,1436.5298634297073,1408.2531827265618,1433.8818359375,1794159
2024-07-18 00:00:00+05:30,1425.1815250244738,1461.7803673798192,1423.2901095964387,1455.775146484375,2752497
2024-07-19 00:00:00+05:30,1481.4451312615975,1483.3233794213972,1431.8388736153217,1436.5587158203125,2504915
2024-07-22 00:00:00+05:30,1425.5296965768678,1450.4773334311253,1421.8212910834902,1440.55615234375,2225781
2024-07-23 00:00:00+05:30,1436.1733360808826,1447.4430596935554,1406.3132600121319,1438.485107421875,1640492
2024-07-24 00:00:00+05:30,1438.485136861857,1483.37155119334,1419.2205712619436,1476.91796875,2561617
2024-07-25 00:00:00+05:30,1468.9231164470996,1490.6439610376856,1449.5622516745057,1473.7392578125,3283912
2024-07-26 00:00:00+05:30,1473.7392294921046,1487.85054693787,1391.142406662727,1484.479248046875,7133745
2024-07-29 00:00:00+05:30,1488.8139589909106,1497.5311052219822,1454.5230524112199,1469.2603759765625,1755979
2024-07-30 00:00:00+05:30,1464.1070894828815,1494.8821881798383,1464.1070894828815,1481.493408203125,1622543
2024-07-31 00:00:00+05:30,1481.445218867025,1504.3218924353553,1478.5555337847097,1497.2421875,2398955
2024-08-01 00:00:00+05:30,1497.2420286357674,1511.305137694558,1481.0597468591804,1487.6578369140625,1315921
2024-08-02 00:00:00+05:30,1469.4047883107855,1477.1588232463362,1447.0579385300384,1452.25927734375,2894949
2024-08-05 00:00:00+05:30,1415.9455749207132,1429.671577942904,1374.285951713012,1402.7974853515625,2186582
2024-08-06 00:00:00+05:30,1411.6110949272354,1447.7321567216889,1411.6110949272354,1428.8529052734375,1665788
2024-08-07 00:00:00+05:30,1445.6129736543437,1459.53157453595,1416.9087253868224,1419.4613037109375,3002937
2024-08-08 00:00:00+05:30,1415.9456306160293,1433.4282481430132,1408.2398040548537,1412.526123046875,2333194
2024-08-09 00:00:00+05:30,1430.3458051570428,1453.752299685017,1426.1076947375523,1451.2960205078125,1521252
2024-08-12 00:00:00+05:30,1451.2960412938141,1468.4415521694216,1434.6322621526797,1456.8828125,1809860
2024-08-13 00:00:00+05:30,1452.837151299786,1467.622680757351,1440.1706768644822,1448.1173095703125,580901
2024-08-14 00:00:00+05:30,1456.4011606448971,1473.2094471130952,1449.6585626789483,1468.34521484375,2833790
2024-08-16 00:00:00+05:30,1501.094994786326,1530.5697570251837,1474.9915315717526,1527.005859375,3224481
2024-08-19 00:00:00+05:30,1529.4620852629396,1543.766002493779,1517.9033452652377,1536.0120849609375,1640507
2024-08-20 00:00:00+05:30,1542.1285448530452,1573.5779731098064,1536.589981996765,1568.713623046875,2442281
2024-08-21 00:00:00+05:30,1556.5769045999964,1568.1356439905903,1543.0917086443033,1545.644287109375,1935929
2024-08-22 00:00:00+05:30,1546.0296185307952,1561.0559563835154,1537.312355447537,1552.0015869140625,1562554
2024-08-23 00:00:00+05:30,1553.735463685775,1557.4919600082528,1534.4708975947901,1539.6241455078125,1020913
2024-08-26 00:00:00+05:30,1550.7976312189787,1582.5841665172559,1549.8344028766066,1579.8389892578125,1510157
2024-08-27 00:00:00+05:30,1583.5473708484278,1584.5105991761943,1562.4526469540208,1564.8607177734375,1083351
2024-08-28 00:00:00+05:30,1560.4298171266898,1603.7750898246534,1556.7695026217864,1567.509521484375,3033590
2024-08-29 00:00:00+05:30,1560.4779869479664,1595.3468028670572,1560.4779869479664,1586.7740478515625,2194339
2024-08-30 00:00:00+05:30,1586.437017313173,1602.5710914115311,1571.1216637572218,1576.3231201171875,1926984
2024-09-02 00:00:00+05:30,1576.3230630637174,1600.8853839363878,1575.4080432403073,1586.099853515625,1582818
2024-09-03 00:00:00+05:30,1578.7311140904158,1598.2364863053829,1572.0848155971491,1583.6435546875,1739553
2024-09-04 00:00:00+05:30,1560.1890305808643,1589.3266865000314,1549.7380270980736,1584.799560546875,1643875
2024-09-05 00:00:00+05:30,1592.2163503634636,1596.9361924622235,1572.8554854089348,1579.2127685546875,1080904
2024-09-06 00:00:00+05:30,1579.2127622565888,1590.482486079952,1554.6022327136463,1563.560302734375,1672937
2024-09-09 00:00:00+05:30,1563.5121733407727,1571.3144168546742,1516.8438079306438,1521.130126953125,2965098
2024-09-10 00:00:00+05:30,1533.4594733631327,1554.3614807098847,1520.4558911455433,1548.293212890625,2541973
2024-09-11 00:00:00+05:30,1552.723924646679,1567.1723482631182,1539.3350285791307,1543.6695556640625,1395340
2024-09-12 00:00:00+05:30,1560.3334728768023,1588.9413050009148,1546.9445766238305,1582.8248291015625,2356422
2024-09-13 00:00:00+05:30,1589.2304192259398,1598.8627023686129,1577.7679787698426,1595.154296875,1373924
2024-09-16 00:00:00+05:30,1590.3862813790506,1608.5913204380495,1585.955454551646,1588.363525390625,1060407
2024-09-17 00:00:00+05:30,1588.363423018356,1610.517673309091,1580.75389614131,1590.8197021484375,1499644
2024-09-18 00:00:00+05:30,1587.5447080553508,1587.5447080553508,1530.56973196161,1546.36669921875,2930297
2024-09-19 00:00:00+05:30,1560.4297569833961,1575.2152870286218,1528.691433341579,1536.6861572265625,3032379
2024-09-20 00:00:00+05:30,1548.871136108413,1569.3879463245714,1524.2125146717597,1562.404541015625,3984683
2024-09-23 00:00:00+05:30,1565.197884581407,1571.025463221947,1535.8676279015292,1548.052490234375,1535902
2024-09-24 00:00:00+05:30,1542.6583060128821,1583.0656855134355,1539.3350978825413,1576.9010009765625,1781972
2024-09-25 00:00:00+05:30,1576.9009539829906,1582.6803235175307,1531.581135098582,1543.8140869140625,2505756
2024-09-26 00:00:00+05:30,1550.7975123923836,1560.2852873214506,1537.31231663245,1547.859619140625,2173853
2024-09-27 00:00:00+05:30,1565.2460415614805,1603.5825762582044,1545.548069178771,1550.0751953125,3539822
2024-09-30 00:00:00+05:30,1546.9446350900923,1546.9446350900923,1510.1974522782054,1519.20361328125,3460691
2024-10-01 00:00:00+05:30,1521.9006393933826,1582.4877200095984,1521.9006393933826,1565.6312255859375,5176596
2024-10-03 00:00:00+05:30,1555.613709133786,1571.16986974144,1537.4568791410172,1545.06640625,2332279
2024-10-04 00:00:00+05:30,1532.4962621841876,1587.7855914512095,1532.4962621841876,1557.0103759765625,2927576
2024-10-07 00:00:00+05:30,1565.197770144653,1572.0367851009953,1541.3578698553288,1559.033203125,1619326
2024-10-08 00:00:00+05:30,1565.2459779401236,1574.8782608812937,1544.632868929704,1569.1951904296875,1311331
2024-10-09 00:00:00+05:30,1578.7311338159334,1608.3986115511452,1572.0367443750918,1597.8031005859375,2177241
2024-10-10 00:00:00+05:30,1611.4808597482383,1614.3223360486977,1552.0978147116134,1560.1407470703125,1518162
2024-10-11 00:00:00+05:30,1544.0548567462808,1589.3265836752112,1544.0548567462808,1586.485107421875,1019027
2024-10-14 00:00:00+05:30,1587.4003750461595,1634.598565809061,1587.4003750461595,1630.2640380859375,2070051
2024-10-15 00:00:00+05:30,1637.4881079170507,1640.8111985151918,1602.3302750117728,1613.7445068359375,2503380
2024-10-16 00:00:00+05:30,1608.591314664068,1615.7673187058342,1592.0238343839937,1599.248046875,1070524
2024-10-17 00:00:00+05:30,1599.6332109557522,1647.024114462507,1595.1060849212772,1636.52490234375,3771316
2024-10-18 00:00:00+05:30,1632.6720275438179,1639.799940737907,1585.0885242866962,1625.8331298828125,3119646
2024-10-21 00:00:00+05:30,1680.8333670583795,1697.0637402383009,1627.904019523757,1638.6439208984375,5898020
2024-10-22 00:00:00+05:30,1640.7631294805826,1663.4470856696043,1629.2524806081205,1634.1650390625,2484594
2024-10-23 00:00:00+05:30,1634.1651079268026,1684.6863879661078,1623.6176869214594,1672.1162109375,4198781
2024-10-24 00:00:00+05:30,1671.2492491608134,1683.7230081669488,1664.5066513020213,1671.9234619140625,1570443
2024-10-25 00:00:00+05:30,1671.9234826711995,1678.328974232892,1647.457460906376,1653.3331298828125,1743714
2024-10-28 00:00:00+05:30,1647.1203395068146,1664.4102398976622,1630.9380575597313,1639.9443359375,1271473
2024-10-29 00:00:00+05:30,1646.1571097027247,1660.701833030477,1618.5605963133944,1636.043212890625,1499121
2024-10-30 00:00:00+05:30,1641.4373002896964,1649.1913350323437,1620.3907857359682,1622.991455078125,1305424
2024-10-31 00:00:00+05:30,1619.7356996690896,1622.8457878413305,1550.683674879492,1563.415283203125,3638913
2024-11-01 00:00:00+05:30,1573.474124237912,1573.474124237912,1553.8421906493916,1558.5557861328125,249236
2024-11-04 00:00:00+05:30,1568.6148318854744,1594.1266902107493,1562.8321914535059,1592.3287353515625,2746587
2024-11-05 00:00:00+05:30,1592.2315037326264,1607.4899766117576,1578.1392397296818,1586.7403564453125,1376651
2024-11-06 00:00:00+05:30,1603.553782336422,1650.0097060689966,1589.0242199515885,1645.9278564453125,3164061
2024-11-07 00:00:00+05:30,1647.337073101411,1667.2606188232864,1598.111313236646,1604.5743408203125,1285140
2024-11-08 00:00:00+05:30,1613.3213021211056,1639.0274886666773,1603.6511405664967,1634.0709228515625,1883257
2024-11-11 00:00:00+05:30,1625.7613145021517,1667.21191186813,1619.201122875796,1656.229736328125,1587351
2024-11-12 00:00:00+05:30,1661.9152578773342,1662.4011980112164,1636.6463709154564,1639.56201171875,1414446
2024-11-13 00:00:00+05:30,1632.758840827406,1641.5057631889813,1616.8686222647561,1628.4825439453125,1063556
2024-11-14 00:00:00+05:30,1616.2369067563657,1644.4214348958333,1616.2369067563657,1640.0479736328125,1919974
2024-11-18 00:00:00+05:30,1637.3752392454574,1640.5338500349203,1587.3234067355056,1614.0987548828125,1617013
2024-11-19 00:00:00+05:30,1618.083603462662,1675.9104837523128,1617.3060517347653,1651.8564453125,1982317
2024-11-21 00:00:00+05:30,1663.859011281025,1676.4934547078085,1637.4239155662306,1654.3831787109375,2212146
2024-11-22 00:00:00+05:30,1666.5316963509188,1700.6446701693226,1654.383192951364,1698.3121337890625,2344087
2024-11-25 00:00:00+05:30,1710.509304321096,1718.0900180112476,1679.2633293810936,1683.8797607421875,3913302
2024-11-26 00:00:00+05:30,1683.87983064972,1712.453135987963,1682.3734873256747,1696.3199462890625,1291712
2024-11-27 00:00:00+05:30,1692.0435363951985,1717.31242321098,1686.746836421597,1707.3992919921875,2088228
2024-11-28 00:00:00+05:30,1707.5937427840581,1710.5093837791362,1658.8053975881794,1665.171142578125,1787990
2024-11-29 00:00:00+05:30,1659.9715021470488,1681.3528680997624,1652.6824001177145,1664.150634765625,1556942
2024-12-02 00:00:00+05:30,1661.9153206269364,1698.846772196424,1657.930635106196,1696.8543701171875,1370756
2024-12-03 00:00:00+05:30,1710.5093084631321,1711.4811887520318,1688.7391662642372,1700.3045654296875,1824151
2024-12-04 00:00:00+05:30,1693.1125788322265,1724.6986873123326,1691.654758440837,1710.1204833984375,1811165
2024-12-05 00:00:00+05:30,1710.1205141291782,1743.5045779643617,1705.7470528764188,1736.701416015625,2762694
2024-12-06 00:00:00+05:30,1746.4688654294666,1746.4688654294666,1725.6706036828944,1732.668212890625,1180840
2024-12-09 00:00:00+05:30,1729.0722722881412,1750.113505171295,1721.3943939495414,1727.857421875,1069659
2024-12-10 00:00:00+05:30,1716.5349826778015,1727.0313376436163,1703.9978213946283,1713.9595947265625,1625591
2024-12-11 00:00:00+05:30,1715.3686799634759,1719.9851112551623,1700.8391173531543,1713.2305908203125,1285654
2024-12-12 00:00:00+05:30,1718.3329074590067,1756.867864102321,1711.5297457723873,1739.27685546875,3018243
2024-12-13 00:00:00+05:30,1730.9187622896786,1753.855112952945,1711.4811568737362,1745.8857421875,1503188
2024-12-16 00:00:00+05:30,1743.0672737995337,1743.0672737995337,1716.3405662280327,1725.6220703125,1075193
2024-12-17 00:00:00+05:30,1727.468581767165,1738.8396523938952,1711.4811983799236,1720.95703125,1160899
2024-12-18 00:00:00+05:30,1712.5016490643682,1737.6732527335012,1711.0438286833269,1728.8778076171875,1337600
2024-12-19 00:00:00+05:30,1691.0230883641789,1719.1590943621682,1686.212328311984,1705.0181884765625,2402819
2024-12-20 00:00:00+05:30,1720.228096015949,1721.0541705266028,1632.8560350952766,1638.6387939453125,2921154
2024-12-23 00:00:00+05:30,1643.3523768708812,1676.4934704431093,1638.4443340385506,1664.247802734375,1301223
2024-12-24 00:00:00+05:30,1669.301572537413,1676.8336448307605,1648.017370329311,1656.958740234375,711026
2024-12-26 00:00:00+05:30,1659.096801474114,1666.4345450397282,1643.1094183307832,1650.9329833984375,659638
2024-12-27 00:00:00+05:30,1657.007251777526,1668.2325165739696,1650.9329999694357,1663.5189208984375,647945
2024-12-30 00:00:00+05:30,1666.7746244086075,1723.7267831827207,1646.1708106173637,1691.897705078125,6781500
2024-12-31 00:00:00+05:30,1680.3810868994412,1680.3810868994412,1635.1400101816698,1658.22216796875,1459630
2025-01-01 00:00:00+05:30,1652.7794995960635,1669.3014635479046,1643.6924431500954,1655.9381103515625,721479
2025-01-02 00:00:00+05:30,1660.9434675787545,1686.8926246785775,1648.3090234134393,1678.388671875,1238954
2025-01-03 00:00:00+05:30,1664.053391922756,1681.20710283931,1634.0709085805636,1641.943115234375,2448088
2025-01-06 00:00:00+05:30,1656.812857033756,1663.1787201295979,1627.8994195814878,1638.8817138671875,945693
2025-01-07 00:00:00+05:30,1645.3932747268257,1657.0558378081735,1614.7790466382876,1624.15771484375,1305847
2025-01-08 00:00:00+05:30,1621.0476700446734,1622.9914306100377,1588.0523819027048,1616.9658203125,673344
2025-01-09 00:00:00+05:30,1616.9171835254429,1622.5541366364146,1592.134236245282,1596.60498046875,774065
2025-01-10 00:00:00+05:30,1606.6153216546477,1665.8028564424906,1590.287803579275,1657.6390380859375,2208899
2025-01-13 00:00:00+05:30,1650.3013043935111,1653.168303673186,1603.5052466731006,1612.9810791015625,1401093
2025-01-14 00:00:00+05:30,1622.9428710592624,1623.4773340200074,1575.7095141171142,1601.1727294921875,2480288
2025-01-15 00:00:00+05:30,1611.377429078745,1631.786914006763,1603.74819296415,1628.8226318359375,1079742
2025-01-16 00:00:00+05:30,1647.337144288894,1674.403987504383,1623.963375110999,1640.19384765625,2334315
2025-01-17 00:00:00+05:30,1637.375340999875,1652.0993513225533,1603.9912763087566,1613.6129150390625,2502285
2025-01-20 00:00:00+05:30,1616.236954327435,1639.707887524018,1579.3055025749138,1627.5107421875,4856268
2025-01-21 00:00:00+05:30,1627.5105987335717,1655.6466023897806,1590.093210124499,1594.3695068359375,2500061
2025-01-22 00:00:00+05:30,1596.507596997745,1641.2627287817152,1589.2671367818207,1636.59765625,2478559
2025-01-23 00:00:00+05:30,1624.0118591442267,1680.8668524176783,1624.0118591442267,1665.2196044921875,2255334
2025-01-24 00:00:00+05:30,1670.662226024578,1687.572966874188,1657.396036278861,1674.598388671875,1257165
2025-01-27 00:00:00+05:30,1661.9152823629695,1665.7056391906415,1598.743064027535,1607.392822265625,1174799
2025-01-28 00:00:00+05:30,1609.3850454367646,1617.8404747571208,1591.9398424812694,1601.998779296875,1820874
2025-01-29 00:00:00+05:30,1617.1601746037381,1637.6183023342828,1607.5386545625233,1633.8765869140625,1146508
2025-01-30 00:00:00+05:30,1637.618246708922,1656.9586877121396,1610.4055992858657,1623.13720703125,868832
2025-01-31 00:00:00+05:30,1627.8994497668384,1647.3370551371886,1618.4236171487926,1627.3648681640625,1065425
2025-02-01 00:00:00+05:30,1627.4135726407692,1638.4930318583754,1590.6764496133733,1600.103759765625,410470
2025-02-03 00:00:00+05:30,1584.164892084293,1617.2574638188153,1560.013690309818,1608.1702880859375,1415698
2025-02-04 00:00:00+05:30,1615.993980970997,1629.7946338796314,1598.7917469867957,1612.3980712890625,1467006
2025-02-05 00:00:00+05:30,1616.0911677566046,1624.0120160988768,1598.1600232924739,1614.293212890625,1449280
2025-02-06 00:00:00+05:30,1623.0401430451177,1637.3267363701214,1603.6025365415833,1622.6513671875,1288106
2025-02-07 00:00:00+05:30,1627.899426065363,1647.9201355777857,1611.2802974432261,1644.5185546875,1582031
2025-02-10 00:00:00+05:30,1635.6745887414972,1655.8411055070267,1626.150114091117,1651.2733154296875,1235699
2025-02-11 00:00:00+05:30,1658.0276877501187,1660.943328467147,1616.4311660654243,1622.165283203125,1800036
2025-02-12 00:00:00+05:30,1632.7589184636838,1642.4777215497772,1621.8739064623524,1632.9532470703125,1889477
2025-02-13 00:00:00+05:30,1627.8994285072242,1641.943050748808,1594.4182011491364,1628.1910400390625,1555491
2025-02-14 00:00:00+05:30,1637.6182559388706,1646.3651783741523,1605.5948484781245,1612.446533203125,961944
2025-02-17 00:00:00+05:30,1609.3365130191273,1621.0475987275872,1585.1366713174532,1618.1319580078125,1114005
2025-02-18 00:00:00+05:30,1621.0963371746702,1660.8947879253944,1617.2574574524008,1657.055908203125,2654136
2025-02-19 00:00:00+05:30,1646.41376391309,1664.247742544982,1627.9480393992314,1638.395751953125,1113961
2025-02-20 00:00:00+05:30,1632.7588612621932,1646.0250507374942,1608.4618543981724,1611.231689453125,1485087
2025-02-21 00:00:00+05:30,1611.1344670541143,1618.1319573235244,1596.021681874584,1603.116455078125,1479239
2025-02-24 00:00:00+05:30,1584.1649390329235,1597.722622191025,1559.139020517526,1568.3232421875,1672609
2025-02-25 00:00:00+05:30,1562.8321470316007,1568.6147872992037,1544.317780060988,1549.1285400390625,1425126
2025-02-27 00:00:00+05:30,1530.7114533734064,1550.829327876936,1525.7548876328863,1543.5888671875,2208643
2025-02-28 00:00:00+05:30,1525.8520755727525,1528.6705521787455,1436.8278635535064,1446.0120849609375,4155992
2025-03-03 00:00:00+05:30,1457.8204385455854,1488.4346677550427,1434.6896401322365,1451.06591796875,2851006
2025-03-04 00:00:00+05:30,1433.5233437480315,1457.2857679910026,1392.753015426694,1446.4007568359375,2386196
2025-03-05 00:00:00+05:30,1446.400910071059,1505.4426404838368,1445.6719998190492,1494.84912109375,1967418
2025-03-06 00:00:00+05:30,1497.6674913216364,1507.1919653925304,1458.7436391764534,1461.17333984375,2246380
2025-03-07 00:00:00+05:30,1459.7156477722976,1464.8180196221888,1440.3266821978073,1450.3856201171875,893696
2025-03-10 00:00:00+05:30,1450.3855026378278,1457.820410458713,1440.812505670028,1445.0401611328125,798491
2025-03-11 00:00:00+05:30,1423.318753184416,1445.5748366237578,1412.7252337861894,1437.6053466796875,1769157
2025-03-12 00:00:00+05:30,1439.3547096834864,1447.1297520045314,1369.185000191146,1397.85546875,2665932
2025-03-13 00:00:00+05:30,1401.4512968143433,1415.3005901427791,1382.0136921428543,1400.1392822265625,995812
2025-03-17 00:00:00+05:30,1402.3745713368885,1407.2826140966672,1385.1236967511043,1399.604736328125,1747569
2025-03-18 00:00:00+05:30,1399.604736328125,1399.604736328125,1399.604736328125,1399.604736328125,0
2025-03-19 00:00:00+05:30,1390.4204933836977,1391.5381793906993,1355.18983457474,1356.890625,5557840
2025-03-20 00:00:00+05:30,1363.693925997395,1381.0419663795412,1360.6811206638752,1370.8858642578125,2863413
2025-03-21 00:00:00+05:30,1350.9622601253545,1390.8578753065974,1343.1872177158282,1369.622314453125,4056023
2025-03-24 00:00:00+05:30,1376.036655724849,1426.38010113568,1373.8499251186634,1417.6331787109375,3072831
2025-03-25 00:00:00+05:30,1432.5514392806917,1442.1730771526586,1408.6917325078682,1414.5716552734375,2056315
2025-03-26 00:00:00+05:30,1422.832637927037,1422.832637927037,1369.8651660916385,1376.4739990234375,2231144
2025-03-27 00:00:00+05:30,1367.5813569061088,1389.7887975307144,1366.4636708588703,1383.8603515625,2541022
2025-03-28 00:00:00+05:30,1375.307815962308,1389.7888564458287,1368.9420710542352,1378.3692626953125,1642693
2025-04-01 00:00:00+05:30,1362.5760568949229,1377.1056186057253,1346.4428691071635,1355.918701171875,1578367
2025-04-02 00:00:00+05:30,1357.862578380612,1385.9499426438729,1357.862578380612,1383.0343017578125,1617949
2025-04-03 00:00:00+05:30,1357.7167517627254,1360.6323926040195,1322.0001514568698,1330.84423828125,1943422
2025-04-04 00:00:00+05:30,1312.0383446527574,1320.9795955464115,1281.7642509726688,1283.80517578125,1757493
2025-04-07 00:00:00+05:30,1209.9910063180864,1257.418813699544,1175.3920904272206,1251.7818603515625,3044730
2025-04-08 00:00:00+05:30,1277.0506772886906,1304.311966370835,1254.843236803111,1277.439453125,2868814
2025-04-09 00:00:00+05:30,1253.725629097304,1263.3957909519136,1228.7968748377057,1236.960693359375,3724878
2025-04-11 00:00:00+05:30,1239.1473494581971,1275.447053967721,1238.3697977838378,1246.1934814453125,1803181
2025-04-15 00:00:00+05:30,1277.245061545438,1277.245061545438,1250.6156358449,1265.0965576171875,1511866
2025-04-16 00:00:00+05:30,1255.6693051963134,1277.6337755070315,1247.4083229252851,1271.899658203125,1093342
2025-04-17 00:00:00+05:30,1258.6820309937314,1272.0940252908808,1240.0219784946473,1270.0531005859375,3027966
2025-04-21 00:00:00+05:30,1267.331884072397,1349.9417078041101,1266.3600037932006,1334.8775634765625,3759267
2025-04-22 00:00:00+05:30,1335.3635121770567,1356.7448784564565,1322.923397068496,1337.793212890625,2471135
2025-04-23 00:00:00+05:30,1379.0010211495367,1408.6433711540267,1368.4075018466147,1399.118896484375,5944062
2025-04-24 00:00:00+05:30,1404.3669507034247,1426.2342561642047,1393.9678795616105,1404.561279296875,2501415
2025-04-25 00:00:00+05:30,1414.4746516552307,1432.4544377048817,1336.3354496362272,1420.8890380859375,8211667
2025-04-28 00:00:00+05:30,1427.983667339746,1438.3827383306962,1396.591888500818,1420.4029541015625,2079431
2025-04-29 00:00:00+05:30,1424.970873410398,1462.5827128630526,1422.152515401127,1453.252685546875,2652788
2025-04-30 00:00:00+05:30,1453.2526531648969,1468.316797743578,1448.1016401441907,1460.736083984375,1858465
2025-05-02 00:00:00+05:30,1462.6798224984389,1476.286146428657,1447.907289686437,1452.0863037109375,1582577
2025-05-05 00:00:00+05:30,1456.848562651858,1464.1376648665937,1448.587580141824,1452.572265625,846022
2025-05-06 00:00:00+05:30,1454.8077067575541,1462.4855851821,1444.3113516154235,1454.1273193359375,1545773
2025-05-07 00:00:00+05:30,1447.2269493302804,1462.58270571984,1438.9659666756625,1453.1553955078125,1272555
2025-05-08 00:00:00+05:30,1458.6950298513666,1475.800097807332,1446.1577514239775,1460.5416259765625,2829448
2025-05-09 00:00:00+05:30,1438.382797540778,1459.083894717233,1436.536201302876,1451.697509765625,923174
2025-05-12 00:00:00+05:30,1479.2018088227248,1532.169284894235,1474.7311831937768,1528.8648681640625,1891418
2025-05-13 00:00:00+05:30,1555.3000574846526,1555.8831619243363,1521.0898004912042,1528.28173828125,3724272
2025-05-14 00:00:00+05:30,1539.4583543928486,1564.1441370860373,1533.724237047299,1558.118408203125,2354571
2025-05-15 00:00:00+05:30,1560.8397500986657,1590.3849347247171,1555.202796945832,1583.2901611328125,2972408
2025-05-16 00:00:00+05:30,1589.0242403557659,1589.8989563257092,1556.2719227344112,1571.5303955078125,1159095
2025-05-19 00:00:00+05:30,1571.5304152789427,1580.4716664141824,1548.3024528221656,1552.870361328125,681874
2025-05-20 00:00:00+05:30,1566.670915477772,1573.96001713167,1529.059198398748,1531.6832275390625,1869716
2025-05-21 00:00:00+05:30,1532.6552184945617,1557.924106053762,1525.2689520124957,1553.259033203125,930031
2025-05-22 00:00:00+05:30,1544.997973705272,1544.997973705272,1514.1894174799295,1521.57568359375,1789310
2025-05-23 00:00:00+05:30,1530.711413909882,1558.8959415310796,1523.7139234728133,1535.8624267578125,1159290
2025-05-26 00:00:00+05:30,1538.486519326008,1559.284781533388,1538.486519326008,1556.369140625,711029
2025-05-27 00:00:00+05:30,1556.369114963758,1559.1875915229418,1534.1130326691398,1547.6221923828125,1394001
2025-05-28 00:00:00+05:30,1555.785972145211,1556.9521810054798,1533.7242189970161,1535.8624267578125,820958
2025-05-29 00:00:00+05:30,1547.330666503776,1559.7707823182457,1539.9443996429443,1555.008544921875,1799251
2025-05-30 00:00:00+05:30,1550.1489833278124,1550.1489833278124,1523.9082168388777,1529.642333984375,2780942
2025-06-02 00:00:00+05:30,1520.99271589074,1524.8802372093107,1498.7366326143765,1505.539794921875,2120693
2025-06-03 00:00:00+05:30,1512.1486443994797,1520.8955674575473,1490.7672769242033,1500.388916015625,2316285
2025-06-04 00:00:00+05:30,1501.3606235184543,1522.5475413040892,1500.5830718810435,1512.9259033203125,1439090
2025-06-05 00:00:00+05:30,1516.1333019018691,1526.1437166708022,1503.4988577193535,1518.8546142578125,1529586
2025-06-06 00:00:00+05:30,1520.798367762595,1529.2536790668796,1511.662669053651,1526.921142578125,828051
2025-06-09 00:00:00+05:30,1530.711481466393,1546.7475065103267,1526.921124546644,1534.6961669921875,598108
2025-06-10 00:00:00+05:30,1534.696089103341,1587.5663987773116,1534.5989248052495,1565.6019287109375,3324373
2025-06-11 00:00:00+05:30,1572.5023137822043,1602.6306028596136,1559.4790941308745,1591.4539794921875,2660949
2025-06-12 00:00:00+05:30,1589.996094254849,1611.3774598255131,1566.5738038799848,1598.159912109375,2316173
2025-06-13 00:00:00+05:30,1559.867830742117,1622.0681679181266,1559.4790549072213,1612.349365234375,2511076
2025-06-16 00:00:00+05:30,1611.377539855535,1658.027794326624,1604.768706350371,1646.26806640625,2160406
2025-06-17 00:00:00+05:30,1644.8102214358546,1676.4934950643064,1636.8407318998673,1670.2734375,2105126
2025-06-18 00:00:00+05:30,1668.8155161726156,1684.0741069385192,1660.3602056420714,1662.595458984375,1299278
2025-06-19 00:00:00+05:30,1636.6463623046875,1646.3651649311998,1614.0015047298227,1636.6463623046875,3056884
2025-06-20 00:00:00+05:30,1632.7588790661825,1660.4574671931982,1622.2625245313793,1648.4061279296875,3425550
2025-06-23 00:00:00+05:30,1632.758868823847,1644.4214321725888,1628.5797361687896,1634.50830078125,732380
2025-06-24 00:00:00+05:30,1651.0301797599195,1660.457370522017,1627.6077713410605,1629.9403076171875,1923989
2025-06-25 00:00:00+05:30,1642.2833751276091,1665.8028308857222,1628.6770509546805,1657.055908203125,1416375
2025-06-26 00:00:00+05:30,1647.3370698559697,1655.5980522121797,1623.3316744641927,1642.6719970703125,2528268
2025-06-27 00:00:00+05:30,1650.2526339272208,1653.9458262638905,1615.848049987059,1627.3162841796875,6183785
2025-06-30 00:00:00+05:30,1633.3419542775116,1641.9917123881614,1613.321244489108,1639.56201171875,1546996
2025-07-01 00:00:00+05:30,1642.4776957986103,1649.669633697109,1622.359821180903,1624.206298828125,1689051
2025-07-02 00:00:00+05:30,1627.8993828647226,1651.2245083505454,1620.610281150403,1629.9403076171875,1931642
2025-07-03 00:00:00+05:30,1637.5211628168054,1645.3933696231911,1623.040122428074,1624.88671875,1713273
2025-07-04 00:00:00+05:30,1627.9545684845302,1646.658751517565,1623.501197324542,1638.048828125,1310544
2025-07-07 00:00:00+05:30,1630.824555219481,1630.824555219481,1598.7602584652216,1607.0732421875,1550115
2025-07-08 00:00:00+05:30,1606.1825655023213,1626.767085397165,1602.2240132768072,1618.4541015625,1318755
2025-07-09 00:00:00+05:30,1617.8602650581981,1619.4436617111448,1595.29647013609,1598.0675048828125,1173847
2025-07-10 00:00:00+05:30,1598.067526802327,1600.6405614993353,1573.623395167191,1583.519775390625,1631315
2025-07-11 00:00:00+05:30,1563.6280424263846,1590.348268467848,1561.450887145174,1585.8948974609375,2559235
2025-07-14 00:00:00+05:30,1581.4415202899029,1581.4415202899029,1547.892768007525,1560.3621826171875,2068336
2025-07-15 00:00:00+05:30,1538.491235975622,1578.373696354596,1536.9078393106297,1562.638427734375,2574760
2025-07-16 00:00:00+05:30,1563.628088455158,1594.3068674058604,1560.9561140945243,1591.239013671875,2207039
2025-07-17 00:00:00+05:30,1566.9928900304992,1587.2804697641882,1544.726034225231,1547.4969482421875,7617296
2025-07-18 00:00:00+05:30,1556.7005937382005,1557.6902317507486,1522.0632632990162,1532.850341796875,3619191
2025-07-21 00:00:00+05:30,1534.9285680736882,1537.3037234813082,1515.4327474138765,1527.80322265625,988104
2025-07-22 00:00:00+05:30,1533.939003659427,1536.710038568854,1525.2301403487377,1531.16796875,1404790
2025-07-23 00:00:00+05:30,1534.9285280124377,1536.8088643612866,1518.5995011186883,1530.5740966796875,2887100
2025-07-24 00:00:00+05:30,1537.8975044334593,1537.8975044334593,1480.0036794596128,1483.071533203125,2207437
2025-07-25 00:00:00+05:30,1474.659574615958,1485.7435928117823,1440.6160029091184,1446.7518310546875,1179664
2025-07-28 00:00:00+05:30,1446.850744931023,1450.8092969007384,1430.1258386978911,1435.56884765625,1070496
2025-07-29 00:00:00+05:30,1435.5689256127514,1443.9808490051942,1421.5161136793113,1438.73583984375,1458817
2025-07-30 00:00:00+05:30,1436.261734060516,1450.9083045517857,1433.589638872449,1448.038330078125,1299448
2025-07-31 00:00:00+05:30,1434.975088881902,1458.0337024254131,1432.2040541812037,1448.5330810546875,1382994
2025-08-01 00:00:00+05:30,1441.5067196719808,1444.6736338278047,1417.5575278453375,1423.8912353515625,1620011
2025-08-04 00:00:00+05:30,1420.130544061176,1461.6953404727226,1404.395275544292,1459.716064453125,1581473
2025-08-05 00:00:00+05:30,1454.8667911474568,1472.3834561284712,1446.0589888377804,1470.00830078125,2929677
2025-08-06 00:00:00+05:30,1464.7631734887404,1466.148690844007,1438.2409476833525,1443.8818359375,1039973
2025-08-07 00:00:00+05:30,1439.923327982667,1476.5399349485492,1434.9751378521423,1466.6435546875,1587489
2025-08-08 00:00:00+05:30,1458.5285937518431,1480.4985099489693,1458.5285937518431,1465.0601806640625,1371665
2025-08-11 00:00:00+05:30,1465.0601093440916,1506.921723974621,1454.4709103332407,1465.7528076171875,888886
2025-08-12 00:00:00+05:30,1467.2373580167628,1501.6768106960017,1465.653961287868,1493.6607666015625,2532937
2025-08-13 00:00:00+05:30,1499.3015747661393,1502.9631870556111,1483.7643064389158,1490.6917724609375,1815196
2025-08-14 00:00:00+05:30,1494.2544744111287,1514.0472348621527,1469.6124634885196,1471.2947998046875,1715172
2025-08-18 00:00:00+05:30,1484.4570683708275,1484.4570683708275,1452.887590555723,1455.9554443359375,1249405
2025-08-19 00:00:00+05:30,1456.747151570276,1484.0611365011343,1449.2259268509702,1481.191162109375,1807647
2025-08-20 00:00:00+05:30,1472.5813433533351,1516.1254153342131,1471.9875847146798,1508.3072509765625,2329633
2025-08-21 00:00:00+05:30,1512.166903403734,1515.8285157769797,1493.4627205552604,1505.536376953125,1251760
2025-08-22 00:00:00+05:30,1513.7503454402436,1513.7503454402436,1483.4674451048588,1489.4052734375,969599
2025-08-25 00:00:00+05:30,1500.2912869005706,1523.7456604118722,1489.4052683280731,1511.2762451171875,1386218
2025-08-26 00:00:00+05:30,1505.2393979955505,1510.6824069955344,1483.368422356699,1486.6341552734375,1510822
2025-08-28 00:00:00+05:30,1484.4570927660116,1493.5617146128054,1467.2373663288404,1480.1026611328125,1771867
2025-08-29 00:00:00+05:30,1483.269530604464,1489.1082983486128,1463.3777095179885,1466.0498046875,2279980
2025-09-01 00:00:00+05:30,1469.6124452041734,1494.2544558201962,1469.6124452041734,1489.9000244140625,1241192
2025-09-02 00:00:00+05:30,1486.4363723041126,1504.150917812897,1483.0715787250285,1497.12451171875,1137022
2025-09-03 00:00:00+05:30,1497.1244530452432,1500.3901860455867,1481.7850636525886,1492.572021484375,1431929
2025-09-04 00:00:00+05:30,1490.4937936497095,1495.145164814133,1479.8057755464433,1484.8529052734375,1038934
2025-09-05 00:00:00+05:30,1483.4673977119105,1491.7803812731152,1446.949730471727,1462.5860595703125,1875965
2025-09-08 00:00:00+05:30,1467.0394265238017,1472.4824356394215,1443.881872670807,1445.564208984375,1308412
2025-09-09 00:00:00+05:30,1451.4031213616918,1484.45705596902,1450.5124229670255,1482.6756591796875,1749566
2025-09-10 00:00:00+05:30,1487.425947556802,1520.0840022935781,1486.2384302521791,1510.1876220703125,1660976
2025-09-11 00:00:00+05:30,1510.187688969456,1515.6306983333695,1490.097987904113,1505.4373779296875,896908
2025-09-12 00:00:00+05:30,1513.1566043279868,1514.1462423949115,1496.8275762237279,1509.69287109375,770698
2025-09-15 00:00:00+05:30,1512.067923517255,1512.067923517255,1489.998947807403,1504.0518798828125,825515
2025-09-16 00:00:00+05:30,1507.1197524930658,1518.1047102641405,1494.3533979783913,1515.630615234375,1011289
2025-09-17 00:00:00+05:30,1522.3602865991368,1533.3452449803865,1509.7918106665413,1531.16796875,1946337
2025-09-18 00:00:00+05:30,1539.876721496892,1550.6637998124208,1525.8239102784069,1534.631591796875,2246114
2025-09-19 00:00:00+05:30,1534.9285502167145,1541.2622576282095,1525.6259287815897,1537.6995849609375,2621234
2025-09-22 00:00:00+05:30,1483.4674397678216,1494.3534583384994,1438.2410291190852,1489.8011474609375,5723501
2025-09-23 00:00:00+05:30,1496.0357131949572,1496.0357131949572,1452.9864602836687,1456.648193359375,1380054
2025-09-24 00:00:00+05:30,1454.7679474832075,1454.7679474832075,1424.0891676383237,1437.350341796875,2122106
2025-09-25 00:00:00+05:30,1436.9543928829876,1445.0693762561637,1422.1098227085765,1429.334228515625,1581629
2025-09-26 00:00:00+05:30,1424.9798202966317,1426.563216979923,1388.956971925995,1393.1134033203125,1851067
2025-09-29 00:00:00+05:30,1400.3377671039923,1410.2341470835258,1377.4771535123537,1396.082275390625,2708118
2025-09-30 00:00:00+05:30,1393.4103255283771,1411.9165080921323,1378.0709362913815,1385.7901611328125,2225340
2025-10-01 00:00:00+05:30,1386.4828227414923,1408.8486171342686,1378.9615981853487,1401.327392578125,1683484
2025-10-03 00:00:00+05:30,1408.254952733269,1409.046711499703,1382.8213030334825,1386.0870361328125,2568702
2025-10-06 00:00:00+05:30,1390.3425349657455,1427.0580828388636,1382.6233097738498,1424.3861083984375,3036770
2025-10-07 00:00:00+05:30,1425.0788120842565,1430.8187611773226,1411.8176378662758,1423.990234375,1105550
2025-10-08 00:00:00+05:30,1417.2605601691457,1457.5388993811462,1417.2605601691457,1443.090087890625,1154614
2025-10-09 00:00:00+05:30,1443.0900927561904,1460.1119389512437,1436.9543854380586,1451.403076171875,1354036
2025-10-10 00:00:00+05:30,1461.6953448419429,1462.388043128704,1435.0740581376979,1442.1004638671875,937053
2025-10-13 00:00:00+05:30,1439.923336496499,1446.355983704215,1424.2870072694188,1435.8658447265625,1229414
2025-10-14 00:00:00+05:30,1444.8714702720538,1464.4663508622946,1442.79325464713,1452.78857421875,1430713
2025-10-15 00:00:00+05:30,1454.7678538917924,1463.6745958543952,1425.4745933758713,1443.8818359375,2810322
2025-10-16 00:00:00+05:30,1450.8093575005526,1451.502055802019,1432.8969332504778,1448.6322021484375,1619438
2025-10-17 00:00:00+05:30,1449.819701319002,1449.819701319002,1425.1776904256014,1432.5999755859375,1433539
2025-10-20 00:00:00+05:30,1440.0,1455.0,1439.0,1444.4000244140625,1800507
2025-10-21 00:00:00+05:30,1450.0,1457.300048828125,1442.0,1448.699951171875,114229
2025-10-23 00:00:00+05:30,1465.0,1487.5,1460.9000244140625,1463.4000244140625,3244860
2025-10-24 00:00:00+05:30,1465.4000244140625,1468.0,1450.0,1453.699951171875,969361
2025-10-27 00:00:00+05:30,1457.9000244140625,1475.5999755859375,1457.0,1462.800048828125,1036807
2025-10-28 00:00:00+05:30,1469.0,1469.5999755859375,1435.300048828125,1447.4000244140625,1432913
2025-10-29 00:00:00+05:30,1453.0,1461.199951171875,1442.5999755859375,1452.199951171875,1311858
2025-10-30 00:00:00+05:30,1453.199951171875,1458.0999755859375,1432.5,1433.800048828125,1797868
2025-10-31 00:00:00+05:30,1433.800048828125,1437.5,1420.300048828125,1424.4000244140625,1757591
2025-11-03 00:00:00+05:30,1419.0999755859375,1424.0,1414.0,1419.800048828125,2136091
2025-11-04 00:00:00+05:30,1419.9000244140625,1425.300048828125,1405.5999755859375,1409.199951171875,1191278
2025-11-05 00:00:00+05:30,1409.199951171875,1409.199951171875,1409.199951171875,1409.199951171875,0
2025-11-06 00:00:00+05:30,1412.0,1420.9000244140625,1410.0,1413.5999755859375,2502412
2025-11-07 00:00:00+05:30,1400.0999755859375,1409.800048828125,1385.0,1386.699951171875,1209479
2025-11-10 00:00:00+05:30,1386.699951171875,1404.300048828125,1383.5999755859375,1397.800048828125,2883323
2025-11-11 00:00:00+05:30,1405.0,1410.4000244140625,1392.199951171875,1408.0,2488036
2025-11-12 00:00:00+05:30,1415.0,1460.199951171875,1414.0,1456.0999755859375,2958869
2025-11-13 00:00:00+05:30,1463.0,1463.800048828125,1442.300048828125,1451.4000244140625,1178211
2025-11-14 00:00:00+05:30,1444.199951171875,1445.800048828125,1422.9000244140625,1439.199951171875,1220596
2025-11-17 00:00:00+05:30,1440.0,1455.9000244140625,1438.300048828125,1452.800048828125,999416
2025-11-18 00:00:00+05:30,1444.0,1451.0999755859375,1419.5,1422.0,1553597
2025-11-19 00:00:00+05:30,1427.5,1443.5,1417.800048828125,1433.9000244140625,5777445
2025-11-20 00:00:00+05:30,1445.300048828125,1464.699951171875,1430.699951171875,1456.0,2818268
2025-11-21 00:00:00+05:30,1455.0,1469.0,1440.0,1461.5,2615232
2025-11-24 00:00:00+05:30,1470.0,1513.800048828125,1461.800048828125,1494.699951171875,6808658
2025-11-25 00:00:00+05:30,1501.199951171875,1502.0,1483.5,1494.699951171875,1675981
2025-11-26 00:00:00+05:30,1498.0,1522.699951171875,1496.199951171875,1520.4000244140625,1592891
2025-11-27 00:00:00+05:30,1523.0,1532.0,1505.0,1509.800048828125,1426194
2025-11-28 00:00:00+05:30,1515.800048828125,1525.300048828125,1503.699951171875,1517.300048828125,1247146
2025-12-01 00:00:00+05:30,1515.300048828125,1532.0,1509.699951171875,1529.5,1527101
2025-12-02 00:00:00+05:30,1523.0999755859375,1539.0,1520.0,1536.699951171875,1754978
2025-12-03 00:00:00+05:30,1537.9000244140625,1550.800048828125,1530.300048828125,1541.699951171875,2142830
2025-12-04 00:00:00+05:30,1545.0999755859375,1577.9000244140625,1541.0999755859375,1562.300048828125,2422663
2025-12-05 00:00:00+05:30,1567.0999755859375,1583.0,1556.5999755859375,1570.800048828125,2223397
2025-12-08 00:00:00+05:30,1581.0,1595.699951171875,1572.699951171875,1591.800048828125,2833786
2025-12-09 00:00:00+05:30,1579.0999755859375,1586.0,1559.0,1561.5999755859375,1533609
2025-12-10 00:00:00+05:30,1563.0,1572.9000244140625,1548.199951171875,1550.800048828125,735586
2025-12-11 00:00:00+05:30,1550.0,1572.0,1541.0,1568.199951171875,1248064
2025-12-12 00:00:00+05:30,1575.0,1580.5,1558.699951171875,1578.4000244140625,754479
2025-12-15 00:00:00+05:30,1571.0,1588.699951171875,1567.699951171875,1575.4000244140625,784781
2025-12-16 00:00:00+05:30,1570.0,1580.300048828125,1564.699951171875,1578.199951171875,999338
2025-12-17 00:00:00+05:30,1578.199951171875,1586.199951171875,1570.300048828125,1579.4000244140625,582251
2025-12-18 00:00:00+05:30,1581.0,1608.800048828125,1574.5999755859375,1605.5999755859375,1748780
2025-12-19 00:00:00+05:30,1611.0,1624.0,1595.0,1612.5,1802793
2025-12-22 00:00:00+05:30,1615.9000244140625,1649.800048828125,1612.800048828125,1646.699951171875,1466208
2025-12-23 00:00:00+05:30,1646.5,1646.5,1628.800048828125,1633.0,1161166
2025-12-24 00:00:00+05:30,1630.0,1636.5999755859375,1615.300048828125,1631.5,955523
2025-12-25 00:00:00+05:30,1631.5,1631.5,1631.5,1631.5,0
2025-12-26 00:00:00+05:30,1630.5,1633.699951171875,1608.0,1612.300048828125,461192
2025-12-29 00:00:00+05:30,1614.0,1629.800048828125,1610.0999755859375,1612.4000244140625,891096
2025-12-30 00:00:00+05:30,1614.9000244140625,1616.199951171875,1599.0,1604.5999755859375,1973547
2025-12-31 00:00:00+05:30,1614.800048828125,1614.800048828125,1588.300048828125,1590.9000244140625,729913
2026-01-01 00:00:00+05:30,1591.0,1613.5,1587.199951171875,1607.699951171875,565878
2026-01-02 00:00:00+05:30,1611.0,1619.0999755859375,1601.9000244140625,1612.0,637080
