Date,Open,High,Low,Close,Volume
2021-01-04 00:00:00+05:30,1542.0161752409863,1543.0008598995055,1514.44500480245,1527.1474609375,1383979
2021-01-05 00:00:00+05:30,1521.3376208756054,1552.6997995700108,1517.8912249707091,1546.89013671875,1351709
2021-01-06 00:00:00+05:30,1553.8323356547082,1596.5183900370098,1537.9296549473677,1548.5150146484375,3312171
2021-01-07 00:00:00+05:30,1545.954700504498,1545.954700504498,1511.4907422129966,1518.7281494140625,2820445
2021-01-08 00:00:00+05:30,1524.1930931799825,1531.479782193084,1498.197399506595,1524.88232421875,3478504
2021-01-11 00:00:00+05:30,1536.1079482766575,1547.924163263401,1522.0269106704861,1539.9482421875,1425529
2021-01-12 00:00:00+05:30,1536.1079385832281,1536.8957343243414,1500.659293846692,1503.7117919921875,2550741
2021-01-13 00:00:00+05:30,1506.5674790689711,1512.475586830026,1472.103517129485,1482.7381591796875,3527208
2021-01-14 00:00:00+05:30,1484.9043419984318,1494.603461040963,1457.3824561537626,1467.1307373046875,2814477
2021-01-15 00:00:00+05:30,1467.1306897821635,1485.8889784452213,1448.7664191780163,1454.625244140625,1725346
2021-01-18 00:00:00+05:30,1444.5321935828633,1485.8889435013912,1437.6394019297752,1480.5224609375,2302268
2021-01-19 00:00:00+05:30,1494.7511456289408,1500.659252923917,1478.0115082931754,1496.6220703125,2279346
2021-01-20 00:00:00+05:30,1496.6221060113235,1517.398926454094,1496.6221060113235,1507.8475341796875,1838240
2021-01-21 00:00:00+05:30,1509.619833145715,1526.1132990695708,1488.892295851408,1494.0618896484375,1558030
2021-01-22 00:00:00+05:30,1498.6899048863327,1511.1953507561345,1464.225945181325,1468.361572265625,1364197
2021-01-25 00:00:00+05:30,1481.9995823517554,1489.6308878835343,1456.1023296926426,1476.879150390625,1604484
2021-01-27 00:00:00+05:30,1481.9502756008321,1481.9502756008321,1410.068302099928,1418.635009765625,2021747
2021-01-28 00:00:00+05:30,1398.2521308850353,1432.174467247683,1393.9687769186023,1427.89111328125,1850239
2021-01-29 00:00:00+05:30,1433.7008001135873,1446.7478712684672,1393.5749020334852,1398.547607421875,2435997
2021-02-01 00:00:00+05:30,1415.7795788353872,1485.4460149189329,1401.8462675785263,1478.55322265625,2215933
2021-02-02 00:00:00+05:30,1491.7970608620108,1512.4754359630683,1459.3024714174917,1462.6995849609375,1974202
2021-02-03 00:00:00+05:30,1469.1493099623829,1505.5826373542113,1469.1493099623829,1501.7916259765625,1853072
2021-02-04 00:00:00+05:30,1506.5674305013358,1516.414276452325,1465.3091219265402,1490.4185791015625,2728965
2021-02-05 00:00:00+05:30,1495.2928795334196,1515.3803496443497,1481.458012525905,1486.3321533203125,1344007
2021-02-08 00:00:00+05:30,1490.8123007162694,1540.8834824168227,1486.9228451057938,1518.0880126953125,2683198
2021-02-09 00:00:00+05:30,1524.291629642168,1560.3803411670624,1519.4174893718666,1536.0093994140625,2364475
2021-02-10 00:00:00+05:30,1551.2721028354956,1563.679104435069,1502.6286608110297,1539.209716796875,2125469
2021-02-11 00:00:00+05:30,1528.2303232369459,1551.7643065073541,1488.1044304071097,1501.348388671875,5970196
2021-02-12 00:00:00+05:30,1513.1646435749185,1513.1646435749185,1468.1646093954114,1471.3155517578125,3284441
2021-02-15 00:00:00+05:30,1482.9350463435553,1495.243604165132,1454.133021041066,1462.010498046875,3156535
2021-02-16 00:00:00+05:30,1469.297128568119,1481.950301454004,1438.6241796839201,1449.3079833984375,3090249
2021-02-17 00:00:00+05:30,1446.8953632261803,1460.2870477833715,1427.3001185178673,1438.033203125,2096959
2021-02-18 00:00:00+05:30,1442.6614537466282,1449.3573574333425,1407.114361993932,1411.0531005859375,2686046
2021-02-19 00:00:00+05:30,1412.0376997776866,1422.7707858314895,1391.16243458373,1403.7171630859375,2543997
2021-02-22 00:00:00+05:30,1403.1755480980921,1411.1514692787089,1374.6196948385518,1383.72802734375,1931189
2021-02-23 00:00:00+05:30,1393.328790145706,1414.9425702941624,1378.706247024259,1402.240234375,1871135
2021-02-24 00:00:00+05:30,1402.2400990995293,1451.4250449087763,1402.2400990995293,1429.6142578125,1143204
2021-02-25 00:00:00+05:30,1437.6394513698988,1440.54422272901,1408.591256975781,1412.480712890625,1967386
2021-02-26 00:00:00+05:30,1398.252004173418,1410.018935987396,1381.6108119145852,1385.3526611328125,2715597
2021-03-01 00:00:00+05:30,1399.7290630062357,1443.5475247042853,1394.9040847566378,1429.90966796875,1962042
2021-03-02 00:00:00+05:30,1446.501678482327,1451.4251014860108,1427.7926710683282,1448.6187744140625,1293306
2021-03-03 00:00:00+05:30,1449.4555913973954,1458.9578209110396,1443.6952110831458,1452.0157470703125,1227772
2021-03-04 00:00:00+05:30,1429.7619734332498,1464.8660018486723,1428.3342289092263,1447.9786376953125,1822476
2021-03-05 00:00:00+05:30,1442.562898258341,1470.1340662796608,1439.8057333759077,1451.6219482421875,1954113
2021-03-08 00:00:00+05:30,1452.4098255058616,1458.5641044274967,1428.7773944467833,1434.4393310546875,1060584
2021-03-09 00:00:00+05:30,1447.4863805176824,1456.250097609948,1422.8692652027557,1434.5870361328125,941590
2021-03-10 00:00:00+05:30,1447.486307382381,1458.3178375736777,1440.5935154424649,1448.7171630859375,1257628
2021-03-12 00:00:00+05:30,1457.333210370995,1484.7074903758341,1455.856183468592,1459.794921875,2631081
2021-03-15 00:00:00+05:30,1473.9744032215424,1473.9744032215424,1448.4710480164513,1469.3463134765625,1482287
2021-03-16 00:00:00+05:30,1481.9503009243333,1507.5521001429597,1473.9743798232969,1477.9622802734375,3191850
2021-03-17 00:00:00+05:30,1471.3647977141918,1476.5836735862813,1447.535481160269,1449.9971923828125,1195023
2021-03-18 00:00:00+05:30,1462.8472795793746,1470.0355245608728,1440.5934337610145,1445.7137451171875,1242978
2021-03-19 00:00:00+05:30,1427.7925318572331,1448.3231797406863,1410.1174930776433,1443.005859375,2360672
2021-03-22 00:00:00+05:30,1442.5629059571281,1446.1570287049535,1425.8232681405607,1437.9349365234375,1331121
2021-03-23 00:00:00+05:30,1437.9348771528796,1491.6001844078653,1431.731316490811,1472.447998046875,2534795
2021-03-24 00:00:00+05:30,1463.2413025262645,1485.6921592859737,1453.8375165999823,1465.3583984375,1871092
2021-03-25 00:00:00+05:30,1461.3702770015605,1475.549758177348,1425.5770186194566,1428.6295166015625,1609996
2021-03-26 00:00:00+05:30,1437.5410236637701,1489.2369634406316,1434.6854143788025,1482.7872314453125,1922278
2021-03-30 00:00:00+05:30,1486.8736079131638,1539.0618868664073,1486.8736079131638,1528.42724609375,3466042
2021-03-31 00:00:00+05:30,1526.1625413687975,1543.3945202404998,1513.2139160621978,1534.187744140625,1431746
2021-04-01 00:00:00+05:30,1536.1078424119876,1568.897884820696,1527.7873063458878,1535.4677734375,1343989
2021-04-05 00:00:00+05:30,1517.497274126331,1535.1231508932208,1477.0267648106678,1511.49072265625,1376233
2021-04-06 00:00:00+05:30,1506.074968536187,1524.2916320980826,1485.8889359405728,1502.13623046875,1400544
2021-04-07 00:00:00+05:30,1498.788242544455,1537.5355532984092,1484.9042152352556,1490.9107666015625,2592185
2021-04-08 00:00:00+05:30,1505.8288303608815,1554.816886146694,1502.1362633418503,1547.23486328125,2085919
2021-04-09 00:00:00+05:30,1545.856293416512,1593.219596057681,1537.388030357715,1567.6177978515625,3569146
2021-04-12 00:00:00+05:30,1546.9393447633615,1548.5640982235357,1479.242285595646,1487.316650390625,1889829
2021-04-13 00:00:00+05:30,1505.1888339532177,1529.5106153451845,1493.4219012321191,1507.158203125,1880575
2021-04-15 00:00:00+05:30,1521.3374948289413,1530.6919972243295,1492.3385854835335,1514.986328125,1313429
2021-04-16 00:00:00+05:30,1506.3703850386369,1535.9109198201443,1506.3703850386369,1525.3255615234375,1501276
2021-04-19 00:00:00+05:30,1501.643990647197,1508.9798427179255,1477.1253204646753,1495.4404296875,1439975
2021-04-20 00:00:00+05:30,1500.8561897093607,1536.1079457760618,1486.8737167447778,1499.576171875,1789104
2021-04-22 00:00:00+05:30,1506.5673120287381,1506.5673120287381,1450.5880212395844,1458.1700439453125,2200432
2021-04-23 00:00:00+05:30,1455.363962406903,1473.974526967686,1429.3682627188862,1439.0673828125,1726070
2021-04-26 00:00:00+05:30,1447.4864271684794,1466.9339488940423,1442.71073068362,1457.185546875,1020499
2021-04-27 00:00:00+05:30,1462.2564927470182,1480.5224384303178,1459.3024392263171,1472.2017822265625,1145908
2021-04-28 00:00:00+05:30,1481.9501995833662,1491.698600351672,1468.853847413726,1485.7412109375,1037771
2021-04-29 00:00:00+05:30,1500.6591816104499,1504.1055773687415,1474.0727000464851,1483.72265625,1927546
2021-04-30 00:00:00+05:30,1477.0267791973827,1493.3233560748258,1448.4709281328999,1468.8046875,3691399
2021-05-03 00:00:00+05:30,1454.3790415566295,1454.3790415566295,1399.2367082274682,1402.1414794921875,3945733
2021-05-04 00:00:00+05:30,1412.037729810694,1412.037729810694,1378.6077354034985,1381.4140625,3194977
2021-05-05 00:00:00+05:30,1384.4664795047247,1409.9698334304883,1381.9063237107978,1406.5234375,1819256
2021-05-06 00:00:00+05:30,1413.8101789695247,1426.2663428421763,1409.0836448686987,1422.2784423828125,1464006
2021-05-07 00:00:00+05:30,1426.8080250449632,1436.9010424754053,1417.847418976137,1424.3463134765625,1190019
2021-05-10 00:00:00+05:30,1432.125256107123,1447.2401401474374,1422.869197151248,1432.86376953125,1322561
2021-05-11 00:00:00+05:30,1417.0596887082656,1435.6209707519897,1410.068451570937,1413.2686767578125,1582827
2021-05-12 00:00:00+05:30,1409.0836009883421,1437.639453139748,1404.0124514799247,1432.666748046875,1358169
2021-05-14 00:00:00+05:30,1446.501604392234,1455.1668765151835,1411.0529605813963,1433.552978515625,1876873
2021-05-17 00:00:00+05:30,1439.6088171625715,1448.2740893133446,1415.9763878794652,1445.8123779296875,2218758
2021-05-18 00:00:00+05:30,1457.3332182881272,1523.4055313744173,1453.6406510120594,1515.67578125,3075596
2021-05-19 00:00:00+05:30,1498.9361563809632,1530.101448510757,1493.5696733052305,1497.85302734375,1504440
2021-05-20 00:00:00+05:30,1499.6745147937168,1542.2621200234137,1499.182172536726,1507.8966064453125,3032029
2021-05-21 00:00:00+05:30,1528.4274086348653,1529.0674776736414,1510.063136758017,1514.78955078125,1158893
2021-05-24 00:00:00+05:30,1508.684534932925,1511.490862004639,1482.3933839749961,1497.4591064453125,1126532
2021-05-25 00:00:00+05:30,1512.475600213062,1550.7798565763185,1511.4909155775065,1545.117919921875,2530758
2021-05-26 00:00:00+05:30,1555.8017712862113,1589.281049908826,1552.5031016973714,1558.70654296875,3839248
2021-05-27 00:00:00+05:30,1566.3376957234198,1582.3388199686015,1543.3453350789555,1569.8333740234375,2810155
2021-05-28 00:00:00+05:30,1570.571979529962,1587.5577893399254,1546.4964884883177,1552.84765625,1028675
2021-05-31 00:00:00+05:30,1546.5949537039457,1583.6190721241496,1544.9702000079533,1571.8028564453125,1525715
2021-06-01 00:00:00+05:30,1583.3728399618647,1587.3115783697301,1564.9592859853972,1567.027099609375,1111933
2021-06-02 00:00:00+05:30,1556.7863371468663,1572.2951194429215,1540.243587950772,1561.414306640625,1859258
2021-06-03 00:00:00+05:30,1576.4799636358648,1676.228556573325,1564.2206890757739,1665.2984619140625,7221910
2021-06-04 00:00:00+05:30,1687.5524382744386,1687.5524382744386,1639.9921261922843,1653.7777099609375,2952017
2021-06-07 00:00:00+05:30,1660.030383511418,1687.6015502293608,1650.3312649740055,1659.2918701171875,1471576
2021-06-08 00:00:00+05:30,1660.178197565009,1699.5655806626369,1648.5588714709072,1686.2723388671875,1743285
2021-06-09 00:00:00+05:30,1688.684612807211,1713.2525628769517,1670.172616573078,1704.24267578125,2551140
2021-06-10 00:00:00+05:30,1714.7297331517218,1719.1115314051442,1695.8237172992485,1712.0218505859375,1850763
2021-06-11 00:00:00+05:30,1709.9539460214776,1716.305113075624,1698.1377318178588,1701.9779052734375,761647
2021-06-14 00:00:00+05:30,1701.9781134231896,1713.3512690653938,1686.7647838557582,1708.23095703125,887780
2021-06-15 00:00:00+05:30,1721.2285868920117,1722.1639891306745,1693.2635217375978,1697.00537109375,868275
2021-06-16 00:00:00+05:30,1697.5961354899005,1702.5195581566345,1680.3641561563313,1688.6846923828125,1116772
2021-06-17 00:00:00+05:30,1679.8718882288458,1695.626841459597,1675.3423632151555,1685.189208984375,546515
2021-06-18 00:00:00+05:30,1674.062280565679,1698.5809513823056,1660.178251611923,1685.0908203125,2018319
2021-06-21 00:00:00+05:30,1672.9789575530663,1720.7854378812751,1664.8553104666548,1716.1573486328125,925811
2021-06-22 00:00:00+05:30,1723.2964726183045,1743.6795157008912,1721.2286590246158,1730.0908203125,2083172
2021-06-23 00:00:00+05:30,1730.0907731130994,1758.646625372792,1728.170686300076,1755.24951171875,1608518
2021-06-24 00:00:00+05:30,1757.6620266900673,1765.4902212496443,1740.5284904569705,1753.5755615234375,1271298
2021-06-25 00:00:00+05:30,1757.6619621495372,1764.5547541579667,1715.3205255263272,1726.989013671875,1378327
2021-06-28 00:00:00+05:30,1741.4147964359893,1741.4147964359893,1693.411419943903,1701.5843505859375,1339433
2021-06-29 00:00:00+05:30,1709.2154590697435,1719.2591932178645,1694.8882510459619,1705.0797119140625,1236704
2021-06-30 00:00:00+05:30,1711.3815848214285,1728.46583609581,1701.6824669683135,1705.9658203125,803926
2021-07-01 00:00:00+05:30,1702.5196227162583,1719.653158286347,1699.3193978615286,1713.6466064453125,567971
2021-07-02 00:00:00+05:30,1728.1214152824032,1740.7745879296479,1713.5480356088374,1727.875244140625,1259675
2021-07-05 00:00:00+05:30,1733.0448998167517,1735.900509203192,1716.3052615798852,1723.099609375,632904
2021-07-06 00:00:00+05:30,1723.1978702373501,1746.830298172034,1719.3084145533978,1735.8018798828125,960973
2021-07-07 00:00:00+05:30,1735.802095087604,1756.0865742062622,1691.6881760599852,1700.7965087890625,2188364
2021-07-08 00:00:00+05:30,1703.504278913291,1719.2592317818533,1694.888289063296,1699.91015625,1167637
2021-07-09 00:00:00+05:30,1697.5961203690206,1713.3017904557087,1691.6880132215645,1694.2481689453125,831213
2021-07-12 00:00:00+05:30,1703.5043382392137,1712.563388373825,1685.6815712261105,1693.509765625,792602
2021-07-13 00:00:00+05:30,1703.504343628797,1708.4277665872617,1691.146503922748,1697.8424072265625,797913
2021-07-14 00:00:00+05:30,1699.565611393239,1702.125767300725,1678.8872348930893,1684.1552734375,891780
2021-07-15 00:00:00+05:30,1679.3794460014558,1690.4571468326,1668.5479162998927,1675.489990234375,943422
2021-07-16 00:00:00+05:30,1680.758164956823,1683.810663171544,1662.7876710370099,1669.385009765625,907734
2021-07-19 00:00:00+05:30,1668.400207427425,1683.0720309475325,1649.2481414214703,1654.6146240234375,831260
2021-07-20 00:00:00+05:30,1654.6146363310174,1665.544610642473,1637.0380414003425,1645.8017578125,819793
2021-07-22 00:00:00+05:30,1673.0442216250276,1692.4397141328377,1660.4099751775864,1679.706787109375,1146821
2021-07-23 00:00:00+05:30,1692.4396039167136,1703.5931590410692,1675.0182060202744,1678.9169921875,1053239
2021-07-26 00:00:00+05:30,1678.8679400925303,1714.3522246501393,1677.9795738673663,1700.5335693359375,1435514
2021-07-27 00:00:00+05:30,1710.5519846335644,1719.8302480017576,1691.1564922737418,1706.6531982421875,1075244
2021-07-28 00:00:00+05:30,1707.590890695743,1726.5421402465504,1693.3773932880842,1701.2244873046875,1714957
2021-07-29 00:00:00+05:30,1716.4743554081854,1733.5503129474528,1705.4194796357028,1716.6224365234375,1346162
2021-07-30 00:00:00+05:30,1719.4354497218133,1725.2590496826417,1689.03436142776,1692.341064453125,1199644
2021-08-02 00:00:00+05:30,1705.6168474459807,1752.995093208369,1702.6557070858316,1748.602783203125,1718511
2021-08-03 00:00:00+05:30,1756.943236440822,1830.9223430604823,1754.1301772668137,1816.3634033203125,5956344
2021-08-04 00:00:00+05:30,1833.1431753248303,1834.574465405341,1771.7489156898814,1776.289306640625,2040687
2021-08-05 00:00:00+05:30,1796.4743829555348,1797.6093902619423,1740.3606820308091,1775.9931640625,2301814
2021-08-06 00:00:00+05:30,1772.736031510016,1773.081473788045,1754.96918932339,1764.5928955078125,877876
2021-08-09 00:00:00+05:30,1764.5928576027754,1807.8748342354152,1754.722389933343,1775.84521484375,1770502
2021-08-10 00:00:00+05:30,1786.554684746896,1798.3992461927319,1770.120331642977,1775.89453125,862746
2021-08-11 00:00:00+05:30,1781.619340374172,1791.4898076338627,1750.5767690380858,1766.221435546875,748179
2021-08-12 00:00:00+05:30,1774.7100213529336,1805.9006739374004,1757.9302269352472,1799.9783935546875,889082
2021-08-13 00:00:00+05:30,1806.295568228032,1817.153082572572,1795.191292193843,1814.09326171875,1194666
2021-08-16 00:00:00+05:30,1804.3214398715988,1823.124728455399,1793.4639257367041,1813.4022216796875,461655
2021-08-17 00:00:00+05:30,1816.1659663961316,1854.0191840435784,1804.9630102121062,1850.169677734375,1917077
2021-08-18 00:00:00+05:30,1863.3469425797336,1866.1600017793985,1835.9069941489608,1855.944091796875,1029077
2021-08-20 00:00:00+05:30,1835.3147424157692,1867.7886044358556,1833.8834523415378,1852.4893798828125,1070166
2021-08-23 00:00:00+05:30,1864.5312481011665,1870.453528402176,1823.9142516055892,1846.122802734375,1092285
2021-08-24 00:00:00+05:30,1858.6090188258986,1862.8533680204523,1828.6027737125135,1845.382568359375,1003905
2021-08-25 00:00:00+05:30,1835.906943263375,1845.481248481526,1796.4250735157755,1799.040771484375,1280400
2021-08-26 00:00:00+05:30,1799.0408167543308,1810.8359774425903,1781.866178884132,1791.8353271484375,1059290
2021-08-27 00:00:00+05:30,1800.3733082925828,1806.2955889119664,1773.723045505357,1798.942138671875,1020589
2021-08-30 00:00:00+05:30,1811.2307868166008,1862.5078172994995,1808.0722854112548,1854.117919921875,1670309
2021-08-31 00:00:00+05:30,1854.1177742766706,1900.0648450899384,1851.2554353169025,1896.7088623046875,1816071
2021-09-01 00:00:00+05:30,1900.262306595669,1928.6398999367507,1890.1944781972568,1914.2784423828125,1247432
2021-09-02 00:00:00+05:30,1933.131172529705,1953.8591554876443,1921.632053124264,1941.6197509765625,1167157
2021-09-03 00:00:00+05:30,1944.5807821912936,1998.1774690253292,1944.5807821912936,1993.1435546875,1548784
2021-09-06 00:00:00+05:30,1998.7697035582019,2006.5179965828158,1980.163896094506,1994.47607421875,679133
2021-09-07 00:00:00+05:30,1987.9121885996208,2013.4767239609628,1986.6289796069673,2007.554443359375,773091
2021-09-08 00:00:00+05:30,2007.6035762349773,2040.225517686317,1988.9484900987902,2029.318603515625,796813
2021-09-09 00:00:00+05:30,2025.420020874905,2033.3163952252944,1994.8709708024799,2007.9493408203125,653397
2021-09-13 00:00:00+05:30,2010.6141580881613,2016.9805612031093,1994.9694917560857,2004.346435546875,786459
2021-09-14 00:00:00+05:30,2012.4895867681635,2034.7968186006729,2005.7283408163041,2029.0718994140625,888765
2021-09-15 00:00:00+05:30,2033.316507169374,2105.3709270836284,2033.316507169374,2092.391357421875,2795995
2021-09-16 00:00:00+05:30,2105.321382476325,2105.321382476325,2067.9124058830284,2081.385498046875,725123
2021-09-17 00:00:00+05:30,2086.567486036585,2122.15057054296,2053.0572961531893,2068.455322265625,1727410
2021-09-20 00:00:00+05:30,2060.9536018247404,2068.849975778092,2043.7296843346344,2050.441650390625,411738
2021-09-21 00:00:00+05:30,2048.1217465572645,2070.3302956163193,2035.3889414880118,2058.831298828125,539788
2021-09-22 00:00:00+05:30,2069.6397367871596,2083.6063523348125,2046.5426975450202,2054.09375,1057480
2021-09-23 00:00:00+05:30,2062.927613735802,2086.3699729828,2049.7012842782497,2077.78271484375,711634
2021-09-24 00:00:00+05:30,2077.733401084722,2087.6038685483077,2057.9924661575515,2065.7900390625,540771
2021-09-27 00:00:00+05:30,2071.810974829192,2080.052910972648,2050.2933090769666,2063.17431640625,507550
2021-09-28 00:00:00+05:30,2056.21579719901,2110.30600876237,2056.0678365737795,2101.71875,923489
2021-09-29 00:00:00+05:30,2101.422496748581,2139.818518311042,2082.7180093343654,2119.682861328125,912912
2021-09-30 00:00:00+05:30,2122.051523428084,2156.696957674915,2108.6278334042977,2133.846923828125,1374265
2021-10-01 00:00:00+05:30,2129.0598465256717,2146.826688082214,2095.154694163985,2135.722412109375,626710
2021-10-04 00:00:00+05:30,2132.0211519816985,2146.135969840927,2110.306121730033,2127.382080078125,870878
2021-10-05 00:00:00+05:30,2127.3815139057124,2178.066210530808,2102.409187566682,2164.24755859375,1329784
2021-10-06 00:00:00+05:30,2165.5807722239992,2176.142125242025,2107.4438095979754,2119.8310546875,895210
2021-10-07 00:00:00+05:30,2225.79037280072,2353.366162461249,2220.8551391581464,2344.58154296875,8361061
2021-10-08 00:00:00+05:30,2388.6531009286805,2388.6531009286805,2322.5209696219777,2327.653564453125,1845797
2021-10-11 00:00:00+05:30,2346.2100507523983,2374.933206662777,2327.0120402660305,2331.799072265625,1056932
2021-10-12 00:00:00+05:30,2334.365486611249,2475.315806049209,2312.3048960864535,2460.312744140625,3517011
2021-10-13 00:00:00+05:30,2506.9999389615728,2575.1555651095414,2457.7464026255416,2504.3349609375,4023645
2021-10-14 00:00:00+05:30,2541.9416788727435,2550.5289378595207,2499.548066897697,2530.83740234375,1546459
2021-10-18 00:00:00+05:30,2586.0626581696524,2643.212572430279,2542.1390748534122,2555.266845703125,2572741
2021-10-19 00:00:00+05:30,2603.829098804793,2603.829098804793,2436.7714509758653,2452.712158203125,3546129
2021-10-20 00:00:00+05:30,2454.8841861245646,2473.0951513403547,2371.87345407465,2380.16455078125,2868983
2021-10-21 00:00:00+05:30,2402.3728602519254,2404.3963541771013,2349.220540187364,2364.667724609375,2303014
2021-10-22 00:00:00+05:30,2386.0867921639833,2462.6323182314977,2366.9381810025393,2380.7568359375,3063724
2021-10-25 00:00:00+05:30,2373.8472845248402,2380.756611340505,2309.689249807953,2348.33203125,1446182
2021-10-26 00:00:00+05:30,2359.041844892555,2436.475617923614,2340.287955749058,2422.953125,2567357
2021-10-27 00:00:00+05:30,2436.031214986846,2450.1954312869816,2420.4358291912104,2428.233642578125,2082690
2021-10-28 00:00:00+05:30,2438.0055154824727,2438.0055154824727,2329.4303710682734,2344.384033203125,3330380
2021-10-29 00:00:00+05:30,2368.9121635608485,2372.8603505001165,2316.15456378052,2352.67529296875,1450019
2021-11-01 00:00:00+05:30,2409.82496399719,2409.82496399719,2359.3870254273475,2375.13037109375,1276469
2021-11-02 00:00:00+05:30,2391.416920129334,2432.87288373393,2389.6895883124757,2422.163330078125,1546219
2021-11-03 00:00:00+05:30,2430.109096163207,2439.634000900264,2374.8838787494537,2386.629638671875,1554405
2021-11-04 00:00:00+05:30,2407.407065625964,2413.131985072378,2390.6272705806005,2400.2509765625,181506
2021-11-08 00:00:00+05:30,2445.803070906854,2515.68602973033,2416.58663138949,2503.890869140625,3449086
2021-11-09 00:00:00+05:30,2496.191896325416,2510.8496373423923,2458.8814799916536,2479.560302734375,1097405
2021-11-10 00:00:00+05:30,2472.5521616457313,2494.1192299859035,2440.1769793574813,2452.41650390625,911235
2021-11-11 00:00:00+05:30,2451.8244084218227,2509.8628121791467,2444.224195770108,2495.353271484375,1726010
2021-11-12 00:00:00+05:30,2514.847161372972,2528.567014823023,2490.3189532149845,2506.605224609375,1673817
2021-11-15 00:00:00+05:30,2517.9561860145122,2539.3750516708965,2498.9061360979467,2506.50634765625,846885
2021-11-16 00:00:00+05:30,2517.068216259204,2518.3020247960594,2487.505970933565,2498.955810546875,1133767
2021-11-17 00:00:00+05:30,2490.2203459541693,2506.1118962761607,2458.8324496065516,2466.9755859375,892518
2021-11-18 00:00:00+05:30,2459.720413957373,2487.3577219793656,2424.6802555723457,2446.09912109375,739912
2021-11-22 00:00:00+05:30,2460.1154878825496,2460.1154878825496,2322.521252526222,2360.3251953125,1361329
2021-11-23 00:00:00+05:30,2349.1712725711473,2379.720321386462,2334.414971806731,2356.771484375,1247942
2021-11-24 00:00:00+05:30,2368.912278725892,2374.094274335605,2334.365641327806,2345.0751953125,614145
2021-11-25 00:00:00+05:30,2329.430307668294,2372.070678663869,2324.6430345854046,2366.74072265625,662071
2021-11-26 00:00:00+05:30,2346.999669805902,2354.2051588450754,2255.4510892253857,2262.607177734375,1289322
2021-11-29 00:00:00+05:30,2260.337043692475,2304.1618227334825,2202.4960081045197,2294.093994140625,1094276
2021-11-30 00:00:00+05:30,2306.1358688989203,2359.0416696813827,2306.1358688989203,2344.7294921875,2675375
2021-12-01 00:00:00+05:30,2378.585300620317,2410.3187571651492,2316.993438981644,2329.627685546875,2177426
2021-12-02 00:00:00+05:30,2338.3135970727267,2391.1205947271765,2329.4795774364534,2355.5869140625,1682636
2021-12-03 00:00:00+05:30,2373.847468707133,2374.291591555531,2324.544531014243,2338.560546875,1062389
2021-12-06 00:00:00+05:30,2330.763016346909,2349.0233818239367,2288.369164254154,2295.179931640625,547641
2021-12-07 00:00:00+05:30,2306.234894853546,2354.945751810222,2295.229419202202,2349.71435546875,904175
2021-12-08 00:00:00+05:30,2354.1065217530304,2386.6790648213114,2346.3089487431207,2374.390380859375,926476
2021-12-09 00:00:00+05:30,2392.60133603253,2392.60133603253,2325.3341960167945,2342.409912109375,1250492
2021-12-10 00:00:00+05:30,2354.5014093938394,2354.5014093938394,2266.5556815210407,2309.048095703125,2288164
2021-12-13 00:00:00+05:30,2322.1263614354602,2355.0936276440516,2309.7882766301163,2320.053466796875,992852
2021-12-14 00:00:00+05:30,2312.3544052024617,2340.5346385026915,2288.7146834066907,2324.34716796875,765269
2021-12-15 00:00:00+05:30,2324.5937069088022,2337.5732742168616,2287.4312552283527,2293.057373046875,567271
2021-12-16 00:00:00+05:30,2313.7364954514524,2334.168315973245,2295.130566918922,2326.716064453125,998086
2021-12-17 00:00:00+05:30,2305.7412242019127,2308.998526695443,2227.863331470967,2250.861328125,1591893
2021-12-20 00:00:00+05:30,2230.429518728006,2233.8347818594802,2176.438109070516,2210.34326171875,1063366
2021-12-21 00:00:00+05:30,2222.138570538892,2280.078171106871,2222.138570538892,2258.017578125,883858
2021-12-22 00:00:00+05:30,2276.4261424042556,2278.2028748862367,2252.786419123382,2269.9609375,643034
2021-12-23 00:00:00+05:30,2289.948548034374,2307.271267358468,2280.0780801549154,2299.72021484375,613686
2021-12-24 00:00:00+05:30,2309.788177387723,2311.5646687407884,2280.0779740616963,2289.405517578125,534065
2021-12-27 00:00:00+05:30,2276.277681356244,2313.6374958438078,2256.6849486852725,2301.10205078125,537545
2021-12-28 00:00:00+05:30,2309.7880869012024,2354.056986959542,2297.3512020477096,2349.023193359375,871453
2021-12-29 00:00:00+05:30,2348.1841445336136,2385.1489959650366,2339.6462868054264,2371.0341796875,764644
2021-12-30 00:00:00+05:30,2362.792711636286,2416.2906007614206,2359.732770121482,2405.729248046875,1152684
2021-12-31 00:00:00+05:30,2415.5994980468276,2502.163447625039,2412.934520085235,2489.7265625,2225749
2022-01-03 00:00:00+05:30,2477.487508331165,2513.02119370962,2469.8872960430854,2491.158203125,921729
2022-01-04 00:00:00+05:30,2492.2932753671844,2561.337153750522,2491.700950870854,2549.5419921875,1037293
2022-01-05 00:00:00+05:30,2542.6323128229865,2574.217807392216,2526.9383666001804,2542.7802734375,1244568
2022-01-06 00:00:00+05:30,2507.0988391963515,2567.6542559753148,2505.5688684807255,2562.274658203125,1130508
2022-01-07 00:00:00+05:30,2595.9330737530177,2652.4415028299604,2529.1594543878837,2539.375244140625,4625230
2022-01-10 00:00:00+05:30,2551.5157729083376,2629.048341011889,2537.697118819085,2623.07666015625,1894316
2022-01-11 00:00:00+05:30,2615.6740097323163,2644.0516051209215,2600.1774232287917,2618.980712890625,1123968
2022-01-12 00:00:00+05:30,2606.790222564651,2637.3886689484084,2574.2176828658116,2579.103515625,1293999
2022-01-13 00:00:00+05:30,2577.178886358959,2594.8469255731297,2554.476812675981,2585.322021484375,1023670
2022-01-14 00:00:00+05:30,2591.9850799027936,2604.816689209243,2555.316385083736,2559.165771484375,1166457
2022-01-17 00:00:00+05:30,2559.1654477415195,2570.56588584032,2517.363921705321,2563.9033203125,1172956
2022-01-18 00:00:00+05:30,2564.3476443706936,2600.868376796296,2553.490129325244,2566.9140625,1221314
2022-01-19 00:00:00+05:30,2564.347456190199,2583.89103003348,2537.795995009691,2555.365234375,629040
2022-01-20 00:00:00+05:30,2563.360611586392,2576.19222034674,2516.969410683597,2531.084228515625,1215237
2022-01-21 00:00:00+05:30,2514.9950736347428,2528.714926820981,2472.552064150326,2495.402099609375,1457884
2022-01-24 00:00:00+05:30,2487.3576701484003,2489.8746874150233,2345.22294613992,2371.922607421875,1411443
2022-01-25 00:00:00+05:30,2355.093496664935,2376.561763032271,2300.213602111637,2345.716552734375,2849686
2022-01-27 00:00:00+05:30,2296.8575900460423,2329.8248522742497,2230.7254634740248,2280.127197265625,2460051
2022-01-28 00:00:00+05:30,2283.0392947672135,2346.9999769018627,2278.1040606669817,2285.605712890625,1317407
2022-01-31 00:00:00+05:30,2322.52131619753,2349.17158204425,2306.0870819833494,2329.726806640625,900510
2022-02-01 00:00:00+05:30,2347.9868161314384,2410.4669225120197,2328.3938420944833,2400.30029296875,1246431
2022-02-02 00:00:00+05:30,2419.251643886814,2445.8031057250478,2410.121461224246,2432.083251953125,1144427
2022-02-03 00:00:00+05:30,2448.369270507857,2474.0818845155213,2385.691806820194,2442.89111328125,3883564
2022-02-04 00:00:00+05:30,2477.487241931548,2487.357709030877,2398.5235051369173,2439.140380859375,2718069
2022-02-07 00:00:00+05:30,2447.875876196015,2465.7906778502806,2357.067577562937,2377.992919921875,1119632
2022-02-08 00:00:00+05:30,2387.0738943712,2433.07037182829,2369.800575301425,2411.996826171875,1524580
2022-02-09 00:00:00+05:30,2433.070196028765,2462.6815980088313,2424.23617596702,2452.61376953125,826261
2022-02-10 00:00:00+05:30,2467.5674437541893,2471.5156307050484,2433.613132368087,2459.572509765625,788689
2022-02-11 00:00:00+05:30,2447.8757581379878,2447.8757581379878,2389.8867658837107,2410.61474609375,1030760
2022-02-14 00:00:00+05:30,2349.1713899766733,2391.6144024846553,2320.793794404476,2366.938232421875,816491
2022-02-15 00:00:00+05:30,2390.578004017134,2467.419695554801,2367.925327632056,2463.570068359375,1293933
2022-02-16 00:00:00+05:30,2477.4876521592028,2487.2593198142717,2428.3820702090356,2455.822021484375,1008929
2022-02-17 00:00:00+05:30,2476.9939403046196,2504.6312506566933,2454.785387343132,2460.905029296875,960885
2022-02-18 00:00:00+05:30,2447.185299382558,2467.123597524174,2428.92493268754,2456.710205078125,654373
2022-02-21 00:00:00+05:30,2455.7723772105055,2455.7723772105055,2379.8191760386453,2422.558349609375,788568
2022-02-22 00:00:00+05:30,2346.210306000333,2425.17405210047,2346.210306000333,2418.363525390625,874150
2022-02-23 00:00:00+05:30,2420.23842337411,2492.292829942752,2420.23842337411,2463.372314453125,2096198
2022-02-24 00:00:00+05:30,2370.8862464613,2434.057237207979,2363.976919348382,2375.4267578125,1875086
2022-02-25 00:00:00+05:30,2392.107881189278,2441.953743784722,2392.107881189278,2436.4755859375,1284338
2022-02-28 00:00:00+05:30,2398.523617229154,2530.4423197854726,2398.523617229154,2513.56396484375,2355891
2022-03-02 00:00:00+05:30,2516.9694431768594,2571.0596582297967,2491.6517881103146,2559.06689453125,3536974
2022-03-03 00:00:00+05:30,2586.0621684410507,2605.6057398943713,2526.8393706904926,2540.90478515625,2153478
2022-03-04 00:00:00+05:30,2531.774899843334,2531.774899843334,2398.5235893252634,2409.381103515625,2652474
2022-03-07 00:00:00+05:30,2383.5205756546443,2388.603770101695,2299.818961810284,2358.74560546875,1545686
2022-03-08 00:00:00+05:30,2368.912015682657,2388.1594258100786,2295.475839587771,2340.534423828125,1467595
2022-03-09 00:00:00+05:30,2362.0028668078485,2428.628522265237,2344.236025352545,2402.126220703125,1581979
2022-03-10 00:00:00+05:30,2465.6427476197573,2472.305313090708,2413.181309969411,2435.833984375,1051744
2022-03-11 00:00:00+05:30,2445.901779418523,2465.8400750260516,2417.129463836419,2461.2998046875,812330
2022-03-14 00:00:00+05:30,2457.74652337596,2512.0340971854694,2442.940821427912,2506.11181640625,1004492
2022-03-15 00:00:00+05:30,2525.8525955654527,2545.593530270927,2510.2572089524865,2523.8291015625,1571483
2022-03-16 00:00:00+05:30,2544.409188583435,2559.9057745347736,2532.761988608532,2553.7861328125,757197
2022-03-17 00:00:00+05:30,2566.4202928093246,2686.3956297658524,2566.4202928093246,2667.9873046875,3336088
2022-03-21 00:00:00+05:30,2704.5081548244298,2732.145464435774,2665.02628395108,2672.182373046875,1889261
2022-03-22 00:00:00+05:30,2681.0657476260467,2683.5827650463357,2612.16983594792,2677.611083984375,1279904
2022-03-23 00:00:00+05:30,2694.6376317814825,2707.41983901865,2643.1632400784792,2655.15576171875,1281815
2022-03-24 00:00:00+05:30,2659.1038130504703,2659.1038130504703,2578.708907432836,2584.581787109375,1835380
2022-03-25 00:00:00+05:30,2596.9198275780345,2599.8809676322853,2485.383552201251,2491.20703125,2863040
2022-03-28 00:00:00+05:30,2503.644082253992,2512.5769035402705,2450.8370811104523,2503.0517578125,1316800
2022-03-29 00:00:00+05:30,2516.96918191063,2525.852602552668,2492.589175677569,2505.914306640625,908172
2022-03-30 00:00:00+05:30,2523.1875397266986,2532.5150828916067,2477.4872290978983,2490.466796875,866666
2022-03-31 00:00:00+05:30,2492.5396274283867,2512.428521629202,2487.3082318313536,2503.29833984375,910316
2022-04-01 00:00:00+05:30,2505.124531906845,2516.9690923413923,2459.5724229602597,2488.19677734375,1208002
2022-04-04 00:00:00+05:30,2507.4443670645755,2528.813833316262,2476.2535926355085,2484.396728515625,1424995
2022-04-05 00:00:00+05:30,2499.202530512072,2544.4093227430462,2487.4073692923857,2516.1796875,1586304
2022-04-06 00:00:00+05:30,2514.0081202070924,2531.676160977843,2490.6151599814916,2507.148193359375,1349078
2022-04-07 00:00:00+05:30,2469.8872503651473,2511.491176501711,2420.2387482394684,2426.506591796875,2785215
2022-04-08 00:00:00+05:30,2436.3769873005626,2499.8439017294745,2433.0702842349615,2477.43798828125,1217812
2022-04-11 00:00:00+05:30,2470.578202165707,2477.438129401564,2445.3097070626927,2457.5986328125,660112
2022-04-12 00:00:00+05:30,2447.8762345747755,2476.0070703350098,2408.6411215407647,2455.969970703125,1182427
2022-04-13 00:00:00+05:30,2459.91777587949,2463.6192010621726,2409.4798333103886,2429.467529296875,1165453
2022-04-18 00:00:00+05:30,2403.458778375492,2467.6168155805867,2378.782610219686,2461.151611328125,1109814
2022-04-19 00:00:00+05:30,2476.8951196033763,2487.9502364391687,2409.3812155268097,2420.8310546875,929834
2022-04-20 00:00:00+05:30,2421.274933488288,2472.5519608887244,2411.058903845433,2450.540771484375,639190
2022-04-21 00:00:00+05:30,2450.540789819719,2492.243512825378,2434.057158152767,2488.3447265625,880723
2022-04-22 00:00:00+05:30,2482.4228438560012,2493.7244821661798,2444.4215398844485,2480.152587890625,878780
2022-04-25 00:00:00+05:30,2438.9923642750587,2456.759204646144,2415.352644310282,2422.11376953125,682383
2022-04-26 00:00:00+05:30,2428.134911027402,2519.0911691284687,2427.147864315602,2515.1923828125,1232557
2022-04-27 00:00:00+05:30,2495.8957677843055,2504.927390494824,2456.0191738812887,2460.066162109375,801135
2022-04-28 00:00:00+05:30,2497.1296296343903,2498.215477517292,2444.9149497472667,2480.64599609375,933881
2022-04-29 00:00:00+05:30,2488.3447353688184,2499.20224908919,2418.2644195373286,2426.358154296875,1496781
2022-05-02 00:00:00+05:30,2403.4590906538097,2405.433184362765,2341.62070161206,2355.63671875,1287401
2022-05-04 00:00:00+05:30,2325.4820819786696,2375.8214649077495,2245.531297326602,2260.28759765625,2357806
2022-05-05 00:00:00+05:30,2279.0909034196093,2279.0909034196093,2222.9772003330454,2232.69970703125,2118580
2022-05-06 00:00:00+05:30,2210.984613752122,2210.984613752122,2167.011634957082,2180.139404296875,1465638
2022-05-09 00:00:00+05:30,2166.5676099681214,2184.6800141693893,2142.878488036807,2154.92041015625,968069
2022-05-10 00:00:00+05:30,2151.761999939232,2157.6842806730097,2097.4744265462696,2109.66455078125,1092429
2022-05-11 00:00:00+05:30,2099.6459465738085,2110.3061004217248,2068.6033722913144,2087.307861328125,1472911
2022-05-12 00:00:00+05:30,2074.7722485213376,2076.647540936996,2009.1830408110598,2022.0146484375,1362031
2022-05-13 00:00:00+05:30,2029.516151472905,2126.0987758186275,2029.516151472905,2064.605712890625,2580348
2022-05-16 00:00:00+05:30,2090.5650221122237,2124.124611702316,2069.5408780851412,2082.27392578125,1370151
2022-05-17 00:00:00+05:30,2117.215169283614,2156.697037242283,2083.6555815187457,2148.1591796875,1256142
2022-05-18 00:00:00+05:30,2158.671290887851,2165.876780520842,2133.008074809623,2138.68359375,1188772
2022-05-19 00:00:00+05:30,2097.4745151953975,2128.1717680208435,2028.4800381221444,2084.593505859375,981115
2022-05-20 00:00:00+05:30,2112.1811025247493,2127.628527714982,2101.6197512024664,2109.3681640625,1017542
2022-05-23 00:00:00+05:30,2132.0206066349097,2171.5024697207414,2110.3055819377023,2123.433349609375,1346294
2022-05-24 00:00:00+05:30,2123.779092287296,2136.9562630953596,2093.8717678542616,2112.52685546875,1150314
2022-05-25 00:00:00+05:30,2132.0211365212167,2152.7491197929508,2078.7206081081863,2086.024658203125,1125068
2022-05-26 00:00:00+05:30,2104.383523564965,2122.989449890201,2048.6153860971317,2114.20458984375,1382368
2022-05-27 00:00:00+05:30,2127.0857592243115,2131.9715924709712,2095.894985342777,2121.36083984375,865917
2022-05-30 00:00:00+05:30,2135.9692092111763,2230.725699083761,2135.9692092111763,2226.6787109375,1691435
2022-05-31 00:00:00+05:30,2225.691677468832,2270.207583430872,2148.4061077372153,2187.295654296875,7005071
2022-06-01 00:00:00+05:30,2225.7904202360305,2275.0439566473087,2151.761914019755,2169.134033203125,2126105
2022-06-02 00:00:00+05:30,2148.4060184023697,2196.5245467024893,2148.4060184023697,2192.181396484375,966727
2022-06-03 00:00:00+05:30,2202.742726367977,2215.87049599964,2169.281938798271,2175.845703125,1228695
2022-06-06 00:00:00+05:30,2175.8456117120186,2180.33672231551,2137.8937149445965,2170.071533203125,1285097
2022-06-07 00:00:00+05:30,2145.3957953225395,2151.2192755262363,2060.9538864994815,2073.588134765625,3255286
2022-06-08 00:00:00+05:30,2078.7697016383327,2105.370561379486,2069.3927582097785,2101.2744140625,1775344
2022-06-09 00:00:00+05:30,2078.720459377347,2126.09870346572,2075.759319121824,2111.98388671875,1035771
2022-06-10 00:00:00+05:30,2080.6946241539267,2137.943337721729,2080.6946241539267,2114.5009765625,927889
2022-06-13 00:00:00+05:30,2080.694305591522,2096.931174533922,2049.306174417797,2075.166748046875,928411
2022-06-14 00:00:00+05:30,2072.798123346069,2089.4791166140963,2045.8022990150184,2074.772216796875,893733
2022-06-15 00:00:00+05:30,2076.7462676077166,2099.94186517843,2062.927613735802,2077.78271484375,783714
2022-06-16 00:00:00+05:30,2098.8560664138377,2117.2152319492952,2015.5988194786519,2034.25390625,1265289
2022-06-17 00:00:00+05:30,2014.562360157641,2025.0743113585588,1885.802163432868,1911.3665771484375,6066708
2022-06-20 00:00:00+05:30,1912.896470533183,1947.8872272293922,1880.768052824719,1936.2894287109375,1967950
2022-06-21 00:00:00+05:30,1954.2538245897904,2066.629069538897,1941.0273744469212,2051.181884765625,3289922
2022-06-22 00:00:00+05:30,2043.186868186055,2044.1245144468246,1981.0029200238707,2004.889404296875,1507811
2022-06-23 00:00:00+05:30,2013.5755078185334,2021.2745211911322,1971.2805757839915,2014.9573974609375,1632845
2022-06-24 00:00:00+05:30,2026.9498770638745,2049.503750440788,2007.60366460733,2019.102783203125,854618
2022-06-27 00:00:00+05:30,2055.031259763441,2056.6597904512237,1998.7695970321654,2013.8714599609375,1067849
2022-06-28 00:00:00+05:30,1993.8344026826005,1995.808496150603,1934.6115986425234,1942.557373046875,3397585
2022-06-29 00:00:00+05:30,1924.7411297980366,1928.9854789465658,1898.0908680008329,1911.070556640625,2375427
2022-06-30 00:00:00+05:30,1924.7411511992918,1940.2871374205167,1901.0520293383775,1916.1044921875,2489709
2022-07-01 00:00:00+05:30,1870.453610520301,1929.0348116385112,1801.4097378421204,1920.9903564453125,4064801
2022-07-04 00:00:00+05:30,1928.6893263584793,1941.126091161435,1903.0261111664013,1937.0792236328125,1023678
2022-07-05 00:00:00+05:30,1941.520757855975,1963.334464692888,1915.4134221953384,1928.9359130859375,1555345
2022-07-06 00:00:00+05:30,1932.6376415110467,1999.2633007561926,1916.203288132755,1987.4681396484375,1952701
2022-07-07 00:00:00+05:30,2102.409511328584,2143.470751227503,2075.315127089497,2099.94189453125,5915740
2022-07-08 00:00:00+05:30,2119.752583836203,2133.6201241042904,2090.5316954141617,2124.0615234375,2039331
2022-07-11 00:00:00+05:30,2132.6295887230417,2153.28241509995,2106.479466624723,2143.12939453125,1219508
2022-07-12 00:00:00+05:30,2111.8284894916374,2121.733876402949,2094.4444870961383,2109.847412109375,1096542
2022-07-13 00:00:00+05:30,2109.8472103284184,2121.5356141320613,2087.510516613494,2091.423095703125,1169721
2022-07-14 00:00:00+05:30,2111.828532706146,2119.752842397351,2093.008297189534,2107.321533203125,767221
2022-07-15 00:00:00+05:30,2114.800006377515,2172.399731832978,2112.0264498062847,2168.982421875,1742573
2022-07-18 00:00:00+05:30,2175.222741430472,2226.037419411998,2173.291239548076,2216.280517578125,2016386
2022-07-19 00:00:00+05:30,2211.3774795192353,2231.6835213244512,2195.7269208837056,2219.9951171875,867223
2022-07-20 00:00:00+05:30,2258.4282146248966,2276.257911056146,2239.707130104379,2249.71142578125,1620332
2022-07-21 00:00:00+05:30,2263.380741587518,2276.2577436184315,2242.5794306145035,2266.94677734375,1117118
2022-07-22 00:00:00+05:30,2277.248435609879,2307.9055595282584,2261.498967259007,2303.00244140625,1185176
2022-07-25 00:00:00+05:30,2317.1669979843928,2326.577114695107,2291.115784408589,2306.81591796875,1248393
2022-07-26 00:00:00+05:30,2312.8581622838246,2312.8581622838246,2264.916188566872,2271.503173828125,1142159
2022-07-27 00:00:00+05:30,2263.479981243089,2289.1348357202987,2245.1054407944634,2281.75537109375,1456382
2022-07-28 00:00:00+05:30,2299.0402788911865,2319.3463218542497,2283.241235293389,2312.56103515625,1126799
2022-07-29 00:00:00+05:30,2332.718671699815,2369.863873478474,2316.9196275761064,2329.796630859375,1239445
2022-08-01 00:00:00+05:30,2342.4257154492566,2358.521967601701,2316.8697713580023,2353.767333984375,581266
2022-08-02 00:00:00+05:30,2347.5765059109376,2375.113527637555,2334.749079276428,2362.385009765625,777687
2022-08-03 00:00:00+05:30,2372.339924409759,2402.9474701260183,2332.718380787049,2393.537353515625,1207016
2022-08-04 00:00:00+05:30,2406.959191465151,2407.454460758723,2348.5174148236374,2400.71875,1015590
2022-08-05 00:00:00+05:30,2402.2542802476514,2449.007656057068,2394.478696960956,2409.782470703125,2443597
2022-08-08 00:00:00+05:30,2436.7251621742507,2451.286032460121,2410.129101781641,2423.798583984375,1576547
2022-08-10 00:00:00+05:30,2446.531310639641,2446.531310639641,2394.2310634753544,2410.574951171875,1065998
2022-08-11 00:00:00+05:30,2423.0555219621733,2462.4790073731483,2423.0555219621733,2448.958251953125,1127878
2022-08-12 00:00:00+05:30,2448.6115870182903,2469.4128990439312,2438.607049740333,2448.56201171875,761420
2022-08-16 00:00:00+05:30,2437.814742369359,2475.8513293933024,2411.9615871465057,2470.2548828125,1035928
2022-08-17 00:00:00+05:30,2471.3939178987252,2499.277484007658,2457.1795916186015,2468.620361328125,863500
2022-08-18 00:00:00+05:30,2468.6203183422026,2480.2095719143013,2443.9560032572053,2455.248046875,827663
2022-08-19 00:00:00+05:30,2475.306325723583,2475.306325723583,2407.9001272716832,2417.508544921875,751505
2022-08-22 00:00:00+05:30,2416.91428721463,2434.743982776049,2385.2170506609955,2394.726318359375,947292
2022-08-23 00:00:00+05:30,2384.2262696971393,2478.277855858521,2377.2924999057477,2456.733642578125,1417877
2022-08-24 00:00:00+05:30,2471.3937342364493,2471.3937342364493,2417.9542267059746,2437.418212890625,672569
2022-08-25 00:00:00+05:30,2449.602090218745,2477.9315924424454,2433.4562617998035,2443.114013671875,732577
2022-08-26 00:00:00+05:30,2459.557095089549,2531.8168427639466,2458.071287083232,2508.935302734375,2398253
2022-08-29 00:00:00+05:30,2434.0010299577343,2516.8594889914307,2434.0010299577343,2507.74658203125,1149676
2022-08-30 00:00:00+05:30,2520.9208150687537,2598.2819788567863,2518.939737807403,2580.00634765625,1794736
2022-09-01 00:00:00+05:30,2568.417186192844,2622.1043335354843,2541.3754322390623,2597.1923828125,1438313
2022-09-02 00:00:00+05:30,2606.1071619003833,2619.9747028607044,2582.383809837978,2587.88134765625,800453
2022-09-05 00:00:00+05:30,2600.1640806881787,2615.022161149254,2586.148054852192,2602.491943359375,733481
2022-09-06 00:00:00+05:30,2606.800551861811,2621.8566911779485,2586.296449897479,2606.7509765625,680071
2022-09-07 00:00:00+05:30,2582.3341506988377,2616.408582077039,2575.796499154656,2612.793212890625,438635
2022-09-08 00:00:00+05:30,2623.9369613037984,2634.7337361752093,2591.2491848889154,2601.847900390625,754150
2022-09-09 00:00:00+05:30,2626.908323550172,2627.0568076054196,2568.4665471212656,2578.817626953125,777186
2022-09-12 00:00:00+05:30,2592.0416782639363,2644.441077947721,2585.305966842415,2635.971923828125,808360
2022-09-13 00:00:00+05:30,2654.64383515042,2697.237001162162,2646.719525194747,2679.9521484375,1536444
2022-09-14 00:00:00+05:30,2619.974542243125,2686.3406270560886,2619.974542243125,2675.048583984375,915281
2022-09-15 00:00:00+05:30,2688.4705320551866,2691.2936640994744,2622.946493388078,2631.019287109375,753648
2022-09-16 00:00:00+05:30,2622.9463175736846,2652.31569150456,2579.610252092624,2587.0888671875,1425731
2022-09-19 00:00:00+05:30,2587.0392991566905,2607.097706664271,2528.399459895736,2595.01318359375,808421
2022-09-20 00:00:00+05:30,2617.201389662155,2668.0656502892202,2610.1687097624945,2658.60595703125,844553
2022-09-21 00:00:00+05:30,2662.5677737109795,2674.4542369864753,2631.514291671462,2641.419677734375,1052572
2022-09-22 00:00:00+05:30,2634.8328337737366,2718.979044516267,2624.927447180602,2711.69873046875,1352472
2022-09-23 00:00:00+05:30,2711.698528877048,2729.6271321793456,2641.7664079960864,2647.164794921875,1226889
2022-09-26 00:00:00+05:30,2640.7761445143333,2652.6130334801246,2539.2955042062517,2630.37548828125,1371409
2022-09-27 00:00:00+05:30,2644.688409768534,2654.1976767841893,2561.087051092825,2575.7470703125,1246270
2022-09-28 00:00:00+05:30,2563.0188349576374,2609.5741529259503,2540.2364453135697,2552.568603515625,1419969
2022-09-29 00:00:00+05:30,2570.2993039816897,2581.39328845798,2493.5325588666237,2507.548583984375,1177076
2022-09-30 00:00:00+05:30,2513.9873145579627,2612.446768285499,2498.7331147401455,2582.284912109375,1453944
2022-10-03 00:00:00+05:30,2600.1638929836645,2600.1638929836645,2531.4206090785938,2549.844482421875,1049142
2022-10-04 00:00:00+05:30,2604.1261522566315,2604.1261522566315,2547.31866304358,2560.6416015625,1291070
2022-10-06 00:00:00+05:30,2573.4688676072687,2595.2111415914824,2557.17455594319,2568.318115234375,1409852
2022-10-07 00:00:00+05:30,2664.5489563424167,2719.0285818438415,2649.69087666021,2704.665771484375,5284814
2022-10-10 00:00:00+05:30,2684.359684050105,2702.090228773351,2632.8516753524646,2654.74267578125,1290447
2022-10-11 00:00:00+05:30,2667.5208495814677,2668.51138832992,2591.6454847177383,2599.6689453125,1067626
2022-10-12 00:00:00+05:30,2605.1166465649317,2619.8755757010135,2581.3437189917154,2596.548583984375,1131702
2022-10-13 00:00:00+05:30,2585.305943121381,2603.135639280839,2566.4857082863978,2574.063232421875,1038687
2022-10-14 00:00:00+05:30,2615.022137076313,2638.3989468521677,2583.0772643790738,2593.0322265625,1326916
2022-10-17 00:00:00+05:30,2589.1687431951705,2609.9700537420454,2577.9262752123104,2600.163818359375,1111199
2022-10-18 00:00:00+05:30,2613.1892899544305,2639.4881379402045,2598.3312110732822,2616.111572265625,771852
2022-10-19 00:00:00+05:30,2629.2363799354102,2651.6719837755954,2615.022053480602,2619.529052734375,1001916
2022-10-20 00:00:00+05:30,2615.0221178510355,2618.9842725750523,2556.9271209424332,2606.6025390625,1022636
2022-10-21 00:00:00+05:30,2624.9273664097877,2654.2967400224243,2615.0715554190347,2640.42919921875,986521
2022-10-24 00:00:00+05:30,2671.4827448724463,2674.355210231417,2653.8015331991205,2658.506591796875,184595
2022-10-25 00:00:00+05:30,2671.8297658016672,2671.8297658016672,2636.8141246270075,2645.03564453125,505759
2022-10-27 00:00:00+05:30,2674.4544105450545,2738.8394241322503,2654.64363713361,2678.218505859375,2117791
2022-10-28 00:00:00+05:30,2683.3195290467975,2712.9861121590934,2667.768121178834,2710.509765625,1003160
2022-10-31 00:00:00+05:30,2723.9811206757536,2764.593202838556,2712.342292251048,2735.372314453125,1144647
2022-11-01 00:00:00+05:30,2743.940661238422,2757.6597188565506,2715.066555095476,2728.884521484375,890107
2022-11-02 00:00:00+05:30,2719.0287176740385,2721.3565803394968,2677.4260924855835,2702.63525390625,1704942
2022-11-03 00:00:00+05:30,2679.406959949328,2752.706817633709,2679.406959949328,2737.501953125,1227960
2022-11-04 00:00:00+05:30,2748.6456257029877,2755.1337022798616,2720.6135751425886,2743.494873046875,1172058
2022-11-07 00:00:00+05:30,2745.773182138405,2745.773182138405,2680.694840148673,2715.611328125,1825529
2022-11-09 00:00:00+05:30,2742.8016231969245,2742.8016231969245,2684.359840687492,2692.38330078125,1184702
2022-11-10 00:00:00+05:30,2684.359614795828,2685.4493039916833,2603.135449329681,2616.012451171875,1198585
2022-11-11 00:00:00+05:30,2645.7287429961943,2668.9072507514034,2616.5574280223027,2626.71044921875,833729
2022-11-14 00:00:00+05:30,2632.8518439263917,2639.7856147719467,2598.3810490709147,2604.918701171875,565428
2022-11-15 00:00:00+05:30,2617.9440731760346,2643.8961374054384,2596.2513735021216,2631.514404296875,1033296
2022-11-16 00:00:00+05:30,2633.8423644496984,2652.860658843023,2605.116742573414,2619.281494140625,835064
2022-11-17 00:00:00+05:30,2613.0409653218194,2619.9747358893906,2551.627568866189,2557.57080078125,1265647
2022-11-18 00:00:00+05:30,2555.5897706811834,2558.9575054296342,2520.9209172029505,2541.524169921875,1038751
2022-11-21 00:00:00+05:30,2527.8545890200808,2554.549556787985,2515.6213401818372,2549.002685546875,629040
2022-11-22 00:00:00+05:30,2555.589925803244,2584.3155490002573,2536.7696899155458,2581.5419921875,912070
2022-11-23 00:00:00+05:30,2590.2090955271988,2607.593097879207,2566.2876829285206,2577.134033203125,992873
2022-11-24 00:00:00+05:30,2586.296629742524,2593.5276108536445,2567.9716631970487,2585.504150390625,752066
2022-11-25 00:00:00+05:30,2595.2113424085096,2595.2113424085096,2561.5330272780175,2570.843994140625,633047
2022-11-28 00:00:00+05:30,2559.948051632123,2583.8201304010904,2554.5992395263224,2567.723876953125,665149
2022-11-29 00:00:00+05:30,2572.577226192788,2615.021901901004,2570.4972402328854,2589.020263671875,866621
2022-11-30 00:00:00+05:30,2589.020285435636,2639.7853890716287,2579.5605933675665,2627.89892578125,1569918
2022-12-01 00:00:00+05:30,2636.8139746847623,2639.7855907343696,2605.116736822286,2613.734375,539844
2022-12-02 00:00:00+05:30,2622.9461674518075,2626.3139019012974,2580.353008388202,2593.130859375,731396
2022-12-05 00:00:00+05:30,2604.1261315649813,2605.067094923821,2564.7522199142745,2590.90234375,747114
2022-12-06 00:00:00+05:30,2595.013058384024,2599.173272115017,2566.7827084391774,2592.239501953125,706596
2022-12-07 00:00:00+05:30,2591.546200940936,2598.9256651829355,2562.226161497106,2572.2802734375,712914
2022-12-08 00:00:00+05:30,2572.2804285329617,2589.1689193039724,2554.35158196699,2559.056640625,648288
2022-12-09 00:00:00+05:30,2572.4287129804366,2605.0173357926487,2543.6535186335163,2590.7041015625,935047
2022-12-12 00:00:00+05:30,2588.7729395282354,2588.7729395282354,2546.6750440126625,2560.19580078125,726330
2022-12-13 00:00:00+05:30,2572.825146702237,2575.400644078611,2540.731789254476,2551.528564453125,832740
2022-12-14 00:00:00+05:30,2550.4884642106954,2571.4382593059586,2546.823277849576,2566.584716796875,767737
2022-12-15 00:00:00+05:30,2560.542392953668,2564.1577622694563,2490.758993898696,2498.831787109375,1225728
2022-12-16 00:00:00+05:30,2476.3465271628006,2496.157299380103,2456.535754945498,2459.35888671875,1177053
2022-12-19 00:00:00+05:30,2459.705540854724,2501.3577396826677,2445.3427303506555,2497.9404296875,572224
2022-12-20 00:00:00+05:30,2492.9877380675503,2493.780217358585,2458.616095066627,2484.41943359375,597902
2022-12-21 00:00:00+05:30,2491.204751465128,2504.081754156598,2457.5264367335917,2466.045166015625,519326
2022-12-22 00:00:00+05:30,2468.224112195494,2485.459386965991,2441.6776295607,2459.50732421875,557608
2022-12-23 00:00:00+05:30,2444.302688066557,2481.299404664811,2431.7724704399643,2459.55712890625,1310439
2022-12-26 00:00:00+05:30,2464.2124734294994,2488.629153893488,2446.8780474280857,2457.62548828125,1076808
2022-12-27 00:00:00+05:30,2474.365499343169,2496.058198621936,2462.082917055499,2479.863037109375,791283
2022-12-28 00:00:00+05:30,2479.1200225455127,2571.4381704369694,2473.87011967116,2555.738037109375,2443430
2022-12-29 00:00:00+05:30,2530.8262160512336,2564.3560456263144,2518.1472731389226,2529.0927734375,1583143
2022-12-30 00:00:00+05:30,2539.7410284077237,2585.305805048424,2528.8946788561357,2572.924072265625,1057182
2023-01-02 00:00:00+05:30,2582.334329782958,2591.2491778719673,2532.609336585965,2541.474609375,697408
2023-01-03 00:00:00+05:30,2543.703168503544,2594.220637971488,2530.8757417792976,2588.871826171875,852511
2023-01-04 00:00:00+05:30,2594.022578422588,2601.4020427526875,2561.1367447061466,2572.9736328125,832054
2023-01-05 00:00:00+05:30,2566.485600649187,2595.211221034685,2519.583499597817,2537.859130859375,1544601
2023-01-06 00:00:00+05:30,2535.7791270498874,2559.9481751222847,2493.1859620252217,2514.08642578125,879019
2023-01-09 00:00:00+05:30,2506.0132964769846,2506.0132964769846,2444.451413967791,2461.141845703125,2324487
2023-01-10 00:00:00+05:30,2471.3938959105503,2475.0588404962573,2432.7628891207664,2444.847412109375,948787
2023-01-11 00:00:00+05:30,2449.602388419396,2465.0548900281005,2407.9997599060057,2414.339111328125,1000412
2023-01-12 00:00:00+05:30,2426.8196389002037,2451.583104603267,2408.9899435939983,2423.451904296875,874520
2023-01-13 00:00:00+05:30,2433.6544158343527,2433.6544158343527,2377.292860987404,2394.330078125,1416869
2023-01-16 00:00:00+05:30,2405.027735737737,2411.763446625716,2369.3683459162553,2383.08740234375,737012
2023-01-17 00:00:00+05:30,2382.245439833851,2395.0232916145997,2363.4252055898414,2385.16748046875,926137
2023-01-18 00:00:00+05:30,2395.122656059745,2406.860636776455,2389.9719030150127,2401.1650390625,601233
2023-01-19 00:00:00+05:30,2369.8638399494735,2388.9812852272303,2344.8031624712166,2362.484375,1116874
2023-01-20 00:00:00+05:30,2367.3377061846604,2374.27147646515,2330.7373528559347,2348.8642578125,1229902
2023-01-23 00:00:00+05:30,2361.3945288664695,2361.741314120762,2333.312903682579,2342.32666015625,932554
2023-01-24 00:00:00+05:30,2350.0527784505825,2367.9816234610344,2341.6332005298955,2348.3193359375,714000
2023-01-25 00:00:00+05:30,2347.576342374527,2347.576342374527,2311.471260918071,2334.30322265625,650664
2023-01-27 00:00:00+05:30,2345.9917755867395,2345.9917755867395,2280.8145221679524,2309.193359375,1238620
2023-01-30 00:00:00+05:30,2309.9361760777,2320.683617368501,2265.41151127288,2313.45263671875,1401847
2023-01-31 00:00:00+05:30,2324.794290961533,2363.8709936726905,2313.5515801677084,2354.658935546875,1252600
2023-02-01 00:00:00+05:30,2385.761732507751,2386.9999057261507,2278.288297150642,2323.704345703125,1521514
2023-02-02 00:00:00+05:30,2318.9006526990534,2362.434779835536,2248.12671153931,2286.262451171875,1788381
2023-02-03 00:00:00+05:30,2298.1488684168576,2446.6305185383717,2298.1488684168576,2439.7958984375,3693638
2023-02-06 00:00:00+05:30,2451.4345687478904,2456.486170546154,2424.4423917018366,2434.743896484375,1049075
2023-02-07 00:00:00+05:30,2433.0599871419086,2436.4772969114897,2409.0890016284866,2423.748779296875,563195
2023-02-08 00:00:00+05:30,2423.8479951321324,2456.535769484139,2423.8479951321324,2443.4111328125,539085
2023-02-09 00:00:00+05:30,2443.6590697266324,2452.227133088835,2428.404869874501,2439.251220703125,464715
2023-02-10 00:00:00+05:30,2428.800886877785,2448.6116608327425,2418.945075201341,2445.144775390625,597337
2023-02-13 00:00:00+05:30,2456.5359682551775,2500.070095616778,2452.722297539906,2495.216552734375,1856317
2023-02-14 00:00:00+05:30,2505.02257712783,2505.02257712783,2456.535760384766,2483.18115234375,843477
2023-02-15 00:00:00+05:30,2479.763920581969,2504.3293273255185,2459.8046636326176,2500.416748046875,707224
2023-02-16 00:00:00+05:30,2506.0626137875965,2521.5644458718252,2494.2753013878355,2498.534423828125,704946
2023-02-17 00:00:00+05:30,2491.204913980539,2521.7631306318426,2472.3846780498707,2476.64404296875,607239
2023-02-20 00:00:00+05:30,2476.3464861964308,2483.5278910064003,2442.965383928645,2450.740966796875,460090
2023-02-21 00:00:00+05:30,2462.4296548091665,2462.4296548091665,2427.3151059478705,2440.291259765625,750272
2023-02-22 00:00:00+05:30,2428.751080230113,2439.4985208092426,2391.556307306459,2408.544189453125,1098118
2023-02-23 00:00:00+05:30,2409.4851941379334,2409.4851941379334,2357.481916566611,2371.8447265625,1602078
2023-02-24 00:00:00+05:30,2377.2927552384244,2390.9126616486446,2355.4513296835266,2376.4013671875,1145691
2023-02-27 00:00:00+05:30,2376.401276497879,2389.1791278373594,2351.142541937409,2378.283203125,862629
2023-02-28 00:00:00+05:30,2378.382389108583,2402.0561655126885,2341.23719067282,2350.35009765625,1430349
2023-03-01 00:00:00+05:30,2347.5765486031905,2373.3801282314075,2343.961179342904,2359.859130859375,479935
2023-03-02 00:00:00+05:30,2359.809853058425,2371.646741577329,2329.4992735911965,2336.631103515625,529609
2023-03-03 00:00:00+05:30,2347.5767742300977,2379.2740133758202,2335.9875195335912,2373.429931640625,710845
2023-03-06 00:00:00+05:30,2389.7239589719397,2403.4427735476697,2369.962762175667,2380.7099609375,682556
2023-03-08 00:00:00+05:30,2373.72683960293,2378.4814737203747,2349.8054267740094,2374.42041015625,858496
2023-03-09 00:00:00+05:30,2378.0853445698312,2385.16759949859,2342.6240109637256,2345.84326171875,601071
2023-03-10 00:00:00+05:30,2332.5698889676355,2357.4322624097144,2315.8792170398337,2353.0244140625,543004
2023-03-13 00:00:00+05:30,2350.3007318617756,2354.4609460912734,2299.040353451135,2309.936279296875,631722
2023-03-14 00:00:00+05:30,2314.8395391910517,2369.2202629740686,2306.816320221291,2333.313232421875,1470817
2023-03-15 00:00:00+05:30,2357.481982278104,2391.011812245736,2357.4324069795584,2376.4013671875,1656307
2023-03-16 00:00:00+05:30,2390.665057528251,2458.51695578418,2390.1697881979158,2427.16650390625,2317115
2023-03-17 00:00:00+05:30,2443.807209521569,2450.59249566181,2424.244072177462,2432.416015625,1625905
2023-03-20 00:00:00+05:30,2438.705945391777,2451.533371433769,2418.449480117275,2436.67529296875,918922
2023-03-21 00:00:00+05:30,2451.5833306547024,2497.6929564115485,2444.6991349206287,2490.263916015625,1652107
2023-03-22 00:00:00+05:30,2494.126760789788,2500.1195680254077,2471.3939469981747,2484.41943359375,754732
2023-03-23 00:00:00+05:30,2486.25212916149,2504.0818257052774,2470.453085312448,2495.216552734375,610778
2023-03-24 00:00:00+05:30,2492.9878497855875,2495.8603152847436,2451.53370843735,2469.759765625,838919
2023-03-27 00:00:00+05:30,2456.5359004379143,2486.252060523857,2443.4608383662458,2470.799560546875,728727
2023-03-28 00:00:00+05:30,2479.2192985766046,2483.429088192675,2470.304449977867,2476.64404296875,599191
2023-03-29 00:00:00+05:30,2476.64370606353,2501.1099610790316,2470.40326452717,2491.254150390625,710603
2023-03-31 00:00:00+05:30,2503.041507439441,2512.748834242789,2476.3465401032713,2491.10546875,848456
2023-04-03 00:00:00+05:30,2502.0016271176482,2520.574227902393,2489.5209844887436,2513.392822265625,701713
2023-04-05 00:00:00+05:30,2535.778850552854,2557.075430743044,2525.972615011518,2548.358642578125,1438377
2023-04-06 00:00:00+05:30,2558.56129295429,2559.5518315888057,2520.92082484269,2524.338134765625,1192271
2023-04-10 00:00:00+05:30,2543.7029877154846,2577.3812983005027,2536.8187931826283,2559.25439453125,1497452
2023-04-11 00:00:00+05:30,2559.2547737955247,2578.8674882911764,2551.62767422242,2555.639404296875,820568
2023-04-12 00:00:00+05:30,2555.639455262614,2568.9125772867033,2539.889744624876,2563.4150390625,553807
2023-04-13 00:00:00+05:30,2563.5141419617853,2575.351030997664,2552.9154262943193,2561.186279296875,481459
2023-04-17 00:00:00+05:30,2575.4006404099946,2587.534739581157,2557.8681536471972,2580.94775390625,1044487
2023-04-18 00:00:00+05:30,2578.4217758687587,2582.978108727527,2535.8781876561857,2553.3115234375,674756
2023-04-19 00:00:00+05:30,2555.6395022999886,2571.38897139686,2537.7602298321726,2544.9912109375,687292
2023-04-20 00:00:00+05:30,2553.261721197921,2594.2205889702673,2546.1794669522997,2554.8466796875,995472
2023-04-21 00:00:00+05:30,2569.0611647398505,2570.002128100497,2535.036065044088,2544.00048828125,409932
2023-04-24 00:00:00+05:30,2546.7742026927895,2611.4561877195883,2545.6845133672223,2604.671142578125,1026391
2023-04-25 00:00:00+05:30,2609.9209108567343,2612.0504722645137,2590.2090462292617,2608.286376953125,630987
2023-04-26 00:00:00+05:30,2608.0881423459095,2622.5994361511734,2600.807586879768,2616.012451171875,631279
2023-04-27 00:00:00+05:30,2616.012456676485,2648.700230652374,2606.6023399258497,2638.25,620037
2023-04-28 00:00:00+05:30,2647.1648281916823,2653.95011432112,2594.7158577871323,2616.8544921875,1567472
2023-05-02 00:00:00+05:30,2631.8611978777635,2648.700354958652,2608.4843889625918,2638.646484375,726439
2023-05-03 00:00:00+05:30,2649.690945782394,2654.148369803336,2618.0928588995616,2628.939208984375,808211
2023-05-04 00:00:00+05:30,2654.3463350264415,2668.758720549119,2631.4154623309814,2645.13427734375,1936641
2023-05-05 00:00:00+05:30,2645.33284314782,2739.830141760403,2641.0734782200043,2707.043212890625,2190777
2023-05-08 00:00:00+05:30,2707.0925766169944,2743.792082256645,2707.043001317956,2725.219482421875,848638
2023-05-09 00:00:00+05:30,2727.2502691355835,2763.6029913001585,2712.540672610884,2722.396484375,893686
2023-05-10 00:00:00+05:30,2733.8867513658743,2741.5138508205673,2710.311882462587,2719.474365234375,522149
2023-05-11 00:00:00+05:30,2731.9055641415653,2738.8393346089297,2718.0875985048906,2731.757080078125,621067
2023-05-12 00:00:00+05:30,2734.6793307377807,2758.1550498999604,2730.766751182541,2746.9619140625,705516
2023-05-15 00:00:00+05:30,2747.754171198565,2775.5884035511417,2738.0964195153692,2753.251708984375,772914
2023-05-16 00:00:00+05:30,2758.6500141221386,2774.3005724427267,2748.2989340690438,2763.850341796875,548885
2023-05-17 00:00:00+05:30,2758.6501866141575,2763.6028799473966,2724.030908580962,2736.263916015625,539547
2023-05-18 00:00:00+05:30,2755.6784578791176,2755.6784578791176,2690.4020591497824,2696.09765625,612441
2023-05-19 00:00:00+05:30,2694.2155285454974,2694.2155285454974,2657.6647494204954,2676.088623046875,846419
2023-05-22 00:00:00+05:30,2676.039392018193,2708.1327484866933,2675.5441226786747,2686.8857421875,559506
2023-05-23 00:00:00+05:30,2694.215450367368,2700.6043760510534,2651.9690752817955,2658.060791015625,713749
2023-05-24 00:00:00+05:30,2649.690870939722,2696.2461871767937,2644.7381777230125,2681.6357421875,814553
2023-05-25 00:00:00+05:30,2688.7676028178907,2694.2651407174853,2656.6246718398147,2682.3291015625,651488
2023-05-26 00:00:00+05:30,2682.3289505490848,2733.5893230426177,2673.6121625125443,2716.205322265625,811400
2023-05-29 00:00:00+05:30,2719.0286094006965,2795.1020265107304,2719.0286094006965,2785.642333984375,1107678
2023-05-30 00:00:00+05:30,2802.729163196574,2815.0117459566436,2771.2299851645325,2775.984619140625,1263691
2023-05-31 00:00:00+05:30,2775.98465245513,2805.3046941339608,2763.702069547657,2796.538330078125,1394580
2023-06-01 00:00:00+05:30,2796.5383335538204,2810.8019938402736,2788.0691794577933,2800.50048828125,538550
2023-06-02 00:00:00+05:30,2803.2242568625816,2843.8363397358557,2799.707796442777,2834.57470703125,1116501
2023-06-05 00:00:00+05:30,2847.7983507149347,2847.7983507149347,2813.12950122797,2828.680908203125,724102
2023-06-06 00:00:00+05:30,2833.881457992849,2865.628269594564,2831.256627343725,2854.1875,1148132
2023-06-07 00:00:00+05:30,2867.609400524924,2882.4674803203898,2842.8459341991475,2879.4462890625,862821
2023-06-08 00:00:00+05:30,2879.3967949850176,2894.205541730134,2843.8861283706133,2849.77978515625,560514
2023-06-09 00:00:00+05:30,2862.6570173294217,2892.3236048349036,2836.160105490819,2849.037109375,727880
2023-06-12 00:00:00+05:30,2857.65412841029,2858.149397683029,2806.443333975223,2825.6103515625,1112274
2023-06-13 00:00:00+05:30,2832.841417400622,2890.391810287017,2828.0870252965346,2884.94384765625,776313
2023-06-14 00:00:00+05:30,2892.372837215427,2900.495205720915,2869.590448429141,2879.54541015625,617700
2023-06-15 00:00:00+05:30,2883.5077637010336,2896.9789450753588,2872.5622625757605,2880.486572265625,564711
2023-06-16 00:00:00+05:30,2884.250495951774,2931.9944106234843,2884.250495951774,2926.348388671875,1022389
2023-06-19 00:00:00+05:30,2938.927980985224,2995.784799018209,2935.312611883131,2940.512939453125,1382633
2023-06-20 00:00:00+05:30,2944.574311885264,2958.0953100860797,2920.4052646103805,2945.862060546875,672298
2023-06-21 00:00:00+05:30,2945.861967327509,2956.757892559722,2930.161832874256,2942.989501953125,509602
2023-06-22 00:00:00+05:30,2946.8525195822112,2956.5102715371445,2927.8342256371034,2942.1474609375,496441
2023-06-23 00:00:00+05:30,2944.3761131754623,2952.7956916319777,2904.259298176772,2911.341552734375,869340
2023-06-26 00:00:00+05:30,2912.183443018388,2952.795525046876,2912.183443018388,2944.47509765625,839713
2023-06-27 00:00:00+05:30,2944.8712484515077,2960.917925354425,2912.8768034069312,2947.545654296875,913730
2023-06-28 00:00:00+05:30,2966.6632691284067,3015.5957819102873,2956.807457885928,2999.4501953125,1525117
2023-06-30 00:00:00+05:30,3017.180649408556,3038.922923844289,3000.4899768579708,3018.81494140625,946112
2023-07-03 00:00:00+05:30,3021.2421156931873,3025.1051198015057,2997.6672468125435,3009.5537109375,429100
2023-07-04 00:00:00+05:30,3012.723310723734,3060.76443535635,3010.2469640931868,3045.5595703125,1291238
2023-07-05 00:00:00+05:30,3045.906500960149,3084.4383596383745,3034.020036566158,3070.521484375,643663
2023-07-06 00:00:00+05:30,3070.6696828482404,3082.4076620778656,3052.245568018865,3077.009033203125,976956
2023-07-07 00:00:00+05:30,3110.2915073229765,3179.6292160849534,3096.820084316926,3114.253662109375,3630808
2023-07-10 00:00:00+05:30,3125.1495169413815,3125.1495169413815,3001.5798173412427,3016.735107421875,1777220
2023-07-11 00:00:00+05:30,3033.8716178312934,3068.6889571362267,3015.992345554135,3058.387451171875,1141925
2023-07-12 00:00:00+05:30,3084.537552478605,3094.4429396092364,3058.436760657095,3067.203125,1300168
2023-07-13 00:00:00+05:30,3094.4812576538334,3095.1273393642573,3060.0479895976405,3065.4638671875,932018
2023-07-14 00:00:00+05:30,3074.308183732278,3077.985245161242,3023.5775460444725,3036.446533203125,721349
2023-07-17 00:00:00+05:30,3050.806154618294,3053.7376624980916,3001.118757963273,3014.484619140625,866575
2023-07-18 00:00:00+05:30,3014.484492289976,3020.9438535833165,2944.872403982746,2977.7158203125,1359863
2023-07-19 00:00:00+05:30,2991.280750160703,2998.53491598019,2966.387315916274,2976.9208984375,568891
2023-07-20 00:00:00+05:30,2983.479582267418,2997.7399614366964,2947.4562215022606,2970.610595703125,1021556
2023-07-21 00:00:00+05:30,2972.0515030237657,2986.2124104610602,2951.431234299284,2957.69189453125,599594
2023-07-24 00:00:00+05:30,2959.381281497374,2974.1880283382848,2932.7985248553136,2960.57373046875,523141
2023-07-25 00:00:00+05:30,2961.368610914803,3013.9377754521315,2954.163938958718,3010.062255859375,874788
2023-07-26 00:00:00+05:30,3025.862794489443,3025.862794489443,2976.274872786536,2989.54150390625,588487
2023-07-27 00:00:00+05:30,2995.1065781574325,3005.193265394157,2964.99596682219,2983.330810546875,595544
2023-07-28 00:00:00+05:30,2989.3426220261777,2991.1811526706874,2933.2456020878076,2968.324951171875,837051
2023-07-31 00:00:00+05:30,2931.556429881567,2999.0815540402277,2931.556429881567,2985.2685546875,656048
2023-08-01 00:00:00+05:30,3005.938299182812,3008.571633955449,2969.0204207649163,2983.131591796875,602288
2023-08-02 00:00:00+05:30,2986.8581912752,2986.907927191593,2941.493698012023,2958.536376953125,1152335
2023-08-03 00:00:00+05:30,2919.581526364582,2968.2751723318324,2864.975129052725,2883.955810546875,3319847
2023-08-04 00:00:00+05:30,2901.6942842563676,2917.4452863430947,2879.881565230285,2886.241455078125,709334
2023-08-07 00:00:00+05:30,2901.6940699165375,2901.6940699165375,2864.428524464911,2886.440185546875,580359
2023-08-08 00:00:00+05:30,2899.756159405755,2913.6686289848094,2886.440035568632,2902.98583984375,474417
2023-08-09 00:00:00+05:30,2905.718971409636,2943.4813930627024,2899.9054489252435,2937.41943359375,600081
2023-08-10 00:00:00+05:30,2939.5061885364726,2976.7717335229895,2898.76252601788,2969.865234375,970990
2023-08-11 00:00:00+05:30,2969.815732916265,3048.272084632245,2961.3688753858023,2998.385986328125,1823274
2023-08-14 00:00:00+05:30,3001.4666975788637,3001.4666975788637,2969.666763393401,2991.8271484375,542561
2023-08-16 00:00:00+05:30,2986.2124547957565,2997.044209915545,2959.4309972764254,2992.2744140625,544441
2023-08-17 00:00:00+05:30,2999.131215442388,3060.196976458618,2993.1687279365387,3052.545166015625,1699758
2023-08-18 00:00:00+05:30,3051.402584943913,3060.246844747785,3016.025060499928,3031.37841796875,860782
2023-08-21 00:00:00+05:30,3031.9248331134722,3063.2278918624315,3030.93108521668,3059.05419921875,706621
2023-08-22 00:00:00+05:30,3065.662735793886,3071.674959504378,3021.0932851366924,3056.371337890625,714220
2023-08-23 00:00:00+05:30,3056.370993224689,3065.7121259956484,3037.191611142131,3050.805908203125,602197
2023-08-24 00:00:00+05:30,3056.4701344669866,3080.5187832905535,3037.1417878085203,3042.060791015625,618626
2023-08-25 00:00:00+05:30,3035.9000051021826,3055.5265272300935,3018.5591517955613,3048.023681640625,648003
2023-08-28 00:00:00+05:30,3054.781070118423,3060.693821649969,3021.68921624914,3029.490234375,471698
2023-08-29 00:00:00+05:30,3032.868885192107,3070.6810416878416,3024.968637831,3060.147216796875,482639
2023-08-30 00:00:00+05:30,3060.7434906723656,3091.5496751564056,3047.8247681468006,3062.9296875,582766
2023-08-31 00:00:00+05:30,3071.5257018765833,3099.449871462697,3062.929637230193,3085.04052734375,1420498
2023-09-01 00:00:00+05:30,3092.4937022433246,3105.362688914624,3080.6184634634646,3097.3134765625,423739
2023-09-04 00:00:00+05:30,3097.4625539934946,3105.4125374132254,3067.004277062346,3080.916748046875,539813
2023-09-05 00:00:00+05:30,3100.493305526298,3137.758850063874,3095.5245662546213,3116.542236328125,721199
2023-09-06 00:00:00+05:30,3116.542427841305,3160.6649808536827,3101.338278827049,3156.193115234375,1163154
2023-09-07 00:00:00+05:30,3153.1620799629786,3163.049823024006,3132.2933741075667,3152.96337890625,805295
2023-09-08 00:00:00+05:30,3162.1059343318134,3184.9621368741236,3152.9635018377376,3179.09912109375,700158
2023-09-11 00:00:00+05:30,3189.881052536691,3201.408625328827,3166.6771844259724,3193.210205078125,544452
2023-09-12 00:00:00+05:30,3195.942953784744,3201.0109224609578,3157.7333958937224,3165.882080078125,591509
2023-09-13 00:00:00+05:30,3158.18055914351,3249.555629939607,3158.18055914351,3242.798095703125,1370306
2023-09-14 00:00:00+05:30,3257.0586291408677,3281.8028559521326,3219.743345243362,3240.9599609375,1264935
2023-09-15 00:00:00+05:30,3241.2082735844765,3243.5931715178394,3218.749473819327,3228.28955078125,1397407
2023-09-18 00:00:00+05:30,3236.636892452089,3331.042942431502,3226.5007124508297,3318.62109375,1423507
2023-09-20 00:00:00+05:30,3293.2804622963995,3328.061637969415,3279.4177279438572,3285.976318359375,1201025
2023-09-21 00:00:00+05:30,3279.3679783250113,3301.7273054499547,3265.256807062337,3283.83984375,1091384
2023-09-22 00:00:00+05:30,3278.175711046468,3278.175711046468,3241.307565898545,3254.027587890625,1019051
2023-09-25 00:00:00+05:30,3254.027587641984,3294.1749068554836,3240.9598994448975,3263.41845703125,623515
2023-09-26 00:00:00+05:30,3273.4054904326003,3287.317960640875,3234.649323423835,3242.201904296875,1054827
2023-09-27 00:00:00+05:30,3226.5007626752717,3246.524686015857,3166.080841225091,3194.452392578125,1464192
2023-09-28 00:00:00+05:30,3197.383807891621,3204.73744516711,3122.1074058876457,3137.510498046875,1214383
2023-09-29 00:00:00+05:30,3140.293189584846,3156.5905585645028,3123.3994748024675,3129.113525390625,697564
2023-10-03 00:00:00+05:30,3129.1135545846396,3192.4152496898832,3094.928479961049,3176.266845703125,1007308
2023-10-04 00:00:00+05:30,3166.0809262610715,3184.962137057983,3131.299748477287,3146.851806640625,486969
2023-10-05 00:00:00+05:30,3154.0563789162647,3210.7994813425403,3145.212119606667,3196.39013671875,1109881
2023-10-06 00:00:00+05:30,3209.805733474488,3299.0443438753564,3200.961474164788,3289.05712890625,1102120
2023-10-09 00:00:00+05:30,3274.101183634527,3275.3931044376436,3228.7366886845966,3247.0712890625,822467
2023-10-10 00:00:00+05:30,3274.399241694368,3278.572934238326,3238.9224911493866,3248.760498046875,633934
2023-10-11 00:00:00+05:30,3269.1324224035434,3275.393082704618,3243.5931498628256,3259.989990234375,546575
2023-10-12 00:00:00+05:30,3271.4181494958143,3274.449129171749,3242.2020577215894,3264.4619140625,429096
2023-10-13 00:00:00+05:30,3264.4616672267557,3286.324119792658,3246.1270680295593,3263.219482421875,920545
2023-10-16 00:00:00+05:30,3263.467917773399,3308.1865707270545,3254.5241871826684,3280.759033203125,778014
2023-10-17 00:00:00+05:30,3297.2057416122184,3307.6400943892095,3283.4424789939626,3287.76513671875,584625
2023-10-18 00:00:00+05:30,3288.510658903756,3303.3671421940426,3257.0088974950736,3262.22607421875,324535
2023-10-19 00:00:00+05:30,3249.5554606142477,3280.3119079648013,3218.7492773484855,3264.11376953125,698767
2023-10-20 00:00:00+05:30,3252.18892221714,3270.9211669147667,3223.718142327663,3245.779296875,657550
2023-10-23 00:00:00+05:30,3225.9044570706815,3254.474709838784,3189.632657904221,3199.619873046875,566920
2023-10-25 00:00:00+05:30,3195.893340758988,3216.066472247448,3159.1246673733904,3167.91943359375,762466
2023-10-26 00:00:00+05:30,3140.5913109043913,3169.956367614187,3072.7182799882808,3081.41357421875,1124281
2023-10-27 00:00:00+05:30,3075.749164649418,3119.1261626251808,3067.9481467350347,3101.18896484375,1050608
2023-10-30 00:00:00+05:30,3085.587211306811,3102.431189589649,3055.77477448259,3096.965576171875,802316
2023-10-31 00:00:00+05:30,3100.096158969617,3185.7571825514747,3068.5446619936956,3169.7080078125,1235478
2023-11-01 00:00:00+05:30,3173.881909484082,3192.8126133769256,3148.5413373791994,3153.5595703125,756820
2023-11-02 00:00:00+05:30,3179.9932648758395,3208.3150798911397,3160.118306970365,3181.48388671875,774180
2023-11-03 00:00:00+05:30,3185.1110720878014,3267.4431849089556,3185.011842863617,3254.027587890625,1355614
2023-11-06 00:00:00+05:30,3289.3056932318036,3289.3056932318036,3225.0102498053784,3246.624267578125,1137606
2023-11-07 00:00:00+05:30,3253.530685144369,3265.902798206753,3229.8794361614005,3249.75439453125,433992
2023-11-08 00:00:00+05:30,3268.436806661213,3303.0192817185102,3251.7417936044935,3291.14404296875,632305
2023-11-09 00:00:00+05:30,3300.186853692284,3300.186853692284,3254.176279996655,3263.219482421875,1317398
2023-11-10 00:00:00+05:30,3242.6490289891963,3254.4745315719365,3202.849378355542,3235.990966796875,1170763
2023-11-13 00:00:00+05:30,3254.5242946375583,3257.853447068604,3230.2769435033542,3244.33837890625,275538
2023-11-15 00:00:00+05:30,3254.7727292188247,3280.2622651796105,3240.3633850241304,3275.34326171875,747863
2023-11-16 00:00:00+05:30,3274.7967358115607,3337.00545145799,3238.872846237181,3315.09326171875,1055389
2023-11-17 00:00:00+05:30,3318.124306939272,3344.955500795924,3305.9011589928386,3317.975341796875,633405
2023-11-20 00:00:00+05:30,3317.1303786859335,3332.9806086352396,3291.541371121175,3324.931396484375,497379
2023-11-21 00:00:00+05:30,3343.9617116836876,3380.4819473164885,3334.123704436464,3373.2275390625,1038863
2023-11-22 00:00:00+05:30,3378.742778851743,3413.523954516393,3374.8175232638637,3408.40625,980779
2023-11-23 00:00:00+05:30,3412.4306581628575,3420.4303769088965,3375.065884428021,3387.090087890625,517362
2023-11-24 00:00:00+05:30,3384.705381170077,3397.723575835656,3361.40204120542,3375.7119140625,589530
2023-11-28 00:00:00+05:30,3396.5805978321,3424.405539126718,3376.109536591029,3420.877685546875,733524
2023-11-29 00:00:00+05:30,3452.1313825845746,3452.1313825845746,3402.592950670039,3407.85986328125,819200
2023-11-30 00:00:00+05:30,3409.648369687518,3478.117499998951,3400.853604106117,3468.7763671875,1480088
2023-12-01 00:00:00+05:30,3477.1239548024655,3478.1177027175277,3448.3052652656634,3467.683349609375,655263
2023-12-04 00:00:00+05:30,3527.805055763081,3527.805055763081,3456.304942662786,3466.590087890625,808838
2023-12-05 00:00:00+05:30,3466.5901197142393,3527.8050881486542,3457.2489863856813,3523.134521484375,713651
2023-12-06 00:00:00+05:30,3527.8050808013327,3551.605294725018,3500.0796111556588,3524.724365234375,474140
2023-12-07 00:00:00+05:30,3524.7243482244917,3572.523719514595,3497.048614630729,3562.983642578125,820214
2023-12-08 00:00:00+05:30,3552.648814853455,3624.148929191784,3552.648814853455,3611.92578125,1562141
2023-12-11 00:00:00+05:30,3611.8264853380024,3621.813700274846,3575.8031238944814,3607.8017578125,620604
2023-12-12 00:00:00+05:30,3614.261002222108,3621.714111245112,3540.9720968292345,3549.071044921875,1075941
2023-12-13 00:00:00+05:30,3562.586257574096,3587.1815183481435,3530.53788747458,3579.827880859375,717618
2023-12-14 00:00:00+05:30,3624.1985241843613,3624.1985241843613,3561.940316447999,3568.946044921875,992762
2023-12-15 00:00:00+05:30,3592.3986711828497,3592.3986711828497,3562.387533019743,3578.0390625,906271
2023-12-18 00:00:00+05:30,3578.1879899560786,3644.2722248434193,3571.4304557605415,3596.969970703125,699850
2023-12-19 00:00:00+05:30,3588.075654176399,3605.267540871358,3577.5918082264043,3587.876953125,577926
2023-12-20 00:00:00+05:30,3587.8771893332146,3628.670590655296,3518.8614436561425,3531.879638671875,849001
2023-12-21 00:00:00+05:30,3502.0672621911463,3576.4491509891423,3496.800349511414,3557.61767578125,816722
2023-12-22 00:00:00+05:30,3557.617569590189,3615.70208725241,3538.289220982163,3604.671630859375,777099
2023-12-26 00:00:00+05:30,3612.2736097580937,3642.086046702452,3600.7957730116696,3633.837890625,526101
2023-12-27 00:00:00+05:30,3645.067426687335,3671.898620940486,3622.2112241753916,3666.1845703125,666625
2023-12-28 00:00:00+05:30,3676.7676410441495,3713.635784005441,3657.6877304947698,3691.872802734375,1033648
2023-12-29 00:00:00+05:30,3691.8727065057724,3691.8727065057724,3637.365540302085,3652.470458984375,709614
2024-01-01 00:00:00+05:30,3665.9361664353723,3674.879897933859,3644.570585633431,3654.16015625,286683
2024-01-02 00:00:00+05:30,3665.936005746489,3684.6682507207056,3619.72672836313,3675.128173828125,453685
2024-01-03 00:00:00+05:30,3684.817175790701,3686.7549356531817,3642.08601652452,3669.960693359375,356757
2024-01-04 00:00:00+05:30,3672.8923146010957,3703.698500140228,3663.6006744976294,3696.444091796875,545228
2024-01-05 00:00:00+05:30,3696.444067727953,3726.55467804944,3664.196996436746,3689.3388671875,963628
2024-01-08 00:00:00+05:30,3746.429523199008,3753.236793251043,3672.693478718839,3682.87939453125,1202148
2024-01-09 00:00:00+05:30,3713.5859624539667,3730.479675826264,3662.109775537888,3670.904541015625,572612
2024-01-10 00:00:00+05:30,3684.8171812640235,3706.6796348745434,3666.9297192190525,3691.226806640625,556311
2024-01-11 00:00:00+05:30,3703.5989456532375,3719.3002109714485,3669.5135868281054,3675.47607421875,392818
2024-01-12 00:00:00+05:30,3676.867145040761,3710.9527457460113,3625.142519518085,3702.70458984375,990582
2024-01-15 00:00:00+05:30,3716.61736331899,3751.398541852724,3712.642371486563,3735.349609375,661292
2024-01-16 00:00:00+05:30,3735.34928092915,3833.8792852660754,3732.5170024518866,3796.4150390625,1170685
2024-01-17 00:00:00+05:30,3795.0733057183425,3830.897964257132,3776.2418324713626,3806.10400390625,723356
2024-01-18 00:00:00+05:30,3767.6460596976062,3800.7376694640366,3695.599339586758,3711.35009765625,1293580
2024-01-19 00:00:00+05:30,3718.803376365247,3837.3575504263204,3717.312754501816,3786.77587890625,2566367
2024-01-23 00:00:00+05:30,3762.329352772228,3833.8791978328727,3682.581087965051,3716.26904296875,1053510
2024-01-24 00:00:00+05:30,3740.467186337119,3756.367153122824,3688.543857302551,3744.293212890625,636988
2024-01-25 00:00:00+05:30,3746.826874879432,3773.2109293710373,3706.779029779061,3746.628173828125,646135
2024-01-29 00:00:00+05:30,3737.0885677661845,3850.7732340695343,3737.0388318467676,3842.475341796875,699215
2024-01-30 00:00:00+05:30,3857.729178691528,3862.64818205805,3691.7732866664155,3712.3935546875,852445
2024-01-31 00:00:00+05:30,3725.5608984121336,3751.3983439599374,3630.4095364428185,3674.4326171875,1386754
2024-02-01 00:00:00+05:30,3714.629630230377,3714.629630230377,3578.486168662276,3604.770751953125,1408462
2024-02-02 00:00:00+05:30,3612.273496102766,3690.2329677365265,3579.9269545130305,3589.814697265625,2320153
2024-02-05 00:00:00+05:30,3590.3614353652333,3601.9882373001815,3512.799363061967,3529.84228515625,1771614
2024-02-06 00:00:00+05:30,3529.8422406288,3555.580213929962,3509.5201448044195,3536.897705078125,1069901
2024-02-07 00:00:00+05:30,3555.630026163629,3597.367438432738,3533.5688710585187,3554.139404296875,900220
2024-02-08 00:00:00+05:30,3582.262352085987,3587.4297924608695,3481.098770911475,3526.91064453125,1011857
2024-02-09 00:00:00+05:30,3526.9107341972385,3575.405437148201,3510.762330981293,3569.14501953125,838509
2024-02-12 00:00:00+05:30,3576.4987506455486,3595.97630685008,3547.7297969924616,3562.834716796875,487283
2024-02-13 00:00:00+05:30,3584.4487594087186,3586.1878182745254,3528.947840845702,3537.69287109375,796060
2024-02-14 00:00:00+05:30,3523.8300347402733,3571.38096854917,3481.397048157815,3563.1328125,1046318
2024-02-15 00:00:00+05:30,3572.5735906975588,3609.2925286654004,3548.6739041476167,3599.40478515625,759063
2024-02-16 00:00:00+05:30,3625.1922611814525,3666.9296720832126,3601.8391860340394,3632.5458984375,915502
2024-02-19 00:00:00+05:30,3648.9925685532207,3686.307850881323,3627.17985057739,3671.9482421875,528874
2024-02-20 00:00:00+05:30,3676.867286420657,3696.692508807024,3642.5829833445723,3663.650390625,744107
2024-02-21 00:00:00+05:30,3629.217069878432,3684.3203424585736,3617.242359150157,3633.490234375,660426
2024-02-22 00:00:00+05:30,3653.0172545292244,3653.0172545292244,3533.1216682890217,3629.217041015625,1017437
2024-02-23 00:00:00+05:30,3649.042452808042,3713.6360692112344,3632.1487377487456,3668.86767578125,897831
2024-02-26 00:00:00+05:30,3666.929790615295,3666.929790615295,3588.2747405262467,3599.851806640625,546842
2024-02-27 00:00:00+05:30,3607.304874927921,3652.023530402234,3598.410879750876,3631.005859375,673959
2024-02-28 00:00:00+05:30,3632.1486338088216,3646.0611046359963,3559.754001066007,3572.2255859375,538608
2024-02-29 00:00:00+05:30,3572.7223563041384,3631.154780606865,3562.884349264443,3601.73974609375,1692242
2024-03-01 00:00:00+05:30,3607.3049782543103,3750.4046798710106,3603.3299865427352,3742.355224609375,1533727
2024-03-04 00:00:00+05:30,3738.082331072454,3740.5667009111044,3691.773580234316,3709.064697265625,787542
2024-03-05 00:00:00+05:30,3724.5669980587218,3735.647189707897,3684.8170834583084,3727.2998046875,733660
2024-03-06 00:00:00+05:30,3724.6168599665216,3791.148233256659,3679.5502957181575,3786.9248046875,765602
2024-03-07 00:00:00+05:30,3788.216782548621,3800.340458571651,3744.541610268899,3763.223876953125,838514
2024-03-11 00:00:00+05:30,3779.123567757035,3784.191778792176,3718.6541571964945,3726.703369140625,597848
2024-03-12 00:00:00+05:30,3738.479483897354,3742.454475374119,3690.28271224158,3725.362060546875,564569
2024-03-13 00:00:00+05:30,3735.4983828216896,3738.479626543016,3567.5549865203157,3603.03173828125,1027729
2024-03-14 00:00:00+05:30,3607.2551772630554,3625.1923755608127,3557.7664828238353,3617.391357421875,1293906
2024-03-15 00:00:00+05:30,3611.9754851483935,3633.0926282662613,3587.4299602589426,3610.48486328125,1207241
2024-03-18 00:00:00+05:30,3596.373677224906,3597.367425132401,3542.810762056612,3557.3193359375,785257
2024-03-19 00:00:00+05:30,3556.6237000775195,3584.1007322039823,3524.873503499087,3560.99609375,554444
2024-03-20 00:00:00+05:30,3560.9960508293434,3574.4116471893126,3527.804968732593,3568.0517578125,526882
2024-03-21 00:00:00+05:30,3584.3988141172226,3614.2609859914683,3567.604572239829,3604.8701171875,767905
2024-03-22 00:00:00+05:30,3604.8701003609867,3703.5988047463106,3598.609440316156,3683.525146484375,1281102
2024-03-26 00:00:00+05:30,3642.0859879770214,3706.6298643979976,3642.0859879770214,3675.078369140625,1158224
2024-03-27 00:00:00+05:30,3675.873475939413,3761.236323360655,3669.7122874925853,3735.895751953125,1315714
2024-03-28 00:00:00+05:30,3736.4922930152393,3814.3028060442302,3709.213960303177,3778.031005859375,1590738
2024-04-01 00:00:00+05:30,3799.0485341468775,3808.588611154023,3707.1765881451256,3715.027099609375,964052
2024-04-02 00:00:00+05:30,3730.5295253215095,3757.8078559862174,3710.754039641069,3732.46728515625,677963
2024-04-03 00:00:00+05:30,3721.6853409429996,3728.5421043771044,3681.8359532828285,3689.2890625,801601
2024-04-04 00:00:00+05:30,3716.6171309625106,3768.5901944450734,3655.9985093077744,3759.099853515625,1177617
2024-04-05 00:00:00+05:30,3754.777020654545,3778.1300966300782,3717.6109457221564,3730.976806640625,623873
2024-04-08 00:00:00+05:30,3774.9003840785213,3784.4901969348743,3697.0901171713895,3725.46142578125,849267
2024-04-09 00:00:00+05:30,3731.5233671903834,3737.485854594682,3641.4402170361277,3656.346435546875,745285
2024-04-10 00:00:00+05:30,3666.9296638560104,3697.090008949948,3658.4330709900837,3687.9970703125,567546
2024-04-12 00:00:00+05:30,3666.4826659844503,3671.6998425348893,3586.883360997767,3596.671875,1910561
2024-04-15 00:00:00+05:30,3584.448512271921,3616.4471446737107,3567.5547987402815,3578.088623046875,854076
2024-04-16 00:00:00+05:30,3566.5613087689603,3630.359877137438,3560.5988212090238,3623.10546875,1116890
2024-04-18 00:00:00+05:30,3623.1053422737527,3637.1172845961682,3479.1113697735477,3503.060791015625,1677946
2024-04-19 00:00:00+05:30,3503.0607539220664,3548.872385688073,3456.5035686307483,3540.7734375,1507940
2024-04-22 00:00:00+05:30,3544.698937938221,3592.3988395420997,3529.792718687009,3574.262939453125,668659
2024-04-23 00:00:00+05:30,3597.3176741511443,3625.1923513625106,3582.610156658954,3610.2861328125,769991
2024-04-24 00:00:00+05:30,3619.2297654951435,3622.062043988298,3557.6671330810245,3587.181396484375,652811
2024-04-25 00:00:00+05:30,3572.523670927078,3579.976780115382,3518.861284771289,3548.773193359375,1889163
2024-04-26 00:00:00+05:30,3565.5676402257495,3570.784816956849,3534.0658787722455,3562.3876953125,798783
2024-04-29 00:00:00+05:30,3562.586262770169,3590.8583423298355,3550.8102529730586,3582.312255859375,703524
2024-04-30 00:00:00+05:30,3580.1256948290256,3596.870443615266,3557.6174024430593,3566.8095703125,963220
2024-05-02 00:00:00+05:30,3562.586224720213,3575.5049474318903,3524.1282294782973,3546.1396484375,1435891
2024-05-03 00:00:00+05:30,3572.5237587888623,3576.498750453718,3470.1677234188337,3511.8056640625,1681592
2024-05-06 00:00:00+05:30,3454.267713862996,3466.987735555419,3236.636922914781,3259.64208984375,6891728
2024-05-07 00:00:00+05:30,3309.180549868387,3311.168045694134,3206.824514842428,3250.449951171875,3111444
2024-05-08 00:00:00+05:30,3254.9218242706042,3260.486909641197,3218.2028873282757,3239.46923828125,2054981
2024-05-09 00:00:00+05:30,3239.469148883133,3301.727357004125,3212.786921051719,3225.407470703125,1860654
2024-05-10 00:00:00+05:30,3237.7299995868416,3285.5291260824642,3222.4758728907404,3269.281494140625,1307103
2024-05-13 00:00:00+05:30,3286.8210363211388,3287.317910249532,3210.302451348583,3233.3076171875,1294603
2024-05-14 00:00:00+05:30,3229.680705711847,3287.318084459935,3229.680705711847,3268.33740234375,620163
2024-05-15 00:00:00+05:30,3283.3430606153383,3285.777694446762,3239.6181530284516,3248.11474609375,657036
2024-05-16 00:00:00+05:30,3255.816176780049,3327.0678501373864,3230.9724801691063,3313.055908203125,1404971
2024-05-17 00:00:00+05:30,3327.0183180959516,3346.9430125217273,3287.318137001744,3340.1357421875,1194228
2024-05-21 00:00:00+05:30,3334.0240220060564,3359.1658910227166,3330.049030623635,3355.886474609375,827674
2024-05-22 00:00:00+05:30,3363.5881236990676,3381.823494271571,3338.9928637650837,3362.69384765625,626567
2024-05-23 00:00:00+05:30,3361.8491874273363,3438.7651787963255,3356.6320108875807,3430.467529296875,977789
2024-05-24 00:00:00+05:30,3430.517170670648,3433.448678408395,3382.9165014131568,3391.065185546875,878625
2024-05-27 00:00:00+05:30,3402.5431503593018,3414.8160342465676,3369.1036298164277,3382.12158203125,804488
2024-05-28 00:00:00+05:30,3382.717842774693,3401.5990528254333,3370.9418331447228,3388.083984375,548576
2024-05-29 00:00:00+05:30,3384.059585622205,3396.6303997987015,3350.0237192696286,3359.265380859375,519533
2024-05-30 00:00:00+05:30,3343.961810463278,3343.961810463278,3233.655789375188,3251.394287109375,2365535
2024-05-31 00:00:00+05:30,3277.380704101614,3307.9881891576124,3196.638684026339,3221.63134765625,2524214
2024-06-03 00:00:00+05:30,3289.3057398725473,3312.112206978119,3229.680862412622,3240.810791015625,1378542
2024-06-04 00:00:00+05:30,3240.8105977708656,3274.5980263167953,3036.545668729905,3218.69970703125,2934800
2024-06-05 00:00:00+05:30,3245.5807314306608,3313.155590505151,3181.036852058095,3296.90771484375,1396386
2024-06-06 00:00:00+05:30,3308.186957047742,3338.9931437910523,3270.176097598335,3300.8828125,1825503
2024-06-07 00:00:00+05:30,3273.802822547368,3434.9889180344453,3273.802822547368,3422.517333984375,2084099
2024-06-10 00:00:00+05:30,3421.473959557636,3430.417690500424,3368.805321783441,3400.803955078125,1655552
2024-06-11 00:00:00+05:30,3396.8290859500567,3416.8035161544044,3380.6309463582525,3389.3759765625,1086157
2024-06-12 00:00:00+05:30,3390.0219894173797,3397.524591957065,3349.7751995420945,3361.153564453125,2054168
2024-06-13 00:00:00+05:30,3403.536625369416,3455.3607209353145,3368.8051867895188,3450.4912109375,1753028
2024-06-14 00:00:00+05:30,3468.1800853926784,3512.898739788859,3457.248858762501,3507.979736328125,2346892
2024-06-18 00:00:00+05:30,3532.575149008925,3602.3362043608727,3515.880135456212,3566.561279296875,1585048
2024-06-19 00:00:00+05:30,3572.5236863678524,3572.5236863678524,3434.392728814269,3440.703125,1862394
2024-06-20 00:00:00+05:30,3452.2801733537376,3468.1801396098285,3396.7297632922123,3414.468017578125,2377432
2024-06-21 00:00:00+05:30,3409.2508333994806,3451.932256698293,3362.246509738929,3378.494384765625,2707405
2024-06-24 00:00:00+05:30,3359.2159351634427,3407.5616752424307,3351.2162157494595,3391.015869140625,645002
2024-06-25 00:00:00+05:30,3391.2144410593883,3401.9964601943757,3363.737166085086,3381.177490234375,1299560
2024-06-26 00:00:00+05:30,3380.2335830585553,3380.2335830585553,3348.9305232713014,3351.663330078125,1485709
2024-06-27 00:00:00+05:30,3359.888494481596,3382.320984429915,3350.96539716155,3370.456787109375,1462935
2024-06-28 00:00:00+05:30,3370.456796367075,3409.638684191286,3356.249552694116,3393.98583984375,1005498
2024-07-01 00:00:00+05:30,3371.852473732355,3424.693449813909,3371.353973958001,3421.154052734375,1001832
2024-07-02 00:00:00+05:30,3435.6604899430276,3439.6484881902047,3375.142665223735,3389.449462890625,878947
2024-07-03 00:00:00+05:30,3410.5360958042284,3416.6675456491894,3331.8726855761483,3350.167724609375,980605
2024-07-04 00:00:00+05:30,3354.903465289292,3359.788665691261,3320.0084812521077,3325.990478515625,741143
2024-07-05 00:00:00+05:30,3322.0024508526385,3322.0024508526385,3247.227485722402,3259.54052734375,2001382
2024-07-08 00:00:00+05:30,3194.386608389134,3194.386608389134,3116.7204395871063,3146.72998046875,5323920
2024-07-09 00:00:00+05:30,3160.4884984373452,3212.382372463967,3155.5035008057403,3205.5029296875,2044328
2024-07-10 00:00:00+05:30,3208.0952397309534,3242.9403246453567,3180.927002520894,3215.323486328125,1437517
2024-07-11 00:00:00+05:30,3237.2075879273298,3248.9722311090127,3220.3084945092783,3238.852783203125,1105185
2024-07-12 00:00:00+05:30,3256.20061701659,3259.1916157462438,3210.3885351556773,3220.1591796875,1496692
2024-07-15 00:00:00+05:30,3232.023269573219,3242.6412173463914,3195.782238810125,3214.52587890625,1243810
2024-07-16 00:00:00+05:30,3218.2646409433733,3241.2455291968117,3214.426338730029,3224.346435546875,501336
2024-07-18 00:00:00+05:30,3223.2495735893417,3259.2912525515285,3196.3804850061692,3252.312255859375,1086374
2024-07-19 00:00:00+05:30,3252.26257713348,3269.161671584938,3225.2936894105746,3249.2216796875,1111191
2024-07-22 00:00:00+05:30,3240.248459384825,3263.578150929161,3213.5288234073573,3244.68505859375,696255
2024-07-23 00:00:00+05:30,3245.3333426767954,3479.5284403380283,3222.45200820655,3456.447998046875,7159507
2024-07-24 00:00:00+05:30,3459.5884359151196,3541.8408987286634,3451.76189209023,3467.963134765625,3862140
2024-07-25 00:00:00+05:30,3404.7534017000667,3444.035085896709,3374.295017316564,3395.5810546875,1476422
2024-07-26 00:00:00+05:30,3395.5812480048753,3491.193411201591,3382.819604587411,3483.666015625,1830745
2024-07-29 00:00:00+05:30,3484.513491637484,3489.049888355427,3377.8345378162503,3401.46337890625,2213293
2024-07-30 00:00:00+05:30,3414.6736200454043,3468.561495350681,3400.366822296563,3457.84375,1316880
2024-07-31 00:00:00+05:30,3468.611321454025,3489.398615956821,3436.2088361879028,3448.571533203125,1361595
2024-08-01 00:00:00+05:30,3464.57355338404,3481.5225463070697,3432.171066913542,3457.943603515625,879399
2024-08-02 00:00:00+05:30,3404.7534005942553,3467.4645737719798,3399.768402935991,3451.96142578125,1168195
2024-08-05 00:00:00+05:30,3310.088379581103,3448.621417322425,3306.548982523799,3365.820556640625,1932064
2024-08-06 00:00:00+05:30,3370.8055445622945,3406.099474307244,3311.13526816504,3325.09326171875,976535
2024-08-07 00:00:00+05:30,3349.9185104284106,3358.742053868223,3307.097428150833,3316.269775390625,1277139
2024-08-08 00:00:00+05:30,3326.9876140384454,3349.8687058249648,3274.0468387293126,3286.609130859375,1280733
2024-08-09 00:00:00+05:30,3339.9485096810986,3339.9485096810986,3275.2433359164847,3321.703369140625,1019809
2024-08-12 00:00:00+05:30,3321.653386524888,3334.9634276126762,3285.4624983149342,3310.885986328125,874598
2024-08-13 00:00:00+05:30,3320.0085734771596,3394.5342914553635,3295.482286652197,3373.39794921875,1314371
2024-08-14 00:00:00+05:30,3379.8284474589036,3405.949786778295,3346.7780100040686,3391.94189453125,997803
2024-08-16 00:00:00+05:30,3399.768571200967,3439.7483517622013,3360.0879391956523,3434.414306640625,1161982
2024-08-19 00:00:00+05:30,3425.8899174726134,3493.685889097806,3425.8899174726134,3454.4541015625,1135205
2024-08-20 00:00:00+05:30,3469.558427871756,3472.649223834534,3444.0351420736,3464.4736328125,526591
2024-08-21 00:00:00+05:30,3464.473580918054,3571.252328298247,3444.1847864601523,3549.717041015625,1990034
2024-08-22 00:00:00+05:30,3564.223615995652,3614.1234938824637,3543.037374824617,3593.585205078125,1531544
2024-08-23 00:00:00+05:30,3600.613912007638,3611.979852719968,3533.366342240021,3559.288330078125,1173387
2024-08-26 00:00:00+05:30,3581.222525688669,3629.078505987404,3563.3264317377416,3619.307861328125,1156681
2024-08-27 00:00:00+05:30,3619.3077940124144,3647.822079106646,3519.906985463965,3540.5947265625,1169007
2024-08-28 00:00:00+05:30,3548.9694547330123,3569.208594872375,3509.338721459846,3516.916015625,727481
2024-08-29 00:00:00+05:30,3526.3875240490474,3543.0872670594576,3499.4685353158484,3522.598876953125,927472
2024-08-30 00:00:00+05:30,3539.348434901835,3587.2044137399444,3531.8709382083803,3554.452880859375,2116894
2024-09-02 00:00:00+05:30,3554.452952055237,3591.142585247635,3541.3425049533485,3576.785888671875,718800
2024-09-03 00:00:00+05:30,3576.7858724485113,3623.9936562597827,3549.467938060294,3610.284912109375,1112614
2024-09-04 00:00:00+05:30,3575.3401998079667,3606.645888456487,3557.4937617372993,3596.875244140625,529856
2024-09-05 00:00:00+05:30,3605.748727753288,3742.686472098319,3589.597140057635,3711.679931640625,3437885
2024-09-06 00:00:00+05:30,3703.803457948726,3730.77234466433,3654.003378726555,3684.411865234375,1408795
2024-09-09 00:00:00+05:30,3679.0282694304474,3713.275059162532,3642.7872371183857,3673.494873046875,923357
2024-09-10 00:00:00+05:30,3692.8863721006087,3738.7483518837157,3655.0003888015203,3716.216064453125,1109078
2024-09-11 00:00:00+05:30,3720.702483582888,3732.267775602727,3688.99809295764,3699.965087890625,831810
2024-09-12 00:00:00+05:30,3724.7903290413096,3762.6763120454775,3699.9651375412905,3752.95556640625,1337327
2024-09-13 00:00:00+05:30,3765.667261020872,3788.4487978636757,3728.7782780561456,3755.697265625,1003355
2024-09-16 00:00:00+05:30,3756.6943045883545,3777.6312951394043,3724.192021893488,3729.42626953125,386602
2024-09-17 00:00:00+05:30,3748.618450760153,3765.6672401558653,3716.1164119945533,3756.095947265625,392339
2024-09-18 00:00:00+05:30,3757.691296185591,3774.6402885005696,3696.8743237612553,3714.17236328125,420638
2024-09-19 00:00:00+05:30,3738.7483807954545,3783.613361365,3729.875182001606,3769.60546875,945257
2024-09-20 00:00:00+05:30,3781.619291198779,3807.541279485404,3728.778315076044,3785.806640625,1951755
2024-09-23 00:00:00+05:30,3785.8067472228045,3817.5113824707787,3769.6554027479797,3808.63818359375,530107
2024-09-24 00:00:00+05:30,3806.544239128682,3828.3784316651104,3770.203654621133,3773.54345703125,1281513
2024-09-25 00:00:00+05:30,3788.598343743729,3792.1377408780563,3698.9182816306775,3726.03662109375,942343
2024-09-26 00:00:00+05:30,3726.7842452614123,3765.8166795198954,3690.293965079405,3746.275634765625,1863893
2024-09-27 00:00:00+05:30,3762.6764571534063,3855.397419134134,3739.9448177926392,3805.248291015625,2164755
2024-09-30 00:00:00+05:30,3774.6402347356,3851.9575972586726,3774.6402347356,3812.476318359375,1068609
2024-10-01 00:00:00+05:30,3812.476339209312,3826.4343327579913,3745.7272687420664,3764.620361328125,774221
2024-10-03 00:00:00+05:30,3678.031274186905,3770.65243846659,3639.098391628468,3663.923583984375,1597560
2024-10-04 00:00:00+05:30,3614.123357833208,3742.5369481669413,3614.123357833208,3659.088134765625,1542987
2024-10-07 00:00:00+05:30,3728.728499671182,3736.7543949053597,3541.641627396217,3578.480712890625,2523321
2024-10-08 00:00:00+05:30,3578.480565841405,3584.2133131433734,3469.5583671040163,3482.868408203125,1360120
2024-10-09 00:00:00+05:30,3507.444405130109,3548.1220353152257,3476.1387167283983,3482.968017578125,1063802
2024-10-10 00:00:00+05:30,3499.4684607635613,3520.953849994883,3404.8532997431926,3436.90673828125,1488328
2024-10-11 00:00:00+05:30,3453.6063998237105,3480.5253873512047,3433.9655576056384,3463.97509765625,858463
2024-10-14 00:00:00+05:30,3463.9752395899745,3514.4235156458903,3442.1909448357246,3487.30517578125,593206
2024-10-15 00:00:00+05:30,3513.376494664981,3518.8599921573987,3466.5674147522313,3497.972900390625,578719
2024-10-16 00:00:00+05:30,3497.474432687806,3499.4684317942415,3429.678463069,3460.58544921875,591644
2024-10-17 00:00:00+05:30,3476.5375907040125,3476.5375907040125,3369.958431271654,3393.138671875,560796
2024-10-18 00:00:00+05:30,3384.8135922819374,3412.081628304651,3286.210430653519,3371.30419921875,1249585
2024-10-21 00:00:00+05:30,3407.694517375616,3409.588962539974,3325.4919542661255,3353.15869140625,714746
2024-10-22 00:00:00+05:30,3364.773614767125,3411.2338902053475,3309.2906883133423,3319.80908203125,882086
2024-10-23 00:00:00+05:30,3320.0085953295393,3324.993593220425,3272.65111536613,3278.73291015625,877837
2024-10-24 00:00:00+05:30,3291.1454706764557,3332.8697565276557,3269.3609327653344,3320.90576171875,764369
2024-10-25 00:00:00+05:30,3322.0025972008975,3332.3216402067033,3222.651686517598,3256.7490234375,805013
2024-10-28 00:00:00+05:30,3260.188569916221,3305.0535502361686,3244.2864755733253,3273.199462890625,736462
2024-10-29 00:00:00+05:30,3275.941284892478,3288.1046311471814,3217.3176606161173,3273.54833984375,702769
2024-10-30 00:00:00+05:30,3251.2156122340325,3311.833235041328,3225.3934206193935,3298.523193359375,895278
2024-10-31 00:00:00+05:30,3281.12565008825,3289.9988490743817,3243.8379627923296,3257.24755859375,1170306
2024-11-01 00:00:00+05:30,3294.086526901833,3307.645818201471,3272.5015839177877,3283.8173828125,176636
2024-11-04 00:00:00+05:30,3308.0444754204495,3308.0444754204495,3180.528331552138,3212.33251953125,1122152
2024-11-05 00:00:00+05:30,3196.3806217531055,3249.1218016483626,3175.4436307809233,3220.557861328125,872402
2024-11-06 00:00:00+05:30,3135.5636927651212,3199.3217675023657,3104.6567056504255,3167.517578125,4522923
2024-11-07 00:00:00+05:30,3170.4585088854715,3176.4904047302202,3098.7743399629003,3111.486083984375,1608603
2024-11-08 00:00:00+05:30,3111.635718204443,3183.319891311852,3096.6807243649473,3176.68994140625,1719882
2024-11-11 00:00:00+05:30,3182.0240099568505,3220.358595765524,3148.77397604611,3196.97900390625,1054929
2024-11-12 00:00:00+05:30,3192.0436214722763,3229.2816533063387,3175.4436757581625,3188.853271484375,992983
2024-11-13 00:00:00+05:30,3165.4736144942412,3211.933891522183,3152.711971398283,3178.28515625,911537
2024-11-14 00:00:00+05:30,3135.613525179911,3185.5630572554533,3126.5906304505943,3174.1474609375,1161637
2024-11-18 00:00:00+05:30,3174.1474358495875,3197.5769254015186,3148.0260961796916,3162.78173828125,943251
2024-11-19 00:00:00+05:30,3182.422577318581,3273.1495367596804,3162.781734780533,3215.0244140625,1174506
2024-11-21 00:00:00+05:30,3215.3237101417926,3224.246807880565,3138.9037881616646,3168.913330078125,1582159
2024-11-22 00:00:00+05:30,3165.3242132287655,3307.0476061312966,3142.6921280412716,3298.7724609375,2207527
2024-11-25 00:00:00+05:30,3349.9185676572224,3359.739110821481,3288.154492747662,3299.17138671875,1892510
2024-11-26 00:00:00+05:30,3300.068620574286,3333.717356509145,3285.811477852118,3317.51611328125,721345
2024-11-27 00:00:00+05:30,3315.02346951233,3319.908669893638,3270.3079427934163,3281.7734375,732835
2024-11-28 00:00:00+05:30,3282.122588405071,3295.0835828307286,3190.747675067422,3202.711669921875,1701387
2024-11-29 00:00:00+05:30,3202.7115295241524,3250.218459646237,3202.7115295241524,3239.25146484375,1139585
2024-12-02 00:00:00+05:30,3239.251458597794,3299.9686323421633,3212.382370065127,3296.927978515625,915980
2024-12-03 00:00:00+05:30,3280.128513456652,3328.682342770577,3266.7688168745035,3322.750244140625,1162310
2024-12-04 00:00:00+05:30,3331.972632477376,3372.849615700468,3327.9846341141474,3354.355224609375,1630076
2024-12-05 00:00:00+05:30,3364.823574340231,3455.0021347349916,3343.5377800447804,3430.725341796875,2383630
2024-12-06 00:00:00+05:30,3443.586543660326,3489.1493743689784,3419.7084531428854,3459.688232421875,1278516
2024-12-09 00:00:00+05:30,3457.0960942779,3477.7838358658646,3436.5578052658843,3457.7939453125,926422
2024-12-10 00:00:00+05:30,3459.588541479357,3506.3976230635744,3425.740454430941,3465.3212890625,1063355
2024-12-11 00:00:00+05:30,3474.2941464947744,3480.2761437338786,3449.9175564270427,3462.67919921875,554702
2024-12-12 00:00:00+05:30,3460.086871196628,3462.67916733961,3401.7623986523254,3435.4111328125,926472
2024-12-13 00:00:00+05:30,3409.7385127589628,3507.4444701421144,3370.1077800448784,3498.322021484375,1242351
2024-12-16 00:00:00+05:30,3494.483407391407,3500.465404665116,3418.711441924432,3427.8837890625,1295227
2024-12-17 00:00:00+05:30,3411.7824657332308,3439.0502582358376,3387.4058746530377,3395.88037109375,1005604
2024-12-18 00:00:00+05:30,3390.9947759589672,3413.7264140801376,3379.8284298281737,3391.692626953125,646145
2024-12-19 00:00:00+05:30,3339.5498293492997,3389.748611237777,3322.002539699533,3346.778076171875,732634
2024-12-20 00:00:00+05:30,3339.9484404096834,3408.7414082867786,3323.1489008909543,3346.1796875,1235769
2024-12-23 00:00:00+05:30,3367.964272910767,3396.07961150319,3326.6384468896463,3386.757568359375,691202
2024-12-24 00:00:00+05:30,3375.192464553979,3408.7414014577967,3328.183790553953,3343.338134765625,485245
2024-12-26 00:00:00+05:30,3354.9034274167925,3361.7329715787814,3302.7104045185583,3313.079345703125,637094
2024-12-27 00:00:00+05:30,3309.8891877770916,3334.9636301141104,3291.1954454558245,3299.27099609375,568989
2024-12-30 00:00:00+05:30,3300.018691710639,3307.9946883036805,3237.7062183275016,3247.57666015625,941859
2024-12-31 00:00:00+05:30,3240.2484648667582,3265.8214053877796,3221.1061226174706,3243.388916015625,616440
2025-01-01 00:00:00+05:30,3238.2546133374153,3260.0888066244493,3234.316513705401,3244.087158203125,357376
2025-01-02 00:00:00+05:30,3254.206687217814,3390.745733454845,3241.2456924464195,3378.78173828125,1152493
2025-01-03 00:00:00+05:30,3384.813528941025,3471.5025925838304,3367.814637647198,3441.29345703125,1630862
2025-01-06 00:00:00+05:30,3479.528348635974,3517.912830418921,3430.8747230450626,3459.987060546875,2145936
2025-01-07 00:00:00+05:30,3479.5284612475266,3565.9682743395924,3474.543463452043,3494.583251953125,2389563
2025-01-08 00:00:00+05:30,3477.185487990186,3503.955024077708,3381.124724497449,3473.596435546875,1317377
2025-01-09 00:00:00+05:30,3475.490605452535,3495.929096655722,3451.163913286127,3476.58740234375,826237
2025-01-10 00:00:00+05:30,3451.612474792893,3477.53446333842,3418.4622394414014,3429.927734375,570060
2025-01-13 00:00:00+05:30,3369.858592941671,3456.597556724489,3342.4411043896307,3372.600341796875,1282557
2025-01-14 00:00:00+05:30,3389.7984710073365,3418.7114579659283,3300.0685114806715,3312.531005859375,1133561
2025-01-15 00:00:00+05:30,3312.0325768144935,3330.4770688888666,3273.149593522571,3313.528076171875,1169593
2025-01-16 00:00:00+05:30,3317.017546858087,3328.832089045572,3272.152566512847,3306.94775390625,1170734
2025-01-17 00:00:00+05:30,3309.938688972625,3357.894464405308,3275.193400906873,3347.326171875,559153
2025-01-20 00:00:00+05:30,3363.976357481839,3397.4753970983365,3337.456071470025,3372.101806640625,722342
2025-01-21 00:00:00+05:30,3390.7456072629593,3402.460352101122,3325.1429874876303,3343.28857421875,1016047
2025-01-22 00:00:00+05:30,3344.7341984671266,3374.8435367306374,3324.6445111327193,3346.379150390625,598329
2025-01-23 00:00:00+05:30,3346.3792469681425,3422.6996147613213,3315.522158138297,3388.35302734375,713603
2025-01-24 00:00:00+05:30,3396.7774396732993,3437.305373693309,3370.3070531509634,3391.94189453125,564244
2025-01-27 00:00:00+05:30,3377.8345482197856,3391.7426435604993,3297.32683282169,3309.390625,618309
2025-01-28 00:00:00+05:30,3309.3905020726343,3360.735978097318,3289.649862608711,3315.920654296875,579957
2025-01-29 00:00:00+05:30,3329.180846009845,3364.8734785528536,3299.1214069646767,3360.63623046875,570137
2025-01-30 00:00:00+05:30,3360.536461895515,3379.828500700806,3335.162871832935,3358.293212890625,688608
2025-01-31 00:00:00+05:30,3389.7986186967264,3516.8661682365464,3382.221324421104,3479.77783203125,1212261
2025-02-01 00:00:00+05:30,3516.417539648108,3624.2429475054346,3397.7745889199746,3541.342529296875,2186692
2025-02-03 00:00:00+05:30,3554.303475050544,3631.620840559701,3541.0932307183084,3569.5576171875,1543897
2025-02-04 00:00:00+05:30,3579.2284254961887,3603.156414970258,3509.43845619682,3586.9052734375,1279779
2025-02-05 00:00:00+05:30,3585.2105358197646,3641.0425130182925,3461.781937545684,3480.42578125,2165947
2025-02-06 00:00:00+05:30,3480.4257773341196,3493.7358192466777,3387.655160052069,3400.516357421875,1059617
2025-02-07 00:00:00+05:30,3404.653728151637,3443.5367113122215,3378.0338883617796,3414.524169921875,740155
2025-02-10 00:00:00+05:30,3404.7534226976054,3414.723418078858,3301.0654707325834,3317.466064453125,904436
2025-02-11 00:00:00+05:30,3324.694303076231,3337.9544455828946,3261.783778417297,3271.953125,903965
2025-02-12 00:00:00+05:30,3272.900265240313,3307.4462022051775,3202.9608443317934,3245.68212890625,774619
2025-02-13 00:00:00+05:30,3240.49794167128,3268.1147818395307,3205.553057098396,3221.80419921875,727243
2025-02-14 00:00:00+05:30,3226.5897756209774,3243.239619854071,3176.88924940753,3203.60888671875,587411
2025-02-17 00:00:00+05:30,3185.662937705252,3228.7831699424014,3166.4706956112605,3223.4990234375,712614
2025-02-18 00:00:00+05:30,3225.0942009915375,3234.2665481925856,3182.7217200118257,3212.18310546875,592636
2025-02-19 00:00:00+05:30,3210.3385716248868,3243.8875093346855,3182.223232815878,3200.667724609375,521953
2025-02-20 00:00:00+05:30,3200.3686585075066,3208.992607529341,3178.584120275609,3181.874267578125,653151
2025-02-21 00:00:00+05:30,3181.8742806207065,3196.3307746202627,3152.7619413859793,3170.35888671875,407794
2025-02-24 00:00:00+05:30,3121.6055121459385,3178.384586401629,3121.6055121459385,3163.4794921875,431232
2025-02-25 00:00:00+05:30,3130.5785273332094,3201.863993799555,3127.1389276328846,3189.2021484375,642281
2025-02-27 00:00:00+05:30,3189.202304886031,3218.314643937676,3167.417766701837,3213.429443359375,604023
2025-02-28 00:00:00+05:30,3192.392538773712,3208.2946328133435,3050.818603575128,3068.016845703125,1322618
2025-03-03 00:00:00+05:30,3080.7286821349267,3092.7924743375943,3048.5754458893434,3072.752685546875,516171
2025-03-04 00:00:00+05:30,3040.84877087989,3060.7887628200856,3007.9477841785665,3039.353271484375,1186136
2025-03-05 00:00:00+05:30,3039.3531802903995,3098.1262560890555,3026.5915371499586,3077.2890625,579883
2025-03-06 00:00:00+05:30,3081.924919368353,3122.2535019489055,3037.8575885249293,3111.7353515625,1399483
2025-03-07 00:00:00+05:30,3111.735326021436,3115.224824371474,3065.424503192318,3070.110595703125,1020056
2025-03-10 00:00:00+05:30,3070.758588659431,3073.749587284749,3012.035413012265,3017.71826171875,855408
2025-03-11 00:00:00+05:30,3005.953589397834,3046.7307728990663,3000.968591737141,3037.25927734375,576260
2025-03-12 00:00:00+05:30,3028.286439347942,3044.637378571859,2987.060652590733,3009.891845703125,489535
2025-03-13 00:00:00+05:30,3010.3404101027927,3040.3501945809317,2991.2978643239117,3001.1181640625,785215
2025-03-17 00:00:00+05:30,2976.0934973410876,3027.2892771898255,2976.0934973410876,3008.296630859375,632348
2025-03-18 00:00:00+05:30,3008.296630859375,3008.296630859375,3008.296630859375,3008.296630859375,0
2025-03-19 00:00:00+05:30,3078.784569159933,3085.713667486077,3049.024034648242,3067.06982421875,730983
2025-03-20 00:00:00+05:30,3090.6985337800365,3195.3834841177472,3070.75854323952,3183.519287109375,1542807
2025-03-21 00:00:00+05:30,3177.387688468152,3180.428585797634,3145.4837026545083,3153.21044921875,1181974
2025-03-24 00:00:00+05:30,3158.6938395647617,3166.420585866734,3065.7735327181413,3069.861328125,1481216
2025-03-25 00:00:00+05:30,3075.7437334880083,3090.6488286688336,3036.8607494990188,3044.53759765625,1174346
2025-03-26 00:00:00+05:30,3059.7417682196988,3068.515413078751,3025.4450805257015,3048.326171875,1010449
2025-03-27 00:00:00+05:30,3038.4059629828116,3088.4053919939442,3038.4059629828116,3078.385498046875,1635143
2025-03-28 00:00:00+05:30,3084.7166304761386,3102.46327127879,3041.895548169086,3054.15869140625,778417
2025-04-01 00:00:00+05:30,3044.5375137307856,3066.471504094303,2973.0526938185776,2977.98779296875,1068622
2025-04-02 00:00:00+05:30,3001.9657551489604,3095.683716286125,2962.2352242610814,3089.1533203125,1674921
2025-04-03 00:00:00+05:30,3061.7856419507675,3141.545606573386,3058.7946432774193,3118.166015625,1115568
2025-04-04 00:00:00+05:30,3089.70160915198,3105.5538046527363,3040.848631143446,3066.969970703125,901801
2025-04-07 00:00:00+05:30,2916.223769645376,3038.854717907386,2916.223769645376,3013.132080078125,1378989
2025-04-08 00:00:00+05:30,3140.2495763107845,3217.566943599943,3091.6957447063055,3112.931884765625,2830156
2025-04-09 00:00:00+05:30,3128.4350881695523,3178.683767368816,3081.4264140508526,3164.6259765625,1215988
2025-04-11 00:00:00+05:30,3212.3326504228253,3232.821040496807,3191.6449091142363,3225.19384765625,814920
2025-04-15 00:00:00+05:30,3260.1886678889364,3275.143661778335,3235.363475395776,3263.578369140625,1121769
2025-04-16 00:00:00+05:30,3240.248682300242,3276.1406677041828,3235.363481650169,3262.282470703125,889943
2025-04-17 00:00:00+05:30,3240.2486455789817,3324.7942589206323,3201.5650130670647,3317.51611328125,1083612
2025-04-21 00:00:00+05:30,3304.0565443751057,3343.438027025322,3280.1285549167465,3326.09033203125,672129
2025-04-22 00:00:00+05:30,3326.0903257686723,3348.722167073805,3310.1383328264683,3327.38623046875,609213
2025-04-23 00:00:00+05:30,3346.9274139601193,3363.5772573884615,3305.5519335671065,3347.2265625,628656
2025-04-24 00:00:00+05:30,3346.728289499282,3384.8136253503217,3333.9666460004346,3372.450927734375,901747
2025-04-25 00:00:00+05:30,3372.45072113993,3409.239906582039,3306.0504548109493,3355.102783203125,704325
2025-04-28 00:00:00+05:30,3345.9304197427305,3387.2061028852604,3340.9454220971065,3358.9912109375,384147
2025-04-29 00:00:00+05:30,3365.77079702271,3387.8045851842357,3343.9366035043927,3368.462890625,575435
2025-04-30 00:00:00+05:30,3363.8764774257143,3398.771461631375,3344.2356349972897,3369.559326171875,708818
2025-05-02 00:00:00+05:30,3352.012445531442,3371.354140367856,3314.026663487433,3331.97265625,514587
2025-05-05 00:00:00+05:30,3347.62543949489,3398.2730668164622,3297.077609494511,3311.833251953125,565178
2025-05-06 00:00:00+05:30,3311.8331244412807,3315.3226228352714,3235.7620107706616,3289.400634765625,650789
2025-05-07 00:00:00+05:30,3270.1586574100547,3370.8556160681082,3250.418016833093,3328.8818359375,1047443
2025-05-08 00:00:00+05:30,3339.848736275286,3402.2610062364442,3315.0235445380736,3359.190673828125,1597339
2025-05-09 00:00:00+05:30,3356.8974935577767,3519.4084206293296,3344.1358506030547,3499.767578125,2863992
2025-05-12 00:00:00+05:30,3526.586876196193,3574.2435049437295,3519.7076764369476,3552.209716796875,956930
2025-05-13 00:00:00+05:30,3552.2096405124134,3577.6331293321473,3529.478245235364,3552.5087890625,996541
2025-05-14 00:00:00+05:30,3544.3334105714875,3599.1683859811733,3539.348412806971,3576.835693359375,588159
2025-05-15 00:00:00+05:30,3586.207309476769,3654.003277518031,3543.236532369733,3625.887939453125,1227751
2025-05-16 00:00:00+05:30,3643.036503649814,3644.9307055085037,3602.558222912686,3622.79736328125,525064
2025-05-19 00:00:00+05:30,3606.147363842015,3638.549849140568,3600.5640690119503,3606.84521484375,376760
2025-05-20 00:00:00+05:30,3606.845226748082,3609.138374396859,3564.373191922964,3569.856689453125,811416
2025-05-21 00:00:00+05:30,3559.2883408174484,3612.229113502087,3556.5964907539105,3569.7568359375,415016
2025-05-22 00:00:00+05:30,3554.3034780352036,3564.2734737660176,3505.5502962747623,3530.37548828125,709846
2025-05-23 00:00:00+05:30,3520.4053992746503,3595.479513820155,3512.4294029013295,3568.959228515625,416717
2025-05-26 00:00:00+05:30,3565.270396000376,3629.0783672934476,3559.6871011489948,3599.467529296875,525514
2025-05-27 00:00:00+05:30,3604.1534130784125,3628.0814025428335,3551.511787575067,3578.630126953125,1019733
2025-05-28 00:00:00+05:30,3584.213505476824,3590.793800096295,3534.3635262629605,3563.974365234375,449324
2025-05-29 00:00:00+05:30,3569.2585460954137,3589.1985379730418,3549.418351540415,3577.53369140625,513095
2025-05-30 00:00:00+05:30,3569.2584855177565,3594.183474941763,3531.4722989142024,3544.33349609375,962944
2025-06-02 00:00:00+05:30,3514.5231725476074,3531.3723673946956,3465.4706004987693,3514.921875,726392
2025-06-03 00:00:00+05:30,3514.9218623425054,3569.2583370262855,3492.987872561897,3509.239013671875,676943
2025-06-04 00:00:00+05:30,3495.580218109533,3509.2390632570186,3475.5404297999444,3489.299072265625,410354
2025-06-05 00:00:00+05:30,3488.202425743534,3524.3935596344136,3463.7759357262657,3493.486572265625,608651
2025-06-06 00:00:00+05:30,3513.426562012434,3560.1857455113895,3475.7399287553108,3549.21875,602422
2025-06-09 00:00:00+05:30,3554.1040631607975,3569.2584077186543,3510.6347851895894,3523.296630859375,540262
2025-06-10 00:00:00+05:30,3534.363371548687,3534.363371548687,3495.5801867812484,3513.625732421875,561695
2025-06-11 00:00:00+05:30,3514.4233432512588,3538.3513319712674,3494.4833526512516,3530.9736328125,505077
2025-06-12 00:00:00+05:30,3537.354438778133,3549.1190822674134,3435.1619838810757,3442.34033203125,811822
2025-06-13 00:00:00+05:30,3399.469466137835,3430.476250866793,3372.8496256662515,3411.6328125,821750
2025-06-16 00:00:00+05:30,3400.7653950752065,3443.3372263026217,3386.0097533572025,3427.7841796875,534665
2025-06-17 00:00:00+05:30,3417.71458478781,3427.2858781877967,3385.2123008831218,3395.4814453125,1000345
2025-06-18 00:00:00+05:30,3395.780399882879,3469.55836511815,3379.828407399577,3457.39501953125,972739
2025-06-19 00:00:00+05:30,3468.3620384354285,3511.033667306038,3457.395043527043,3494.882080078125,1022566
2025-06-20 00:00:00+05:30,3489.4984148550725,3534.3633944746375,3478.5314198369565,3508.44140625,2941214
2025-06-23 00:00:00+05:30,3469.7579070666457,3517.9130357042,3462.5795587362013,3495.181396484375,643325
2025-06-24 00:00:00+05:30,3512.5292088270726,3556.2973916696947,3495.5802164922297,3515.42041015625,968797
2025-06-25 00:00:00+05:30,3539.348394131293,3654.0033421101944,3539.348394131293,3641.24169921875,2697912
2025-06-26 00:00:00+05:30,3644.0334236165336,3689.3969039926083,3633.0664283607794,3683.6142578125,1620497
2025-06-27 00:00:00+05:30,3688.8983405536014,3697.9711338354978,3648.519858717812,3655.19970703125,601285
2025-06-30 00:00:00+05:30,3655.199696380574,3687.4028304818394,3641.042351472131,3679.127685546875,921775
2025-07-01 00:00:00+05:30,3687.90147327536,3715.3189619250143,3655.9974864830347,3689.39697265625,947173
2025-07-02 00:00:00+05:30,3693.883268979761,3710.7324637206434,3677.931276455152,3696.874267578125,583514
2025-07-03 00:00:00+05:30,3690.8924927105236,3701.7596909092877,3661.1818561621353,3667.662353515625,528710
2025-07-04 00:00:00+05:30,3655.000452669006,3679.0282398602117,3634.1632588536363,3675.837646484375,629926
2025-07-07 00:00:00+05:30,3664.47179593491,3684.9102864305337,3636.9545113678096,3655.10009765625,829472
2025-07-08 00:00:00+05:30,3581.800048828125,3581.800048828125,3435.0,3441.300048828125,3952270
2025-07-09 00:00:00+05:30,3441.300048828125,3461.5,3420.60009765625,3432.10009765625,1868271
2025-07-10 00:00:00+05:30,3432.10009765625,3445.0,3414.0,3419.800048828125,496586
2025-07-11 00:00:00+05:30,3408.0,3422.199951171875,3357.0,3361.60009765625,856956
2025-07-14 00:00:00+05:30,3372.0,3410.0,3344.0,3404.699951171875,755781
2025-07-15 00:00:00+05:30,3418.0,3422.0,3387.699951171875,3415.0,686088
2025-07-16 00:00:00+05:30,3417.0,3422.199951171875,3388.5,3417.300048828125,669532
2025-07-17 00:00:00+05:30,3418.39990234375,3448.0,3416.5,3433.300048828125,559482
2025-07-18 00:00:00+05:30,3444.0,3444.0,3392.0,3402.89990234375,293360
2025-07-21 00:00:00+05:30,3391.0,3439.10009765625,3365.199951171875,3433.0,561799
2025-07-22 00:00:00+05:30,3450.0,3490.0,3430.300048828125,3472.39990234375,1752275
2025-07-23 00:00:00+05:30,3472.39990234375,3481.89990234375,3444.0,3471.39990234375,584590
2025-07-24 00:00:00+05:30,3467.39990234375,3489.800048828125,3458.0,3484.39990234375,630718
2025-07-25 00:00:00+05:30,3476.39990234375,3480.0,3447.0,3462.800048828125,624410
2025-07-28 00:00:00+05:30,3453.0,3462.60009765625,3382.0,3393.0,603916
2025-07-29 00:00:00+05:30,3390.0,3397.0,3355.60009765625,3379.199951171875,511042
2025-07-30 00:00:00+05:30,3380.0,3393.5,3345.300048828125,3376.5,443735
2025-07-31 00:00:00+05:30,3340.0,3364.5,3315.5,3347.300048828125,553157
2025-08-01 00:00:00+05:30,3340.0,3347.300048828125,3307.0,3316.0,422977
2025-08-04 00:00:00+05:30,3315.0,3365.0,3308.10009765625,3356.300048828125,450434
2025-08-05 00:00:00+05:30,3356.300048828125,3443.0,3348.0,3418.199951171875,837335
2025-08-06 00:00:00+05:30,3437.0,3462.39990234375,3400.0,3417.699951171875,635456
2025-08-07 00:00:00+05:30,3380.0,3437.0,3377.699951171875,3415.699951171875,509599
2025-08-08 00:00:00+05:30,3450.10009765625,3489.800048828125,3403.10009765625,3460.199951171875,2184271
2025-08-11 00:00:00+05:30,3473.0,3487.300048828125,3402.800048828125,3467.89990234375,563586
2025-08-12 00:00:00+05:30,3467.89990234375,3534.0,3460.10009765625,3486.800048828125,929276
2025-08-13 00:00:00+05:30,3486.800048828125,3494.89990234375,3463.199951171875,3466.800048828125,360474
2025-08-14 00:00:00+05:30,3476.5,3505.800048828125,3464.10009765625,3489.39990234375,597987
2025-08-18 00:00:00+05:30,3496.0,3574.800048828125,3493.5,3554.800048828125,1253006
2025-08-19 00:00:00+05:30,3555.0,3577.300048828125,3545.0,3568.10009765625,537433
2025-08-20 00:00:00+05:30,3560.0,3602.89990234375,3552.0,3595.0,517031
2025-08-21 00:00:00+05:30,3595.0,3625.0,3588.199951171875,3616.300048828125,673486
2025-08-22 00:00:00+05:30,3616.300048828125,3641.39990234375,3607.699951171875,3621.0,691835
2025-08-25 00:00:00+05:30,3629.699951171875,3669.60009765625,3615.5,3651.39990234375,700503
2025-08-26 00:00:00+05:30,3662.800048828125,3672.800048828125,3589.10009765625,3594.0,960778
2025-08-28 00:00:00+05:30,3552.10009765625,3650.89990234375,3552.10009765625,3637.699951171875,989246
2025-08-29 00:00:00+05:30,3637.699951171875,3642.0,3603.60009765625,3628.800048828125,660956
2025-09-01 00:00:00+05:30,3631.0,3653.39990234375,3610.39990234375,3618.60009765625,297533
2025-09-02 00:00:00+05:30,3614.0,3655.800048828125,3606.10009765625,3620.60009765625,536300
2025-09-03 00:00:00+05:30,3605.0,3697.89990234375,3590.0,3690.60009765625,791874
2025-09-04 00:00:00+05:30,3740.0,3740.0,3676.800048828125,3691.10009765625,635811
2025-09-05 00:00:00+05:30,3695.0,3700.0,3660.0,3665.300048828125,454120
2025-09-08 00:00:00+05:30,3653.0,3683.60009765625,3640.0,3658.0,548987
2025-09-09 00:00:00+05:30,3667.800048828125,3667.800048828125,3619.199951171875,3630.10009765625,428367
2025-09-10 00:00:00+05:30,3632.0,3648.699951171875,3608.199951171875,3620.60009765625,408800
2025-09-11 00:00:00+05:30,3620.0,3644.0,3580.0,3584.199951171875,495417
2025-09-12 00:00:00+05:30,3589.89990234375,3598.199951171875,3563.89990234375,3571.89990234375,275049
2025-09-15 00:00:00+05:30,3556.0,3576.5,3515.0,3534.10009765625,362285
2025-09-16 00:00:00+05:30,3525.0,3570.300048828125,3502.0,3556.800048828125,724742
2025-09-17 00:00:00+05:30,3561.89990234375,3572.699951171875,3513.199951171875,3523.0,659866
2025-09-18 00:00:00+05:30,3530.0,3546.0,3503.39990234375,3511.300048828125,829442
2025-09-19 00:00:00+05:30,3504.0,3511.300048828125,3460.0,3467.199951171875,2337255
2025-09-22 00:00:00+05:30,3458.199951171875,3477.0,3440.0,3457.5,817833
2025-09-23 00:00:00+05:30,3465.199951171875,3465.300048828125,3405.0,3439.199951171875,1144975
2025-09-24 00:00:00+05:30,3430.0,3437.39990234375,3411.0,3418.300048828125,690454
2025-09-25 00:00:00+05:30,3408.0,3419.89990234375,3370.0,3378.5,1139904
2025-09-26 00:00:00+05:30,3387.699951171875,3402.0,3303.10009765625,3327.300048828125,7524068
2025-09-29 00:00:00+05:30,3327.0,3418.0,3327.0,3401.199951171875,1452636
2025-09-30 00:00:00+05:30,3452.0,3474.5,3355.0,3367.0,1733728
2025-10-01 00:00:00+05:30,3370.0,3414.89990234375,3351.0,3408.300048828125,798754
2025-10-03 00:00:00+05:30,3379.89990234375,3459.0,3378.0,3453.300048828125,1655328
2025-10-06 00:00:00+05:30,3453.300048828125,3459.300048828125,3401.0,3425.39990234375,1184781
2025-10-07 00:00:00+05:30,3425.0,3445.89990234375,3411.0,3418.199951171875,996165
2025-10-08 00:00:00+05:30,3474.0,3580.0,3460.0,3565.60009765625,4531362
2025-10-09 00:00:00+05:30,3559.800048828125,3561.699951171875,3526.39990234375,3550.60009765625,597739
2025-10-10 00:00:00+05:30,3548.89990234375,3571.699951171875,3523.300048828125,3531.89990234375,825274
2025-10-13 00:00:00+05:30,3518.0,3545.0,3509.5,3533.60009765625,606122
2025-10-14 00:00:00+05:30,3533.0,3549.39990234375,3506.5,3537.39990234375,925998
2025-10-15 00:00:00+05:30,3532.89990234375,3561.89990234375,3511.0,3549.0,1005045
2025-10-16 00:00:00+05:30,3549.0,3652.0,3540.0,3640.300048828125,1528118
2025-10-17 00:00:00+05:30,3635.0,3715.0,3633.0,3674.800048828125,1123500
2025-10-20 00:00:00+05:30,3680.0,3749.89990234375,3676.199951171875,3737.199951171875,707974
2025-10-21 00:00:00+05:30,3737.199951171875,3746.0,3719.0,3729.0,156306
2025-10-23 00:00:00+05:30,3765.0,3800.0,3738.300048828125,3772.300048828125,1622402
2025-10-24 00:00:00+05:30,3775.0,3781.0,3706.10009765625,3714.89990234375,563296
2025-10-27 00:00:00+05:30,3714.0,3753.89990234375,3710.0,3739.800048828125,856124
2025-10-28 00:00:00+05:30,3750.0,3770.0,3688.10009765625,3717.0,1482961
2025-10-29 00:00:00+05:30,3734.199951171875,3753.5,3714.199951171875,3748.300048828125,789557
2025-10-30 00:00:00+05:30,3745.0,3773.89990234375,3720.10009765625,3750.699951171875,544151
2025-10-31 00:00:00+05:30,3758.89990234375,3783.0,3739.5,3746.699951171875,900994
2025-11-03 00:00:00+05:30,3730.0,3762.0,3667.300048828125,3724.5,1119367
2025-11-04 00:00:00+05:30,3724.5,3827.0,3715.0,3813.5,2524600
2025-11-05 00:00:00+05:30,3813.5,3813.5,3813.5,3813.5,0
2025-11-06 00:00:00+05:30,3780.0,3837.699951171875,3761.60009765625,3774.39990234375,927231
2025-11-07 00:00:00+05:30,3766.0,3792.0,3736.0,3769.300048828125,728998
2025-11-10 00:00:00+05:30,3788.0,3815.0,3769.300048828125,3803.0,599567
2025-11-11 00:00:00+05:30,3810.5,3820.0,3752.10009765625,3812.39990234375,668789
2025-11-12 00:00:00+05:30,3838.0,3877.0,3804.199951171875,3851.10009765625,805025
2025-11-13 00:00:00+05:30,3860.0,3867.89990234375,3817.0,3839.199951171875,668623
2025-11-14 00:00:00+05:30,3839.199951171875,3854.699951171875,3800.0,3829.199951171875,575050
2025-11-17 00:00:00+05:30,3848.0,3874.300048828125,3821.5,3868.60009765625,504928
2025-11-18 00:00:00+05:30,3865.0,3900.0,3841.60009765625,3879.199951171875,849966
2025-11-19 00:00:00+05:30,3882.89990234375,3940.5,3862.39990234375,3933.10009765625,1578123
2025-11-20 00:00:00+05:30,3950.0,3956.0,3895.0,3902.39990234375,762391
2025-11-21 00:00:00+05:30,3901.0,3925.0,3882.10009765625,3904.199951171875,383311
2025-11-24 00:00:00+05:30,3915.5,3937.199951171875,3865.0,3874.300048828125,1258036
2025-11-25 00:00:00+05:30,3874.39990234375,3908.39990234375,3845.0,3855.10009765625,680366
2025-11-26 00:00:00+05:30,3845.0,3914.5,3843.5,3897.699951171875,364592
2025-11-27 00:00:00+05:30,3900.60009765625,3927.0,3875.10009765625,3903.300048828125,542241
2025-11-28 00:00:00+05:30,3906.199951171875,3934.89990234375,3896.5,3907.699951171875,574817
2025-12-01 00:00:00+05:30,3907.699951171875,3910.699951171875,3861.300048828125,3894.89990234375,603073
2025-12-02 00:00:00+05:30,3875.0,3899.60009765625,3867.5,3885.800048828125,661018
2025-12-03 00:00:00+05:30,3870.0,3880.0,3785.89990234375,3817.800048828125,770638
2025-12-04 00:00:00+05:30,3805.0,3830.0,3778.0,3800.39990234375,776693
2025-12-05 00:00:00+05:30,3777.0,3828.0,3777.0,3813.300048828125,508448
2025-12-08 00:00:00+05:30,3796.300048828125,3825.0,3758.10009765625,3767.0,545864
2025-12-09 00:00:00+05:30,3775.0,3874.0,3751.0,3849.0,1121068
2025-12-10 00:00:00+05:30,3831.0,3858.199951171875,3825.60009765625,3845.699951171875,616248
2025-12-11 00:00:00+05:30,3830.39990234375,3855.800048828125,3777.0,3844.800048828125,669180
2025-12-12 00:00:00+05:30,3844.800048828125,3894.800048828125,3831.89990234375,3880.199951171875,547866
2025-12-15 00:00:00+05:30,3861.300048828125,3876.39990234375,3850.0,3866.199951171875,332337
2025-12-16 00:00:00+05:30,3850.0,3937.5,3828.0,3929.5,1560827
2025-12-17 00:00:00+05:30,3930.0,3935.699951171875,3890.0,3907.89990234375,601010
2025-12-18 00:00:00+05:30,3900.0,3924.0,3890.10009765625,3919.300048828125,516547
2025-12-19 00:00:00+05:30,3919.0,3961.89990234375,3913.0,3930.10009765625,730780
2025-12-22 00:00:00+05:30,3940.0,3950.800048828125,3917.10009765625,3933.800048828125,569521
2025-12-23 00:00:00+05:30,3933.800048828125,3956.300048828125,3916.39990234375,3925.800048828125,445656
2025-12-24 00:00:00+05:30,3925.800048828125,3935.0,3900.0,3909.300048828125,399227
2025-12-25 00:00:00+05:30,3909.300048828125,3909.300048828125,3909.300048828125,3909.300048828125,0
2025-12-26 00:00:00+05:30,3908.89990234375,4006.89990234375,3900.0,3992.0,1113050
2025-12-29 00:00:00+05:30,4010.0,4031.699951171875,3978.0,3983.699951171875,1242846
2025-12-30 00:00:00+05:30,3982.0,3993.5,3954.10009765625,3974.10009765625,1169570
2025-12-31 00:00:00+05:30,3984.0,4061.89990234375,3975.10009765625,4051.5,1358731
2026-01-01 00:00:00+05:30,4063.699951171875,4068.0,4035.699951171875,4049.300048828125,444679
2026-01-02 00:00:00+05:30,4039.0,4060.0,3986.199951171875,4051.699951171875,659997
