Date,Open,High,Low,Close,Volume
2021-01-04 00:00:00+05:30,5163.598751214764,5241.340395809202,5149.100850237321,5183.3017578125,453783
2021-01-05 00:00:00+05:30,5191.86410035929,5227.767263456232,5103.370649466556,5196.923828125,530958
2021-01-06 00:00:00+05:30,5215.21561546415,5320.78481215778,5156.836336186566,5301.17919921875,701452
2021-01-07 00:00:00+05:30,5327.109158370121,5368.655934902251,5239.540240698283,5252.140625,742403
2021-01-08 00:00:00+05:30,5272.621891957879,5461.673267451227,5271.21086934258,5440.70556640625,802681
2021-01-11 00:00:00+05:30,5400.083079093451,5542.869059608219,5356.250162334994,5471.79248046875,714576
2021-01-12 00:00:00+05:30,5472.863066968057,5542.091547727035,5401.056737952207,5486.6796875,591436
2021-01-13 00:00:00+05:30,5497.382563639229,5520.734277183891,5448.733160421183,5498.1123046875,423240
2021-01-14 00:00:00+05:30,5492.516678762138,5520.733327776152,5409.81270751417,5431.55908203125,464204
2021-01-15 00:00:00+05:30,5436.084261461007,5503.9501782744865,5279.189937644901,5304.97412109375,589866
2021-01-18 00:00:00+05:30,5293.055026921649,5314.265976514863,5182.572423151953,5240.513671875,461596
2021-01-19 00:00:00+05:30,5254.232353535884,5385.488333715028,5248.053785000077,5341.80126953125,483417
2021-01-20 00:00:00+05:30,5365.055721594396,5404.218487788479,5316.30892877918,5397.26171875,321063
2021-01-21 00:00:00+05:30,5447.759741886408,5494.463165285327,5362.525899165023,5393.71044921875,481346
2021-01-22 00:00:00+05:30,5427.3272181430175,5443.868014612797,5320.346994467924,5385.2939453125,680688
2021-01-25 00:00:00+05:30,5589.816046830033,5674.271214994332,5182.766422970709,5223.388671875,3236487
2021-01-27 00:00:00+05:30,5234.675158388647,5370.796077247351,5186.366401805887,5258.85400390625,1212604
2021-01-28 00:00:00+05:30,5205.485622626068,5322.195719285957,5195.755742957608,5296.65478515625,576548
2021-01-29 00:00:00+05:30,5340.7308998141925,5360.871940575288,5145.160320316533,5183.35009765625,745559
2021-02-01 00:00:00+05:30,5238.567246108664,5636.762574019134,5117.916737468717,5588.98876953125,1455212
2021-02-02 00:00:00+05:30,5628.7352581885225,6031.552267158279,5628.7352581885225,5958.14013671875,2251712
2021-02-03 00:00:00+05:30,5988.740602633907,6069.498599387541,5876.846992674054,5910.60986328125,952770
2021-02-04 00:00:00+05:30,5928.415425180145,6042.255012369718,5878.355006417768,6015.78955078125,683257
2021-02-05 00:00:00+05:30,6013.0652871401335,6226.149639548497,5954.6860125077055,6180.5166015625,1174059
2021-02-08 00:00:00+05:30,6207.51745016736,6309.827041096779,6147.338048673778,6196.13330078125,769441
2021-02-09 00:00:00+05:30,6251.252731608388,6304.96185597376,6199.73330520144,6246.9716796875,947676
2021-02-10 00:00:00+05:30,6267.112813728583,6411.017637295135,6150.354259095799,6219.48486328125,1045511
2021-02-11 00:00:00+05:30,6226.636528367097,6293.28620446572,6197.252101568654,6253.53955078125,390465
2021-02-12 00:00:00+05:30,6265.945598893998,6304.962514410488,6194.966406259854,6224.44775390625,408867
2021-02-15 00:00:00+05:30,6261.177986373923,6289.34617993909,6214.571954656106,6234.6640625,277851
2021-02-16 00:00:00+05:30,6273.826236350876,6373.071006218709,6236.804235275122,6283.361328125,595723
2021-02-17 00:00:00+05:30,6283.361643792793,6367.719892455206,6218.317776817463,6245.8046875,555520
2021-02-18 00:00:00+05:30,6316.929637537874,6316.929637537874,6130.797228031281,6154.97607421875,573974
2021-02-19 00:00:00+05:30,6144.419118729615,6147.970429852723,6008.2008009747215,6040.7958984375,499669
2021-02-22 00:00:00+05:30,6047.119483450302,6115.180173546098,5943.642130658033,6008.29736328125,528408
2021-02-23 00:00:00+05:30,6018.903418860542,6176.4300719045095,5965.437541325226,6099.12646484375,453805
2021-02-24 00:00:00+05:30,6148.310974775211,6275.772398686519,6042.255286177253,6241.27978515625,378560
2021-02-25 00:00:00+05:30,6232.961530782763,6293.286790681066,6167.236377172229,6210.87451171875,803072
2021-02-26 00:00:00+05:30,6197.933215262163,6313.718780822005,5896.306952039043,5949.8212890625,1307673
2021-03-01 00:00:00+05:30,6050.8176900153385,6217.198640920482,6003.919952651545,6193.1171875,609302
2021-03-02 00:00:00+05:30,6202.797820123883,6298.977768400153,6141.596976650343,6249.5986328125,438046
2021-03-03 00:00:00+05:30,6275.773280360645,6358.477269326638,6257.286506356482,6324.9091796875,467421
2021-03-04 00:00:00+05:30,6255.339999290879,6645.508196477944,6221.723453136048,6592.52880859375,1303144
2021-03-05 00:00:00+05:30,6509.775594203518,6756.622816337885,6509.775594203518,6626.33935546875,1828811
2021-03-08 00:00:00+05:30,6655.237866633822,6662.924376753827,6462.391456543475,6488.02978515625,658514
2021-03-09 00:00:00+05:30,6562.80357823097,6639.669624588309,6480.099604302189,6516.4892578125,483037
2021-03-10 00:00:00+05:30,6569.712433810576,6605.615596341931,6503.451855346806,6581.33935546875,302774
2021-03-12 00:00:00+05:30,6585.183419320039,6668.519754541736,6433.445736044094,6458.8408203125,673811
2021-03-15 00:00:00+05:30,6484.964625293481,6498.440603291627,6314.74019501745,6384.2119140625,349036
2021-03-16 00:00:00+05:30,6411.99085671794,6521.93849963283,6387.763550775407,6460.591796875,614224
2021-03-17 00:00:00+05:30,6459.667324872513,6489.829952839232,6313.135237215834,6344.125,443282
2021-03-18 00:00:00+05:30,6416.8557140694875,6457.380568329522,6292.021546545154,6334.2001953125,345807
2021-03-19 00:00:00+05:30,6324.422420071755,6519.020032997039,6196.52294893988,6491.7763671875,654457
2021-03-22 00:00:00+05:30,6485.840534517548,6601.723498912544,6452.175055112694,6546.26318359375,467719
2021-03-23 00:00:00+05:30,6552.198592605874,6770.780252013947,6546.311730144697,6751.6611328125,890457
2021-03-24 00:00:00+05:30,6704.373550663635,6756.4284066190085,6655.237658593609,6673.3837890625,716392
2021-03-25 00:00:00+05:30,6672.07023145771,6727.141445700337,6456.748183255362,6486.42431640625,547365
2021-03-26 00:00:00+05:30,6548.014408211538,6601.723535486109,6505.835758769376,6553.3173828125,303751
2021-03-30 00:00:00+05:30,6600.750253167809,6689.292156622742,6563.776711065749,6602.30712890625,422141
2021-03-31 00:00:00+05:30,6671.049117032706,6671.049117032706,6532.54417726545,6555.94482421875,647600
2021-04-01 00:00:00+05:30,6583.236980942179,6746.407262865394,6549.377187689398,6712.49853515625,531749
2021-04-05 00:00:00+05:30,6708.752041810062,6805.07785067724,6553.073966873208,6612.2314453125,540954
2021-04-06 00:00:00+05:30,6626.339666946057,6663.994490767656,6526.02498905508,6554.67919921875,508328
2021-04-07 00:00:00+05:30,6562.803986425882,6674.697605171467,6532.009011589476,6577.447265625,301479
2021-04-08 00:00:00+05:30,6614.372217085799,6862.338296147155,6600.555597881299,6782.9423828125,635298
2021-04-09 00:00:00+05:30,6849.834995798443,6865.354343247503,6608.388137094154,6641.4697265625,592763
2021-04-12 00:00:00+05:30,6580.609424552343,6580.609424552343,6292.3132757008325,6333.56787109375,585717
2021-04-13 00:00:00+05:30,6373.071878913322,6476.64664933331,6328.898315412198,6426.05126953125,551188
2021-04-15 00:00:00+05:30,6469.3966320368,6519.019015588293,6220.944073491513,6362.65966796875,490675
2021-04-16 00:00:00+05:30,6334.15175823273,6603.134475698544,6334.15175823273,6533.80908203125,636917
2021-04-19 00:00:00+05:30,6324.4220583187725,6391.996265578607,6241.718077556142,6333.90869140625,559506
2021-04-20 00:00:00+05:30,6464.532062254254,6507.927420664624,6013.065644902362,6033.3525390625,1272134
2021-04-22 00:00:00+05:30,6030.627355296609,6056.849568767568,5808.932446334869,5927.73388671875,1795988
2021-04-23 00:00:00+05:30,5929.388733569222,5988.741000183551,5833.84112416321,5903.99365234375,968454
2021-04-26 00:00:00+05:30,5966.167340936307,6123.013189016796,5946.172628536293,6106.375,697792
2021-04-27 00:00:00+05:30,6109.391268896898,6174.484066996748,6066.579799581486,6155.89990234375,512910
2021-04-28 00:00:00+05:30,6188.203733223776,6231.9881936003585,6110.364692554294,6188.98193359375,414435
2021-04-29 00:00:00+05:30,6246.582872130594,6273.145254120228,6149.673173675444,6210.04736328125,406869
2021-04-30 00:00:00+05:30,6207.664006333165,6250.475482238911,6065.169710696508,6109.34375,475175
2021-05-03 00:00:00+05:30,6083.120471365595,6207.662925033988,5983.875703598595,6178.619140625,402055
2021-05-04 00:00:00+05:30,6217.392949121102,6251.447527089684,6115.229215215356,6126.3701171875,330346
2021-05-05 00:00:00+05:30,6173.560227036912,6227.123024894014,6124.375399964905,6208.00390625,215973
2021-05-06 00:00:00+05:30,6227.123294813789,6256.215541438386,6143.446325539729,6232.42626953125,246632
2021-05-07 00:00:00+05:30,6285.453746262351,6347.773434905236,6241.669288173643,6306.810546875,745582
2021-05-10 00:00:00+05:30,6411.99101326422,6426.585833476506,6159.0141295846,6230.1396484375,872011
2021-05-11 00:00:00+05:30,6217.393193085944,6441.131969155541,6139.943254848551,6315.27587890625,1139377
2021-05-12 00:00:00+05:30,6290.269960654959,6315.178548213841,6198.906483425065,6216.2744140625,392657
2021-05-14 00:00:00+05:30,6244.636474879482,6306.9077018025555,6087.888025840706,6196.08447265625,405281
2021-05-17 00:00:00+05:30,6207.5652688748305,6377.205800450925,6159.986256650999,6355.8974609375,357292
2021-05-18 00:00:00+05:30,6402.260939613708,6489.829858240643,6385.331043697525,6473.2890625,451024
2021-05-19 00:00:00+05:30,6450.910131158419,6572.533625335614,6343.929915643448,6383.96875,475946
2021-05-20 00:00:00+05:30,6421.719904822352,6453.293551057754,6344.562157214739,6396.2763671875,256088
2021-05-21 00:00:00+05:30,6429.407242448966,6494.451584582095,6412.039311813574,6458.30517578125,307027
2021-05-24 00:00:00+05:30,6470.370567408208,6492.165404827429,6363.390340696812,6385.13671875,288501
2021-05-25 00:00:00+05:30,6447.991917212476,6458.062438719925,6350.887898204723,6379.49365234375,176134
2021-05-26 00:00:00+05:30,6416.758061609904,6439.234178011161,6348.892152888798,6403.13623046875,248015
2021-05-27 00:00:00+05:30,6421.720333397332,6543.295365200401,6402.503821793605,6492.99169921875,1707144
2021-05-28 00:00:00+05:30,6542.371222803952,6553.074090658033,6407.709780458231,6420.26123046875,285093
2021-05-31 00:00:00+05:30,6454.753654398731,6539.45206611101,6410.190520864587,6526.80322265625,328449
2021-06-01 00:00:00+05:30,6541.397572998835,6541.397572998835,6382.800547206955,6423.03369140625,397989
2021-06-02 00:00:00+05:30,6423.033917064862,6489.829442924587,6375.357508863467,6416.0771484375,567704
2021-06-03 00:00:00+05:30,6450.90979681084,6475.234494385541,6397.395462146496,6462.2939453125,349479
2021-06-04 00:00:00+05:30,6450.910393284647,6504.424732897114,6436.9479205674,6484.28369140625,205504
2021-06-07 00:00:00+05:30,6509.241059384292,6721.3524368262415,6483.01884355831,6664.626953125,617042
2021-06-08 00:00:00+05:30,6708.751822053591,6708.751822053591,6543.343872851399,6610.869140625,218632
2021-06-09 00:00:00+05:30,6591.992737517542,6604.252479545883,6501.504866729479,6543.10009765625,345102
2021-06-10 00:00:00+05:30,6565.722875379975,6581.095895395277,6500.532680855604,6528.40869140625,198704
2021-06-11 00:00:00+05:30,6543.441055686972,6572.484839672914,6470.369568994711,6482.87255859375,193014
2021-06-14 00:00:00+05:30,6475.235367135444,6505.3006023717,6402.261264575691,6498.1005859375,160001
2021-06-15 00:00:00+05:30,6498.099959997592,6563.8251053352715,6480.440323897587,6488.17529296875,193128
2021-06-16 00:00:00+05:30,6490.364793183573,6513.278945214359,6387.666101721926,6409.4609375,224100
2021-06-17 00:00:00+05:30,6377.935943495893,6567.668591700577,6373.119463158606,6523.73828125,637296
2021-06-18 00:00:00+05:30,6528.7491854866985,6546.214509335553,6405.520355863937,6513.083984375,367329
2021-06-21 00:00:00+05:30,6451.883219022697,6606.588306011779,6346.022318088263,6592.47998046875,361652
2021-06-22 00:00:00+05:30,6606.588073150886,6752.536263279403,6569.079578324563,6673.67578125,542280
2021-06-23 00:00:00+05:30,6689.000941327866,6765.866995025045,6598.804761699642,6716.876953125,438444
2021-06-24 00:00:00+05:30,6713.617729856081,6789.997293884153,6702.963320378488,6773.89453125,278305
2021-06-25 00:00:00+05:30,6810.916171638019,6810.916171638019,6703.887488940849,6735.99609375,183496
2021-06-28 00:00:00+05:30,6762.266077147219,6791.407255530767,6673.480929012013,6683.89208984375,127275
2021-06-29 00:00:00+05:30,6689.292670107848,6694.157610231562,6615.832074239755,6640.3515625,235008
2021-06-30 00:00:00+05:30,6617.290517111174,6680.583188144629,6567.668135641879,6592.9658203125,283145
2021-07-01 00:00:00+05:30,6594.231349492278,6615.831873021323,6509.289687552416,6526.07373046875,274106
2021-07-02 00:00:00+05:30,6565.576549720326,6565.576549720326,6504.42416468693,6538.38134765625,256489
2021-07-05 00:00:00+05:30,6538.4798375672935,6606.589002541953,6513.668641755096,6538.333984375,134014
2021-07-06 00:00:00+05:30,6545.8738362400245,6809.942671206741,6545.77644242654,6745.77392578125,681761
2021-07-07 00:00:00+05:30,6749.131030300851,6773.942223449078,6627.069499854531,6738.0390625,382398
2021-07-08 00:00:00+05:30,6731.131022219808,6805.953704826296,6658.156921805456,6715.4658203125,365610
2021-07-09 00:00:00+05:30,6703.886866203199,6733.708851366142,6650.3725298256695,6713.1787109375,170542
2021-07-12 00:00:00+05:30,6718.579218221824,6922.760835449017,6718.579218221824,6902.13330078125,610763
2021-07-13 00:00:00+05:30,6917.944238601879,6966.593635497814,6889.679129042048,6936.28515625,372867
2021-07-14 00:00:00+05:30,6918.236198673326,7043.41148155079,6874.160033505819,6925.77685546875,379753
2021-07-15 00:00:00+05:30,6941.636826330994,7024.973151033695,6909.9173234561695,6995.44287109375,292170
2021-07-16 00:00:00+05:30,7012.324285650946,7161.191444760783,6988.631933610861,7136.4287109375,436381
2021-07-19 00:00:00+05:30,7107.482756896015,7185.516586778322,7049.298262858353,7114.8291015625,365109
2021-07-20 00:00:00+05:30,7136.185067193671,7340.220822784169,7132.001409200419,7224.1435546875,953888
2021-07-22 00:00:00+05:30,7311.030934996732,7342.653041116961,7093.081649737314,7257.5166015625,1163215
2021-07-23 00:00:00+05:30,7394.51386354326,7432.606723050051,7268.220213721732,7287.9716796875,813619
2021-07-26 00:00:00+05:30,7312.004936597867,7433.628438537286,7219.327828120029,7410.9580078125,369346
2021-07-27 00:00:00+05:30,7419.033463455961,7467.682863216328,7354.816255772276,7391.06005859375,297511
2021-07-28 00:00:00+05:30,7433.579198666247,7477.412114126148,7307.139229289182,7447.8818359375,289531
2021-07-29 00:00:00+05:30,7462.818125487539,7510.397144724241,7429.736532753956,7492.44580078125,227836
2021-07-30 00:00:00+05:30,7511.272346502029,7521.197013840317,7386.924673877837,7413.39013671875,245105
2021-08-02 00:00:00+05:30,7452.352506513491,7546.948464750573,7451.619204511653,7471.9072265625,202451
2021-08-03 00:00:00+05:30,7478.702710506446,7692.093593833421,7439.006533177564,7668.6279296875,385216
2021-08-04 00:00:00+05:30,7734.869599672379,7734.869599672379,7561.614587186136,7577.4541015625,258018
2021-08-05 00:00:00+05:30,7577.453955951536,7655.526270579725,7474.791676548321,7488.47998046875,173662
2021-08-06 00:00:00+05:30,7518.789732021149,7548.0239425192785,7339.032875520641,7360.05419921875,250068
2021-08-09 00:00:00+05:30,7428.8384695263685,7447.122324530995,7307.599199952629,7328.76708984375,236944
2021-08-10 00:00:00+05:30,7337.908857279508,7377.21403639316,7260.667711413407,7307.74560546875,164588
2021-08-11 00:00:00+05:30,7298.7996934732955,7379.951786515262,7202.68842966598,7286.529296875,129339
2021-08-12 00:00:00+05:30,7290.977290120527,7411.238817099852,7267.365061402958,7302.4169921875,206051
2021-08-13 00:00:00+05:30,7346.121615941512,7361.814565292331,7266.534000492424,7294.59521484375,207505
2021-08-16 00:00:00+05:30,7294.595555859543,7309.506030656098,7168.809430811611,7183.08447265625,191968
2021-08-17 00:00:00+05:30,7212.758964866525,7261.841506384525,7135.566511427702,7244.09521484375,203995
2021-08-18 00:00:00+05:30,7259.690196476438,7553.011012495688,7241.113211461886,7432.2119140625,724989
2021-08-20 00:00:00+05:30,7427.469307239512,7455.139044755659,7270.004639813306,7326.51806640625,358744
2021-08-23 00:00:00+05:30,7393.9820033332435,7393.9820033332435,7125.740033775166,7187.33740234375,310220
2021-08-24 00:00:00+05:30,7254.801680342156,7308.284034637058,7206.5994827832055,7289.36474609375,174447
2021-08-25 00:00:00+05:30,7298.799040521916,7321.238272072708,7205.914123060485,7217.9892578125,146150
2021-08-26 00:00:00+05:30,7201.0258597077,7253.725736233574,7138.450753798495,7144.4150390625,183243
2021-08-27 00:00:00+05:30,7167.391705145659,7425.709273073437,7155.267874078728,7397.15966796875,497367
2021-08-30 00:00:00+05:30,7402.439559681068,7571.1968956862775,7402.439559681068,7532.28271484375,319952
2021-08-31 00:00:00+05:30,7561.810543426043,7685.005284630037,7495.95992556235,7658.06884765625,475968
2021-09-01 00:00:00+05:30,7657.6283916338725,7753.446520129802,7520.256482922871,7594.02685546875,352822
2021-09-02 00:00:00+05:30,7631.034189045986,7815.973346212308,7588.258236539139,7775.6904296875,393057
2021-09-03 00:00:00+05:30,7816.999208698491,7850.731100218203,7696.737682410822,7753.2998046875,198454
2021-09-06 00:00:00+05:30,7792.360229888859,7866.52160142822,7753.348658730319,7775.54345703125,212634
2021-09-07 00:00:00+05:30,7775.543548726271,7880.552301530136,7735.35850292254,7847.5537109375,240683
2021-09-08 00:00:00+05:30,7850.242165058723,7893.555677907357,7768.356776925249,7814.94580078125,198064
2021-09-09 00:00:00+05:30,7759.31319488207,7805.266788652163,7724.1146975262545,7762.8818359375,159693
2021-09-13 00:00:00+05:30,7787.667479767039,7787.667479767039,7729.0033179608845,7767.5751953125,187063
2021-09-14 00:00:00+05:30,7792.555911400925,7795.5378152335725,7675.227591530397,7681.5341796875,168408
2021-09-15 00:00:00+05:30,7713.359666833592,7752.4691086732855,7616.56379828035,7646.72705078125,235010
2021-09-16 00:00:00+05:30,7683.7339387496295,7694.439861286993,7557.899127130754,7592.56005859375,216078
2021-09-17 00:00:00+05:30,7636.119000353872,7663.153308246962,7490.191886294612,7540.154296875,503207
2021-09-20 00:00:00+05:30,7512.923615694298,7558.046037763577,7377.653741160819,7407.328125,291081
2021-09-21 00:00:00+05:30,7367.240692353946,7516.834298980376,7347.197104537986,7423.65625,214916
2021-09-22 00:00:00+05:30,7430.696210962595,7499.23560447247,7408.208281509809,7455.82421875,206063
2021-09-23 00:00:00+05:30,7472.00555221264,7525.830208882523,7411.23935142933,7450.0556640625,201988
2021-09-24 00:00:00+05:30,7463.059070573211,7472.445431884867,7333.020179391993,7354.04150390625,341258
2021-09-27 00:00:00+05:30,7375.649803793733,7500.066716856814,7358.4902495735005,7453.18408203125,261520
2021-09-28 00:00:00+05:30,7460.027917569773,7614.608076861749,7381.906905534952,7419.35400390625,403030
2021-09-29 00:00:00+05:30,7381.907110680313,7490.778114344369,7274.356146153845,7298.359375,490626
2021-09-30 00:00:00+05:30,7323.242912078941,7331.944667320205,7206.892323756192,7231.43359375,422904
2021-10-01 00:00:00+05:30,7231.433308597256,7334.97545527919,7192.421737768218,7316.93603515625,366658
2021-10-04 00:00:00+05:30,7329.109714695651,7440.4737596223395,7328.1319786077775,7348.2734375,339796
2021-10-05 00:00:00+05:30,7333.020274662128,7396.4265521190755,7284.231341916745,7297.82177734375,229310
2021-10-06 00:00:00+05:30,7331.8958462481105,7371.151851954027,7182.448800166372,7199.0703125,279814
2021-10-07 00:00:00+05:30,7256.75673408324,7291.906534935516,7149.157076140562,7190.857421875,583113
2021-10-08 00:00:00+05:30,7211.781122201206,7240.3312058941665,7164.849791687966,7172.42724609375,234324
2021-10-11 00:00:00+05:30,7235.246402429147,7243.997330596147,7146.957032563567,7167.04931640625,346054
2021-10-12 00:00:00+05:30,7151.161452278701,7194.181838373897,7032.855390516912,7088.73291015625,407411
2021-10-13 00:00:00+05:30,7101.296458678807,7225.371059686704,7098.363250723962,7186.75048828125,347921
2021-10-14 00:00:00+05:30,7274.355932239199,7291.906484625804,7176.582330999426,7230.8466796875,599817
2021-10-18 00:00:00+05:30,7362.352301731464,7473.814209088355,7138.84174991798,7234.56201171875,1413642
2021-10-19 00:00:00+05:30,7322.26475220413,7322.26475220413,6993.745463014573,7010.46484375,868388
2021-10-20 00:00:00+05:30,6941.92561806142,7147.054440431059,6934.348164041705,6970.86669921875,703897
2021-10-21 00:00:00+05:30,7040.530703839789,7044.979211885977,6927.2598874042205,6970.2802734375,318247
2021-10-22 00:00:00+05:30,6999.3675756183375,7071.964473469172,6941.925585736364,6990.42138671875,330818
2021-10-25 00:00:00+05:30,6990.4214384638,7015.207141678374,6850.9961886361825,6990.61669921875,245401
2021-10-26 00:00:00+05:30,6990.959336129202,7132.584498731353,6990.812771203451,7107.26123046875,372893
2021-10-27 00:00:00+05:30,7109.118482130681,7207.8698184936575,7072.94224999771,7190.46630859375,364657
2021-10-28 00:00:00+05:30,7211.780955139288,7333.0202228233,7190.270762485673,7280.85791015625,556897
2021-10-29 00:00:00+05:30,7298.79945877612,7518.790065370176,7179.5156632006765,7466.041015625,659277
2021-11-01 00:00:00+05:30,7499.234970158706,7637.0957434041275,7477.382475513307,7601.9951171875,469658
2021-11-02 00:00:00+05:30,7613.6302785457,7641.788884553785,7517.225412874301,7541.6201171875,177655
2021-11-03 00:00:00+05:30,7587.13335338492,7726.314165944002,7557.947838831939,7712.23486328125,388455
2021-11-04 00:00:00+05:30,7721.181311283765,7756.281938744,7686.667420914627,7705.341796875,32611
2021-11-08 00:00:00+05:30,7763.223997992198,8084.899148538726,7670.339076101863,8031.17236328125,825196
2021-11-09 00:00:00+05:30,8017.435407673585,8071.259584903717,7961.704454230001,7984.1923828125,253056
2021-11-10 00:00:00+05:30,7963.659764968716,8005.555848287324,7870.7748444442195,7926.31005859375,209152
2021-11-11 00:00:00+05:30,7919.66152286206,7960.579869545545,7826.776603766765,7871.41015625,125814
2021-11-12 00:00:00+05:30,7904.9952215721005,7933.153826202515,7826.7763449208,7900.83984375,180509
2021-11-15 00:00:00+05:30,7900.107212271103,7990.596491912935,7852.1981462560925,7871.55712890625,119066
2021-11-16 00:00:00+05:30,7939.216422068672,7957.793406307503,7681.38724458989,7706.90625,277983
2021-11-17 00:00:00+05:30,7670.339397001225,7771.975251485794,7627.319010325883,7682.7568359375,183623
2021-11-18 00:00:00+05:30,7723.136305501863,7753.446120094919,7543.281585686426,7594.759765625,196805
2021-11-22 00:00:00+05:30,7625.36296411696,7634.749325076042,7382.493440380289,7483.3955078125,383629
2021-11-23 00:00:00+05:30,7450.348826874032,7542.9406233374475,7372.814547763159,7487.4541015625,475377
2021-11-24 00:00:00+05:30,7557.899605691599,7595.102271130707,7381.907118107578,7408.59912109375,292766
2021-11-25 00:00:00+05:30,7391.977265096208,7464.4767711816885,7350.179051236099,7439.3974609375,173989
2021-11-26 00:00:00+05:30,7381.906795150276,7429.815859118801,7206.0121843478655,7230.11328125,265808
2021-11-29 00:00:00+05:30,7190.759223365648,7269.418273466256,7041.067750210455,7223.7578125,382413
2021-11-30 00:00:00+05:30,7222.829573458897,7351.597606526925,7183.964564167842,7268.24560546875,547664
2021-12-01 00:00:00+05:30,7442.526530896661,7507.790409763891,7128.6732707261635,7159.56982421875,509749
2021-12-02 00:00:00+05:30,7196.137233484603,7224.4915785621915,7100.319101843096,7160.15673828125,239691
2021-12-03 00:00:00+05:30,7214.177031938403,7289.0225385363565,7133.709065422325,7169.201171875,401430
2021-12-06 00:00:00+05:30,7181.324232927521,7225.0779181832695,7040.676816237906,7053.97412109375,173852
2021-12-07 00:00:00+05:30,7122.806927220245,7173.600504576774,7073.920126072542,7136.88623046875,162646
2021-12-08 00:00:00+05:30,7165.826865383034,7292.688106450499,7137.472522485489,7258.6630859375,209590
2021-12-09 00:00:00+05:30,7310.336247696588,7347.881691582306,7225.468954860661,7268.3427734375,198582
2021-12-10 00:00:00+05:30,7284.13308612747,7285.941993181223,7225.7620568759185,7274.7958984375,144726
2021-12-13 00:00:00+05:30,7346.707934661477,7372.031200306379,7227.522017735301,7249.37451171875,220084
2021-12-14 00:00:00+05:30,7244.0461482109195,7292.835079965454,7173.747024087558,7221.94921875,210516
2021-12-15 00:00:00+05:30,7250.890683253265,7250.890683253265,7166.805381370878,7207.23486328125,113049
2021-12-16 00:00:00+05:30,7249.71686154605,7274.356000252908,7207.674212619857,7248.6904296875,140591
2021-12-17 00:00:00+05:30,7245.8056324486715,7245.8056324486715,7139.428148453576,7173.9912109375,279606
2021-12-20 00:00:00+05:30,7108.141182581802,7108.141182581802,6878.568945805821,7001.42138671875,285814
2021-12-21 00:00:00+05:30,7076.852579094018,7210.802399947276,7020.241764886964,7164.21337890625,241099
2021-12-22 00:00:00+05:30,7157.027543503677,7259.68982384082,7149.645827643498,7213.0029296875,158971
2021-12-23 00:00:00+05:30,7269.270895111501,7269.270895111501,7137.423586993156,7177.16845703125,210152
2021-12-24 00:00:00+05:30,7198.092843457086,7284.133616375346,7041.5572054271715,7063.947265625,270337
2021-12-27 00:00:00+05:30,7058.27626163392,7132.584198451233,7012.6157989676385,7083.74609375,142927
2021-12-28 00:00:00+05:30,7113.029647949757,7251.868164789465,7113.029647949757,7241.2109375,185895
2021-12-29 00:00:00+05:30,7220.580667091018,7293.910870209749,7209.5324407852,7255.73046875,219901
2021-12-30 00:00:00+05:30,7255.730018609469,7328.0333079527845,7215.789408306653,7232.5087890625,243710
2021-12-31 00:00:00+05:30,7284.133491397082,7488.969191591403,7256.219318444456,7422.04296875,258372
2022-01-03 00:00:00+05:30,7430.793662654351,7577.45406389095,7401.51027824338,7551.93505859375,250533
2022-01-04 00:00:00+05:30,7576.476513310608,7599.795613159975,7442.233547057288,7480.02294921875,315188
2022-01-05 00:00:00+05:30,7480.169746004878,7596.031469408784,7425.905394537226,7489.01806640625,400874
2022-01-06 00:00:00+05:30,7469.463392492933,7528.519032969141,7259.7390057618395,7292.4931640625,403448
2022-01-07 00:00:00+05:30,7298.897772726136,7411.239553858655,7273.427461164183,7389.6806640625,543512
2022-01-10 00:00:00+05:30,7421.016529329416,7448.002139463558,7354.823608584635,7416.2744140625,213126
2022-01-11 00:00:00+05:30,7440.278786317882,7508.426707829511,7392.858584223889,7436.9541015625,234296
2022-01-12 00:00:00+05:30,7493.1730834689,7556.921662633731,7440.473207723612,7488.18701171875,297378
2022-01-13 00:00:00+05:30,7509.990588575728,7547.731295530101,7385.671545490208,7437.4423828125,274893
2022-01-14 00:00:00+05:30,7464.036904656735,7528.567483083161,7398.430721107832,7489.99560546875,250253
2022-01-17 00:00:00+05:30,7465.014536574561,7769.090439767055,7333.118042536764,7694.88037109375,1216949
2022-01-18 00:00:00+05:30,7633.185400765893,7718.248437766871,7352.575152268415,7387.67578125,565178
2022-01-19 00:00:00+05:30,7430.695677940071,7430.695677940071,7189.292756743209,7268.88037109375,439305
2022-01-20 00:00:00+05:30,7303.6874093486285,7391.243471062915,7230.35721447565,7299.28759765625,249483
2022-01-21 00:00:00+05:30,7264.578652227861,7288.679749717216,7148.228065469433,7193.83935546875,207851
2022-01-24 00:00:00+05:30,7196.137354143376,7201.026034411137,6930.82858052998,6996.67919921875,319304
2022-01-25 00:00:00+05:30,6961.480389128168,6994.625544375271,6844.152067963086,6940.3125,467078
2022-01-27 00:00:00+05:30,6981.035186203165,6991.105676250008,6795.265342312605,6942.6103515625,418032
2022-01-28 00:00:00+05:30,6962.360432842549,7104.62102586748,6936.059428995576,6951.556640625,511605
2022-01-31 00:00:00+05:30,7028.846147054856,7117.477818864897,7008.020561479247,7055.73388671875,250406
2022-02-01 00:00:00+05:30,7101.492771362794,7367.730110639188,7074.11616156943,7348.90869140625,731348
2022-02-02 00:00:00+05:30,7404.1020137669975,7406.350615729152,7259.690207496892,7275.333984375,324627
2022-02-03 00:00:00+05:30,7294.888503108003,7318.354167774212,7187.33754005454,7211.1455078125,167162
2022-02-04 00:00:00+05:30,7224.491922995211,7362.254841716721,7215.838863171784,7274.01416015625,462491
2022-02-07 00:00:00+05:30,7274.013783227632,7351.548537099176,7198.581543755408,7303.052734375,391483
2022-02-08 00:00:00+05:30,7309.505574351373,7332.042197984397,7192.030213080962,7256.12109375,270604
2022-02-09 00:00:00+05:30,7270.445233543814,7379.853801541277,7256.219365047415,7336.97998046875,253643
2022-02-10 00:00:00+05:30,7347.393069642197,7380.880528369056,7294.203848159578,7308.087890625,284223
2022-02-11 00:00:00+05:30,7294.008822765867,7294.008822765867,7131.704638005728,7160.5478515625,265177
2022-02-14 00:00:00+05:30,7081.2531655352,7081.2531655352,6893.038980603819,6931.2685546875,266661
2022-02-15 00:00:00+05:30,6941.925794482635,7155.512420630468,6874.510704429895,7127.98876953125,255775
2022-02-16 00:00:00+05:30,7122.806732335368,7157.027492202456,7007.385188947723,7019.06884765625,322839
2022-02-17 00:00:00+05:30,6985.924155719993,7064.143040598593,6873.484508707004,6889.07958984375,499955
2022-02-18 00:00:00+05:30,6892.061534760159,6907.558746900722,6746.378860809348,6762.609375,510600
2022-02-21 00:00:00+05:30,6746.378723265806,6758.649119689703,6639.805494159144,6661.755859375,424346
2022-02-22 00:00:00+05:30,6563.541286535459,6619.27223444735,6527.511622096362,6599.27734375,359236
2022-02-23 00:00:00+05:30,6629.049867310968,6713.135160613143,6585.051748722621,6629.24560546875,506540
2022-02-24 00:00:00+05:30,6477.403618930438,6501.113718716774,6253.79566532974,6275.55029296875,610393
2022-02-25 00:00:00+05:30,6404.170573263479,6508.446018489627,6374.838494301967,6423.9697265625,376464
2022-02-28 00:00:00+05:30,6392.43815152398,6455.013257320483,6296.766585695262,6421.67236328125,557289
2022-03-02 00:00:00+05:30,6393.415737636322,6393.415737636322,6200.801744622962,6256.875,686927
2022-03-03 00:00:00+05:30,6273.154712987103,6293.833735675214,5832.049174310145,5847.54638671875,2406110
2022-03-04 00:00:00+05:30,5817.284543056767,6032.630888803774,5720.537378600469,5915.595703125,1336552
2022-03-07 00:00:00+05:30,5797.290077670736,5797.290077670736,5558.087052342303,5571.23779296875,1280108
2022-03-08 00:00:00+05:30,5505.631376023215,5744.198958290958,5503.871642200054,5703.57421875,955847
2022-03-09 00:00:00+05:30,5758.865106297034,5923.858058196461,5691.597059686695,5883.3798828125,813790
2022-03-10 00:00:00+05:30,6063.918736147327,6121.800898923698,5870.864569941036,5917.7958984375,967482
2022-03-11 00:00:00+05:30,5908.458923471625,5983.695903143481,5846.861552599755,5886.94873046875,533023
2022-03-14 00:00:00+05:30,5915.303264007194,5932.804644298003,5823.444768637583,5901.51708984375,466938
2022-03-15 00:00:00+05:30,5960.132566272338,6034.587073126427,5839.088553375631,5887.193359375,819263
2022-03-16 00:00:00+05:30,5993.521703501409,6176.554074383167,5944.634903309718,6165.50537109375,888929
2022-03-17 00:00:00+05:30,6238.297960163253,6325.463028760988,6198.846217226163,6231.6982421875,979987
2022-03-21 00:00:00+05:30,6228.178518700788,6228.178518700788,6038.546424486794,6053.408203125,531422
2022-03-22 00:00:00+05:30,6022.8539015138085,6087.237914108616,5924.200432277864,6073.30517578125,1073804
2022-03-23 00:00:00+05:30,6171.95882298528,6171.95882298528,6057.123532811763,6095.20654296875,664235
2022-03-24 00:00:00+05:30,6063.918302745978,6237.515128010974,6061.962830865054,6210.43212890625,642226
2022-03-25 00:00:00+05:30,6242.8444193833575,6248.368532353873,6144.141778280413,6172.154296875,321023
2022-03-28 00:00:00+05:30,6203.735681385698,6252.573791543671,6106.0107652278375,6218.35302734375,325668
2022-03-29 00:00:00+05:30,6235.023065464446,6402.215937378264,6234.045329371382,6381.29248046875,671879
2022-03-30 00:00:00+05:30,6396.83779058015,6520.325656620332,6396.83779058015,6494.80712890625,705385
2022-03-31 00:00:00+05:30,6511.72220262382,6549.853909215761,6434.481053373477,6455.306640625,399272
2022-04-01 00:00:00+05:30,6455.990745893176,6539.929476167714,6418.885474086067,6522.03662109375,216837
2022-04-04 00:00:00+05:30,6484.344859977989,6607.979762574162,6474.567500418311,6593.75341796875,268314
2022-04-05 00:00:00+05:30,6619.273236489898,6664.249095999283,6531.325685463447,6576.3994140625,412049
2022-04-06 00:00:00+05:30,6550.831208567058,6640.782920684695,6541.053848554271,6586.17626953125,297453
2022-04-07 00:00:00+05:30,6546.920166686732,6645.182633346233,6546.920166686732,6586.6650390625,234000
2022-04-08 00:00:00+05:30,6647.627280788358,6697.49181841451,6573.172777442324,6684.78125,309692
2022-04-11 00:00:00+05:30,6682.483341619298,6764.466601740477,6648.604884271916,6706.046875,359038
2022-04-12 00:00:00+05:30,6697.491857715076,6706.047048044274,6572.145906727783,6624.69921875,385829
2022-04-13 00:00:00+05:30,6599.718427772129,6687.714673475757,6545.160946399954,6580.21240234375,386535
2022-04-18 00:00:00+05:30,6497.545403110377,6540.956791474259,6423.775021691896,6491.77685546875,240392
2022-04-19 00:00:00+05:30,6550.831702565795,6613.6512453851765,6361.199599853563,6439.07666015625,353426
2022-04-20 00:00:00+05:30,6440.347212184913,6675.737160770539,6439.07634631342,6655.595703125,328054
2022-04-21 00:00:00+05:30,6677.937179495226,6733.668133994674,6656.426986530527,6694.06982421875,181457
2022-04-22 00:00:00+05:30,6648.604563725658,6658.333227543989,6560.706195931371,6593.94921875,237385
2022-04-25 00:00:00+05:30,6544.964448358892,6563.59012723966,6410.672320163675,6448.21728515625,227496
2022-04-26 00:00:00+05:30,6531.276462252082,6545.160504378416,6467.723622424778,6511.91748046875,279555
2022-04-27 00:00:00+05:30,6428.614462615125,6482.24337988795,6390.531452895335,6402.65576171875,327597
2022-04-28 00:00:00+05:30,6451.102083058764,6487.278314806745,6405.197187214495,6469.63037109375,243308
2022-04-29 00:00:00+05:30,6470.070273945142,6645.671759451826,6375.034618796611,6482.63427734375,1139560
2022-05-02 00:00:00+05:30,6460.488572307718,6580.163364767368,6397.228861328726,6530.298828125,329548
2022-05-04 00:00:00+05:30,6530.298855936765,6559.23993751488,6356.261844953573,6376.74560546875,228457
2022-05-05 00:00:00+05:30,6413.94804768173,6449.048673985032,6198.846131448501,6214.19677734375,344367
2022-05-06 00:00:00+05:30,6159.737045411052,6159.737045411052,6022.853999957473,6062.1591796875,499910
2022-05-09 00:00:00+05:30,6037.520308117811,6135.196047256171,5978.856143180634,6086.01611328125,355285
2022-05-10 00:00:00+05:30,6072.571703149023,6280.438471274895,6062.500735949254,6224.70751953125,359456
2022-05-11 00:00:00+05:30,6228.130128825705,6293.198273934075,6071.692356149646,6199.04248046875,217452
2022-05-12 00:00:00+05:30,6159.736772014592,6159.736772014592,5942.288382084553,6047.7373046875,323730
2022-05-13 00:00:00+05:30,6128.840271109319,6152.696934121453,6006.036533542565,6058.58984375,319217
2022-05-16 00:00:00+05:30,6056.7817224284445,6056.7817224284445,5691.40156822027,5878.93115234375,685657
2022-05-17 00:00:00+05:30,5878.930865122466,5989.464207032002,5847.252314014356,5971.76708984375,637179
2022-05-18 00:00:00+05:30,6026.764826674354,6139.204468963054,5993.570497834623,6094.9619140625,371945
2022-05-19 00:00:00+05:30,5992.544118870905,6038.888711141274,5915.302972616899,5937.39990234375,259111
2022-05-20 00:00:00+05:30,6027.7424593523865,6027.7424593523865,5929.186861200032,5992.20166015625,374540
2022-05-23 00:00:00+05:30,6036.542360378529,6085.429162778744,5768.642683225352,5784.57958984375,528566
2022-05-24 00:00:00+05:30,5815.525795456636,5824.9608536129645,5703.770269542538,5737.404296875,458962
2022-05-25 00:00:00+05:30,5762.776010067419,5845.883570443348,5649.60306755549,5663.24267578125,571568
2022-05-26 00:00:00+05:30,5691.401377203739,5785.264035202632,5579.695036824847,5743.4658203125,512954
2022-05-27 00:00:00+05:30,5773.531082450902,5843.439206480579,5755.002794278975,5815.57373046875,290626
2022-05-30 00:00:00+05:30,5866.416252481252,6019.676377077325,5832.733054867518,5966.78076171875,330562
2022-05-31 00:00:00+05:30,5973.967117718999,6003.299198493398,5910.462971878361,5947.17724609375,431470
2022-06-01 00:00:00+05:30,5944.635251902435,5963.896843271523,5817.529563950574,5842.6083984375,268629
2022-06-02 00:00:00+05:30,5833.173446492573,5889.833443226722,5774.509281760834,5874.091796875,320094
2022-06-03 00:00:00+05:30,5978.855989771532,5978.855989771532,5485.0992808860665,5552.41650390625,2216480
2022-06-06 00:00:00+05:30,5553.54097180333,5607.31645656551,5450.878682711895,5457.08740234375,999722
2022-06-07 00:00:00+05:30,5436.212473356451,5452.14938011103,5289.552064902589,5431.51953125,1203977
2022-06-08 00:00:00+05:30,5457.674126427825,5488.3257707408175,5377.548463359687,5408.689453125,605175
2022-06-09 00:00:00+05:30,5401.992084925079,5411.7694461647625,5323.773195007611,5359.8515625,375314
2022-06-10 00:00:00+05:30,5334.430003271977,5412.453626267612,5288.574278150342,5388.35205078125,493489
2022-06-13 00:00:00+05:30,5310.084518152551,5328.6615032096115,5218.17732892288,5236.90087890625,441354
2022-06-14 00:00:00+05:30,5230.887647193372,5375.592576498909,5205.466510964021,5307.73779296875,610906
2022-06-15 00:00:00+05:30,5319.764234995245,5351.6872230821145,5280.752660204713,5332.71923828125,286759
2022-06-16 00:00:00+05:30,5357.993150947174,5363.859566805876,5159.561443562546,5187.1337890625,732233
2022-06-17 00:00:00+05:30,5182.001120425988,5184.8856327684125,5042.233559619481,5062.03271484375,819352
2022-06-20 00:00:00+05:30,5063.695560433516,5228.395407152586,5046.878307557961,5214.56005859375,506142
2022-06-21 00:00:00+05:30,5235.776666717426,5312.040080350285,5144.89590784086,5298.25390625,292408
2022-06-22 00:00:00+05:30,5279.774265770772,5307.150873074769,5201.555387759353,5289.5029296875,214821
2022-06-23 00:00:00+05:30,5307.1513340711,5376.472725248171,5238.7585057049855,5289.84521484375,296712
2022-06-24 00:00:00+05:30,5328.661332656135,5387.325494116569,5314.191030459961,5346.5537109375,265862
2022-06-27 00:00:00+05:30,5387.3257932984125,5457.722790960388,5365.864295408219,5436.45703125,226613
2022-06-28 00:00:00+05:30,5436.212088819479,5460.655488499423,5357.993209843659,5448.67822265625,278114
2022-06-29 00:00:00+05:30,5418.6128028542325,5522.252816766638,5398.178216347873,5493.2138671875,490615
2022-06-30 00:00:00+05:30,5503.676046935888,5523.230767301622,5411.768861216938,5482.458984375,572821
2022-07-01 00:00:00+05:30,5475.321881968691,5572.851052991257,5362.882236178262,5564.98046875,329610
2022-07-04 00:00:00+05:30,5553.442451276331,5617.093158528632,5506.706862783874,5581.943359375,165959
2022-07-05 00:00:00+05:30,5583.361748992624,5634.692891943698,5573.437823504119,5602.37890625,307970
2022-07-06 00:00:00+05:30,5621.982325341663,5714.769381629179,5600.716566111024,5698.29443359375,371948
2022-07-07 00:00:00+05:30,5724.6443450035185,5741.217161355766,5642.758954073707,5708.85400390625,261593
2022-07-08 00:00:00+05:30,5720.733596259792,5826.280393225614,5676.3444753223785,5709.0986328125,410980
2022-07-11 00:00:00+05:30,5690.423673906777,5738.332739202556,5651.900969946899,5723.9111328125,189671
2022-07-12 00:00:00+05:30,5693.454760649204,5706.605023780904,5602.42744095205,5650.18994140625,171919
2022-07-13 00:00:00+05:30,5653.269469234818,5753.976275760447,5641.878940483609,5669.84228515625,263686
2022-07-14 00:00:00+05:30,5670.868891279994,5721.662468261645,5555.740475426853,5607.36474609375,285686
2022-07-15 00:00:00+05:30,5592.649989851035,5702.1564232187475,5574.073005619012,5677.76171875,255753
2022-07-18 00:00:00+05:30,5702.1561264304355,5857.616144280648,5682.014670145172,5849.20751953125,512929
2022-07-19 00:00:00+05:30,5861.429215593605,5960.229720873061,5849.451950074467,5950.3544921875,555572
2022-07-20 00:00:00+05:30,5974.945252597538,6008.1882796943,5941.702225500775,5953.43505859375,371187
2022-07-21 00:00:00+05:30,5988.63276873866,6012.244996744802,5901.614268099029,5994.2060546875,328612
2022-07-22 00:00:00+05:30,5994.499524623778,6350.395435072815,5963.260667893649,6314.90380859375,1441549
2022-07-25 00:00:00+05:30,6207.64586072452,6303.268250510002,6120.676052606347,6240.791015625,919050
2022-07-26 00:00:00+05:30,6247.244531542138,6318.17909146051,6166.777045075127,6257.16845703125,549442
2022-07-27 00:00:00+05:30,6248.026272394724,6405.148641137886,6224.169609085158,6389.84716796875,424070
2022-07-28 00:00:00+05:30,6413.9483895113,6413.9483895113,6301.508745487855,6327.17431640625,462464
2022-07-29 00:00:00+05:30,6394.100841975922,6430.814640865429,6345.5071677702135,6399.0869140625,360851
2022-08-01 00:00:00+05:30,6441.275917012577,6515.632547057481,6413.996701341529,6509.423828125,414339
2022-08-02 00:00:00+05:30,6517.488123133201,6582.536547059425,6485.185020594101,6540.54736328125,274658
2022-08-03 00:00:00+05:30,6554.019269608122,6583.519731436816,6405.582587113113,6492.7568359375,266360
2022-08-04 00:00:00+05:30,6537.302043250364,6574.030212583066,6440.933872336022,6478.35009765625,275815
2022-08-05 00:00:00+05:30,6478.350659556308,6685.78827424524,6478.350659556308,6662.384765625,741250
2022-08-08 00:00:00+05:30,6642.520530318391,6662.384366303546,6536.318869730029,6566.6552734375,313912
2022-08-10 00:00:00+05:30,6612.3808996989055,6629.83533905217,6470.97506912963,6485.82373046875,271291
2022-08-11 00:00:00+05:30,6519.700508076428,6544.136820036858,6464.141304854665,6487.25,303393
2022-08-12 00:00:00+05:30,6485.184843114715,6500.082480272313,6406.516945093612,6450.0791015625,269932
2022-08-16 00:00:00+05:30,6482.333059430767,6567.785965405978,6450.816445514416,6545.1689453125,270299
2022-08-17 00:00:00+05:30,6598.270371079266,6611.791416921641,6484.250886988159,6499.7880859375,341063
2022-08-18 00:00:00+05:30,6499.050079263564,6598.5157056168055,6499.050079263564,6592.32080078125,300992
2022-08-19 00:00:00+05:30,6613.020416871172,6669.956214095568,6496.00191432728,6536.85986328125,641293
2022-08-22 00:00:00+05:30,6544.185997973642,6555.838776810104,6337.731733745859,6359.80810546875,345960
2022-08-23 00:00:00+05:30,6337.68248472721,6470.4345615989205,6298.446966926386,6387.2431640625,379309
2022-08-24 00:00:00+05:30,6344.664659341663,6424.90601455351,6344.664659341663,6399.97802734375,223101
2022-08-25 00:00:00+05:30,6421.266645360926,6496.001142305403,6347.122253632995,6367.2314453125,470687
2022-08-26 00:00:00+05:30,6399.09266511235,6460.600933999034,6363.249413075761,6408.630859375,415698
2022-08-29 00:00:00+05:30,6295.398348895924,6470.434416703402,6295.398348895924,6397.96142578125,366457
2022-08-30 00:00:00+05:30,6429.969802865442,6578.602864223543,6416.350327213546,6566.6552734375,467147
2022-09-01 00:00:00+05:30,6518.618338246207,6647.437014111383,6495.0179701487705,6522.06005859375,386222
2022-09-02 00:00:00+05:30,6529.435367968454,6555.64151479318,6436.017241468905,6467.97607421875,268505
2022-09-05 00:00:00+05:30,6465.518021548925,6509.621308950403,6388.226713884744,6413.3515625,385312
2022-09-06 00:00:00+05:30,6431.1008161900545,6446.834396168501,6348.54849668034,6387.341796875,341220
2022-09-07 00:00:00+05:30,6352.432547622711,6684.804405377584,6323.91543556682,6658.05712890625,918604
2022-09-08 00:00:00+05:30,6730.038478085824,6823.456604242772,6667.104161516932,6804.4287109375,879685
2022-09-09 00:00:00+05:30,6814.6070374719775,6911.958566578721,6651.518546468558,6670.69384765625,567059
2022-09-12 00:00:00+05:30,6670.693870729675,6785.106597575467,6627.770792414297,6755.212890625,488043
2022-09-13 00:00:00+05:30,6784.122518642881,6853.547031228495,6740.855176880265,6781.46728515625,412295
2022-09-14 00:00:00+05:30,6676.937615328328,6848.433531096895,6647.535585482433,6761.259765625,543948
2022-09-15 00:00:00+05:30,6793.956339275172,6809.6899188711195,6645.6180881169785,6676.98681640625,437578
2022-09-16 00:00:00+05:30,6676.987061504151,6705.20936300066,6343.5828562005145,6373.4765625,831639
2022-09-19 00:00:00+05:30,6288.5153808005625,6403.518211451115,6140.619821901489,6352.28564453125,808807
2022-09-20 00:00:00+05:30,6384.58860879384,6454.062101816352,6350.417239797661,6376.67236328125,373825
2022-09-21 00:00:00+05:30,6391.766365880519,6424.167896672462,6191.703886568171,6208.61767578125,616165
2022-09-22 00:00:00+05:30,6195.096394345692,6258.866649292231,6126.261989964073,6135.50537109375,492098
2022-09-23 00:00:00+05:30,6155.76322875176,6179.314623580212,6025.1252501433855,6037.71240234375,570526
2022-09-26 00:00:00+05:30,6018.045367379045,6136.096192614148,5905.009236642301,6074.24365234375,497458
2022-09-27 00:00:00+05:30,6104.629082949662,6169.481125528737,6025.961182396187,6089.7314453125,467962
2022-09-28 00:00:00+05:30,6047.595039218642,6173.119415831781,6010.276760696812,6070.1630859375,378895
2022-09-29 00:00:00+05:30,6114.462063545111,6158.56534766628,6042.677610241992,6073.06298828125,407574
2022-09-30 00:00:00+05:30,6069.425309376679,6219.680805389665,6069.228447567591,6150.94482421875,442887
2022-10-03 00:00:00+05:30,6181.72345412049,6249.476086616264,6125.47619400074,6138.603515625,337932
2022-10-04 00:00:00+05:30,6243.182561494758,6275.584093718775,6175.57733732918,6202.52099609375,307268
2022-10-06 00:00:00+05:30,6234.430725687403,6260.833734175704,6153.304458357874,6182.55908203125,495617
2022-10-07 00:00:00+05:30,6195.096762097505,6202.177064743051,6031.270773914114,6100.20361328125,454883
2022-10-10 00:00:00+05:30,6053.69147867057,6070.457381999754,6018.09406355461,6047.49609375,282642
2022-10-11 00:00:00+05:30,6077.734291135198,6101.67892897365,5959.683467011247,5975.564453125,276525
2022-10-12 00:00:00+05:30,5983.6768789425805,6086.928493123183,5956.929602065978,6074.83349609375,223353
2022-10-13 00:00:00+05:30,6069.228267999049,6112.495611452056,5999.410509245335,6078.81591796875,314360
2022-10-14 00:00:00+05:30,6155.7632233375725,6155.7632233375725,6066.278486384902,6088.8955078125,249291
2022-10-17 00:00:00+05:30,6067.261397355597,6177.199588475915,5980.923574717699,6167.0712890625,453912
2022-10-18 00:00:00+05:30,6200.013551165458,6336.699020413991,6185.50915784592,6241.068359375,558284
2022-10-19 00:00:00+05:30,6242.3961495326,6338.665893870103,6146.027974292255,6291.8583984375,919146
2022-10-20 00:00:00+05:30,6234.430836957305,6306.215292966435,6172.4798680727135,6197.3583984375,476962
2022-10-21 00:00:00+05:30,6210.43750290667,6314.082365817043,6210.43750290667,6256.94970703125,307899
2022-10-24 00:00:00+05:30,6332.7655161929,6336.698910923455,6264.275376477262,6288.12158203125,56532
2022-10-25 00:00:00+05:30,6313.098812924897,6366.1996440616485,6280.845166813242,6308.87060546875,313500
2022-10-27 00:00:00+05:30,6366.199415652461,6366.199415652461,6265.8978493261475,6329.61865234375,248556
2022-10-28 00:00:00+05:30,6334.732566018547,6362.266330664389,6299.823685842567,6338.5185546875,151834
2022-10-31 00:00:00+05:30,6370.231454389942,6618.821819343793,6347.270165692545,6603.1376953125,538107
2022-11-01 00:00:00+05:30,6631.654845665089,6735.9387861999,6606.333615921345,6707.3232421875,429855
2022-11-02 00:00:00+05:30,6711.403957844261,6760.522418237791,6613.069086306257,6667.005859375,255634
2022-11-03 00:00:00+05:30,6617.985655893359,6671.037509753651,6558.984734521717,6616.2158203125,217701
2022-11-04 00:00:00+05:30,6646.4537847579995,6844.106871122308,6623.639903127301,6778.271484375,646411
2022-11-07 00:00:00+05:30,6809.6899111227995,6901.141342420189,6753.639033876013,6857.38232421875,353341
2022-11-09 00:00:00+05:30,6883.4414976325415,6942.442424755106,6743.805970109139,6788.54833984375,312745
2022-11-10 00:00:00+05:30,6780.189281589815,6780.189281589815,6676.93766816459,6688.04931640625,330402
2022-11-11 00:00:00+05:30,6726.056042215169,6812.442840228392,6674.430236159112,6699.75146484375,293195
2022-11-14 00:00:00+05:30,6731.022242712913,6782.648052463451,6705.848418499642,6740.265625,484476
2022-11-15 00:00:00+05:30,6765.439113456696,6883.4409584588475,6752.7045556232515,6848.5810546875,625270
2022-11-16 00:00:00+05:30,6870.608921087243,6917.85863770379,6754.425879106685,6796.90673828125,307352
2022-11-17 00:00:00+05:30,6817.556973795309,6843.714146920941,6736.037457373763,6757.42529296875,196795
2022-11-18 00:00:00+05:30,6785.105754559653,6823.554783198968,6649.403639468461,6700.98046875,296995
2022-11-21 00:00:00+05:30,6696.407769724689,6761.358239300032,6628.310872407057,6642.373046875,249498
2022-11-22 00:00:00+05:30,6642.618775445547,6801.822830974573,6628.310764037102,6729.10400390625,393509
2022-11-23 00:00:00+05:30,6762.6857769495555,6789.531004023139,6688.098683069435,6710.42041015625,258946
2022-11-24 00:00:00+05:30,6730.923227231793,6775.272348357864,6717.254776724611,6745.96875,297230
2022-11-25 00:00:00+05:30,6789.039523930754,6827.390123790733,6735.938693355397,6759.5390625,377893
2022-11-28 00:00:00+05:30,6759.5390902012905,6809.591443937108,6748.722254299019,6777.5341796875,239438
2022-11-29 00:00:00+05:30,6785.106220147484,6888.357836541033,6780.189476509696,6813.52490234375,336266
2022-11-30 00:00:00+05:30,6832.306710172478,6976.858967857474,6790.071691802183,6959.15869140625,489956
2022-12-01 00:00:00+05:30,6981.77622138782,7177.462625339394,6917.9075271332695,7152.87890625,1086727
2022-12-02 00:00:00+05:30,7153.862222782371,7177.462593001859,7039.793766721511,7116.5439453125,442739
2022-12-05 00:00:00+05:30,7139.1118919402525,7163.69561057641,7038.318645532006,7078.734375,235887
2022-12-06 00:00:00+05:30,7065.409571835564,7152.583820517905,7021.109903788624,7121.46044921875,312838
2022-12-07 00:00:00+05:30,7134.194999299845,7173.430517394033,7027.009988283487,7042.9404296875,324940
2022-12-08 00:00:00+05:30,7079.127275926439,7099.3843551325945,7034.876584522537,7059.50927734375,262827
2022-12-09 00:00:00+05:30,7081.290610842841,7102.82585061386,6922.774613707324,6959.5517578125,211582
2022-12-12 00:00:00+05:30,6970.958885200532,7044.661061806709,6854.087796998559,7027.845703125,260579
2022-12-13 00:00:00+05:30,7060.394777837243,7122.39472207779,7036.056897211614,7104.9892578125,285708
2022-12-14 00:00:00+05:30,7125.246177068162,7157.746139364135,7055.526850975083,7077.701171875,226179
2022-12-15 00:00:00+05:30,7077.701360015042,7097.368334338458,6969.975700218824,6995.4443359375,241610
2022-12-16 00:00:00+05:30,6989.69196863136,7045.4970108186335,6876.705292021552,6897.306640625,285180
2022-12-19 00:00:00+05:30,6925.527924576271,6995.935786431256,6893.274279778256,6958.17529296875,251219
2022-12-20 00:00:00+05:30,6971.94229242062,7006.408472341898,6888.947758058623,6979.80908203125,488123
2022-12-21 00:00:00+05:30,7011.768316921477,7034.188476537186,6810.673495967765,6834.96240234375,388167
2022-12-22 00:00:00+05:30,6864.757224420052,6973.908929320585,6745.772032591542,6895.63427734375,338708
2022-12-23 00:00:00+05:30,6854.874519079968,6868.690375663645,6760.620454186925,6794.34912109375,289661
2022-12-26 00:00:00+05:30,6795.922662779743,6986.593873986323,6750.0495433246215,6956.20849609375,328414
2022-12-27 00:00:00+05:30,6981.776142234719,7046.628184517611,6923.758565841501,6988.8564453125,295144
2022-12-28 00:00:00+05:30,6988.069455080308,7038.31867219311,6909.303124241541,6936.34521484375,260015
2022-12-29 00:00:00+05:30,6912.990351275838,6918.251362862325,6790.0227881360715,6865.9375,449116
2022-12-30 00:00:00+05:30,6883.44068333907,6935.607138171803,6834.519087053911,6843.17236328125,232317
2023-01-02 00:00:00+05:30,6863.67557857575,6922.7259568193585,6834.371979019653,6901.09228515625,212580
2023-01-03 00:00:00+05:30,6912.8922816751465,6921.791395216036,6844.155824458161,6877.1474609375,188315
2023-01-04 00:00:00+05:30,6883.441136681458,6944.408758177779,6867.56015066055,6888.7021484375,319221
2023-01-05 00:00:00+05:30,6898.1420328367,6924.938284436663,6829.3566004308195,6890.32421875,236570
2023-01-06 00:00:00+05:30,6890.324355752274,6912.842945000667,6835.256828433574,6865.9375,160184
2023-01-09 00:00:00+05:30,6922.775087450016,6946.375457066322,6886.292753387992,6917.7109375,298470
2023-01-10 00:00:00+05:30,6932.559415191207,6932.559415191207,6774.436654873381,6805.06787109375,263888
2023-01-11 00:00:00+05:30,6832.307047501855,6915.8916904261005,6806.739980254439,6905.02587890625,295408
2023-01-12 00:00:00+05:30,6907.975431487618,7047.610942629858,6907.975431487618,7034.2373046875,566492
2023-01-13 00:00:00+05:30,7055.527399530653,7137.145347148918,7019.143495170704,7128.19677734375,462134
2023-01-16 00:00:00+05:30,7148.945514667406,7212.617347139856,7129.524376577354,7163.54833984375,440500
2023-01-17 00:00:00+05:30,7158.778825960772,7265.963838602218,7141.9144911028425,7254.802734375,385734
2023-01-18 00:00:00+05:30,7250.23007204234,7260.063559187386,7148.945154448367,7162.17138671875,447736
2023-01-19 00:00:00+05:30,7139.111350952173,7139.111350952173,7066.392524676608,7092.2548828125,412001
2023-01-20 00:00:00+05:30,7092.255180008755,7144.028393672601,7030.943291776889,7057.64111328125,353292
2023-01-23 00:00:00+05:30,7006.3596053203355,7065.311552936976,6716.271733942161,6735.69287109375,998103
2023-01-24 00:00:00+05:30,6767.405979923228,6782.795291563203,6669.661211901595,6696.31005859375,444188
2023-01-25 00:00:00+05:30,6692.622475525725,6717.1077628525345,6560.902721189743,6593.45166015625,509299
2023-01-27 00:00:00+05:30,6621.869886528924,6685.787549526308,6494.13299143045,6603.7763671875,635582
2023-01-30 00:00:00+05:30,6634.653393978879,6788.990157876274,6531.942434614445,6773.0107421875,699269
2023-01-31 00:00:00+05:30,6809.689959607767,6980.792638737263,6777.780101238549,6967.56640625,593220
2023-02-01 00:00:00+05:30,6967.026041758188,7118.461752475302,6865.347874878277,7022.48681640625,648015
2023-02-02 00:00:00+05:30,6981.775871910379,7188.279101924629,6888.406719422211,7048.29931640625,647192
2023-02-03 00:00:00+05:30,7065.311490647816,7104.694414337587,7012.259635798107,7069.49072265625,364197
2023-02-06 00:00:00+05:30,7037.137864020962,7087.73134492959,6994.362197064639,7008.57177734375,314446
2023-02-07 00:00:00+05:30,7035.811241804256,7085.027654058407,6934.722703493513,6954.04541015625,295067
2023-02-08 00:00:00+05:30,6995.542384166928,7172.299306229623,6995.542384166928,7129.6220703125,559696
2023-02-09 00:00:00+05:30,7129.27849240703,7129.27849240703,7040.777104225425,7060.1982421875,334529
2023-02-10 00:00:00+05:30,7055.527272006554,7106.562976034541,7028.042482419759,7086.06005859375,407822
2023-02-13 00:00:00+05:30,7094.861260928305,7129.278467322274,7035.8603356815,7059.70654296875,323236
2023-02-14 00:00:00+05:30,7095.008287980011,7109.512681327918,7006.900148290715,7020.3232421875,328419
2023-02-15 00:00:00+05:30,7019.1432194016115,7057.493819787807,6930.2975658101095,7032.7626953125,404971
2023-02-16 00:00:00+05:30,7067.966692385413,7074.014191292235,6989.64305886595,7052.33154296875,264069
2023-02-17 00:00:00+05:30,7056.510405562104,7270.191890080493,7056.510405562104,7176.33154296875,1063293
2023-02-20 00:00:00+05:30,7179.429060348954,7367.248667324253,7179.429060348954,7303.18359375,713498
2023-02-21 00:00:00+05:30,7320.834417383205,7360.3652283049405,7199.096036929923,7218.3203125,399493
2023-02-22 00:00:00+05:30,7204.996667158172,7209.766004874656,7072.244578982063,7085.765625,402548
2023-02-23 00:00:00+05:30,7121.214604916841,7145.011836123049,7023.1750251210415,7057.44482421875,286748
2023-02-24 00:00:00+05:30,7092.746726340213,7121.214382952282,7046.578313078447,7096.53271484375,206602
2023-02-27 00:00:00+05:30,7099.778176209564,7114.528407877589,7017.619577878971,7066.9833984375,295092
2023-02-28 00:00:00+05:30,7062.459264779002,7162.662880379722,7042.940177409096,7140.3896484375,429256
2023-03-01 00:00:00+05:30,7106.661083544515,7221.71288190825,7099.777642616771,7153.02587890625,317216
2023-03-02 00:00:00+05:30,7153.025997263775,7207.946119319021,7132.0808615830765,7167.82568359375,180178
2023-03-03 00:00:00+05:30,7207.946139959858,7227.613114420867,7068.556458467455,7095.79541015625,408754
2023-03-06 00:00:00+05:30,7123.3779207719845,7134.686430723514,7071.260440125806,7080.70068359375,154817
2023-03-08 00:00:00+05:30,7094.812263318828,7162.171652764522,7067.6222862321865,7146.2412109375,237790
2023-03-09 00:00:00+05:30,7145.995047447133,7179.674740632088,7087.092555980091,7122.345703125,158808
2023-03-10 00:00:00+05:30,7080.110978172685,7122.345998915281,7017.569901835342,7106.0712890625,154319
2023-03-13 00:00:00+05:30,7104.694427765313,7137.144935186248,6937.328285309772,6957.7822265625,176576
2023-03-14 00:00:00+05:30,6962.109215682344,6996.526422257045,6874.591176106676,6946.32666015625,210976
2023-03-15 00:00:00+05:30,7007.34273792051,7068.310356465426,6964.272257524875,6982.51318359375,265536
2023-03-16 00:00:00+05:30,7016.783126308519,7030.746389850729,6958.224422744525,6986.29931640625,459814
2023-03-17 00:00:00+05:30,7039.940691295594,7187.19715790155,7039.940691295594,7168.56298828125,383505
2023-03-20 00:00:00+05:30,7153.861604371125,7163.104985877901,6979.808889048281,7122.59130859375,520041
2023-03-21 00:00:00+05:30,7122.394859571036,7237.446661113189,7116.593198087522,7230.3173828125,350524
2023-03-22 00:00:00+05:30,7237.446693000466,7325.063161360283,7230.5632518522325,7273.486328125,381601
2023-03-23 00:00:00+05:30,7248.263704099573,7340.698487464837,7235.922869231856,7284.5986328125,232908
2023-03-24 00:00:00+05:30,7280.713996407014,7307.461273921428,7205.536793943512,7282.33642578125,228994
2023-03-27 00:00:00+05:30,7283.664161643622,7358.841365335847,7269.356629449581,7326.14501953125,251626
2023-03-28 00:00:00+05:30,7359.381918034893,7386.817251656423,7245.65773308953,7279.8291015625,249783
2023-03-29 00:00:00+05:30,7296.250336559832,7473.449960580194,7276.780224775452,7444.68701171875,445346
2023-03-31 00:00:00+05:30,7448.965079509182,7517.012523706986,7421.38185947241,7495.2314453125,378456
2023-04-03 00:00:00+05:30,7543.169583899432,7608.169030180964,7453.881712376889,7513.27587890625,360584
2023-04-05 00:00:00+05:30,7448.866800240257,7571.441126210098,7448.866800240257,7563.86962890625,233489
2023-04-06 00:00:00+05:30,7561.951713737612,7601.285662833777,7541.1539841831645,7573.6044921875,227682
2023-04-10 00:00:00+05:30,7573.604505163047,7642.58632247848,7540.31805465324,7568.09765625,226983
2023-04-11 00:00:00+05:30,7586.535156917694,7664.170728192327,7586.535156917694,7612.544921875,354799
2023-04-12 00:00:00+05:30,7620.952669732842,7664.220013922293,7547.2015148644605,7554.9208984375,264416
2023-04-13 00:00:00+05:30,7576.750847533396,7619.969215749608,7501.426719855509,7527.7802734375,292568
2023-04-17 00:00:00+05:30,7527.780121770591,7693.720214589086,7517.749772988825,7613.5283203125,488286
2023-04-18 00:00:00+05:30,7649.469471701184,7649.469471701184,7443.949595163642,7468.828125,437232
2023-04-19 00:00:00+05:30,7478.367448617881,7506.884563149099,7353.973828335151,7390.7509765625,341302
2023-04-20 00:00:00+05:30,7446.506806027605,7473.450465623518,7321.621515352054,7351.318359375,263429
2023-04-21 00:00:00+05:30,7375.164501320176,7392.275153460966,7217.042216504245,7235.9716796875,388408
2023-04-24 00:00:00+05:30,7227.613719453014,7333.815390432731,7186.853719410206,7316.65576171875,513771
2023-04-25 00:00:00+05:30,7331.749760836866,7382.4416763796025,7301.659193418938,7315.328125,285446
2023-04-26 00:00:00+05:30,7339.7147820374785,7355.448361420195,7178.445593364629,7332.73291015625,230254
2023-04-27 00:00:00+05:30,7334.798271991193,7382.9823603847535,7313.066168746804,7376.00048828125,205177
2023-04-28 00:00:00+05:30,7386.915676786021,7452.800041847878,7365.282004676158,7430.3798828125,457487
2023-05-02 00:00:00+05:30,7419.858085495645,7455.750315317472,7316.114791079133,7332.4384765625,544731
2023-05-03 00:00:00+05:30,7398.715867436119,7416.416144630943,7310.657180452173,7382.19580078125,384431
2023-05-04 00:00:00+05:30,7389.571008940237,7403.632703938818,7360.414334519224,7377.328125,232203
2023-05-05 00:00:00+05:30,7394.782359354476,7541.202887434419,7380.523802943487,7501.7705078125,319654
2023-05-08 00:00:00+05:30,7502.950223712587,7624.885456706082,7493.116737180854,7606.64453125,295156
2023-05-09 00:00:00+05:30,7629.753831327319,7692.737125511299,7559.493372410599,7587.7646484375,289797
2023-05-10 00:00:00+05:30,7630.785690620437,7645.535920692512,7593.418441104513,7614.265625,234884
2023-05-11 00:00:00+05:30,7660.286588734768,7724.990742956722,7621.051070529934,7704.97998046875,320219
2023-05-12 00:00:00+05:30,7709.404806601495,7788.1216777104855,7563.721313067676,7574.68603515625,246799
2023-05-15 00:00:00+05:30,7600.204087474179,7645.536561056058,7588.010658956794,7631.720703125,183594
2023-05-16 00:00:00+05:30,7640.61940625377,7675.380878861917,7557.0347666744165,7570.5068359375,250490
2023-05-17 00:00:00+05:30,7588.501767665015,7630.736785554151,7525.56745211097,7572.2275390625,205629
2023-05-18 00:00:00+05:30,7615.839154708807,7638.50563133131,7460.175240711683,7477.53125,157714
2023-05-19 00:00:00+05:30,7509.834327254031,7561.115868014021,7458.7986236790375,7553.396484375,138709
2023-05-22 00:00:00+05:30,7527.5343136612755,7609.152255925663,7522.617570151372,7587.17431640625,139603
2023-05-23 00:00:00+05:30,7547.201850368566,7623.312949546037,7498.329224176229,7526.79736328125,149291
2023-05-24 00:00:00+05:30,7522.61795898713,7556.002841205292,7463.666009195941,7526.3544921875,160565
2023-05-25 00:00:00+05:30,7517.012701287424,7540.416689764008,7467.845263501442,7494.83837890625,257361
2023-05-26 00:00:00+05:30,7542.284756710504,7620.952655085581,7506.785771538601,7593.271484375,252078
2023-05-29 00:00:00+05:30,7620.953076846717,7726.859932955593,7606.202845085078,7709.9951171875,210769
2023-05-30 00:00:00+05:30,7734.038117568139,7837.289738972418,7710.044503481488,7770.373046875,414785
2023-05-31 00:00:00+05:30,7763.538160644383,7795.448018735448,7650.305651329605,7739.00341796875,1137662
2023-06-01 00:00:00+05:30,7739.938146827299,7767.275050495845,7679.7570102128275,7712.20751953125,184642
2023-06-02 00:00:00+05:30,7730.1040244665255,7815.114710473532,7696.129519408724,7719.92626953125,248325
2023-06-05 00:00:00+05:30,7765.504624919218,7793.038388310093,7734.037466758218,7750.75439453125,186015
2023-06-06 00:00:00+05:30,7756.654902549669,7984.791811448188,7756.654902549669,7974.515625,635244
2023-06-07 00:00:00+05:30,7999.640765704983,8035.827808791634,7947.965499164174,8021.76611328125,298650
2023-06-08 00:00:00+05:30,8033.958976212523,8077.1773441607675,7951.357684413031,7965.27197265625,349085
2023-06-09 00:00:00+05:30,8022.159187862203,8080.865300922185,7973.188611651419,8017.48828125,325814
2023-06-12 00:00:00+05:30,8024.617317011552,8068.376335528434,7967.435684350539,8062.08251953125,195134
2023-06-13 00:00:00+05:30,8075.7513136390135,8179.7894155188105,8075.013802103522,8138.48876953125,249199
2023-06-14 00:00:00+05:30,8170.5951738330605,8227.629397043313,8138.931154404322,8219.123046875,289643
2023-06-15 00:00:00+05:30,8240.46193238009,8287.66266898561,8170.644176151095,8194.44140625,406197
2023-06-16 00:00:00+05:30,8225.663559285778,8291.744789281465,8167.547070277756,8194.4912109375,356982
2023-06-19 00:00:00+05:30,8218.828753499154,8275.469256696279,8115.479185239668,8130.9169921875,187488
2023-06-20 00:00:00+05:30,8130.327053687154,8153.337797393647,8035.23704231245,8106.18603515625,343189
2023-06-21 00:00:00+05:30,8114.987781439387,8213.568495726286,8090.010338536856,8104.31787109375,373929
2023-06-22 00:00:00+05:30,8139.177178663652,8141.143876060936,8010.063686592189,8026.82958984375,226654
2023-06-23 00:00:00+05:30,8027.272238349175,8029.091049309643,7925.790461227019,7945.654296875,198255
2023-06-26 00:00:00+05:30,7925.790678001923,8132.2939090664895,7925.790678001923,8031.107421875,241856
2023-06-27 00:00:00+05:30,8048.660201076411,8092.074470361665,8032.631329042639,8071.81787109375,236562
2023-06-28 00:00:00+05:30,8064.540427587227,8180.280758596925,8045.75885203122,8123.099609375,282115
2023-06-30 00:00:00+05:30,8161.7944167432715,8180.478042516539,8099.54863451684,8156.6318359375,225746
2023-07-03 00:00:00+05:30,8243.412798371188,8357.481256513984,8224.040635402147,8322.8671875,373703
2023-07-04 00:00:00+05:30,8356.497569593877,8356.497569593877,8244.395813541429,8271.634765625,206677
2023-07-05 00:00:00+05:30,8289.580628694654,8311.263275634328,8203.832429341965,8237.708984375,195350
2023-07-06 00:00:00+05:30,8274.880038364872,8338.748734108105,8240.462830837507,8270.16015625,275687
2023-07-07 00:00:00+05:30,8277.779630532019,8306.739439181012,8186.966810141751,8197.63671875,354695
2023-07-10 00:00:00+05:30,8210.961925830195,8294.005918445748,8197.195043559343,8212.2890625,173234
2023-07-11 00:00:00+05:30,8255.507006010443,8302.707742792618,8166.759787373123,8187.26318359375,300378
2023-07-12 00:00:00+05:30,8224.7287055798,8233.922632004062,8016.750451009006,8083.6181640625,508967
2023-07-13 00:00:00+05:30,8130.326921671955,8210.96151378336,8069.8509775884,8096.89306640625,272841
2023-07-14 00:00:00+05:30,8160.810954165871,8160.810954165871,8012.325298776181,8046.2998046875,249245
2023-07-17 00:00:00+05:30,8070.342521869981,8122.4600012971905,8053.576619133401,8113.60986328125,202735
2023-07-18 00:00:00+05:30,8088.04297251244,8113.610038443787,8021.175261615073,8039.85888671875,280527
2023-07-19 00:00:00+05:30,8030.025598594741,8217.697316542703,8027.813063988221,8190.50830078125,150429
2023-07-20 00:00:00+05:30,8210.912592773107,8210.912592773107,8029.04206035008,8087.20751953125,307197
2023-07-21 00:00:00+05:30,8106.726607370333,8175.069341384433,7937.590632544072,7984.0048828125,656733
2023-07-24 00:00:00+05:30,8063.459914940087,8106.875147261262,7953.71809616514,8082.97900390625,482809
2023-07-25 00:00:00+05:30,8107.415772940656,8274.879875933404,8107.415772940656,8253.541015625,583167
2023-07-26 00:00:00+05:30,8275.765041579218,8317.75326451822,8201.128488124248,8213.2724609375,191345
2023-07-27 00:00:00+05:30,8250.464737354087,8288.792852822291,8154.643966338359,8187.48974609375,216816
2023-07-28 00:00:00+05:30,8194.158468639962,8240.24173487326,8125.009452026966,8205.765625,204996
2023-07-31 00:00:00+05:30,8227.744077510282,8307.75935788948,8200.627595110363,8217.0263671875,240038
2023-08-01 00:00:00+05:30,8245.52621429733,8266.270919041577,8170.054616875382,8181.11865234375,217562
2023-08-02 00:00:00+05:30,8167.486564061836,8213.91518870031,8113.550717911215,8186.947265625,134414
2023-08-03 00:00:00+05:30,8184.377695734788,8184.377695734788,7981.771481263542,8037.23876953125,390602
2023-08-04 00:00:00+05:30,8078.580460693693,8131.775423045473,8049.686051489084,8058.9716796875,248048
2023-08-07 00:00:00+05:30,8088.754920545361,8149.705028667549,8060.799155627539,8076.0615234375,195297
2023-08-08 00:00:00+05:30,8076.061476791188,8129.898921821125,8038.07871942372,8057.6875,166007
2023-08-09 00:00:00+05:30,8060.799439435968,8074.580043180456,7987.699052362652,8012.64208984375,222338
2023-08-10 00:00:00+05:30,8035.114874275205,8105.251726509473,7977.819980900732,8003.70166015625,296178
2023-08-11 00:00:00+05:30,8026.224580011313,8055.859870768278,7946.950177236432,8034.078125,293096
2023-08-14 00:00:00+05:30,8030.965936566447,8043.560934985989,7921.56232284377,7956.3837890625,544313
2023-08-16 00:00:00+05:30,7907.634483319954,8164.5228777201655,7890.544509002395,8151.58251953125,282782
2023-08-17 00:00:00+05:30,8125.1074562636795,8133.010200636041,8050.970028558549,8107.5732421875,248724
2023-08-18 00:00:00+05:30,8100.3128504663455,8146.149152959802,8066.5284258836255,8114.98193359375,265260
2023-08-21 00:00:00+05:30,8114.53807771072,8178.303151622056,8105.745888969168,8119.3779296875,216794
2023-08-22 00:00:00+05:30,8122.094803558492,8167.437185693428,8092.459511886112,8103.7705078125,193112
2023-08-23 00:00:00+05:30,8110.092728159907,8134.788803454015,8047.957016843756,8062.67578125,208545
2023-08-24 00:00:00+05:30,8111.179183939916,8222.80544721908,8064.750561160086,8111.57470703125,273837
2023-08-25 00:00:00+05:30,8079.5680067488065,8090.434279896408,7963.002531165439,7973.32568359375,191154
2023-08-28 00:00:00+05:30,8035.905278664314,8051.315726384404,7950.6054189938495,8018.9638671875,327780
2023-08-29 00:00:00+05:30,8060.700645882548,8118.0944252558775,8026.373098878697,8100.01708984375,230713
2023-08-30 00:00:00+05:30,8129.948275310057,8213.717172742106,8100.362183119771,8165.46142578125,223225
2023-08-31 00:00:00+05:30,8188.032897140767,8258.367511950972,8125.996549438839,8196.578125,482614
2023-09-01 00:00:00+05:30,8199.09710168121,8243.550037774661,8148.717107441962,8161.95458984375,215635
2023-09-04 00:00:00+05:30,8184.230217335797,8489.522909573852,8181.859008212819,8478.2119140625,620108
2023-09-05 00:00:00+05:30,8477.669083225395,8495.450258184386,8345.495875634995,8352.064453125,210587
2023-09-06 00:00:00+05:30,8381.699406020645,8452.774903769894,8341.444803226275,8433.611328125,327847
2023-09-07 00:00:00+05:30,8433.611367509313,8441.11858856972,8327.516641502953,8391.875,203477
2023-09-08 00:00:00+05:30,8431.239964100057,8446.057609028177,8297.881159746981,8328.0595703125,125962
2023-09-11 00:00:00+05:30,8348.211742756823,8395.332045377998,8323.713430031576,8358.8310546875,131688
2023-09-12 00:00:00+05:30,8416.373633592872,8505.180145467479,8292.94245087082,8467.4453125,335823
2023-09-13 00:00:00+05:30,8485.571285158954,8579.416369220666,8421.855412296003,8531.357421875,321018
2023-09-14 00:00:00+05:30,8560.647707217511,8594.234370273753,8498.413596260356,8582.3310546875,311971
2023-09-15 00:00:00+05:30,8614.979973214975,8644.566068021884,8555.956345947507,8622.240234375,357249
2023-09-18 00:00:00+05:30,8621.894662544912,8631.37757052301,8502.365646256194,8523.1103515625,129308
2023-09-20 00:00:00+05:30,8485.570925602686,8518.663664369587,8338.43152552043,8355.32421875,317399
2023-09-21 00:00:00+05:30,8273.283968860493,8335.419682782074,8185.91002255859,8212.482421875,393954
2023-09-22 00:00:00+05:30,8174.400866363168,8209.61785536754,8079.617137095468,8087.86572265625,524827
2023-09-25 00:00:00+05:30,8117.106500491661,8179.291414642606,8056.946954039944,8106.43798828125,467415
2023-09-26 00:00:00+05:30,8136.862958995272,8226.756673851234,8106.437586905189,8128.86181640625,515796
2023-09-27 00:00:00+05:30,8136.863217194647,8189.169699722455,8105.25223953892,8162.2509765625,541638
2023-09-28 00:00:00+05:30,8164.325239764165,8222.756543429585,8035.115558706832,8055.21826171875,370431
2023-09-29 00:00:00+05:30,8100.313286484295,8185.218592467924,8033.139956791498,8154.49609375,320974
2023-10-03 00:00:00+05:30,8188.231385531274,8275.161577584206,8121.25581686496,8203.9384765625,454402
2023-10-04 00:00:00+05:30,8191.7378539255,8191.7378539255,7947.246694197945,8022.12548828125,884369
2023-10-05 00:00:00+05:30,8077.592875331588,8109.006092377044,8026.225035106904,8078.03759765625,310506
2023-10-06 00:00:00+05:30,8098.337166165344,8139.481214272656,8052.155504477343,8095.818359375,158491
2023-10-09 00:00:00+05:30,8070.727251546177,8100.164782715715,7988.884837344598,8011.50634765625,152525
2023-10-10 00:00:00+05:30,8048.747277052387,8086.828915408706,8006.467788148069,8059.11962890625,187020
2023-10-11 00:00:00+05:30,8096.312097308705,8288.002840142934,8079.76572691867,8241.57421875,439622
2023-10-12 00:00:00+05:30,8263.258472078709,8283.064533630677,8201.073554943576,8250.21875,177704
2023-10-13 00:00:00+05:30,8215.396056596517,8314.674275040328,8206.011548385412,8267.2578125,285076
2023-10-16 00:00:00+05:30,8267.307932920949,8352.21323855614,8173.41364113702,8191.392578125,363990
2023-10-17 00:00:00+05:30,8228.73239337207,8230.7080794209,8179.34024215135,8200.48046875,205234
2023-10-18 00:00:00+05:30,8223.694707880515,8248.340619371682,8147.729194091433,8177.66064453125,322136
2023-10-19 00:00:00+05:30,8149.30965270574,8434.203974666958,8093.743481052541,8414.990234375,837498
2023-10-20 00:00:00+05:30,8432.22848450188,8543.212268053254,8308.649701749779,8358.189453125,539291
2023-10-23 00:00:00+05:30,8312.699936516545,8419.979314526918,8201.616783642452,8224.041015625,217546
2023-10-25 00:00:00+05:30,8253.428641332157,8296.399813791517,8086.730127481193,8155.9775390625,255678
2023-10-26 00:00:00+05:30,8135.874824138887,8135.874824138887,8056.40266306069,8105.5478515625,637430
2023-10-27 00:00:00+05:30,8111.179124449846,8169.461863256635,8080.555990500517,8110.33984375,227682
2023-10-30 00:00:00+05:30,8141.802546669057,8313.983400064908,8097.794331034708,8299.4619140625,244073
2023-10-31 00:00:00+05:30,8302.5248751183,8349.348058001067,8249.57590754951,8319.861328125,218908
2023-11-01 00:00:00+05:30,8337.395636872488,8342.334852297176,8268.345019359153,8279.5576171875,209234
2023-11-02 00:00:00+05:30,8283.557600909533,8370.191626248763,8273.1360500411,8356.1640625,200590
2023-11-03 00:00:00+05:30,8371.970265294181,8426.301635747419,8333.444384427341,8418.9912109375,243686
2023-11-06 00:00:00+05:30,8435.191554838635,8544.842130150391,8417.60814200601,8535.90234375,194715
2023-11-07 00:00:00+05:30,8535.902053671496,8589.294774194621,8478.211637339553,8580.1572265625,206360
2023-11-08 00:00:00+05:30,8583.368764076427,8613.152619654207,8547.65784985157,8593.0986328125,132370
2023-11-09 00:00:00+05:30,8579.416594154083,8613.003256698843,8512.984151326582,8522.1708984375,128138
2023-11-10 00:00:00+05:30,8486.60874533034,8623.820529292383,8484.188336947249,8604.9521484375,149939
2023-11-13 00:00:00+05:30,8605.198716823934,8617.744515782417,8554.720325720391,8571.9091796875,64412
2023-11-15 00:00:00+05:30,8603.124792783046,8708.577034329675,8589.541951366033,8660.3212890625,192348
2023-11-16 00:00:00+05:30,8682.74401574817,8704.57592377828,8594.23367321967,8668.37109375,233428
2023-11-17 00:00:00+05:30,8678.201242444262,8761.772379062182,8665.013923529717,8684.0791015625,151817
2023-11-20 00:00:00+05:30,8693.019396178492,8708.034804437271,8545.929170746482,8556.203125,174311
2023-11-21 00:00:00+05:30,8559.463022748161,8631.674934895833,8559.463022748161,8602.4833984375,183507
2023-11-22 00:00:00+05:30,8627.820730517189,8668.3222933694,8507.550845706053,8653.40625,325320
2023-11-23 00:00:00+05:30,8643.627005498096,8660.420337965921,8485.572111683274,8500.63671875,344271
2023-11-24 00:00:00+05:30,8532.987983060986,8549.781314354346,8441.167781668913,8452.1826171875,197278
2023-11-28 00:00:00+05:30,8532.988968810878,8629.303674119868,8483.843773025008,8620.4130859375,343335
2023-11-29 00:00:00+05:30,8653.40626076166,8683.139949113967,8586.331335346826,8626.5859375,207727
2023-11-30 00:00:00+05:30,8669.853626519684,8909.504926471593,8656.913268591654,8894.193359375,1025481
2023-12-01 00:00:00+05:30,8993.125203665957,9052.001227199757,8862.927684959195,8924.025390625,353015
2023-12-04 00:00:00+05:30,9038.763937193127,9227.244198814205,8975.690544119616,9204.474609375,473570
2023-12-05 00:00:00+05:30,9207.685474494392,9285.72507888073,9130.782275541786,9216.3291015625,448461
2023-12-06 00:00:00+05:30,9216.328723307504,9234.307659809381,9018.562351167804,9100.998046875,308912
2023-12-07 00:00:00+05:30,9153.353837991812,9266.955790438287,9123.867108385162,9240.8271484375,346830
2023-12-08 00:00:00+05:30,9264.287908893184,9316.98991229748,9227.590119881399,9299.109375,311761
2023-12-11 00:00:00+05:30,9299.553807421225,9611.712188889793,9285.724005710592,9553.3310546875,588082
2023-12-12 00:00:00+05:30,9584.4979147906,9840.05310266742,9517.91690789056,9743.58984375,1060266
2023-12-13 00:00:00+05:30,9779.596921419006,9920.858476494815,9559.159360611578,9620.751953125,1501931
2023-12-14 00:00:00+05:30,9710.4965047995,9868.551381785046,9658.140826798037,9842.17578125,710415
2023-12-15 00:00:00+05:30,9878.431264487972,9937.207930511675,9780.289435751505,9907.5234375,439516
2023-12-18 00:00:00+05:30,9906.09016304006,9906.09016304006,9820.888699481802,9849.140625,266562
2023-12-19 00:00:00+05:30,9849.140602872538,9927.822687962283,9832.00191177001,9895.322265625,675166
2023-12-20 00:00:00+05:30,9905.10133870973,10004.873477456083,9738.304441147056,9767.248046875,501448
2023-12-21 00:00:00+05:30,9760.876335048404,9863.612003386126,9705.408566699523,9833.43359375,216730
2023-12-22 00:00:00+05:30,9865.587814216258,9877.441929943763,9781.62116114643,9847.806640625,226940
2023-12-26 00:00:00+05:30,9853.733783418387,9932.563460747651,9848.89296691177,9896.853515625,226114
2023-12-27 00:00:00+05:30,9978.153494709686,10342.716781050152,9915.721620724562,10309.228515625,658122
2023-12-28 00:00:00+05:30,10364.449333215069,10371.315035385518,10202.541470621953,10299.5478515625,421406
2023-12-29 00:00:00+05:30,10293.37425742383,10398.03642636165,10235.585436319692,10375.365234375,243089
2024-01-01 00:00:00+05:30,10375.365118584776,10392.109251809778,10287.99020479852,10336.7900390625,97677
2024-01-02 00:00:00+05:30,10362.374616606054,10362.374616606054,9981.264017475418,10080.6416015625,337528
2024-01-03 00:00:00+05:30,10080.691187014734,10120.451869077238,9966.940675933645,9988.6240234375,179575
2024-01-04 00:00:00+05:30,10036.48480008347,10040.979292759595,9879.417764334132,9893.0498046875,313755
2024-01-05 00:00:00+05:30,9977.21477296936,9977.21477296936,9873.491253052352,9894.28515625,163191
2024-01-08 00:00:00+05:30,9955.482037030046,9957.457723086214,9804.391252946516,9813.7265625,176843
2024-01-09 00:00:00+05:30,9868.155647254223,9895.173731024224,9750.207776645482,9778.755859375,242925
2024-01-10 00:00:00+05:30,9778.609298697473,9786.314281664387,9611.713019970673,9657.3515625,374333
2024-01-11 00:00:00+05:30,9720.277092501676,9824.049810673554,9600.995045699876,9799.84765625,375210
2024-01-12 00:00:00+05:30,9858.624060939741,9858.624060939741,9674.983659125457,9689.208984375,376816
2024-01-15 00:00:00+05:30,9758.901850883003,9875.269573526843,9700.619108783387,9833.533203125,273931
2024-01-16 00:00:00+05:30,9832.941224599792,9924.662072484018,9760.235392099208,9848.400390625,146779
2024-01-17 00:00:00+05:30,9837.928690075534,9923.969431712714,9705.55772467036,9734.84765625,252817
2024-01-18 00:00:00+05:30,9734.205238396851,9812.294037146934,9651.22642369974,9771.990234375,278338
2024-01-19 00:00:00+05:30,9877.442284690065,10005.56571638446,9725.314460723443,9970.9912109375,567616
2024-01-23 00:00:00+05:30,9878.430832634016,9962.397494711404,9695.679862230287,9711.4853515625,580285
2024-01-24 00:00:00+05:30,9745.071596825577,9910.633704576148,9616.25647843788,9869.0458984375,272419
2024-01-25 00:00:00+05:30,9863.216949679854,9926.044344044203,9761.074561074643,9848.15234375,296269
2024-01-29 00:00:00+05:30,9878.528647878176,10174.783156935418,9868.057897689938,10149.1484375,334463
2024-01-30 00:00:00+05:30,10164.658053837768,10194.540306188757,9821.135632183006,9842.47265625,368827
2024-01-31 00:00:00+05:30,9838.916257482448,10062.31733729734,9782.757768937145,10043.7451171875,341574
2024-02-01 00:00:00+05:30,10046.314519465452,10108.844790971056,9779.695297043389,9801.6748046875,401503
2024-02-02 00:00:00+05:30,9878.430487050711,10042.314034707073,9870.823902637587,9975.7822265625,334386
2024-02-05 00:00:00+05:30,9927.82248224454,10005.17039879498,9758.358202861335,9795.796875,162473
2024-02-06 00:00:00+05:30,9858.673680650578,9952.518770797053,9799.69925737833,9926.587890625,250870
2024-02-07 00:00:00+05:30,9991.044416810797,10162.533581138128,9957.75391372375,10102.1767578125,250184
2024-02-08 00:00:00+05:30,10164.904902460481,10169.844117670616,9829.532189692227,9876.109375,320905
2024-02-09 00:00:00+05:30,9952.320794198373,9952.320794198373,9732.229559422367,9824.83984375,400823
2024-02-12 00:00:00+05:30,9830.026329067325,9895.668693602904,9786.462835824654,9842.7197265625,191687
2024-02-13 00:00:00+05:30,9876.25679694124,9883.073299686148,9711.089250314555,9732.625,276453
2024-02-14 00:00:00+05:30,9682.886333132166,9705.408960705543,9585.97932022875,9668.8095703125,417802
2024-02-15 00:00:00+05:30,9716.325292175701,9719.535781906734,9588.004101357603,9694.9873046875,415090
2024-02-16 00:00:00+05:30,9754.999286808637,9827.062630014076,9731.340252898604,9795.6494140625,250550
2024-02-19 00:00:00+05:30,9828.000997076966,9828.000997076966,9764.828243072163,9781.8193359375,109778
2024-02-20 00:00:00+05:30,9781.818794672492,9878.429643649302,9735.192413816387,9857.6357421875,320905
2024-02-21 00:00:00+05:30,9849.041967478875,9992.032246036842,9799.402855233364,9847.21484375,322960
2024-02-22 00:00:00+05:30,9878.430657073848,9899.07696302333,9683.1338900454,9840.1025390625,363840
2024-02-23 00:00:00+05:30,9840.102749016549,9906.090474275656,9773.76869986276,9879.3203125,304238
2024-02-26 00:00:00+05:30,9877.492227701348,9927.773826713857,9780.585206727432,9809.3310546875,162530
2024-02-27 00:00:00+05:30,9809.331095866151,10027.595219827896,9761.322307504981,9830.125,214186
2024-02-28 00:00:00+05:30,9838.916825834049,9868.502918263484,9661.994520595093,9685.751953125,300668
2024-02-29 00:00:00+05:30,9666.044911665738,9814.221379396946,9587.659946112148,9772.1396484375,328848
2024-03-01 00:00:00+05:30,9779.64616555054,10060.045028572484,9772.138944269338,10012.283203125,352952
2024-03-04 00:00:00+05:30,10033.522137758098,10042.412725455235,9845.04187151689,9857.09375,221282
2024-03-05 00:00:00+05:30,9857.09330570224,9908.955064931262,9710.497013738688,9718.7451171875,310715
2024-03-06 00:00:00+05:30,9779.547494406143,9793.72265585947,9416.119661664017,9523.84375,534825
2024-03-07 00:00:00+05:30,9523.844345776804,9596.895534575106,9452.768843141052,9555.5546875,585012
2024-03-11 00:00:00+05:30,9576.199155357344,9705.161864913056,9555.306854908911,9580.0029296875,319303
2024-03-12 00:00:00+05:30,9610.675474958533,9610.675474958533,9458.992373239516,9498.6044921875,235430
2024-03-13 00:00:00+05:30,9507.692593369893,9535.648356974061,9384.508379908173,9476.9208984375,415925
2024-03-14 00:00:00+05:30,9340.055644307462,9589.979925429598,9339.067801299076,9579.064453125,347822
2024-03-15 00:00:00+05:30,9562.320595376728,9632.359052555828,9427.776180838397,9515.8427734375,379648
2024-03-18 00:00:00+05:30,9507.989326278685,9556.195874028632,9453.65795869995,9494.5048828125,226448
2024-03-19 00:00:00+05:30,9474.747885370849,9490.652737010856,9320.447575422646,9338.3271484375,316008
2024-03-20 00:00:00+05:30,9419.08296583084,9419.08296583084,9330.177096200554,9369.24609375,171219
2024-03-21 00:00:00+05:30,9409.205068512714,9522.510859493688,9389.349809047479,9484.0341796875,215837
2024-03-22 00:00:00+05:30,9493.171093891213,9633.247036344781,9463.53580431611,9564.048828125,224511
2024-03-26 00:00:00+05:30,9514.015202698316,9572.001785046697,9453.65837574713,9483.9853515625,397803
2024-03-27 00:00:00+05:30,9512.928186590108,9589.97994137246,9454.694648210745,9506.4580078125,267937
2024-03-28 00:00:00+05:30,9562.320154099967,9734.155635344423,9524.337398153086,9630.6298828125,506387
2024-04-01 00:00:00+05:30,9630.63094587804,9875.516671595344,9630.63094587804,9833.3857421875,387442
2024-04-02 00:00:00+05:30,9769.86528871918,9961.606186381452,9725.313957026836,9916.1162109375,307109
2024-04-03 00:00:00+05:30,10075.998936139675,10152.754532738361,9860.797717286641,9880.3076171875,481855
2024-04-04 00:00:00+05:30,9955.482898857634,9956.37234353609,9779.64682463689,9883.46875,346378
2024-04-05 00:00:00+05:30,9879.41755713034,9898.03801126537,9683.03456735094,9704.173828125,280079
2024-04-08 00:00:00+05:30,9733.16840202816,9778.65838168087,9681.849762486534,9743.8369140625,215228
2024-04-09 00:00:00+05:30,9779.645587942752,9872.305067342955,9640.45812496142,9650.38671875,275924
2024-04-10 00:00:00+05:30,9690.739958848073,9738.156423478522,9587.065641681533,9698.494140625,186223
2024-04-12 00:00:00+05:30,9670.93412054749,9730.253901904765,9493.171573330435,9535.2041015625,440963
2024-04-15 00:00:00+05:30,9500.975675169815,9500.975675169815,9371.271116157848,9390.6826171875,220692
2024-04-16 00:00:00+05:30,9334.030740555227,9379.520720847131,9237.320518431097,9348.7490234375,547648
2024-04-18 00:00:00+05:30,9354.873878219005,9410.983171688807,9227.244360564338,9268.6845703125,584270
2024-04-19 00:00:00+05:30,9211.636600847769,9285.724830881398,9137.548370814142,9250.11328125,415558
2024-04-22 00:00:00+05:30,9389.448276006411,9473.4149360233,9341.142364544028,9448.9658203125,277781
2024-04-23 00:00:00+05:30,9424.022170879874,9507.988825442222,9406.240996972554,9417.650390625,317450
2024-04-24 00:00:00+05:30,9461.561007342076,9569.038141361463,9426.788738035377,9541.427734375,317929
2024-04-25 00:00:00+05:30,9503.19798669644,9588.003920267522,9443.828045054246,9566.0244140625,398260
2024-04-26 00:00:00+05:30,9608.749113977621,9658.141265278009,9529.623273470579,9582.966796875,265782
2024-04-29 00:00:00+05:30,9646.287018195642,9889.296399299188,9624.603671130631,9843.3125,808505
2024-04-30 00:00:00+05:30,10036.781281072635,10056.24198157822,9790.857567376794,9850.6220703125,777837
2024-05-02 00:00:00+05:30,9850.621497464366,9922.88259632421,9825.580064145222,9862.0810546875,318855
2024-05-03 00:00:00+05:30,9860.648666007222,9908.065129237872,9660.461899429156,9696.962890625,517348
2024-05-06 00:00:00+05:30,9754.949984747609,9808.293508714838,9627.666795379773,9658.04296875,238521
2024-05-07 00:00:00+05:30,9679.873513658096,9827.062119999056,9512.9280474056,9564.69140625,214305
2024-05-08 00:00:00+05:30,9557.331634194044,9557.331634194044,9385.891677918957,9403.6728515625,392065
2024-05-09 00:00:00+05:30,9408.217029887708,9443.7793790137,9293.67643747298,9331.263671875,328724
2024-05-10 00:00:00+05:30,9347.760521814658,9403.228291988644,9301.578861691365,9376.3095703125,205200
2024-05-13 00:00:00+05:30,9400.265185306767,9461.560653104225,9312.494752240207,9435.3828125,215387
2024-05-14 00:00:00+05:30,9419.132392591806,9581.583370128863,9414.094779067227,9543.2060546875,171935
2024-05-15 00:00:00+05:30,9573.187197696905,9575.311446175006,9443.77975544138,9497.2216796875,161067
2024-05-16 00:00:00+05:30,9513.520728156056,9607.465179412804,9409.698811259332,9591.06640625,368451
2024-05-17 00:00:00+05:30,9621.59146216354,9779.646352712429,9567.507054303842,9770.11328125,283850
2024-05-21 00:00:00+05:30,9706.546273043647,9730.995389699237,9643.373514039886,9670.3916015625,346947
2024-05-22 00:00:00+05:30,9750.011079390852,9829.038524816513,9702.841572902411,9774.55859375,280237
2024-05-23 00:00:00+05:30,9784.733301329916,10075.849856441311,9735.192589894825,10046.90625,521622
2024-05-24 00:00:00+05:30,10041.424663007607,10242.944646406875,9999.490532347458,10106.720703125,519418
2024-05-27 00:00:00+05:30,10153.001034235383,10228.07710134396,10053.920575449913,10101.1884765625,389326
2024-05-28 00:00:00+05:30,10139.221309706027,10239.832740898568,10023.100549316385,10055.15625,403774
2024-05-29 00:00:00+05:30,10054.21783255914,10054.21783255914,9839.905079929173,9901.546875,317883
2024-05-30 00:00:00+05:30,9899.174722052956,9903.12609406056,9710.496708689807,9748.8740234375,323424
2024-05-31 00:00:00+05:30,9811.25741854609,9957.458193611013,9631.5683773705,9794.9580078125,791072
2024-06-03 00:00:00+05:30,10174.783112283354,10391.910815275349,10092.149657733145,10342.765625,732632
2024-06-04 00:00:00+05:30,10347.655026087648,10370.869335692714,9419.033442675016,9797.72265625,972018
2024-06-05 00:00:00+05:30,9868.50331661806,9947.579963408942,9621.591742165154,9916.0673828125,361720
2024-06-06 00:00:00+05:30,9873.49150551525,10052.785023099144,9810.367947332656,9932.712890625,483566
2024-06-07 00:00:00+05:30,9843.855803561346,10377.291040282182,9843.855803561346,10335.9501953125,545284
2024-06-10 00:00:00+05:30,10367.412734257736,10775.342711722913,10335.950319220527,10694.6357421875,705256
2024-06-11 00:00:00+05:30,10771.391091856494,10855.40694777712,10694.635496257353,10800.630859375,650137
2024-06-12 00:00:00+05:30,10739.336280286034,10965.00922981075,10739.336280286034,10910.529296875,439143
2024-06-13 00:00:00+05:30,11113.23477397382,11161.639085433795,10862.471191194627,11037.9609375,602322
2024-06-14 00:00:00+05:30,11034.20631624737,11133.978459303858,11011.782087196587,11106.12109375,305318
2024-06-18 00:00:00+05:30,11113.234215772183,11132.348592747123,10917.29593438629,10983.8759765625,322724
2024-06-19 00:00:00+05:30,11014.449498079079,11041.81294223661,10834.909032045369,10861.876953125,659266
2024-06-20 00:00:00+05:30,10875.065592541696,11038.05969359628,10743.188547142989,10770.650390625,445369
2024-06-21 00:00:00+05:30,10750.202193830943,10828.1925970335,10482.545921460867,10532.7783203125,586745
2024-06-24 00:00:00+05:30,10587.20775194697,10713.157739198961,10465.85162069447,10654.875,276148
2024-06-25 00:00:00+05:30,10670.631693943502,10874.127367336465,10669.100730115782,10714.34375,562075
2024-06-26 00:00:00+05:30,10775.096107897032,11124.100873543692,10770.45305250394,11007.6337890625,793197
2024-06-27 00:00:00+05:30,11132.991063186802,11730.586903301015,11132.003220146591,11574.2607421875,2339734
2024-06-28 00:00:00+05:30,11557.66566613814,11635.80366808309,11330.411593269975,11526.0546875,684790
2024-07-01 00:00:00+05:30,11527.141145193227,11885.33266772794,11526.054903658374,11759.9267578125,520339
2024-07-02 00:00:00+05:30,11798.797850630785,11931.168824507587,11656.548445867655,11709.8427734375,422173
2024-07-03 00:00:00+05:30,11711.126714296173,11754.344849194253,11618.961147554484,11727.771484375,206171
2024-07-04 00:00:00+05:30,11740.514184966964,11791.733459207786,11579.051051891487,11617.0830078125,227230
2024-07-05 00:00:00+05:30,11653.139119244965,11680.798723175023,11478.982591723434,11548.033203125,425987
2024-07-08 00:00:00+05:30,11551.836869914483,11572.383812848986,11389.830606303574,11442.087890625,149210
2024-07-09 00:00:00+05:30,11442.136384120196,11618.713322134588,11344.83384764793,11537.80859375,530901
2024-07-10 00:00:00+05:30,11546.89788577167,11597.080121834953,11330.560248934988,11492.8134765625,202406
2024-07-11 00:00:00+05:30,11457.990853318159,11498.492415951667,11359.206554212045,11414.4765625,366819
2024-07-12 00:00:00+05:30,11413.538351224312,11538.006572814606,11330.608736044114,11461.2509765625,366274
2024-07-15 00:00:00+05:30,11610.021707694343,11753.35735750258,11520.127984418772,11689.7900390625,394470
2024-07-16 00:00:00+05:30,11762.296252928807,11762.296252928807,11490.491819831634,11516.9658203125,556056
2024-07-18 00:00:00+05:30,11508.371841898033,11541.809944163313,11335.499303500425,11505.6552734375,731274
2024-07-19 00:00:00+05:30,11503.432707067936,11503.432707067936,11092.144625139268,11121.43359375,514154
2024-07-22 00:00:00+05:30,11152.64933973732,11429.343784814158,11094.761159731162,11375.7041015625,573833
2024-07-23 00:00:00+05:30,11508.321734177674,11592.733111343927,11191.371729270882,11405.4375,525157
2024-07-24 00:00:00+05:30,11399.708932646743,11420.206676178148,11217.6004500885,11314.162109375,268139
2024-07-25 00:00:00+05:30,11279.191938338505,11337.27691670662,11153.735871061486,11302.40625,254683
2024-07-26 00:00:00+05:30,11302.405769566534,11599.697315592157,11257.063389649096,11531.140625,333210
2024-07-29 00:00:00+05:30,11538.007372620144,11794.846577832579,11531.141670158091,11729.451171875,496437
2024-07-30 00:00:00+05:30,11783.30908827727,11783.30908827727,11571.153877419858,11732.083984375,438108
2024-07-31 00:00:00+05:30,11744.50508785793,11839.949894816124,11676.336602733714,11812.3251953125,322531
2024-08-01 00:00:00+05:30,11812.325757244591,11956.511421238229,11729.152768085534,11909.0126953125,250126
2024-08-02 00:00:00+05:30,11758.516464582297,11873.736319409027,11626.304706426112,11690.3984375,273420
2024-08-05 00:00:00+05:30,11626.303973633647,11626.303973633647,11279.701191134423,11345.3349609375,400844
2024-08-06 00:00:00+05:30,11377.829108401153,11502.886014711015,11201.098769918606,11253.9638671875,368949
2024-08-07 00:00:00+05:30,11426.57039922296,11516.94771982139,11358.203948947761,11470.4921875,230210
2024-08-08 00:00:00+05:30,11427.56357631795,11451.611338969507,11158.02213109393,11187.087890625,290349
2024-08-09 00:00:00+05:30,11376.884969076766,11376.884969076766,11160.307599781794,11229.1708984375,189230
2024-08-12 00:00:00+05:30,11218.88660112157,11308.12077522183,11140.58314027307,11231.6552734375,200411
2024-08-13 00:00:00+05:30,11292.420354732561,11292.420354732561,11163.885493611217,11200.205078125,189972
2024-08-14 00:00:00+05:30,11129.45388793948,11129.45388793948,10894.045676020214,10933.296875,404673
2024-08-16 00:00:00+05:30,10970.461191633258,11253.666032178138,10881.227018414012,11224.55078125,435631
2024-08-19 00:00:00+05:30,11248.698247454588,11395.865015690035,11200.7521617267,11244.0771484375,244264
2024-08-20 00:00:00+05:30,11293.414372092875,11452.406567388507,11206.416024311817,11278.2109375,421084
2024-08-21 00:00:00+05:30,11202.98780545858,11241.29479426618,11091.245906681983,11130.3486328125,456794
2024-08-22 00:00:00+05:30,11189.075810309214,11305.736722464013,11134.422242852108,11238.1650390625,305457
2024-08-23 00:00:00+05:30,11243.729352833816,11308.319932412624,11133.8758765709,11270.3603515625,258730
2024-08-26 00:00:00+05:30,11268.571574761028,11289.389808921887,11200.404060806635,11265.689453125,234215
2024-08-27 00:00:00+05:30,11317.361879397022,11377.878670270677,11215.359034088942,11229.1708984375,184428
2024-08-28 00:00:00+05:30,11208.949668540872,11246.31244593814,11140.384284930116,11164.0341796875,201101
2024-08-29 00:00:00+05:30,11159.26503968906,11185.79705715154,11045.387264581272,11151.3154296875,406261
2024-08-30 00:00:00+05:30,11154.345395047087,11289.340284515962,11151.314800487266,11230.7119140625,462185
2024-09-02 00:00:00+05:30,11253.666359577466,11392.78453090999,11253.666359577466,11352.9375,248673
2024-09-03 00:00:00+05:30,11362.476204468714,11431.587927831097,11289.439167341734,11388.6103515625,181723
2024-09-04 00:00:00+05:30,11320.244618215589,11564.148783641002,11310.158162382948,11507.5078125,198185
2024-09-05 00:00:00+05:30,11557.192082014195,11748.280624829415,11441.674319849182,11469.9453125,406821
2024-09-06 00:00:00+05:30,11427.56434096582,11452.406872141833,11248.69811649853,11360.8369140625,245248
2024-09-09 00:00:00+05:30,11328.19389689941,11445.89800037534,11236.773384748994,11421.94921875,154665
2024-09-10 00:00:00+05:30,11467.213294574114,11566.13605864859,11388.31302818108,11468.35546875,237496
2024-09-11 00:00:00+05:30,11497.12359505095,11537.865346770666,11388.015390625313,11415.09375,141341
2024-09-12 00:00:00+05:30,11435.363750561599,11661.083362048606,11370.177341235676,11636.4892578125,455934
2024-09-13 00:00:00+05:30,11621.335964096215,11688.509779537733,11551.975811851518,11644.1416015625,279660
2024-09-16 00:00:00+05:30,11601.461274690964,11723.637028835175,11530.908490921965,11569.3154296875,257856
2024-09-17 00:00:00+05:30,11529.467770636991,11644.786601881542,11502.091496406,11572.296875,202725
2024-09-18 00:00:00+05:30,11609.411092672888,11689.205104765548,11463.18757326751,11557.6396484375,185067
2024-09-19 00:00:00+05:30,11557.63971444349,11666.20157091169,11467.311886892603,11554.2607421875,227247
2024-09-20 00:00:00+05:30,11586.556661740937,11769.298711148558,11506.662692478272,11723.9853515625,608787
2024-09-23 00:00:00+05:30,11760.453582900805,11922.426876860487,11725.723532230255,11886.703125,279318
2024-09-24 00:00:00+05:30,11872.841223402447,11894.454225055562,11666.399793819246,11687.56640625,242038
2024-09-25 00:00:00+05:30,11736.604671562744,11780.923356156809,11606.429816599173,11741.87109375,196686
2024-09-26 00:00:00+05:30,11760.453608627098,12003.910400694156,11693.676694435011,11989.0048828125,277079
2024-09-27 00:00:00+05:30,11989.004967663208,12061.545155200665,11849.63837448337,11877.0146484375,404276
2024-09-30 00:00:00+05:30,11848.893661429207,11848.893661429207,11699.887965457356,11727.662109375,405493
2024-10-01 00:00:00+05:30,11727.661834158578,11812.822223054218,11576.86767356431,11762.5908203125,324906
2024-10-03 00:00:00+05:30,11553.863435811321,11854.855933124523,11539.951618287118,11650.9482421875,304610
2024-10-04 00:00:00+05:30,11626.303823197091,11754.640718948445,11308.319445126745,11378.126953125,357277
2024-10-07 00:00:00+05:30,11419.565130671166,11457.32577769716,11121.603232352123,11159.6123046875,374655
2024-10-08 00:00:00+05:30,11160.258062333905,11402.721152638373,11160.258062333905,11318.0576171875,447220
2024-10-09 00:00:00+05:30,11332.218116221991,11438.49465496138,11261.615839169257,11278.658203125,286382
2024-10-10 00:00:00+05:30,11367.892717960745,11386.82253253934,11282.03654248392,11358.0546875,180542
2024-10-11 00:00:00+05:30,11319.001997279105,11396.063331620251,11288.644619558208,11349.359375,120279
2024-10-14 00:00:00+05:30,11328.144788295458,11357.9558258725,11169.202078864922,11229.1220703125,144163
2024-10-15 00:00:00+05:30,11328.19434182432,11360.936992359502,11218.887203438297,11344.98828125,182286
2024-10-16 00:00:00+05:30,11269.565805778575,11340.118594087391,11162.246071449672,11250.9833984375,276811
2024-10-17 00:00:00+05:30,11279.502589278314,11292.371214206427,10865.178670008872,10947.904296875,353330
2024-10-18 00:00:00+05:30,10947.904682987017,11069.782530526605,10832.337420686772,10999.5771484375,330703
2024-10-21 00:00:00+05:30,10980.398925873773,11096.314566047664,10703.554142929872,10800.8369140625,566667
2024-10-22 00:00:00+05:30,10683.281512219175,11011.003971167316,10672.350799110218,10756.96484375,793887
2024-10-23 00:00:00+05:30,10753.784759353217,10775.348269202635,10604.779072216339,10685.318359375,351717
2024-10-24 00:00:00+05:30,10685.318398943817,11015.17770341383,10650.887234918773,10974.0380859375,341400
2024-10-25 00:00:00+05:30,10994.01188989946,11044.98856612238,10881.02787215835,10925.943359375,519646
2024-10-28 00:00:00+05:30,10930.713149655836,11128.807094798933,10830.94516147081,11022.7294921875,229113
2024-10-29 00:00:00+05:30,11004.247791900545,11066.801480519587,10848.286184513338,11042.107421875,266761
2024-10-30 00:00:00+05:30,11044.989389945391,11159.265033656027,10942.042328645404,11134.521484375,239933
2024-10-31 00:00:00+05:30,11086.525478461903,11180.033344677802,10972.99511508816,10995.9501953125,423687
2024-11-01 00:00:00+05:30,11010.159890200805,11100.934107358535,11008.768320345507,11075.5947265625,19032
2024-11-04 00:00:00+05:30,11076.787883056595,11086.476470287222,10861.204201827182,10932.5517578125,276984
2024-11-05 00:00:00+05:30,10914.466701285452,11117.57864669584,10904.131820519962,11105.9521484375,274422
2024-11-06 00:00:00+05:30,11154.296512356099,11235.681032757795,11042.008271296301,11203.3857421875,282486
2024-11-07 00:00:00+05:30,11170.7418690143,11174.120841361142,10931.806214157352,10981.193359375,326254
2024-11-08 00:00:00+05:30,10959.62979660093,11069.185356698345,10891.661215032203,10973.7900390625,155894
2024-11-11 00:00:00+05:30,10945.618804100966,11039.97092786543,10827.417851348902,10901.349609375,107472
2024-11-12 00:00:00+05:30,10901.39909949497,11004.992450401707,10771.7210918851,10823.3935546875,166347
2024-11-13 00:00:00+05:30,10735.251863177546,10805.009880741489,10682.28778387557,10714.28515625,216900
2024-11-14 00:00:00+05:30,10658.439575007573,10764.26875780995,10476.095396188452,10660.923828125,297442
2024-11-18 00:00:00+05:30,10565.130141673586,10699.031378390291,10513.756565956239,10563.9384765625,424186
2024-11-19 00:00:00+05:30,10616.75338893205,10801.532325978038,10590.768684120507,10701.71484375,220357
2024-11-21 00:00:00+05:30,10488.51660303843,10936.526419561696,10488.51660303843,10885.84765625,256924
2024-11-22 00:00:00+05:30,10929.719835079897,11338.032058887164,10862.794445365302,11303.6494140625,328426
2024-11-25 00:00:00+05:30,11377.878958398129,11616.367250975905,11365.209267854934,11385.2822265625,465057
2024-11-26 00:00:00+05:30,11385.28246172822,11424.881067961702,11036.045966988804,11051.0009765625,243711
2024-11-27 00:00:00+05:30,10951.183092002217,11118.473271810499,10890.965187251835,11069.732421875,330284
2024-11-28 00:00:00+05:30,11103.617696970106,11119.516916869114,10888.580359671467,10928.52734375,326140
2024-11-29 00:00:00+05:30,10846.249118865117,11162.246115640115,10846.249118865117,11131.5908203125,367574
2024-12-02 00:00:00+05:30,11136.111254329418,11705.799949111826,11136.111254329418,11575.177734375,633694
2024-12-03 00:00:00+05:30,11601.2133863926,11859.82413041784,11551.727259427964,11777.6943359375,501811
2024-12-04 00:00:00+05:30,11791.457885483109,11845.26622555256,11674.051695441041,11692.68359375,306770
2024-12-05 00:00:00+05:30,11671.020800729215,11926.35252267418,11649.009930594804,11857.6376953125,436371
2024-12-06 00:00:00+05:30,11863.799102833429,11881.039431180663,11743.5612528089,11773.869140625,193324
2024-12-09 00:00:00+05:30,11783.706814368757,11815.107384433668,11644.190776349345,11740.380859375,268177
2024-12-10 00:00:00+05:30,11671.02066280508,11732.729119524343,11621.335602512168,11671.8154296875,232758
2024-12-11 00:00:00+05:30,11776.352904006415,11989.00496049594,11740.877577135943,11823.5537109375,527029
2024-12-12 00:00:00+05:30,11868.767120286535,11868.767120286535,11716.631854891464,11782.265625,247809
2024-12-13 00:00:00+05:30,11725.673978338624,12042.167805635307,11656.114895416276,12007.7861328125,408880
2024-12-16 00:00:00+05:30,11974.099244262874,12068.848263811251,11796.2267326676,11867.2763671875,214946
2024-12-17 00:00:00+05:30,11855.50169864231,11898.727701165708,11609.610140780389,11700.7822265625,244639
2024-12-18 00:00:00+05:30,11700.831766806115,11780.327863735583,11626.304175934738,11689.8515625,222900
2024-12-19 00:00:00+05:30,11564.694879774317,11685.926429467774,11499.160089771689,11597.2880859375,162249
2024-12-20 00:00:00+05:30,11591.37478516062,11674.001426184113,11325.858607022827,11350.849609375,299802
2024-12-23 00:00:00+05:30,11447.437762290621,11509.494595978358,11303.351089067346,11400.3359375,149350
2024-12-24 00:00:00+05:30,11398.746885084156,11514.065719509774,11288.446047821115,11318.6044921875,108000
2024-12-26 00:00:00+05:30,11318.603944182416,11724.680323024453,11263.106120969629,11388.4619140625,144283
2024-12-27 00:00:00+05:30,11419.216240816198,11482.21728461418,11313.288081811548,11334.7021484375,118410
2024-12-30 00:00:00+05:30,11347.521885888937,11435.166529854292,11168.904086949211,11217.2470703125,164726
2024-12-31 00:00:00+05:30,11199.013126868389,11392.784871299564,11123.541322583305,11354.3779296875,241737
2025-01-01 00:00:00+05:30,11339.124218289317,11448.332366649267,11233.791892714113,11374.8974609375,107951
2025-01-02 00:00:00+05:30,11427.563634828524,11754.640768245554,11382.896572451866,11723.388671875,267609
2025-01-03 00:00:00+05:30,11724.680811300881,11786.936581517122,11639.222505531588,11711.7626953125,237651
2025-01-06 00:00:00+05:30,11727.611957383935,11780.079186151483,11378.077563682778,11431.140625,139820
2025-01-07 00:00:00+05:30,11442.420128630969,11561.863210101614,11412.808026172694,11545.3671875,197212
2025-01-08 00:00:00+05:30,11545.367448142104,11556.696030540992,11298.38319687837,11331.7216796875,159583
2025-01-09 00:00:00+05:30,11331.721505418207,11360.439859226393,11112.56089248645,11188.876953125,196555
2025-01-10 00:00:00+05:30,11132.683198828146,11216.154101352107,10769.28646840049,10796.7626953125,228618
2025-01-13 00:00:00+05:30,10632.603247826984,10761.78440878189,10526.675084008506,10548.2880859375,225902
2025-01-14 00:00:00+05:30,10503.421571330631,10665.394865193155,10396.10184288184,10417.71484375,344404
2025-01-15 00:00:00+05:30,10473.610982562926,10576.360078089616,10400.822367337809,10455.376953125,371459
2025-01-16 00:00:00+05:30,10523.295887818254,10739.524884468565,10483.547839139053,10569.205078125,375910
2025-01-17 00:00:00+05:30,10569.205580129064,10656.402866060658,10433.962255827646,10513.359375,297759
2025-01-20 00:00:00+05:30,10520.712860142645,10585.70033876699,10418.212189426713,10557.529296875,332061
2025-01-21 00:00:00+05:30,10610.244564473604,10898.964254091437,10575.017662846447,10600.60546875,593842
2025-01-22 00:00:00+05:30,10632.603210841613,10729.786997508902,10539.940570709745,10626.392578125,249552
2025-01-23 00:00:00+05:30,10622.666265469643,11498.564418363723,10622.61677448987,11348.962890625,1510866
2025-01-24 00:00:00+05:30,11180.132595435898,11536.573422527046,11151.713128278296,11214.7626953125,545939
2025-01-27 00:00:00+05:30,11189.075953528849,11288.446077450064,11079.768817215512,11168.705078125,414994
2025-01-28 00:00:00+05:30,11144.359083695283,11339.720353654197,10996.297603225323,11225.1962890625,436707
2025-01-29 00:00:00+05:30,11225.1961122788,11502.041847608094,11189.919719836485,11472.130859375,377755
2025-01-30 00:00:00+05:30,11472.130716108024,11539.354989312547,11377.878547050908,11407.09375,274820
2025-01-31 00:00:00+05:30,11416.286385596026,11525.940931633188,11320.39421386548,11415.09375,361656
2025-02-01 00:00:00+05:30,11472.18156806422,11712.756244530274,10730.234166242388,11188.2314453125,513602
2025-02-03 00:00:00+05:30,11050.205937607108,11211.731876045065,10882.419875596068,11104.263671875,450593
2025-02-04 00:00:00+05:30,11129.552600718614,11475.112198569002,11042.157355103933,11446.59375,314752
2025-02-05 00:00:00+05:30,11446.543524779727,11559.577040427426,11360.986236484783,11512.724609375,236897
2025-02-06 00:00:00+05:30,11504.278292572117,11546.361152297473,11256.349830977499,11405.056640625,308664
2025-02-07 00:00:00+05:30,11428.656996683774,11659.096703482743,11402.771273342905,11567.2783203125,310549
2025-02-10 00:00:00+05:30,11447.437825570589,11540.54782210563,11417.626789566499,11459.66015625,262455
2025-02-11 00:00:00+05:30,11424.582662433819,11443.065116534337,11169.449880092348,11229.0224609375,301338
2025-02-12 00:00:00+05:30,11228.823554634751,11525.940213292786,11004.842916097241,11406.19921875,347198
2025-02-13 00:00:00+05:30,11427.56406379971,11576.520265282821,11350.254302737316,11473.7216796875,336128
2025-02-14 00:00:00+05:30,11516.003714784456,11516.003714784456,11111.56730854429,11192.9013671875,279199
2025-02-17 00:00:00+05:30,11148.333583123786,11437.401645709446,10973.840043380607,11417.7255859375,166053
2025-02-18 00:00:00+05:30,11377.878820902439,11388.411665532802,11180.132280696362,11237.66796875,268795
2025-02-19 00:00:00+05:30,11218.886715011839,11387.815921526633,11160.25834333906,11220.4267578125,157580
2025-02-20 00:00:00+05:30,11219.979907534664,11258.635274709473,11174.369601951914,11216.501953125,142187
2025-02-21 00:00:00+05:30,11194.043959995182,11218.886489866454,10920.77613141119,11086.97265625,320240
2025-02-24 00:00:00+05:30,10939.308886433044,11099.642183706392,10905.919944528914,10973.0947265625,175294
2025-02-25 00:00:00+05:30,10973.09539112608,10984.621937350865,10772.71514782285,10895.08984375,296499
2025-02-27 00:00:00+05:30,10731.97300454629,10731.97300454629,10199.747027781657,10381.8427734375,1722295
2025-02-28 00:00:00+05:30,10423.925802482623,10423.925802482623,9984.560419697713,10064.6533203125,1230856
2025-03-03 00:00:00+05:30,10254.2509725678,10554.89507257187,10218.37874788646,10275.6650390625,835344
2025-03-04 00:00:00+05:30,10185.437149248393,10388.94695791404,10175.500137395467,10304.7802734375,352922
2025-03-05 00:00:00+05:30,10322.468879955872,10440.619368057665,10230.402077428054,10398.2880859375,310832
2025-03-06 00:00:00+05:30,10473.411490811215,10473.610425129247,10252.213996562667,10427.4033203125,365920
2025-03-07 00:00:00+05:30,10434.85647344528,10542.77203738208,10380.898691476878,10515.744140625,302339
2025-03-10 00:00:00+05:30,10522.30234051595,10578.545442055174,10411.007802586231,10453.8359375,165649
2025-03-11 00:00:00+05:30,10345.42305865259,10442.358415369632,10291.017918660156,10373.4951171875,180753
2025-03-12 00:00:00+05:30,10413.98884793217,10483.34899942105,10296.732103270338,10454.134765625,299765
2025-03-13 00:00:00+05:30,10453.736369879332,10453.736369879332,10314.71718721423,10386.263671875,219474
2025-03-17 00:00:00+05:30,10480.070183042399,10510.72547829385,10382.190610385149,10480.666015625,212061
2025-03-18 00:00:00+05:30,10480.666015625,10480.666015625,10480.666015625,10480.666015625,0
2025-03-19 00:00:00+05:30,10642.539993218794,10876.158760274215,10632.602981086937,10864.3837890625,269175
2025-03-20 00:00:00+05:30,10862.29750890126,11169.201743373818,10747.8724249405,10879.1904296875,549251
2025-03-21 00:00:00+05:30,10949.593249652675,10994.30980253718,10817.083586102777,10907.609375,656565
2025-03-24 00:00:00+05:30,10949.54395683198,11008.17232723045,10785.483307588787,10981.5908203125,294688
2025-03-25 00:00:00+05:30,11169.201884276848,11406.547036153188,11134.124424754587,11349.2607421875,754457
2025-03-26 00:00:00+05:30,11309.313565895123,11414.645895038862,11228.823767209815,11330.2802734375,401569
2025-03-27 00:00:00+05:30,11328.690610658874,11556.695546692432,11278.508699704244,11526.5361328125,406112
2025-03-28 00:00:00+05:30,11512.525512865972,11625.310601615727,11386.474900960851,11437.0537109375,280960
2025-04-01 00:00:00+05:30,11278.50858816084,11492.800639500425,11265.739915941416,11306.978515625,263144
2025-04-02 00:00:00+05:30,11288.445932474628,11288.445932474628,11107.691291218789,11180.0830078125,376468
2025-04-03 00:00:00+05:30,11118.522946350398,11576.668699574844,11084.73710488325,11533.4921875,361884
2025-04-04 00:00:00+05:30,11525.940183197452,11540.348850552944,11349.061370143812,11426.22265625,222191
2025-04-07 00:00:00+05:30,11129.453923919988,11228.873539220589,10945.668684906554,11121.1064453125,484513
2025-04-08 00:00:00+05:30,11246.461833939711,11470.04460548321,11169.996331989567,11199.4599609375,602120
2025-04-09 00:00:00+05:30,11217.744025428809,11351.049436964524,11109.580031976135,11325.2626953125,230611
2025-04-11 00:00:00+05:30,11767.756780122269,11767.756780122269,11381.902806033031,11430.197265625,351037
2025-04-15 00:00:00+05:30,11674.99560684372,11674.99560684372,11508.053802268885,11645.1845703125,345260
2025-04-16 00:00:00+05:30,11593.51215515553,11752.50435064922,11593.51215515553,11654.1279296875,268150
2025-04-17 00:00:00+05:30,11593.512003078129,11846.905811322315,11526.934022088479,11826.0380859375,290473
2025-04-21 00:00:00+05:30,11741.573336946958,12033.721488695639,11706.793795072115,11858.830078125,230595
2025-04-22 00:00:00+05:30,11858.83032114281,11941.30752213618,11775.359418932656,11883.6728515625,334667
2025-04-23 00:00:00+05:30,11964.163142574693,11964.163142574693,11751.511073429261,11873.736328125,267716
2025-04-24 00:00:00+05:30,11802.189343011734,12111.230421202916,11795.233434499392,12082.4130859375,339743
2025-04-25 00:00:00+05:30,12072.476167310208,12226.499856991093,11785.296513647136,12159.921875,412558
2025-04-28 00:00:00+05:30,12154.9530301975,12261.279058175845,11925.408053907797,12037.6962890625,516745
2025-04-29 00:00:00+05:30,12124.149052119754,12145.016778543368,11725.674847554554,11794.240234375,516495
2025-04-30 00:00:00+05:30,11794.239657044605,11849.88692478363,11427.56391069281,11567.67578125,630392
2025-05-02 00:00:00+05:30,11567.676173876394,11675.98960940191,11408.683974939857,11539.8525390625,189474
2025-05-05 00:00:00+05:30,11628.291602901403,11654.127834458011,11578.606542215617,11596.4931640625,145699
2025-05-06 00:00:00+05:30,11625.310840269685,11655.121877555615,11471.287147625715,11619.3486328125,273048
2025-05-07 00:00:00+05:30,11577.612451113238,11626.303808945575,11480.229735448565,11584.568359375,217460
2025-05-08 00:00:00+05:30,11527.928220263333,11666.052694241145,11466.318742661719,11557.7392578125,388912
2025-05-09 00:00:00+05:30,11407.690242349745,11485.198939118323,11241.742135165738,11292.4208984375,200270
2025-05-12 00:00:00+05:30,11516.996774913992,11692.881885281531,11492.154245201064,11662.0771484375,182795
2025-05-13 00:00:00+05:30,11626.304151860368,11674.001809919282,11493.148189779231,11587.5498046875,307678
2025-05-14 00:00:00+05:30,11602.455273571368,11667.045851918587,11550.782810893592,11598.48046875,179337
2025-05-15 00:00:00+05:30,11598.480365625526,11856.842676717253,11569.663030926833,11819.08203125,371371
2025-05-16 00:00:00+05:30,11874.729248969708,11914.477296665005,11782.315038078144,11830.0126953125,209706
2025-05-19 00:00:00+05:30,11829.01977324168,11915.471782673134,11805.170943053692,11853.8623046875,128237
2025-05-20 00:00:00+05:30,11893.60997569823,11904.540689185797,11595.499607855514,11623.3232421875,158934
2025-05-21 00:00:00+05:30,11623.323292832134,11834.98165492269,11560.720115312391,11592.5185546875,173017
2025-05-22 00:00:00+05:30,11592.518846485713,11626.304689172195,11444.457359418477,11606.4306640625,175370
2025-05-23 00:00:00+05:30,11653.134325066114,11800.202107116918,11587.550043881294,11672.0146484375,181463
2025-05-26 00:00:00+05:30,11725.674863252845,11809.145769059052,11571.651168015202,11615.3740234375,198003
2025-05-27 00:00:00+05:30,11602.455332077423,11648.165587753645,11303.35126776128,11349.0615234375,478345
2025-05-28 00:00:00+05:30,11382.847023370066,11397.75254107854,11129.453222326038,11167.2138671875,201200
2025-05-29 00:00:00+05:30,11178.145505992656,11265.591217124966,11080.762782231675,11198.01953125,350206
2025-05-30 00:00:00+05:30,11194.044191848796,11238.760746543265,11099.642576382694,11139.390625,394181
2025-06-02 00:00:00+05:30,11109.579833003014,11148.334181257676,10949.593933797873,11124.4853515625,314936
2025-06-03 00:00:00+05:30,11208.949967433167,11220.874382292139,10930.713620723835,10965.4931640625,349615
2025-06-04 00:00:00+05:30,10970.461768104777,10985.36728681144,10851.217618451463,10963.505859375,345047
2025-06-05 00:00:00+05:30,10968.474066441606,11109.579639682655,10933.694523741347,11088.7119140625,191183
2025-06-06 00:00:00+05:30,11109.579926255778,11239.754789434623,11049.957851517374,11182.1201171875,143723
2025-06-09 00:00:00+05:30,11189.076171875,11246.710844874,11095.668253566275,11189.076171875,209231
2025-06-10 00:00:00+05:30,11338.131300375571,11411.665193121215,11263.603706376607,11319.2509765625,279918
2025-06-11 00:00:00+05:30,11308.32011146306,11445.450882586249,11268.572061862134,11391.791015625,237747
2025-06-12 00:00:00+05:30,11402.721293650782,11432.532329712614,11208.949559248875,11251.6787109375,262530
2025-06-13 00:00:00+05:30,11041.014494087725,11179.138966653487,10948.600278630056,11153.302734375,181355
2025-06-16 00:00:00+05:30,11199.012925116898,11445.450831543605,11126.472734918714,11422.595703125,401104
2025-06-17 00:00:00+05:30,11427.563821872529,11436.507132689647,11288.445653606255,11311.30078125,121415
2025-06-18 00:00:00+05:30,11311.30112166842,11406.69643992197,11271.553072396107,11334.15625,156816
2025-06-19 00:00:00+05:30,11328.194334227233,11412.658941105243,11281.49037512998,11348.068359375,157757
2025-06-20 00:00:00+05:30,11348.067480144877,11452.406104086664,11298.382421124978,11385.828125,629895
2025-06-23 00:00:00+05:30,11329.188081638544,11417.6274939064,11249.691980723617,11376.8857421875,304907
2025-06-24 00:00:00+05:30,11486.19238188477,11749.52320472407,11441.475827063003,11506.06640625,735700
2025-06-25 00:00:00+05:30,11561.713957910515,11696.857326907148,11560.720256667892,11659.0966796875,253134
2025-06-26 00:00:00+05:30,11616.367606692169,11910.503176545111,11607.42429544664,11875.7236328125,506580
2025-06-27 00:00:00+05:30,11904.540853304368,12168.865383102278,11841.937675194336,12136.0732421875,501287
2025-06-30 00:00:00+05:30,12138.060652905477,12193.707922374384,11942.301508523784,12016.8291015625,333104
2025-07-01 00:00:00+05:30,12028.753169629146,12147.997315052979,11984.036615095209,12133.091796875,207437
2025-07-02 00:00:00+05:30,12133.091500356826,12448.094776819817,12093.34345285361,12357.66796875,445829
2025-07-03 00:00:00+05:30,12357.668850948741,12495.793325882954,12298.046775437571,12319.908203125,275755
2025-07-04 00:00:00+05:30,12321.895209049657,12463.000783217805,12263.266836684017,12427.2275390625,191516
2025-07-07 00:00:00+05:30,12397.416067043843,12421.264895643479,12228.486864463091,12267.2412109375,149939
2025-07-08 00:00:00+05:30,12267.241208975744,12416.29638769963,12227.49316131604,12366.611328125,219226
2025-07-09 00:00:00+05:30,12331.832411240248,12500.761622353128,12298.046569017672,12482.875,379924
2025-07-10 00:00:00+05:30,12439.15146487496,12587.212941809485,12403.378222125679,12437.1640625,269323
2025-07-11 00:00:00+05:30,12437.164600840335,12557.40244972989,12373.567722088836,12416.296875,240034
2025-07-14 00:00:00+05:30,12416.296337562919,12499.767237311242,12351.705760376717,12437.1640625,278918
2025-07-15 00:00:00+05:30,12465.982083101078,12465.982083101078,12346.737934039927,12423.2529296875,154124
2025-07-16 00:00:00+05:30,12425.240286602626,12436.171000226477,12319.907955318247,12374.5615234375,156311
2025-07-17 00:00:00+05:30,12386.485838085233,12468.963040216086,12353.693697478991,12416.296875,166142
2025-07-18 00:00:00+05:30,12441.139747984676,12478.900395782075,12362.637348616403,12419.2783203125,98339
2025-07-21 00:00:00+05:30,12480.88735265763,12633.917340898814,12296.058925301393,12497.7802734375,512521
2025-07-22 00:00:00+05:30,12569.326519851857,12619.01158001413,12217.556293902962,12373.5673828125,533617
2025-07-23 00:00:00+05:30,12381.516994965952,12436.170561155608,12280.159472214224,12294.0712890625,189617
2025-07-24 00:00:00+05:30,12294.071684005201,12320.901617360209,12152.966108582574,12226.5,180080
2025-07-25 00:00:00+05:30,12245.0,12345.0,12193.0,12250.0,290381
2025-07-28 00:00:00+05:30,12274.0,12368.0,12210.0,12240.0,214107
2025-07-29 00:00:00+05:30,12200.0,12262.0,12122.0,12221.0,208446
2025-07-30 00:00:00+05:30,12205.0,12381.0,12201.0,12268.0,185681
2025-07-31 00:00:00+05:30,12201.0,12329.0,12155.0,12249.0,150379
2025-08-01 00:00:00+05:30,12181.0,12289.0,12075.0,12113.0,212570
2025-08-04 00:00:00+05:30,12158.0,12290.0,12132.0,12257.0,207875
2025-08-05 00:00:00+05:30,12330.0,12378.0,12262.0,12298.0,267535
2025-08-06 00:00:00+05:30,12298.0,12390.0,12208.0,12226.0,192086
2025-08-07 00:00:00+05:30,12204.0,12309.0,12125.0,12273.0,202031
2025-08-08 00:00:00+05:30,12285.0,12315.0,12135.0,12157.0,201770
2025-08-11 00:00:00+05:30,12161.0,12425.0,12161.0,12405.0,218605
2025-08-12 00:00:00+05:30,12447.0,12530.0,12397.0,12449.0,334100
2025-08-13 00:00:00+05:30,12485.0,12517.0,12388.0,12401.0,207359
2025-08-14 00:00:00+05:30,12413.0,12428.0,12225.0,12317.0,235741
2025-08-18 00:00:00+05:30,12628.0,12904.0,12556.0,12765.0,808480
2025-08-19 00:00:00+05:30,12787.0,12880.0,12629.0,12863.0,351252
2025-08-20 00:00:00+05:30,12850.0,12930.0,12765.0,12874.0,290957
2025-08-21 00:00:00+05:30,12890.0,12906.0,12790.0,12870.0,155457
2025-08-22 00:00:00+05:30,12864.0,12864.0,12563.0,12589.0,226948
2025-08-25 00:00:00+05:30,12648.0,12731.0,12556.0,12606.0,199190
2025-08-26 00:00:00+05:30,12581.0,12770.0,12480.0,12610.0,290322
2025-08-28 00:00:00+05:30,12570.0,12648.0,12472.0,12521.0,283677
2025-08-29 00:00:00+05:30,12521.0,12729.0,12521.0,12640.0,177858
2025-09-01 00:00:00+05:30,12639.0,12852.0,12636.0,12826.0,214241
2025-09-02 00:00:00+05:30,12788.0,12848.0,12687.0,12730.0,214101
2025-09-03 00:00:00+05:30,12700.0,12770.0,12657.0,12733.0,140022
2025-09-04 00:00:00+05:30,13000.0,13097.0,12634.0,12651.0,305040
2025-09-05 00:00:00+05:30,12680.0,12738.0,12530.0,12601.0,153774
2025-09-08 00:00:00+05:30,12601.0,12743.0,12601.0,12664.0,126448
2025-09-09 00:00:00+05:30,12699.0,12708.0,12533.0,12572.0,240234
2025-09-10 00:00:00+05:30,12625.0,12626.0,12420.0,12478.0,175576
2025-09-11 00:00:00+05:30,12478.0,12517.0,12360.0,12392.0,132660
2025-09-12 00:00:00+05:30,12396.0,12479.0,12343.0,12370.0,153086
2025-09-15 00:00:00+05:30,12370.0,12481.0,12324.0,12435.0,179530
2025-09-16 00:00:00+05:30,12497.0,12599.0,12446.0,12578.0,189043
2025-09-17 00:00:00+05:30,12678.0,12800.0,12614.0,12721.0,264319
2025-09-18 00:00:00+05:30,12730.0,12749.0,12562.0,12626.0,190079
2025-09-19 00:00:00+05:30,12602.0,12644.0,12484.0,12508.0,571670
2025-09-22 00:00:00+05:30,12547.0,12706.0,12542.0,12650.0,499548
2025-09-23 00:00:00+05:30,12650.0,12698.0,12361.0,12401.0,403638
2025-09-24 00:00:00+05:30,12427.0,12448.0,12200.0,12214.0,166517
2025-09-25 00:00:00+05:30,12210.0,12275.0,12120.0,12141.0,272540
2025-09-26 00:00:00+05:30,12140.0,12199.0,11990.0,12070.0,181541
2025-09-29 00:00:00+05:30,12100.0,12146.0,11962.0,12041.0,214806
2025-09-30 00:00:00+05:30,12041.0,12261.0,12041.0,12222.0,279155
2025-10-01 00:00:00+05:30,12274.0,12274.0,12071.0,12095.0,129528
2025-10-03 00:00:00+05:30,12095.0,12139.0,11982.0,12019.0,258411
2025-10-06 00:00:00+05:30,12019.0,12100.0,11991.0,12055.0,106362
2025-10-07 00:00:00+05:30,12059.0,12210.0,12025.0,12184.0,225472
2025-10-08 00:00:00+05:30,12150.0,12182.0,11940.0,11991.0,173973
2025-10-09 00:00:00+05:30,11991.0,12211.0,11973.0,12192.0,171737
2025-10-10 00:00:00+05:30,12180.0,12324.0,12111.0,12281.0,198464
2025-10-13 00:00:00+05:30,12225.0,12249.0,12150.0,12172.0,87745
2025-10-14 00:00:00+05:30,12172.0,12251.0,12026.0,12070.0,129196
2025-10-15 00:00:00+05:30,12085.0,12325.0,12085.0,12311.0,142328
2025-10-16 00:00:00+05:30,12306.0,12405.0,12268.0,12358.0,129372
2025-10-17 00:00:00+05:30,12300.0,12390.0,12259.0,12370.0,182242
2025-10-20 00:00:00+05:30,12420.0,12448.0,12175.0,12346.0,393365
2025-10-21 00:00:00+05:30,12371.0,12417.0,12271.0,12342.0,14465
2025-10-23 00:00:00+05:30,12390.0,12415.0,12112.0,12145.0,370812
2025-10-24 00:00:00+05:30,12149.0,12174.0,11876.0,11918.0,318840
2025-10-27 00:00:00+05:30,11922.0,12049.0,11920.0,12015.0,408073
2025-10-28 00:00:00+05:30,12025.0,12048.0,11866.0,11931.0,513095
2025-10-29 00:00:00+05:30,11940.0,12060.0,11899.0,11999.0,394272
2025-10-30 00:00:00+05:30,12040.0,12084.0,11950.0,12053.0,159943
2025-10-31 00:00:00+05:30,12053.0,12102.0,11917.0,11947.0,175191
2025-11-03 00:00:00+05:30,11927.0,11984.0,11885.0,11950.0,98394
2025-11-04 00:00:00+05:30,11960.0,11960.0,11785.0,11819.0,199364
2025-11-05 00:00:00+05:30,11819.0,11819.0,11819.0,11819.0,0
2025-11-06 00:00:00+05:30,11800.0,11985.0,11798.0,11910.0,189652
2025-11-07 00:00:00+05:30,11871.0,11951.0,11834.0,11849.0,148161
2025-11-10 00:00:00+05:30,11851.0,11890.0,11701.0,11728.0,197085
2025-11-11 00:00:00+05:30,11750.0,11849.0,11720.0,11825.0,125847
2025-11-12 00:00:00+05:30,11861.0,11949.0,11831.0,11921.0,184542
2025-11-13 00:00:00+05:30,11921.0,12016.0,11907.0,11934.0,174415
2025-11-14 00:00:00+05:30,11941.0,11941.0,11786.0,11874.0,161315
2025-11-17 00:00:00+05:30,11810.0,11855.0,11745.0,11778.0,194379
2025-11-18 00:00:00+05:30,11888.0,11888.0,11688.0,11707.0,318116
2025-11-19 00:00:00+05:30,11707.0,11754.0,11638.0,11666.0,271396
2025-11-20 00:00:00+05:30,11720.0,11773.0,11661.0,11753.0,185397
2025-11-21 00:00:00+05:30,11758.0,11788.0,11691.0,11729.0,192051
2025-11-24 00:00:00+05:30,11738.0,11738.0,11561.0,11584.0,407297
2025-11-25 00:00:00+05:30,11600.0,11647.0,11538.0,11580.0,200149
2025-11-26 00:00:00+05:30,11589.0,11773.0,11585.0,11759.0,187481
2025-11-27 00:00:00+05:30,11776.0,11787.0,11599.0,11617.0,275290
2025-11-28 00:00:00+05:30,11620.0,11640.0,11557.0,11600.0,159990
2025-12-01 00:00:00+05:30,11620.0,12021.0,11556.0,11662.0,228729
2025-12-02 00:00:00+05:30,11702.0,11713.0,11590.0,11666.0,190930
2025-12-03 00:00:00+05:30,11700.0,11702.0,11520.0,11591.0,206293
2025-12-04 00:00:00+05:30,11580.0,11631.0,11524.0,11608.0,159687
2025-12-05 00:00:00+05:30,11630.0,11665.0,11561.0,11597.0,226572
2025-12-08 00:00:00+05:30,11610.0,11632.0,11490.0,11540.0,148186
2025-12-09 00:00:00+05:30,11500.0,11525.0,11379.0,11414.0,274482
2025-12-10 00:00:00+05:30,11425.0,11499.0,11297.0,11317.0,272923
2025-12-11 00:00:00+05:30,11340.0,11484.0,11266.0,11472.0,196507
2025-12-12 00:00:00+05:30,11491.0,11738.0,11481.0,11723.0,389481
2025-12-15 00:00:00+05:30,11658.0,11804.0,11658.0,11728.0,178073
2025-12-16 00:00:00+05:30,11700.0,11700.0,11510.0,11528.0,179690
2025-12-17 00:00:00+05:30,11505.0,11591.0,11495.0,11540.0,205337
2025-12-18 00:00:00+05:30,11545.0,11565.0,11412.0,11461.0,103462
2025-12-19 00:00:00+05:30,11503.0,11529.0,11442.0,11496.0,152956
2025-12-22 00:00:00+05:30,11496.0,11548.0,11431.0,11532.0,170807
2025-12-23 00:00:00+05:30,11550.0,11750.0,11530.0,11678.0,161830
2025-12-24 00:00:00+05:30,11715.0,11790.0,11671.0,11764.0,182050
2025-12-25 00:00:00+05:30,11764.0,11764.0,11764.0,11764.0,0
2025-12-26 00:00:00+05:30,11766.0,11855.0,11743.0,11794.0,193121
2025-12-29 00:00:00+05:30,11778.0,11820.0,11731.0,11799.0,197600
2025-12-30 00:00:00+05:30,11810.0,11811.0,11651.0,11705.0,236323
2025-12-31 00:00:00+05:30,11681.0,11794.0,11680.0,11784.0,172267
2026-01-01 00:00:00+05:30,11792.0,11915.0,11784.0,11901.0,71887
2026-01-02 00:00:00+05:30,11903.0,11970.0,11821.0,11899.0,206244
