Date,Open,High,Low,Close,Volume
2021-01-04 00:00:00+05:30,78.77294660129867,83.59876133586866,78.48046982550936,82.98944091796875,32854053
2021-01-05 00:00:00+05:30,82.13639876687316,83.08693720565657,81.35646559566965,82.380126953125,18873277
2021-01-06 00:00:00+05:30,83.23317952324706,89.66760245560053,83.13568973175573,87.88838958740234,49999500
2021-01-07 00:00:00+05:30,88.47333872093344,91.32496170449194,88.47333872093344,90.42316436767578,32949315
2021-01-08 00:00:00+05:30,91.64178817750216,92.49483673766508,86.10915596924825,88.74142456054688,25476849
2021-01-11 00:00:00+05:30,87.37656844429506,89.03391739495812,85.52423245132186,87.32781982421875,26443871
2021-01-12 00:00:00+05:30,87.44966149996695,89.76507903763155,87.13281786474698,88.2783432006836,14828511
2021-01-13 00:00:00+05:30,89.0826471386854,89.78945735205026,85.987296369613,87.98587036132812,16787140
2021-01-14 00:00:00+05:30,87.20593793159331,87.98587106582299,85.6217047960591,85.98729705810547,13052552
2021-01-15 00:00:00+05:30,86.18228961419324,87.23031785772964,84.50056658800953,85.59734344482422,16324499
2021-01-18 00:00:00+05:30,85.548575591563,85.69481396051458,81.42957158771586,82.23387145996094,17040380
2021-01-19 00:00:00+05:30,82.86757282827092,85.79231069279813,82.86757282827092,84.81739807128906,10954431
2021-01-20 00:00:00+05:30,83.62314483685302,85.42673198459222,83.59877052985772,84.67117309570312,11709839
2021-01-21 00:00:00+05:30,85.2805004430598,85.42673885880507,81.6733258573153,82.40451049804688,10895884
2021-01-22 00:00:00+05:30,82.96507151817063,84.32995082255057,80.089081950865,80.69840240478516,13618435
2021-01-25 00:00:00+05:30,80.86901953031557,81.74644260025285,79.1872963184328,80.52780151367188,13087676
2021-01-27 00:00:00+05:30,80.55217390459543,80.82027642485718,78.9679405297698,79.43102264404297,10420167
2021-01-28 00:00:00+05:30,78.16363426322509,80.0403368815568,78.16363426322509,79.33352661132812,9315988
2021-01-29 00:00:00+05:30,79.84536369576574,80.57654833137167,78.13926621268526,78.60234832763672,14514240
2021-02-01 00:00:00+05:30,78.50484087226381,84.08621418102916,78.48046656896055,83.52564239501953,17122983
2021-02-02 00:00:00+05:30,84.35433820279081,85.91419731899774,83.6962690353622,84.45182800292969,12556627
2021-02-03 00:00:00+05:30,84.45181022637234,86.23102287787778,84.2324563627337,84.7686538696289,9859693
2021-02-04 00:00:00+05:30,85.06113296945215,87.74214289112541,84.84177909982304,85.98729705810547,15430260
2021-02-05 00:00:00+05:30,87.01095031337591,87.4252911472082,84.11058679052863,85.03675079345703,12315157
2021-02-08 00:00:00+05:30,85.84106311642857,87.30343211372383,85.49983773333167,86.76722717285156,10896506
2021-02-09 00:00:00+05:30,86.913469029153,91.76365824283563,86.913469029153,88.5951919555664,22888866
2021-02-10 00:00:00+05:30,89.69196826893513,91.49555527370086,88.10773513375013,90.71562957763672,19580392
2021-02-11 00:00:00+05:30,90.4231644864927,92.81169793169278,89.52136714849156,91.37370300292969,10165976
2021-02-12 00:00:00+05:30,91.1543572271932,91.34933683429927,88.20524418224379,88.88768768310547,9635055
2021-02-15 00:00:00+05:30,89.20453882020753,90.88626224479259,88.81457213558012,89.71636962890625,8000109
2021-02-16 00:00:00+05:30,89.91133022853008,94.05470957028717,89.7407249537249,92.73857879638672,24155607
2021-02-17 00:00:00+05:30,92.71420231221536,95.20023283409573,90.83749970545723,94.00596618652344,17142487
2021-02-18 00:00:00+05:30,94.71276788143847,96.85757279163943,93.7865963772204,95.17584991455078,19077034
2021-02-19 00:00:00+05:30,95.51708868976361,95.51708868976361,90.61814994121796,93.0066909790039,14558896
2021-02-22 00:00:00+05:30,93.98160574550717,101.48843215605486,93.93285712494709,99.56298065185547,48211035
2021-02-23 00:00:00+05:30,99.58734500818889,102.60957323095543,99.58734500818889,101.6590347290039,23472362
2021-02-24 00:00:00+05:30,102.46335476412914,102.75583163918971,98.22248470372624,99.709228515625,10649237
2021-02-25 00:00:00+05:30,101.04970920279173,102.80454771044725,100.22103484323267,101.46404266357422,17173463
2021-02-26 00:00:00+05:30,99.85544644322529,104.65688751696794,99.4898541434888,101.04971313476562,34717972
2021-03-01 00:00:00+05:30,102.00022119350015,105.48553043590677,100.00164757604117,104.12065887451172,17480256
2021-03-02 00:00:00+05:30,105.16870787757101,106.2411103636949,103.92569269315742,104.6812515258789,12729476
2021-03-03 00:00:00+05:30,105.63181070057601,108.06909293842038,105.41245678676904,106.89920043945312,14189479
2021-03-04 00:00:00+05:30,105.1930962218892,105.80241674282462,103.3407603506466,103.95008087158203,13750833
2021-03-05 00:00:00+05:30,102.60956602194426,108.41029385748843,102.60956602194426,106.87480926513672,22131897
2021-03-08 00:00:00+05:30,108.43465203132725,111.87122042073938,107.72784188663792,109.5801773071289,24409291
2021-03-09 00:00:00+05:30,110.6526240835211,111.06696507841544,106.1192772039539,109.4339828491211,15980727
2021-03-10 00:00:00+05:30,109.2633563391041,111.35942048586658,107.8497356604476,110.28701782226562,22508396
2021-03-12 00:00:00+05:30,112.01749799165466,112.01749799165466,104.38879979392063,107.92285919189453,21345125
2021-03-15 00:00:00+05:30,108.26407660315462,110.65261014653834,106.38736636335679,110.28701782226562,23620753
2021-03-16 00:00:00+05:30,110.65258741905095,111.28628213856489,107.72784942559585,110.40885925292969,27174232
2021-03-17 00:00:00+05:30,112.16369717481426,112.9436227890259,109.06834670649428,109.5801773071289,30284720
2021-03-18 00:00:00+05:30,109.87266853778218,110.33575806376473,107.72786337341863,108.14220428466797,19059687
2021-03-19 00:00:00+05:30,107.16728715586414,109.28771792702679,106.94792583643869,108.31280517578125,15529758
2021-03-22 00:00:00+05:30,108.62966981872374,109.26335723559987,107.26479030930795,108.9952621459961,17117657
2021-03-23 00:00:00+05:30,109.14147485301481,109.5558157297486,108.4102903208919,109.068359375,18153789
2021-03-24 00:00:00+05:30,108.84902493190258,109.7264480146639,108.5809224013373,108.89776611328125,20887559
2021-03-25 00:00:00+05:30,109.2389709152815,109.31208639252053,107.41100960436978,108.45903778076172,30276235
2021-03-26 00:00:00+05:30,108.94650118027755,110.84757809144718,108.06907820666308,110.57948303222656,16219649
2021-03-30 00:00:00+05:30,111.57875796474386,112.52930381829698,110.60384524355608,112.16371154785156,18234834
2021-03-31 00:00:00+05:30,111.9931174523192,112.4805738938962,111.23755848027582,111.50566101074219,10376309
2021-04-01 00:00:00+05:30,111.74936860780458,112.9923837920223,111.50564043199694,112.72428131103516,10398919
2021-04-05 00:00:00+05:30,112.38307899177856,113.52859711468906,111.62752005403225,112.96802520751953,14527112
2021-04-06 00:00:00+05:30,113.43110281032273,114.01604900281626,112.82178231022645,113.84544372558594,17652029
2021-04-07 00:00:00+05:30,114.06480201713649,116.42896862388612,113.72358401152177,115.45405578613281,42365445
2021-04-08 00:00:00+05:30,116.50207407216294,119.37806372050407,115.23468451710079,115.89275360107422,24821045
2021-04-09 00:00:00+05:30,116.0633636094619,117.67196366533759,111.23754112785325,112.77303314208984,10610296
2021-04-12 00:00:00+05:30,110.11639986542764,110.11639986542764,102.24398183187778,103.92570495605469,14765942
2021-04-13 00:00:00+05:30,103.97444311335238,106.996671058851,103.38949696873874,106.4848403930664,9623854
2021-04-15 00:00:00+05:30,107.99596140590621,110.36012036267105,106.5579665867616,109.84829711914062,9752896
2021-04-16 00:00:00+05:30,110.26264216010733,114.6741243064673,109.26335499842439,112.99240112304688,11975438
2021-04-19 00:00:00+05:30,110.06763675002067,111.91997222343505,109.0927241259071,111.16441345214844,8509541
2021-04-20 00:00:00+05:30,111.5300053680955,113.04111546836586,108.48340342642983,110.21387481689453,7754673
2021-04-22 00:00:00+05:30,109.09272864347356,111.55438460889694,109.09272864347356,110.40885925292969,5431482
2021-04-23 00:00:00+05:30,111.0912965569735,114.06478319670025,110.31137087825367,111.14004516601562,12023111
2021-04-26 00:00:00+05:30,111.91999051283207,116.8432956063513,111.91999051283207,115.35655212402344,16763872
2021-04-27 00:00:00+05:30,116.86766687759975,119.20745898464581,116.5508232064139,118.62251281738281,15648609
2021-04-28 00:00:00+05:30,118.52501745118508,120.74294549827412,116.6483148251822,118.89060974121094,13518520
2021-04-29 00:00:00+05:30,119.79240639835328,125.03256252768104,118.20817314995186,124.32575225830078,25110119
2021-04-30 00:00:00+05:30,124.32575265153748,129.76089581450225,123.1071116873742,125.39815521240234,21911292
2021-05-03 00:00:00+05:30,124.49634065140708,127.90853487766483,123.13146891129848,125.0081787109375,12835262
2021-05-04 00:00:00+05:30,124.78885234307259,127.90857067645132,122.35157007074696,126.0318603515625,30234483
2021-05-05 00:00:00+05:30,125.93436022740082,131.63759101479707,125.03256293861082,128.834716796875,83074283
2021-05-06 00:00:00+05:30,130.02899665050148,132.34441458523395,128.6153760444942,131.0526580810547,20191746
2021-05-07 00:00:00+05:30,134.05051486892373,140.55806102048572,132.10068919810303,137.9745330810547,38947011
2021-05-10 00:00:00+05:30,140.8748930430828,144.43331864706303,139.92434715692974,143.2390594482422,23353138
2021-05-11 00:00:00+05:30,140.48493680206946,144.16522657662256,137.56019847760712,140.67991638183594,18065603
2021-05-12 00:00:00+05:30,141.7035403748378,142.45909162553755,134.17233522644725,137.51141357421875,19900414
2021-05-14 00:00:00+05:30,138.90069791184752,139.89997751513192,130.78453748970904,132.78311157226562,37836764
2021-05-17 00:00:00+05:30,134.53797064726947,136.3415653346032,133.09996827147722,135.82972717285156,15818894
2021-05-18 00:00:00+05:30,138.38885956251386,140.4605491214616,136.39028548339022,139.16879272460938,17186313
2021-05-19 00:00:00+05:30,139.29066056898063,140.14370923388253,136.829011800659,137.80392456054688,12079521
2021-05-20 00:00:00+05:30,135.51287016396503,136.8777420425595,131.61321922399483,134.44046020507812,25259296
2021-05-21 00:00:00+05:30,135.39103049717056,136.63403850813452,132.19819666446514,133.3924560546875,17094902
2021-05-24 00:00:00+05:30,132.58812093196096,135.0985180405857,129.46840341464153,134.026123046875,20475771
2021-05-25 00:00:00+05:30,135.56162020074967,136.7558793880753,133.09995659342718,133.51429748535156,10686256
2021-05-26 00:00:00+05:30,133.44119150168615,135.2447861591365,130.29709172412754,131.0526580810547,10302553
2021-05-27 00:00:00+05:30,131.68633991046778,133.07559358795731,130.0533580395937,130.49208068847656,19501514
2021-05-28 00:00:00+05:30,133.5143014475301,134.05050644852184,128.5666220938096,129.78526306152344,10107966
2021-05-31 00:00:00+05:30,129.90713268779717,134.09926077036855,129.0053353581062,133.66055297851562,11125660
2021-06-01 00:00:00+05:30,134.7816928603998,134.92792382811692,129.590285242602,130.7601776123047,11911215
2021-06-02 00:00:00+05:30,131.3938696310407,134.75733076763947,131.3938696310407,134.14801025390625,9303223
2021-06-03 00:00:00+05:30,135.26914836327015,137.07274295850914,134.24548696802609,135.24478149414062,11241144
2021-06-04 00:00:00+05:30,133.9773917865204,137.63331471206132,132.2469126761713,136.90213012695312,12113422
2021-06-07 00:00:00+05:30,136.99961447899344,137.8282963046067,134.83044243710478,135.51287841796875,10293892
2021-06-08 00:00:00+05:30,135.2203985827245,135.43975990695208,131.95444972014852,133.09996032714844,10114133
2021-06-09 00:00:00+05:30,134.3673754507799,135.2691729120585,130.63833636191595,131.58888244628906,14702921
2021-06-10 00:00:00+05:30,132.05193074136142,133.66054572551707,131.36949478262335,132.3687744140625,6951260
2021-06-11 00:00:00+05:30,132.70998006276955,135.87844606977782,132.12502654185056,134.65980529785156,10489641
2021-06-14 00:00:00+05:30,135.00104834743456,135.2447765337444,130.68705647455218,133.51429748535156,5854545
2021-06-15 00:00:00+05:30,133.58739661468135,134.4160782970978,131.8569326540887,132.0762939453125,6063128
2021-06-16 00:00:00+05:30,131.4913618862876,132.27129508954113,127.90855442595841,128.85910034179688,13188440
2021-06-17 00:00:00+05:30,128.1035357824656,130.73581223941127,126.08059470061853,127.34798431396484,7487331
2021-06-18 00:00:00+05:30,126.05621597346682,126.49492371636077,118.2081657079672,122.66838836669922,25178889
2021-06-21 00:00:00+05:30,119.91427878271881,124.6426045479344,118.98811456406641,123.98454284667969,10259127
2021-06-22 00:00:00+05:30,126.03181930793211,126.59240594879822,122.52214290434168,123.03396606445312,7080988
2021-06-23 00:00:00+05:30,124.2038676669557,125.2031545771119,121.81532731609539,122.47339630126953,6708344
2021-06-24 00:00:00+05:30,122.96087374642464,124.39886860194554,121.5959943738308,122.32717895507812,6777996
2021-06-25 00:00:00+05:30,123.69206079626201,128.63974025291475,122.98525050788223,127.81107330322266,12259906
2021-06-28 00:00:00+05:30,128.61537202076516,131.32074904631403,127.12862109938284,130.51644897460938,8563660
2021-06-29 00:00:00+05:30,129.95589889113322,131.46701693512136,128.83474007579122,129.9071502685547,7641687
2021-06-30 00:00:00+05:30,129.9071117972003,131.32073217739463,127.6648097065541,128.12789916992188,4782843
2021-07-01 00:00:00+05:30,128.78600028543272,129.54155183397415,127.46986191753243,128.1522979736328,3692800
2021-07-02 00:00:00+05:30,128.6641092616891,129.88275013412039,127.22610708182532,127.73793029785156,4336970
2021-07-05 00:00:00+05:30,128.39599125261788,133.2461875696288,128.03039901392822,132.80747985839844,9431913
2021-07-06 00:00:00+05:30,133.48994937602416,133.73367759658436,129.76091057665099,131.9057159423828,5573608
2021-07-07 00:00:00+05:30,131.32076807873608,133.7580503922835,129.46843947083633,132.71002197265625,10176930
2021-07-08 00:00:00+05:30,132.51501382332896,132.7831088696839,128.05479112532285,128.95657348632812,7417356
2021-07-09 00:00:00+05:30,128.590987458347,132.85623079544516,128.15227969030025,132.3687744140625,7722876
2021-07-12 00:00:00+05:30,134.05048606238222,134.61105784708224,131.00388410641898,132.0762939453125,8489535
2021-07-13 00:00:00+05:30,133.1974436280162,133.51428727078118,131.93005418096948,132.1737823486328,2927619
2021-07-14 00:00:00+05:30,132.07633411638582,133.51432175137336,131.46701353986805,132.46629333496094,2925060
2021-07-15 00:00:00+05:30,132.07633994507617,133.22185077868983,130.78456836505853,131.36952209472656,5284871
2021-07-16 00:00:00+05:30,132.2469249891647,134.05051975075258,132.02757851880284,132.83187866210938,3868735
2021-07-19 00:00:00+05:30,131.36948415499427,132.17378414401114,128.24976654172428,129.12718200683594,5379470
2021-07-20 00:00:00+05:30,128.639731509367,128.639731509367,124.30137284412262,124.83757781982422,7962097
2021-07-22 00:00:00+05:30,127.34796427538747,128.9321973237894,126.86050795280225,128.103515625,4944298
2021-07-23 00:00:00+05:30,128.63974028626316,131.73509138465255,128.32289660318145,130.5408172607422,4417755
2021-07-26 00:00:00+05:30,130.93077417041755,133.41680444678997,130.1508410615182,132.63687133789062,7303590
2021-07-27 00:00:00+05:30,134.659800944809,134.659800944809,127.95727691588185,129.39527893066406,12185383
2021-07-28 00:00:00+05:30,129.17594151697782,132.07631294671657,127.22611598464607,131.66197204589844,7335089
2021-07-29 00:00:00+05:30,132.44190640979804,141.80106012248447,131.90570140844895,140.67991638183594,31005496
2021-07-30 00:00:00+05:30,142.09351145346875,149.3322404838426,141.60605515345685,147.13868713378906,34614433
2021-08-02 00:00:00+05:30,147.74804476961785,155.76669400145803,146.2369268832926,152.6957244873047,26196659
2021-08-03 00:00:00+05:30,152.9394569129143,154.86491578699474,150.0390851660822,152.52511596679688,16167055
2021-08-04 00:00:00+05:30,152.841961222012,155.6204688878688,150.0390866844858,151.5989532470703,10834095
2021-08-05 00:00:00+05:30,151.55018563488107,153.792487959086,147.74803181956835,152.01327514648438,14555093
2021-08-06 00:00:00+05:30,153.0613144445242,154.40181958695237,151.59894519823894,153.13442993164062,8083629
2021-08-09 00:00:00+05:30,153.91434038108181,154.54802767691154,148.99102833906278,150.89210510253906,9624181
2021-08-10 00:00:00+05:30,150.57529419441298,152.20827627455827,146.9924863173158,148.55235290527344,8019719
2021-08-11 00:00:00+05:30,149.91721744297064,158.42333800306972,149.8441019544748,158.15524291992188,31209044
2021-08-12 00:00:00+05:30,158.91076567384948,159.5932015696441,155.6691840118349,157.71649169921875,11383091
2021-08-13 00:00:00+05:30,157.9358608060411,162.32296805065334,156.2785121554962,160.20252990722656,20764801
2021-08-16 00:00:00+05:30,160.76308941898694,166.44196748427967,157.49714097958528,164.029052734375,24614283
2021-08-17 00:00:00+05:30,163.73659648568363,166.3444911164803,143.06844876977868,147.77239990234375,82029102
2021-08-18 00:00:00+05:30,145.7007268631661,149.01543957899386,142.60537549561744,144.2383575439453,36805826
2021-08-20 00:00:00+05:30,140.87489872811122,140.87489872811122,129.98024528034156,131.2476348876953,33985528
2021-08-23 00:00:00+05:30,134.14798617585146,135.85408330807928,127.22610043184683,133.53866577148438,32529835
2021-08-24 00:00:00+05:30,136.390268318886,140.87487227956404,134.58668891425472,139.60748291015625,32936022
2021-08-25 00:00:00+05:30,140.3874239585672,142.3372492913251,138.4619654920741,141.38670349121094,17963680
2021-08-26 00:00:00+05:30,141.48419833062314,143.01968277916905,138.14511952919062,140.16806030273438,15369839
2021-08-27 00:00:00+05:30,140.72863838953612,143.94583803740832,140.60677431572321,142.6297149658203,14509752
2021-08-30 00:00:00+05:30,146.23692514455223,147.55306342124894,143.8483916757224,145.5544891357422,22246795
2021-08-31 00:00:00+05:30,146.16380393315544,149.11290919101623,143.58027609785012,147.60179138183594,27040537
2021-09-01 00:00:00+05:30,148.6741893361615,148.7960534257813,143.3121693928901,145.28636169433594,25319582
2021-09-02 00:00:00+05:30,148.67420403307077,150.74589376140042,146.23692199974172,149.0641632080078,33332582
2021-09-03 00:00:00+05:30,148.86917065666364,151.59892927147618,147.77239383717549,150.2827911376953,17893322
2021-09-06 00:00:00+05:30,151.6964583484447,154.01187656467457,150.62404817158404,153.6219024658203,12586099
2021-09-07 00:00:00+05:30,154.27993212272617,154.64552437894113,149.55159965861748,152.06201171875,16328996
2021-09-08 00:00:00+05:30,152.83925466265097,156.36291976852985,152.3469707106803,154.91200256347656,13318639
2021-09-09 00:00:00+05:30,155.222924699492,158.04705045111118,154.75655951666133,156.41476440429688,7343112
2021-09-13 00:00:00+05:30,156.69979457358485,160.19755791591405,156.69979457358485,159.8866424560547,12916710
2021-09-14 00:00:00+05:30,160.24935971718097,160.24935971718097,156.77749984240634,157.1143341064453,8122323
2021-09-15 00:00:00+05:30,158.02118215127473,160.6380210066628,157.1143546133339,159.18710327148438,6917307
2021-09-16 00:00:00+05:30,160.66391440667022,161.62256376635193,157.71025723418427,160.17164611816406,9401199
2021-09-17 00:00:00+05:30,160.06801145455017,160.06801145455017,153.7461375555591,156.49252319335938,16865737
2021-09-20 00:00:00+05:30,152.39881776966595,153.02063275444203,147.3723969535352,148.4864959716797,13157824
2021-09-21 00:00:00+05:30,148.20153490188898,152.21748558541918,146.62107031325263,151.7770233154297,10413898
2021-09-22 00:00:00+05:30,152.34703495696027,154.4197837318849,150.61110469519727,152.8134002685547,7386307
2021-09-23 00:00:00+05:30,154.93795540175893,156.69978852115608,154.4715901368915,155.24887084960938,7756451
2021-09-24 00:00:00+05:30,154.93796211718063,154.93796211718063,151.02565535245765,151.8806610107422,9015535
2021-09-27 00:00:00+05:30,152.29519704092772,152.29519704092772,148.66788706669894,149.03062438964844,8561365
2021-09-28 00:00:00+05:30,148.6937860549656,152.81336377298138,147.8646835802421,150.61106872558594,7363760
2021-09-29 00:00:00+05:30,149.70428870666996,152.94295891845246,148.71973612505198,151.38839721679688,7701691
2021-09-30 00:00:00+05:30,151.80295079711402,152.0879474395311,148.46063693841793,149.05654907226562,6824351
2021-10-01 00:00:00+05:30,148.09789096694396,150.42973329660148,146.72469809113144,148.12380981445312,7227287
2021-10-04 00:00:00+05:30,149.2897409438135,155.45616568661893,148.2792695413229,154.5752410888672,8623041
2021-10-05 00:00:00+05:30,155.30067015838847,159.60161648489066,155.04157662513379,157.01068115234375,12193085
2021-10-06 00:00:00+05:30,157.6325354402075,159.13527499418504,149.75608453038384,150.7665557861328,9850825
2021-10-07 00:00:00+05:30,152.81338266822266,152.81338266822266,150.32609075031505,150.68881225585938,7738137
2021-10-08 00:00:00+05:30,152.81337174110737,156.23340974403843,151.64745077286827,152.37290954589844,7025380
2021-10-11 00:00:00+05:30,152.32108721765746,156.3888428435355,151.67335341559874,154.29019165039062,6922845
2021-10-12 00:00:00+05:30,157.29566934017717,162.42573367658602,154.36791573301326,161.7779998779297,21173375
2021-10-13 00:00:00+05:30,163.35848936513312,167.3744395398509,161.7780249767383,165.53488159179688,16291520
2021-10-14 00:00:00+05:30,167.8926077303169,177.45316532937449,167.8926077303169,171.9862823486328,26405427
2021-10-18 00:00:00+05:30,178.90409357377573,196.05608948756546,178.90409357377573,194.19061279296875,48802954
2021-10-19 00:00:00+05:30,196.34110287309656,199.96841282889233,187.4541966441602,192.27333068847656,28838312
2021-10-20 00:00:00+05:30,188.51647840069313,188.82739385272458,180.43277153077617,184.6041717529297,15654936
2021-10-21 00:00:00+05:30,184.9928074230178,187.76511176144817,174.65496774149906,181.57276916503906,17004410
2021-10-22 00:00:00+05:30,179.292753043583,179.5518466173454,166.4157992648282,167.81491088867188,23046439
2021-10-25 00:00:00+05:30,168.92897848588183,172.16764755194552,163.02164927214443,168.64398193359375,17295947
2021-10-26 00:00:00+05:30,169.47311847055275,172.349066936426,166.05309558069902,171.28677368164062,14570005
2021-10-27 00:00:00+05:30,170.48354383058646,171.4162742190275,162.86618767433245,163.41029357910156,16987345
2021-10-28 00:00:00+05:30,159.08342309737841,161.33753990989226,152.86517854634081,155.89657592773438,25364271
2021-10-29 00:00:00+05:30,156.8034564576182,161.23395087786392,153.59068935737778,157.52891540527344,19418592
2021-11-01 00:00:00+05:30,161.67438253540024,161.67438253540024,155.45613705326946,156.5702362060547,20031854
2021-11-02 00:00:00+05:30,158.56526451606257,163.1512238584571,158.15072113043604,159.6016387939453,16357465
2021-11-03 00:00:00+05:30,160.22349154992082,164.39489226209184,159.86075417763698,160.974853515625,15956363
2021-11-04 00:00:00+05:30,161.77799987792972,162.8402769822007,160.68980393342437,161.7779998779297,2988176
2021-11-08 00:00:00+05:30,163.48803445465114,169.5508300135195,161.2080143159865,168.28126525878906,19796688
2021-11-09 00:00:00+05:30,167.24491025284283,167.8667411865911,163.33260341831107,165.0944366455078,19869811
2021-11-10 00:00:00+05:30,164.23942802520162,168.87719365668437,163.95441559659,167.45217895507812,24331479
2021-11-11 00:00:00+05:30,167.03763016738466,169.39537536309584,164.31714764287943,167.81491088867188,15963978
2021-11-12 00:00:00+05:30,168.8772059676267,171.85678237910182,167.7631066460997,170.0690460205078,15039279
2021-11-15 00:00:00+05:30,170.48356662912343,171.85675936778017,167.89263096606686,168.17762756347656,8320124
2021-11-16 00:00:00+05:30,168.2294986821392,175.8209392342305,167.89268011011458,172.42681884765625,20023683
2021-11-17 00:00:00+05:30,171.3903698343226,176.41679063420327,170.48354248070183,175.25086975097656,13264427
2021-11-18 00:00:00+05:30,177.76406717584965,177.76406717584965,150.42969936591655,160.40480041503906,69494735
2021-11-22 00:00:00+05:30,160.43074967559465,172.24541072891964,160.43074967559465,170.14675903320312,58648584
2021-11-23 00:00:00+05:30,178.72276892713,187.06558632778098,174.9400085485224,183.7491912841797,333341211
2021-11-24 00:00:00+05:30,178.72274241079717,183.04960821646924,176.41681911334535,179.08547973632812,29083799
2021-11-25 00:00:00+05:30,178.7745918253239,193.3874778304867,177.40139884798015,190.48562622070312,40281820
2021-11-26 00:00:00+05:30,186.4178423278557,190.0710557060432,181.00277984575837,183.38644409179688,24405163
2021-11-29 00:00:00+05:30,182.76463840918305,184.4228280211687,177.79003794558827,179.7073211669922,11884679
2021-11-30 00:00:00+05:30,179.78507319491263,183.43828699167653,174.11091646667603,175.58775329589844,17562378
2021-12-01 00:00:00+05:30,178.25638245815335,181.2359586184277,173.59269803337608,179.94049072265625,10966477
2021-12-02 00:00:00+05:30,179.81096586285045,179.91460963267943,173.0745319832624,175.095458984375,14527577
2021-12-03 00:00:00+05:30,177.58272307498132,180.0441117664313,173.92949458148755,174.7845001220703,12609066
2021-12-06 00:00:00+05:30,174.49951924816398,178.04910431694043,173.12632649108278,173.95542907714844,8612257
2021-12-07 00:00:00+05:30,176.18363291223537,180.58822373504125,175.17316163324134,178.3341064453125,20032367
2021-12-08 00:00:00+05:30,179.29272501268292,180.84728621221484,174.65494444188693,177.1163330078125,20455793
2021-12-09 00:00:00+05:30,179.03365849215405,181.85778475626896,177.91955929382294,180.56231689453125,14212623
2021-12-10 00:00:00+05:30,179.81095600215377,182.66098556414758,179.292768809064,181.21006774902344,8770813
2021-12-13 00:00:00+05:30,185.25187809711863,186.75461744199671,183.80096062216347,184.5523223876953,16823625
2021-12-14 00:00:00+05:30,185.25189848762884,187.402371908708,183.69733710171866,186.49554443359375,11846524
2021-12-15 00:00:00+05:30,186.5214596093802,187.16919350743498,182.40186569222547,182.89414978027344,7353408
2021-12-16 00:00:00+05:30,182.99779006848047,186.7805657767567,182.6091497034134,185.2519073486328,13849801
2021-12-17 00:00:00+05:30,186.14046995170938,187.21751594180682,178.0895610363814,179.0858154296875,12501229
2021-12-20 00:00:00+05:30,176.0970093529953,176.58167673405597,169.98477042037342,174.05062866210938,10352390
2021-12-21 00:00:00+05:30,177.17406520496968,183.31322405588756,175.61235180767565,181.40147399902344,8777083
2021-12-22 00:00:00+05:30,183.09780455472176,184.98263489572625,182.26310054890058,184.1748504638672,4817620
2021-12-23 00:00:00+05:30,185.7904303351114,189.80243315814377,184.44412286891495,185.2519073486328,7557268
2021-12-24 00:00:00+05:30,186.40973878397327,188.67154202594105,182.85548358991744,186.22125244140625,6096013
2021-12-27 00:00:00+05:30,187.40596385567554,187.72908087334403,181.23987025275042,183.3131866455078,7521417
2021-12-28 00:00:00+05:30,185.0634258353307,186.5443640867088,183.77097392101152,185.68272399902344,4120120
2021-12-29 00:00:00+05:30,184.4710284674604,186.22122804090657,181.7514941655643,182.80162048339844,4510924
2021-12-30 00:00:00+05:30,182.93627604371733,184.44413392245477,179.0858233121081,179.48971557617188,5044789
2021-12-31 00:00:00+05:30,179.48971924834228,185.49426417780495,179.48971924834228,183.7440643310547,6299731
2022-01-03 00:00:00+05:30,183.63633154891465,191.17565307878212,183.34015049115084,190.5294189453125,9043533
2022-01-04 00:00:00+05:30,192.30653935105946,192.46808965441247,177.7394844034991,180.53981018066406,28238896
2022-01-05 00:00:00+05:30,181.23987538212336,182.2630820394343,179.13963935945952,179.78587341308594,9231180
2022-01-06 00:00:00+05:30,179.86667768089126,183.28630193565994,178.7896317067542,182.23617553710938,9683833
2022-01-07 00:00:00+05:30,183.04395821224244,183.82482310955663,179.59741441588255,182.12847900390625,6418949
2022-01-10 00:00:00+05:30,182.53236144928232,183.79787724099538,180.94371216454732,182.6669921875,4237835
2022-01-11 00:00:00+05:30,182.96315569238357,182.9900752636791,177.3894403777856,178.2779998779297,8957542
2022-01-12 00:00:00+05:30,178.7896270506937,181.29375558846613,177.90106743205405,179.13966369628906,6781225
2022-01-13 00:00:00+05:30,180.62060534877332,185.25190629298132,179.785901298255,182.93626403808594,10653446
2022-01-14 00:00:00+05:30,183.09778732135374,184.8210671875559,179.89356946946413,181.05140686035156,6325976
2022-01-17 00:00:00+05:30,179.86668566912087,179.86668566912087,172.19273276257903,175.45079040527344,13870740
2022-01-18 00:00:00+05:30,174.96609985751093,176.60860468458213,172.40811589341158,173.646728515625,10477124
2022-01-19 00:00:00+05:30,172.0580648621684,177.95489713308834,171.2502805200925,174.80453491210938,37369055
2022-01-20 00:00:00+05:30,174.99302436351337,177.33558585018804,174.61605175665676,176.17776489257812,7463125
2022-01-21 00:00:00+05:30,174.99303767734364,176.74323724985211,171.5734136872516,174.10446166992188,10563621
2022-01-24 00:00:00+05:30,173.40437139608284,175.4238322430869,167.0767274088034,168.072998046875,10949389
2022-01-25 00:00:00+05:30,167.23825476331675,171.78877915481897,165.43421646831155,171.2771759033203,7732802
2022-01-27 00:00:00+05:30,169.6347307786222,178.78962101111927,168.04608148804,176.7432403564453,13373574
2022-01-28 00:00:00+05:30,178.19726710594222,180.88988225240377,174.0237136289268,176.4470672607422,15967353
2022-01-31 00:00:00+05:30,177.71255884415064,178.0625954459001,169.9039767131198,173.26974487304688,14273583
2022-02-01 00:00:00+05:30,174.4275799564346,182.5592797761184,173.40438963985287,182.10153198242188,12026843
2022-02-02 00:00:00+05:30,182.55926953765135,185.25188413260196,181.02447593164644,184.84799194335938,8070763
2022-02-03 00:00:00+05:30,180.40521520947362,189.45239554770365,177.25485219430504,185.95199584960938,15147036
2022-02-04 00:00:00+05:30,185.7904251710453,195.34920791535274,185.0364962978143,191.9026641845703,20184671
2022-02-07 00:00:00+05:30,192.8719724366284,199.79199495580818,191.68723192287615,196.7493438720703,15757583
2022-02-08 00:00:00+05:30,198.31110222764684,201.83842143688312,193.49131462214172,198.95733642578125,14209893
2022-02-09 00:00:00+05:30,200.0612659937756,204.0732683458826,196.13005522769097,202.83465576171875,17184515
2022-02-10 00:00:00+05:30,203.56169182698247,207.7891006187385,202.21538434135428,204.36947631835938,11642228
2022-02-11 00:00:00+05:30,203.56167295584692,207.0351525205266,200.46516602596301,203.58859252929688,9277013
2022-02-14 00:00:00+05:30,199.28042078122783,201.8653409277961,193.65286554024394,194.67605590820312,11817623
2022-02-15 00:00:00+05:30,198.7149549583699,201.56911982438533,191.41797605873236,200.30360412597656,12010968
2022-02-16 00:00:00+05:30,201.9460847677052,201.9460847677052,194.97220673329468,197.69175720214844,9223294
2022-02-17 00:00:00+05:30,199.1727013893423,201.05753157281833,196.88397902369286,198.6880340576172,7177358
2022-02-18 00:00:00+05:30,198.17643050309064,200.11511626228648,195.2145545037238,196.0223388671875,4497068
2022-02-21 00:00:00+05:30,195.75310208864556,196.8840036269352,190.15246641618396,190.61021423339844,5793689
2022-02-22 00:00:00+05:30,186.32897844043413,189.8024587452447,182.74780338445998,188.53692626953125,9895715
2022-02-23 00:00:00+05:30,189.66781616210938,191.66034149588435,187.45986847059137,189.66781616210938,9341304
2022-02-24 00:00:00+05:30,184.1748251502046,189.2638729452259,180.78213757646648,182.0476531982422,13040748
2022-02-25 00:00:00+05:30,186.2750924256158,196.85706552135923,186.05968652404877,195.2684326171875,12293768
2022-02-28 00:00:00+05:30,194.35294992083254,205.39267156327693,192.1180827288798,204.80029296875,13822663
2022-03-02 00:00:00+05:30,206.79279674819554,213.25507164657662,205.71575093179868,208.56991577148438,15610682
2022-03-03 00:00:00+05:30,215.40916059128335,215.94768349276154,206.41582156283138,213.2281494140625,59451460
2022-03-04 00:00:00+05:30,211.85494807582765,214.73604945572217,199.5227744786083,201.08448791503906,19180902
2022-03-07 00:00:00+05:30,201.40761953197506,209.59317641827218,201.1114384299604,208.6238250732422,17901437
2022-03-08 00:00:00+05:30,213.4705020405086,213.4705020405086,200.59980634322275,205.36573791503906,19093725
2022-03-09 00:00:00+05:30,206.25785462396212,209.07336918994633,203.74897419368276,206.98263549804688,10587981
2022-03-10 00:00:00+05:30,207.12194975495575,211.58218016690634,202.63384970870194,210.88526916503906,12346925
2022-03-11 00:00:00+05:30,210.63438147657604,214.64859578799337,209.74234897575383,210.85740661621094,9045446
2022-03-14 00:00:00+05:30,210.85740036739062,211.86094540828995,207.20557649445888,209.51931762695312,5116985
2022-03-15 00:00:00+05:30,206.78744044417502,207.06620486025355,197.253694011403,199.42807006835938,8197001
2022-03-16 00:00:00+05:30,201.82547043538656,209.35211090742447,200.320135535206,208.15342712402344,9118574
2022-03-17 00:00:00+05:30,209.01755806973128,213.25478064357455,208.23702109901984,210.99679565429688,10989483
2022-03-21 00:00:00+05:30,213.53355320280866,227.1651406242693,212.16760069116992,223.03941345214844,26819133
2022-03-22 00:00:00+05:30,225.63190805736596,231.93197657688006,224.1265735190043,225.26950073242188,22136086
2022-03-23 00:00:00+05:30,227.27662339352707,229.5624949918387,221.89647360474027,227.8341522216797,12118980
2022-03-24 00:00:00+05:30,227.36024139644502,232.74040801228293,226.91422515522845,229.22796630859375,11816201
2022-03-25 00:00:00+05:30,230.7611420399343,231.54167887290288,226.49605058261778,228.89341735839844,8213490
2022-03-28 00:00:00+05:30,227.47175444555268,232.96341662610686,226.35669682572154,230.48240661621094,8658384
2022-03-29 00:00:00+05:30,231.31870119863837,231.7647344578652,227.22086101864673,228.78195190429688,6273174
2022-03-30 00:00:00+05:30,228.5867962146876,228.75404804029307,221.0880274355322,222.28672790527344,8216568
2022-03-31 00:00:00+05:30,222.59337049035358,229.06070788870102,222.59337049035358,224.87924194335938,9571444
2022-04-01 00:00:00+05:30,225.96639858514658,229.08856302970278,224.795601806062,226.2451629638672,8522750
2022-04-04 00:00:00+05:30,226.35673733536834,236.22500584270773,226.35673733536834,234.97056579589844,11316771
2022-04-05 00:00:00+05:30,237.06123905590889,237.06123905590889,232.71250445508133,233.54879760742188,6544847
2022-04-06 00:00:00+05:30,232.74040789711006,242.35777984303314,230.98417853892008,241.1869659423828,9864785
2022-04-07 00:00:00+05:30,241.96751064923617,243.83523562049754,236.55947422757131,237.228515625,7125701
2022-04-08 00:00:00+05:30,238.06480950094573,242.24627570997873,236.78250000261409,239.90464782714844,5251094
2022-04-11 00:00:00+05:30,240.2670535989965,245.73082927048105,239.98828918689162,244.05824279785156,6488235
2022-04-12 00:00:00+05:30,241.40997830397794,242.4135233710634,230.90055667700435,232.48951721191406,10163306
2022-04-13 00:00:00+05:30,235.27713423448822,238.3714120140287,234.94261357913666,237.39573669433594,4532025
2022-04-18 00:00:00+05:30,237.47943806754404,240.74096847027602,233.46522324419954,236.4758758544922,5410588
2022-04-19 00:00:00+05:30,238.0369257779768,243.9188477581446,235.3050210715427,238.37142944335938,6170452
2022-04-20 00:00:00+05:30,238.5944491109472,239.15197789306,232.7682665320971,235.2213897705078,4326156
2022-04-21 00:00:00+05:30,235.27715820205762,237.56302972965534,232.57314006628084,236.921875,8243160
2022-04-22 00:00:00+05:30,234.10635194900055,236.92188274476723,231.26295151754923,231.8204803466797,4288543
2022-04-25 00:00:00+05:30,225.6876601386977,228.53106053124958,221.3668117720484,224.18234252929688,6329044
2022-04-26 00:00:00+05:30,226.3009755803934,230.0085393374943,224.1823725804591,229.47889709472656,5690783
2022-04-27 00:00:00+05:30,229.59035188023844,233.0470372286356,226.05005762957597,230.0642547607422,7572088
2022-04-28 00:00:00+05:30,233.0191862976923,233.0191862976923,225.82705062502671,229.50674438476562,6480515
2022-04-29 00:00:00+05:30,230.81695058439274,233.99487192719653,226.41247594472645,227.6669158935547,18580213
2022-05-02 00:00:00+05:30,227.47176373940104,228.2244310664247,222.73276866149686,227.3881378173828,9271760
2022-05-04 00:00:00+05:30,229.70184929413432,229.70184929413432,218.83003846589253,220.3353729248047,16352730
2022-05-05 00:00:00+05:30,224.40534049316466,228.30804206695882,223.37390881720475,225.91067504882812,11573563
2022-05-06 00:00:00+05:30,220.6513134201899,224.88298244468666,215.24081493085242,217.87049865722656,17372415
2022-05-09 00:00:00+05:30,215.45239381187142,216.41963609868293,209.86054567245014,211.6741180419922,7155146
2022-05-10 00:00:00+05:30,208.56083455297406,213.33657171243547,198.2839238648565,199.70455932617188,10077453
2022-05-11 00:00:00+05:30,200.30909911273224,205.78003579116546,191.36212980526395,197.01443481445312,12430816
2022-05-12 00:00:00+05:30,194.56609733969674,196.95395661360018,183.8962500027856,189.97171020507812,16664763
2022-05-13 00:00:00+05:30,192.2084493736961,194.56608972793532,175.64447389569202,177.0651092529297,20305913
2022-05-16 00:00:00+05:30,178.032336358451,182.8383100334798,168.99469424705836,173.58908081054688,18365763
2022-05-17 00:00:00+05:30,178.3346186842874,198.85822031570373,177.76031338026593,194.05224609375,27785998
2022-05-18 00:00:00+05:30,196.44014233098684,196.8935354721275,191.18077451430958,193.3268280029297,12682808
2022-05-19 00:00:00+05:30,186.19343570939824,188.43018241392377,179.96684442713294,183.5032958984375,15575272
2022-05-20 00:00:00+05:30,191.029635539157,193.32681997948634,187.16068458504867,190.06239318847656,11619010
2022-05-23 00:00:00+05:30,185.5889078960204,188.30926648081547,176.9442202171165,184.77279663085938,18449758
2022-05-24 00:00:00+05:30,185.98183678046217,191.57368473869136,183.26147831429662,184.68211364746094,11923967
2022-05-25 00:00:00+05:30,185.61909584825185,187.67449230710398,181.41766491307777,184.28915405273438,10971726
2022-05-26 00:00:00+05:30,185.4680158905375,190.00194735900186,177.73011356380403,189.2462921142578,11117630
2022-05-27 00:00:00+05:30,191.02962053818592,192.87341171140403,183.4428502665097,186.10275268554688,11035458
2022-05-30 00:00:00+05:30,186.9491123423916,190.27399550450366,185.7098450886867,189.3369903564453,7700826
2022-05-31 00:00:00+05:30,187.40248140534163,197.9211976396609,186.91886947793412,193.99179077148438,52366423
2022-06-01 00:00:00+05:30,193.7500002172585,196.4703590346615,189.36719990033143,191.0598602294922,9150761
2022-06-02 00:00:00+05:30,191.18076291858642,195.26130094135465,190.81804473795108,194.50564575195312,6242334
2022-06-03 00:00:00+05:30,195.56356304143063,196.5912614785897,190.69715100052494,191.57369995117188,10358738
2022-06-06 00:00:00+05:30,187.64427102442417,195.50308407624084,187.40246508178274,193.87088012695312,11751642
2022-06-07 00:00:00+05:30,191.63415896838373,193.87090574272816,188.76266920466188,190.36465454101562,11390344
2022-06-08 00:00:00+05:30,191.5736814922083,191.90618081271637,188.33947390307512,189.36717224121094,4734993
2022-06-09 00:00:00+05:30,188.2487908759928,191.02960527542038,180.96428324414327,183.11033630371094,11747620
2022-06-10 00:00:00+05:30,181.2665760587317,183.35217337600037,178.15328027304872,182.0826873779297,6147803
2022-06-13 00:00:00+05:30,178.4555128788232,179.9365857814505,173.2263649133981,175.13063049316406,7487440
2022-06-14 00:00:00+05:30,174.70744862664606,179.06002912066384,174.25405559387795,176.00717163085938,7645723
2022-06-15 00:00:00+05:30,176.49083096857407,178.90892754112593,175.6747196856153,176.12811279296875,6160021
2022-06-16 00:00:00+05:30,178.81823771554892,179.21119317529048,160.71275033780984,161.67999267578125,14390002
2022-06-17 00:00:00+05:30,161.67999781835056,164.43057543235062,158.86894564857565,159.5641632080078,13852870
2022-06-20 00:00:00+05:30,158.8689078944487,158.8689078944487,134.05320381273077,139.31256103515625,49070694
2022-06-21 00:00:00+05:30,142.93972771354922,147.29229957484387,137.22697656908088,142.6979217529297,51220904
2022-06-22 00:00:00+05:30,141.97248299760932,141.97248299760932,133.59982085179078,134.26480102539062,22944315
2022-06-23 00:00:00+05:30,133.6300535244926,136.62244596062752,130.6376610883577,132.66281127929688,20938353
2022-06-24 00:00:00+05:30,133.26736298462487,135.95749392947172,131.48401837338756,133.87188720703125,21355402
2022-06-27 00:00:00+05:30,137.5594707706861,139.73575215384767,135.89702937518612,137.71060180664062,15977006
2022-06-28 00:00:00+05:30,137.16651481029197,142.51655679320567,134.20435040547892,141.9422607421875,23261360
2022-06-29 00:00:00+05:30,140.06824379027356,142.27476247361983,139.52417574468487,140.2798309326172,14692258
2022-06-30 00:00:00+05:30,140.58209106799595,141.67023636846523,134.38571861245035,134.8088836669922,13598410
2022-07-01 00:00:00+05:30,133.66028948659607,135.1715998189895,124.53197138921736,129.3379364013672,26130465
2022-07-04 00:00:00+05:30,128.70317955705764,131.39331923076335,126.587345168313,130.93992614746094,10536164
2022-07-05 00:00:00+05:30,132.81394503964987,135.05068240039947,130.69811065596397,131.2119598388672,13760066
2022-07-06 00:00:00+05:30,129.0659016756207,129.972687870063,124.68310173581625,129.64019775390625,21776088
2022-07-07 00:00:00+05:30,131.78626410089376,138.37557361621586,130.60744385861403,137.650146484375,18550009
2022-07-08 00:00:00+05:30,140.49140542130044,140.8541235923767,133.63006201694225,135.4134063720703,20385518
2022-07-11 00:00:00+05:30,134.8088749693677,140.4309509721442,133.78118583912607,138.7080535888672,16001815
2022-07-12 00:00:00+05:30,138.073306873023,143.15131507278647,136.13883151210146,139.4939422607422,17927232
2022-07-13 00:00:00+05:30,139.3428022689185,141.21683063123788,137.83149204908207,140.2193603515625,13199027
2022-07-14 00:00:00+05:30,142.6374786297131,142.6374786297131,136.92472696542114,137.77105712890625,15126859
2022-07-15 00:00:00+05:30,139.19168371909686,139.46371773818169,135.8970289894996,137.74082946777344,12239038
2022-07-18 00:00:00+05:30,139.67529980894864,143.90696865010256,138.52669844605182,143.54425048828125,15984360
2022-07-19 00:00:00+05:30,143.51404304978539,145.508974777715,138.7383055042846,144.3301544189453,20854834
2022-07-20 00:00:00+05:30,149.9219524982802,157.05532834254532,148.10838049225262,153.0654754638672,58620970
2022-07-21 00:00:00+05:30,154.7581571191742,154.78837594229256,151.795992957787,154.03273010253906,19890154
2022-07-22 00:00:00+05:30,155.36272163634223,157.1460754314582,154.21412932953191,156.1788330078125,15511814
2022-07-25 00:00:00+05:30,157.4180937309031,158.05285519289663,153.3073366615766,155.9672393798828,23018426
2022-07-26 00:00:00+05:30,156.94816625885963,160.15252066191306,156.19612695360087,157.8636932373047,18479077
2022-07-27 00:00:00+05:30,156.94815685233115,159.69474760154793,154.26695518137248,159.1715850830078,10992106
2022-07-28 00:00:00+05:30,159.04078768734593,161.91817638252402,157.37321162219075,160.5448760986328,11285482
2022-07-29 00:00:00+05:30,160.61028344684584,167.7383415322572,160.38139672821086,166.29965209960938,20997947
2022-08-01 00:00:00+05:30,167.90183458862865,168.32689853289793,165.6130072427272,167.0189971923828,10114375
2022-08-02 00:00:00+05:30,166.75742011456293,166.75742011456293,161.6566029153596,165.1879425048828,11012297
2022-08-03 00:00:00+05:30,164.46857078662154,166.43042252562697,161.03533024336207,162.76829528808594,9843948
2022-08-04 00:00:00+05:30,163.42225160334934,165.90726588900432,160.7083605938739,163.65113830566406,9463532
2022-08-05 00:00:00+05:30,163.5857404585604,167.9672175111729,163.5857404585604,165.6129913330078,13811834
2022-08-08 00:00:00+05:30,165.61298268586543,168.71924790899618,165.5475836371388,167.9018096923828,7700478
2022-08-10 00:00:00+05:30,168.55577039650944,169.92907067435794,164.7955543740849,167.64024353027344,11891569
2022-08-11 00:00:00+05:30,168.7192630102669,170.3214500410284,167.08438643071005,167.77102661132812,6782061
2022-08-12 00:00:00+05:30,167.77103903462069,173.26424071428985,166.95361066280716,171.62936401367188,14399499
2022-08-16 00:00:00+05:30,172.64297433035713,174.4086490960774,166.43044305710566,171.66204833984375,18353026
2022-08-17 00:00:00+05:30,173.62391162943248,175.74925141397355,171.72745858231724,174.14706420898438,14443487
2022-08-18 00:00:00+05:30,174.57215315531835,175.42228111080306,171.95635026829797,173.62391662597656,9656896
2022-08-19 00:00:00+05:30,174.4413332902748,175.2587715906041,170.2560531839867,171.33506774902344,11007005
2022-08-22 00:00:00+05:30,170.02714917825912,172.77374957085686,166.79009583383333,167.9672088623047,9077185
2022-08-23 00:00:00+05:30,165.80918200612084,172.25058963804463,165.80918200612084,171.49855041503906,6629601
2022-08-24 00:00:00+05:30,171.49855726639865,174.7683105031269,171.1715819427258,174.4086456298828,7607934
2022-08-25 00:00:00+05:30,175.5530382304329,177.41678138648845,173.0353245483913,173.5911865234375,6531499
2022-08-26 00:00:00+05:30,175.58574977986254,179.83642901103238,175.58574977986254,176.3050994873047,11188255
2022-08-29 00:00:00+05:30,170.74652246953156,174.7356255138466,168.7519609688788,173.9835662841797,7471816
2022-08-30 00:00:00+05:30,175.91271007160253,177.8745618567877,175.3568480744024,176.7301483154297,5956473
2022-09-01 00:00:00+05:30,172.3160044920667,175.8473341790638,171.4658765893235,172.1198272705078,8676894
2022-09-02 00:00:00+05:30,173.5584993743735,173.82007564426527,167.41136722546162,168.2288055419922,10204135
2022-09-05 00:00:00+05:30,168.98082564843756,171.89091370823454,168.4249636648037,170.28872680664062,6625211
2022-09-06 00:00:00+05:30,170.6811128292148,173.13342766871503,168.91543816197895,172.5448760986328,6046145
2022-09-07 00:00:00+05:30,170.0271565074611,172.2505845626994,170.0271565074611,171.3023681640625,4912037
2022-09-08 00:00:00+05:30,172.44678679860425,173.29691462339503,170.6811121385136,171.49855041503906,3584327
2022-09-09 00:00:00+05:30,173.29688591369677,176.46854989257102,172.51213731544416,174.3759002685547,9391783
2022-09-12 00:00:00+05:30,175.22607004754457,177.7764733786045,174.86638524582546,176.79554748535156,5914506
2022-09-13 00:00:00+05:30,180.1307173815509,182.77920957325088,178.26695400810002,181.50399780273438,15735934
2022-09-14 00:00:00+05:30,180.49034996451434,205.89633256504712,178.75738501603502,199.8472900390625,61991651
2022-09-15 00:00:00+05:30,207.26964707796756,209.85273992922325,199.19335331586356,205.47128295898438,72693576
2022-09-16 00:00:00+05:30,193.66748374331704,196.119798715477,187.68383920264472,190.1361541748047,45232346
2022-09-19 00:00:00+05:30,190.9535574785296,192.78461100580301,183.3677272311359,184.18516540527344,17630437
2022-09-20 00:00:00+05:30,186.63750007389,188.0761993984642,182.90999357165674,183.17156982421875,14832173
2022-09-21 00:00:00+05:30,183.76013062270465,185.2642091183152,181.14432805156295,181.73287963867188,8891248
2022-09-22 00:00:00+05:30,180.16337811165943,185.16609587181986,180.16337811165943,183.53121948242188,8750415
2022-09-23 00:00:00+05:30,184.38138711757023,187.65114024994787,181.96176181681506,182.8118896484375,11611515
2022-09-26 00:00:00+05:30,180.4903721251066,181.2751208562723,170.02716214683954,172.83914184570312,13655836
2022-09-27 00:00:00+05:30,173.62389522182272,175.45494903420987,170.05985624483122,171.4658660888672,8506360
2022-09-28 00:00:00+05:30,169.70019933279633,171.20427789514622,166.88820944834572,167.9345245361328,7527753
2022-09-29 00:00:00+05:30,170.02715024345306,172.6429525548908,167.80372227012856,169.7982635498047,7865169
2022-09-30 00:00:00+05:30,171.9236072185947,177.71107396848774,170.22333168232834,176.59934997558594,11747174
2022-10-03 00:00:00+05:30,177.22063622808884,178.52853760246586,173.68930650866906,175.4876708984375,6570803
2022-10-04 00:00:00+05:30,182.45223487832925,183.6947371459592,178.39773278712576,182.55032348632812,11559416
2022-10-06 00:00:00+05:30,184.414081482979,191.99991293963427,184.414081482979,191.2151641845703,16940276
2022-10-07 00:00:00+05:30,190.95358264769845,191.28055796045135,187.84731717654583,190.88818359375,8499499
2022-10-10 00:00:00+05:30,187.48765414715575,194.844598755977,187.3568560379809,194.2560272216797,11439140
2022-10-11 00:00:00+05:30,196.18519588541307,199.78192447664563,186.37593609114242,187.0625762939453,21039535
2022-10-12 00:00:00+05:30,188.33776336929336,189.64566450380235,183.30233601863878,188.07618713378906,10044150
2022-10-13 00:00:00+05:30,191.47674583013045,192.85004621158026,187.9127266968095,191.6075439453125,10965277
2022-10-14 00:00:00+05:30,195.7601169928399,195.7601169928399,187.32415820582236,188.23968505859375,10076381
2022-10-17 00:00:00+05:30,186.8663969003816,186.89908644985167,181.56939268188617,183.1388702392578,9189148
2022-10-18 00:00:00+05:30,184.74101125342463,185.98351317842236,182.4521845653291,182.9099578857422,6076753
2022-10-19 00:00:00+05:30,183.76011499485742,185.03532662263478,180.68653925236168,181.30780029296875,5047001
2022-10-20 00:00:00+05:30,180.09799999611715,185.62389081730984,178.98629589631383,184.96994018554688,5655577
2022-10-21 00:00:00+05:30,185.72197321142863,186.27783522124088,181.6347818995574,183.17156982421875,5352956
2022-10-24 00:00:00+05:30,184.8718715014718,184.8718715014718,183.43317197378272,184.2506103515625,1607171
2022-10-25 00:00:00+05:30,184.41405650547574,184.6756327360719,182.25602765682353,183.1061553955078,5339921
2022-10-27 00:00:00+05:30,185.78737550879825,191.21515768296993,185.72197645526828,188.56666564941406,14336599
2022-10-28 00:00:00+05:30,189.48220149475597,189.48220149475597,182.8118968588227,186.27784729003906,9449012
2022-10-31 00:00:00+05:30,179.1824621948269,186.3432291594958,179.05166409364122,183.6293182373047,12599029
2022-11-01 00:00:00+05:30,184.11979872892258,188.8609409724316,183.76013385186624,187.61843872070312,9070975
2022-11-02 00:00:00+05:30,186.70290562763648,195.82552493619596,186.53941796946867,194.38682556152344,20332664
2022-11-03 00:00:00+05:30,191.28055221201063,198.99716137828088,191.28055221201063,198.08163452148438,19690261
2022-11-04 00:00:00+05:30,198.47403072213336,212.2723940157952,198.47403072213336,210.5394287109375,52129584
2022-11-07 00:00:00+05:30,212.17428352751767,212.17428352751767,195.2369467525313,200.4685516357422,38854124
2022-11-09 00:00:00+05:30,201.31868478428302,205.86362922233863,197.59115859288178,201.1551971435547,20764922
2022-11-10 00:00:00+05:30,199.06258229167798,202.56122240861643,198.80100601200772,200.86094665527344,8723702
2022-11-11 00:00:00+05:30,203.47673590133923,205.99444983516696,202.07074602878285,204.29417419433594,15276115
2022-11-14 00:00:00+05:30,205.99442025230837,209.91812349520947,204.71920871557083,205.8309326171875,19802445
2022-11-15 00:00:00+05:30,206.77919585605906,208.87182588437793,204.22877244990553,208.38136291503906,10006142
2022-11-16 00:00:00+05:30,209.26421872557344,209.68928267846155,202.46313560839053,203.9999237060547,9748748
2022-11-17 00:00:00+05:30,203.70559997580838,203.70559997580838,198.53939452961714,200.95899963378906,10016310
2022-11-18 00:00:00+05:30,204.29415296393134,207.53121625059597,201.67835069817806,202.9862518310547,18774925
2022-11-21 00:00:00+05:30,205.27508287071043,205.27508287071043,200.43585257482036,201.35137939453125,11979024
2022-11-22 00:00:00+05:30,202.36503616751583,203.96720328219743,200.46856332121388,202.79010009765625,9990931
2022-11-23 00:00:00+05:30,205.01351194616694,205.01351194616694,199.22604517734158,201.31869506835938,19347161
2022-11-24 00:00:00+05:30,202.03805592130834,203.64022299695878,201.25330717940517,203.31324768066406,9754111
2022-11-25 00:00:00+05:30,204.3595345382258,207.53119850565622,202.4630820491082,207.00802612304688,11546335
2022-11-28 00:00:00+05:30,207.62931523288586,207.85820193398908,202.49579903809237,203.0843505859375,16890293
2022-11-29 00:00:00+05:30,205.12873160414884,209.94510724151937,204.43572913251322,209.18280029296875,14184054
2022-11-30 00:00:00+05:30,208.5937209495173,212.85568145013025,208.35116588145297,210.915283203125,10300275
2022-12-01 00:00:00+05:30,212.0587676583904,216.56328396485947,211.15787285659985,215.0040283203125,14208907
2022-12-02 00:00:00+05:30,214.93472260511228,218.88484534144519,213.7219682218751,217.49884033203125,14526593
2022-12-05 00:00:00+05:30,218.64229885450825,223.2854242785925,218.36510207144923,221.24105834960938,17018137
2022-12-06 00:00:00+05:30,220.72130942581146,220.99850621260694,216.97909993217434,217.91465759277344,7693396
2022-12-07 00:00:00+05:30,218.29579414318022,218.64229540372494,215.6277302072341,216.84048461914062,5552148
2022-12-08 00:00:00+05:30,216.70189168136986,219.3352927397531,215.5930834440871,217.49884033203125,5763591
2022-12-09 00:00:00+05:30,218.98879243571176,220.02829619727368,212.05876735863225,214.03382873535156,7643243
2022-12-12 00:00:00+05:30,213.92987837696535,214.55357639187113,207.58888863727637,214.06846618652344,8476131
2022-12-13 00:00:00+05:30,215.0039996154483,219.0927096410756,214.76144454003918,217.01370239257812,8177297
2022-12-14 00:00:00+05:30,217.94926168797699,220.37477016463174,217.6027604770263,219.02340698242188,7878753
2022-12-15 00:00:00+05:30,218.29580286401006,219.68180796155931,215.0386824252655,215.48915100097656,5846776
2022-12-16 00:00:00+05:30,214.83076624109285,218.15716964596822,212.75175882585646,213.30615234375,7609735
2022-12-19 00:00:00+05:30,214.06841990215364,218.2957384316926,213.79122319421322,217.8452911376953,5148697
2022-12-20 00:00:00+05:30,217.5334984381649,217.87999971670573,212.82108950951385,216.28610229492188,7495069
2022-12-21 00:00:00+05:30,217.3602257235119,218.22647883188614,207.9353876746487,210.1183624267578,10996743
2022-12-22 00:00:00+05:30,211.85084102210763,213.06359521571105,206.82657364860782,209.3213653564453,9075631
2022-12-23 00:00:00+05:30,207.20774348200416,208.48980231189515,196.77806451875077,197.64431762695312,11859798
2022-12-26 00:00:00+05:30,198.0254490160117,206.13358609664226,195.28808089382065,205.19802856445312,7669940
2022-12-27 00:00:00+05:30,207.2770467078602,214.1377670536128,207.20774222987131,213.20220947265625,11251874
2022-12-28 00:00:00+05:30,212.7171001377518,212.7171001377518,210.74203902159246,211.2964324951172,5313187
2022-12-29 00:00:00+05:30,210.01437246445806,213.79124406877315,208.62836764067347,212.821044921875,6837877
2022-12-30 00:00:00+05:30,214.48426128113863,217.49882621064103,213.0289518859902,213.72195434570312,6318160
2023-01-02 00:00:00+05:30,214.79609922395218,220.3747600035335,214.27634743149102,219.0580596923828,13487019
2023-01-03 00:00:00+05:30,219.0580528342126,222.86956585959865,217.77599422319557,221.4488983154297,10680716
2023-01-04 00:00:00+05:30,220.37476547591686,220.65196220902862,212.19734553096663,213.6526336669922,16035314
2023-01-05 00:00:00+05:30,214.83076932426232,216.21677428764465,213.0636214554528,215.76632690429688,6589413
2023-01-06 00:00:00+05:30,216.39003710204324,217.94929277371529,213.8605821310825,214.58822631835938,4971988
2023-01-09 00:00:00+05:30,216.35535822480196,219.61245682285494,216.35535822480196,218.6422576904297,6356082
2023-01-10 00:00:00+05:30,220.02826895368105,221.55288274136626,216.90975805512494,219.02340698242188,8269189
2023-01-11 00:00:00+05:30,219.78572678544182,221.7954296972451,219.3352794144999,220.47872924804688,6183545
2023-01-12 00:00:00+05:30,221.7607755436028,221.7607755436028,218.0185666860556,219.40457153320312,4051242
2023-01-13 00:00:00+05:30,219.68177653217452,223.1467887803161,219.19666635793214,221.20639038085938,8446441
2023-01-16 00:00:00+05:30,222.3152106496774,222.4538196198478,217.94930302318423,219.75111389160156,5228181
2023-01-17 00:00:00+05:30,219.75107736481962,220.72127654846827,217.25626435775447,220.3401336669922,4146953
2023-01-18 00:00:00+05:30,220.72127449938318,225.78018379135807,220.5480238914559,224.63673400878906,12239219
2023-01-19 00:00:00+05:30,224.2556036427954,231.46282510493415,222.83493588927436,229.24520874023438,14218085
2023-01-20 00:00:00+05:30,233.95765475800832,236.14060846416896,228.72547304775694,229.3145294189453,19053763
2023-01-23 00:00:00+05:30,229.34917801096077,231.774686678222,227.6166718200599,228.1017608642578,4686210
2023-01-24 00:00:00+05:30,229.52242395200867,229.9728713227106,226.81969743028353,228.44825744628906,5123504
2023-01-25 00:00:00+05:30,228.69081554193608,230.56193067405474,224.9486064264558,226.09205627441406,7049679
2023-01-27 00:00:00+05:30,227.3047474375733,228.34425085573292,217.2215727409253,221.5874786376953,11670027
2023-01-30 00:00:00+05:30,221.7608140447984,225.1218806124167,219.23135898935175,223.0775146484375,9562174
2023-01-31 00:00:00+05:30,224.0130358903802,233.19531810398433,223.25072898629207,230.35400390625,12559707
2023-02-01 00:00:00+05:30,233.54181610665668,234.40806913375854,222.69633243709274,227.30479431152344,11727712
2023-02-02 00:00:00+05:30,227.99781716027604,231.9825814419526,223.4933010157721,226.64645385742188,11308985
2023-02-03 00:00:00+05:30,230.93367713430317,232.62695498382868,221.92690345511818,226.46630859375,11362212
2023-02-06 00:00:00+05:30,226.46629236922277,226.89862187268935,219.76526202766263,220.6659393310547,7244255
2023-02-07 00:00:00+05:30,220.48581251976364,222.61141983483066,215.55009630571467,222.03497314453125,10473033
2023-02-08 00:00:00+05:30,223.00772264253655,227.33097413156796,222.9717043424723,226.3222198486328,7819410
2023-02-09 00:00:00+05:30,226.93466534302587,227.4750717326449,222.64743252303802,223.44003295898438,5202003
2023-02-10 00:00:00+05:30,223.36795691747133,224.5928867672111,221.5666024262014,223.87234497070312,4235865
2023-02-13 00:00:00+05:30,224.08850423836031,226.82655433691465,221.92687879554657,222.46728515625,5188595
2023-02-14 00:00:00+05:30,223.36798710064176,226.79056109653868,222.71950379399473,226.39427185058594,6566932
2023-02-15 00:00:00+05:30,226.17810062923508,227.54712585723712,224.16059208156827,225.5296173095703,5810417
2023-02-16 00:00:00+05:30,227.61917002342037,228.23163500453865,226.3222034662697,226.86260986328125,4366228
2023-02-17 00:00:00+05:30,226.86263288996346,229.06027699852876,225.52962591086222,226.2501678466797,4291109
2023-02-20 00:00:00+05:30,225.78180823701575,227.47508609591102,223.4760653667081,223.98045349121094,5264100
2023-02-21 00:00:00+05:30,224.55687635287492,226.17809561066125,221.2063609512886,221.96292114257812,6336180
2023-02-22 00:00:00+05:30,221.09828876148717,221.81883066914122,216.99119109218145,218.50433349609375,6166923
2023-02-23 00:00:00+05:30,217.99994216864883,221.02622693210077,217.3514588591073,218.25213623046875,4584146
2023-02-24 00:00:00+05:30,218.9726820754901,219.65720568574378,210.39823774337626,212.16357421875,10491706
2023-02-27 00:00:00+05:30,211.80331066268246,211.80331066268246,202.29214832169257,207.0477294921875,10621491
2023-02-28 00:00:00+05:30,203.2648889695234,203.80529543329075,188.7459730408136,193.35743713378906,51008515
2023-03-01 00:00:00+05:30,192.42069405885573,201.6796613163862,191.7722107855874,200.7429656982422,18728209
2023-03-02 00:00:00+05:30,201.75171790433822,203.22881990046096,197.21231304716747,198.0769500732422,11979398
2023-03-03 00:00:00+05:30,199.51805103579883,209.60563780384118,199.26585696875895,208.416748046875,16106822
2023-03-06 00:00:00+05:30,210.75852051383112,212.27166300766692,206.21911502151903,206.759521484375,10687170
2023-03-08 00:00:00+05:30,204.5618535740636,205.75074338423317,199.84231263491964,205.39047241210938,9159693
2023-03-09 00:00:00+05:30,206.7955345781797,209.53358512534882,205.0662383384311,205.7147216796875,6175922
2023-03-10 00:00:00+05:30,202.4002064062672,205.31841416637818,196.38367740816417,201.64364624023438,12081164
2023-03-13 00:00:00+05:30,200.27462668832686,207.0837343405944,198.6173671513926,200.88706970214844,11122038
2023-03-14 00:00:00+05:30,203.0126747893233,203.0126747893233,198.54530633546042,201.31939697265625,8027650
2023-03-15 00:00:00+05:30,203.94936377367787,205.2823706066102,201.53556614472677,202.03993225097656,6345240
2023-03-16 00:00:00+05:30,199.51803490343377,200.8510417306957,193.68164149028183,198.18502807617188,11692502
2023-03-17 00:00:00+05:30,201.75173258320518,206.6514087216912,199.95037782799798,204.99417114257812,14420400
2023-03-20 00:00:00+05:30,202.5082757020801,204.12949484500822,198.14900635788342,201.67965698242188,8043963
2023-03-21 00:00:00+05:30,203.19280987818573,204.92210598994868,202.61638517066243,204.41773986816406,4662762
2023-03-22 00:00:00+05:30,205.3544343638938,207.3719428181075,201.82378357442332,205.60662841796875,9306264
2023-03-23 00:00:00+05:30,205.35445815407186,205.35445815407186,192.56483839184457,195.44700622558594,31634089
2023-03-24 00:00:00+05:30,201.03120887622003,201.39147985986918,193.28538272776353,194.36619567871094,21108973
2023-03-27 00:00:00+05:30,195.6271241465148,197.57259605525147,194.22205865807237,196.52780151367188,9242191
2023-03-28 00:00:00+05:30,198.0049013018187,198.72544318718076,194.5463090477581,197.60861206054688,10805861
2023-03-29 00:00:00+05:30,199.59010603328457,203.5170681787144,196.6358798493936,203.01268005371094,24728158
2023-03-31 00:00:00+05:30,205.31843704206662,205.35445534381728,196.7079519609197,197.75274658203125,41562626
2023-04-03 00:00:00+05:30,200.27460494566338,203.91333229158596,199.3018691040314,203.4810028076172,13738062
2023-04-05 00:00:00+05:30,204.6339076146288,206.9756688813455,202.03995227519601,206.255126953125,16288540
2023-04-06 00:00:00+05:30,206.79839085854394,213.04618386192112,206.44912534524963,212.0372314453125,23000052
2023-04-10 00:00:00+05:30,211.88200404722568,211.88200404722568,208.8551230122108,209.47601318359375,9479279
2023-04-11 00:00:00+05:30,211.88201943457838,212.54173009298353,209.67005954954627,211.68798828125,8814894
2023-04-12 00:00:00+05:30,211.92081614532887,214.67607273326314,211.88201938884896,213.8999481201172,7011009
2023-04-13 00:00:00+05:30,213.43425764583185,216.3835215500337,212.50289868374583,213.97755432128906,6795496
2023-04-17 00:00:00+05:30,213.43425901132673,217.12085075788602,212.27007214399222,216.53875732421875,8147387
2023-04-18 00:00:00+05:30,216.53877604213,217.54772860685816,214.9865267515054,217.00445556640625,4609166
2023-04-19 00:00:00+05:30,218.0910242222109,220.41939814629143,217.31489958085072,218.51788330078125,9731032
2023-04-20 00:00:00+05:30,217.74175976818626,219.52686066367121,216.38354163888974,217.00445556640625,4378157
2023-04-21 00:00:00+05:30,217.0044402892566,217.19847143692485,214.21038702574526,214.79248046875,4599260
2023-04-24 00:00:00+05:30,213.82229650291285,214.79245211318013,212.34766471239448,213.62826538085938,4484853
2023-04-25 00:00:00+05:30,214.13276049153285,218.4014455540824,213.7835186522257,216.30592346191406,5696665
2023-04-26 00:00:00+05:30,215.4522008424626,215.72384919856032,213.5895064777758,214.36563110351562,3570055
2023-04-27 00:00:00+05:30,214.52083755247017,215.60740726981487,213.4342678351255,214.2880096435547,3689315
2023-04-28 00:00:00+05:30,214.9864968869012,217.31487049939471,214.40440348377783,216.81039428710938,4837041
2023-05-02 00:00:00+05:30,218.86713226509147,219.52684289730524,217.39250029542936,218.1686248779297,4879314
2023-05-03 00:00:00+05:30,216.73278962141313,217.50891420376377,214.5984470199489,215.9566650390625,4587957
2023-05-04 00:00:00+05:30,216.18948866882053,218.01338613840238,215.2969501538377,215.87904357910156,3969851
2023-05-05 00:00:00+05:30,215.87906231048282,215.91788275346738,212.696946572513,213.20144653320312,5353349
2023-05-08 00:00:00+05:30,214.6760673004186,217.31488618124513,213.24023206534676,216.6163787841797,4388448
2023-05-09 00:00:00+05:30,217.70298225302002,223.52391760737885,217.15968547910123,220.2253875732422,11933072
2023-05-10 00:00:00+05:30,221.9716601744316,223.1358472033185,220.34179359690083,221.89404296875,5747802
2023-05-11 00:00:00+05:30,222.747759134834,222.747759134834,218.0910115571023,218.44027709960938,5313663
2023-05-12 00:00:00+05:30,219.02237610731657,219.02237610731657,212.735761980687,213.5118865966797,9987592
2023-05-15 00:00:00+05:30,211.10591367142382,215.5298338365106,208.3894772822695,215.1029510498047,9215600
2023-05-16 00:00:00+05:30,215.76263584193237,218.94475139539475,215.0641284485974,217.19847106933594,5374740
2023-05-17 00:00:00+05:30,217.04322644636025,219.6432484352439,213.82231428943354,216.8880157470703,8194381
2023-05-18 00:00:00+05:30,218.86712281071564,220.57460629263542,215.76262461481898,216.18948364257812,7505208
2023-05-19 00:00:00+05:30,218.0910259923814,219.0999785601612,215.14176180545226,218.82835388183594,6918149
2023-05-22 00:00:00+05:30,220.41936735733697,223.4074515462764,219.2551805579144,223.13580322265625,8718882
2023-05-23 00:00:00+05:30,227.40452236948485,227.40452236948485,223.52389912085883,223.79554748535156,19814977
2023-05-24 00:00:00+05:30,225.07614363403962,227.3657207762187,220.885075351736,226.12391662597656,12159427
2023-05-25 00:00:00+05:30,226.20154388011798,230.12096397790765,225.58062993467777,229.57766723632812,13711792
2023-05-26 00:00:00+05:30,231.28516767751128,231.44040209644004,229.34485586813616,231.01351928710938,14274998
2023-05-29 00:00:00+05:30,232.7597585101158,233.57470353635162,230.66423634002948,233.10902404785156,13277968
2023-05-30 00:00:00+05:30,234.22555307330535,238.56765794841357,234.06012945821365,236.21051025390625,14960466
2023-05-31 00:00:00+05:30,231.57896837641871,234.26693854507357,229.75940924313363,230.17294311523438,13042404
2023-06-01 00:00:00+05:30,229.9248107685239,231.99247993011133,229.59398875069033,230.0075225830078,5137986
2023-06-02 00:00:00+05:30,231.28949154487296,232.61280499464118,230.46242379378089,231.66168212890625,4851414
2023-06-05 00:00:00+05:30,231.620311667587,231.620311667587,228.51880762683138,230.17294311523438,6297485
2023-06-06 00:00:00+05:30,230.75187162198512,231.4135156381223,229.13907962751134,229.42855834960938,3892263
2023-06-07 00:00:00+05:30,229.8834632456146,230.66916236847968,228.84962868386978,230.2969970703125,4434944
2023-06-08 00:00:00+05:30,231.45489839702446,232.19925427097675,229.18046224655185,229.55262756347656,5236354
2023-06-09 00:00:00+05:30,230.6691510039327,230.6691510039327,228.3533717957582,228.89096069335938,3951837
2023-06-12 00:00:00+05:30,230.58644985289283,231.1654073017464,228.84962798653515,229.80075073242188,3615243
2023-06-13 00:00:00+05:30,230.99999785719092,230.99999785719092,229.2218073552672,229.92481994628906,4423326
2023-06-14 00:00:00+05:30,230.83459755364188,234.060156499788,230.75188573654012,232.40602111816406,8520513
2023-06-15 00:00:00+05:30,233.15035939458429,233.8947152121134,232.07518157372016,232.65411376953125,3650454
2023-06-16 00:00:00+05:30,233.39850067182417,233.9360895957183,230.83458591159646,231.6202850341797,4363955
2023-06-19 00:00:00+05:30,233.1503598249677,233.1503598249677,231.28945765765937,232.0338134765625,3070098
2023-06-20 00:00:00+05:30,230.75186860112018,235.176685466402,230.75186860112018,233.77066040039062,5600444
2023-06-21 00:00:00+05:30,233.7706520429088,234.184185842822,231.82703813529676,232.61276245117188,3186136
2023-06-22 00:00:00+05:30,233.23309308193186,233.93610568002217,230.75188996403895,232.11654663085938,3205576
2023-06-23 00:00:00+05:30,232.28197125118555,232.28197125118555,228.18797599329383,228.4361114501953,5178936
2023-06-26 00:00:00+05:30,228.43608990245556,232.11652571834622,226.86464121062022,231.41351318359375,4184383
2023-06-27 00:00:00+05:30,231.5789471385962,232.033824260149,230.5037692657793,231.20675659179688,5026622
2023-06-28 00:00:00+05:30,232.8195424118555,232.86088569812605,230.75187329629728,231.53759765625,6885093
2023-06-30 00:00:00+05:30,231.53758859686576,231.82704206963723,229.4285510374559,229.88345336914062,5227979
2023-07-03 00:00:00+05:30,230.99998863650853,231.8684248284365,229.75938713955608,230.0075225830078,3717787
2023-07-04 00:00:00+05:30,231.49624168553737,231.49624168553737,229.09775042942317,229.55262756347656,3459962
2023-07-05 00:00:00+05:30,230.50379012332445,230.50379012332445,229.0977648638583,229.46995544433594,2945805
2023-07-06 00:00:00+05:30,230.75188129970005,231.95113952435952,228.8909790311541,231.57894897460938,9098372
2023-07-07 00:00:00+05:30,231.99247019110715,234.10148255134953,230.75186874623492,232.0338134765625,8454807
2023-07-10 00:00:00+05:30,234.06015060600504,234.80450646097188,231.20675704851286,233.43984985351562,8227148
2023-07-11 00:00:00+05:30,228.43610637259957,231.4135298684087,227.4436150472613,229.55262756347656,13640445
2023-07-12 00:00:00+05:30,229.55263363966634,230.00753602586371,228.31203207020656,229.63534545898438,5782947
2023-07-13 00:00:00+05:30,230.33833127065742,232.7368223112725,229.51126365388666,229.9661407470703,5632082
2023-07-14 00:00:00+05:30,231.24812005595106,236.8721699815625,230.54510750522422,235.59022521972656,10425854
2023-07-17 00:00:00+05:30,235.71429112833542,236.33459189446262,233.56391009107392,234.76316833496094,4852437
2023-07-18 00:00:00+05:30,235.21803264522606,235.63156646676833,231.7443636883318,232.7781982421875,3886657
2023-07-19 00:00:00+05:30,234.88721126782386,235.96238911068528,233.27441926343025,234.5977325439453,5190259
2023-07-20 00:00:00+05:30,234.88722554998145,235.05264918514237,232.7782130222464,233.3985137939453,3435623
2023-07-21 00:00:00+05:30,233.23308026501434,233.23308026501434,229.75938599481375,230.13157653808594,7273251
2023-07-24 00:00:00+05:30,225.37592936322082,227.27817481776907,223.55637047966084,224.38343811035156,16254554
2023-07-25 00:00:00+05:30,227.36087943936235,229.7180271603145,225.0451002426972,229.0150146484375,7486014
2023-07-26 00:00:00+05:30,229.26317232308133,231.41352811148369,228.10525737227675,230.71054077148438,4427527
2023-07-27 00:00:00+05:30,231.16538507150295,232.11650772592404,228.89094926131824,229.22177124023438,4048684
2023-07-28 00:00:00+05:30,229.800787569986,231.04138923917063,228.43613078190404,230.58648681640625,3466932
2023-07-31 00:00:00+05:30,231.99248015362284,233.1090265499762,228.02256545559098,228.2706756591797,9590319
2023-08-01 00:00:00+05:30,230.7518616659865,230.7518616659865,227.93983685857876,229.0150146484375,5615483
2023-08-02 00:00:00+05:30,229.3044908245981,229.42854591588807,223.5977294643594,225.08644104003906,10728356
2023-08-03 00:00:00+05:30,215.7819369966912,215.86464880670624,204.7819477474089,210.1165313720703,226675327
2023-08-04 00:00:00+05:30,210.48872381369787,210.5714356294251,202.96240290436245,204.3270721435547,31876311
2023-08-07 00:00:00+05:30,205.11278338976743,205.5263172272468,196.0150389652213,196.80075073242188,34406950
2023-08-08 00:00:00+05:30,196.84209127215712,201.639085936413,196.1804346598373,198.53758239746094,24176083
2023-08-09 00:00:00+05:30,200.89473556225974,202.21804890577823,198.70301124586183,201.8458709716797,10427414
2023-08-10 00:00:00+05:30,202.54884604685213,202.54884604685213,199.98494411135198,201.68043518066406,8194222
2023-08-11 00:00:00+05:30,201.68046263553686,201.7218059242788,196.67670055276307,197.0075225830078,12825769
2023-08-14 00:00:00+05:30,197.00754138217684,197.58648630037592,192.33461350379173,193.5338592529297,8996918
2023-08-16 00:00:00+05:30,193.53384741365784,195.93233876520802,191.92106787588773,195.6015167236328,7462518
2023-08-17 00:00:00+05:30,195.93235075120558,196.3045413458111,193.1203253656371,193.5338592529297,6139153
2023-08-18 00:00:00+05:30,193.53383527675004,195.18797062099574,192.4172888713637,192.99624633789062,5574667
2023-08-21 00:00:00+05:30,193.49248383293323,194.31955152413624,193.24436100156205,193.8233184814453,3857957
2023-08-22 00:00:00+05:30,193.82329672918794,195.9323090090258,193.82329672918794,194.3608856201172,4862624
2023-08-23 00:00:00+05:30,195.1879516088662,197.66915438355517,194.7744178130847,196.8420867919922,5524962
2023-08-24 00:00:00+05:30,197.37969177966102,199.15789481860764,196.18044619807668,196.4699249267578,5052952
2023-08-25 00:00:00+05:30,197.50375170588592,197.50375170588592,191.8796893224254,192.9548797607422,6099075
2023-08-28 00:00:00+05:30,196.2218107961379,198.6616579743346,195.22933208535215,197.0075225830078,8338095
2023-08-29 00:00:00+05:30,197.6691805682605,198.33083725316874,195.43610029924025,196.01504516601562,4115948
2023-08-30 00:00:00+05:30,197.46241910261028,197.8345970543954,195.3947497926353,195.6015167236328,3960361
2023-08-31 00:00:00+05:30,196.05640989176558,196.30453273727073,191.548893241955,192.12783813476562,11631767
2023-09-01 00:00:00+05:30,192.12780898143413,195.8496132391113,192.12780898143413,195.31201171875,6220159
2023-09-04 00:00:00+05:30,196.8421043593862,202.21804418432743,195.31202413042098,199.90225219726562,14056203
2023-09-05 00:00:00+05:30,200.97745769857758,201.7631695153641,197.5037757685385,199.65414428710938,5648932
2023-09-06 00:00:00+05:30,202.67292541942578,203.91352686542913,198.66164236266138,199.61277770996094,10891500
2023-09-07 00:00:00+05:30,199.61279441457862,200.10902746247694,196.46993463101612,197.75189208984375,6429626
2023-09-08 00:00:00+05:30,197.7105206495903,198.45487647299035,195.76690665952816,196.6353302001953,6836165
2023-09-11 00:00:00+05:30,196.8421023985753,197.503759048295,195.60150091287,197.09022521972656,7148576
2023-09-12 00:00:00+05:30,198.16542498562282,198.16542498562282,190.26692596576902,191.71429443359375,10667079
2023-09-13 00:00:00+05:30,191.71427832115756,193.78194738713196,191.05262169603566,192.9548797607422,6192848
2023-09-14 00:00:00+05:30,194.3195437233968,196.80074669740074,193.53383197230576,195.35337829589844,8069630
2023-09-15 00:00:00+05:30,195.35338437501187,198.95113384729467,194.73308361220805,195.43609619140625,20035443
2023-09-18 00:00:00+05:30,196.75940648919803,197.33836399203255,195.2293387718477,195.6015167236328,4974748
2023-09-20 00:00:00+05:30,194.36090853646294,195.1466203235575,191.25940467683853,191.71429443359375,8778511
2023-09-21 00:00:00+05:30,191.71428694676044,191.71428694676044,185.80074557998148,187.33082580566406,11856688
2023-09-22 00:00:00+05:30,188.9849573970954,189.19172430890842,184.0639074199558,186.13157653808594,7322963
2023-09-25 00:00:00+05:30,186.46238863183152,187.3308121392686,185.09773213446616,185.71803283691406,4962618
2023-09-26 00:00:00+05:30,186.09022072383334,187.90976702467844,184.97367435147004,185.26315307617188,4392920
2023-09-27 00:00:00+05:30,179.88720670271147,182.3270536489221,172.11277615070637,172.8571319580078,35505658
2023-09-28 00:00:00+05:30,172.85713848388792,176.28946417609794,172.03007083563966,172.31954956054688,17396618
2023-09-29 00:00:00+05:30,173.68421691353953,185.88346548246673,173.68421691353953,184.0639190673828,27711678
2023-10-03 00:00:00+05:30,190.22555499009684,193.3270586040658,186.1729286491976,190.84585571289062,46754460
2023-10-04 00:00:00+05:30,190.43234087794184,192.08647630359172,182.74060862465956,184.7669219970703,15548752
2023-10-05 00:00:00+05:30,186.17293889113483,186.58647272908044,181.99624460387392,183.60902404785156,10155103
2023-10-06 00:00:00+05:30,184.14660185836686,185.34586001196058,182.6578902277892,184.18795776367188,5523734
2023-10-09 00:00:00+05:30,181.91352393446567,182.9473584790126,179.76315565383842,181.08645629882812,5142409
2023-10-10 00:00:00+05:30,181.29324595447224,185.26317362764652,180.83835617378676,183.73309326171875,5621177
2023-10-11 00:00:00+05:30,183.93984659351426,190.18421008826905,183.73307967395317,188.28195190429688,12216514
2023-10-12 00:00:00+05:30,186.9172916283145,188.28194822271323,186.29699088176037,187.08270263671875,7239091
2023-10-13 00:00:00+05:30,186.09022396624232,189.72931663133954,185.92481295783807,187.08270263671875,7221397
2023-10-16 00:00:00+05:30,187.57892759097666,192.45862121092463,185.51125866387164,190.1014862060547,10185425
2023-10-17 00:00:00+05:30,190.43231164253916,191.50750202815738,189.39847716022354,190.18418884277344,5064750
2023-10-18 00:00:00+05:30,190.30827709905594,192.29323447138523,188.81955275978336,190.63909912109375,5784720
2023-10-19 00:00:00+05:30,189.3985037586399,191.011283253535,187.3308345036329,187.86842346191406,4657398
2023-10-20 00:00:00+05:30,187.49623912835327,190.0187980574791,183.85714641161678,184.2293243408203,5244069
2023-10-23 00:00:00+05:30,184.22931926785913,186.25563248888264,177.4060111468273,177.86090087890625,7384814
2023-10-25 00:00:00+05:30,177.81953385385418,181.8721600425034,177.24058905834002,179.30825805664062,6955789
2023-10-26 00:00:00+05:30,178.27443069145434,178.4398416939276,174.676681442421,175.54510498046875,7706350
2023-10-27 00:00:00+05:30,176.8684217803924,179.72180264533097,176.3721761429897,178.481201171875,4623399
2023-10-30 00:00:00+05:30,178.4398387601728,179.4736732836964,177.3646483316982,179.01878356933594,2745365
2023-10-31 00:00:00+05:30,180.2180459509933,180.4661687838595,177.36466492316055,179.1428680419922,3233237
2023-11-01 00:00:00+05:30,179.47367475285876,187.66163919817177,178.8947299389564,185.05638122558594,11714180
2023-11-02 00:00:00+05:30,185.38719919349057,190.556371740934,185.38719919349057,189.5225372314453,7719938
2023-11-03 00:00:00+05:30,191.2180425887717,194.89849119258105,191.2180425887717,192.5,9794909
2023-11-06 00:00:00+05:30,192.4999957614476,195.56014354599748,190.55638173366614,192.7894744873047,7768055
2023-11-07 00:00:00+05:30,192.78947074587734,197.58645293232323,192.78947074587734,196.6353302001953,8362338
2023-11-08 00:00:00+05:30,197.58645221816835,198.33082065892856,195.2706729448269,196.1390838623047,5322427
2023-11-09 00:00:00+05:30,196.01504580199372,197.0902363409517,193.74060961652754,194.5263214111328,3824543
2023-11-10 00:00:00+05:30,193.5338369946961,203.45864914827024,193.45112517872914,202.83834838867188,17676902
2023-11-13 00:00:00+05:30,202.21801833135885,202.38342931927644,199.65410384846294,200.10899353027344,4210127
2023-11-15 00:00:00+05:30,200.97745556870797,203.25189179427974,196.46993902749423,198.57896423339844,6420011
2023-11-16 00:00:00+05:30,199.32329993417892,199.90224475437594,193.82330521223113,197.50375366210938,6844037
2023-11-17 00:00:00+05:30,196.84211632204952,201.76316670609037,196.84211632204952,198.0827178955078,9273728
2023-11-20 00:00:00+05:30,197.83459047208137,199.612793591527,196.88346766915924,198.1240692138672,4219360
2023-11-21 00:00:00+05:30,199.7782041249322,200.6052718194092,198.12406873597817,198.74436950683594,4018369
2023-11-22 00:00:00+05:30,198.49622394207563,198.6202790340194,193.49246243952578,195.47743225097656,5432510
2023-11-23 00:00:00+05:30,195.6428371815529,196.304493764857,192.91351166295453,193.65786743164062,3977608
2023-11-24 00:00:00+05:30,194.1541300029131,194.77443073774668,191.13533814140993,192.04510498046875,3866099
2023-11-28 00:00:00+05:30,194.36090018525368,194.36090018525368,191.7969853901087,193.86465454101562,7469037
2023-11-29 00:00:00+05:30,194.69171305374073,195.76690348570443,191.5902094731052,193.0789337158203,7774049
2023-11-30 00:00:00+05:30,193.45112346151728,194.27819113364015,190.84586534235072,192.99624633789062,19036194
2023-12-01 00:00:00+05:30,194.19549619683914,200.15038104269414,193.16166158401532,198.0,9817732
2023-12-04 00:00:00+05:30,202.2180538098466,202.2180538098466,198.08271528612784,200.0676727294922,12552937
2023-12-05 00:00:00+05:30,200.31575966700123,204.12027547504843,197.66914601012243,200.48117065429688,10005319
2023-12-06 00:00:00+05:30,201.8045107170897,208.5864630614407,199.1578967071053,206.31202697753906,17430210
2023-12-07 00:00:00+05:30,207.5526458308426,207.80076867565978,203.0037732827187,205.81581115722656,6937185
2023-12-08 00:00:00+05:30,206.5601537703202,210.0751914220674,199.73684538751684,202.46617126464844,13224817
2023-12-11 00:00:00+05:30,204.40977041480338,206.56015141347464,202.05263511785148,205.5676727294922,5346227
2023-12-12 00:00:00+05:30,205.939860511218,207.8834746845454,203.16917862499417,203.99624633789062,5675356
2023-12-13 00:00:00+05:30,204.45112395222566,211.56391090839992,201.51503122194265,209.53759765625,15557190
2023-12-14 00:00:00+05:30,211.56391310516727,213.38345946027567,205.77443939888073,210.61277770996094,18271383
2023-12-15 00:00:00+05:30,213.8383535294274,214.91355673271687,211.43986213763444,212.72183227539062,17235864
2023-12-18 00:00:00+05:30,215.0376043971532,217.93234137942255,212.47368945055106,215.61656188964844,12388584
2023-12-19 00:00:00+05:30,220.20675491323098,220.3308100088239,214.4172815446202,216.77442932128906,17762921
2023-12-20 00:00:00+05:30,218.2631456222226,218.34585743442256,207.42856708671158,207.96615600585938,15309407
2023-12-21 00:00:00+05:30,207.59397551165532,212.47366948960627,206.0225520597865,211.68795776367188,10812029
2023-12-22 00:00:00+05:30,214.62405888958546,216.1541391165875,213.13534718986037,214.83082580566406,9677532
2023-12-26 00:00:00+05:30,216.69171370245024,217.43606950302637,214.66538796300932,216.443603515625,12322864
2023-12-27 00:00:00+05:30,217.47962216090573,219.63801465227553,216.5299373689724,217.9113006591797,10673963
2023-12-28 00:00:00+05:30,218.42932582395096,223.91164816453946,218.42932582395096,222.3575897216797,15441735
2023-12-29 00:00:00+05:30,221.01941250915056,224.0411622895491,219.37903932644764,223.22096252441406,9136816
2024-01-01 00:00:00+05:30,223.2209320263334,224.7318067101059,221.01938231186176,222.01223754882812,6352734
2024-01-02 00:00:00+05:30,222.31441833542004,223.9547912982852,218.51565296153143,222.87559509277344,5803881
2024-01-03 00:00:00+05:30,223.17777395311862,230.73214734611585,220.88988328075214,227.75355529785156,22285124
2024-01-04 00:00:00+05:30,233.10640057340711,233.66757737934844,229.09179561082274,229.782470703125,10745140
2024-01-05 00:00:00+05:30,229.78247985940945,234.18560620409664,227.1492513240676,229.5234832763672,12327980
2024-01-08 00:00:00+05:30,229.52346485807772,231.0343396155725,222.57342516506282,223.13462829589844,7890414
2024-01-09 00:00:00+05:30,226.1131811841044,228.27157357102325,220.71720021680733,224.81814575195312,10284498
2024-01-10 00:00:00+05:30,220.71719951733056,231.55234507386334,217.52278142957047,230.55946350097656,19849401
2024-01-11 00:00:00+05:30,231.89770806053795,238.28654493791075,230.12781030590148,237.07785034179688,24108269
2024-01-12 00:00:00+05:30,237.07785063770493,237.42318818737334,233.27908489622018,235.30795288085938,10048702
2024-01-15 00:00:00+05:30,236.55979857951294,237.42315550863526,232.847374323312,235.69644165039062,9881531
2024-01-16 00:00:00+05:30,239.14988665378792,240.05640095586855,232.54521093809691,235.869140625,12507371
2024-01-17 00:00:00+05:30,233.49491502252312,235.22162905087214,227.58091420591467,228.6601104736328,10649774
2024-01-18 00:00:00+05:30,229.22127862897992,232.15668709708868,222.74610126657936,230.99114990234375,9930238
2024-01-19 00:00:00+05:30,231.5091490614638,232.84736807422618,229.56659602307224,230.0414581298828,4537034
2024-01-23 00:00:00+05:30,230.3868075422281,230.51630581530833,216.40041440317287,217.69544982910156,8740319
2024-01-24 00:00:00+05:30,219.9833736399525,227.32189521320333,218.51566932530235,226.67437744140625,6563186
2024-01-25 00:00:00+05:30,228.22841982579516,230.3436285894638,225.03398850425313,227.58090209960938,5195068
2024-01-29 00:00:00+05:30,227.7104002925266,232.3725226498561,224.90449014674192,231.2069854736328,11648515
2024-01-30 00:00:00+05:30,231.50917798840032,234.22874731244474,229.00544791781286,229.86880493164062,6620878
2024-01-31 00:00:00+05:30,230.34363062195956,239.06354134771655,229.4371163363261,236.43031311035156,9537630
2024-02-01 00:00:00+05:30,237.81169730808162,238.71821162332148,228.83276338777824,231.8113555908203,7974578
2024-02-02 00:00:00+05:30,233.27908489622018,238.97722033466422,232.0272066376603,235.30795288085938,9665486
2024-02-05 00:00:00+05:30,235.5669750140568,241.6104743294748,234.4445950469395,236.21449279785156,10619393
2024-02-06 00:00:00+05:30,236.30080798598723,245.625052516115,232.9768784557117,244.33001708984375,11559491
2024-02-07 00:00:00+05:30,246.05676740026328,246.79062618658452,239.66793028815584,243.72569274902344,7603119
2024-02-08 00:00:00+05:30,245.19338778519176,246.4884232840572,238.80455126030182,240.53126525878906,6966850
2024-02-09 00:00:00+05:30,240.87660431410757,242.12848250996308,231.7250147946679,236.86199951171875,4627489
2024-02-12 00:00:00+05:30,239.10674357730144,242.64648637524405,228.83277368843272,231.50918579101562,6191878
2024-02-13 00:00:00+05:30,230.99117158229268,233.9697639875819,225.07719678095506,232.6747283935547,4469509
2024-02-14 00:00:00+05:30,232.24301339510546,243.98467287344116,228.40106453039937,241.43775939941406,11916664
2024-02-15 00:00:00+05:30,243.94150838209953,245.19338656379261,230.51631764976278,231.33651733398438,108103036
2024-02-16 00:00:00+05:30,232.45886303486117,234.83309469074183,228.87593689640855,230.3436279296875,16394886
2024-02-19 00:00:00+05:30,232.15668938242686,235.86914024862017,230.6026573391786,233.2358856201172,10944899
2024-02-20 00:00:00+05:30,233.88340336273137,235.00578325846794,231.46601432933082,233.2358856201172,9025475
2024-02-21 00:00:00+05:30,235.69647064208985,238.63187929266132,231.8113639831543,233.1063995361328,12329064
2024-02-22 00:00:00+05:30,234.74676575715455,235.65330642622317,230.6026626480452,234.40142822265625,6661898
2024-02-23 00:00:00+05:30,234.83311746805208,235.00579941698155,231.3796892699925,231.68186950683594,5955886
2024-02-26 00:00:00+05:30,232.19987887048936,232.19987887048936,227.96940843447425,229.0054473876953,4923166
2024-02-27 00:00:00+05:30,230.25733559055888,231.3796892156381,226.71756641886608,227.8399200439453,5033046
2024-02-28 00:00:00+05:30,231.81135033922732,235.09209634131548,225.81100875790133,227.0197296142578,17579831
2024-02-29 00:00:00+05:30,227.1492199299734,233.02003667977795,225.16348312668416,231.42282104492188,9404521
2024-03-01 00:00:00+05:30,228.87596948130772,235.61014423406496,227.5809338482723,234.6604461669922,12244554
2024-03-04 00:00:00+05:30,235.7396055860717,240.87658999781016,235.48060903907785,238.5886993408203,10443351
2024-03-05 00:00:00+05:30,239.5815644461364,248.99215035666998,237.07783444756353,246.66110229492188,19847512
2024-03-06 00:00:00+05:30,247.35181034220096,249.72604237864442,237.42320364434647,243.855224609375,13944430
2024-03-07 00:00:00+05:30,244.93438972022253,248.1287947892673,242.646472608226,244.20053100585938,9134995
2024-03-11 00:00:00+05:30,244.20055028008613,244.20055028008613,236.55983501112587,237.72537231445312,6214148
2024-03-12 00:00:00+05:30,238.28651682982976,238.97719184683305,230.94798279702704,233.36537170410156,7220451
2024-03-13 00:00:00+05:30,231.81134514921325,233.53805907956124,215.40756281090768,217.4796142578125,15451474
2024-03-14 00:00:00+05:30,217.39330216394242,225.76786269611637,217.22063339319524,224.60232543945312,10335603
2024-03-15 00:00:00+05:30,224.60231835448795,229.65296207566496,220.2855333530657,228.87594604492188,17681404
2024-03-18 00:00:00+05:30,228.78959460314536,235.65329298026512,226.41536296103726,234.0128936767578,7234156
2024-03-19 00:00:00+05:30,233.10637765323537,237.20732318602379,229.30761232395457,230.21412658691406,5908875
2024-03-20 00:00:00+05:30,231.37967961388108,233.02005266998887,226.02685559125032,231.07749938964844,4421057
2024-03-21 00:00:00+05:30,233.96974233407687,236.73249521800676,233.23588362919884,236.0417938232422,5477627
2024-03-22 00:00:00+05:30,235.6964797282123,236.90517435474106,233.02006754603428,234.0561065673828,9338889
2024-03-26 00:00:00+05:30,234.66043308691889,235.52379012748528,230.818510064938,231.85452270507812,10405333
2024-03-27 00:00:00+05:30,233.02006020057829,236.77566860012072,231.1638478311115,234.48777770996094,5949040
2024-03-28 00:00:00+05:30,234.83310979239621,237.42318085628295,233.75391351577676,234.5309295654297,6625066
2024-04-01 00:00:00+05:30,236.12812133789063,248.86263610839845,235.9986230673641,248.21511840820312,17331916
2024-04-02 00:00:00+05:30,247.74033266306694,260.6906892822013,246.79063457481683,260.1294860839844,27928247
2024-04-03 00:00:00+05:30,260.0431472804555,265.9139645297484,257.1077123082435,257.9710693359375,19966252
2024-04-04 00:00:00+05:30,264.2303903976411,269.7990533988182,260.4748086523806,267.5975036621094,24723528
2024-04-05 00:00:00+05:30,268.54719516274207,278.3463027782288,264.14409536286826,275.36773681640625,22256365
2024-04-08 00:00:00+05:30,279.6413410286469,280.8932192803387,273.770523673794,279.1233215332031,16694867
2024-04-09 00:00:00+05:30,279.81400968679696,293.1097022513666,276.7922601790509,291.8146667480469,32086038
2024-04-10 00:00:00+05:30,299.58487589939557,319.13990647749455,298.46252235003743,312.362548828125,75804480
2024-04-12 00:00:00+05:30,315.60012068369247,323.6725133883915,311.49917519522876,321.9889831542969,39995547
2024-04-15 00:00:00+05:30,322.89552339110054,331.4859362235529,311.02436444289833,319.91693115234375,44715399
2024-04-16 00:00:00+05:30,319.52843980011124,329.37070460260253,314.3051139972188,326.5216369628906,28859435
2024-04-18 00:00:00+05:30,332.43559246946563,340.8101656605685,330.7088785205837,335.4141845703125,35907412
2024-04-19 00:00:00+05:30,335.15523044033006,342.5369229671356,329.97508793799153,333.2126770019531,33307212
2024-04-22 00:00:00+05:30,338.5654200085578,339.4287769517634,322.3774773234531,328.9389953613281,19626373
2024-04-23 00:00:00+05:30,330.83838319164806,330.83838319164806,320.3917591614447,325.5287170410156,14434838
2024-04-24 00:00:00+05:30,324.6222399081886,333.7738296006453,324.6222399081886,331.05426025390625,11074253
2024-04-25 00:00:00+05:30,328.0756329804811,334.7234918720053,325.57190315619516,328.9821472167969,10150138
2024-04-26 00:00:00+05:30,334.0328072653587,347.8897024773209,333.2557912599131,342.36419677734375,24602811
2024-04-29 00:00:00+05:30,346.33563832392133,352.4223206844567,342.83905318413974,350.78192138671875,11228541
2024-04-30 00:00:00+05:30,353.1993694591589,353.9332282108554,341.8893869936439,343.4866027832031,11863519
2024-05-02 00:00:00+05:30,345.34277823184357,357.34343450588756,343.01170393975343,354.6670227050781,12788526
2024-05-03 00:00:00+05:30,358.29313233704005,362.6099170639923,349.1415434463886,358.85430908203125,14324148
2024-05-06 00:00:00+05:30,360.8832280743282,361.4875885168279,349.1847511961122,354.4080505371094,8108475
2024-05-07 00:00:00+05:30,354.4080187094332,355.27137563686176,338.4359155520044,341.88934326171875,8797213
2024-05-08 00:00:00+05:30,339.29927488245437,353.9331854450357,339.16977661193545,349.5300598144531,8831897
2024-05-09 00:00:00+05:30,351.21359761774005,352.59497401077977,339.29928221634407,340.72381591796875,6134997
2024-05-10 00:00:00+05:30,342.75268843730834,355.5735436395512,341.2418138661111,354.5806884765625,11076423
2024-05-13 00:00:00+05:30,356.1779259036288,358.7248396362213,343.7024328487662,357.47296142578125,10884162
2024-05-14 00:00:00+05:30,363.47327561744567,378.5820222286221,358.33629123062036,373.4450378417969,22195946
2024-05-15 00:00:00+05:30,378.15034365765666,387.64727009654763,375.3444335734389,377.63232421875,20115791
2024-05-16 00:00:00+05:30,384.1938975835546,385.9637690446319,368.69662758020246,373.87677001953125,16155897
2024-05-17 00:00:00+05:30,376.42365913798614,384.1938722853299,373.48825055183596,382.16497802734375,13366917
2024-05-21 00:00:00+05:30,406.64113439240975,426.4120038099165,399.7342786065514,424.51263427734375,34592201
2024-05-22 00:00:00+05:30,429.9517916262272,437.5061654750816,411.6486124476911,420.4548645019531,33932802
2024-05-23 00:00:00+05:30,414.41132064606103,414.4976616073747,398.69821419920635,408.10882568359375,25849836
2024-05-24 00:00:00+05:30,410.0535015436501,415.44545863589866,406.252628350504,407.3133239746094,12873214
2024-05-27 00:00:00+05:30,408.28559477621695,414.11951435428136,403.82177728994316,406.3409729003906,11775106
2024-05-28 00:00:00+05:30,409.16953281050644,417.1248705591564,400.6838338168877,402.142333984375,17930755
2024-05-29 00:00:00+05:30,401.12578190775383,408.6391561649859,398.7833823873223,401.5235595703125,11526945
2024-05-30 00:00:00+05:30,401.3026369043655,404.8383429563863,386.4526822759965,389.6347961425781,13122990
2024-05-31 00:00:00+05:30,394.93833127802446,402.93788192093785,388.9276421440972,397.76690673828125,35126841
2024-06-03 00:00:00+05:30,417.2132725101379,417.39006858521736,399.88830918881075,404.7057189941406,14471274
2024-06-04 00:00:00+05:30,404.83830401875997,404.83830401875997,323.7822397820916,369.3486633300781,30797125
2024-06-05 00:00:00+05:30,370.3651724849036,394.2311859863174,355.0290435991215,389.54638671875,16642007
2024-06-06 00:00:00+05:30,398.6508217870413,404.83830682586455,394.49635675657095,397.6784973144531,13579110
2024-06-07 00:00:00+05:30,401.6561545283152,409.21374150430285,399.40215297731316,407.1806945800781,11283521
2024-06-10 00:00:00+05:30,402.62848305649106,402.62848305649106,390.0325316107062,392.5517272949219,13920775
2024-06-11 00:00:00+05:30,392.46335222271125,402.8936737664401,390.96066643534414,392.24237060546875,10546091
2024-06-12 00:00:00+05:30,395.336136250665,400.9932605861909,391.2258833258459,392.6843566894531,11163309
2024-06-13 00:00:00+05:30,396.8829888853007,397.7227298300759,388.0437240994365,388.7508544921875,11641274
2024-06-14 00:00:00+05:30,389.8999554733197,399.44635017140257,388.92763100075905,395.6454772949219,9634670
2024-06-18 00:00:00+05:30,397.72272115865934,402.00974290609867,395.6454885842114,399.7999267578125,8601634
2024-06-19 00:00:00+05:30,400.02089686707563,402.7168886756184,394.2753750467867,396.3968200683594,6416994
2024-06-20 00:00:00+05:30,397.7669309077374,423.40079978845824,397.01558797651904,415.4012756347656,28530186
2024-06-21 00:00:00+05:30,417.8762284744806,419.5114977990536,410.1418720511031,415.6664123535156,17801714
2024-06-24 00:00:00+05:30,406.6503483372594,416.77131687546637,404.13117956098347,409.56732177734375,7716484
2024-06-25 00:00:00+05:30,411.2026347171643,414.16376702806076,398.6508671347754,401.3468322753906,8309097
2024-06-26 00:00:00+05:30,385.9664948883381,394.98255583966244,376.59686873751576,390.7839050292969,162210828
2024-06-27 00:00:00+05:30,390.6954804105781,394.31958415333685,383.2262913184937,391.8445739746094,20922873
2024-06-28 00:00:00+05:30,392.99370898683003,405.41286494314573,392.3307641427144,401.3026123046875,15248617
2024-07-01 00:00:00+05:30,403.95440595073086,414.42894025282754,403.29146108319685,411.02581787109375,15408362
2024-07-02 00:00:00+05:30,412.79364038608986,418.18559697248725,402.1865232883745,404.7057189941406,11050920
2024-07-03 00:00:00+05:30,406.73874267374555,411.24677287626037,405.0592878464187,410.053466796875,7347763
2024-07-04 00:00:00+05:30,413.76597589534094,418.49498778938835,409.6557233052977,414.64990234375,12818706
2024-07-05 00:00:00+05:30,415.7989843079235,423.93111819597345,412.793639862442,418.8485412597656,12860621
2024-07-08 00:00:00+05:30,420.66061900514893,422.0749068104631,410.84902938894595,411.6003723144531,8576939
2024-07-09 00:00:00+05:30,413.1472437006695,413.6776049995743,408.9044072600231,411.6003723144531,5474279
2024-07-10 00:00:00+05:30,411.90974508367646,412.74948604081084,393.4798723388434,403.6892395019531,11556309
2024-07-11 00:00:00+05:30,403.9543920021998,404.83831846172325,390.38611545345645,395.73388671875,13978497
2024-07-12 00:00:00+05:30,399.44633086018973,401.65614683858786,393.43564218906386,397.501708984375,11038603
2024-07-15 00:00:00+05:30,399.62313068457536,408.8159598460551,394.45215585146394,406.1199951171875,10391508
2024-07-16 00:00:00+05:30,412.7052659454043,413.2798127593221,400.94905461338027,402.6285095214844,23302200
2024-07-18 00:00:00+05:30,405.67805542055527,407.0481306292983,395.99904999332387,399.00439453125,16469541
2024-07-19 00:00:00+05:30,400.4186947996463,401.52360289787936,387.1597976208501,388.7508544921875,14552716
2024-07-22 00:00:00+05:30,390.695513933017,398.65085245201516,386.27588142246253,396.6620178222656,17818304
2024-07-23 00:00:00+05:30,397.2365582338263,397.2365582338263,362.8960087867374,384.4638366699219,33154992
2024-07-24 00:00:00+05:30,386.09908316156157,389.8115852396769,380.8397366887435,382.4750061035156,36773405
2024-07-25 00:00:00+05:30,379.0718422841608,383.93343748735555,374.784793846285,380.8838806152344,18871603
2024-07-26 00:00:00+05:30,388.0437085180636,396.13163007731066,384.15443756351095,392.9053039550781,28749214
2024-07-29 00:00:00+05:30,395.1151387168166,402.62851383782987,387.1598003533908,396.83880615234375,45433689
2024-07-30 00:00:00+05:30,394.93830849116375,396.13161453758704,389.10441577583777,395.2919006347656,16607270
2024-07-31 00:00:00+05:30,400.4186745642029,401.65616617662727,393.7892263098287,398.4298400878906,14227543
2024-08-01 00:00:00+05:30,404.8383301865699,408.59501774834484,392.0655816864169,396.08746337890625,19749880
2024-08-02 00:00:00+05:30,392.4306905898608,394.16988294682426,385.56314261723435,387.25775146484375,13093052
2024-08-05 00:00:00+05:30,378.1604882694344,382.12940050767935,360.5457013748086,368.57269287109375,20763297
2024-08-06 00:00:00+05:30,372.4078210374447,376.3321499859706,366.8335210744949,369.1524353027344,17994697
2024-08-07 00:00:00+05:30,379.49831383846197,387.4807216913457,373.2550983346565,385.5631408691406,15297435
2024-08-08 00:00:00+05:30,383.5563879509326,384.84963631833267,375.52939669516206,376.6442565917969,9305734
2024-08-09 00:00:00+05:30,383.60103554087954,385.5185893037118,377.7591527901669,382.4861755371094,8363641
2024-08-12 00:00:00+05:30,380.07805184944505,388.8631537716541,378.82941413878456,385.3847961425781,8178539
2024-08-13 00:00:00+05:30,386.3658940924488,387.0793936081083,375.7078215608655,376.68890380859375,8522806
2024-08-14 00:00:00+05:30,379.05238310903667,382.1739909699346,361.393012383261,374.7713317871094,18914429
2024-08-16 00:00:00+05:30,379.9442425587395,384.26990428504354,375.97533054611597,382.66448974609375,9815524
2024-08-19 00:00:00+05:30,383.9577648781034,396.3550020170428,382.84290493362573,394.8833923339844,10922980
2024-08-20 00:00:00+05:30,396.44420168399097,399.4320318197497,392.56448358043923,398.36175537109375,8887888
2024-08-21 00:00:00+05:30,400.99282367135345,409.2873706344001,399.2536312992986,406.0765686035156,13609457
2024-08-22 00:00:00+05:30,410.26845641149396,411.695482573099,405.54146117057866,409.8670959472656,8864437
2024-08-23 00:00:00+05:30,410.2238788094232,410.4468507998146,399.8779730116096,400.7252502441406,6908675
2024-08-26 00:00:00+05:30,404.02525123623866,415.57521135866284,403.13336326441475,413.0333251953125,11143399
2024-08-27 00:00:00+05:30,412.94413243800193,417.8495163006564,411.0265787353437,413.746826171875,10906758
2024-08-28 00:00:00+05:30,417.3143658248119,418.51841999941587,413.4792585320467,415.66436767578125,9277650
2024-08-29 00:00:00+05:30,419.3657272262141,420.0346431923013,409.42115475577674,413.3008728027344,12608981
2024-08-30 00:00:00+05:30,415.3076289864551,422.04139951036194,414.28196326164465,417.804931640625,14026797
2024-09-02 00:00:00+05:30,421.59546670957764,422.4427439750479,411.16036626627425,413.1671142578125,11933834
2024-09-03 00:00:00+05:30,421.86300218349646,422.0859741719656,412.14142892989673,414.3265380859375,23319237
2024-09-04 00:00:00+05:30,410.6698334475376,412.8995534093154,405.8090330435575,409.6887512207031,15530065
2024-09-05 00:00:00+05:30,413.3900578284223,418.69680192841037,412.1860036726487,416.2441101074219,12242972
2024-09-06 00:00:00+05:30,417.3143860704696,419.49952253847437,407.77120088571564,410.090087890625,17832425
2024-09-09 00:00:00+05:30,411.11575700611786,411.51709024833355,402.7319885919246,410.4914245605469,14042464
2024-09-10 00:00:00+05:30,410.07183885724623,413.98795249245387,407.41450652058916,410.2583312988281,13192375
2024-09-11 00:00:00+05:30,410.2583243541318,410.67791811321257,395.85265135570563,397.0181579589844,13394230
2024-09-12 00:00:00+05:30,400.9808999875099,413.56837191748787,399.8153933273267,411.84344482421875,13025897
2024-09-13 00:00:00+05:30,414.82713921999687,425.5498008663801,414.4541827667255,423.358642578125,15909513
2024-09-16 00:00:00+05:30,427.04159895429257,439.1628670468816,414.36088202801864,416.1324462890625,34590598
2024-09-17 00:00:00+05:30,420.23509209879404,423.545119626467,416.8317898927541,419.3959045410156,11644008
2024-09-18 00:00:00+05:30,420.3282971817963,420.5147896233969,415.5264155854728,417.9972839355469,5180919
2024-09-19 00:00:00+05:30,420.5147802788658,422.6593010358599,407.46110638994315,419.3492736816406,7777695
2024-09-20 00:00:00+05:30,421.44718604130964,427.4612114718083,418.32362266620373,419.5357666015625,17249829
2024-09-23 00:00:00+05:30,422.3795931362324,425.4099103055321,419.6289861698907,422.47283935546875,5177341
2024-09-24 00:00:00+05:30,425.45653549516186,441.49391835697827,425.17682528148276,438.4169921875,28418267
2024-09-25 00:00:00+05:30,445.6897478173906,453.14899045868583,441.7736340488096,447.4147033691406,24495683
2024-09-26 00:00:00+05:30,451.7969683418983,470.7714215354371,444.75731983954597,467.8343505859375,42980530
2024-09-27 00:00:00+05:30,471.7970765468902,481.027911677913,471.7970765468902,478.32391357421875,24451210
2024-09-30 00:00:00+05:30,483.91833987002184,488.254047181791,474.1280844391255,477.9975891113281,19027211
2024-10-01 00:00:00+05:30,475.8064117121507,486.1094788628569,471.93693542026676,481.2610168457031,14071685
2024-10-03 00:00:00+05:30,478.3239233839727,485.3169631995279,474.59430214901,477.1584167480469,13155901
2024-10-04 00:00:00+05:30,479.2563117752975,481.0745134450613,467.2748982899649,474.3145751953125,12088199
2024-10-07 00:00:00+05:30,478.23067049529396,479.069801065832,458.1373204947512,466.4823303222656,15751180
2024-10-08 00:00:00+05:30,466.48237515093047,469.65257603628277,451.8436285448584,463.8250427246094,13145961
2024-10-09 00:00:00+05:30,465.27023021784476,468.5336486662665,456.0860326077648,462.70611572265625,11444008
2024-10-10 00:00:00+05:30,455.013771018401,465.64318538812665,454.5941772656846,459.2095947265625,9613583
2024-10-11 00:00:00+05:30,462.56628131958183,469.46607494258404,460.98118090609734,463.87164306640625,8286066
2024-10-14 00:00:00+05:30,466.20264540297904,472.77609132126054,460.8413149808448,465.41009521484375,7263419
2024-10-15 00:00:00+05:30,466.2026159080778,467.088412260203,453.5218990644282,456.73870849609375,7413480
2024-10-16 00:00:00+05:30,456.9252012190812,462.9392267245943,453.00911607190517,453.8016662597656,7989101
2024-10-17 00:00:00+05:30,456.08605898020335,459.3028687329833,439.3027631321388,440.23516845703125,12114419
2024-10-18 00:00:00+05:30,440.7013718744761,450.9578304658644,432.6360714912894,448.34710693359375,10334732
2024-10-21 00:00:00+05:30,451.7503674316406,456.4123939273232,441.96011179070723,442.89251708984375,5567492
2024-10-22 00:00:00+05:30,443.82492428063955,446.29579264293227,427.55444035945914,429.6057434082031,7805984
2024-10-23 00:00:00+05:30,428.90642796427846,438.9763935867568,423.4052425139477,431.7036437988281,9830637
2024-10-24 00:00:00+05:30,431.70362521901677,440.37498255101934,425.40988986215206,437.34466552734375,7269166
2024-10-25 00:00:00+05:30,439.81559416411613,440.3284057004478,418.696591222199,424.61737060546875,11660475
2024-10-28 00:00:00+05:30,427.0416439565535,439.8622173286116,424.61738439161377,437.4379577636719,6637174
2024-10-29 00:00:00+05:30,438.23047924940323,441.8668541309481,427.9274123425676,440.375,6379918
2024-10-30 00:00:00+05:30,439.02303678604994,442.3797015232832,435.4798796087893,436.8318786621094,5903663
2024-10-31 00:00:00+05:30,436.3656906258652,438.0440088232946,428.9064480510641,432.68267822265625,6616282
2024-11-01 00:00:00+05:30,433.5684549394758,437.29807605723477,433.5684549394758,435.7596130371094,995005
2024-11-04 00:00:00+05:30,437.1115895418216,437.20483576197915,422.0998871032508,427.78753662109375,5030700
2024-11-05 00:00:00+05:30,427.97404031048677,439.4426143225271,426.38893989039894,438.04400634765625,5654407
2024-11-06 00:00:00+05:30,440.6547517924263,444.24451789914195,430.11855479797845,441.9601135253906,8641368
2024-11-07 00:00:00+05:30,441.96009468380316,442.89249994684917,420.8877300480135,426.9483642578125,16220004
2024-11-08 00:00:00+05:30,429.8388262642052,436.1791706710178,422.70593169285337,426.9483642578125,13143777
2024-11-11 00:00:00+05:30,429.37261239425715,430.67797403740485,422.47281931926244,425.36328125,7271375
2024-11-12 00:00:00+05:30,425.3633078924051,427.8341762386158,413.1021554725032,414.687255859375,8421968
2024-11-13 00:00:00+05:30,413.9879384142287,415.2933000966568,403.07878541195356,405.3631896972656,7960930
2024-11-14 00:00:00+05:30,405.5963158790482,410.16509627501114,401.16739059071375,404.1044616699219,7028180
2024-11-18 00:00:00+05:30,414.3143022761186,428.34699071104427,409.37253709501647,417.2513732910156,13385897
2024-11-19 00:00:00+05:30,418.64997964118675,420.9809928908593,411.33059234626467,413.568359375,5930593
2024-11-21 00:00:00+05:30,412.12313622570326,415.6196560466227,407.50771868018916,412.8690490722656,6484933
2024-11-22 00:00:00+05:30,413.7548499375978,417.4844711201339,411.47044558139385,415.2467041015625,6859041
2024-11-25 00:00:00+05:30,421.447218410008,423.1255366589431,412.8224689182103,413.8014831542969,12634711
2024-11-26 00:00:00+05:30,414.9203429266562,422.56607748158694,413.1021412779987,418.09051513671875,6483177
2024-11-27 00:00:00+05:30,420.88773499095413,421.0275900911034,414.1744340910316,415.666259765625,6120311
2024-11-28 00:00:00+05:30,421.44719763402156,425.50316639954707,418.55673549912103,421.3073425292969,10793434
2024-11-29 00:00:00+05:30,421.82014317830453,426.85512600170887,418.69657979789366,422.8457946777344,6826623
2024-12-02 00:00:00+05:30,422.84580449056017,430.0253366984307,422.3796018395232,429.41925048828125,5709168
2024-12-03 00:00:00+05:30,433.10225059886716,437.57778454070103,429.83883213364425,436.6920166015625,5333303
2024-12-04 00:00:00+05:30,438.18386216540506,440.0020353447686,432.72928571781387,436.7386169433594,4980949
2024-12-05 00:00:00+05:30,438.1372335113171,442.3330572534116,435.4798727837071,440.5614929199219,7267698
2024-12-06 00:00:00+05:30,442.89253113611636,471.37750254623296,440.8412280310586,467.5080261230469,25827648
2024-12-09 00:00:00+05:30,466.1560244040437,467.78773362054284,455.7596829179772,463.4520263671875,11524481
2024-12-10 00:00:00+05:30,464.7574423069413,470.77143953736316,460.04877837648854,466.4357604980469,10316327
2024-12-11 00:00:00+05:30,465.27024306078835,489.51278077537853,464.8040404124308,479.5826416015625,32419915
2024-12-12 00:00:00+05:30,483.91836021686424,491.0046178724231,481.12114426185343,486.715576171875,20273326
2024-12-13 00:00:00+05:30,485.3169572993582,485.9696523894424,472.44977557706835,484.3845520019531,10678273
2024-12-16 00:00:00+05:30,486.71558449972156,491.33100228636135,475.5267204882337,478.7435302734375,13821306
2024-12-17 00:00:00+05:30,478.7435254293868,480.1887423010132,465.596604657962,469.1863708496094,12711460
2024-12-18 00:00:00+05:30,468.99986588852937,473.5220372843691,461.7737248137061,463.1723327636719,6546985
2024-12-19 00:00:00+05:30,449.6524701447821,460.14203010150334,444.33774838480906,459.02313232421875,9500042
2024-12-20 00:00:00+05:30,458.9764966050513,461.0744084737387,442.89250561178136,444.99041748046875,13786961
2024-12-23 00:00:00+05:30,447.9741413600805,451.7503714734689,436.8318865538084,441.2142028808594,9725884
2024-12-24 00:00:00+05:30,442.1636683051836,443.2080514432026,434.37808234304197,438.74560546875,8942361
2024-12-26 00:00:00+05:30,439.410194012683,441.3091145209059,430.9600035461367,437.1789855957031,5351568
2024-12-27 00:00:00+05:30,437.796115930284,439.6950363819658,427.4470052636635,428.301513671875,4487792
2024-12-30 00:00:00+05:30,428.3489995186156,430.0105550085832,415.15150742191815,417.4302062988281,18171489
2024-12-31 00:00:00+05:30,416.81307017470374,423.9340223986452,415.911071302913,421.9876403808594,7109627
2025-01-01 00:00:00+05:30,422.2724668797255,424.83602127043594,416.62316652530717,421.9876403808594,5403126
2025-01-02 00:00:00+05:30,422.08254001260616,429.0136171811182,419.89879304081154,427.0197448730469,7704338
2025-01-03 00:00:00+05:30,427.731862169631,441.9737665703956,426.40262355393867,435.0901794433594,8814796
2025-01-06 00:00:00+05:30,436.5618129816452,436.5618129816452,418.71197180542765,419.9462585449219,7485474
2025-01-07 00:00:00+05:30,420.61091446118587,431.52970795171325,420.61091446118587,425.5955810546875,5869461
2025-01-08 00:00:00+05:30,425.59558819658815,426.73495217002835,418.7120008805251,423.8390808105469,4953341
2025-01-09 00:00:00+05:30,424.4087431576202,425.4056648568254,415.0090922250139,416.7181091308594,4870742
2025-01-10 00:00:00+05:30,416.718122197437,417.5251692519807,404.849868381292,410.30926513671875,6250604
2025-01-13 00:00:00+05:30,406.5589227595251,407.1285757743476,391.1776539042655,392.791748046875,8467239
2025-01-14 00:00:00+05:30,392.79174249592864,411.6385065008573,391.747330358131,408.8376159667969,8727736
2025-01-15 00:00:00+05:30,413.06269034477555,420.13618114280814,408.6951961616661,413.2525939941406,4794795
2025-01-16 00:00:00+05:30,416.8130656750348,429.91560603554814,415.8636053887591,427.1147155761719,6641373
2025-01-17 00:00:00+05:30,429.15606544022813,435.0901924512932,425.40568557914315,431.1024475097656,5594080
2025-01-20 00:00:00+05:30,433.57102055090246,440.9293375424301,428.7287674453033,437.6537170410156,4806736
2025-01-21 00:00:00+05:30,441.4990057750769,444.1574828219114,430.1054830453975,430.9599914550781,7353985
2025-01-22 00:00:00+05:30,432.4317153117899,432.81149364560264,416.7181295951249,428.68133544921875,6538867
2025-01-23 00:00:00+05:30,428.2065923163231,429.3934176830535,420.1361798225565,423.93402099609375,5671143
2025-01-24 00:00:00+05:30,423.4593098498038,430.5802623696996,418.18981657517287,419.6614685058594,4758741
2025-01-27 00:00:00+05:30,417.28781370238556,417.52517878412755,400.29247964470636,402.4762268066406,6314851
2025-01-28 00:00:00+05:30,403.47315747415723,410.9738878892166,393.5512859605726,403.8529357910156,8080097
2025-01-29 00:00:00+05:30,406.84374351740666,410.4991715120838,402.85599861862624,408.8376159667969,4671527
2025-01-30 00:00:00+05:30,410.16684748804596,415.48383093571454,406.3690063076011,410.5941162109375,4765643
2025-01-31 00:00:00+05:30,412.87281304583985,421.37046525917253,405.3245921476104,419.0917663574219,11277319
2025-02-01 00:00:00+05:30,422.4623638280205,424.0764289213743,409.6446500282407,417.6675720214844,6736515
2025-02-03 00:00:00+05:30,413.96469137299863,413.96469137299863,389.27872353882896,400.3874206542969,18277593
2025-02-04 00:00:00+05:30,407.03362356045557,420.61089363860856,407.03362356045557,415.5787658691406,9934297
2025-02-05 00:00:00+05:30,416.765608749969,425.2157995940004,415.5787833793121,421.9876403808594,7176758
2025-02-06 00:00:00+05:30,422.6047752162604,427.49448984925175,419.94626905471506,421.322998046875,5475073
2025-02-07 00:00:00+05:30,421.32299245148556,433.80838913697414,419.3766104989839,432.76397705078125,8580933
2025-02-10 00:00:00+05:30,431.05496903635174,431.05496903635174,411.68598503328826,413.7747802734375,10212102
2025-02-11 00:00:00+05:30,401.4792935562844,413.53742197833105,399.0581524067125,400.1500549316406,7728184
2025-02-12 00:00:00+05:30,400.1500307838322,405.134697056859,391.4149849629135,400.5772705078125,8868601
2025-02-13 00:00:00+05:30,403.5206219907424,409.9769403525029,399.7702422668547,403.0933532714844,5255713
2025-02-14 00:00:00+05:30,408.07801580566405,410.1668400069016,387.80706205495,392.45941162109375,10205699
2025-02-17 00:00:00+05:30,392.4594096124812,394.8805217183727,381.11334776082384,394.1684265136719,9351334
2025-02-18 00:00:00+05:30,397.72890534772307,398.77331745037685,384.5314132557205,397.0643005371094,9347116
2025-02-19 00:00:00+05:30,395.0704051638539,405.79929410937376,393.07653289758895,402.0964050292969,9389191
2025-02-20 00:00:00+05:30,401.52674911001264,413.4899545073372,400.7197020719561,411.5910339355469,10218019
2025-02-21 00:00:00+05:30,413.2525779587599,419.898799775443,410.73651406606115,416.0534973144531,11856575
2025-02-24 00:00:00+05:30,413.0152149809443,413.6798487560622,397.87131217488525,401.4792785644531,6486110
2025-02-25 00:00:00+05:30,401.52674690944184,402.28633251913215,385.8131908540868,388.5666198730469,16517618
2025-02-27 00:00:00+05:30,388.3292664601434,391.65237754232066,380.4012670833318,384.1041564941406,9800701
2025-02-28 00:00:00+05:30,379.7841048527549,380.63861329362805,372.5207396424915,374.7994384765625,13633752
2025-03-03 00:00:00+05:30,379.7366323972242,390.4655214575163,369.5299348758423,388.4716491699219,10995655
2025-03-04 00:00:00+05:30,380.87597936939744,388.6140747312513,374.8469008938229,386.1929626464844,7083802
2025-03-05 00:00:00+05:30,380.63861802478607,408.6476961058163,380.63861802478607,407.27099609375,14319490
2025-03-06 00:00:00+05:30,412.06573497859324,424.26630458579274,409.45471937677036,420.56341552734375,13001883
2025-03-07 00:00:00+05:30,420.468500690331,427.35208788236173,419.28167531239467,422.9371032714844,7860045
2025-03-10 00:00:00+05:30,422.93708732580444,428.96613683822915,414.10708946173156,415.2939147949219,6433534
2025-03-11 00:00:00+05:30,406.84374633260325,420.8008245996828,404.4700955371972,419.23419189453125,6287024
2025-03-12 00:00:00+05:30,422.41488142606255,425.69053104922403,415.76865932997856,422.4623718261719,5120030
2025-03-13 00:00:00+05:30,425.26322622548906,427.2570984801082,419.6614167293507,420.56341552734375,5054710
2025-03-17 00:00:00+05:30,421.56034778362294,428.25403090496127,420.753300782235,424.36126708984375,4865003
2025-03-18 00:00:00+05:30,424.36126708984375,424.36126708984375,424.36126708984375,424.36126708984375,0
2025-03-19 00:00:00+05:30,441.2142091722484,441.8313525668484,436.08710041654655,437.27392578125,5728903
2025-03-20 00:00:00+05:30,441.4990383478409,451.18354497265926,436.9416405098257,446.95843505859375,10370120
2025-03-21 00:00:00+05:30,447.57559343815495,449.23714901443435,438.65067213775734,443.68280029296875,12194708
2025-03-24 00:00:00+05:30,445.2968530932578,451.99053620318296,442.11615549040346,448.3825988769531,7110186
2025-03-25 00:00:00+05:30,449.9966888846023,449.9966888846023,436.84665886647645,438.4607238769531,6983464
2025-03-26 00:00:00+05:30,440.92935115555554,449.4744937321176,439.69506437347684,440.6919860839844,9260792
2025-03-27 00:00:00+05:30,440.2647439434724,450.7562684597103,438.3658233812409,448.4775695800781,7585534
2025-03-28 00:00:00+05:30,448.999761595677,451.37341230085104,438.6506503161638,439.9798889160156,6966128
2025-04-01 00:00:00+05:30,434.852793516022,442.16364901457007,431.6246344683721,434.2831115722656,4385769
2025-04-02 00:00:00+05:30,431.0549531800397,436.2295231287897,427.01974712053493,434.5204772949219,4104869
2025-04-03 00:00:00+05:30,434.37806529803487,434.520478540792,415.95854220393966,417.28778076171875,13020114
2025-04-04 00:00:00+05:30,414.6293013336764,414.8666663953569,377.88517819543625,381.16082763671875,32283095
2025-04-07 00:00:00+05:30,351.2528354717183,361.9342634178416,344.6540750615777,355.1455993652344,26557078
2025-04-08 00:00:00+05:30,367.86842171030827,371.0490906811184,349.54381969406893,357.092041015625,17126260
2025-04-09 00:00:00+05:30,356.9970491300493,358.3737780638597,349.97104917093947,351.8224792480469,13982904
2025-04-11 00:00:00+05:30,365.5422050124611,369.1501424588565,358.9434445266904,360.93731689453125,12949202
2025-04-15 00:00:00+05:30,370.2420669729441,377.60038452446895,364.64022785030915,375.79638671875,10517215
2025-04-16 00:00:00+05:30,377.88517093746907,381.6830118514134,371.3339011559603,378.5498046875,9739439
2025-04-17 00:00:00+05:30,378.1225565721386,383.34458811299675,373.2803033482972,379.8315734863281,8212290
2025-04-21 00:00:00+05:30,383.5819369723689,392.032127313596,379.83155743415716,391.1301574707031,7998005
2025-04-22 00:00:00+05:30,393.0765594109771,397.15922706114463,391.4624653305508,392.174560546875,7329286
2025-04-23 00:00:00+05:30,394.9754763318018,398.488490956575,389.8483966167712,397.0643005371094,8692823
2025-04-24 00:00:00+05:30,397.06429917583824,409.2173791235221,395.4502051158862,399.01068115234375,13580010
2025-04-25 00:00:00+05:30,401.47928942422897,404.28017989461057,388.8039887575986,392.41192626953125,11205671
2025-04-28 00:00:00+05:30,393.07656215563674,396.542086437567,388.2817992556655,395.0704345703125,6864935
2025-04-29 00:00:00+05:30,396.8743784141679,400.10253741962055,393.4563157715364,395.2602844238281,7054453
2025-04-30 00:00:00+05:30,397.1592259902666,401.85906599542557,392.74424145600636,398.0137634277344,13507492
2025-05-02 00:00:00+05:30,399.7227684527581,401.52673714716684,392.1270863918981,393.7411804199219,13939534
2025-05-05 00:00:00+05:30,394.64318638072706,399.2006134192844,394.02604295187257,398.2986145019531,7450806
2025-05-06 00:00:00+05:30,398.77329810389267,403.14082097340923,388.61406201448847,390.1806945800781,7943490
2025-05-07 00:00:00+05:30,382.3951451044816,396.87441503084625,381.6830498622014,394.9754943847656,8806194
2025-05-08 00:00:00+05:30,394.0260297471044,396.77945885872504,384.57888804620865,386.5252990722656,10344459
2025-05-09 00:00:00+05:30,380.733580790819,388.09189812530497,378.45488186292727,387.28485107421875,7120988
2025-05-12 00:00:00+05:30,398.72585857625916,416.10097021475895,396.7319861812112,414.01214599609375,16818909
2025-05-13 00:00:00+05:30,413.9646709614166,418.04733846566984,410.6890214933052,413.3949890136719,7806161
2025-05-14 00:00:00+05:30,416.338335529836,424.5036997868124,413.6798583183686,420.3260803222656,11385432
2025-05-15 00:00:00+05:30,422.2249902972377,425.7379758831297,418.0948323605774,421.3704528808594,7108289
2025-05-16 00:00:00+05:30,421.3704595274289,422.22499695728646,417.4776955702031,418.9018859863281,5525659
2025-05-19 00:00:00+05:30,419.6614313997548,424.31378083968394,418.3796542644612,419.7088928222656,4707043
2025-05-20 00:00:00+05:30,424.88347066068053,426.87734302195497,412.06575702063765,413.3475341796875,6201064
2025-05-21 00:00:00+05:30,414.24952217939494,416.95548986131456,409.8820279281329,415.6262512207031,5310912
2025-05-22 00:00:00+05:30,416.81305770768034,417.28778784174375,409.6921056967291,413.11016845703125,5505100
2025-05-23 00:00:00+05:30,413.395012914959,420.2311387326851,411.25872721882325,417.80999755859375,4707367
2025-05-26 00:00:00+05:30,421.6078225303086,424.78852023911026,419.89880562942653,423.0320129394531,4402485
2025-05-27 00:00:00+05:30,423.4592947278704,429.4883734411269,421.4654222984557,425.35821533203125,7017265
2025-05-28 00:00:00+05:30,426.0228341966058,426.73492939819903,421.560359343197,424.2663269042969,5398706
2025-05-29 00:00:00+05:30,427.25712679886647,434.3780789121809,422.5098253899902,428.82373046875,8539002
2025-05-30 00:00:00+05:30,430.01055625110564,430.1055080744238,413.01522298537384,413.53741455078125,13752148
2025-06-02 00:00:00+05:30,411.87586949383007,412.96777202681767,404.37513886526364,410.546630859375,9008143
2025-06-03 00:00:00+05:30,413.96468595865133,418.0473536108127,409.6921146586194,412.0657653808594,6553349
2025-06-04 00:00:00+05:30,412.0657609264769,416.1959189335737,408.64769812835453,414.771728515625,4747404
2025-06-05 00:00:00+05:30,415.86360133000073,419.99375933003614,411.59103008345966,416.9554748535156,5877012
2025-06-06 00:00:00+05:30,418.52208308258344,426.7823991727934,416.43328783550663,425.4056701660156,10475617
2025-06-09 00:00:00+05:30,429.63076345864204,438.08095389515876,428.3015249026552,434.7578430175781,8982580
2025-06-10 00:00:00+05:30,436.65675456774056,444.0625617568117,435.8971979728123,438.2233581542969,8036246
2025-06-11 00:00:00+05:30,441.0242978258192,449.1896619875,438.79306038407674,445.5816955566406,15635681
2025-06-12 00:00:00+05:30,446.7210740080097,448.002851216256,434.8528201820796,437.2264709472656,7559224
2025-06-13 00:00:00+05:30,427.6368982636457,440.2172467955677,424.0289608408083,434.94775390625,6666190
2025-06-16 00:00:00+05:30,440.5495721848619,443.3979530395054,433.6185236953208,440.4546203613281,8258945
2025-06-17 00:00:00+05:30,440.5495847627954,442.3060921350205,434.66291923837326,435.75482177734375,5621986
2025-06-18 00:00:00+05:30,440.5495715104737,444.11004757332773,430.4378252870139,433.4286193847656,15852801
2025-06-19 00:00:00+05:30,433.4286050460173,434.23565205527774,414.7242264911804,417.28778076171875,12549420
2025-06-20 00:00:00+05:30,416.2908670842756,426.7823914805243,415.57877188158284,424.5036926269531,11493281
2025-06-23 00:00:00+05:30,421.5603671064133,428.6338578292587,419.7089079580843,427.1147155761719,7310603
2025-06-24 00:00:00+05:30,433.0461790936923,435.79491907926274,428.7060726217065,429.9598693847656,6350436
2025-06-25 00:00:00+05:30,432.03351291244525,432.03351291244525,423.88374539715943,426.2467041015625,6329973
2025-06-26 00:00:00+05:30,427.2593649101048,440.7619182029749,425.4750930526152,439.3152160644531,10412097
2025-06-27 00:00:00+05:30,443.1248935460562,454.2644886602931,442.690871114808,447.2720947265625,23776172
2025-06-30 00:00:00+05:30,449.49034461586086,451.27461648109283,440.66546741923105,444.4751281738281,6466543
2025-07-01 00:00:00+05:30,445.5842832440022,453.54114544478796,440.1350441082923,449.345703125,11455315
2025-07-02 00:00:00+05:30,450.5512674754386,458.1223479545975,446.4040664146155,452.7695617675781,11881474
2025-07-03 00:00:00+05:30,451.37106885572865,455.566510959303,440.81013143292745,442.0157165527344,17268863
2025-07-04 00:00:00+05:30,444.6197992973079,447.1756339055378,438.9294433274376,442.73907470703125,4456947
2025-07-07 00:00:00+05:30,442.69086708755214,443.31776547891656,436.9040583674534,438.0614318847656,4498429
2025-07-08 00:00:00+05:30,437.77207438762804,441.9193049693103,436.1324962412961,440.0867919921875,4116967
2025-07-09 00:00:00+05:30,444.61980442992683,445.10203849113066,405.70350980413184,425.0893249511719,38812827
2025-07-10 00:00:00+05:30,423.01573461262234,427.01827153083866,417.8076125122184,423.59442138671875,13276890
2025-07-11 00:00:00+05:30,422.43702605563595,430.39388784777975,421.0385355431185,427.01824951171875,8741844
2025-07-14 00:00:00+05:30,424.94466401011624,434.4446809782791,423.6908377810432,432.2746276855469,5611380
2025-07-15 00:00:00+05:30,434.0106506347656,435.2162357754178,429.28476277005547,434.0106506347656,5408813
2025-07-16 00:00:00+05:30,434.0106514495048,434.44467387424675,428.80252951875696,431.55126953125,3554230
2025-07-17 00:00:00+05:30,431.55125833066415,433.8177347939354,427.69338597346336,428.5614013671875,2713654
2025-07-18 00:00:00+05:30,428.5614082926198,432.8532736994228,427.78981614877273,429.9598693847656,3419720
2025-07-21 00:00:00+05:30,435.5538236097305,440.2797116709209,432.70863078620937,437.723876953125,6402589
2025-07-22 00:00:00+05:30,437.6756358972766,440.47261708653457,434.10712139242725,434.58935546875,2871620
2025-07-23 00:00:00+05:30,434.83046462683325,440.85839047162904,434.4928948928784,439.45989990234375,3049686
2025-07-24 00:00:00+05:30,438.8329857861179,441.09949170924176,432.2263734101643,435.31268310546875,4846149
2025-07-25 00:00:00+05:30,434.01065662436156,434.878672050964,426.8253573136212,427.7898254394531,2481198
2025-07-28 00:00:00+05:30,427.7416107497129,427.9345161467933,419.3025147089914,422.3888244628906,3837524
2025-07-29 00:00:00+05:30,421.52076941976947,425.8126642185945,418.000466757383,423.88372802734375,3034968
2025-07-30 00:00:00+05:30,424.84819274638045,425.04109813726456,418.1933688261025,419.1578369140625,2945839
2025-07-31 00:00:00+05:30,413.7568224694267,418.96494441806,408.93448188120493,410.5258483886719,7762131
2025-08-01 00:00:00+05:30,409.9953981387118,415.6857540828988,407.34311084467936,409.3684997558594,4291007
2025-08-04 00:00:00+05:30,409.3202635988746,417.9522650326181,407.1984513981438,416.1197814941406,3635372
2025-08-05 00:00:00+05:30,417.0360133879061,423.49796163006897,415.3964352273854,422.8710632324219,5703172
2025-08-06 00:00:00+05:30,424.2695249413385,426.82535960184873,421.90659568032135,424.89642333984375,4042034
2025-08-07 00:00:00+05:30,421.9548119558088,424.02841257363093,414.7213008937092,422.244140625,4103120
2025-08-08 00:00:00+05:30,422.24413049994274,424.2695194354099,415.1070723097915,416.1197814941406,2396484
2025-08-11 00:00:00+05:30,416.65023258566333,419.302519945873,411.4903221982455,414.8177490234375,5148588
2025-08-12 00:00:00+05:30,414.7212831174715,421.6654652127307,413.80502664891975,417.8558044433594,4915393
2025-08-13 00:00:00+05:30,420.31520757766873,429.4776549935341,419.64009753328105,423.160400390625,5925324
2025-08-14 00:00:00+05:30,423.7872733486183,424.0766314358906,412.88879569232813,414.9141845703125,5618967
2025-08-18 00:00:00+05:30,424.36597469812875,424.36597469812875,417.71115052700895,422.62994384765625,4699393
2025-08-19 00:00:00+05:30,426.2949020190543,434.9751149560939,424.51063013979444,434.20355224609375,12000341
2025-08-20 00:00:00+05:30,434.97513759283373,436.7111684972949,422.2441461826774,429.6705627441406,19775631
2025-08-21 00:00:00+05:30,429.8151973611782,433.04617134135106,427.40402714212837,431.0207824707031,8103807
2025-08-22 00:00:00+05:30,435.6020240801385,435.93959381155037,427.9345201232592,428.4649658203125,16717742
2025-08-25 00:00:00+05:30,431.0208020328789,435.45736132393296,428.2720619717626,434.29998779296875,13543057
2025-08-26 00:00:00+05:30,435.0,435.3999938964844,426.0,428.20001220703125,10665952
2025-08-28 00:00:00+05:30,428.20001220703125,429.79998779296875,421.1000061035156,424.5,6955858
2025-08-29 00:00:00+05:30,424.5,428.54998779296875,420.0,420.6499938964844,7712901
2025-09-01 00:00:00+05:30,422.79998779296875,434.8999938964844,422.79998779296875,431.0,7817717
2025-09-02 00:00:00+05:30,432.0,435.3500061035156,423.3999938964844,431.6000061035156,6420682
2025-09-03 00:00:00+05:30,433.25,441.70001220703125,432.6000061035156,439.45001220703125,10052593
2025-09-04 00:00:00+05:30,446.0,446.0,434.95001220703125,435.70001220703125,7605728
2025-09-05 00:00:00+05:30,436.0,446.79998779296875,435.6000061035156,445.5,8277809
2025-09-08 00:00:00+05:30,441.0,441.95001220703125,433.3500061035156,434.3999938964844,11885826
2025-09-09 00:00:00+05:30,435.0,437.8999938964844,431.95001220703125,432.79998779296875,6379983
2025-09-10 00:00:00+05:30,435.0,437.5,432.0,433.70001220703125,5516735
2025-09-11 00:00:00+05:30,434.04998779296875,439.79998779296875,432.95001220703125,437.70001220703125,6964582
2025-09-12 00:00:00+05:30,440.0,455.0,439.1000061035156,450.8999938964844,15838929
2025-09-15 00:00:00+05:30,455.04998779296875,462.79998779296875,452.75,454.3999938964844,14003502
2025-09-16 00:00:00+05:30,457.0,463.3999938964844,455.0,461.29998779296875,9675778
2025-09-17 00:00:00+05:30,465.0,471.0,444.0,456.1499938964844,27609041
2025-09-18 00:00:00+05:30,456.1499938964844,458.95001220703125,452.6000061035156,455.6499938964844,7741800
2025-09-19 00:00:00+05:30,458.0,458.5,452.1499938964844,455.6000061035156,10444975
2025-09-22 00:00:00+05:30,455.0,462.6000061035156,454.6499938964844,458.45001220703125,6873708
2025-09-23 00:00:00+05:30,458.45001220703125,459.8999938964844,452.25,457.20001220703125,6504267
2025-09-24 00:00:00+05:30,456.95001220703125,459.0,447.0,448.45001220703125,8390096
2025-09-25 00:00:00+05:30,451.0,464.0,449.5,461.6499938964844,12571562
2025-09-26 00:00:00+05:30,462.25,463.79998779296875,445.1000061035156,447.95001220703125,10271939
2025-09-29 00:00:00+05:30,451.0,457.54998779296875,447.6499938964844,452.25,11707970
2025-09-30 00:00:00+05:30,457.3999938964844,468.20001220703125,454.0,465.79998779296875,16517105
2025-10-01 00:00:00+05:30,468.54998779296875,469.8500061035156,458.5,464.8500061035156,7779725
2025-10-03 00:00:00+05:30,464.8500061035156,479.8999938964844,464.5,470.95001220703125,21404838
2025-10-06 00:00:00+05:30,474.95001220703125,478.0,467.1000061035156,470.79998779296875,9042871
2025-10-07 00:00:00+05:30,475.0,476.5,470.25,471.8500061035156,5931853
2025-10-08 00:00:00+05:30,471.8999938964844,477.95001220703125,465.6000061035156,472.70001220703125,10158945
2025-10-09 00:00:00+05:30,473.0,485.0,467.3500061035156,484.20001220703125,16201074
2025-10-10 00:00:00+05:30,483.0,485.0,473.75,482.20001220703125,13091981
2025-10-13 00:00:00+05:30,479.5,480.6499938964844,474.6499938964844,479.29998779296875,8312537
2025-10-14 00:00:00+05:30,483.8500061035156,489.1000061035156,474.79998779296875,480.04998779296875,14181566
2025-10-15 00:00:00+05:30,480.04998779296875,484.5,476.20001220703125,483.04998779296875,7569516
2025-10-16 00:00:00+05:30,485.0,485.0,475.0,479.1000061035156,5099739
2025-10-17 00:00:00+05:30,478.0,481.1000061035156,467.54998779296875,474.04998779296875,5816016
2025-10-20 00:00:00+05:30,476.0,478.5,472.04998779296875,473.8999938964844,4010765
2025-10-21 00:00:00+05:30,477.5,477.95001220703125,474.5,475.6499938964844,841526
2025-10-23 00:00:00+05:30,477.1000061035156,484.8500061035156,474.6499938964844,483.25,11194491
2025-10-24 00:00:00+05:30,490.0,501.04998779296875,487.25,495.6000061035156,25748299
2025-10-27 00:00:00+05:30,501.0,505.95001220703125,497.25,505.25,13611047
2025-10-28 00:00:00+05:30,505.95001220703125,509.75,499.6499938964844,502.45001220703125,10881126
2025-10-29 00:00:00+05:30,504.04998779296875,524.4000244140625,504.04998779296875,516.2000122070312,25108474
2025-10-30 00:00:00+05:30,513.0,514.9000244140625,503.20001220703125,506.95001220703125,7439433
2025-10-31 00:00:00+05:30,506.95001220703125,507.3999938964844,491.20001220703125,493.54998779296875,13235197
2025-11-03 00:00:00+05:30,502.0,514.5,500.3999938964844,513.0,16492217
2025-11-04 00:00:00+05:30,511.0,517.5999755859375,505.1000061035156,508.1499938964844,9015840
2025-11-05 00:00:00+05:30,508.1499938964844,508.1499938964844,508.1499938964844,508.1499938964844,0
2025-11-06 00:00:00+05:30,510.0,514.4000244140625,502.6000061035156,504.95001220703125,7236023
2025-11-07 00:00:00+05:30,501.0,517.25,497.5,515.0499877929688,9229050
2025-11-10 00:00:00+05:30,521.0,526.5999755859375,518.25,519.5999755859375,9368684
2025-11-11 00:00:00+05:30,520.0999755859375,524.9000244140625,515.5499877929688,523.8499755859375,6857737
2025-11-12 00:00:00+05:30,525.0,528.8499755859375,518.0,520.5999755859375,8017904
2025-11-13 00:00:00+05:30,527.0,535.5,524.2000122070312,529.5999755859375,14483739
2025-11-14 00:00:00+05:30,528.0,531.2999877929688,521.5,525.3499755859375,6780850
2025-11-17 00:00:00+05:30,526.9500122070312,528.0,519.3499755859375,520.7999877929688,4575270
2025-11-18 00:00:00+05:30,521.6500244140625,521.7999877929688,508.25,510.70001220703125,7919977
2025-11-19 00:00:00+05:30,509.0,514.7999877929688,507.54998779296875,511.79998779296875,4009545
2025-11-20 00:00:00+05:30,516.0,519.0,509.1499938964844,509.75,5736356
2025-11-21 00:00:00+05:30,510.0,511.0,494.54998779296875,496.3999938964844,8023391
2025-11-24 00:00:00+05:30,498.1499938964844,503.5,493.79998779296875,495.1499938964844,10371411
2025-11-25 00:00:00+05:30,495.6000061035156,506.8500061035156,495.6000061035156,504.6499938964844,7658295
2025-11-26 00:00:00+05:30,507.8999938964844,517.0,506.1000061035156,516.2999877929688,7777469
2025-11-27 00:00:00+05:30,518.7000122070312,523.75,517.3499755859375,519.0999755859375,5978457
2025-11-28 00:00:00+05:30,519.4000244140625,530.7999877929688,518.6500244140625,526.0,9990143
2025-12-01 00:00:00+05:30,535.0,537.6500244140625,530.0,533.2999877929688,10279499
2025-12-02 00:00:00+05:30,530.8499755859375,539.9000244140625,530.0999755859375,538.4000244140625,9490883
2025-12-03 00:00:00+05:30,541.0,541.0499877929688,528.75,532.7999877929688,9182829
2025-12-04 00:00:00+05:30,534.7000122070312,543.0,528.25,529.6500244140625,14735849
2025-12-05 00:00:00+05:30,528.8499755859375,531.4500122070312,517.7999877929688,524.5,14808276
2025-12-08 00:00:00+05:30,524.2999877929688,527.2999877929688,509.20001220703125,511.25,7598744
2025-12-09 00:00:00+05:30,509.8999938964844,517.5999755859375,502.3500061035156,516.1500244140625,7594795
2025-12-10 00:00:00+05:30,519.25,530.75,516.1500244140625,524.2000122070312,14712797
2025-12-11 00:00:00+05:30,528.0,534.5,525.0999755859375,529.0499877929688,11125398
2025-12-12 00:00:00+05:30,535.0,546.5499877929688,535.0,543.5999755859375,18629112
2025-12-15 00:00:00+05:30,540.9500122070312,551.7999877929688,539.3499755859375,549.4000244140625,13889922
2025-12-16 00:00:00+05:30,548.0,572.9000244140625,545.2000122070312,569.5,34011443
2025-12-17 00:00:00+05:30,580.0,580.4500122070312,566.0999755859375,569.7999877929688,30344596
2025-12-18 00:00:00+05:30,569.7000122070312,583.0,564.0,579.1500244140625,14766995
2025-12-19 00:00:00+05:30,582.0,583.4000244140625,571.5,581.5999755859375,16753034
2025-12-22 00:00:00+05:30,590.0,594.5,581.5,585.6500244140625,16201067
2025-12-23 00:00:00+05:30,586.0,590.7999877929688,584.5999755859375,586.4000244140625,7941430
2025-12-24 00:00:00+05:30,589.9500122070312,599.7999877929688,587.2000122070312,598.1500244140625,15686960
2025-12-25 00:00:00+05:30,598.1500244140625,598.1500244140625,598.1500244140625,598.1500244140625,0
2025-12-26 00:00:00+05:30,603.7000122070312,607.9000244140625,596.9500122070312,600.9500122070312,12119491
2025-12-29 00:00:00+05:30,609.0,616.0,590.4000244140625,593.0999755859375,25560591
2025-12-30 00:00:00+05:30,593.75,607.0,591.1500244140625,605.5499877929688,14079178
2025-12-31 00:00:00+05:30,610.0,610.0499877929688,599.3499755859375,604.4000244140625,8925223
2026-01-01 00:00:00+05:30,603.0,606.9000244140625,597.7000122070312,602.6500244140625,4250535
2026-01-02 00:00:00+05:30,604.2000122070312,618.4500122070312,603.5999755859375,616.9500122070312,9255218
