Date,Open,High,Low,Close,Volume
2021-01-04 00:00:00+05:30,184.39706495417167,188.15593397295729,183.3568706109924,187.42306518554688,19511442
2021-01-05 00:00:00+05:30,186.3356025243275,193.75875782099791,186.05191184408048,192.10391235351562,50313494
2021-01-06 00:00:00+05:30,191.4892792362195,197.35215798627212,190.68549130481904,192.15121459960938,44972600
2021-01-07 00:00:00+05:30,194.91716778080524,195.2717775463252,190.94554129280334,192.3166961669922,24689510
2021-01-08 00:00:00+05:30,192.6713130659354,204.5625580908088,192.55310980638578,203.4041748046875,81986460
2021-01-11 00:00:00+05:30,206.14646361502716,213.238658464168,205.67365062508443,211.25283813476562,94668036
2021-01-12 00:00:00+05:30,211.7965977210304,217.8485985951113,209.17247680702098,216.40652465820312,44268930
2021-01-13 00:00:00+05:30,217.9668052523744,221.01645504544473,214.0897326627929,217.02117919921875,58380386
2021-01-14 00:00:00+05:30,213.7115181808125,220.33090148729784,203.3096301277641,214.8226318359375,143103614
2021-01-15 00:00:00+05:30,215.01173478501582,217.2103125847362,206.4301808014632,207.35215759277344,50615558
2021-01-18 00:00:00+05:30,208.51053869484755,210.4017907465015,202.88406672699867,204.04244995117188,43021174
2021-01-19 00:00:00+05:30,204.7280465302808,207.82496617381818,202.2221431873505,203.4278106689453,31355580
2021-01-20 00:00:00+05:30,205.20086512307648,211.74932879681216,204.72805206979749,210.378173828125,48839358
2021-01-21 00:00:00+05:30,213.5223533500269,214.39706028447281,209.12518379947747,210.780029296875,31822754
2021-01-22 00:00:00+05:30,212.03583397199264,214.1919641092696,208.7187017844597,210.75636291503906,22797624
2021-01-25 00:00:00+05:30,210.9458878259358,213.7180651778695,206.20712806589438,207.2022705078125,14760338
2021-01-27 00:00:00+05:30,207.55769261003655,215.49511578633363,207.20228560214267,211.56195068359375,59180420
2021-01-28 00:00:00+05:30,210.0455490228263,212.5807886602508,202.48722060557495,204.66705322265625,29624870
2021-01-29 00:00:00+05:30,207.27335780290412,207.41552927866348,196.91916439575593,198.03277587890625,31264842
2021-02-01 00:00:00+05:30,197.17982650505243,200.82866339846197,193.43620861740396,199.73875427246094,30163704
2021-02-02 00:00:00+05:30,202.81894274172882,206.39670101715612,200.7575790995907,202.98480224609375,26620996
2021-02-03 00:00:00+05:30,203.8614470252924,208.48173770891992,203.8614470252924,205.42523193359375,19795332
2021-02-04 00:00:00+05:30,205.42524050428753,207.03641596887442,202.93739157084462,203.7192840576172,14386598
2021-02-05 00:00:00+05:30,204.71444997863662,205.3778735445909,199.28856351749988,201.65794372558594,17358052
2021-02-08 00:00:00+05:30,203.93253601786907,207.4155274508382,202.01332957363826,206.27821350097656,25032680
2021-02-09 00:00:00+05:30,208.6239342898587,214.07350895046832,206.2308659843848,208.19744873046875,58949660
2021-02-10 00:00:00+05:30,209.45319847854233,210.47202901774594,206.13606637594097,208.0315704345703,21215470
2021-02-11 00:00:00+05:30,208.0315685490449,208.74238256458833,205.37785999870644,207.0838165283203,18474052
2021-02-12 00:00:00+05:30,208.5054340621465,212.86509892261034,208.31588655985402,209.45318603515625,38561668
2021-02-15 00:00:00+05:30,210.68528616719215,210.82744319179994,206.98904445035265,208.36329650878906,15689754
2021-02-16 00:00:00+05:30,211.34866349673496,212.2016343809376,205.56737140121948,207.3444061279297,24907596
2021-02-17 00:00:00+05:30,206.56255003639174,208.03156856090825,203.05587045182048,203.86146545410156,14780384
2021-02-18 00:00:00+05:30,203.90882889716443,206.91794426967218,203.45865539201588,205.16461181640625,16771472
2021-02-19 00:00:00+05:30,205.25939077038308,206.49147128827968,201.91857068562226,203.7429962158203,16957332
2021-02-22 00:00:00+05:30,204.09840800322613,205.11723855593618,197.1324247107973,198.41189575195312,21332174
2021-02-23 00:00:00+05:30,198.88576227241387,201.87117527710402,196.3268203123391,196.89547729492188,17984706
2021-02-24 00:00:00+05:30,197.93800554601785,201.776389471315,196.54006559980888,200.49693298339844,10120594
2021-02-25 00:00:00+05:30,200.4969675340765,203.29283344674505,199.24119884448933,199.64398193359375,18220784
2021-02-26 00:00:00+05:30,198.05646767557812,198.95682912731186,193.34139598399668,194.43130493164062,23463882
2021-03-01 00:00:00+05:30,194.7630462096085,198.41189738550284,193.9100751495143,196.3742218017578,12843392
2021-03-02 00:00:00+05:30,198.88577301419974,205.23570884211014,198.19864699492965,203.95623779296875,29750468
2021-03-03 00:00:00+05:30,205.18832625204058,206.91797091358745,202.93741505181612,206.37301635742188,17564904
2021-03-04 00:00:00+05:30,203.24541333325013,210.54310083467712,202.58198982612907,207.93678283691406,25927594
2021-03-05 00:00:00+05:30,208.50544795141377,208.50544795141377,197.60629953577168,199.43072509765625,87862344
2021-03-08 00:00:00+05:30,201.4447034185312,201.46839143543207,196.91917865121047,197.5589141845703,24709676
2021-03-09 00:00:00+05:30,198.93314827250757,200.35477633866142,194.3128570575076,198.64883422851562,23811258
2021-03-10 00:00:00+05:30,201.91856762426056,204.09840012879022,200.44954912371568,202.20289611816406,34582736
2021-03-12 00:00:00+05:30,204.47750918434093,205.09354224546794,200.02307734586788,201.49209594726562,17920252
2021-03-15 00:00:00+05:30,201.30253181620714,203.10326940764475,197.98539960527074,202.03704833984375,15034204
2021-03-16 00:00:00+05:30,202.4635421827867,206.11239354916762,201.70533761114984,203.4349822998047,21347294
2021-03-17 00:00:00+05:30,203.29281963881994,206.37301387577176,197.93802621150792,198.86207580566406,24269624
2021-03-18 00:00:00+05:30,200.56802344269389,200.994508964084,191.58806716961845,194.36024475097656,20165862
2021-03-19 00:00:00+05:30,193.7916057357467,196.0188143708858,189.28978350922586,194.52610778808594,33750804
2021-03-22 00:00:00+05:30,194.7867286932404,197.25088973703708,194.38394565280572,196.39791870117188,13245968
2021-03-23 00:00:00+05:30,197.93801027580773,200.6390947892065,195.56863028429242,196.89547729492188,23150388
2021-03-24 00:00:00+05:30,194.92892103748275,196.87181578440607,193.91009039627593,194.7630615234375,10280694
2021-03-25 00:00:00+05:30,194.6208751160065,195.09475110658693,188.48417525337075,189.38453674316406,25474258
2021-03-26 00:00:00+05:30,191.8250145950632,193.19926667591577,189.85843192765046,191.39852905273438,18066738
2021-03-30 00:00:00+05:30,191.919770047388,199.24115965233312,191.919770047388,198.12754821777344,26339126
2021-03-31 00:00:00+05:30,198.93313374139655,198.93313374139655,195.87664229935694,196.2557373046875,14890268
2021-04-01 00:00:00+05:30,198.48297776441112,200.37848188160916,196.3505356325633,197.3219757080078,15193886
2021-04-05 00:00:00+05:30,197.34568086398536,202.7715527961537,197.2272118550531,201.61056518554688,42432790
2021-04-06 00:00:00+05:30,202.7952318983355,203.24540540345652,200.14152351184023,202.41612243652344,16641040
2021-04-07 00:00:00+05:30,201.397305318754,208.03156949396003,200.63910080642083,207.5576934814453,27735300
2021-04-08 00:00:00+05:30,209.42950132719585,211.32500530314405,208.50543735430205,209.50057983398438,25833228
2021-04-09 00:00:00+05:30,209.87968239491596,213.88394047277765,208.50544485522525,213.29159545898438,23398770
2021-04-12 00:00:00+05:30,213.2441878158677,213.2915783054695,203.48233988132077,204.99874877929688,30172534
2021-04-13 00:00:00+05:30,204.71440981795513,207.34441554835897,195.52121930640251,198.53033447265625,40840640
2021-04-15 00:00:00+05:30,198.50665831822707,205.87543897372805,196.65854476575012,204.09840393066406,53517782
2021-04-16 00:00:00+05:30,209.31105982089463,224.45139114047603,206.60996051577047,222.3426513671875,218723272
2021-04-19 00:00:00+05:30,219.40459591821664,226.4890481585106,218.50423437803255,224.02488708496094,87619710
2021-04-20 00:00:00+05:30,225.5649694301639,226.29947142415156,221.67918055872278,222.76910400390625,35461382
2021-04-22 00:00:00+05:30,223.4799124802597,234.331669404668,223.4799124802597,230.6117401123047,85241858
2021-04-23 00:00:00+05:30,229.14272059909382,230.94345797058952,224.7830703312797,225.4228057861328,27192006
2021-04-26 00:00:00+05:30,227.17614511953667,229.284899044858,226.0388456438269,227.60263061523438,18629288
2021-04-27 00:00:00+05:30,228.12388650501362,230.77759479953528,227.93433901145065,229.85353088378906,14418934
2021-04-28 00:00:00+05:30,230.23265965493147,233.7156511799575,228.0528271421463,231.86752319335938,19231068
2021-04-29 00:00:00+05:30,233.47872339220584,233.52609942548523,230.16159121592594,232.128173828125,15282266
2021-04-30 00:00:00+05:30,232.91005063843207,242.52972751497308,231.8675176688597,233.5023956298828,58231142
2021-05-03 00:00:00+05:30,231.22780994987582,235.04250612965916,229.00058686926974,230.9434814453125,17199462
2021-05-04 00:00:00+05:30,230.91977712171277,231.39365313834796,226.41795496367837,228.38455200195312,16204858
2021-05-05 00:00:00+05:30,229.73507683335612,235.0424937675654,229.02426284010744,232.4835662841797,23713182
2021-05-06 00:00:00+05:30,233.9525955046928,243.9513678995893,230.89608940876195,242.7666778564453,48827088
2021-05-07 00:00:00+05:30,243.57228203134477,244.78066013618033,240.49208780332194,244.1646270751953,29333162
2021-05-10 00:00:00+05:30,245.27819512635182,250.4434548659565,243.21684618723214,249.23507690429688,25088944
2021-05-11 00:00:00+05:30,245.44409863199192,247.97932385536487,243.59597052234392,245.6573486328125,15298998
2021-05-12 00:00:00+05:30,246.39184632011518,247.6239124225606,239.23631541148467,240.5394744873047,15742214
2021-05-14 00:00:00+05:30,240.49206310333363,240.91854859879362,233.50239230377863,236.2034912109375,13599758
2021-05-17 00:00:00+05:30,236.20351013749593,238.69135926549794,234.5686320687609,236.84323120117188,11505300
2021-05-18 00:00:00+05:30,237.8857567332393,243.95136386930824,237.36449023055803,240.75270080566406,18761492
2021-05-19 00:00:00+05:30,240.87117637326477,245.37299858554078,239.3784697951882,242.4586639404297,14980792
2021-05-20 00:00:00+05:30,244.52002757720274,244.99390359963917,238.64396779130058,240.8474884033203,12584608
2021-05-21 00:00:00+05:30,241.67676677249506,244.47264682008216,241.27396926889793,242.95623779296875,10395006
2021-05-24 00:00:00+05:30,242.57712157613696,245.704706069329,241.5109005758361,243.99876403808594,14873624
2021-05-25 00:00:00+05:30,245.18348306456505,248.71383654502694,244.3778879843479,245.25454711914062,15909128
2021-05-26 00:00:00+05:30,243.99877788926992,251.3675443250359,243.92768491597582,249.85113525390625,17646380
2021-05-27 00:00:00+05:30,249.85113034926462,258.26242966400986,248.80859732563457,256.3195495605469,58822252
2021-05-28 00:00:00+05:30,255.41914980533218,256.0351827864776,252.4100489417983,255.27699279785156,11757252
2021-05-31 00:00:00+05:30,255.27698030395464,256.153639243091,251.65181771360577,255.4428253173828,10772410
2021-06-01 00:00:00+05:30,256.7934081172882,259.210164074153,255.72718714988997,257.2198791503906,11930088
2021-06-02 00:00:00+05:30,256.8171027350869,258.26241874343566,252.57590677110312,257.3146667480469,9427136
2021-06-03 00:00:00+05:30,258.59411195725954,260.584396733861,255.08741835452872,255.4428253173828,11275982
2021-06-04 00:00:00+05:30,257.55160946951634,258.49936148228363,256.1062934346654,256.4617004394531,9543432
2021-06-07 00:00:00+05:30,258.1202667122779,261.20046075676066,257.1725146985909,259.8025207519531,8696866
2021-06-08 00:00:00+05:30,260.6318236387641,263.2381418751517,260.2290405714708,260.9161376953125,10859468
2021-06-09 00:00:00+05:30,262.05343441631294,262.1719034192136,256.9355792756227,257.8833312988281,12413798
2021-06-10 00:00:00+05:30,258.52302529887675,263.238096905658,258.52302529887675,262.645751953125,11441488
2021-06-11 00:00:00+05:30,263.0011830998571,264.8729991065383,261.3426170803084,262.6694641113281,11224718
2021-06-14 00:00:00+05:30,262.4799315507975,266.6974106544879,262.0534315757396,266.1287536621094,11904318
2021-06-15 00:00:00+05:30,266.08133853187866,267.26602837396183,263.948896816129,264.3753967285156,7674490
2021-06-16 00:00:00+05:30,265.32322525351447,266.57897949505235,262.29040681236984,263.11968994140625,10994538
2021-06-17 00:00:00+05:30,261.81647973216633,266.0813635649075,260.41853980237113,264.7545166015625,8798696
2021-06-18 00:00:00+05:30,265.37052770100274,266.2945915731515,258.75995252097545,260.5369873046875,20014232
2021-06-21 00:00:00+05:30,258.1439618344253,258.1439618344253,253.61845162910657,256.9118957519531,10781642
2021-06-22 00:00:00+05:30,258.3809240320381,265.3469079611256,256.9829838578822,263.7357177734375,11505842
2021-06-23 00:00:00+05:30,265.37053756359734,265.7733205603048,255.13482839823874,255.964111328125,22485404
2021-06-24 00:00:00+05:30,256.79338396596034,260.89239350125746,255.51391314079729,260.18157958984375,17337360
2021-06-25 00:00:00+05:30,260.560710080907,261.1056790565247,256.12998099827877,259.4471130371094,10079644
2021-06-28 00:00:00+05:30,260.5133468543927,261.01091090005445,257.90702869577666,259.3997497558594,6519660
2021-06-29 00:00:00+05:30,259.5892832086468,262.4088513691516,256.36693199225465,257.1251220703125,15855760
2021-06-30 00:00:00+05:30,258.19134112871285,259.6840621794578,256.84080602420823,258.5704650878906,8586644
2021-07-01 00:00:00+05:30,258.26240224020023,258.6889021801096,254.94527046830777,255.58499145507812,8658748
2021-07-02 00:00:00+05:30,255.9404282918648,256.98296132642764,252.86023414430477,255.2296142578125,8314614
2021-07-05 00:00:00+05:30,257.26728672975474,257.26728672975474,253.78428084683193,254.1633758544922,6878338
2021-07-06 00:00:00+05:30,254.25815319999484,255.08743617124276,252.03093029259574,252.38633728027344,8386882
2021-07-07 00:00:00+05:30,253.07347327131387,254.18709923069792,248.83227726564687,252.17312622070312,10755374
2021-07-08 00:00:00+05:30,253.0024105526065,254.44772658274525,250.20653055481992,251.62815856933594,9131020
2021-07-09 00:00:00+05:30,249.92223574354958,251.6044899054957,247.9556386029728,249.1640167236328,11449216
2021-07-12 00:00:00+05:30,251.50971787735304,252.1731559280403,247.93195942273783,249.18771362304688,7731112
2021-07-13 00:00:00+05:30,250.20652711630996,250.9173411137995,247.64758515610947,248.71380615234375,8344716
2021-07-14 00:00:00+05:30,249.37723795115298,266.93433747026836,249.06920699062144,266.1761474609375,58696166
2021-07-15 00:00:00+05:30,265.8445075674476,274.682308915892,264.8967553123052,272.9052734375,62132402
2021-07-16 00:00:00+05:30,274.84808135682607,279.2314343784651,269.30372634483643,273.7818603515625,73815654
2021-07-19 00:00:00+05:30,271.31771965003253,276.7436060673074,270.1093415382966,271.9100646972656,21715702
2021-07-20 00:00:00+05:30,272.81039801689826,273.9713999122848,266.1050415630217,269.20892333984375,21047054
2021-07-22 00:00:00+05:30,273.4738719298817,277.21750450006283,270.5832394351041,276.8384094238281,24086770
2021-07-23 00:00:00+05:30,277.92827798963253,285.1785751090907,276.60143095520493,283.9228210449219,28114910
2021-07-26 00:00:00+05:30,284.37299623430886,284.5625582170147,278.75757680459435,279.80010986328125,12199806
2021-07-27 00:00:00+05:30,279.06557832520673,281.79036523104276,276.8146674029944,280.2739562988281,7966274
2021-07-28 00:00:00+05:30,280.0370492569719,281.17433438950565,276.26972898617714,280.51092529296875,9147860
2021-07-29 00:00:00+05:30,281.2928020154735,283.3778681328473,278.59173176205,279.80010986328125,11668940
2021-07-30 00:00:00+05:30,279.041863647631,281.00846056483533,277.2174526651411,278.2362976074219,6356412
2021-08-02 00:00:00+05:30,278.7338840527442,282.14579722180855,275.91431591570154,280.653076171875,9247796
2021-08-03 00:00:00+05:30,286.2211083470715,286.2211083470715,281.5534412454181,284.0412902832031,10331214
2021-08-04 00:00:00+05:30,285.98414837290886,286.2210863583048,281.62448365700465,282.8091735839844,9018712
2021-08-05 00:00:00+05:30,283.1409157111535,291.1968078736466,283.1409157111535,284.7521057128906,22588728
2021-08-06 00:00:00+05:30,286.1026250399076,287.35840796542834,282.5722431781917,283.3778381347656,10540400
2021-08-09 00:00:00+05:30,284.3255824751372,287.1688382998886,282.1931406065737,282.8091735839844,9293502
2021-08-10 00:00:00+05:30,283.56742323175024,288.5668094809535,281.05585717580715,286.1500244140625,14055564
2021-08-11 00:00:00+05:30,285.22599974491493,287.40581795738046,283.5911216240167,284.91796875,8565026
2021-08-12 00:00:00+05:30,285.27333686874175,288.54309266454806,284.6336158719116,287.0977478027344,7905016
2021-08-13 00:00:00+05:30,287.1688627092747,294.0163768538759,287.1688627092747,291.6706848144531,16729368
2021-08-16 00:00:00+05:30,291.95505227638677,294.22968068423836,289.3013576980288,290.9836120605469,7144852
2021-08-17 00:00:00+05:30,290.84137287710814,301.8826770526306,289.6329949536427,300.8638610839844,23645544
2021-08-18 00:00:00+05:30,301.26663858878266,302.9015164192232,295.98291011783107,298.2575378417969,13847154
2021-08-20 00:00:00+05:30,294.9878147474446,299.46594880413346,292.8553727131257,293.8268127441406,12341386
2021-08-23 00:00:00+05:30,296.6463522842397,301.835299854022,295.4616623789512,297.99688720703125,14072750
2021-08-24 00:00:00+05:30,301.38518429958606,301.38518429958606,295.74604742662723,300.22418212890625,8967436
2021-08-25 00:00:00+05:30,300.91126455871773,304.60749163009535,298.3286345349725,299.32379150390625,12815436
2021-08-26 00:00:00+05:30,299.58443917565796,302.56985245203725,296.64640193418217,298.0443420410156,8416702
2021-08-27 00:00:00+05:30,298.3049129911398,301.3851066916043,296.3146282000672,300.8875427246094,8743108
2021-08-30 00:00:00+05:30,301.3614775396113,303.0437317199735,298.80253531941355,299.7029113769531,8743710
2021-08-31 00:00:00+05:30,300.7217049379641,304.4890250091139,298.02063481440047,303.7308349609375,15591816
2021-09-01 00:00:00+05:30,305.0813887829329,306.76364294039905,301.02975442534597,304.2521057128906,9450444
2021-09-02 00:00:00+05:30,305.65006703139414,311.3365799063968,303.6360937214974,308.7065734863281,9077556
2021-09-03 00:00:00+05:30,309.4410596117191,311.1944067754558,307.7824934422842,310.4361877441406,7549940
2021-09-06 00:00:00+05:30,311.170705934488,326.35842687553094,311.170705934488,325.2922058105469,24676832
2021-09-07 00:00:00+05:30,326.97441058641544,326.97441058641544,318.80005032175507,319.5108642578125,12812218
2021-09-08 00:00:00+05:30,320.05585861635603,320.05585861635603,312.758156723568,313.8006896972656,13432462
2021-09-09 00:00:00+05:30,313.1846376066785,314.914267529319,309.91488187091306,313.8717346191406,11611460
2021-09-13 00:00:00+05:30,313.8718157605508,318.37363860290463,311.73937336154114,317.8523864746094,11177578
2021-09-14 00:00:00+05:30,317.97080340825306,320.19802644476323,317.49692739721246,319.1318054199219,7322676
2021-09-15 00:00:00+05:30,319.39241916271226,322.49630113108395,317.4969151914202,319.4161071777344,8290832
2021-09-16 00:00:00+05:30,322.1172556473401,322.5911317130221,315.1275836785306,316.4781188964844,9315692
2021-09-17 00:00:00+05:30,318.1603511036148,319.5819790729373,314.0613122228302,315.2460021972656,10815562
2021-09-20 00:00:00+05:30,311.6919599425118,317.733879348467,309.63061077324846,313.94287109375,9092860
2021-09-21 00:00:00+05:30,312.9951411634603,317.0230877189326,311.3839509720315,316.3596496582031,7367102
2021-09-22 00:00:00+05:30,317.02305281735494,319.6293708898444,314.1797967382755,316.6202697753906,9583304
2021-09-23 00:00:00+05:30,318.8711673794221,320.8140473822181,318.16035338965355,319.5345764160156,6462586
2021-09-24 00:00:00+05:30,322.4726833391436,331.31048409908965,319.8663648110536,320.5771789550781,24253176
2021-09-27 00:00:00+05:30,321.31157941845896,321.4537364176484,308.49324086306825,309.86749267578125,16798164
2021-09-28 00:00:00+05:30,309.8675140880355,309.8675140880355,301.02971551470597,303.091064453125,16224924
2021-09-29 00:00:00+05:30,298.51822234497456,306.36086515797984,297.2861272658087,303.6360778808594,17679132
2021-09-30 00:00:00+05:30,302.6883375249083,306.47934605750993,299.7503001275221,300.48480224609375,12027918
2021-10-01 00:00:00+05:30,300.81647509854645,303.1621670526231,298.6366570961675,301.50360107421875,8417708
2021-10-04 00:00:00+05:30,303.2332886692347,304.98660687357545,301.361472532146,303.7782287597656,10494244
2021-10-05 00:00:00+05:30,301.59840945125825,307.78248594780706,300.46109539352835,306.5267028808594,10912148
2021-10-06 00:00:00+05:30,308.2089574654483,308.232645480483,300.62694157624264,301.26666259765625,9673198
2021-10-07 00:00:00+05:30,302.8068031580887,307.3323137586953,301.8116749986399,304.6786193847656,7448686
2021-10-08 00:00:00+05:30,306.1949910550937,316.3359201703181,305.650022082143,313.3031311035156,22091966
2021-10-11 00:00:00+05:30,307.5218717162404,315.7436097023034,300.91129496352426,309.3462829589844,20422932
2021-10-12 00:00:00+05:30,308.96715695435023,313.8954790026151,304.4890228979233,312.3316650390625,18680432
2021-10-13 00:00:00+05:30,315.12752750075816,319.72413030305734,310.8626436699208,318.7289733886719,18925882
2021-10-14 00:00:00+05:30,330.29154557303156,350.59711897912337,329.3437936488622,335.6226501464844,118377606
2021-10-18 00:00:00+05:30,340.7168491601356,341.5698201884347,332.8505190102388,336.33349609375,21198892
2021-10-19 00:00:00+05:30,339.81646842074286,345.9057923815885,335.5042083850323,337.18646240234375,21865148
2021-10-20 00:00:00+05:30,338.1578751562272,342.49385178087095,329.6992007977046,332.6372375488281,16108782
2021-10-21 00:00:00+05:30,335.9543815793886,335.97806959375373,323.0412611330842,329.9598388671875,15916912
2021-10-22 00:00:00+05:30,332.54247464009023,334.3195095954167,321.4063889200445,323.37298583984375,10758302
2021-10-25 00:00:00+05:30,323.53884099889603,324.2259669877604,313.1372569500136,316.4070129394531,17621916
2021-10-26 00:00:00+05:30,317.9944928597544,321.66703196189866,315.1275487646353,316.6202697753906,12193966
2021-10-27 00:00:00+05:30,316.6203077261805,319.6530972201906,314.39308441265587,318.0182189941406,12631178
2021-10-28 00:00:00+05:30,317.9708252149796,318.2551392718639,310.3888085183482,311.2891845703125,10357542
2021-10-29 00:00:00+05:30,311.92888319017715,312.47385217023026,305.2946190585213,306.47930908203125,13522634
2021-11-01 00:00:00+05:30,308.54061205928804,311.3128036540077,306.8346702495313,310.60198974609375,8802466
2021-11-02 00:00:00+05:30,311.336538410373,313.2320424494012,308.54065838356803,309.82012939453125,8079378
2021-11-03 00:00:00+05:30,312.47388849430274,313.6348617138248,308.11422291636984,309.2041320800781,6871182
2021-11-04 00:00:00+05:30,310.3887685884353,311.64455151150423,306.78732269008214,309.7727355957031,1565810
2021-11-08 00:00:00+05:30,309.41737451012483,313.23207095115833,306.8347442373298,311.9762878417969,9504460
2021-11-09 00:00:00+05:30,314.2271878538259,315.7199089362345,311.1943985777531,312.023681640625,8284130
2021-11-10 00:00:00+05:30,310.81530944812266,312.2843136182102,308.7539312987564,309.2514953613281,8091390
2021-11-11 00:00:00+05:30,307.9009567745934,307.9009567745934,301.764256276267,304.1336364746094,12067796
2021-11-12 00:00:00+05:30,307.07166011097013,313.9428623819718,306.0291270852333,312.7818603515625,12126506
2021-11-15 00:00:00+05:30,313.4926620050857,315.6014159896356,311.4076249590116,312.2369079589844,9435996
2021-11-16 00:00:00+05:30,311.99999636235503,316.90460180801364,310.22296121202976,313.4453125,11327094
2021-11-17 00:00:00+05:30,313.4452999813638,316.549182135347,311.81042192374,313.61114501953125,8854994
2021-11-18 00:00:00+05:30,314.369398342305,315.57777654362303,305.7685360496234,308.7065734863281,7842498
2021-11-22 00:00:00+05:30,311.8104050230688,312.9714069966036,302.33288511355306,305.1998291015625,11582434
2021-11-23 00:00:00+05:30,304.560106880033,307.52183184011756,296.67006001712963,304.60748291015625,9134924
2021-11-24 00:00:00+05:30,305.3182972826924,306.8820822789551,300.0108803629594,301.6220703125,7985552
2021-11-25 00:00:00+05:30,301.8590454588723,304.1336447263759,299.9635412487695,301.7168884277344,6661362
2021-11-26 00:00:00+05:30,299.48965122894816,300.6269652712085,293.6372938224317,294.4902648925781,8277074
2021-11-29 00:00:00+05:30,292.1682501908931,299.89242342241334,286.1974239930545,298.8262023925781,10376060
2021-11-30 00:00:00+05:30,298.82622128823846,305.8869859015254,298.77884525315534,301.9775085449219,26850200
2021-12-01 00:00:00+05:30,304.5126941564041,306.10019604835753,300.081965298417,300.81646728515625,9453644
2021-12-02 00:00:00+05:30,301.8116657314682,307.1190543163635,298.0680333930631,306.5030212402344,10210456
2021-12-03 00:00:00+05:30,305.53158207363884,309.8912475016513,303.2332948091332,303.6360778808594,13405010
2021-12-06 00:00:00+05:30,301.97746556620297,305.27090938249717,295.29582587693386,295.935546875,9409906
2021-12-07 00:00:00+05:30,297.5941332129874,300.6980152827393,295.22475317148275,299.67919921875,8557090
2021-12-08 00:00:00+05:30,302.8067412696283,309.4410047716232,302.4513342963071,304.0862121582031,15360658
2021-12-09 00:00:00+05:30,304.10993210028784,306.88209521400466,302.26180407574554,304.79705810546875,6865604
2021-12-10 00:00:00+05:30,304.2994829373667,306.07651792550104,300.95863402119767,302.45135498046875,8525212
2021-12-13 00:00:00+05:30,304.93919316046913,311.12326891546815,303.37540821093177,305.8395690917969,13123680
2021-12-14 00:00:00+05:30,306.12388456817325,308.91976443300274,302.92522168762343,306.5503845214844,8609412
2021-12-15 00:00:00+05:30,306.4555931817993,306.4555931817993,301.0770836105966,301.5746765136719,7123544
2021-12-16 00:00:00+05:30,305.1761108223396,307.9719904876198,302.9962930285599,305.3182678222656,12437240
2021-12-17 00:00:00+05:30,312.7581521924569,320.7192630091005,308.0667683403321,317.8760070800781,104600018
2021-12-20 00:00:00+05:30,316.3359488938333,321.05102133870406,314.1798186679864,315.5777587890625,26298202
2021-12-21 00:00:00+05:30,320.34018688880354,330.3389592594373,317.970806808265,327.3535461425781,27362096
2021-12-22 00:00:00+05:30,329.77034583607406,329.77034583607406,322.8043623050505,324.9131164550781,12327754
2021-12-23 00:00:00+05:30,327.02183063798515,332.6609668591091,326.5479546168183,329.1305847167969,12944908
2021-12-24 00:00:00+05:30,330.6470102320944,332.8505454094731,327.045563861149,330.9787292480469,13182426
2021-12-27 00:00:00+05:30,331.6421201277254,332.1870891184852,327.5194219033914,331.5236511230469,10188656
2021-12-28 00:00:00+05:30,333.134835391963,335.26727743928,332.4477093920972,334.29583740234375,10158044
2021-12-29 00:00:00+05:30,334.2010547624204,336.45196580123144,331.7368937353133,333.466552734375,7898416
2021-12-30 00:00:00+05:30,334.1299524712158,341.1433403349775,333.6087004460071,338.39483642578125,18087350
2021-12-31 00:00:00+05:30,339.2004326002883,340.62206059016637,336.0254576382749,338.9871826171875,8549558
2022-01-03 00:00:00+05:30,340.24298802710547,344.41309128794353,339.29523597131964,340.57470703125,9280810
2022-01-04 00:00:00+05:30,342.49386475074647,342.6597097746083,337.18644798693924,341.9015197753906,10228800
2022-01-05 00:00:00+05:30,341.19075954252804,341.59354261997055,333.134866608885,338.1105651855469,14711264
2022-01-06 00:00:00+05:30,334.4617068164613,337.51821309169725,331.68954352211847,334.4380187988281,12883220
2022-01-07 00:00:00+05:30,335.50421472845665,341.90154085675346,335.3146527554167,337.16278076171875,13120326
2022-01-10 00:00:00+05:30,335.97807337314686,335.97807337314686,326.97442965792857,328.63299560546875,27537820
2022-01-11 00:00:00+05:30,329.34382307358317,330.9787010734597,326.50056704704866,328.9410400390625,15487458
2022-01-12 00:00:00+05:30,331.71317439502053,332.54245733100805,323.75206399415873,327.6141357421875,23460682
2022-01-13 00:00:00+05:30,314.27460926041584,315.60145644583855,307.0716873527078,307.9009704589844,61505934
2022-01-14 00:00:00+05:30,307.66398593253143,307.66398593253143,301.6220670713227,303.18585205078125,26514548
2022-01-17 00:00:00+05:30,303.04372062332214,308.8013259463897,299.9872144508677,306.43194580078125,20457876
2022-01-18 00:00:00+05:30,307.49816575447454,308.0194178153847,299.0868662679775,300.1056823730469,14329980
2022-01-19 00:00:00+05:30,299.0157504400643,299.323781403575,293.3292385458,294.34808349609375,17382766
2022-01-20 00:00:00+05:30,294.11113324696623,294.94041619699607,289.3012805675555,291.52850341796875,16827124
2022-01-21 00:00:00+05:30,289.53499693689355,290.00964447285565,285.1682338120047,287.18548583984375,19646694
2022-01-24 00:00:00+05:30,287.39910883343623,287.39910883343623,269.8134218408864,271.8544006347656,26150716
2022-01-25 00:00:00+05:30,266.9892321816559,271.4983836585016,261.3883971939267,267.08416748046875,34712370
2022-01-27 00:00:00+05:30,263.42937663806146,264.3312185245364,254.98065647866173,258.5642395019531,31351744
2022-01-28 00:00:00+05:30,261.1035790840878,268.1521118660923,259.46606837945194,262.0766296386719,29899780
2022-01-31 00:00:00+05:30,270.07448335965825,272.6375919778612,267.0130005574132,271.783203125,26252174
2022-02-01 00:00:00+05:30,275.2481405084186,276.4347594466853,268.864124826506,273.7055358886719,20920202
2022-02-02 00:00:00+05:30,276.2448879942602,280.04206858524657,272.9223549771471,279.0927734375,16368826
2022-02-03 00:00:00+05:30,277.5264176773209,279.4724609699057,273.4681870738859,274.4649353027344,14082780
2022-02-04 00:00:00+05:30,273.8716298025354,274.2513420394201,269.6235285375575,271.3797302246094,13633558
2022-02-07 00:00:00+05:30,271.4509215707518,272.35273445436405,263.71414400971554,264.378662109375,15091358
2022-02-08 00:00:00+05:30,266.4671514474258,268.55558332676856,263.1683451154073,265.9212951660156,13953814
2022-02-09 00:00:00+05:30,267.89104945604487,270.9050493677264,267.368919845631,270.0506896972656,10207476
2022-02-10 00:00:00+05:30,271.6882457894226,272.8036558477029,268.74542543904676,272.28155517578125,11603824
2022-02-11 00:00:00+05:30,268.65048505799183,268.65048505799183,264.4261107190062,266.4908447265625,15442458
2022-02-14 00:00:00+05:30,261.0561459201036,264.4498874051396,256.309670539738,257.1165771484375,16241546
2022-02-15 00:00:00+05:30,258.96770572623444,268.29454217726123,257.8522955113616,267.3927001953125,13676992
2022-02-16 00:00:00+05:30,268.24702637213136,270.691443434219,264.6396882568382,267.6537170410156,14607822
2022-02-17 00:00:00+05:30,271.4984040533652,271.6882746652539,266.34848962049807,268.12841796875,14228840
2022-02-18 00:00:00+05:30,265.3279753268004,268.5081196444327,263.5955002146777,266.96551513671875,13411838
2022-02-21 00:00:00+05:30,263.78539271921574,271.83067499834704,263.6192776542069,270.9288330078125,17534002
2022-02-22 00:00:00+05:30,264.02270313784413,270.0744594794307,263.9514944163386,267.7724304199219,21490124
2022-02-23 00:00:00+05:30,270.16935400397693,270.9762605217608,267.0604187741642,269.1725769042969,14408512
2022-02-24 00:00:00+05:30,260.1068539585527,264.33122868573537,252.1090544349457,254.95693969726562,26953888
2022-02-25 00:00:00+05:30,260.10687027767614,265.2093316927948,259.86954649092644,263.5480651855469,15922624
2022-02-28 00:00:00+05:30,261.5307797620244,265.8500605438858,258.2557003330103,263.80908203125,18316874
2022-03-02 00:00:00+05:30,263.42941771340895,264.9957489976668,261.2460503438605,263.52435302734375,16354110
2022-03-03 00:00:00+05:30,267.22657455007,273.3732662063161,265.9687469361375,270.33551025390625,25911326
2022-03-04 00:00:00+05:30,266.27727366040665,275.29557704640973,262.97846741727864,273.0647277832031,26948372
2022-03-07 00:00:00+05:30,267.22656590377613,275.1294590589874,266.8705802475988,271.42718505859375,21112334
2022-03-08 00:00:00+05:30,271.4983854697577,280.39802660185205,271.4983854697577,278.8316955566406,22039998
2022-03-09 00:00:00+05:30,279.0927161030236,283.0797664925685,276.3160399543575,277.9060974121094,23527232
2022-03-10 00:00:00+05:30,282.4152967953145,283.1272681317733,277.47895060779183,279.21142578125,16161966
2022-03-11 00:00:00+05:30,278.6181155713466,280.0420582403654,276.43474840025954,278.2384033203125,9927188
2022-03-14 00:00:00+05:30,278.3333224454237,285.1682294772715,278.1434518458504,283.9104309082031,15006442
2022-03-15 00:00:00+05:30,286.5447394218532,286.5447394218532,277.336565116568,278.95037841796875,13853244
2022-03-16 00:00:00+05:30,282.5339431475756,284.5274685740695,281.22866243584804,283.9578857421875,11150296
2022-03-17 00:00:00+05:30,287.16177874431435,290.00966415334887,284.31389333527983,285.3581237792969,16881290
2022-03-21 00:00:00+05:30,287.20920395758003,292.38287353515625,283.83921813964844,284.78851318359375,15592952
2022-03-22 00:00:00+05:30,286.4023271722044,290.00963676152384,282.9611326279801,289.5587158203125,15580500
2022-03-23 00:00:00+05:30,291.409833827088,291.9082079001979,288.44328699883397,290.10455322265625,11393836
2022-03-24 00:00:00+05:30,288.11105804502955,291.33865553716385,287.5414752004913,289.7960510253906,7751490
2022-03-25 00:00:00+05:30,290.00963568479455,291.4335782495317,283.48323226308275,286.3785705566406,11986194
2022-03-28 00:00:00+05:30,288.5856983100014,289.06034584011655,283.412028643672,284.8834533691406,11476810
2022-03-29 00:00:00+05:30,286.21248247455264,287.32789266726536,284.38510093240075,285.97515869140625,9402006
2022-03-30 00:00:00+05:30,287.2092528234795,289.2027785489811,284.5512378362712,285.16827392578125,15488764
2022-03-31 00:00:00+05:30,284.7884805556787,286.35481140469847,280.1369411673058,280.94384765625,14476178
2022-04-01 00:00:00+05:30,280.84898474826775,286.40236734434137,279.70981894438967,285.6429138183594,8567994
2022-04-04 00:00:00+05:30,287.1617257852381,287.8736970061932,284.31384090141756,287.4465026855469,8855948
2022-04-05 00:00:00+05:30,289.76776176206636,291.7060818120641,286.22611758300195,286.7525939941406,12862488
2022-04-06 00:00:00+05:30,286.202189512236,286.202189512236,282.85199665841384,284.0724182128906,8235902
2022-04-07 00:00:00+05:30,283.3305918913029,283.3305918913029,276.3909067858571,277.99420166015625,15721530
2022-04-08 00:00:00+05:30,280.4590160420023,280.93761504548695,277.82672152283675,279.3343200683594,8636632
2022-04-11 00:00:00+05:30,279.50178851931975,279.6214382575557,271.89205348296474,273.3278503417969,17164216
2022-04-12 00:00:00+05:30,271.84421407597176,271.84421407597176,266.1967520906097,267.39324951171875,16338532
2022-04-13 00:00:00+05:30,268.01541115832214,270.6477053750557,265.4309651518937,267.6325378417969,11204576
2022-04-18 00:00:00+05:30,263.1576456753357,263.1576456753357,256.5290612801609,257.7734069824219,18930062
2022-04-19 00:00:00+05:30,260.35785919812844,261.0996818149677,251.76700120032893,253.8728485107422,13286008
2022-04-20 00:00:00+05:30,256.52904158536234,258.70666100281636,254.30354474527277,256.7683410644531,8660976
2022-04-21 00:00:00+05:30,258.9220497194273,259.6399481936956,257.1751517474957,258.0605773925781,13388782
2022-04-22 00:00:00+05:30,256.0504284095773,258.8502204749322,253.96853474163248,257.3426513671875,9782424
2022-04-25 00:00:00+05:30,253.63352089265362,254.20784547831775,250.45082617181293,253.34634399414062,9473768
2022-04-26 00:00:00+05:30,257.0076652314227,257.36661448453924,252.26952340573877,253.29852294921875,8718740
2022-04-27 00:00:00+05:30,252.22167363698836,252.22167363698836,246.23918612187953,248.36895751953125,16275078
2022-04-28 00:00:00+05:30,250.78584748230415,252.05414637262754,246.95705591768882,250.0918731689453,13241338
2022-04-29 00:00:00+05:30,252.93955988409078,252.93955988409078,242.6496818566396,243.5111541748047,24151260
2022-05-02 00:00:00+05:30,246.7177731908933,248.39286961410986,235.75785951441284,236.906494140625,43822854
2022-05-04 00:00:00+05:30,239.29948520708885,241.14209416431973,234.15454627513645,235.35104370117188,17267854
2022-05-05 00:00:00+05:30,239.77808185068483,241.07030490053592,237.5286608692941,239.84986877441406,10869532
2022-05-06 00:00:00+05:30,234.51351294562443,234.94424912989825,230.20612189152112,232.1683807373047,18441782
2022-05-09 00:00:00+05:30,230.6847214846974,234.20242710897193,227.1430917523344,231.235107421875,16675250
2022-05-10 00:00:00+05:30,231.1632904805153,231.52223968933598,227.88488478548365,228.602783203125,14969534
2022-05-11 00:00:00+05:30,229.75140840077785,230.66075804399665,221.37592720245814,225.850830078125,21029342
2022-05-12 00:00:00+05:30,224.03218742457003,227.81311647860375,221.18451762631472,226.76019287109375,14573000
2022-05-13 00:00:00+05:30,229.48821203586206,229.48821203586206,223.50572475651217,224.29541015625,16775318
2022-05-16 00:00:00+05:30,226.85592318803836,227.02343575709847,222.54853224143005,223.9843292236328,7314066
2022-05-17 00:00:00+05:30,225.42011577804274,234.034897272745,224.12789271156478,232.91018676757812,11321450
2022-05-18 00:00:00+05:30,234.94422157409517,237.0261299272017,230.01465823262154,230.32574462890625,15390968
2022-05-19 00:00:00+05:30,223.09889064161314,226.7601695734322,215.36952076206617,215.91990661621094,22945978
2022-05-20 00:00:00+05:30,221.11273071033114,221.2084563494482,217.76253782078066,219.96409606933594,12731912
2022-05-23 00:00:00+05:30,221.9741913162136,223.8885871519918,218.95902371713532,223.02711486816406,14111568
2022-05-24 00:00:00+05:30,224.19969839236114,224.75008429913086,219.19833320085496,220.13160705566406,13779460
2022-05-25 00:00:00+05:30,220.22732881800184,220.56235396314867,212.1150844618234,212.90476989746094,15481506
2022-05-26 00:00:00+05:30,213.45514912348548,217.61896617063348,212.49795114535328,216.9728546142578,11583082
2022-05-27 00:00:00+05:30,220.1555275603231,223.96039523760567,218.3607814117335,223.48179626464844,11414472
2022-05-30 00:00:00+05:30,226.44910998012568,230.44541448157605,226.44910998012568,227.93276977539062,12291148
2022-05-31 00:00:00+05:30,227.7652351593889,230.08644296535493,225.13294096009727,228.79421997070312,31587004
2022-06-01 00:00:00+05:30,229.22499366117265,229.22499366117265,224.22362833939775,225.30047607421875,10514566
2022-06-02 00:00:00+05:30,225.80297814808307,228.02847494402056,224.032170801351,226.9276885986328,10535040
2022-06-03 00:00:00+05:30,229.55997414479168,233.55627813650105,227.09519257329868,227.57379150390625,23269778
2022-06-06 00:00:00+05:30,225.89871311529646,227.5738095049226,222.16564700354505,226.47303771972656,13791156
2022-06-07 00:00:00+05:30,224.94151346698683,225.30046269060435,222.62030556645718,223.81680297851562,4701342
2022-06-08 00:00:00+05:30,225.44405151455575,225.8987264036156,222.21350828738542,225.13296508789062,5627652
2022-06-09 00:00:00+05:30,223.52963729445545,227.88489072954997,222.18956605550994,227.35842895507812,7402238
2022-06-10 00:00:00+05:30,223.6014425087825,223.6014425087825,218.38470210063952,220.61019897460938,17453098
2022-06-13 00:00:00+05:30,215.39346317205613,216.80533599264734,212.97654418703766,213.5030059814453,14130822
2022-06-14 00:00:00+05:30,210.58354140928796,217.14035297271323,209.6263434937912,213.4072723388672,13056384
2022-06-15 00:00:00+05:30,214.62771299445973,215.68062196041828,210.248520753682,210.63140869140625,11391596
2022-06-16 00:00:00+05:30,213.45513641278325,213.81408563320832,200.89191369790532,202.11233520507812,17944686
2022-06-17 00:00:00+05:30,199.09717739524194,200.41332460158068,192.42071572445087,193.92831420898438,41550546
2022-06-20 00:00:00+05:30,195.74699878584713,200.00652713413362,193.42579062238448,198.45108032226562,20750838
2022-06-21 00:00:00+05:30,201.01156710619205,204.24211014897014,199.40825763789923,203.47634887695312,12187804
2022-06-22 00:00:00+05:30,202.30378594800243,202.30378594800243,196.36914716785532,196.82382202148438,16202862
2022-06-23 00:00:00+05:30,197.4220674758565,201.3944329306741,196.8477428918362,200.556884765625,19655010
2022-06-24 00:00:00+05:30,201.49016248105178,203.88315728486475,198.97751793704816,200.41331481933594,15362102
2022-06-27 00:00:00+05:30,204.36176549614623,206.15651168024587,202.9259685488665,203.35670471191406,12447870
2022-06-28 00:00:00+05:30,201.96877014267298,205.3668258316126,198.95360240224701,204.48141479492188,12091828
2022-06-29 00:00:00+05:30,201.01156469334893,203.30883387614327,199.76720446696814,201.37051391601562,16684176
2022-06-30 00:00:00+05:30,201.92090061925498,202.44736240243068,198.61857067850764,199.12109375,12123284
2022-07-01 00:00:00+05:30,198.61857247013614,202.5430898648307,196.89561325769267,201.96876525878906,8907248
2022-07-04 00:00:00+05:30,201.4662523978816,201.8491257508682,199.09718153494055,201.1551513671875,6372716
2022-07-05 00:00:00+05:30,201.53802429229484,202.47128349771486,197.685293913978,197.9485321044922,11513210
2022-07-06 00:00:00+05:30,200.34152987540926,200.34152987540926,197.70923556521217,199.12109375,10522910
2022-07-07 00:00:00+05:30,201.01156636550863,202.90203812955204,199.6714950986778,201.39443969726562,10706024
2022-07-08 00:00:00+05:30,202.925957773896,203.26098288607815,199.36038970186996,200.58082580566406,9535432
2022-07-11 00:00:00+05:30,198.49891668909223,198.61856642790423,194.09580045853858,196.79989624023438,16689574
2022-07-12 00:00:00+05:30,195.74698443584845,198.5467914130966,195.26838545189773,195.8187713623047,9777472
2022-07-13 00:00:00+05:30,197.18277845169405,197.18277845169405,194.00009817694746,194.64620971679688,11956780
2022-07-14 00:00:00+05:30,196.51273778561148,196.51273778561148,191.6788853220222,192.13356018066406,13161242
2022-07-15 00:00:00+05:30,191.89425604898372,193.40183982980824,187.13219062432756,188.49620056152344,22328354
2022-07-18 00:00:00+05:30,190.9609772350554,194.16759597826714,189.83626680388826,193.71292114257812,13632394
2022-07-19 00:00:00+05:30,192.87537720035579,195.1726463222564,192.01390493106328,194.14366149902344,12897178
2022-07-20 00:00:00+05:30,196.608449178143,199.8150680891516,194.83764176926468,197.2306365966797,25237412
2022-07-21 00:00:00+05:30,195.67520222524723,199.81508061505747,192.68395850346494,198.13998413085938,45382342
2022-07-22 00:00:00+05:30,198.97753267297213,199.76721809557688,195.77091355611375,196.6324005126953,15468542
2022-07-25 00:00:00+05:30,196.4648727252154,198.92965444362815,195.53159891262828,198.52284240722656,12535662
2022-07-26 00:00:00+05:30,198.52285277202137,198.81001508363167,193.497563438728,193.92831420898438,15186298
2022-07-27 00:00:00+05:30,193.80867438429675,194.98123319201437,192.37287735842673,194.62228393554688,14084158
2022-07-28 00:00:00+05:30,197.08704648833148,199.57576693021335,196.6563103441507,199.09716796875,15898464
2022-07-29 00:00:00+05:30,201.29873464462247,203.06954211368344,199.95864873231716,202.7823944091797,15919784
2022-08-01 00:00:00+05:30,203.97888321794858,206.22828957341756,202.2559240355443,205.31895446777344,10365748
2022-08-02 00:00:00+05:30,205.2950384618409,206.58724694536699,203.23705408294254,205.6061248779297,16912426
2022-08-03 00:00:00+05:30,205.318962225895,207.23335814408517,204.6010637565737,206.92227172851562,12034938
2022-08-04 00:00:00+05:30,209.17167792182914,210.7271246035208,204.40962684436687,208.4298553466797,17789134
2022-08-05 00:00:00+05:30,208.74093295761745,211.54073978770865,208.74093295761745,210.5835418701172,12967586
2022-08-08 00:00:00+05:30,211.92362044837023,211.92362044837023,208.28627992015834,208.5973663330078,9557496
2022-08-10 00:00:00+05:30,208.19056228895673,208.66916128272445,204.02674520090474,205.86935424804688,11329742
2022-08-11 00:00:00+05:30,209.62634520603626,211.54074105266673,208.81272112894584,209.8417205810547,9154644
2022-08-12 00:00:00+05:30,209.19562475439545,209.8656604298423,208.19056393838403,208.71702575683594,7092398
2022-08-16 00:00:00+05:30,209.86563802089424,210.48781080901455,208.95630294376426,209.1956024169922,4774208
2022-08-17 00:00:00+05:30,209.26739060303782,212.9286696444248,208.980228312292,212.0432586669922,10401476
2022-08-18 00:00:00+05:30,211.42109650317158,211.42109650317158,207.73587856565408,208.2144775390625,16888260
2022-08-19 00:00:00+05:30,210.08101648888086,211.78003693159644,206.27614896614253,206.97012329101562,17253908
2022-08-22 00:00:00+05:30,206.22830763663765,206.22830763663765,200.5569065254115,201.01158142089844,12900580
2022-08-23 00:00:00+05:30,198.6185787561177,200.29367520345846,196.2255838313452,199.40826416015625,17028776
2022-08-24 00:00:00+05:30,199.95863063979718,200.77225467742485,198.30747306557228,199.1689453125,7429170
2022-08-25 00:00:00+05:30,200.676538488992,201.05942642117012,198.59464469335333,198.71429443359375,8753902
2022-08-26 00:00:00+05:30,200.29366802126438,202.20806389243535,199.24074444984777,199.69541931152344,7904194
2022-08-29 00:00:00+05:30,193.83258604828578,194.47869758958305,190.96099218090376,193.52149963378906,23519514
2022-08-30 00:00:00+05:30,195.8187585935216,199.07324023558024,194.4308245517041,197.92459106445312,19750992
2022-09-01 00:00:00+05:30,196.177725533915,197.01527377689217,193.7608064464538,196.4409637451172,11778706
2022-09-02 00:00:00+05:30,197.44599490483557,197.5417205390106,194.83763933889813,195.1248016357422,9815080
2022-09-05 00:00:00+05:30,194.7897979322403,195.2683969443588,193.35400089588472,194.0718994140625,18018508
2022-09-06 00:00:00+05:30,194.7897726766839,194.95728523034302,192.03782871380693,193.56935119628906,18226162
2022-09-07 00:00:00+05:30,192.4446500429719,195.67519311204023,191.91818825132071,195.00515747070312,12248532
2022-09-08 00:00:00+05:30,196.22557207523235,198.30748045619114,196.03413541385612,197.56564331054688,14064948
2022-09-09 00:00:00+05:30,199.5757655676412,200.74833885749334,196.87168437497127,199.64755249023438,14671342
2022-09-12 00:00:00+05:30,200.9397803948391,203.1173998651909,200.0782934857766,201.96876525878906,11678424
2022-09-13 00:00:00+05:30,203.3567091843382,203.8831709977223,201.72947552943648,202.2798614501953,9408334
2022-09-14 00:00:00+05:30,195.74698639823512,202.30379838636568,195.74698639823512,199.24075317382812,17583964
2022-09-15 00:00:00+05:30,200.8680142138175,201.44232427348578,197.78104469749988,198.64251708984375,10640314
2022-09-16 00:00:00+05:30,197.54171451540344,197.54171451540344,191.53530359893963,192.22926330566406,20192486
2022-09-19 00:00:00+05:30,193.83258480044717,194.4069094124989,190.0037930019198,192.37286376953125,13584188
2022-09-20 00:00:00+05:30,194.31119081641722,195.93842446862024,193.56936822084413,193.78472900390625,8989822
2022-09-21 00:00:00+05:30,194.2633199949719,194.2633199949719,191.20028949244946,191.7985382080078,19290112
2022-09-22 00:00:00+05:30,190.48240494305762,191.60711553157148,189.04660792087378,190.45848083496094,16500324
2022-09-23 00:00:00+05:30,190.5302656671489,191.1524385276386,188.40049426541913,188.7355194091797,13966710
2022-09-26 00:00:00+05:30,187.61081058183913,191.0567292715337,184.06918085423683,188.9508819580078,18994144
2022-09-27 00:00:00+05:30,189.9080668462487,192.10962504552813,187.6107976156763,190.673828125,12454694
2022-09-28 00:00:00+05:30,189.52519507713615,191.67889047573996,189.2141086629186,190.50631713867188,8921590
2022-09-29 00:00:00+05:30,191.91818495766154,192.3489211050088,187.39541889631195,187.99366760253906,11883068
2022-09-30 00:00:00+05:30,187.82616505547696,189.86021060690038,185.4570943944879,188.68763732910156,13570530
2022-10-03 00:00:00+05:30,188.5201344450969,190.48239317532577,186.94076366053898,188.8072967529297,8140834
2022-10-04 00:00:00+05:30,191.41568073907777,194.31119892012177,190.96100583529207,194.0718994140625,12591696
2022-10-06 00:00:00+05:30,195.9144899501423,197.6613732575534,195.00515483450047,196.29736328125,11203878
2022-10-07 00:00:00+05:30,196.1298478715208,197.063121685345,194.43082740660935,195.3162384033203,7580186
2022-10-10 00:00:00+05:30,191.58315920537217,197.90067136447934,191.31993561777657,196.84774780273438,18714926
2022-10-11 00:00:00+05:30,198.57069907146402,200.00649590438232,192.54034945207104,193.54541015625,22723292
2022-10-12 00:00:00+05:30,193.4736389792684,196.0341464607983,192.20535459478927,195.2444610595703,12610118
2022-10-13 00:00:00+05:30,185.21780337197094,187.77831081000662,180.95827541452707,181.43687438964844,84896212
2022-10-14 00:00:00+05:30,185.21780973725117,185.4571092330357,180.07287057788307,180.5753936767578,27864794
2022-10-17 00:00:00+05:30,180.5753851646993,181.36508514810873,178.23025313769307,179.52247619628906,16909538
2022-10-18 00:00:00+05:30,183.63844003380484,183.90166363850966,181.10185659951952,181.5325927734375,22328480
2022-10-19 00:00:00+05:30,182.4419399262393,182.4419399262393,180.4557424430356,180.93434143066406,10198278
2022-10-20 00:00:00+05:30,180.43179977237006,183.11195674848037,179.9532008339818,182.5854949951172,11868814
2022-10-21 00:00:00+05:30,183.06411910495385,183.4469924660376,181.96334723757613,183.08804321289062,8931540
2022-10-24 00:00:00+05:30,184.93062909495163,184.93062909495163,183.78199455014934,184.1170196533203,3472470
2022-10-25 00:00:00+05:30,184.95458079543715,184.95458079543715,183.61449489431598,184.0930938720703,5783256
2022-10-27 00:00:00+05:30,184.73920426201335,185.19387913031943,182.3940722067666,183.13589477539062,11723118
2022-10-28 00:00:00+05:30,183.20768979511092,184.66742549606994,182.82481644064947,183.42306518554688,7609676
2022-10-31 00:00:00+05:30,185.00242614746094,185.88783716374923,184.14095384309914,185.00242614746094,6638382
2022-11-01 00:00:00+05:30,185.69639831132955,188.08939313492917,185.02636268185793,187.80223083496094,11540196
2022-11-02 00:00:00+05:30,188.01760560219003,188.9748035285286,186.96468204094512,188.5440673828125,6716614
2022-11-03 00:00:00+05:30,186.5339481741612,188.44834405022698,184.52382666201953,185.93569946289062,10312476
2022-11-04 00:00:00+05:30,185.93570228173505,187.80223536806014,184.57169227822305,186.9168243408203,9023630
2022-11-07 00:00:00+05:30,188.08940422671964,188.9748152848012,185.5049725859622,187.3715057373047,8252598
2022-11-09 00:00:00+05:30,188.59190613526212,188.75941868510557,186.2467742544951,187.10826110839844,6862546
2022-11-10 00:00:00+05:30,186.07927341240483,187.18005980514948,185.21780110997983,186.12713623046875,5494908
2022-11-11 00:00:00+05:30,190.72169588245578,194.23940134998125,190.1234471500767,191.2960205078125,28417046
2022-11-14 00:00:00+05:30,192.70787836005553,192.70787836005553,189.30982264593155,189.78842163085938,17623428
2022-11-15 00:00:00+05:30,190.50631293129808,191.2242113816444,188.56799295763554,190.07557678222656,12462712
2022-11-16 00:00:00+05:30,190.9609847419006,192.25320777415584,189.62091349826497,190.60203552246094,11039528
2022-11-17 00:00:00+05:30,190.43452590514883,190.48238872294917,189.04659182302743,189.88414001464844,6057616
2022-11-18 00:00:00+05:30,190.41059637353703,190.9131194319182,187.99366289746132,188.49620056152344,9546202
2022-11-21 00:00:00+05:30,188.49621262256193,188.7833749338744,185.50496897489427,186.0074920654297,7904612
2022-11-22 00:00:00+05:30,186.17501030988686,186.36644698804076,184.02131481787018,186.07928466796875,8410828
2022-11-23 00:00:00+05:30,187.0125568745604,187.58688150953824,185.69640964127814,186.05535888671875,6717760
2022-11-24 00:00:00+05:30,186.60573129156313,191.31993396134027,186.24678207212347,190.60203552246094,13370266
2022-11-25 00:00:00+05:30,190.96099280624594,193.54542437421668,189.47733304877033,192.7796630859375,13648550
2022-11-28 00:00:00+05:30,192.77965156790958,195.96234627573557,192.39677824948643,194.14366149902344,13679200
2022-11-29 00:00:00+05:30,192.8753882865677,195.69911933786497,192.8275254675935,193.9043731689453,9102602
2022-11-30 00:00:00+05:30,194.74192810058594,195.26838991610404,192.7078823722932,194.74192810058594,13892346
2022-12-01 00:00:00+05:30,197.58958688179996,199.2646832699853,197.01526227786385,197.99639892578125,15852984
2022-12-02 00:00:00+05:30,198.04427278144308,198.0921356055821,195.77092738883155,197.37423706054688,11726622
2022-12-05 00:00:00+05:30,197.78103218943914,198.59465631295103,196.53667189699593,197.3502960205078,9947062
2022-12-06 00:00:00+05:30,196.46487679793862,197.46993755409483,195.17265373921188,196.87168884277344,8832518
2022-12-07 00:00:00+05:30,195.7469807651372,195.98628025262516,193.97615871545378,194.4547576904297,6568616
2022-12-08 00:00:00+05:30,194.90943927863916,195.26838852224623,193.01896742003575,193.21041870117188,8940712
2022-12-09 00:00:00+05:30,194.31118249907257,194.31118249907257,187.25184766690185,188.5919189453125,15423336
2022-12-12 00:00:00+05:30,188.04154609674572,190.24310444033642,185.6964138939636,189.69271850585938,10365880
2022-12-13 00:00:00+05:30,190.64990950588987,191.1285084931743,189.52519896463505,190.3627471923828,6813842
2022-12-14 00:00:00+05:30,191.8224654705927,193.59328754005503,191.08064289336704,191.46351623535156,9995152
2022-12-15 00:00:00+05:30,191.31993819611466,191.31993819611466,188.59191822571736,189.14231872558594,7766926
2022-12-16 00:00:00+05:30,187.3236361945453,188.95086979102092,185.72032670458543,186.53395080566406,18012634
2022-12-19 00:00:00+05:30,185.9117811272303,186.8929032018945,184.59563392158316,186.1989288330078,8838046
2022-12-20 00:00:00+05:30,186.0792757396732,186.60573753359793,183.30340752542503,186.1510772705078,8778558
2022-12-21 00:00:00+05:30,187.08432699198235,188.20903744777146,185.62460603396048,186.41429138183594,10215214
2022-12-22 00:00:00+05:30,186.7014704496483,187.58688150953824,184.7392116534365,186.05535888671875,9093800
2022-12-23 00:00:00+05:30,183.78201115408814,184.66742220187834,180.43181824242507,180.74290466308594,12120710
2022-12-26 00:00:00+05:30,180.91040568408138,182.6333648498279,180.09678161518744,182.10690307617188,7261148
2022-12-27 00:00:00+05:30,183.06410846322842,185.38531641978085,181.9872607663859,185.0263671875,7685840
2022-12-28 00:00:00+05:30,184.26060619653225,186.4382257002186,183.42305798654803,185.60067749023438,7676002
2022-12-29 00:00:00+05:30,184.85886249798503,187.65866955015892,184.16488811041225,187.01255798339844,9485398
2022-12-30 00:00:00+05:30,188.08940682996996,189.66877768626927,187.39543243832435,187.96975708007812,8256556
2023-01-02 00:00:00+05:30,188.0894029191592,188.52013908867735,186.89290544511874,188.1133270263672,5559512
2023-01-03 00:00:00+05:30,188.11332923874684,190.3627503586709,187.46723227971196,190.02772521972656,5994422
2023-01-04 00:00:00+05:30,190.24309115961313,190.24309115961313,185.98356323465998,186.51002502441406,8926522
2023-01-05 00:00:00+05:30,186.6535968504029,187.70652041849823,183.66235331113361,185.16993713378906,9568980
2023-01-06 00:00:00+05:30,185.21779332984806,186.07926559608666,182.53763629334458,182.82479858398438,8484754
2023-01-09 00:00:00+05:30,184.73920742466683,188.08940030542504,184.3084712611343,187.51507568359375,7347432
2023-01-10 00:00:00+05:30,187.61080392954304,188.52013908867735,185.38532154896419,188.1133270263672,7879496
2023-01-11 00:00:00+05:30,188.08938853033436,189.52518538934456,187.37149010082928,188.49620056152344,7656600
2023-01-12 00:00:00+05:30,189.405545475214,190.4345303564067,186.89290084161988,188.8072967529297,9510500
2023-01-13 00:00:00+05:30,189.52520241428988,189.81236473302374,184.9785119523309,188.5201416015625,13621860
2023-01-16 00:00:00+05:30,186.65360750153604,191.91819643106655,186.17500850794235,190.76956176757812,23867444
2023-01-17 00:00:00+05:30,191.46352606051084,192.42072407027356,188.44835817203136,189.69271850585938,14310032
2023-01-18 00:00:00+05:30,190.7216940578069,193.28220152902924,190.48239456714464,192.9711151123047,16080426
2023-01-19 00:00:00+05:30,192.44464542933926,193.3539805354738,190.8413359864361,193.0668182373047,9447456
2023-01-20 00:00:00+05:30,193.1386107413497,194.02402176725545,192.06176304635986,192.94717407226562,9265614
2023-01-23 00:00:00+05:30,193.92829217303645,195.14871360160208,192.6360692204656,194.78976440429688,8815290
2023-01-24 00:00:00+05:30,195.94124614126167,196.80485494664046,194.3819683266775,195.07765197753906,9552640
2023-01-25 00:00:00+05:30,194.30999377564507,194.7417908334821,191.91110496360005,192.65475463867188,6355554
2023-01-27 00:00:00+05:30,192.6547623971893,193.63831563473022,189.12840741479545,190.9755401611328,7410134
2023-01-30 00:00:00+05:30,190.975528172505,194.21402799588617,189.53619491766892,192.9906005859375,7261256
2023-01-31 00:00:00+05:30,193.01459959509216,193.13454404292446,190.8076334683026,191.359375,9566846
2023-02-01 00:00:00+05:30,192.63079444370754,193.78225828166478,191.11949724128507,193.06259155273438,7029896
2023-02-02 00:00:00+05:30,193.06258036799642,196.70889451166585,193.06258036799642,196.4450225830078,10835460
2023-02-03 00:00:00+05:30,197.93231874563085,198.14822460488938,194.8617438592616,195.70135498046875,8850236
2023-02-06 00:00:00+05:30,194.50190791780406,194.88573892449688,192.67875822139456,194.14207458496094,5958022
2023-02-07 00:00:00+05:30,194.54988987764318,194.54988987764318,191.45531733858675,192.1510009765625,6683580
2023-02-08 00:00:00+05:30,192.39090522902103,195.5574417596256,192.39090522902103,195.14962768554688,8300976
2023-02-09 00:00:00+05:30,195.1496150565797,196.20513204569323,193.61432027998845,195.8932647705078,5277374
2023-02-10 00:00:00+05:30,195.26957163486537,195.26957163486537,193.2544989456069,194.69383239746094,5160140
2023-02-13 00:00:00+05:30,194.62186190477692,194.62186190477692,191.5273038755873,192.19898986816406,4825356
2023-02-14 00:00:00+05:30,193.35046533844266,195.00570470730815,192.63079859400676,194.35800170898438,4638822
2023-02-15 00:00:00+05:30,193.20652469684774,195.67737742291666,192.07904394563482,195.4614715576172,5227672
2023-02-16 00:00:00+05:30,196.13316067602892,198.26817776329452,196.01321622487146,196.66091918945312,11189362
2023-02-17 00:00:00+05:30,195.19760239738704,195.749343943406,193.83023272827455,194.9337158203125,5616244
2023-02-20 00:00:00+05:30,194.4539374298973,195.65338193573595,192.96663795598266,195.29354858398438,6497188
2023-02-21 00:00:00+05:30,195.46146299745737,195.74933259136407,192.9186466415358,193.23049926757812,5761172
2023-02-22 00:00:00+05:30,191.671234392226,192.0790484575621,189.24836231727232,189.58419799804688,6883372
2023-02-23 00:00:00+05:30,189.89604583737867,191.28741315937663,188.74458205508412,189.0084686279297,6078322
2023-02-24 00:00:00+05:30,189.96801706335674,190.23188898460495,188.33676090476686,188.69659423828125,5106634
2023-02-27 00:00:00+05:30,188.4327290387788,188.69660096943983,184.93035699096498,187.28126525878906,5554710
2023-02-28 00:00:00+05:30,188.00092490338503,188.64862783086465,185.05029450226212,185.69798278808594,10061602
2023-03-01 00:00:00+05:30,186.20176790903096,187.95295395823007,185.81793688238653,187.5691375732422,4542612
2023-03-02 00:00:00+05:30,186.4896474526462,187.28127793988813,185.81794678065202,186.1777801513672,4438972
2023-03-03 00:00:00+05:30,187.40120262982242,187.8090166686151,186.6815359643021,187.32923889160156,4393936
2023-03-06 00:00:00+05:30,188.28880082891575,190.30385877569282,188.1208756729369,188.91250610351562,6727722
2023-03-08 00:00:00+05:30,187.90496879199497,188.55267173774598,186.56159683474988,188.3607635498047,4908842
2023-03-09 00:00:00+05:30,188.45672251037604,188.9604980081641,186.92144226590364,187.1613311767578,4157054
2023-03-10 00:00:00+05:30,186.1057946310313,187.065350174003,185.48208938476193,186.68153381347656,4567396
2023-03-13 00:00:00+05:30,186.63356422024086,188.36076722875947,184.1147307699677,184.93035888671875,5982520
2023-03-14 00:00:00+05:30,185.45809198786145,185.74596157951353,181.04414526860023,182.0516815185547,8094852
2023-03-15 00:00:00+05:30,184.09074380215822,184.09074380215822,179.868690466942,180.27650451660156,7687926
2023-03-16 00:00:00+05:30,180.08460689840757,180.73230988098064,177.51779264400741,178.88516235351562,7686620
2023-03-17 00:00:00+05:30,180.9721875887186,181.52392911688753,179.36492906971296,180.63633728027344,9044282
2023-03-20 00:00:00+05:30,179.9166799035573,180.3724746826424,175.19086551642582,176.15042114257812,8184754
2023-03-21 00:00:00+05:30,177.03799825839909,177.6377204747216,175.3347930207055,175.7905731201172,7211152
2023-03-22 00:00:00+05:30,176.48625674771353,177.5177760314571,175.52670120159755,175.7905731201172,5374846
2023-03-23 00:00:00+05:30,175.0709236672272,175.0709236672272,172.88794044192292,173.43968200683594,9485192
2023-03-24 00:00:00+05:30,174.3272634836592,176.00648575404216,173.1997827452137,173.5596160888672,7906696
2023-03-27 00:00:00+05:30,173.5596215693596,174.63912163440745,172.33619401896803,173.31973266601562,6227714
2023-03-28 00:00:00+05:30,174.15934917368648,174.66311002950948,170.51303480260017,170.89686584472656,7813096
2023-03-29 00:00:00+05:30,171.76044512062964,173.0798340147127,170.32111178162995,172.2642059326172,8823840
2023-03-31 00:00:00+05:30,174.32728609018167,175.47875001086186,173.3437327049892,175.23886108398438,7914212
2023-04-03 00:00:00+05:30,176.53424072265625,176.7501319395371,175.19085414822177,176.53424072265625,4053500
2023-04-05 00:00:00+05:30,177.37387463049944,178.4293771013945,176.17443002153382,177.39785766601562,6443110
2023-04-06 00:00:00+05:30,177.03801854393402,177.73370225124387,175.52672131396363,175.91053771972656,6429614
2023-04-10 00:00:00+05:30,176.5582272630138,179.62880220012627,176.3663190747548,179.10104370117188,5624940
2023-04-11 00:00:00+05:30,179.19700363952515,179.84470658101128,176.8460954089978,177.63772583007812,6784354
2023-04-12 00:00:00+05:30,177.80565143159222,179.17302105780337,177.20592919567997,178.54930114746094,5578210
2023-04-13 00:00:00+05:30,177.46979580479575,177.46979580479575,175.59866541315068,176.7021484375,6724634
2023-04-17 00:00:00+05:30,172.69602032521195,173.65557589942253,168.88178106106244,173.36770629882812,13603290
2023-04-18 00:00:00+05:30,174.37525143026588,176.9900317177058,172.36017876548888,176.51025390625,8024898
2023-04-19 00:00:00+05:30,176.5102615976725,176.5102615976725,172.91192785495699,173.1038360595703,7475944
2023-04-20 00:00:00+05:30,172.95990626557787,174.49520116537488,172.24023952660875,174.08738708496094,4423266
2023-04-21 00:00:00+05:30,174.68710082056617,176.89408164042254,174.47119495277607,176.58221435546875,5299988
2023-04-24 00:00:00+05:30,179.9166808374162,181.6438839017868,177.78166370148276,181.33203125,17779044
2023-04-25 00:00:00+05:30,181.4519730807914,181.78780876183882,179.48488113707418,180.22853088378906,7528552
2023-04-26 00:00:00+05:30,181.18808930458417,181.18808930458417,179.14903358635328,179.70077514648438,7008146
2023-04-27 00:00:00+05:30,180.58835500667533,180.68431642015761,178.50131871751182,179.62879943847656,8491700
2023-04-28 00:00:00+05:30,182.31555809912743,186.15378037489853,182.31555809912743,184.71444702148438,27709406
2023-05-02 00:00:00+05:30,186.63356895821312,188.14486613841228,185.8899192059164,186.32171630859375,9746608
2023-05-03 00:00:00+05:30,186.3216983941291,186.3216983941291,183.29908968269183,184.76242065429688,4828488
2023-05-04 00:00:00+05:30,184.59450484177228,185.26619081994784,183.77887674149443,184.0907440185547,6253358
2023-05-05 00:00:00+05:30,183.6349532632212,184.42658370624017,181.83578651015242,182.02769470214844,7902194
2023-05-08 00:00:00+05:30,182.7953579181901,183.75491360280003,182.12367186729472,182.48350524902344,9613544
2023-05-09 00:00:00+05:30,183.51501354332322,183.97080832251189,182.33955204435682,183.41905212402344,5716698
2023-05-10 00:00:00+05:30,184.2346752850163,184.49854721847547,183.2751196845735,184.11473083496094,3670402
2023-05-11 00:00:00+05:30,185.0502995124891,185.60204104281536,183.80287432980177,184.54652404785156,4049964
2023-05-12 00:00:00+05:30,184.52253507749487,184.83438770271795,183.05920407967005,183.8748321533203,4580358
2023-05-15 00:00:00+05:30,183.87483532770221,185.67400201388327,183.515001990466,185.07427978515625,5089694
2023-05-16 00:00:00+05:30,185.91389634576169,186.53760162522684,185.43411854874034,185.6500244140625,4059352
2023-05-17 00:00:00+05:30,185.29019730877107,185.84193886560263,182.9632719864917,183.41905212402344,5376102
2023-05-18 00:00:00+05:30,184.81041348328122,184.88237722458646,183.39506312376682,183.56298828125,4237016
2023-05-19 00:00:00+05:30,184.61850622259223,186.2497625852673,183.99480088979834,185.2902069091797,7281582
2023-05-22 00:00:00+05:30,185.43412552313646,190.27988438363778,184.9063669982321,189.8720703125,12197390
2023-05-23 00:00:00+05:30,190.47177774392478,192.91864733848772,190.01598299845458,190.78363037109375,12725634
2023-05-24 00:00:00+05:30,189.2723461847684,192.12703001303916,188.72060463119232,191.76719665527344,8256974
2023-05-25 00:00:00+05:30,191.43135275725655,191.43135275725655,188.3847606309086,189.0804443359375,13605054
2023-05-26 00:00:00+05:30,189.58420728140487,193.13456030790584,189.51224353497625,192.7267608642578,7926180
2023-05-29 00:00:00+05:30,193.8302276086233,194.7897831908442,191.5992638082909,191.81515502929688,7959308
2023-05-30 00:00:00+05:30,191.91112068128882,193.75826814617753,191.64724874701466,193.11056518554688,7378972
2023-05-31 00:00:00+05:30,192.75074802656394,194.2140645880241,192.1510257240544,193.66232299804688,11783582
2023-06-01 00:00:00+05:30,194.31001808568473,195.7493515529861,193.85422329770975,195.34153747558594,7065484
2023-06-02 00:00:00+05:30,196.08519275129433,196.61293661806235,193.83023123423348,194.28602600097656,6320754
2023-06-05 00:00:00+05:30,196.18112468331137,196.58893871085962,193.68628909662317,193.92617797851562,7252860
2023-06-06 00:00:00+05:30,193.51838766452207,193.51838766452207,189.77611186343185,191.88714599609375,13707400
2023-06-07 00:00:00+05:30,193.0625778981739,193.6383170972613,192.39089192700933,193.25448608398438,8215860
2023-06-08 00:00:00+05:30,193.87821879985557,194.19007145260926,191.31140455028523,191.69522094726562,10615052
2023-06-09 00:00:00+05:30,191.64725668596827,192.07905379705699,190.01600037927759,190.61572265625,12018232
2023-06-12 00:00:00+05:30,191.8151525157571,191.8151525157571,189.32031681966873,189.8000946044922,11973622
2023-06-13 00:00:00+05:30,190.92758625086762,191.19145819095525,189.2723469418616,189.77610778808594,13016186
2023-06-14 00:00:00+05:30,190.1359531288524,190.5437672233149,188.4087646091535,190.2079315185547,18512564
2023-06-15 00:00:00+05:30,190.51977492095543,190.6877000859965,186.27373829296465,186.60958862304688,28702320
2023-06-16 00:00:00+05:30,184.9783102488722,186.46562423913338,181.90773550096043,182.9392547607422,41110648
2023-06-19 00:00:00+05:30,183.2751193228092,183.2751193228092,180.92421103469607,182.3875274658203,10629440
2023-06-20 00:00:00+05:30,183.17916432052266,184.69047615448244,182.60343972622763,183.5150146484375,11802658
2023-06-21 00:00:00+05:30,184.3546234407932,185.7939568703895,183.8028818877793,184.954345703125,8829264
2023-06-22 00:00:00+05:30,185.1942358894713,185.1942358894713,183.08321643978798,183.41905212402344,9356174
2023-06-23 00:00:00+05:30,183.4190309589655,183.75488124610348,181.40397316110315,182.29156494140625,6470406
2023-06-26 00:00:00+05:30,182.31556313986064,183.22713802722868,181.85976837534844,182.7473602294922,4100400
2023-06-27 00:00:00+05:30,184.3546187189206,184.3546187189206,183.03522977558416,183.56298828125,5880750
2023-06-28 00:00:00+05:30,184.1147337175494,184.1147337175494,182.69938332807428,183.13119506835938,7140112
2023-06-30 00:00:00+05:30,184.71444576618885,186.99339022694053,183.75489020376708,186.7055206298828,9070810
2023-07-03 00:00:00+05:30,188.98446448188062,188.98446448188062,186.87344517968393,187.8809814453125,9036924
2023-07-04 00:00:00+05:30,188.9125157809671,190.63971885358166,188.5526824175748,189.96803283691406,12617234
2023-07-05 00:00:00+05:30,189.0804432329184,189.7041485470141,188.00094312968238,188.98448181152344,12366958
2023-07-06 00:00:00+05:30,189.27233881643255,190.4478002627028,188.62463586933785,190.0879669189453,9037242
2023-07-07 00:00:00+05:30,189.51224511539513,190.68770666960936,188.64865086773486,189.92005920410156,9065220
2023-07-10 00:00:00+05:30,189.92005699715133,189.92005699715133,186.94542859349664,187.08937072753906,5630400
2023-07-11 00:00:00+05:30,187.1133546109217,188.45672668479864,186.08183519973144,188.09689331054688,9634838
2023-07-12 00:00:00+05:30,188.98446940339784,189.00846707799957,187.28126409789317,188.0009307861328,6848220
2023-07-13 00:00:00+05:30,188.00092954473743,191.23942962043154,187.71305994301116,189.17637634277344,13595726
2023-07-14 00:00:00+05:30,189.3922939571803,194.5499055088958,188.24083012047757,194.33399963378906,31366784
2023-07-17 00:00:00+05:30,195.26955550237994,203.88157246780818,194.6938163125411,199.22772216796875,45759860
2023-07-18 00:00:00+05:30,200.5471159353396,201.65059899411082,197.7883936467554,200.16329956054688,17769026
2023-07-19 00:00:00+05:30,201.506686266455,201.98646409089892,198.6999830651265,200.5231475830078,10830990
2023-07-20 00:00:00+05:30,200.78699493736278,201.5066615858838,198.9398476111611,200.37918090820312,8255710
2023-07-21 00:00:00+05:30,194.31000413989372,198.7959293860225,192.39089298789477,194.16607666015625,23514212
2023-07-24 00:00:00+05:30,194.9337175976508,195.74934572818094,193.59034559147304,193.85421752929688,6808460
2023-07-25 00:00:00+05:30,194.54989704128113,194.54989704128113,191.91111915292836,192.10302734375,6458200
2023-07-26 00:00:00+05:30,193.59033259954757,193.63831330547464,192.58279634170202,193.23049926757812,5329662
2023-07-27 00:00:00+05:30,193.8302403208653,195.07766558789535,191.43135120798328,191.88714599609375,8948358
2023-07-28 00:00:00+05:30,192.41486912458714,193.2784778970291,190.2558691559657,191.31138610839844,6760060
2023-07-31 00:00:00+05:30,191.79118305100147,194.78979441827792,191.4073666526529,194.33399963378906,6762180
2023-08-01 00:00:00+05:30,194.54990651250122,195.74935106559926,193.8542228150415,195.24559020996094,7181804
2023-08-02 00:00:00+05:30,194.74180014691342,194.74180014691342,191.43133635630107,193.25448608398438,5399618
2023-08-03 00:00:00+05:30,192.87067533687124,192.87067533687124,190.49576937344867,191.74319458007812,6821698
2023-08-04 00:00:00+05:30,192.31894294988967,196.70890709452132,192.0550563626954,196.15716552734375,12481540
2023-08-07 00:00:00+05:30,196.68491081312843,198.14822721556396,195.77332129905392,197.26063537597656,8822866
2023-08-08 00:00:00+05:30,197.86036496698637,200.30723471458572,196.68491812311638,199.7554931640625,15724284
2023-08-09 00:00:00+05:30,199.34767354590457,200.7870069289075,197.93232319595583,200.45115661621094,9309388
2023-08-10 00:00:00+05:30,200.1153285187844,201.890497640011,199.37166412442753,200.85897827148438,9901644
2023-08-11 00:00:00+05:30,200.85896925098518,202.5381915192943,197.83637502469128,198.17221069335938,7571468
2023-08-14 00:00:00+05:30,198.26817365358596,199.6835240045693,196.46900692351713,199.17974853515625,5792180
2023-08-16 00:00:00+05:30,198.69997811526994,201.60264266584124,198.62801437172752,200.85897827148438,8131780
2023-08-17 00:00:00+05:30,200.85896576460138,201.69857688418247,198.8678908950688,200.33120727539062,6340960
2023-08-18 00:00:00+05:30,199.13176474803922,199.75548465647853,195.74933720447726,197.52452087402344,10602392
2023-08-21 00:00:00+05:30,197.5724916743653,200.23526724249953,197.50052793288197,198.91587829589844,7334260
2023-08-22 00:00:00+05:30,199.10778960621496,200.59510373401443,198.02828954208488,200.11532592773438,6350240
2023-08-23 00:00:00+05:30,200.18727772326298,200.5231280242783,198.91586954082928,199.22772216796875,6134234
2023-08-24 00:00:00+05:30,200.90695279810024,201.50667504525873,197.66845266344427,198.00430297851562,5776956
2023-08-25 00:00:00+05:30,196.70889940819586,197.33260469599824,195.3175467065668,196.56497192382812,6598510
2023-08-28 00:00:00+05:30,197.40457157965855,197.8843493551428,195.58140724782496,195.7733154296875,3401974
2023-08-29 00:00:00+05:30,196.540967216938,197.6204672360442,195.3175397186134,195.7973175048828,3998562
2023-08-30 00:00:00+05:30,196.70889626347042,196.80485767928587,195.10163771932787,195.3655242919922,4018182
2023-08-31 00:00:00+05:30,195.74933022358908,196.70888576390078,195.00568053650974,195.9412384033203,22061952
2023-09-01 00:00:00+05:30,195.72536250771716,200.4271791665106,195.50945663758964,199.7554931640625,8476130
2023-09-04 00:00:00+05:30,200.547105227434,209.4229938559209,199.58754970003,208.2715301513672,27634648
2023-09-05 00:00:00+05:30,209.0871606556789,209.90278877730478,206.44838273962137,207.19204711914062,17973426
2023-09-06 00:00:00+05:30,208.10361441376605,208.9672085708092,204.3373558701079,205.96859741210938,13531912
2023-09-07 00:00:00+05:30,206.28046133811915,208.07962800413952,204.74516659311942,207.67181396484375,9322650
2023-09-08 00:00:00+05:30,207.95968254066483,207.95968254066483,205.96859306003464,206.304443359375,5748410
2023-09-11 00:00:00+05:30,207.74378632011067,209.9027864088878,206.3524336356745,208.63137817382812,8253314
2023-09-12 00:00:00+05:30,209.7108902427004,211.8219097444381,204.8171505708772,208.70335388183594,14545328
2023-09-13 00:00:00+05:30,208.67936646789127,210.11869991273247,207.0241271496611,209.03919982910156,7445670
2023-09-14 00:00:00+05:30,210.33457521729372,212.6615003719166,208.8472611752503,209.39901733398438,14895010
2023-09-15 00:00:00+05:30,211.00628052934863,212.90140878534018,210.26263076095847,211.6060028076172,19835876
2023-09-18 00:00:00+05:30,211.60598560422406,211.60598560422406,208.79929728343438,209.23109436035156,6025196
2023-09-20 00:00:00+05:30,208.34350716893448,209.59093236241077,205.84865678198187,206.35243225097656,9102700
2023-09-21 00:00:00+05:30,206.25645452200595,206.90415742139527,202.96997396274958,205.80067443847656,8893070
2023-09-22 00:00:00+05:30,203.6176885601741,204.74516928067771,199.87542770239176,200.78700256347656,19818260
2023-09-25 00:00:00+05:30,200.78701431746785,201.38673658245432,197.66845853953825,198.67599487304688,9301132
2023-09-26 00:00:00+05:30,199.97139613449625,199.97139613449625,197.52454088487866,198.1002655029297,6480566
2023-09-27 00:00:00+05:30,197.78840556316405,199.85144432486777,196.8528329609629,199.41964721679688,7773994
2023-09-28 00:00:00+05:30,199.8274553775947,199.8274553775947,193.83023282724673,194.47793579101562,16876116
2023-09-29 00:00:00+05:30,194.31000565482734,196.34906126972368,192.63078338373623,194.8137664794922,12780272
2023-10-03 00:00:00+05:30,195.00568721040395,195.79731762992284,193.63831759033164,194.52590942382812,5728104
2023-10-04 00:00:00+05:30,193.20653675037875,194.52592577436118,192.22298342023385,194.2620391845703,6905870
2023-10-05 00:00:00+05:30,195.72535541535038,196.9008022166265,194.31000507726094,195.17359924316406,8125304
2023-10-06 00:00:00+05:30,195.74934716627249,196.61294137063743,195.24558632066908,195.67738342285156,6365004
2023-10-09 00:00:00+05:30,193.92619911765033,197.18868241035594,193.54236807978924,194.59788513183594,6030450
2023-10-10 00:00:00+05:30,194.98170679250697,196.10918761907655,194.8857600116939,195.62940979003906,5128014
2023-10-11 00:00:00+05:30,196.22911350184197,203.4017972236695,196.22911350184197,202.05841064453125,19092228
2023-10-12 00:00:00+05:30,202.34628979860523,202.41825354121588,198.96386212099364,200.11532592773438,10234398
2023-10-13 00:00:00+05:30,197.62047580751258,198.8199203252101,196.25310612900606,197.21266174316406,10914054
2023-10-16 00:00:00+05:30,197.18868701062698,197.62048412684433,195.8213172745576,196.80487060546875,5277652
2023-10-17 00:00:00+05:30,197.52452684231957,198.5560461877778,197.21265955784864,197.38058471679688,5979388
2023-10-18 00:00:00+05:30,196.2291233781943,198.46008725599646,195.269567762653,195.4854736328125,4881066
2023-10-19 00:00:00+05:30,188.04891453089652,190.35184211379593,187.16132267273403,189.65615844726562,25629102
2023-10-20 00:00:00+05:30,189.5362109360503,190.01598872821006,187.59311673446578,188.0009307861328,8429336
2023-10-23 00:00:00+05:30,187.521153384494,188.5526727114544,183.37107840200062,183.8268585205078,8837826
2023-10-25 00:00:00+05:30,184.42658304863997,186.00985857068903,182.8433221682474,183.20315551757812,6678294
2023-10-26 00:00:00+05:30,181.7398240807548,182.57943522750898,179.94065733771015,181.4759521484375,10995582
2023-10-27 00:00:00+05:30,181.85976346564942,184.40259450999736,181.85976346564942,183.4430389404297,6202812
2023-10-30 00:00:00+05:30,184.23465620909687,184.40258135011845,182.5074533788056,183.2751007080078,4688744
2023-10-31 00:00:00+05:30,183.85085405832336,184.2826511388165,181.9077452336201,183.1791534423828,6153536
2023-11-01 00:00:00+05:30,184.16271502328954,184.97832851408398,182.38753127226354,182.7713623046875,4241952
2023-11-02 00:00:00+05:30,184.13870568186192,184.7864086116965,183.32309224274002,184.06674194335938,4742730
2023-11-03 00:00:00+05:30,185.19422977067617,185.5300800854721,183.58697122127813,184.01876831054688,5291528
2023-11-06 00:00:00+05:30,185.1942269928677,185.41013285509183,183.75489362245682,184.54652404785156,4939936
2023-11-07 00:00:00+05:30,184.66646635337273,185.67400262930482,183.68292775166285,183.89881896972656,5692178
2023-11-08 00:00:00+05:30,184.52255762162665,185.1222799132715,183.03524341001585,183.37109375,7102052
2023-11-09 00:00:00+05:30,183.7549080734598,184.23468590132785,182.17164709815822,182.723388671875,9231126
2023-11-10 00:00:00+05:30,182.45949888880864,183.17916561801772,180.87623794121154,181.97972106933594,10710700
2023-11-13 00:00:00+05:30,183.562987756221,183.70691523841984,182.3155625577577,183.10719299316406,3585902
2023-11-15 00:00:00+05:30,184.97833583962196,188.19285314581185,184.35463051951103,187.9049835205078,10792518
2023-11-16 00:00:00+05:30,187.90496536366737,191.67122388013132,186.777484647806,190.51976013183594,13843576
2023-11-17 00:00:00+05:30,190.95155724164619,191.43133502366038,189.27233500459653,189.70413208007812,7886928
2023-11-20 00:00:00+05:30,188.648620509644,192.43886187367957,188.648620509644,192.00706481933594,8610496
2023-11-21 00:00:00+05:30,193.15854927091019,193.15854927091019,191.93510707018442,192.2229766845703,5440248
2023-11-22 00:00:00+05:30,193.11056695827315,193.15854766721523,191.47932534583893,192.03106689453125,5318582
2023-11-23 00:00:00+05:30,192.15100958214043,194.31000968980493,192.15100958214043,193.11056518554688,9677360
2023-11-24 00:00:00+05:30,193.11056002221926,193.59033781109434,189.776098532875,189.99200439453125,6250566
2023-11-28 00:00:00+05:30,190.47178979267963,191.31140095675318,188.60065926964714,190.3998260498047,8145314
2023-11-29 00:00:00+05:30,190.95156219951923,196.0132120745274,190.95156219951923,194.90972900390625,15544086
2023-11-30 00:00:00+05:30,195.24557788191703,198.86789434689277,193.85421057485024,198.17221069335938,19825958
2023-12-01 00:00:00+05:30,198.50806846148808,198.50806846148808,195.02967934645292,195.5814208984375,9830426
2023-12-04 00:00:00+05:30,198.00430712360838,198.1482346092769,195.14962331071035,195.4854736328125,10662472
2023-12-05 00:00:00+05:30,195.46148547359275,196.2291329317305,192.91866882527242,193.9981689453125,11165368
2023-12-06 00:00:00+05:30,195.14963317871096,201.698597657606,194.76581676974894,200.90696716308594,22082070
2023-12-07 00:00:00+05:30,201.50667964663964,202.22634635966335,199.899421059222,200.6670684814453,11250552
2023-12-08 00:00:00+05:30,200.93094015863784,203.66567952123944,199.10779034467458,202.7541046142578,15479122
2023-12-11 00:00:00+05:30,201.50668604138622,202.56220311064686,200.18729702563905,201.7945556640625,10084242
2023-12-12 00:00:00+05:30,201.84252811779683,205.29691952362808,201.57864154044816,202.56219482421875,11903364
2023-12-13 00:00:00+05:30,203.20987555565605,203.56970889542524,199.10778133894976,201.3387451171875,9696816
2023-12-14 00:00:00+05:30,203.18589139465405,209.18311369083628,203.0659469487304,208.41546630859375,24681376
2023-12-15 00:00:00+05:30,209.20709944111542,215.66011657229942,207.9836719334634,214.24476623535156,41567234
2023-12-18 00:00:00+05:30,213.9808965786865,217.57923004133255,212.06178539860858,213.62106323242188,20182072
2023-12-19 00:00:00+05:30,213.7889948409995,214.62860600762238,208.70334713198076,210.47853088378906,16064694
2023-12-20 00:00:00+05:30,212.06178165000227,215.66011504904077,205.9925955786219,207.24002075195312,26449942
2023-12-21 00:00:00+05:30,205.77668691224048,209.42300096854635,204.96107347123967,208.2235565185547,10663008
2023-12-22 00:00:00+05:30,208.84726696745525,223.72037851707083,208.22356169461776,221.9691925048828,46080814
2023-12-26 00:00:00+05:30,217.81912301141563,228.27827328173285,215.10838134720402,225.54354858398438,54628644
2023-12-27 00:00:00+05:30,224.77590872331615,228.08637275376998,222.66488924314686,225.9513702392578,25262992
2023-12-28 00:00:00+05:30,226.71900424888395,229.04592961719402,224.36809584610296,225.23170471191406,16839956
2023-12-29 00:00:00+05:30,225.95135218501497,228.062371496507,223.62442701506043,226.1192626953125,15961140
2024-01-01 00:00:00+05:30,226.93488950065466,231.97255618090173,224.6799280823579,228.92596435546875,20347278
2024-01-02 00:00:00+05:30,229.33379426235723,229.33379426235723,222.76083237767295,225.11175537109375,14282514
2024-01-03 00:00:00+05:30,222.56892005886235,222.56892005886235,218.29890053712677,218.73069763183594,19534364
2024-01-04 00:00:00+05:30,219.2584486438869,220.6258182650739,216.57169010854088,217.0514678955078,15170336
2024-01-05 00:00:00+05:30,218.32287921371204,222.137118531114,217.57922948997884,219.06654357910156,16889130
2024-01-08 00:00:00+05:30,219.49834042247818,220.69778490566114,215.44421221265733,216.06793212890625,10082886
2024-01-09 00:00:00+05:30,219.7382309459278,221.89723103164107,215.87602553814773,216.2598419189453,14465048
2024-01-10 00:00:00+05:30,216.5956779985743,218.77866097399917,215.42021661694218,217.627197265625,8874676
2024-01-11 00:00:00+05:30,218.27492298360107,219.2104809386828,214.31675600635688,215.0364227294922,8638818
2024-01-12 00:00:00+05:30,218.29889257484953,225.01578157715258,218.29889257484953,223.3125762939453,36086734
2024-01-15 00:00:00+05:30,245.62224321221373,253.8024486006185,234.68330091475488,237.298095703125,127844264
2024-01-16 00:00:00+05:30,237.49000816738481,237.49000816738481,230.5332301503604,232.69223022460938,25912492
2024-01-17 00:00:00+05:30,227.96640486293828,235.81077434369968,226.45510781327823,231.44479370117188,28668932
2024-01-18 00:00:00+05:30,231.4448138476428,234.6113503388295,224.72792447188897,231.56475830078125,26144924
2024-01-19 00:00:00+05:30,234.1315674138068,236.6983815832526,232.02054801299724,232.71621704101562,15498620
2024-01-23 00:00:00+05:30,229.35777221455757,233.17201159421194,224.0802163965816,225.4475860595703,19972336
2024-01-24 00:00:00+05:30,226.4572674417491,230.30367538131173,225.03889864488266,229.84690856933594,11708750
2024-01-25 00:00:00+05:30,229.8469286644732,230.47197881302836,225.27931883690403,225.9764862060547,12852980
2024-01-29 00:00:00+05:30,225.976466043807,229.34207298488496,225.976466043807,227.4188690185547,10051300
2024-01-30 00:00:00+05:30,228.09198573936544,232.17879413676957,226.6976658089451,227.178466796875,11828014
2024-01-31 00:00:00+05:30,227.17846637153042,230.73639074097383,225.4956629169265,229.89498901367188,10584480
2024-02-01 00:00:00+05:30,229.60652210682545,229.67865399840647,226.26496380882114,226.6255645751953,7828120
2024-02-02 00:00:00+05:30,228.3804708278415,233.90968222683136,228.3804708278415,232.2989959716797,16296222
2024-02-05 00:00:00+05:30,232.22688539442711,235.35209192665025,230.37579859076465,231.91436767578125,11566604
2024-02-06 00:00:00+05:30,233.04425716114932,241.26594275540603,232.27497260481258,240.2322235107422,29024038
2024-02-07 00:00:00+05:30,240.85727244049946,241.2178731989155,236.818532207934,238.09266662597656,9103534
2024-02-08 00:00:00+05:30,238.4292226168858,240.44859276778143,233.2365774758437,235.03958129882812,11303840
2024-02-09 00:00:00+05:30,236.02520479277663,237.87629155247078,232.1066796300258,235.80885314941406,7893788
2024-02-12 00:00:00+05:30,236.07329510232594,245.59314919860284,236.07329510232594,241.09767150878906,48873500
2024-02-13 00:00:00+05:30,241.89098989666314,246.6509169380848,236.40986134372662,245.97779846191406,22373576
2024-02-14 00:00:00+05:30,242.2996713754398,248.57411859658762,238.98213271582563,247.3721160888672,22594656
2024-02-15 00:00:00+05:30,248.550082922359,251.3867912160784,246.67494728327472,249.29531860351562,14570776
2024-02-16 00:00:00+05:30,251.2185303633604,262.036553201974,250.4732946591867,261.074951171875,34942644
2024-02-19 00:00:00+05:30,262.4692785705191,262.4692785705191,255.4736005190612,257.685302734375,18602758
2024-02-20 00:00:00+05:30,257.61318771801916,258.7430877534928,253.02154372013715,255.76211547851562,10374126
2024-02-21 00:00:00+05:30,257.66128162653024,257.8535844295117,249.77613306014618,250.68966674804688,13115574
2024-02-22 00:00:00+05:30,251.3627677991961,256.26694408039424,250.71369815943746,255.32937622070312,14596482
2024-02-23 00:00:00+05:30,257.2285307438901,260.23353694416915,256.4111631882614,257.7814636230469,19860994
2024-02-26 00:00:00+05:30,257.8295437287267,257.9497439822133,252.92536751732104,256.2188720703125,8820636
2024-02-27 00:00:00+05:30,256.7477346821515,258.38246982480047,253.64656235475917,255.52169799804688,10399260
2024-02-28 00:00:00+05:30,254.82453689856294,255.28130373008128,247.61252170332057,248.9106903076172,12789056
2024-02-29 00:00:00+05:30,248.7183483659176,252.05992114389258,246.74707602851504,249.3433837890625,14462764
2024-03-01 00:00:00+05:30,251.17045277876517,252.51668970232538,248.83855033392882,249.5837860107422,9420630
2024-03-04 00:00:00+05:30,251.43488051167776,253.0936497760244,249.31934444326996,250.2569122314453,5662370
2024-03-05 00:00:00+05:30,248.93472110482315,250.25692387264212,245.5210310242414,246.79515075683594,10521548
2024-03-06 00:00:00+05:30,246.9874876680338,247.54039122870535,240.40050788288957,246.72305297851562,11091922
2024-03-07 00:00:00+05:30,247.01150355815423,250.20884181453576,245.4489003726282,247.8529052734375,9707982
2024-03-11 00:00:00+05:30,248.7664491391035,249.51168481995308,246.31434643163715,247.39614868164062,11131512
2024-03-12 00:00:00+05:30,246.53070644204948,251.21851607210309,244.12670150356047,245.6171875,11652760
2024-03-13 00:00:00+05:30,247.0355481988422,249.39148483970368,238.8619311899751,242.51602172851562,13580480
2024-03-14 00:00:00+05:30,240.95341818630925,249.48765060816015,238.06861218665782,249.0308837890625,12825472
2024-03-15 00:00:00+05:30,247.49232490288682,249.17512847192052,243.47763345361557,248.57412719726562,13649086
2024-03-18 00:00:00+05:30,249.05491411353617,249.31934879025687,244.7277051810616,245.30467224121094,6393960
2024-03-19 00:00:00+05:30,244.72770864701707,244.72770864701707,237.10700987343236,237.92437744140625,9617386
2024-03-20 00:00:00+05:30,238.50133578190554,241.00150690977335,235.20786059286593,237.27529907226562,8385344
2024-03-21 00:00:00+05:30,240.23221746050743,242.94874018435635,239.65526506244726,240.6168670654297,11644580
2024-03-22 00:00:00+05:30,235.23188509070036,235.95308657794828,230.568109604011,234.1981658935547,28646502
2024-03-26 00:00:00+05:30,233.669295157477,236.04926606990065,230.32772220736825,230.71237182617188,18273346
2024-03-27 00:00:00+05:30,230.64024503831996,231.24124628693673,226.57747072851785,227.08230590820312,14320668
2024-03-28 00:00:00+05:30,229.1978448260963,232.2509194678547,228.5247116811622,230.8325653076172,15455150
2024-04-01 00:00:00+05:30,232.56345795683976,233.86161189993004,231.52972403125122,233.16445922851562,6041008
2024-04-02 00:00:00+05:30,231.72205095018495,232.0826517050574,230.5921656503415,231.3614501953125,6932654
2024-04-03 00:00:00+05:30,230.78447478883064,234.48664827438748,228.83723665195257,232.3230438232422,13794516
2024-04-04 00:00:00+05:30,233.573122682922,236.53006060606776,230.59216525152812,234.3424072265625,16004046
2024-04-05 00:00:00+05:30,233.90969174885956,234.22220947129594,232.01052188708994,233.2125244140625,6414344
2024-04-08 00:00:00+05:30,235.59249761038905,236.3617821698158,229.91905149627146,230.7364044189453,26640770
2024-04-09 00:00:00+05:30,232.6836615457499,233.30869700809708,228.4766525837286,228.76512145996094,15801250
2024-04-10 00:00:00+05:30,229.58247893596527,230.52004676098227,227.46695745730977,229.48631286621094,10771534
2024-04-12 00:00:00+05:30,228.38048625992639,230.78449137845192,225.97648114140085,226.3370819091797,13170046
2024-04-15 00:00:00+05:30,224.26963179912175,225.1831507624271,220.30302355831944,220.85594177246094,12176472
2024-04-16 00:00:00+05:30,217.8268946455856,220.4472660545363,213.86028625965338,215.567138671875,21439424
2024-04-18 00:00:00+05:30,217.56246153538683,218.98083041344464,212.922734627275,213.64393615722656,21986258
2024-04-19 00:00:00+05:30,211.55244992623207,218.2355812052342,210.1100468585532,217.6826629638672,20470106
2024-04-22 00:00:00+05:30,217.68265658952456,224.12538716858614,216.36045381620332,222.13006591796875,18881740
2024-04-23 00:00:00+05:30,224.43790227207967,224.43790227207967,221.26462739142195,222.1781463623047,10322712
2024-04-24 00:00:00+05:30,223.04358058362195,223.4041813330047,220.4953411571368,221.12037658691406,5915168
2024-04-25 00:00:00+05:30,220.63959162715125,222.39451246714492,219.1491054867752,221.64927673339844,11805090
2024-04-26 00:00:00+05:30,222.08197367369377,228.7651044798729,221.9377392462834,223.38014221191406,21478294
2024-04-29 00:00:00+05:30,224.84659375568194,225.0148770470244,221.93775345788094,222.5868377685547,7249940
2024-04-30 00:00:00+05:30,222.61087124056795,224.4138750573112,221.88966971387063,222.3223876953125,8902956
2024-05-02 00:00:00+05:30,222.32238580586483,222.61086934866856,218.98082756429574,219.9183807373047,14937276
2024-05-03 00:00:00+05:30,221.36078537779508,222.13006993986897,217.89902685778642,219.89434814453125,9730626
2024-05-06 00:00:00+05:30,220.59149587849663,222.41854850663984,219.2452589296604,220.51937866210938,6918126
2024-05-07 00:00:00+05:30,222.03389407542352,223.74074641488946,218.2836521759152,223.0435791015625,9278528
2024-05-08 00:00:00+05:30,223.57246718932188,224.24558566133695,221.7934976027486,222.70703125,8205680
2024-05-09 00:00:00+05:30,222.0098628710448,223.28398259290208,218.30768928319773,219.19717407226562,9233484
2024-05-10 00:00:00+05:30,219.26929439997042,219.96646173253797,216.50468859677457,217.24993896484375,6654714
2024-05-13 00:00:00+05:30,217.24993637425143,217.9230548446004,213.95644656557567,217.2980194091797,7111608
2024-05-14 00:00:00+05:30,217.65862295042334,221.12038141637615,217.4182224455843,219.41354370117188,4909420
2024-05-15 00:00:00+05:30,219.4135363438341,221.04825678734795,218.59616878563622,220.35108947753906,4793424
2024-05-16 00:00:00+05:30,222.13006086168838,224.77446634813705,219.29333791080165,223.3080291748047,14621472
2024-05-17 00:00:00+05:30,223.2839973148599,223.2839973148599,221.1925098818228,221.64927673339844,6876820
2024-05-21 00:00:00+05:30,222.6108660788143,223.47630202163083,221.02422862602316,221.60118103027344,8467448
2024-05-22 00:00:00+05:30,222.56278736777972,222.82723673030446,220.61554912216815,221.7935028076172,7765884
2024-05-23 00:00:00+05:30,222.3704700591627,225.01487564905545,222.0098692969046,223.9571075439453,13171332
2024-05-24 00:00:00+05:30,224.53407194013144,226.21687547715598,222.13006688723925,222.9233856201172,8205526
2024-05-27 00:00:00+05:30,222.13006538160766,222.20218259812913,217.12973784006135,217.53842163085938,40983758
2024-05-28 00:00:00+05:30,218.28366613253374,219.8462694693856,217.85094814305904,219.26930236816406,15778126
2024-05-29 00:00:00+05:30,218.28365575141956,219.00485725720617,216.12005123405967,216.74508666992188,9756036
2024-05-30 00:00:00+05:30,215.87964459786153,216.12004509295937,209.1965137687179,210.08599853515625,20724568
2024-05-31 00:00:00+05:30,210.37447931909693,212.58616693397502,209.38884310246343,210.68701171875,21438004
2024-06-03 00:00:00+05:30,216.45661645682134,216.62488506881704,212.2976760610671,213.5237274169922,8964424
2024-06-04 00:00:00+05:30,214.38917177021995,214.38917177021995,200.49402523413352,210.6629638671875,17730732
2024-06-05 00:00:00+05:30,211.40821875437086,218.76446864401646,211.09568634657302,217.0816650390625,12267428
2024-06-06 00:00:00+05:30,218.74043634607216,222.1300777675273,217.61055098129276,221.64927673339844,15425568
2024-06-07 00:00:00+05:30,225.97647340609183,233.86160699036623,225.159105824619,232.9721221923828,72672440
2024-06-10 00:00:00+05:30,234.82321717624092,234.82321717624092,227.5871676345263,228.5006866455078,18311752
2024-06-11 00:00:00+05:30,230.39984986121254,230.39984986121254,228.06796202813547,228.88531494140625,9371714
2024-06-12 00:00:00+05:30,229.8228751168086,232.89999854362884,228.6449068124337,229.2939910888672,13875116
2024-06-13 00:00:00+05:30,230.7844756462331,233.3567638822831,229.8949908784369,232.03456115722656,12995932
2024-06-14 00:00:00+05:30,233.18848119605897,233.47696472592943,228.95743833423168,229.5824737548828,11322596
2024-06-18 00:00:00+05:30,231.26528548438566,237.03489759626223,230.8085186563758,236.4819793701172,31870984
2024-06-19 00:00:00+05:30,236.6742979002552,239.03021992192302,234.02989233712387,238.3571014404297,20880284
2024-06-20 00:00:00+05:30,239.19849530104588,239.19849530104588,234.75108609193097,235.78480529785156,12571126
2024-06-21 00:00:00+05:30,239.4148728665082,240.85727592101583,235.15978092113423,235.85693359375,95171176
2024-06-24 00:00:00+05:30,235.64058193930344,237.94842095736257,235.32806421207,235.85693359375,9934518
2024-06-25 00:00:00+05:30,235.85691607611525,239.4388892645875,235.25591484804147,238.88597106933594,9258210
2024-06-26 00:00:00+05:30,238.88598535991534,240.35242257498757,237.4195334719607,238.09266662597656,12812090
2024-06-27 00:00:00+05:30,236.6262041258818,246.14607252485024,235.2078500101181,245.5931396484375,42137138
2024-06-28 00:00:00+05:30,246.17010369041915,248.237542051479,243.2131805748078,247.54037475585938,16405832
2024-07-01 00:00:00+05:30,249.0068537321851,257.61317416622165,247.17978642553527,253.55039978027344,30757528
2024-07-02 00:00:00+05:30,254.48794944068482,262.0365305948637,254.00714846711628,258.76708984375,36276968
2024-07-03 00:00:00+05:30,260.5460680066046,262.25290565055855,257.4689299348113,259.1517333984375,16049384
2024-07-04 00:00:00+05:30,260.30569454595593,263.8636046311015,254.39181828298496,255.16111755371094,19524632
2024-07-05 00:00:00+05:30,255.47360752229596,257.94974448727385,254.56010320146828,257.276611328125,10376090
2024-07-08 00:00:00+05:30,257.6852979616154,261.0749390917198,257.2285311493003,260.2095031738281,12176360
2024-07-09 00:00:00+05:30,261.55574529228284,262.0125121136924,258.4786071387738,260.11334228515625,8681444
2024-07-10 00:00:00+05:30,260.11332156279633,261.24319209006006,255.665912645133,257.4929504394531,9233748
2024-07-11 00:00:00+05:30,258.04590711424277,259.41617825007233,254.8245344883503,256.7958068847656,8807618
2024-07-12 00:00:00+05:30,262.0365618712202,271.55641641500307,260.3777924452676,269.3207092285156,54186042
2024-07-15 00:00:00+05:30,272.56608193909284,272.56608193909284,267.3974715057563,269.10430908203125,16099478
2024-07-16 00:00:00+05:30,270.1380135612411,270.49861428914835,267.51767174839205,269.10430908203125,11239032
2024-07-18 00:00:00+05:30,267.58980499214425,276.1721209086041,267.4936389178483,275.59515380859375,25019786
2024-07-19 00:00:00+05:30,278.8165014008319,278.8165014008319,266.70031077655653,267.9023132324219,26523490
2024-07-22 00:00:00+05:30,250.49731354199764,253.26191920968762,241.1457285012675,243.1891326904297,76014568
2024-07-23 00:00:00+05:30,244.24690553396402,244.24690553396402,233.8375669236382,240.66493225097656,25847632
2024-07-24 00:00:00+05:30,241.60249732155015,243.45358406645082,240.32837763343574,240.44857788085938,12240276
2024-07-25 00:00:00+05:30,238.47729130351092,244.00650269462054,237.17912275992376,243.69398498535156,21887890
2024-07-26 00:00:00+05:30,245.20850722867704,254.1273598087242,244.487305736828,252.32435607910156,26153996
2024-07-29 00:00:00+05:30,253.86293674062503,255.08897346368525,251.38679976706476,252.13206481933594,12011554
2024-07-30 00:00:00+05:30,252.13206662991988,253.35810336178437,249.89633014858168,250.73773193359375,10816526
2024-07-31 00:00:00+05:30,250.88196808146313,252.37246886110896,249.75209741504733,250.97813415527344,7758508
2024-08-01 00:00:00+05:30,251.4589318701123,253.2859698654075,248.81452627683197,250.7617645263672,10759752
2024-08-02 00:00:00+05:30,247.6125151486367,249.6559193998633,240.88130114459608,241.43421936035156,15652228
2024-08-05 00:00:00+05:30,235.59249689161163,238.40518575846554,230.9046870044826,233.18849182128906,21938080
2024-08-06 00:00:00+05:30,235.4722968112217,240.08798948421114,233.95777655038145,235.3520965576172,11271584
2024-08-07 00:00:00+05:30,239.77545596508912,240.44857440635863,236.86660121574073,239.15040588378906,7079826
2024-08-08 00:00:00+05:30,237.5156994249569,237.5156994249569,233.83757462552342,234.29432678222656,13160570
2024-08-09 00:00:00+05:30,238.16478218247374,238.6936662257061,235.42421056846766,236.217529296875,6065948
2024-08-12 00:00:00+05:30,236.33772944786986,237.5156977857985,234.34240820064255,235.13572692871094,7338468
2024-08-13 00:00:00+05:30,235.13571843709968,236.89065379000039,234.22219949010588,235.8328857421875,6289418
2024-08-14 00:00:00+05:30,237.03489953051064,238.88598636608606,235.80886281588513,238.06861877441406,11121756
2024-08-16 00:00:00+05:30,240.88131579382946,248.79049859872813,239.41487852292042,248.21353149414062,25931140
2024-08-19 00:00:00+05:30,248.09331280156474,251.55508582608817,246.9874763849741,249.8963165283203,11466562
2024-08-20 00:00:00+05:30,249.96845353346637,253.67059778492322,249.84825328255505,252.25225830078125,9543812
2024-08-21 00:00:00+05:30,251.65125585946086,253.91099708932526,250.52135589876443,253.06959533691406,6454402
2024-08-22 00:00:00+05:30,253.76676378698988,255.08896654666094,249.07895400270152,249.5357208251953,11496506
2024-08-23 00:00:00+05:30,249.96846496767816,250.71370068826442,245.85760739474065,246.36245727539062,11277706
2024-08-26 00:00:00+05:30,248.09330608661358,252.3243488483955,248.06927190672678,250.01651000976562,17351380
2024-08-27 00:00:00+05:30,250.0165266412573,251.57912993276514,248.0933225901707,248.64625549316406,7965796
2024-08-28 00:00:00+05:30,250.01654091627634,258.719028006017,248.98280694148895,257.0362243652344,34375566
2024-08-29 00:00:00+05:30,257.228537736143,260.57011059084016,256.7717709121315,259.00750732421875,25685318
2024-08-30 00:00:00+05:30,260.4499187489535,260.59415318599196,257.56511262512333,258.86328125,19434804
2024-09-02 00:00:00+05:30,258.86327430662436,260.5941461961899,255.71400422930225,256.00250244140625,15735982
2024-09-03 00:00:00+05:30,256.2669307519388,260.0412068305239,254.58412726670093,257.7333679199219,15056686
2024-09-04 00:00:00+05:30,253.86292620266232,253.98312645181133,248.45391499095788,249.60784912109375,20402128
2024-09-05 00:00:00+05:30,250.5934826602093,252.90132155045234,249.77611510543724,252.348388671875,12069118
2024-09-06 00:00:00+05:30,252.34838157356157,254.77644998915423,249.2712729217148,250.3049774169922,14579954
2024-09-09 00:00:00+05:30,248.62217696934266,250.85791328218008,246.8672709860388,247.54037475585938,11919540
2024-09-10 00:00:00+05:30,248.47796807246291,253.86294551310627,247.1317310487436,252.78114318847656,10287272
2024-09-11 00:00:00+05:30,252.42053028855682,253.02153155114863,246.7711184201939,247.29998779296875,8261524
2024-09-12 00:00:00+05:30,250.23289377806583,255.7861396244435,248.93472517021735,254.84857177734375,15779474
2024-09-13 00:00:00+05:30,256.6515534317256,265.64253749294704,255.2331846927012,264.72900390625,35919706
2024-09-16 00:00:00+05:30,265.88296484423813,267.7340370383919,263.95976075856555,265.3540954589844,11088578
2024-09-17 00:00:00+05:30,263.95976075856555,266.7964985232388,263.0221928976471,265.3540954589844,8728238
2024-09-18 00:00:00+05:30,263.9837858554035,263.9837858554035,256.0986669829738,258.7430725097656,16665520
2024-09-19 00:00:00+05:30,261.6519198337823,265.1377272138697,254.41587038289185,256.4352111816406,20969182
2024-09-20 00:00:00+05:30,258.6228608801335,259.99313194542407,255.3053223541751,259.1997985839844,16664232
2024-09-23 00:00:00+05:30,259.1998217928483,259.8248866042606,255.7861462410949,257.18048095703125,8544290
2024-09-24 00:00:00+05:30,255.8822926756831,260.5460681465332,254.51199224710768,259.4161682128906,12355694
2024-09-25 00:00:00+05:30,259.05558238190974,259.34408059989346,255.18514005985816,257.8055114746094,8065196
2024-09-26 00:00:00+05:30,259.00751242713756,261.123019283861,257.5651093833767,260.54608154296875,11403400
2024-09-27 00:00:00+05:30,263.91169067715504,268.71970086004535,259.9691164580319,260.49798583984375,26462384
2024-09-30 00:00:00+05:30,258.67094256563183,261.7961491207928,256.7477385316866,260.3297119140625,8199446
2024-10-01 00:00:00+05:30,259.728719363041,264.24823138690806,259.728719363041,262.8779602050781,9411274
2024-10-03 00:00:00+05:30,259.6806140588121,260.78647985968496,253.0215318010246,254.89666748046875,14035368
2024-10-04 00:00:00+05:30,253.88696652506454,260.5701122777244,253.88696652506454,256.5313720703125,11922754
2024-10-07 00:00:00+05:30,258.67093868726124,260.4499082611406,252.87729249102097,255.52169799804688,9878074
2024-10-08 00:00:00+05:30,255.5697815192661,256.6515838363086,250.16076993405358,253.3581085205078,11502804
2024-10-09 00:00:00+05:30,254.72837294340383,259.00751373311,254.10333749044224,255.37747192382812,8841688
2024-10-10 00:00:00+05:30,257.22852681477866,258.4785976366947,251.6752813106403,252.42051696777344,12620244
2024-10-11 00:00:00+05:30,250.18479767326207,256.94007544454615,250.18479767326207,254.00717163085938,8436982
2024-10-14 00:00:00+05:30,259.0075030478525,265.3300185532582,257.85356891632455,264.22418212890625,33136266
2024-10-15 00:00:00+05:30,265.81081134529455,265.81081134529455,255.23318973393668,256.2428894042969,21601252
2024-10-16 00:00:00+05:30,256.2669454988137,259.0555855656702,254.343741405014,255.8582763671875,12553622
2024-10-17 00:00:00+05:30,257.20449803789495,258.6709352028849,252.44455645106046,254.22352600097656,23755278
2024-10-18 00:00:00+05:30,255.7861548042392,268.47931407418486,252.32438142645705,263.79150390625,74653054
2024-10-21 00:00:00+05:30,265.20981150360706,270.1620851241475,262.9981387116136,263.5270080566406,23966964
2024-10-22 00:00:00+05:30,264.34437168472584,267.0849431269179,261.48359999810225,262.2528991699219,18478300
2024-10-23 00:00:00+05:30,263.23853373971383,266.60414056378323,260.690294442071,263.09429931640625,12698576
2024-10-24 00:00:00+05:30,263.0943076700748,264.68094506836184,262.10867150945427,262.9500732421875,9576604
2024-10-25 00:00:00+05:30,264.3203613647301,265.40216366226656,259.87295191930264,261.29132080078125,10124540
2024-10-28 00:00:00+05:30,261.29129187918596,269.1523759661899,260.9306911532544,268.5754089355469,11185858
2024-10-29 00:00:00+05:30,269.1524012794077,270.8833025341243,266.00316051257806,270.30633544921875,12055630
2024-10-30 00:00:00+05:30,270.4505633590813,278.2635796338992,269.77743021863745,271.77276611328125,20755492
2024-10-31 00:00:00+05:30,271.55641308156646,272.27761461914804,263.623196168169,265.3059997558594,15680094
2024-11-01 00:00:00+05:30,265.2579280910875,266.7964972212704,264.4405604895123,265.0896301269531,1962810
2024-11-04 00:00:00+05:30,264.9213264944162,265.6184937490801,256.8438763107442,260.01715087890625,9855560
2024-11-05 00:00:00+05:30,261.07496294614907,262.2048336441656,259.8248919889492,261.4115295410156,6862260
2024-11-06 00:00:00+05:30,263.2145056552753,272.0612261902315,260.1133334264176,271.1236877441406,19554884
2024-11-07 00:00:00+05:30,272.1333716689854,273.9123412751971,266.58012587245497,270.88330078125,11997142
2024-11-08 00:00:00+05:30,271.65254080023203,278.28758814000577,271.65254080023203,273.57574462890625,20852658
2024-11-11 00:00:00+05:30,273.5757753327294,280.40315555992237,272.1574064807442,275.7393798828125,16139444
2024-11-12 00:00:00+05:30,276.4605827779578,278.72035341068715,273.5998108783199,274.3691101074219,11260890
2024-11-13 00:00:00+05:30,274.05654558607483,275.787417293577,271.9169754575224,273.57574462890625,11391200
2024-11-14 00:00:00+05:30,273.5517424657867,276.24421640274414,271.26793765194714,272.4699401855469,9783520
2024-11-18 00:00:00+05:30,272.4699330012213,272.4699330012213,259.77677484278746,265.8108215332031,15289764
2024-11-19 00:00:00+05:30,267.3253684264485,273.96041666572165,266.70033296654697,270.2101745605469,12919778
2024-11-21 00:00:00+05:30,270.21016907115484,272.90264300330875,266.9887964177016,267.8782958984375,11672608
2024-11-22 00:00:00+05:30,270.1861087924763,275.78742244056974,268.23887074875483,274.8498840332031,14733232
2024-11-25 00:00:00+05:30,276.7009687660755,282.4946148059258,275.9316989231025,280.04254150390625,23297474
2024-11-26 00:00:00+05:30,281.2685988835851,283.8408726222484,278.5280271791561,283.1918029785156,15771340
2024-11-27 00:00:00+05:30,284.3937879427876,286.5573924157251,279.7781101388264,280.2589111328125,13659676
2024-11-28 00:00:00+05:30,281.6291973135785,281.74939756851387,274.32101594435477,275.1143493652344,11896556
2024-11-29 00:00:00+05:30,276.46056997765197,279.22517567742847,274.82583486904383,277.8308410644531,8540112
2024-12-02 00:00:00+05:30,280.0425756335758,281.53304714064575,277.9991711842689,281.05224609375,11194000
2024-12-03 00:00:00+05:30,284.0091722448399,284.82653985910673,278.191462216277,280.45123291015625,15445286
2024-12-04 00:00:00+05:30,283.33603398929523,285.59580464265787,280.5954623180157,282.71099853515625,14036431
2024-12-05 00:00:00+05:30,283.672587770414,289.3460336566695,282.61481970957493,287.8074645996094,13487264
2024-12-06 00:00:00+05:30,287.6632142817882,287.6632142817882,284.82650616821843,285.9323425292969,7894350
2024-12-09 00:00:00+05:30,283.6725913467721,293.96174453392683,282.4705888410654,292.08660888671875,9285213
2024-12-10 00:00:00+05:30,294.25022214637124,299.05823231216164,291.7981487001242,296.26959228515625,17028502
2024-12-11 00:00:00+05:30,296.317672652753,298.0004762789524,293.8175013961035,297.1350402832031,8608406
2024-12-12 00:00:00+05:30,296.17343304185806,301.75071322446985,295.6445636497325,297.231201171875,12958440
2024-12-13 00:00:00+05:30,297.2311858926296,299.10629219667464,292.5193419328758,298.0485534667969,7382211
2024-12-16 00:00:00+05:30,298.0966319530874,299.44286893791605,295.30799191042126,297.3273620605469,7221189
2024-12-17 00:00:00+05:30,299.0582221231045,300.26022462359924,295.5002829833342,296.99078369140625,10568517
2024-12-18 00:00:00+05:30,297.1350285655655,301.22183721088476,296.7022959118727,300.5968017578125,10965226
2024-12-19 00:00:00+05:30,294.5867808534623,301.3660632677251,289.58643867638256,300.74102783203125,12405595
2024-12-20 00:00:00+05:30,303.3854463955562,307.7126556151442,292.71165778475273,293.48095703125,22214824
2024-12-23 00:00:00+05:30,294.82719955923994,298.72167619159507,293.28863038315865,296.0772705078125,6693583
2024-12-24 00:00:00+05:30,295.6926236021939,297.32735878805676,291.1730823324072,293.57708740234375,8837902
2024-12-26 00:00:00+05:30,293.67323648134425,295.16373714591833,292.3269995892307,293.336669921875,6516148
2024-12-27 00:00:00+05:30,293.4809590252384,298.9620731331639,293.00015799757307,297.231201171875,8063921
2024-12-30 00:00:00+05:30,297.2311887131499,297.51965757935136,291.02884397793764,292.0385437011719,13709891
2024-12-31 00:00:00+05:30,289.3941161234842,291.36538836587243,283.9129733169104,290.2595520019531,9337030
2025-01-01 00:00:00+05:30,288.48060462001393,291.70197724075706,287.4709342421498,288.7690734863281,7878201
2025-01-02 00:00:00+05:30,286.55742417968685,292.7597694279232,285.7400565301552,292.13470458984375,8800435
2025-01-03 00:00:00+05:30,291.6538925319571,292.13469356108715,282.7110051284454,283.14373779296875,12535720
2025-01-06 00:00:00+05:30,283.67261439737064,286.3650884906322,279.3934733910358,282.9994812011719,9173687
2025-01-07 00:00:00+05:30,282.99946422695973,286.07660244535015,280.1146581518806,282.7590637207031,7381943
2025-01-08 00:00:00+05:30,281.7493869304966,286.9901295861102,278.1914477804406,286.1246643066406,7937785
2025-01-09 00:00:00+05:30,285.59580473593576,286.5574067720837,280.162759100853,281.0762634277344,7964702
2025-01-10 00:00:00+05:30,282.99944813455556,291.60579750745853,282.99944813455556,289.00946044921875,19505556
2025-01-13 00:00:00+05:30,287.47093488116985,287.7594037481253,279.1049855902869,280.6435546875,9541248
2025-01-14 00:00:00+05:30,280.59543341555906,283.2398387417178,275.5470232474378,281.6051330566406,7670070
2025-01-15 00:00:00+05:30,281.7493778387005,283.3841129296536,278.5761030689249,281.4128112792969,4662694
2025-01-16 00:00:00+05:30,284.53802239327234,285.11498945525193,275.6913017107195,276.98944091796875,10345666
2025-01-17 00:00:00+05:30,276.749035803739,276.749035803739,269.729353146433,271.1236877441406,9358955
2025-01-20 00:00:00+05:30,290.4038118462479,293.6732528654302,285.54773335335005,288.72100830078125,39380165
2025-01-21 00:00:00+05:30,290.78842762631035,294.10596613564513,286.3650527291183,286.8939514160156,15619474
2025-01-22 00:00:00+05:30,287.8555811324006,298.09663715251946,287.8555811324006,297.231201171875,30859317
2025-01-23 00:00:00+05:30,299.1543972975658,312.1360246980273,298.72166464591106,305.5009765625,39904371
2025-01-24 00:00:00+05:30,306.7510392994133,310.1166463136702,304.44320035879,307.8088073730469,17479586
2025-01-27 00:00:00+05:30,305.5971230283835,306.89529167895597,294.97143200025846,296.1253662109375,12372895
2025-01-28 00:00:00+05:30,298.13580824587757,301.6663698556201,295.73305703023436,297.7435302734375,12077491
2025-01-29 00:00:00+05:30,299.16551402762315,308.6293875884752,299.16551402762315,306.42279052734375,16338112
2025-01-30 00:00:00+05:30,305.000756816185,307.6486853260161,300.0481841513363,303.0393371582031,9984186
2025-01-31 00:00:00+05:30,305.68726832381554,309.6101076738606,303.5787182300551,305.8833923339844,15597644
2025-02-01 00:00:00+05:30,306.52085042840355,307.20735929223247,297.4983378015759,298.92034912109375,6046117
2025-02-03 00:00:00+05:30,297.15509780270526,307.94290663382657,294.5071691180555,307.5506286621094,14877076
2025-02-04 00:00:00+05:30,311.8657172523468,312.6993265704027,307.3054226556609,310.14947509765625,15366864
2025-02-05 00:00:00+05:30,311.66957218578926,315.2491870105061,308.82551966289395,310.98309326171875,9628027
2025-02-06 00:00:00+05:30,313.8271546637902,317.35771613953585,308.4822739643667,311.81671142578125,15062390
2025-02-07 00:00:00+05:30,312.84643247592373,312.84643247592373,307.94288337755506,311.86572265625,8589587
2025-02-10 00:00:00+05:30,312.6502998233136,314.80787354502263,309.75722361567034,312.8954772949219,12304840
2025-02-11 00:00:00+05:30,313.3368028634653,314.21943575899286,305.58920089111695,306.9621887207031,10627890
2025-02-12 00:00:00+05:30,307.40352415409023,309.65914490870995,303.38260765643344,304.2162170410156,9668342
2025-02-13 00:00:00+05:30,304.31426475637375,307.5996488505585,301.0289105910796,302.5980224609375,8832731
2025-02-14 00:00:00+05:30,304.06907399480605,306.3737481051475,298.67516987348694,302.1567077636719,7371341
2025-02-17 00:00:00+05:30,302.1566992995648,304.3142429303212,296.174363455903,299.4597473144531,7507772
2025-02-18 00:00:00+05:30,299.45974417194657,306.71699072449434,299.45974417194657,306.1776123046875,10368789
2025-02-19 00:00:00+05:30,305.2459559108933,310.394682878065,302.3528497387357,308.0409851074219,7835672
2025-02-20 00:00:00+05:30,305.19691147121534,308.23708800512526,304.2652251599275,307.2563781738281,7697134
2025-02-21 00:00:00+05:30,306.7660206049001,306.7660206049001,299.1655194780858,300.4404602050781,8722925
2025-02-24 00:00:00+05:30,297.10606070473233,297.44928520874606,287.6912401692317,289.3584289550781,12600963
2025-02-25 00:00:00+05:30,288.67193849237407,290.5843046640979,284.50392180084003,285.6807556152344,10810040
2025-02-27 00:00:00+05:30,288.32870633654767,290.0939721588887,285.72983112575486,288.8190612792969,15555649
2025-02-28 00:00:00+05:30,288.32871076007075,288.32871076007075,271.65664245081496,272.2940979003906,17458839
2025-03-03 00:00:00+05:30,274.05937485748643,280.826266720744,273.91224443939626,278.08026123046875,11471554
2025-03-04 00:00:00+05:30,273.6180450439453,277.63896136907863,270.97011650744827,274.5987548828125,9331785
2025-03-05 00:00:00+05:30,275.971734052417,281.4146914454712,273.27478207976225,279.6003723144531,10285712
2025-03-06 00:00:00+05:30,282.88577688201923,286.3672849847642,278.03125100404327,280.38494873046875,9782051
2025-03-07 00:00:00+05:30,281.856003930721,282.1502348420384,277.4428096209637,279.30615234375,8097300
2025-03-10 00:00:00+05:30,278.9629221187428,280.1397559532064,272.58830824650965,275.48138427734375,8165123
2025-03-11 00:00:00+05:30,271.65661851829714,273.9122391192764,267.9299331960997,272.39215087890625,8602609
2025-03-12 00:00:00+05:30,272.3431483400791,272.3431483400791,257.14214504979424,263.36962890625,18584311
2025-03-13 00:00:00+05:30,263.3696276736446,265.87045583799903,258.269954228428,258.90740966796875,8683943
2025-03-17 00:00:00+05:30,258.90740331647436,260.084267121287,253.90577703935543,254.83746337890625,12697926
2025-03-18 00:00:00+05:30,254.83746337890625,254.83746337890625,254.83746337890625,254.83746337890625,0
2025-03-19 00:00:00+05:30,256.94597711262145,261.35917137600615,251.3068955538521,260.5746154785156,14044300
2025-03-20 00:00:00+05:30,264.0070944637574,268.6654660901986,262.33987580484416,262.8302307128906,17038774
2025-03-21 00:00:00+05:30,258.90739814021737,264.3503257886549,255.18071271430023,259.20159912109375,22659168
2025-03-24 00:00:00+05:30,261.89854251585984,266.40981362293354,260.28037731682474,264.2032165527344,9269617
2025-03-25 00:00:00+05:30,266.7530792348939,269.4010078017961,264.15420411783185,265.7723693847656,12563930
2025-03-26 00:00:00+05:30,266.753092815096,266.9982702901099,261.6043658398046,262.2418212890625,7308412
2025-03-27 00:00:00+05:30,264.7916452247616,268.2731530330135,264.39936729168767,266.94921875,14783522
2025-03-28 00:00:00+05:30,265.7723734285629,266.6059827996334,256.5537066828704,257.191162109375,14283389
2025-04-01 00:00:00+05:30,255.3278265693844,257.9267017994563,253.51350728197508,257.534423828125,8388635
2025-04-02 00:00:00+05:30,257.7305508380983,260.4275030745007,256.0633619583842,258.51513671875,7136992
2025-04-03 00:00:00+05:30,254.88649162013672,255.47492353343904,250.37523515445136,251.4049835205078,12262561
2025-04-04 00:00:00+05:30,248.11959650384782,249.05126788518277,240.12681706865206,241.54884338378906,14639785
2025-04-07 00:00:00+05:30,226.5930137637474,239.14610283266745,223.60184572930416,238.21441650390625,13011904
2025-04-08 00:00:00+05:30,240.02873985977095,244.68711172630378,239.1461069655743,242.4805145263672,13806651
2025-04-09 00:00:00+05:30,236.05685401629552,237.6259957362432,229.48610112234795,232.08497619628906,19063559
2025-04-11 00:00:00+05:30,240.2739097428148,240.2739097428148,233.75219532128762,235.12518310546875,11205821
2025-04-15 00:00:00+05:30,240.3229459424028,240.3229459424028,236.69432257775975,239.29319763183594,10694621
2025-04-16 00:00:00+05:30,239.29320252199787,243.65735834559618,236.54721195918438,242.87278747558594,16203319
2025-04-17 00:00:00+05:30,230.46681171426735,233.21280225098582,227.67178269280586,232.3301544189453,54875421
2025-04-21 00:00:00+05:30,232.8205171465657,236.15493968315172,232.8205171465657,233.8502655029297,16298364
2025-04-22 00:00:00+05:30,233.85026464686464,234.38965806626595,228.99575380114268,229.63320922851562,18367713
2025-04-23 00:00:00+05:30,232.62437268400058,240.6171669146347,231.54560083111352,238.9009246826172,31898042
2025-04-24 00:00:00+05:30,240.07778001078296,240.4210194878196,236.84143443554487,238.06732177734375,23000820
2025-04-25 00:00:00+05:30,239.2441586800977,241.4017173009845,233.45797670165894,236.25299072265625,16620430
2025-04-28 00:00:00+05:30,235.8607177734375,237.28274405610568,234.14447554431686,235.8607177734375,14218414
2025-04-29 00:00:00+05:30,236.93950110568318,238.9009207672718,235.22325890179312,236.74334716796875,16647246
2025-04-30 00:00:00+05:30,236.89046914984257,238.70477340814676,234.58579499818245,236.8414306640625,14206640
2025-05-02 00:00:00+05:30,237.37100047302403,241.05847900802647,236.10589137772322,237.0179443359375,10822257
2025-05-05 00:00:00+05:30,239.2932037905595,242.10783627603104,238.01827799058967,238.8715057373047,12170446
2025-05-06 00:00:00+05:30,239.7835618071103,241.15654963127076,235.96860103378765,236.53741455078125,8869045
2025-05-07 00:00:00+05:30,231.45732898906303,239.73452261313423,231.45732898906303,239.33242797851562,9130056
2025-05-08 00:00:00+05:30,238.42036650441682,241.0878984294893,234.69366617105578,236.9100799560547,11434833
2025-05-09 00:00:00+05:30,232.03595438470202,238.26345289687706,231.93787741481646,237.34158325195312,10582438
2025-05-12 00:00:00+05:30,240.3621762595299,252.96430396012818,240.1562355687932,252.31703186035156,19791711
2025-05-13 00:00:00+05:30,251.99340200225382,251.99340200225382,245.7854920375837,246.71717834472656,11714159
2025-05-14 00:00:00+05:30,246.71717756920373,248.7962776071463,245.91298833071238,248.0607452392578,8839105
2025-05-15 00:00:00+05:30,248.31572524568895,252.14050255030523,245.78549209586583,251.6207275390625,12083645
2025-05-16 00:00:00+05:30,252.04242394605694,252.04242394605694,248.63935967071922,249.40431213378906,6640387
2025-05-19 00:00:00+05:30,249.40432212288678,249.82603514423295,246.43277244399695,246.89370727539062,6788784
2025-05-20 00:00:00+05:30,248.11959527027048,249.68873703641378,244.50077348249172,244.89306640625,9366429
2025-05-21 00:00:00+05:30,244.8930613845833,247.24675902108947,243.31411793938997,246.0797119140625,5313593
2025-05-22 00:00:00+05:30,244.19675530173737,245.06958647913768,240.27391585913918,241.19578552246094,11469037
2025-05-23 00:00:00+05:30,241.3527051154114,245.65802084832117,240.86235018016225,242.58839416503906,7437642
2025-05-26 00:00:00+05:30,243.69659953457906,246.01107541259594,243.41218529388087,245.412841796875,3690751
2025-05-27 00:00:00+05:30,246.14837787215845,246.14837787215845,243.20624823569932,243.4612274169922,6861143
2025-05-28 00:00:00+05:30,244.77536504122787,245.31475844538318,242.19610834135807,242.6570281982422,6205160
2025-05-29 00:00:00+05:30,244.83420509291804,246.88390002750003,243.3141168154371,245.31475830078125,11785042
2025-05-30 00:00:00+05:30,245.17745683954277,246.26604534648814,243.7260104850971,244.85382080078125,13858429
2025-06-02 00:00:00+05:30,242.82376280226995,243.62793709099108,241.45076004515775,242.90220642089844,5846259
2025-06-03 00:00:00+05:30,243.2160450423685,244.68710983093123,240.98982947229905,241.4703826904297,8573438
2025-06-04 00:00:00+05:30,241.75478328141514,244.99112882676218,241.75478328141514,242.09803771972656,6698150
2025-06-05 00:00:00+05:30,242.13724944834263,244.67729926431088,242.11764602627156,243.15719604492188,6468060
2025-06-06 00:00:00+05:30,242.33341434962503,245.15784859342153,242.33341434962503,243.79466247558594,4445411
2025-06-09 00:00:00+05:30,244.7851788799643,248.51186425215042,244.41250435696793,246.44256591796875,9193904
2025-06-10 00:00:00+05:30,248.02152207238578,250.86558969624338,246.97217028480975,249.95352172851562,10739851
2025-06-11 00:00:00+05:30,251.0813324468539,256.55371033184537,249.19838623935493,253.9254150390625,17268454
2025-06-12 00:00:00+05:30,254.98455724176844,257.9266867484042,251.37555222989525,254.60206604003906,14528657
2025-06-13 00:00:00+05:30,250.0810159570781,257.19116248919113,249.10030609057978,255.1905059814453,8692116
2025-06-16 00:00:00+05:30,254.9845514128701,260.19211812626037,253.02313178661726,257.8188171386719,10935361
2025-06-17 00:00:00+05:30,257.81883651807,260.32945143407727,256.6125525828523,257.83843994140625,7528454
2025-06-18 00:00:00+05:30,257.8286117775551,260.4765403256076,255.9946891594926,256.54388427734375,5016660
2025-06-19 00:00:00+05:30,257.77959043971515,261.30033521495807,256.7596438141168,260.4569091796875,14184486
2025-06-20 00:00:00+05:30,260.86881529309136,262.04567906296165,257.7991887305316,261.3984069824219,12904674
2025-06-23 00:00:00+05:30,258.9073973944359,260.0842611723299,256.75964045355727,258.16204833984375,6214062
2025-06-24 00:00:00+05:30,260.3784786635519,263.4677088653074,259.603709461827,259.85870361328125,6319428
2025-06-25 00:00:00+05:30,260.7707420760484,264.75242165665645,260.7217185553022,264.2130432128906,5331739
2025-06-26 00:00:00+05:30,263.909038459633,266.0665822690859,262.0358789706371,263.3402099609375,8564099
2025-06-27 00:00:00+05:30,263.8109496683883,264.79165951845664,259.3977553430807,259.9371337890625,8906108
2025-06-30 00:00:00+05:30,260.96689303804357,261.5945317693221,257.8286095949838,260.8492126464844,7119563
2025-07-01 00:00:00+05:30,260.3784636674113,263.17349270950604,258.613197919188,259.44677734375,3886095
2025-07-02 00:00:00+05:30,259.8880982131101,263.5167364616031,259.34871979214756,261.8495178222656,8750887
2025-07-03 00:00:00+05:30,263.2225238844243,265.62527504443784,261.31015758972075,261.8985595703125,9357962
2025-07-04 00:00:00+05:30,263.12445590604955,266.1646626015579,262.3398999525144,264.8406982421875,7141779
2025-07-07 00:00:00+05:30,264.84067308909005,265.3310279957011,262.14372110272905,262.5850524902344,4849218
2025-07-08 00:00:00+05:30,262.63407563771915,265.0858501673054,262.19277417972665,264.4483947753906,5519016
2025-07-09 00:00:00+05:30,262.83024818609573,264.2032360341256,259.7410180458059,262.63409423828125,11564433
2025-07-10 00:00:00+05:30,262.3889084142334,262.3889084142334,258.0737910597105,259.9371337890625,6911031
2025-07-11 00:00:00+05:30,255.96526554783838,256.9949988974523,252.7779586013615,253.3173370361328,13109857
2025-07-14 00:00:00+05:30,253.31733708256158,254.54322436989276,246.7956226997374,249.34547424316406,10388421
2025-07-15 00:00:00+05:30,249.1003001606619,254.8374587288802,247.92345134176819,252.43470764160156,8750149
2025-07-16 00:00:00+05:30,252.43470272113854,258.9073935455552,251.11073847291195,257.73052978515625,12179338
2025-07-17 00:00:00+05:30,258.76030512361547,259.2506600584986,253.02314639970461,255.572998046875,7484171
2025-07-18 00:00:00+05:30,263.41867185952486,266.65500239498084,260.476542307696,261.8005065917969,30319126
2025-07-21 00:00:00+05:30,261.80051093130925,261.99663494734835,254.2000094631014,255.32781982421875,12190000
2025-07-22 00:00:00+05:30,256.6517730425497,257.0930745062403,253.7586670887266,254.6903533935547,6724044
2025-07-23 00:00:00+05:30,255.2297336249665,256.7007983720845,253.1702369932236,256.3575439453125,6510321
2025-07-24 00:00:00+05:30,256.94598965700624,258.31897750908996,255.2297473596789,256.79888916015625,8139900
2025-07-25 00:00:00+05:30,256.74983394529335,256.9950114146563,251.11075214994622,254.20001220703125,8427780
2025-07-28 00:00:00+05:30,254.0,254.0,249.0,250.0500030517578,8998911
2025-07-29 00:00:00+05:30,249.1999969482422,252.6999969482422,247.25,251.8000030517578,12923128
2025-07-30 00:00:00+05:30,251.4499969482422,252.5,249.1999969482422,250.1999969482422,6057152
2025-07-31 00:00:00+05:30,248.10000610351562,250.14999389648438,246.0500030517578,248.3000030517578,7338764
2025-08-01 00:00:00+05:30,246.5,246.89999389648438,242.1999969482422,242.75,7436999
2025-08-04 00:00:00+05:30,242.75,246.4199981689453,241.10000610351562,246.0500030517578,5234393
2025-08-05 00:00:00+05:30,246.0500030517578,246.9499969482422,244.52999877929688,245.91000366210938,7383968
2025-08-06 00:00:00+05:30,246.0,246.0,239.30999755859375,239.9600067138672,7700190
2025-08-07 00:00:00+05:30,239.11000061035156,243.17999267578125,238.61000061035156,242.32000732421875,6190830
2025-08-08 00:00:00+05:30,242.39999389648438,243.25,238.39999389648438,239.0500030517578,8922847
2025-08-11 00:00:00+05:30,239.0500030517578,244.75,238.6199951171875,241.6199951171875,3047287
2025-08-12 00:00:00+05:30,242.6999969482422,246.2899932861328,241.10000610351562,241.72000122070312,8101435
2025-08-13 00:00:00+05:30,242.88999938964844,242.88999938964844,240.1199951171875,241.64999389648438,5820844
2025-08-14 00:00:00+05:30,243.10000610351562,248.42999267578125,242.41000366210938,246.80999755859375,12857225
2025-08-18 00:00:00+05:30,248.63999938964844,249.00999450683594,244.75999450683594,245.2100067138672,5789317
2025-08-19 00:00:00+05:30,245.4600067138672,247.5,244.77999877929688,246.9600067138672,4090961
2025-08-20 00:00:00+05:30,245.3000030517578,252.88999938964844,245.3000030517578,250.83999633789062,10099384
2025-08-21 00:00:00+05:30,252.74000549316406,252.74000549316406,249.61000061035156,249.91000366210938,7607486
2025-08-22 00:00:00+05:30,252.0,253.0,247.61000061035156,248.63999938964844,13572686
2025-08-25 00:00:00+05:30,250.60000610351562,257.2900085449219,250.60000610351562,253.83999633789062,16391069
2025-08-26 00:00:00+05:30,253.0,254.82000732421875,251.30999755859375,252.02999877929688,15797327
2025-08-28 00:00:00+05:30,252.02000427246094,252.35000610351562,249.0800018310547,250.64999389648438,5851451
2025-08-29 00:00:00+05:30,250.5,253.10000610351562,248.66000366210938,249.41000366210938,10117017
2025-09-01 00:00:00+05:30,249.4199981689453,252.99000549316406,249.39999389648438,250.36000061035156,3198345
2025-09-02 00:00:00+05:30,250.36000061035156,253.14999389648438,249.60000610351562,250.92999267578125,5046939
2025-09-03 00:00:00+05:30,251.89999389648438,252.39999389648438,249.1199951171875,249.55999755859375,3862765
2025-09-04 00:00:00+05:30,249.5,250.33999633789062,244.44000244140625,244.97000122070312,5021036
2025-09-05 00:00:00+05:30,246.10000610351562,247.32000732421875,241.27000427246094,243.6699981689453,6233782
2025-09-08 00:00:00+05:30,244.36000061035156,246.99000549316406,242.1999969482422,242.52000427246094,6596932
2025-09-09 00:00:00+05:30,245.0,249.85000610351562,245.0,249.14999389648438,12836972
2025-09-10 00:00:00+05:30,249.3000030517578,257.1700134277344,249.25,255.75,15261331
2025-09-11 00:00:00+05:30,255.6999969482422,255.6999969482422,252.1699981689453,253.91000366210938,5865301
2025-09-12 00:00:00+05:30,254.8800048828125,255.89999389648438,250.82000732421875,251.94000244140625,5345794
2025-09-15 00:00:00+05:30,251.5,251.7899932861328,249.60000610351562,251.27999877929688,3700703
2025-09-16 00:00:00+05:30,252.0,254.5,250.1999969482422,254.00999450683594,7316998
2025-09-17 00:00:00+05:30,253.3000030517578,255.5,252.85000610351562,254.14999389648438,7339871
2025-09-18 00:00:00+05:30,257.0,259.79998779296875,256.0,256.92999267578125,10498239
2025-09-19 00:00:00+05:30,257.0,257.6600036621094,254.6999969482422,255.8800048828125,10741757
2025-09-22 00:00:00+05:30,248.5500030517578,251.77999877929688,247.2100067138672,250.3300018310547,15784007
2025-09-23 00:00:00+05:30,250.22000122070312,252.0,248.75,249.6300048828125,8674114
2025-09-24 00:00:00+05:30,248.3300018310547,249.1199951171875,244.25,244.58999633789062,7888797
2025-09-25 00:00:00+05:30,245.4499969482422,245.63999938964844,241.27999877929688,242.0,7957740
2025-09-26 00:00:00+05:30,241.4499969482422,241.5500030517578,235.00999450683594,235.75,16999628
2025-09-29 00:00:00+05:30,236.8800048828125,240.7899932861328,236.2899932861328,239.63999938964844,8894412
2025-09-30 00:00:00+05:30,239.92999267578125,241.5,239.0,239.3699951171875,5590909
2025-10-01 00:00:00+05:30,240.0,243.57000732421875,237.83999633789062,241.07000732421875,9479378
2025-10-03 00:00:00+05:30,240.97999572753906,241.39999389648438,238.05999755859375,240.97999572753906,10968346
2025-10-06 00:00:00+05:30,240.0,242.9600067138672,239.32000732421875,242.1300048828125,6064946
2025-10-07 00:00:00+05:30,242.89999389648438,245.0,242.13999938964844,243.52999877929688,6587728
2025-10-08 00:00:00+05:30,243.25,246.35000610351562,242.57000732421875,244.27000427246094,7360563
2025-10-09 00:00:00+05:30,243.99000549316406,246.8000030517578,243.16000366210938,246.39999389648438,4629760
2025-10-10 00:00:00+05:30,248.0,251.25,246.25,248.6999969482422,7070200
2025-10-13 00:00:00+05:30,246.05999755859375,247.6999969482422,244.50999450683594,245.1300048828125,6717589
2025-10-14 00:00:00+05:30,245.8000030517578,250.14999389648438,245.11000061035156,248.4199981689453,7888607
2025-10-15 00:00:00+05:30,250.0,252.1300048828125,248.5399932861328,250.2100067138672,13278925
2025-10-16 00:00:00+05:30,250.39999389648438,254.07000732421875,248.8000030517578,253.80999755859375,10661302
2025-10-17 00:00:00+05:30,250.0,250.0,239.11000061035156,240.89999389648438,43802251
2025-10-20 00:00:00+05:30,240.89999389648438,241.94000244140625,239.27000427246094,241.24000549316406,9871824
2025-10-21 00:00:00+05:30,241.0,242.16000366210938,240.36000061035156,241.36000061035156,2082336
2025-10-23 00:00:00+05:30,244.8000030517578,247.8000030517578,243.3699951171875,244.3000030517578,18964626
2025-10-24 00:00:00+05:30,245.0,245.8800048828125,242.16000366210938,242.97999572753906,6803979
2025-10-27 00:00:00+05:30,243.2899932861328,245.72999572753906,243.05999755859375,243.91000366210938,9550336
2025-10-28 00:00:00+05:30,243.66000366210938,244.6999969482422,241.39999389648438,242.3800048828125,8780789
2025-10-29 00:00:00+05:30,243.60000610351562,243.60000610351562,241.63999938964844,242.27999877929688,8776917
2025-10-30 00:00:00+05:30,242.88999938964844,244.77000427246094,240.5,241.9199981689453,8344622
2025-10-31 00:00:00+05:30,242.11000061035156,243.19000244140625,240.5,240.6699981689453,5659566
2025-11-03 00:00:00+05:30,240.6699981689453,241.2899932861328,239.5,240.5,4902693
2025-11-04 00:00:00+05:30,240.5,240.83999633789062,237.52000427246094,237.9199981689453,6848284
2025-11-05 00:00:00+05:30,237.9199981689453,237.9199981689453,237.9199981689453,237.9199981689453,0
2025-11-06 00:00:00+05:30,240.0,240.6199951171875,238.3699951171875,240.0500030517578,7141517
2025-11-07 00:00:00+05:30,238.6999969482422,239.25,236.0,236.49000549316406,5520619
2025-11-10 00:00:00+05:30,237.44000244140625,241.5500030517578,237.02000427246094,239.83999633789062,8566758
2025-11-11 00:00:00+05:30,241.10000610351562,242.0500030517578,238.80999755859375,241.69000244140625,8831094
2025-11-12 00:00:00+05:30,242.75,246.3000030517578,242.10000610351562,245.22000122070312,13152546
2025-11-13 00:00:00+05:30,246.0,246.0,244.0,245.3300018310547,6211124
2025-11-14 00:00:00+05:30,243.9199981689453,245.89999389648438,242.14999389648438,244.3699951171875,6841554
2025-11-17 00:00:00+05:30,243.97000122070312,244.77999877929688,242.69000244140625,244.0500030517578,6559062
2025-11-18 00:00:00+05:30,242.92999267578125,244.0,240.3000030517578,240.89999389648438,4730012
2025-11-19 00:00:00+05:30,241.1999969482422,246.85000610351562,240.5399932861328,246.07000732421875,13298452
2025-11-20 00:00:00+05:30,247.5,247.8000030517578,245.7100067138672,246.25999450683594,6705862
2025-11-21 00:00:00+05:30,245.0,247.25,243.61000061035156,244.49000549316406,5516450
2025-11-24 00:00:00+05:30,245.02000427246094,249.3800048828125,245.02000427246094,247.27000427246094,19711070
2025-11-25 00:00:00+05:30,248.0,248.0,244.0,245.63999938964844,8188793
2025-11-26 00:00:00+05:30,246.0,250.5500030517578,245.6199951171875,250.19000244140625,8202096
2025-11-27 00:00:00+05:30,250.39999389648438,251.9199981689453,247.69000244140625,249.55999755859375,5268129
2025-11-28 00:00:00+05:30,251.0,251.99000549316406,248.60000610351562,249.52999877929688,7049965
2025-12-01 00:00:00+05:30,250.10000610351562,250.75,248.86000061035156,250.27999877929688,3865446
2025-12-02 00:00:00+05:30,250.0,251.4499969482422,248.8699951171875,250.1699981689453,8535708
2025-12-03 00:00:00+05:30,250.60000610351562,257.1300048828125,250.5500030517578,254.69000244140625,17215454
2025-12-04 00:00:00+05:30,256.0,258.79998779296875,255.5,256.92999267578125,10687381
2025-12-05 00:00:00+05:30,258.20001220703125,261.1000061035156,257.70001220703125,259.9100036621094,7886562
2025-12-08 00:00:00+05:30,260.010009765625,263.07000732421875,259.7099914550781,261.3800048828125,9684253
2025-12-09 00:00:00+05:30,261.3800048828125,261.82000732421875,257.04998779296875,257.4100036621094,8560580
2025-12-10 00:00:00+05:30,258.010009765625,260.3699951171875,257.25,257.9800109863281,7944200
2025-12-11 00:00:00+05:30,258.30999755859375,259.9800109863281,257.7200012207031,259.25,6473376
2025-12-12 00:00:00+05:30,259.5,260.82000732421875,257.3599853515625,260.6000061035156,4008271
2025-12-15 00:00:00+05:30,259.989990234375,262.5,258.5400085449219,261.739990234375,4023911
2025-12-16 00:00:00+05:30,261.739990234375,261.75,258.79998779296875,259.2200012207031,2982041
2025-12-17 00:00:00+05:30,259.0,262.1300048828125,258.30999755859375,261.1400146484375,4923276
2025-12-18 00:00:00+05:30,261.17999267578125,264.989990234375,261.0,263.8500061035156,9008412
2025-12-19 00:00:00+05:30,267.0,267.0,263.29998779296875,264.45001220703125,12750745
2025-12-22 00:00:00+05:30,267.510009765625,273.1000061035156,266.79998779296875,272.6700134277344,14651313
2025-12-23 00:00:00+05:30,272.0,272.4800109863281,270.2099914550781,271.3999938964844,7572420
2025-12-24 00:00:00+05:30,270.94000244140625,270.9800109863281,267.20001220703125,268.05999755859375,4694861
2025-12-25 00:00:00+05:30,268.05999755859375,268.05999755859375,268.05999755859375,268.05999755859375,0
2025-12-26 00:00:00+05:30,267.20001220703125,268.8800048828125,265.739990234375,266.29998779296875,2899112
2025-12-29 00:00:00+05:30,265.989990234375,267.3900146484375,263.6000061035156,264.239990234375,3755074
2025-12-30 00:00:00+05:30,264.0,264.7200012207031,263.0199890136719,263.6499938964844,5117699
2025-12-31 00:00:00+05:30,264.0,264.6000061035156,261.260009765625,263.2799987792969,5705044
2026-01-01 00:00:00+05:30,264.5,268.04998779296875,263.75,267.3500061035156,3639755
2026-01-02 00:00:00+05:30,267.3500061035156,272.3999938964844,266.1499938964844,269.0,8286204
